sensor,time_s,value
dynamic_accel,0.062,0.4185276542736869
dynamic_accel,0.112,0.3256936147572027
dynamic_accel,0.162,0.235469249931322
dynamic_accel,0.212,0.4505664544636421
dynamic_accel,0.262,0.3088876056604182
dynamic_accel,0.312,0.07560103630011383
dynamic_accel,0.362,0.14767793201063206
dynamic_accel,0.412,-0.10570492714198743
dynamic_accel,0.462,-0.5772036345591722
dynamic_accel,0.512,-0.5010586118280891
dynamic_accel,0.562,-0.7443155616626758
dynamic_accel,0.612,-0.3166448273769742
dynamic_accel,0.662,-0.017864058825916018
dynamic_accel,0.712,0.31627462641253956
dynamic_accel,0.762,0.32794425394809146
dynamic_accel,0.812,-0.10237475453023492
dynamic_accel,0.862,-0.4946786252791764
dynamic_accel,0.912,-0.49339456266373993
dynamic_accel,0.962,-0.5552998675097385
dynamic_accel,1.012,-0.28436547510040633
dynamic_accel,1.062,0.4070804778307249
dynamic_accel,1.112,1.405033960057267
dynamic_accel,1.162,1.8892856906113966
dynamic_accel,1.212,1.9073028134740042
dynamic_accel,1.262,1.4742345615259165
dynamic_accel,1.312,0.3317483368057932
dynamic_accel,1.362,-0.946654582906433
dynamic_accel,1.412,-3.3550200246071418
dynamic_accel,1.462,-4.807919471663244
dynamic_accel,1.512,-3.3797746264333925
dynamic_accel,1.562,-0.38916592159608676
dynamic_accel,1.612,1.1537650778733912
dynamic_accel,1.662,3.4338296039255862
dynamic_accel,1.712,3.2326720140437786
dynamic_accel,1.762,2.427251482549515
dynamic_accel,1.812,1.6568904158379159
dynamic_accel,1.862,2.2453421487867278
dynamic_accel,1.912,0.26213794594879225
dynamic_accel,1.962,-2.6297268841399033
dynamic_accel,2.012,-2.8679494096588893
dynamic_accel,2.062,-3.290844379321972
dynamic_accel,2.112,-2.179887949867089
dynamic_accel,2.162,-0.2750310528155886
dynamic_accel,2.212,1.1295510503074357
dynamic_accel,2.262,1.309220623975726
dynamic_accel,2.312,1.1759534308403214
dynamic_accel,2.362,1.8155502585667627
dynamic_accel,2.412,2.7484668537808883
dynamic_accel,2.462,2.0445110109468683
dynamic_accel,2.512,0.7077890816866894
dynamic_accel,2.562,-1.5352092613779504
dynamic_accel,2.612,-3.8140740094343446
dynamic_accel,2.662,-4.029461085863402
dynamic_accel,2.712,-2.704386951401257
dynamic_accel,2.762,-1.0322353178570687
dynamic_accel,2.812,0.5345878244630118
dynamic_accel,2.862,1.8923674199997205
dynamic_accel,2.912,3.8422862812174383
dynamic_accel,2.962,3.2624637282240574
dynamic_accel,3.012,3.992437591335605
dynamic_accel,3.062,1.111987864726716
dynamic_accel,3.112,-1.420215729273922
dynamic_accel,3.162,-3.4625040534626503
dynamic_accel,3.212,-4.978338850255555
dynamic_accel,3.262,-4.213586189402274
dynamic_accel,3.312,-2.4130218753591226
dynamic_accel,3.362,-0.7017052973900384
dynamic_accel,3.412,1.5816303290443603
dynamic_accel,3.462,3.8656216655590168
dynamic_accel,3.512,6.082660787727608
dynamic_accel,3.562,6.363877169466315
dynamic_accel,3.612,4.623196980578623
dynamic_accel,3.662,0.033297286770762824
dynamic_accel,3.712,-4.29160374256667
dynamic_accel,3.762,-6.82129747635311
dynamic_accel,3.812,-6.977715148091132
dynamic_accel,3.862,-4.836980580986954
dynamic_accel,3.912,-1.9739893439757328
dynamic_accel,3.962,0.05677814950640503
dynamic_accel,4.012,2.4051045912703675
dynamic_accel,4.062,5.309810770517924
dynamic_accel,4.112,6.009347745141946
dynamic_accel,4.162,5.5289114581126455
dynamic_accel,4.212,3.600351206641438
dynamic_accel,4.262,-0.5055154354397704
dynamic_accel,4.312,-4.701711967768789
dynamic_accel,4.362,-5.97949699089983
dynamic_accel,4.412,-4.395487275501625
dynamic_accel,4.462,-2.1055241897314154
dynamic_accel,4.512,-0.7022479269021851
dynamic_accel,4.562,1.1199578734852746
dynamic_accel,4.612,4.358286734209987
dynamic_accel,4.662,4.491596876248675
dynamic_accel,4.712,4.48388298306009
dynamic_accel,4.762,1.9023446504827763
dynamic_accel,4.812,-2.526570083063218
dynamic_accel,4.862,-6.160996979584816
dynamic_accel,4.912,-5.600542766099965
dynamic_accel,4.962,-3.586121874673937
dynamic_accel,5.012,-0.40072035483868085
dynamic_accel,5.062,1.0356715688937523
dynamic_accel,5.112,3.3111753085037616
dynamic_accel,5.162,5.192169118085085
dynamic_accel,5.212,4.09088403616799
dynamic_accel,5.262,3.1579513997961435
dynamic_accel,5.312,0.53952457930116
dynamic_accel,5.362,-1.5520162511336384
dynamic_accel,5.412,-3.26432673114069
dynamic_accel,5.462,-4.742287103443799
dynamic_accel,5.512,-3.3626321345549286
dynamic_accel,5.562,-0.715720563870855
dynamic_accel,5.612,0.6099926524084882
dynamic_accel,5.662,0.8083503130708767
dynamic_accel,5.712,2.6202261226581136
dynamic_accel,5.762,2.4646901912802406
dynamic_accel,5.812,3.6988827670466513
dynamic_accel,5.862,2.375969857899719
dynamic_accel,5.912,-3.1194501122903198
dynamic_accel,5.962,-4.576222379604048
dynamic_accel,6.012,-3.2635764471379884
dynamic_accel,6.062,-1.1419655998343465
dynamic_accel,6.112,1.4509392049169705
dynamic_accel,6.162,2.0027599077500593
dynamic_accel,6.212,1.4081999013364683
dynamic_accel,6.262,3.1706917482972248
dynamic_accel,6.312,0.6044773579074718
dynamic_accel,6.362,0.6914062721092833
dynamic_accel,6.412,-0.7982457252164217
dynamic_accel,6.462,-2.6962092305970975
dynamic_accel,6.512,-3.0629027285435546
dynamic_accel,6.562,-2.3728341773116624
dynamic_accel,6.612,-1.1570582031985026
dynamic_accel,6.662,0.671302249849802
dynamic_accel,6.712,0.838880687295692
dynamic_accel,6.762,2.1239341080166856
dynamic_accel,6.812,5.890912925164162
dynamic_accel,6.862,2.1486693963320516
dynamic_accel,6.912,0.3070865731636232
dynamic_accel,6.962,-0.5434248956634313
dynamic_accel,7.012,-2.37367662732942
dynamic_accel,7.062,-5.155190932035804
dynamic_accel,7.112,-4.018437893543796
dynamic_accel,7.162,-1.593536630191906
dynamic_accel,7.212,1.0690320774200917
dynamic_accel,7.262,1.7973039270833837
dynamic_accel,7.312,3.836790944289426
dynamic_accel,7.362,3.248125253376454
dynamic_accel,7.412,1.5479470087992748
dynamic_accel,7.462,0.8312283352901133
dynamic_accel,7.512,0.7232417379496905
dynamic_accel,7.562,-1.0989925827411184
dynamic_accel,7.612,-4.10883112717588
dynamic_accel,7.662,-3.4647723099283203
dynamic_accel,7.712,-1.7428536001571135
dynamic_accel,7.762,0.6491555282268013
dynamic_accel,7.812,-0.00035662725257523675
dynamic_accel,7.862,0.23414098132628247
dynamic_accel,7.912,4.952406257251013
dynamic_accel,7.962,2.536564424023984
dynamic_accel,8.012,2.323775089862874
dynamic_accel,8.062,0.18350520496532852
dynamic_accel,8.112,-3.8836977419864835
dynamic_accel,8.162,-4.702337637775639
dynamic_accel,8.212,-3.6371407443956993
dynamic_accel,8.262,-1.5411759198265162
dynamic_accel,8.312,1.2918505043448612
dynamic_accel,8.362,2.615825779557248
dynamic_accel,8.412,2.7906622393158997
dynamic_accel,8.462,2.6481635662770664
dynamic_accel,8.512,4.280700968371264
dynamic_accel,8.562,1.1506554774232889
dynamic_accel,8.612,-2.1966735618550235
dynamic_accel,8.662,-2.7234335659635587
dynamic_accel,8.712,-2.9862439017222435
dynamic_accel,8.762,-2.1534835547622713
dynamic_accel,8.812,-0.6254035427002318
dynamic_accel,8.862,-0.05677354355787401
dynamic_accel,8.912,1.1788271396912293
dynamic_accel,8.962,2.6644804934677833
dynamic_accel,9.012,2.9723844902783743
dynamic_accel,9.062,1.6835550687812475
dynamic_accel,9.112,-1.1339181320216216
dynamic_accel,9.162,-2.517383854407581
dynamic_accel,9.212,-3.1648369504533154
dynamic_accel,9.262,-2.9942259637472937
dynamic_accel,9.312,-1.5905385188372634
dynamic_accel,9.362,0.4150091570923884
dynamic_accel,9.412,3.00294284191407
dynamic_accel,9.462,4.237558631451005
dynamic_accel,9.512,4.018733069035179
dynamic_accel,9.562,1.747485118347658
dynamic_accel,9.612,1.5430690855780576
dynamic_accel,9.662,-2.2302049578981764
dynamic_accel,9.712,-2.996367751419508
dynamic_accel,9.762,-4.2229137761669095
dynamic_accel,9.812,-3.789905052377505
dynamic_accel,9.862,-1.8562463597000285
dynamic_accel,9.912,-0.29544998073017936
dynamic_accel,9.962,0.7393448703787477
dynamic_accel,10.012,1.7147128221687744
dynamic_accel,10.062,3.4926964250169927
dynamic_accel,10.112,4.689847800781427
dynamic_accel,10.162,2.193395901616963
dynamic_accel,10.212,0.8497485140238279
dynamic_accel,10.262,-1.0732079285346234
dynamic_accel,10.312,-2.7395220075589757
dynamic_accel,10.362,-3.5676816951380035
dynamic_accel,10.412,-2.9598542912727
dynamic_accel,10.462,-1.6886597618969894
dynamic_accel,10.512,0.31187445419362625
dynamic_accel,10.562,1.4510219714029446
dynamic_accel,10.612,1.9609232496256777
dynamic_accel,10.662,2.815044207786233
dynamic_accel,10.712,2.808156691977892
dynamic_accel,10.762,1.5099942192855025
dynamic_accel,10.812,-0.5528376777901407
dynamic_accel,10.862,-2.0631440454020282
dynamic_accel,10.912,-2.714067819667484
dynamic_accel,10.962,-2.497062650234165
dynamic_accel,11.012,-2.2630170626485153
dynamic_accel,11.062,-1.1215572877330473
dynamic_accel,11.112,-0.04540665578909753
dynamic_accel,11.162,1.1056795271283697
dynamic_accel,11.212,2.545336763995447
dynamic_accel,11.262,3.0892145378693137
dynamic_accel,11.312,2.7046667503263304
dynamic_accel,11.362,1.8148332384018229
dynamic_accel,11.412,0.8202249170120588
dynamic_accel,11.462,-1.7136671018769114
dynamic_accel,11.512,-4.633562039484742
dynamic_accel,11.562,-4.318813307599482
dynamic_accel,11.612,-1.7336512710688972
dynamic_accel,11.662,0.8234669081469086
dynamic_accel,11.712,1.716421619085862
dynamic_accel,11.762,1.8106403534956659
dynamic_accel,11.812,3.3502526004346276
dynamic_accel,11.862,2.3746745815642463
dynamic_accel,11.912,2.0562876608687155
dynamic_accel,11.962,1.1495763604085045
dynamic_accel,12.012,-2.593303587290091
dynamic_accel,12.062,-4.115311006571907
dynamic_accel,12.112,-3.6060980429749607
dynamic_accel,12.162,-1.8731764458911364
dynamic_accel,12.212,-0.5036552853445588
dynamic_accel,12.262,0.03856273217745709
dynamic_accel,12.312,1.1023309138780508
dynamic_accel,12.362,2.8261392104718386
dynamic_accel,12.412,2.1490951310296644
dynamic_accel,12.462,3.5144353620638125
dynamic_accel,12.512,2.3142584081326927
dynamic_accel,12.562,-1.9882174080940729
dynamic_accel,12.612,-3.4783286434110794
dynamic_accel,12.662,-2.9999644684966498
dynamic_accel,12.712,-1.8506071209467283
dynamic_accel,12.762,-0.7239717758444453
dynamic_accel,12.812,0.4628110571031936
dynamic_accel,12.862,1.2919624281611863
dynamic_accel,12.912,2.986379278519429
dynamic_accel,12.962,2.656223135209075
dynamic_accel,13.012,1.5496869619415463
dynamic_accel,13.062,0.029343427932458255
dynamic_accel,13.112,-1.30246302580972
dynamic_accel,13.162,-1.6689585448745827
dynamic_accel,13.212,-2.1255162885485106
dynamic_accel,13.262,-1.049537434492187
dynamic_accel,13.312,-0.585290004298475
dynamic_accel,13.362,-0.7819512543396776
dynamic_accel,13.412,-0.4892341801283475
dynamic_accel,13.462,0.43542113480655686
dynamic_accel,13.512,0.8333029002262222
dynamic_accel,13.562,1.4311315208995392
dynamic_accel,13.612,2.854074929064433
dynamic_accel,13.662,1.7598506358484869
dynamic_accel,13.712,1.3464691603469792
dynamic_accel,13.762,0.7293013539705289
dynamic_accel,13.812,-1.1158319464651196
dynamic_accel,13.862,-3.833397214210491
dynamic_accel,13.912,-4.665321967621268
dynamic_accel,13.962,-3.7166309741548904
dynamic_accel,14.012,-1.001707013483852
dynamic_accel,14.062,1.528771332571086
dynamic_accel,14.112,2.7287600397474545
dynamic_accel,14.162,2.8417034858675603
dynamic_accel,14.212,2.8157685972753566
dynamic_accel,14.262,2.2599277854177515
dynamic_accel,14.312,3.4428182904363407
dynamic_accel,14.362,0.4988695332946662
dynamic_accel,14.412,-1.5123907608908524
dynamic_accel,14.462,-3.2776705548483704
dynamic_accel,14.512,-4.308276892767018
dynamic_accel,14.562,-3.6594353939099857
dynamic_accel,14.612,-0.955848073498629
dynamic_accel,14.662,0.1789872075622263
dynamic_accel,14.712,0.8432440005941242
dynamic_accel,14.762,2.6095920225898386
dynamic_accel,14.812,2.3100463147807666
dynamic_accel,14.862,4.998104018756534
dynamic_accel,14.912,4.076704677857933
dynamic_accel,14.962,-0.059145835047743844
dynamic_accel,15.012,-3.9441298893186687
dynamic_accel,15.062,-5.513383019681813
dynamic_accel,15.112,-5.352224981968179
dynamic_accel,15.162,-3.3609107489480925
dynamic_accel,15.212,0.04208299987297437
dynamic_accel,15.262,1.8628129825225574
dynamic_accel,15.312,3.7926726276765717
dynamic_accel,15.362,4.001885082344874
dynamic_accel,15.412,4.798438254470048
dynamic_accel,15.462,3.5906868332197437
dynamic_accel,15.512,-1.6600197767677667
dynamic_accel,15.562,-2.4930312621103283
dynamic_accel,15.612,-3.450526689064496
dynamic_accel,15.662,-3.7687892135094296
dynamic_accel,15.712,-1.5809344156897165
dynamic_accel,15.762,0.6030866479480643
dynamic_accel,15.812,1.440418033699844
dynamic_accel,15.862,1.7710006170711114
dynamic_accel,15.912,2.471222413573111
dynamic_accel,15.962,2.135367824114864
dynamic_accel,16.012,0.7672556086924249
dynamic_accel,16.062,-1.406939826312442
dynamic_accel,16.112,-1.353016108301075
dynamic_accel,16.162,-2.7327261346288463
dynamic_accel,16.212,-2.412722656733644
dynamic_accel,16.262,-1.8376078566737775
dynamic_accel,16.312,-0.6748378958204366
dynamic_accel,16.362,1.238491047040835
dynamic_accel,16.412,1.5933290496555497
dynamic_accel,16.462,1.7214329951148688
dynamic_accel,16.512,1.6185540638307305
dynamic_accel,16.562,1.8465740902472891
dynamic_accel,16.612,1.1339954499581157
dynamic_accel,16.662,-0.5244214260493738
dynamic_accel,16.712,0.05555369470358329
dynamic_accel,16.762,-1.0638584779300668
dynamic_accel,16.812,-3.251204118533831
dynamic_accel,16.862,-2.281462192154512
dynamic_accel,16.912,-0.4981280191587292
dynamic_accel,16.962,-0.3330111035291896
dynamic_accel,17.012,0.3913081490792223
dynamic_accel,17.062,1.333671030721593
dynamic_accel,17.112,1.6949340296339734
dynamic_accel,17.162,1.8823642797624878
dynamic_accel,17.212,1.9982255754910643
dynamic_accel,17.262,1.6564648543595695
dynamic_accel,17.312,0.8573351489480849
dynamic_accel,17.362,-2.0396858517634637
dynamic_accel,17.412,-4.950484494743469
dynamic_accel,17.462,-3.8363340717977525
dynamic_accel,17.512,-2.0588818341180843
dynamic_accel,17.562,0.7102986510471929
dynamic_accel,17.612,2.68873542406544
dynamic_accel,17.662,2.41097376774651
dynamic_accel,17.712,3.0197850870396827
dynamic_accel,17.762,2.651548371465541
dynamic_accel,17.812,3.28157068893392
dynamic_accel,17.862,-1.2164002782282282
dynamic_accel,17.912,-2.3163854548970217
dynamic_accel,17.962,-2.4612290352259913
dynamic_accel,18.012,-2.860429448263252
dynamic_accel,18.062,-1.3965328869400366
dynamic_accel,18.112,-0.6590188025204604
dynamic_accel,18.162,-0.3616743271090037
dynamic_accel,18.212,-0.026716589836345506
dynamic_accel,18.262,0.512211718997218
dynamic_accel,18.312,1.573928372727135
dynamic_accel,18.362,1.5610018921365878
dynamic_accel,18.412,2.6906603251220034
dynamic_accel,18.462,0.9537876646639134
dynamic_accel,18.512,2.1454937400891616
dynamic_accel,18.562,-2.429097737213989
dynamic_accel,18.612,-3.1176994811171523
dynamic_accel,18.662,-2.2689001759933234
dynamic_accel,18.712,-1.1574057455482851
dynamic_accel,18.762,-0.34309077937059484
dynamic_accel,18.812,0.39902783433826094
dynamic_accel,18.862,1.0233964146142096
dynamic_accel,18.912,1.483980484980906
dynamic_accel,18.962,1.960543258493539
dynamic_accel,19.012,1.7891224935557304
dynamic_accel,19.062,2.7374603341249433
dynamic_accel,19.112,-2.1154362063663683
dynamic_accel,19.162,-2.228497456547805
dynamic_accel,19.212,-1.9402362707597174
dynamic_accel,19.262,-2.86845103762644
dynamic_accel,19.312,-1.8817035383526814
dynamic_accel,19.362,0.5838822527758722
dynamic_accel,19.412,1.3371427677747523
dynamic_accel,19.462,1.266684262614854
dynamic_accel,19.512,2.3467209545297116
dynamic_accel,19.562,3.0160683799884396
dynamic_accel,19.612,1.4135191030374745
dynamic_accel,19.662,1.6141319384965378
dynamic_accel,19.712,0.4904728823406419
dynamic_accel,19.762,-1.5209461410355853
dynamic_accel,19.812,-4.324543577210669
dynamic_accel,19.862,-5.130314909125199
dynamic_accel,19.912,-3.499455275096709
dynamic_accel,19.962,-1.1856790486260707
dynamic_accel,20.012,1.0208556180779471
dynamic_accel,20.062,1.948183540045422
dynamic_accel,20.112,2.7165817043299008
dynamic_accel,20.162,5.215484579728841
dynamic_accel,20.212,5.402505415893344
dynamic_accel,20.262,1.169922337372201
dynamic_accel,20.312,-1.5911573692965941
dynamic_accel,20.362,-2.3659029106271525
dynamic_accel,20.412,-3.8414356795975735
dynamic_accel,20.462,-4.595786331700634
dynamic_accel,20.512,-2.5863954620008673
dynamic_accel,20.562,-2.0477658126239664
dynamic_accel,20.612,0.5631300799459886
dynamic_accel,20.662,2.937059907475877
dynamic_accel,20.712,4.455174456575678
dynamic_accel,20.762,5.954203904403386
dynamic_accel,20.812,6.532573345257623
dynamic_accel,20.862,-0.9041708051055757
dynamic_accel,20.912,-4.938116522072204
dynamic_accel,20.962,-6.1030360321806905
dynamic_accel,21.012,-5.503982509844466
dynamic_accel,21.062,-2.917957852485479
dynamic_accel,21.112,-0.0981985358777333
dynamic_accel,21.162,1.83923276456939
dynamic_accel,21.212,3.011305307561118
dynamic_accel,21.262,5.128128541114874
dynamic_accel,21.312,3.9835204334925276
dynamic_accel,21.362,2.537625368798908
dynamic_accel,21.412,0.021329927417417238
dynamic_accel,21.462,-1.620433311115022
dynamic_accel,21.512,-4.188928004656685
dynamic_accel,21.562,-4.768674494168301
dynamic_accel,21.612,-3.180213670124173
dynamic_accel,21.662,-0.8708352755718192
dynamic_accel,21.712,0.18498102271578354
dynamic_accel,21.762,1.7850652867858283
dynamic_accel,21.812,2.6464473582074373
dynamic_accel,21.862,3.0444367683291915
dynamic_accel,21.912,4.689793814731409
dynamic_accel,21.962,1.2781285953868569
dynamic_accel,22.012,-2.3110109817358104
dynamic_accel,22.062,-3.9408573681782544
dynamic_accel,22.112,-3.3263043764131632
dynamic_accel,22.162,-2.102463029193782
dynamic_accel,22.212,-0.4778118248376888
dynamic_accel,22.262,1.1580268314710214
dynamic_accel,22.312,1.373335137699776
dynamic_accel,22.362,2.0045836631962572
dynamic_accel,22.412,1.8927702812142861
dynamic_accel,22.462,1.8606801052219026
dynamic_accel,22.512,1.707956134964407
dynamic_accel,22.562,-0.5987075321280262
dynamic_accel,22.612,-2.1528879522598547
dynamic_accel,22.662,-2.2401185992697705
dynamic_accel,22.712,-1.3652245609884783
dynamic_accel,22.762,-0.25496408752671584
dynamic_accel,22.812,0.049061459849152556
dynamic_accel,22.862,-0.6157853672128812
dynamic_accel,22.912,-0.22291930870471788
dynamic_accel,22.962,0.5366635871826446
dynamic_accel,23.012,0.6740213789128813
dynamic_accel,23.062,0.27861836759915093
dynamic_accel,23.112,0.5741178728572685
dynamic_accel,23.162,0.8067993320418534
dynamic_accel,23.212,1.50818860768638
dynamic_accel,23.262,1.7884745092150158
dynamic_accel,23.312,0.8845889373877238
dynamic_accel,23.362,-1.4961210809753176
dynamic_accel,23.412,-3.170659633781204
dynamic_accel,23.462,-2.5493190820306735
dynamic_accel,23.512,-1.692374025747716
dynamic_accel,23.562,-0.5158512391519849
dynamic_accel,23.612,0.5099894077725953
dynamic_accel,23.662,1.2059726934092865
dynamic_accel,23.712,2.0448971041778083
dynamic_accel,23.762,2.5328708978448145
dynamic_accel,23.812,3.4371900614556417
dynamic_accel,23.862,0.9870854429269453
dynamic_accel,23.912,-1.3721543316750626
dynamic_accel,23.962,-2.1492225367395967
dynamic_accel,24.012,-2.5728074143993664
dynamic_accel,24.062,-2.5012652122523304
dynamic_accel,24.112,-1.1417160091454441
dynamic_accel,24.162,-0.17398418751629485
dynamic_accel,24.212,0.1374701664314255
dynamic_accel,24.262,0.900493874599757
dynamic_accel,24.312,1.7333608022994955
dynamic_accel,24.362,2.1682706697732694
dynamic_accel,24.412,2.935789673254467
dynamic_accel,24.462,1.3728201113879646
dynamic_accel,24.512,-0.5025889264371965
dynamic_accel,24.562,-1.6619993737448837
dynamic_accel,24.612,-2.107087051391222
dynamic_accel,24.662,-1.9797352611581918
dynamic_accel,24.712,-1.205793741564353
dynamic_accel,24.762,-0.3591135943159838
dynamic_accel,24.812,-0.041519021046989124
dynamic_accel,24.862,0.4165455252702497
dynamic_accel,24.912,0.5587908023543449
dynamic_accel,24.962,0.9891731477610097
dynamic_accel,25.012,1.1523078626826315
dynamic_accel,25.062,0.3542568955197041
dynamic_accel,25.112,1.195321987454049
dynamic_accel,25.162,0.21712043147698346
dynamic_accel,25.212,-0.48155680294024883
dynamic_accel,25.262,-0.747576473264008
dynamic_accel,25.312,-1.2664411832000582
dynamic_accel,25.362,-0.717274265133975
dynamic_accel,25.412,-0.3505065266683882
dynamic_accel,25.462,-0.6781431520885803
dynamic_accel,25.512,-0.42687141378029914
dynamic_accel,25.562,-0.006028502303754735
dynamic_accel,25.612,0.3048456600060998
dynamic_accel,25.662,0.3959393957107711
dynamic_accel,25.712,0.4952473878664083
dynamic_accel,25.762,1.0757042016412939
dynamic_accel,25.812,2.217487464980964
dynamic_accel,25.862,1.5566050915313028
dynamic_accel,25.912,0.6082166172824746
dynamic_accel,25.962,-0.59937808778405
dynamic_accel,26.012,-0.008817669543910611
dynamic_accel,26.062,-2.004828226035503
dynamic_accel,26.112,-3.3699531563578553
dynamic_accel,26.162,-2.8065180284999887
dynamic_accel,26.212,-1.78144534729336
dynamic_accel,26.262,0.23988372765832366
dynamic_accel,26.312,1.4855692115905708
dynamic_accel,26.362,2.4864721069268985
dynamic_accel,26.412,2.993096346845631
dynamic_accel,26.462,1.7122662151770633
dynamic_accel,26.512,3.955913219347565
dynamic_accel,26.562,-0.4443073871072407
dynamic_accel,26.612,-1.9874998469709766
dynamic_accel,26.662,-2.2457120925506047
dynamic_accel,26.712,-2.6667298584559394
dynamic_accel,26.762,-2.3067772249868153
dynamic_accel,26.812,-0.9088484213447217
dynamic_accel,26.862,-0.491922743224249
dynamic_accel,26.912,0.19659942919804685
dynamic_accel,26.962,1.5475633761048542
dynamic_accel,27.012,1.9368626977646652
dynamic_accel,27.062,3.6345109410695766
dynamic_accel,27.112,3.5109514490334846
dynamic_accel,27.162,1.0469259656538359
dynamic_accel,27.212,-2.872220071214877
dynamic_accel,27.262,-4.72708407165867
dynamic_accel,27.312,-3.501477151128512
dynamic_accel,27.362,-2.2731966907008125
dynamic_accel,27.412,0.3227104145650568
dynamic_accel,27.462,2.231205746874407
dynamic_accel,27.512,1.7345471057247792
dynamic_accel,27.562,2.02046917278774
dynamic_accel,27.612,-0.7034175358034105
dynamic_accel,27.662,5.428285376716397
dynamic_accel,27.712,-0.5347085054546792
dynamic_accel,27.762,-0.3222977848858175
dynamic_accel,27.812,-2.7188455303357033
dynamic_accel,27.862,-2.5345139454318417
dynamic_accel,27.912,-1.1577768593186377
dynamic_accel,27.962,-0.7940850275755515
dynamic_accel,28.012,0.01785004613366148
dynamic_accel,28.062,0.6592546849600645
dynamic_accel,28.112,1.7932985599545415
dynamic_accel,28.162,1.5203809824095451
dynamic_accel,28.212,5.071842615734834
dynamic_accel,28.262,0.70813860571646
dynamic_accel,28.312,-2.063726500247153
dynamic_accel,28.362,-4.057491603235519
dynamic_accel,28.412,-3.5656179669341617
dynamic_accel,28.462,-2.3629752313008714
dynamic_accel,28.512,-0.7881379509520094
dynamic_accel,28.562,0.5705451551091301
dynamic_accel,28.612,1.8896253275018342
dynamic_accel,28.662,2.9694853886589847
dynamic_accel,28.712,3.2727767745627983
dynamic_accel,28.762,1.857894905424967
dynamic_accel,28.812,1.2204518689665154
dynamic_accel,28.862,-1.5069982353809408
dynamic_accel,28.912,-2.0850438531138042
dynamic_accel,28.962,-2.766992610239055
dynamic_accel,29.012,-1.8714876425102442
dynamic_accel,29.062,-1.2615979317984536
dynamic_accel,29.112,-0.6604040417562214
dynamic_accel,29.162,0.3900473433401732
dynamic_accel,29.212,1.3415724648100422
dynamic_accel,29.262,2.10979637784998
dynamic_accel,29.312,2.3551357777005872
dynamic_accel,29.362,4.556698084227939
dynamic_accel,29.412,0.06097528344456293
dynamic_accel,29.462,-2.090812162842891
dynamic_accel,29.512,-3.4767931603986924
dynamic_accel,29.562,-2.492339105044617
dynamic_accel,29.612,-0.7270787953157427
dynamic_accel,29.662,-1.0371844464186406
dynamic_accel,29.712,0.15177744843456153
dynamic_accel,29.762,0.48959618304870567
dynamic_accel,29.812,1.5643784133725998
dynamic_accel,29.862,1.578529472224961
dynamic_accel,29.912,1.6934749249879335
dynamic_accel,29.962,1.3908584875808625
dynamic_accel,30.012,0.6519601450980659
dynamic_accel,30.062,-1.6611667492123239
dynamic_accel,30.112,-1.794104556790435
dynamic_accel,30.162,-2.9425690455920046
dynamic_accel,30.212,-2.7507259217650324
dynamic_accel,30.262,-1.4380838995204588
dynamic_accel,30.312,0.922930363578562
dynamic_accel,30.362,2.4514994320744634
dynamic_accel,30.412,2.3061991540989464
dynamic_accel,30.462,1.974356200210016
dynamic_accel,30.512,2.449209449883986
dynamic_accel,30.562,1.7511865265216944
dynamic_accel,30.612,1.713106323834431
dynamic_accel,30.662,-0.7978221184519771
dynamic_accel,30.712,-3.103868757488308
dynamic_accel,30.762,-4.51539717695462
dynamic_accel,30.812,-3.2846451676314627
dynamic_accel,30.862,-0.9136439005880703
dynamic_accel,30.912,1.101993133338146
dynamic_accel,30.962,2.3700693358974494
dynamic_accel,31.012,1.8587527812442755
dynamic_accel,31.062,2.2370766600618666
dynamic_accel,31.112,2.599474293388413
dynamic_accel,31.162,0.9941519770128462
dynamic_accel,31.212,-0.5252802899376761
dynamic_accel,31.262,-1.7139268363375848
dynamic_accel,31.312,-2.7883314012510834
dynamic_accel,31.362,-3.413117201384315
dynamic_accel,31.412,-2.7250586163844908
dynamic_accel,31.462,-1.6041284584412718
dynamic_accel,31.512,-0.41056146287013817
dynamic_accel,31.562,1.3492230032962471
dynamic_accel,31.612,3.8605370143320084
dynamic_accel,31.662,4.603021433268671
dynamic_accel,31.712,1.847139808343
dynamic_accel,31.762,1.7766038132238684
dynamic_accel,31.812,0.24150770451272408
dynamic_accel,31.862,-2.2553531224262695
dynamic_accel,31.912,-3.960109663060053
dynamic_accel,31.962,-3.0032119238037476
dynamic_accel,32.012,-0.9916999011367231
dynamic_accel,32.062,1.301129081328103
dynamic_accel,32.112,2.225844309227041
dynamic_accel,32.162,2.0093261153963837
dynamic_accel,32.212,1.421869076681892
dynamic_accel,32.262,0.672266281632588
dynamic_accel,32.312,0.5933001749008842
dynamic_accel,32.362,-0.7826448339596368
dynamic_accel,32.412,-2.3837596732266206
dynamic_accel,32.462,-2.75991208625339
dynamic_accel,32.512,-1.8072050526548384
dynamic_accel,32.562,-0.8381084993445231
dynamic_accel,32.612,-0.22188870656129644
dynamic_accel,32.662,0.6112545297297434
dynamic_accel,32.712,2.324034191459356
dynamic_accel,32.762,2.8545073129600667
dynamic_accel,32.812,3.6862164784794302
dynamic_accel,32.862,2.290436351662512
dynamic_accel,32.912,-0.7944082511595987
dynamic_accel,32.962,-2.80434624621524
dynamic_accel,33.012,-3.7723365743826056
dynamic_accel,33.062,-3.4814075302673917
dynamic_accel,33.112,-2.5527643544077447
dynamic_accel,33.162,-1.2235295782084261
dynamic_accel,33.212,-0.00498373122049145
dynamic_accel,33.262,1.7942964078478614
dynamic_accel,33.312,3.8897297236282142
dynamic_accel,33.362,5.26552751615737
dynamic_accel,33.412,3.5566605304938985
dynamic_accel,33.462,-0.08883943128258309
dynamic_accel,33.512,-1.496440125472935
dynamic_accel,33.562,-2.364913428092388
dynamic_accel,33.612,-3.1418703575495837
dynamic_accel,33.662,-2.2598551314883863
dynamic_accel,33.712,-1.1586699425151021
dynamic_accel,33.762,0.16647651635482497
dynamic_accel,33.812,1.4238069089371734
dynamic_accel,33.862,2.4026803062468893
dynamic_accel,33.912,2.0164197237551047
dynamic_accel,33.962,1.6886111472120948
dynamic_accel,34.012,0.27332243257166056
dynamic_accel,34.062,-1.055673066171476
dynamic_accel,34.112,-2.4484127281391084
dynamic_accel,34.162,-2.623338586227093
dynamic_accel,34.212,-1.8777017028793654
dynamic_accel,34.262,-0.6613827162889496
dynamic_accel,34.312,0.2647917060474434
dynamic_accel,34.362,0.9714058850822802
dynamic_accel,34.412,1.3677740799837714
dynamic_accel,34.462,1.6332510417812696
dynamic_accel,34.512,1.6479656679720716
dynamic_accel,34.562,1.4055020743701512
dynamic_accel,34.612,0.7131992172486665
dynamic_accel,34.662,-0.11773742047275704
dynamic_accel,34.712,-1.613397134240131
dynamic_accel,34.762,-1.3849066419887048
dynamic_accel,34.812,-1.0046800513799994
dynamic_accel,34.862,-0.7068789927606023
dynamic_accel,34.912,-0.6187628324781702
dynamic_accel,34.962,-0.924528096308455
dynamic_accel,35.012,-0.6862588196403667
dynamic_accel,35.062,-0.33106273225998173
dynamic_accel,35.112,-0.10144951453238704
dynamic_accel,35.162,0.5521704932941986
dynamic_accel,35.212,1.8713274064010115
dynamic_accel,35.262,2.3779260138831955
dynamic_accel,35.312,1.4663348194111148
dynamic_accel,35.362,1.731213225658868
dynamic_accel,35.412,1.10300204245328
dynamic_accel,35.462,-0.051393692850098205
dynamic_accel,35.512,-2.4680695228075376
dynamic_accel,35.562,-3.7891023647468085
dynamic_accel,35.612,-2.8792072576552545
dynamic_accel,35.662,-0.9853806898287036
dynamic_accel,35.712,0.8593888603095383
dynamic_accel,35.762,1.0104184761370298
dynamic_accel,35.812,1.669342684391852
dynamic_accel,35.862,2.1637109775409034
dynamic_accel,35.912,1.2427903618744374
dynamic_accel,35.962,2.9315282830444307
dynamic_accel,36.012,0.5983727125304323
dynamic_accel,36.062,-1.7059195336155835
dynamic_accel,36.112,-3.0979585763193667
dynamic_accel,36.162,-3.1218523297042546
dynamic_accel,36.212,-2.0671865643253735
dynamic_accel,36.262,-0.8441636516965829
dynamic_accel,36.312,0.2621527499772469
dynamic_accel,36.362,1.6295575188914064
dynamic_accel,36.412,3.748253631759434
dynamic_accel,36.462,2.2846528579923273
dynamic_accel,36.512,2.021522612775998
dynamic_accel,36.562,1.4713897147358317
dynamic_accel,36.612,-1.1785813241700804
dynamic_accel,36.662,-3.8168087966999185
dynamic_accel,36.712,-3.0967463177423014
dynamic_accel,36.762,-2.473714325750077
dynamic_accel,36.812,-0.8177933296280155
dynamic_accel,36.862,0.7415170171421934
dynamic_accel,36.912,1.6081897629510689
dynamic_accel,36.962,3.8878467855673318
dynamic_accel,37.012,0.6448733102300981
dynamic_accel,37.062,4.2377598112633965
dynamic_accel,37.112,-0.8790018033598237
dynamic_accel,37.162,-1.5845428341604517
dynamic_accel,37.212,-3.0783083727118905
dynamic_accel,37.262,-3.1066773488535473
dynamic_accel,37.312,-1.638727625316461
dynamic_accel,37.362,-0.6989275283455161
dynamic_accel,37.412,-0.29205087182829104
dynamic_accel,37.462,0.8712697659857032
dynamic_accel,37.512,2.9873753081965546
dynamic_accel,37.562,3.0558142109012056
dynamic_accel,37.612,4.033254315752684
dynamic_accel,37.662,1.4588485388677643
dynamic_accel,37.712,-1.1573761146904609
dynamic_accel,37.762,-3.5534831376144442
dynamic_accel,37.812,-2.9061164194474767
dynamic_accel,37.862,-2.2495443655391156
dynamic_accel,37.912,-1.6325392676020254
dynamic_accel,37.962,-0.36508665729460255
dynamic_accel,38.012,0.4204733722669278
dynamic_accel,38.062,2.031097205888093
dynamic_accel,38.112,3.225460578045933
dynamic_accel,38.162,0.75840399575711
dynamic_accel,38.212,3.9262488631540293
dynamic_accel,38.262,-0.15321303012783893
dynamic_accel,38.312,-2.1424546149108252
dynamic_accel,38.362,-2.9383062297182905
dynamic_accel,38.412,-2.3951543726332396
dynamic_accel,38.462,-1.4508386763021104
dynamic_accel,38.512,-0.4928042378173796
dynamic_accel,38.562,-0.25690004098314745
dynamic_accel,38.612,0.8932727012533768
dynamic_accel,38.662,2.2460551673505442
dynamic_accel,38.712,3.371992425951527
dynamic_accel,38.762,1.1983613842140048
dynamic_accel,38.812,1.0370107437358733
dynamic_accel,38.862,0.5220764115383005
dynamic_accel,38.912,-2.273356163053041
dynamic_accel,38.962,-3.855504489285628
dynamic_accel,39.012,-2.646069251869897
dynamic_accel,39.062,-1.2793031769905934
dynamic_accel,39.112,-0.1370190504438593
dynamic_accel,39.162,1.2150140276951582
dynamic_accel,39.212,1.7674483409614332
dynamic_accel,39.262,2.2112036128232013
dynamic_accel,39.312,2.671059022705087
dynamic_accel,39.362,3.8060497834763147
dynamic_accel,39.412,0.5254721145821559
dynamic_accel,39.462,-1.8572820852328373
dynamic_accel,39.512,-2.839333296237709
dynamic_accel,39.562,-3.1372882538126046
dynamic_accel,39.612,-2.356490576489188
dynamic_accel,39.662,-1.1297868767782653
dynamic_accel,39.712,-0.7647209333348783
dynamic_accel,39.762,-0.08723518117728801
dynamic_accel,39.812,0.9486414129192191
dynamic_accel,39.862,2.382294673577441
dynamic_accel,39.912,3.277369813414108
dynamic_accel,39.962,2.2391858042377777
dynamic_accel,40.012,1.5595372469007067
dynamic_accel,40.062,0.08748453941293732
dynamic_accel,40.112,-1.1227672319053852
dynamic_accel,40.162,-3.235739315681779
dynamic_accel,40.212,-2.862016389123035
dynamic_accel,40.262,-1.991660184138155
dynamic_accel,40.312,-1.246290759637425
dynamic_accel,40.362,0.11586196971985707
dynamic_accel,40.412,1.338966717963057
dynamic_accel,40.462,2.2031229490551336
dynamic_accel,40.512,2.449660319170688
dynamic_accel,40.562,2.9161602530924036
dynamic_accel,40.612,3.557849998135639
dynamic_accel,40.662,-0.6639423673815603
dynamic_accel,40.712,-2.764528747301913
dynamic_accel,40.762,-4.449244176196882
dynamic_accel,40.812,-4.2774284315490165
dynamic_accel,40.862,-1.9732081191546538
dynamic_accel,40.912,-0.12379676274539797
dynamic_accel,40.962,0.6464362906495502
dynamic_accel,41.012,2.2332608892035815
dynamic_accel,41.062,3.110204110848258
dynamic_accel,41.112,2.9727662436399918
dynamic_accel,41.162,4.20677522409116
dynamic_accel,41.212,3.012926764051155
dynamic_accel,41.262,-1.5665034040433206
dynamic_accel,41.312,-4.333625554363723
dynamic_accel,41.362,-4.706205903146126
dynamic_accel,41.412,-2.603587337383919
dynamic_accel,41.462,-0.8383261403377258
dynamic_accel,41.512,-0.4424164013814167
dynamic_accel,41.562,0.21430523421077652
dynamic_accel,41.612,2.498044563437684
dynamic_accel,41.662,3.429148853646982
dynamic_accel,41.712,3.4220575229739048
dynamic_accel,41.762,1.9922303090762057
dynamic_accel,41.812,-1.232506156572244
dynamic_accel,41.862,-3.0443121739783843
dynamic_accel,41.912,-4.322671460223554
dynamic_accel,41.962,-3.214200293680322
dynamic_accel,42.012,-1.3698143581457103
dynamic_accel,42.062,-0.2794313280346348
dynamic_accel,42.112,1.4474197809398124
dynamic_accel,42.162,3.3983098777600826
dynamic_accel,42.212,4.983968305922902
dynamic_accel,42.262,5.573105628694556
dynamic_accel,42.312,2.1731675839446662
dynamic_accel,42.362,-2.516824945372644
dynamic_accel,42.412,-5.070238542766133
dynamic_accel,42.462,-5.607604971526149
dynamic_accel,42.512,-3.917488552967752
dynamic_accel,42.562,-1.4916249151941
dynamic_accel,42.612,-0.14304520386083475
dynamic_accel,42.662,0.7865181872921454
dynamic_accel,42.712,2.87243319297694
dynamic_accel,42.762,5.279852641760755
dynamic_accel,42.812,5.042597278162747
dynamic_accel,42.862,2.795911786002357
dynamic_accel,42.912,0.18199051154194734
dynamic_accel,42.962,-1.891988908234806
dynamic_accel,43.012,-3.5337812763061303
dynamic_accel,43.062,-4.4134467303590705
dynamic_accel,43.112,-3.6155344419279682
dynamic_accel,43.162,-2.80364903519843
dynamic_accel,43.212,-1.4259659092040629
dynamic_accel,43.262,1.6731458624121611
dynamic_accel,43.312,4.526072236203058
dynamic_accel,43.362,6.659867249271693
dynamic_accel,43.412,4.43799934793876
dynamic_accel,43.462,-0.20462046853142013
dynamic_accel,43.512,-2.9665100421730717
dynamic_accel,43.562,-4.742456004655967
dynamic_accel,43.612,-4.237616232034651
dynamic_accel,43.662,-2.3261340870861673
dynamic_accel,43.712,0.22380991319511523
dynamic_accel,43.762,2.1661179385705243
dynamic_accel,43.812,3.4210531761694956
dynamic_accel,43.862,2.665793540635695
dynamic_accel,43.912,0.20173251725167418
dynamic_accel,43.962,1.5067886904504366
dynamic_accel,44.012,0.521630142524165
dynamic_accel,44.062,-1.1754446132784135
dynamic_accel,44.112,-2.9341643858374784
dynamic_accel,44.162,-2.7449881288664573
dynamic_accel,44.212,-1.2816578976278095
dynamic_accel,44.262,-0.20847876129160525
dynamic_accel,44.312,0.8522404707753992
dynamic_accel,44.362,1.6323523284277925
dynamic_accel,44.412,1.6397817811434283
dynamic_accel,44.462,2.1938355271915544
dynamic_accel,44.512,1.469188350117241
dynamic_accel,44.562,0.1422972807933931
dynamic_accel,44.612,-1.6200111412312133
dynamic_accel,44.662,-2.4538308729585365
dynamic_accel,44.712,-2.196123823488702
dynamic_accel,44.762,-1.2354297273516348
dynamic_accel,44.812,-0.010895489002233916
dynamic_accel,44.862,0.5224752023604236
dynamic_accel,44.912,0.4726195977515921
dynamic_accel,44.962,1.030640490827773
dynamic_accel,45.012,1.5404572649065464
dynamic_accel,45.062,0.38850524769192774
dynamic_accel,45.112,1.4219855081161263
dynamic_accel,45.162,0.44367828571436263
dynamic_accel,45.212,0.17873631314150273
dynamic_accel,45.262,-0.6037637337018147
dynamic_accel,45.312,-1.7205058074465551
dynamic_accel,45.362,-1.1174824844455227
dynamic_accel,45.412,-1.0696608711610605
dynamic_accel,45.462,-0.7789976854934828
dynamic_accel,45.512,-0.3723245882958679
dynamic_accel,45.562,1.3191720837349301
dynamic_accel,45.612,0.9606261098392004
dynamic_accel,45.662,1.9722431571937058
dynamic_accel,45.712,1.1035166789531772
dynamic_accel,45.762,-0.15196068425340492
dynamic_accel,45.812,-0.292241478546881
dynamic_accel,45.862,-1.1674773973415515
dynamic_accel,45.912,-1.1945993283314245
dynamic_accel,45.962,-0.5640366916108963
dynamic_accel,46.012,-0.09110329396887451
dynamic_accel,46.062,0.3130836387125644
dynamic_accel,46.112,0.2527442410305838
dynamic_accel,46.162,0.3830129813594123
dynamic_accel,46.212,0.2795708081679358
dynamic_accel,46.262,0.06783320129981973
dynamic_accel,46.312,-0.04656572967068762
dynamic_accel,46.362,-0.11017831828986502
dynamic_accel,46.412,-0.4449080247886634
dynamic_accel,46.462,0.2980663715681171
dynamic_accel,46.512,-0.14909910426377238
dynamic_accel,46.562,0.05362829930558277
dynamic_accel,46.612,-0.14127251697441956
dynamic_accel,46.662,-0.21277478253853666
dynamic_accel,46.712,0.22746125749052126
dynamic_accel,46.762,0.2173241415841929
dynamic_accel,46.812,-0.06503213581855505
dynamic_accel,46.862,0.4473794623885592
dynamic_accel,46.912,0.6444787449502485
dynamic_accel,46.962,-0.5306144766963357
dynamic_accel,47.012,-0.18375064822991938
dynamic_accel,47.062,-0.4862454403214418
dynamic_accel,47.112,0.013950960243755972
magnetic_norm,0.062,54.79130193367065
magnetic_norm,0.163,54.465173917791326
magnetic_norm,0.254,54.16476769318215
magnetic_norm,0.361,53.55620464373519
magnetic_norm,0.453,53.36404626007623
magnetic_norm,0.553,53.05168580409459
magnetic_norm,0.66,52.977967216468834
magnetic_norm,0.752,52.63531300709834
magnetic_norm,0.851,52.27173631998414
magnetic_norm,0.951,52.13970967354092
magnetic_norm,1.057,51.80355461883874
magnetic_norm,1.15,51.10959613237064
magnetic_norm,1.249,50.53647902215602
magnetic_norm,1.356,50.078326949951624
magnetic_norm,1.456,49.92911824202489
magnetic_norm,1.558,49.661511783019805
magnetic_norm,1.654,49.322998490192894
magnetic_norm,1.762,48.956026919685485
magnetic_norm,1.846,48.38606714549101
magnetic_norm,1.946,48.390125897589826
magnetic_norm,2.045,48.522955297343195
magnetic_norm,2.145,48.8590172016363
magnetic_norm,2.244,49.25717181083729
magnetic_norm,2.349,49.8781791395204
magnetic_norm,2.45,50.8642091928951
magnetic_norm,2.543,51.41644329402089
magnetic_norm,2.649,52.35597035004404
magnetic_norm,2.742,52.739576032655
magnetic_norm,2.842,52.80196870528681
magnetic_norm,2.941,53.02569411388881
magnetic_norm,3.041,53.06213675546993
magnetic_norm,3.14,53.16554584458897
magnetic_norm,3.24,53.24466520857156
magnetic_norm,3.339,53.09466245657064
magnetic_norm,3.446,52.765260986006744
magnetic_norm,3.545,53.00701974357155
magnetic_norm,3.638,53.246856905555674
magnetic_norm,3.737,53.396327306625466
magnetic_norm,3.837,53.51126949276124
magnetic_norm,3.936,53.9786613296278
magnetic_norm,4.036,53.958108819565766
magnetic_norm,4.146,54.17038661578059
magnetic_norm,4.235,54.643774868125355
magnetic_norm,4.334,55.68970981393922
magnetic_norm,4.434,56.83869492637221
magnetic_norm,4.538,57.798725273536945
magnetic_norm,4.633,58.10670145397598
magnetic_norm,4.732,58.50991288171629
magnetic_norm,4.838,58.6178053257154
magnetic_norm,4.931,58.777982295877614
magnetic_norm,5.031,58.74988656124354
magnetic_norm,5.13,58.47005611203616
magnetic_norm,5.236,57.95739395812671
magnetic_norm,5.329,57.298762392021075
magnetic_norm,5.444,55.792935068806926
magnetic_norm,5.528,54.553524553743344
magnetic_norm,5.628,52.86553851965238
magnetic_norm,5.727,50.89624497480362
magnetic_norm,5.827,48.04596472996471
magnetic_norm,5.933,45.96084524904886
magnetic_norm,6.026,43.853749459090245
magnetic_norm,6.132,41.25974793026618
magnetic_norm,6.247,37.98863396999529
magnetic_norm,6.324,35.37302007435606
magnetic_norm,6.424,33.44987576908713
magnetic_norm,6.531,31.924617596252293
magnetic_norm,6.623,31.267696036850822
magnetic_norm,6.722,30.411341313337573
magnetic_norm,6.822,30.03665732351066
magnetic_norm,6.921,29.95956028075889
magnetic_norm,7.021,30.892157140680755
magnetic_norm,7.136,31.19521537370789
magnetic_norm,7.22,31.50574534353151
magnetic_norm,7.32,31.48118709082332
magnetic_norm,7.419,30.94016814820723
magnetic_norm,7.519,31.20058724369151
magnetic_norm,7.625,31.20079713113863
magnetic_norm,7.719,31.13604545127386
magnetic_norm,7.817,31.679476081705474
magnetic_norm,7.917,32.60602126319312
magnetic_norm,8.024,33.8853034513111
magnetic_norm,8.116,34.27282109503734
magnetic_norm,8.222,34.47925065845162
magnetic_norm,8.315,35.20856667506902
magnetic_norm,8.422,36.18698651767774
magnetic_norm,8.521,36.60932924575965
magnetic_norm,8.613,37.029490872662294
magnetic_norm,8.713,37.43371793136319
magnetic_norm,8.812,38.10491721648585
magnetic_norm,8.912,38.32434600707453
magnetic_norm,9.011,38.78514293064753
magnetic_norm,9.116,39.22130903618921
magnetic_norm,9.21,38.87228367661251
magnetic_norm,9.32,38.64260748901846
magnetic_norm,9.409,38.68019359615972
magnetic_norm,9.534,38.526310690847936
magnetic_norm,9.608,38.071191864564916
magnetic_norm,9.708,37.869981068405224
magnetic_norm,9.807,37.644289855584226
magnetic_norm,9.907,37.73126910220247
magnetic_norm,10.006,37.49818723739951
magnetic_norm,10.106,37.765285165624036
magnetic_norm,10.21,37.74702657947451
magnetic_norm,10.305,37.51199312613927
magnetic_norm,10.412,37.56540259168717
magnetic_norm,10.504,37.73866855479358
magnetic_norm,10.609,37.77838266177286
magnetic_norm,10.71,38.205345710034145
magnetic_norm,10.81,37.7930027632436
magnetic_norm,10.902,38.03915176077505
magnetic_norm,11.001,38.41199314230881
magnetic_norm,11.107,39.18154917159523
magnetic_norm,11.2,39.82620494275374
magnetic_norm,11.302,40.68341075263705
magnetic_norm,11.4,41.110081289361766
magnetic_norm,11.499,42.25795109802744
magnetic_norm,11.599,42.55221215126087
magnetic_norm,11.698,43.204869275159886
magnetic_norm,11.798,44.715598669046074
magnetic_norm,11.897,45.345474011573934
magnetic_norm,11.997,46.844383197655105
magnetic_norm,12.096,47.258444515697
magnetic_norm,12.196,47.32734885046498
magnetic_norm,12.295,47.27813466556217
magnetic_norm,12.395,46.01582503748463
magnetic_norm,12.494,45.9679006323458
magnetic_norm,12.594,46.02318791304472
magnetic_norm,12.693,45.79546921051372
magnetic_norm,12.793,45.696113876520116
magnetic_norm,12.899,45.86472339646432
magnetic_norm,13.005,45.44527600128441
magnetic_norm,13.098,45.718274970876664
magnetic_norm,13.191,45.475731473780556
magnetic_norm,13.306,45.62697822931523
magnetic_norm,13.397,45.844103774808026
magnetic_norm,13.497,45.795070944057855
magnetic_norm,13.589,45.9514976576234
magnetic_norm,13.703,45.953156361364044
magnetic_norm,13.788,46.380588972185045
magnetic_norm,13.887,47.06683298342453
magnetic_norm,13.987,49.003727226180025
magnetic_norm,14.087,49.73846697295899
magnetic_norm,14.193,49.84097241854769
magnetic_norm,14.285,50.39665426749967
magnetic_norm,14.386,51.787865935028876
magnetic_norm,14.484,51.606051719905246
magnetic_norm,14.584,52.81424622104966
magnetic_norm,14.683,52.978958542171874
magnetic_norm,14.79,51.61774210806124
magnetic_norm,14.889,50.12963821032519
magnetic_norm,14.982,49.94651897094009
magnetic_norm,15.081,50.423293608435266
magnetic_norm,15.188,50.28610695823294
magnetic_norm,15.28,49.827728025666154
magnetic_norm,15.395,50.68252649470434
magnetic_norm,15.488,50.192644692066494
magnetic_norm,15.587,49.90555530939251
magnetic_norm,15.679,48.9304325647799
magnetic_norm,15.778,47.749597012117164
magnetic_norm,15.893,47.10002212106591
magnetic_norm,15.977,46.03625579801845
magnetic_norm,16.077,45.075898951063934
magnetic_norm,16.176,43.79341132344128
magnetic_norm,16.276,43.0700815690997
magnetic_norm,16.375,42.904716254756316
magnetic_norm,16.475,42.72022977742337
magnetic_norm,16.574,41.57653263264826
magnetic_norm,16.681,40.282151850539805
magnetic_norm,16.779,39.97664559941689
magnetic_norm,16.873,38.86721529293584
magnetic_norm,16.972,39.15777591171314
magnetic_norm,17.072,39.207223806419684
magnetic_norm,17.171,40.002091119292366
magnetic_norm,17.292,40.888599745069534
magnetic_norm,17.37,40.53364926229489
magnetic_norm,17.47,41.63550301956622
magnetic_norm,17.569,41.78555833668297
magnetic_norm,17.679,42.807374368779364
magnetic_norm,17.776,45.54792874389261
magnetic_norm,17.868,47.18080879766858
magnetic_norm,17.967,48.24580773435441
magnetic_norm,18.067,48.579184526391984
magnetic_norm,18.167,48.8999122617906
magnetic_norm,18.266,48.961992572957215
magnetic_norm,18.375,46.582156886547004
magnetic_norm,18.465,46.77825614426752
magnetic_norm,18.564,47.39531177620484
magnetic_norm,18.669,46.730688518712896
magnetic_norm,18.763,46.7121132636082
magnetic_norm,18.863,47.107937409363764
magnetic_norm,18.962,46.02645481804746
magnetic_norm,19.068,46.290307842327934
magnetic_norm,19.161,46.83297130690164
magnetic_norm,19.261,46.91457166115112
magnetic_norm,19.36,47.40288165495051
magnetic_norm,19.474,47.59244949715928
magnetic_norm,19.559,47.24752070496743
magnetic_norm,19.659,47.395222783232086
magnetic_norm,19.759,47.14069194481519
magnetic_norm,19.858,46.81227835664948
magnetic_norm,19.958,46.94545190341771
magnetic_norm,20.072,47.07276690117505
magnetic_norm,20.164,46.54611588746049
magnetic_norm,20.27,45.88020550142487
magnetic_norm,20.356,45.52193356235441
magnetic_norm,20.462,45.24998221142954
magnetic_norm,20.561,45.802947471711285
magnetic_norm,20.656,46.511633228175285
magnetic_norm,20.761,47.12782095866432
magnetic_norm,20.868,47.225504364745994
magnetic_norm,20.953,47.59085640831534
magnetic_norm,21.059,47.75637526167039
magnetic_norm,21.152,48.24315283177936
magnetic_norm,21.251,48.358394693893274
magnetic_norm,21.358,47.624121124141716
magnetic_norm,21.45,47.14700712959117
magnetic_norm,21.55,46.61062406087711
magnetic_norm,21.649,46.07095331865139
magnetic_norm,21.752,44.83737943613308
magnetic_norm,21.879,43.87221809955857
magnetic_norm,21.948,43.21701311781853
magnetic_norm,22.074,42.10411367703632
magnetic_norm,22.147,41.26439180232293
magnetic_norm,22.246,40.61143174084573
magnetic_norm,22.358,40.03093675551443
magnetic_norm,22.458,39.39547817263237
magnetic_norm,22.545,38.823709486562265
magnetic_norm,22.654,37.95683821944535
magnetic_norm,22.744,38.05393785263612
magnetic_norm,22.867,38.12674884533793
magnetic_norm,22.943,38.837541676666454
magnetic_norm,23.042,39.78687068060215
magnetic_norm,23.142,41.33481323641519
magnetic_norm,23.242,41.93205002437491
magnetic_norm,23.355,42.3002937840713
magnetic_norm,23.44,42.967134215075504
magnetic_norm,23.54,43.04633782857336
magnetic_norm,23.64,43.301199236171726
magnetic_norm,23.746,43.93158062594856
magnetic_norm,23.838,43.79004325430501
magnetic_norm,23.938,43.99646924276849
magnetic_norm,24.044,43.940741826314635
magnetic_norm,24.137,45.243997431925806
magnetic_norm,24.237,45.01170763930544
magnetic_norm,24.336,44.562030335472656
magnetic_norm,24.435,43.74633270836133
magnetic_norm,24.543,43.56304085667781
magnetic_norm,24.635,43.702754087268964
magnetic_norm,24.734,42.93605914694251
magnetic_norm,24.834,42.47621536114558
magnetic_norm,24.933,42.44556252572728
magnetic_norm,25.04,42.6592382885973
magnetic_norm,25.132,41.51534763179158
magnetic_norm,25.232,41.85580578025328
magnetic_norm,25.337,41.78450286654516
magnetic_norm,25.431,41.930744066190876
magnetic_norm,25.53,41.697975345520724
magnetic_norm,25.63,41.318347836263264
magnetic_norm,25.729,40.76802441904999
magnetic_norm,25.829,40.74515256248149
magnetic_norm,25.933,40.56796228473652
magnetic_norm,26.028,40.429737978985216
magnetic_norm,26.127,40.008912537552426
magnetic_norm,26.227,39.69514946808604
magnetic_norm,26.326,39.12934114080584
magnetic_norm,26.426,38.64388949316898
magnetic_norm,26.525,38.54048081518883
magnetic_norm,26.625,38.65699864698645
magnetic_norm,26.731,38.61195847216232
magnetic_norm,26.824,38.13423566940441
magnetic_norm,26.929,37.39242486652835
magnetic_norm,27.023,37.257685043908204
magnetic_norm,27.136,37.23973671892031
magnetic_norm,27.222,37.12184577559963
magnetic_norm,27.328,37.2560323665088
magnetic_norm,27.421,37.30766022772502
magnetic_norm,27.538,37.0355010939855
magnetic_norm,27.62,36.8128801747037
magnetic_norm,27.727,36.28970425804655
magnetic_norm,27.819,35.84538834833662
magnetic_norm,27.918,35.86214296377689
magnetic_norm,28.018,35.941977954204035
magnetic_norm,28.118,35.82408463254431
magnetic_norm,28.219,35.92944929214137
magnetic_norm,28.317,35.993046765796095
magnetic_norm,28.422,36.643490082908535
magnetic_norm,28.516,36.61852898933564
magnetic_norm,28.615,36.876562499522535
magnetic_norm,28.715,37.2377692383776
magnetic_norm,28.821,37.67875137241027
magnetic_norm,28.921,38.18072578166069
magnetic_norm,29.013,39.134702260103744
magnetic_norm,29.118,40.108365957384734
magnetic_norm,29.212,41.16672273688539
magnetic_norm,29.325,42.464168708555555
magnetic_norm,29.411,43.16046840913053
magnetic_norm,29.511,44.39677554294684
magnetic_norm,29.626,45.771548261294186
magnetic_norm,29.71,47.1081863826183
magnetic_norm,29.809,48.749202579953405
magnetic_norm,29.909,50.903725967164924
magnetic_norm,30.008,52.989363441789024
magnetic_norm,30.108,55.44595908613665
magnetic_norm,30.207,57.51463031931162
magnetic_norm,30.307,59.432637865430415
magnetic_norm,30.413,61.09016847011602
magnetic_norm,30.506,62.42043293733672
magnetic_norm,30.605,63.35297894497828
magnetic_norm,30.711,63.43804507123245
magnetic_norm,30.804,63.27980607111072
magnetic_norm,30.904,63.15986552176274
magnetic_norm,31.02,63.09332929580088
magnetic_norm,31.103,62.20062735295947
magnetic_norm,31.21,61.33485286862545
magnetic_norm,31.302,60.382033678711004
magnetic_norm,31.401,59.60373546893019
magnetic_norm,31.501,59.010851786574015
magnetic_norm,31.6,57.482942935665434
magnetic_norm,31.716,56.483216725323565
magnetic_norm,31.8,54.98792973389294
magnetic_norm,31.899,53.70746246737754
magnetic_norm,31.998,51.5921515121041
magnetic_norm,32.105,49.823419859441906
magnetic_norm,32.198,48.253937159899074
magnetic_norm,32.297,47.13557410209046
magnetic_norm,32.396,46.05525921623973
magnetic_norm,32.496,45.38447118613967
magnetic_norm,32.607,44.07739472471356
magnetic_norm,32.703,43.14581256377671
magnetic_norm,32.809,43.583296263877266
magnetic_norm,32.894,43.57457333604269
magnetic_norm,33.001,42.85549818599461
magnetic_norm,33.1,42.270663475754624
magnetic_norm,33.193,42.823539761642536
magnetic_norm,33.292,43.58031759209836
magnetic_norm,33.392,43.95408937056696
magnetic_norm,33.502,43.66141501069131
magnetic_norm,33.594,42.704799232931435
magnetic_norm,33.69,42.775763782304885
magnetic_norm,33.79,42.93999584809193
magnetic_norm,33.903,42.784367767504186
magnetic_norm,33.989,43.12811756734346
magnetic_norm,34.088,43.2138087693713
magnetic_norm,34.188,44.39735246068934
magnetic_norm,34.287,44.27265145892951
magnetic_norm,34.387,44.49063681506538
magnetic_norm,34.486,44.52638515678558
magnetic_norm,34.596,44.40733716428719
magnetic_norm,34.688,44.44580394560351
magnetic_norm,34.796,44.43752721414193
magnetic_norm,34.884,44.20140938002814
magnetic_norm,34.991,44.10506958284106
magnetic_norm,35.083,44.26899969894282
magnetic_norm,35.191,44.18177088296371
magnetic_norm,35.282,44.441048429146846
magnetic_norm,35.388,45.191708601745695
magnetic_norm,35.485,45.554783414794734
magnetic_norm,35.589,46.44860142959403
magnetic_norm,35.691,47.40125198894342
magnetic_norm,35.795,48.54927788808574
magnetic_norm,35.879,50.259432912972684
magnetic_norm,35.979,52.08699056509548
magnetic_norm,36.079,53.06728592399974
magnetic_norm,36.178,54.623931017531
magnetic_norm,36.277,57.344372969960524
magnetic_norm,36.394,59.23544009849486
magnetic_norm,36.492,60.4056952881014
magnetic_norm,36.576,62.07328935258976
magnetic_norm,36.676,63.96673728859824
magnetic_norm,36.788,64.59973917582703
magnetic_norm,36.875,66.26927489511988
magnetic_norm,36.974,67.93666050578004
magnetic_norm,37.074,68.83468130430632
magnetic_norm,37.181,73.4654351805695
magnetic_norm,37.273,75.3799629704778
magnetic_norm,37.372,75.09419461092014
magnetic_norm,37.472,74.37000947486318
magnetic_norm,37.589,73.0799354301146
magnetic_norm,37.671,73.50772112467503
magnetic_norm,37.77,72.11658208586098
magnetic_norm,37.878,71.06377541454151
magnetic_norm,37.969,69.80969215072719
magnetic_norm,38.069,66.93338983241372
magnetic_norm,38.171,65.46234186648002
magnetic_norm,38.268,65.01937368930933
magnetic_norm,38.367,63.827753284313296
magnetic_norm,38.467,64.07416016878967
magnetic_norm,38.579,62.30042431224153
magnetic_norm,38.674,60.24656412746515
magnetic_norm,38.779,58.76672956856651
magnetic_norm,38.865,57.4880384936068
magnetic_norm,38.964,56.56884505962141
magnetic_norm,39.064,55.811200311674405
magnetic_norm,39.163,54.61610200753226
magnetic_norm,39.263,53.71491735197969
magnetic_norm,39.362,52.682597511548686
magnetic_norm,39.462,51.76827426497477
magnetic_norm,39.561,50.53206971038376
magnetic_norm,39.661,49.7303709972518
magnetic_norm,39.76,48.65590045456945
magnetic_norm,39.86,46.87710892252044
magnetic_norm,39.978,46.44694930565862
magnetic_norm,40.059,44.38756071840623
magnetic_norm,40.159,44.04285977780426
magnetic_norm,40.258,44.173066626004136
magnetic_norm,40.358,43.579750211547164
magnetic_norm,40.457,42.9265451305548
magnetic_norm,40.573,42.360128788229765
magnetic_norm,40.663,41.55750063202242
magnetic_norm,40.763,40.96796094273541
magnetic_norm,40.862,40.781141686226626
magnetic_norm,40.955,40.4903302897106
magnetic_norm,41.054,40.13295499108139
magnetic_norm,41.156,40.145396972183754
magnetic_norm,41.253,40.08072771250228
magnetic_norm,41.353,40.39795071293597
magnetic_norm,41.459,41.09795684297713
magnetic_norm,41.558,41.96972720011814
magnetic_norm,41.651,42.9976630667357
magnetic_norm,41.751,43.01203280375316
magnetic_norm,41.85,43.41325007349133
magnetic_norm,41.957,44.16051242280936
magnetic_norm,42.049,44.549745173306896
magnetic_norm,42.172,45.53316325145828
magnetic_norm,42.263,46.67958729159978
magnetic_norm,42.348,47.02343136028396
magnetic_norm,42.447,48.4530313478042
magnetic_norm,42.554,49.822320312211126
magnetic_norm,42.646,50.39440500457147
magnetic_norm,42.746,51.57103899303773
magnetic_norm,42.861,52.48613368113686
magnetic_norm,42.959,53.3627878924702
magnetic_norm,43.044,53.0445424310362
magnetic_norm,43.144,53.324280397243996
magnetic_norm,43.243,53.03198074235491
magnetic_norm,43.343,53.6428960159358
magnetic_norm,43.457,53.45672727691809
magnetic_norm,43.542,52.90104413225857
magnetic_norm,43.641,52.74562063433576
magnetic_norm,43.741,52.54528701488764
magnetic_norm,43.858,52.095010930632164
magnetic_norm,43.944,51.24419338816777
magnetic_norm,44.044,50.809654567322326
magnetic_norm,44.141,50.343700568917384
magnetic_norm,44.255,49.99133969882811
magnetic_norm,44.338,49.77376930258448
magnetic_norm,44.447,49.76004110830511
magnetic_norm,44.537,49.32099396873213
magnetic_norm,44.637,48.87064558302289
magnetic_norm,44.736,48.86537978544815
magnetic_norm,44.841,49.286771627213504
magnetic_norm,44.935,48.89333264590985
magnetic_norm,45.043,48.64454334884484
magnetic_norm,45.141,48.11140760078436
magnetic_norm,45.244,47.87527497849008
magnetic_norm,45.339,47.88296746243999
magnetic_norm,45.433,47.87233135179696
magnetic_norm,45.532,47.983920327097536
magnetic_norm,45.646,47.9059740495329
magnetic_norm,45.738,48.10564638306429
magnetic_norm,45.831,48.30618439376646
magnetic_norm,45.93,48.34264461024338
magnetic_norm,46.038,48.64347128684417
magnetic_norm,46.129,48.721972261259324
magnetic_norm,46.242,49.00692111330206
magnetic_norm,46.328,49.056370751632926
magnetic_norm,46.428,48.96597105993475
magnetic_norm,46.536,49.26594859489165
magnetic_norm,46.633,49.38237082042962
magnetic_norm,46.726,49.683466911529806
magnetic_norm,46.833,49.85669722264836
magnetic_norm,46.925,50.27971493542936
magnetic_norm,47.031,50.837751922881296
pressure,1.1,995.1251220703125
pressure,2.097,995.1261901855469
pressure,3.112,995.1262664794922
pressure,4.119,995.1271820068359
pressure,5.132,995.1282501220703
pressure,6.645,995.1291656494141
pressure,7.719,995.1297760009766
pressure,8.805,995.1297760009766
pressure,9.879,995.1298522949219
pressure,10.954,995.1298522949219
pressure,12.038,995.1280975341797
pressure,13.113,995.1275634765625
pressure,14.193,995.1264190673828
pressure,15.272,995.1264190673828
pressure,16.349,995.1264190673828
pressure,17.422,995.1268005371094
pressure,18.497,995.1271057128906
pressure,19.581,995.1271057128906
pressure,20.656,995.1271057128906
pressure,21.731,995.1272583007812
pressure,22.815,995.1282501220703
pressure,23.907,995.1282501220703
pressure,24.965,995.1259613037109
pressure,26.047,995.1247406005859
pressure,27.136,995.1222991943359
pressure,28.199,995.1190185546875
pressure,29.275,995.1189422607422
pressure,30.358,995.1189422607422
pressure,31.433,995.1192474365234
pressure,32.512,995.11962890625
pressure,33.588,995.11962890625
pressure,34.667,995.118408203125
pressure,35.742,995.1172637939453
pressure,36.817,995.1165771484375
pressure,37.901,995.1161956787109
pressure,38.986,995.1156616210938
pressure,40.051,995.1156616210938
pressure,41.135,995.1168823242188
pressure,42.223,995.118408203125
pressure,43.287,995.1191711425781
pressure,44.36,995.1233673095703
pressure,45.452,995.1246643066406
pressure,46.52,995.1247406005859
device_yaw,0.085,198.73224460961282
device_yaw,0.135,199.08747391809746
device_yaw,0.185,199.4689655969144
device_yaw,0.235,199.87337848951057
device_yaw,0.285,200.29199370452437
device_yaw,0.335,200.74017772447587
device_yaw,0.385,201.58499214060987
device_yaw,0.435,202.40922904540514
device_yaw,0.485,203.2382293004648
device_yaw,0.535,204.07873419641356
device_yaw,0.585,204.91378656958776
device_yaw,0.635,205.72504110434144
device_yaw,0.685,206.53843375226094
device_yaw,0.735,207.3405784898422
device_yaw,0.785,208.09827906909933
device_yaw,0.835,208.80743940380592
device_yaw,0.885,209.38245187452304
device_yaw,0.935,209.83664101072512
device_yaw,0.985,210.19712595157705
device_yaw,1.035,210.52079074885611
device_yaw,1.085,210.89225119767005
device_yaw,1.135,211.37030105613678
device_yaw,1.185,212.02620635722943
device_yaw,1.235,212.9823114489157
device_yaw,1.285,214.24226915052125
device_yaw,1.335,215.7277609067112
device_yaw,1.385,217.4350455364529
device_yaw,1.435,219.4815066671059
device_yaw,1.485,221.83173830264715
device_yaw,1.535,224.3777327121334
device_yaw,1.585,226.86897179842626
device_yaw,1.635,229.22184312042066
device_yaw,1.685,231.38475243338445
device_yaw,1.735,233.26814435947696
device_yaw,1.785,234.62385616679396
device_yaw,1.835,235.47927187260413
device_yaw,1.885,236.00944123672588
device_yaw,1.935,236.3102610084466
device_yaw,1.985,236.33071533666623
device_yaw,2.035,236.1062102174079
device_yaw,2.085,235.75654957454964
device_yaw,2.135,235.55756922982638
device_yaw,2.185,235.47321258251822
device_yaw,2.235,235.4637907560076
device_yaw,2.285,235.5513019353908
device_yaw,2.335,235.84623712715214
device_yaw,2.385,236.35832089422018
device_yaw,2.435,237.06119854218278
device_yaw,2.485,237.84867779409797
device_yaw,2.535,238.67501204564576
device_yaw,2.585,239.42734149740136
device_yaw,2.635,240.09386995643015
device_yaw,2.685,240.64569831159034
device_yaw,2.735,241.15948663810167
device_yaw,2.785,241.6749238125816
device_yaw,2.835,242.19200983503015
device_yaw,2.885,242.74748711973086
device_yaw,2.935,243.1707792219666
device_yaw,2.985,243.2925149161583
device_yaw,3.035,243.12312491810874
device_yaw,3.085,242.80949402059557
device_yaw,3.135,242.47067173092637
device_yaw,3.185,242.09864553019844
device_yaw,3.235,241.637816917026
device_yaw,3.285,241.02564965479635
device_yaw,3.335,240.33552374674008
device_yaw,3.385,239.58626099284118
device_yaw,3.435,238.7295379590971
device_yaw,3.485,237.89732651456814
device_yaw,3.535,237.21738883165514
device_yaw,3.585,236.69910201422138
device_yaw,3.635,236.2413278738095
device_yaw,3.685,235.83787670253625
device_yaw,3.735,235.4391933553786
device_yaw,3.785,234.99549188295168
device_yaw,3.835,234.4974498134794
device_yaw,3.885,233.88988705342325
device_yaw,3.935,233.24410091407324
device_yaw,3.985,232.6296085390095
device_yaw,4.035,232.04640992823204
device_yaw,4.085,231.49450508174084
device_yaw,4.135,230.9738939995359
device_yaw,4.185,230.4845766816172
device_yaw,4.235,230.02655312798478
device_yaw,4.285,229.75593563285727
device_yaw,4.335,229.75406558502792
device_yaw,4.385,229.96866156400012
device_yaw,4.435,230.33120078410545
device_yaw,4.485,230.68751683737221
device_yaw,4.535,230.94707749832986
device_yaw,4.585,231.09492445045177
device_yaw,4.635,231.1646085859961
device_yaw,4.685,231.25622066337107
device_yaw,4.735,231.41106270312628
device_yaw,4.785,231.51114602434592
device_yaw,4.835,231.45792599673743
device_yaw,4.885,231.22778073395236
device_yaw,4.935,230.90424689037624
device_yaw,4.985,230.5509649961575
device_yaw,5.035,230.23768991406715
device_yaw,5.085,229.9854367259958
device_yaw,5.135,229.80916374847018
device_yaw,5.185,229.67532008923183
device_yaw,5.235,229.48381498987283
device_yaw,5.285,229.2799242710271
device_yaw,5.335,229.23624873949177
device_yaw,5.385,229.39436475764532
device_yaw,5.435,229.72716900727798
device_yaw,5.485,230.14100125728163
device_yaw,5.535,230.62254385348444
device_yaw,5.585,231.08925258481133
device_yaw,5.635,231.52861916021538
device_yaw,5.685,231.9912673685456
device_yaw,5.735,232.5671950566447
device_yaw,5.785,233.27484311848804
device_yaw,5.835,234.0649801840287
device_yaw,5.885,234.88114529892275
device_yaw,5.935,235.61131301523895
device_yaw,5.985,236.25587766233758
device_yaw,6.035,236.79771050706796
device_yaw,6.085,237.23659806351378
device_yaw,6.135,237.66009475450036
device_yaw,6.185,238.0800618038389
device_yaw,6.235,238.4457333835313
device_yaw,6.285,238.65033398393743
device_yaw,6.335,238.66205956197192
device_yaw,6.385,238.47833038893452
device_yaw,6.435,238.10474265650046
device_yaw,6.485,237.67045414054894
device_yaw,6.535,237.20217382992985
device_yaw,6.585,236.81069068890147
device_yaw,6.635,236.49621820338044
device_yaw,6.685,236.24803859554297
device_yaw,6.735,236.0667989326246
device_yaw,6.785,235.9885102637856
device_yaw,6.835,236.03223976310062
device_yaw,6.885,236.28037970386978
device_yaw,6.935,236.75190642329383
device_yaw,6.985,237.24073107385945
device_yaw,7.035,237.66190300699998
device_yaw,7.085,237.94443735867745
device_yaw,7.135,238.06235850765788
device_yaw,7.185,238.07576045311214
device_yaw,7.235,238.01371631918175
device_yaw,7.285,237.87622610586683
device_yaw,7.335,237.60246677768944
device_yaw,7.385,237.12155281565748
device_yaw,7.435,236.4796904847045
device_yaw,7.485,235.6855051550773
device_yaw,7.535,234.94133831107686
device_yaw,7.585,234.27343191094306
device_yaw,7.635,233.78416207174297
device_yaw,7.685,233.5094174419831
device_yaw,7.735,233.41212817576834
device_yaw,7.785,233.4363459451577
device_yaw,7.835,233.5552417587592
device_yaw,7.885,233.79376964203945
device_yaw,7.935,234.2515475745495
device_yaw,7.985,234.84083619685217
device_yaw,8.035,235.46789104877232
device_yaw,8.085,236.1107598784498
device_yaw,8.135,236.76944268588474
device_yaw,8.185,237.43843328373433
device_yaw,8.235,238.15465725629494
device_yaw,8.285,238.86615680765263
device_yaw,8.335,239.47069844262714
device_yaw,8.385,239.99511115261063
device_yaw,8.435,240.3457248114599
device_yaw,8.485,240.5065311185901
device_yaw,8.535,240.47998368079817
device_yaw,8.585,240.42982620348005
device_yaw,8.635,240.37801093849563
device_yaw,8.685,240.3379973634578
device_yaw,8.735,240.32531974037968
device_yaw,8.785,240.3546037467785
device_yaw,8.835,240.49130375656884
device_yaw,8.885,240.80422045157755
device_yaw,8.935,241.0880616560984
device_yaw,8.985,241.49332814867176
device_yaw,9.035,242.00500625804645
device_yaw,9.085,242.5931463477389
device_yaw,9.135,243.1253807226444
device_yaw,9.185,243.6017093827628
device_yaw,9.235,244.0086728504816
device_yaw,9.285,244.3030659414949
device_yaw,9.335,244.33533382114166
device_yaw,9.385,244.33506780928406
device_yaw,9.435,244.1728975188515
device_yaw,9.485,244.0703855869744
device_yaw,9.535,243.96379457069526
device_yaw,9.585,243.851084927813
device_yaw,10.185,246.05475085124365
device_yaw,10.235,246.23744031288132
device_yaw,10.285,246.3475344495618
device_yaw,10.335,246.4092317029375
device_yaw,10.385,246.4370511379998
device_yaw,10.435,246.44023215974332
device_yaw,10.485,246.60417794299477
device_yaw,10.535,246.64196918549794
device_yaw,10.585,246.56018297777865
device_yaw,10.635,246.34357590931003
device_yaw,10.685,245.9002510812653
device_yaw,10.735,245.3463904221869
device_yaw,10.785,245.14767175613483
device_yaw,10.835,244.92872490611373
device_yaw,10.885,244.6819643031351
device_yaw,10.935,244.39546976736
device_yaw,10.985,244.04937433239024
device_yaw,11.685,240.86687928242637
device_yaw,11.735,240.60212479088204
device_yaw,11.785,240.34283282709484
device_yaw,11.835,240.08726057348485
device_yaw,11.885,239.83433893200245
device_yaw,11.935,239.61460321047346
device_yaw,11.985,239.25365163689688
device_yaw,12.035,238.95901036456323
device_yaw,12.085,238.73817233750478
device_yaw,12.135,238.63047551189118
device_yaw,12.185,238.68869411198983
device_yaw,12.235,238.91003676100306
device_yaw,12.285,239.2502499565983
device_yaw,12.335,239.69238071445352
device_yaw,12.385,240.2368095318652
device_yaw,12.435,240.8850692226084
device_yaw,12.485,241.5323306508039
device_yaw,12.535,242.08250172939242
device_yaw,12.585,242.4555585195897
device_yaw,12.635,242.63977184809903
device_yaw,12.685,242.6982214680753
device_yaw,12.735,242.60547883605506
device_yaw,12.785,242.37394327074037
device_yaw,12.835,241.9635163008986
device_yaw,12.885,241.37720940989075
device_yaw,12.935,240.5683347654869
device_yaw,12.985,239.5930569190837
device_yaw,13.035,238.5288187564418
device_yaw,13.085,237.4029509312488
device_yaw,13.135,236.3265089756824
device_yaw,13.185,235.34221256324443
device_yaw,13.235,234.35406372011164
device_yaw,13.285,233.41984006579435
device_yaw,13.335,232.5395416002926
device_yaw,13.385,231.78163698133224
device_yaw,13.435,231.15505192592525
device_yaw,13.485,230.70602993036383
device_yaw,13.535,230.3768310703821
device_yaw,13.585,230.1635833940563
device_yaw,13.635,230.08404811037283
device_yaw,13.685,230.09847102855727
device_yaw,13.735,230.15143660357373
device_yaw,13.785,230.236525099921
device_yaw,13.835,230.2959588980889
device_yaw,13.885,230.32973799807735
device_yaw,13.935,230.33786239988638
device_yaw,13.985,230.3203321035159
device_yaw,14.035,230.277147108966
device_yaw,14.085,230.20830741623666
device_yaw,14.135,230.05267267326562
device_yaw,14.185,229.78001230210464
device_yaw,14.235,229.427827539632
device_yaw,14.285,229.02893282458243
device_yaw,14.335,228.6461581014977
device_yaw,14.385,228.30907040310333
device_yaw,14.435,228.0176697293994
device_yaw,14.485,227.79838419471736
device_yaw,14.535,227.70261461510398
device_yaw,14.585,227.79151386876302
device_yaw,14.635,228.04439881868066
device_yaw,14.685,228.4338415565465
device_yaw,14.735,228.993454730971
device_yaw,14.785,229.69636211720433
device_yaw,14.835,230.54830710418346
device_yaw,14.885,231.47922784440115
device_yaw,14.935,232.43798967116973
device_yaw,14.985,233.3177578254482
device_yaw,15.035,234.08528495296622
device_yaw,15.085,234.60808928559382
device_yaw,15.135,234.8496524286855
device_yaw,15.185,234.83631588125198
device_yaw,15.235,234.63067221258032
device_yaw,15.285,234.22239824181113
device_yaw,15.335,233.5892243018724
device_yaw,15.385,232.71430767034715
device_yaw,15.435,231.68440609026666
device_yaw,15.485,230.54360520096404
device_yaw,15.535,229.46719177516488
device_yaw,15.585,228.48860528035195
device_yaw,15.635,227.70594363127373
device_yaw,15.685,227.1375481474184
device_yaw,15.735,226.7458251334623
device_yaw,15.785,226.50369147010787
device_yaw,15.835,226.4158774837864
device_yaw,15.885,226.50275042682236
device_yaw,15.935,226.75952729475955
device_yaw,15.985,227.10668224753215
device_yaw,16.035,227.49168398588378
device_yaw,16.085,227.83761520811086
device_yaw,16.135,228.11785568666954
device_yaw,16.185,228.31538845889446
device_yaw,16.235,228.38723772173907
device_yaw,16.285,228.29239956020072
device_yaw,16.335,228.04598361125042
device_yaw,16.385,227.6640803187949
device_yaw,16.435,227.57771757256333
device_yaw,16.485,227.45013015978776
device_yaw,16.535,227.2658588305143
device_yaw,16.585,227.04777422520655
device_yaw,16.635,226.79448940054877
device_yaw,17.285,222.73352390316458
device_yaw,17.335,222.8102630864769
device_yaw,17.385,222.84642147478678
device_yaw,17.435,222.85552599976165
device_yaw,17.485,222.84569282040206
device_yaw,17.535,222.79457321422507
device_yaw,17.585,222.79196745893123
device_yaw,17.635,222.66725174356472
device_yaw,17.685,222.44205833271232
device_yaw,17.735,222.04219634830176
device_yaw,17.785,221.65393509210352
device_yaw,17.835,221.29630951318202
device_yaw,17.885,220.96931961153714
device_yaw,17.935,220.67296538716909
device_yaw,17.985,220.40724684007765
device_yaw,18.035,220.17216397026286
device_yaw,18.085,219.99523032866253
device_yaw,18.135,219.97921593665117
device_yaw,18.185,220.11374586884673
device_yaw,18.235,220.36695156364613
device_yaw,18.285,220.7305746759652
device_yaw,18.335,221.13219238879216
device_yaw,18.385,221.58814453760104
device_yaw,18.435,222.10697293240298
device_yaw,18.485,222.63206395639835
device_yaw,18.535,223.16341760958713
device_yaw,18.585,223.70103389196936
device_yaw,18.635,224.24491280354496
device_yaw,18.685,224.6716945970297
device_yaw,18.735,225.00710552426816
device_yaw,18.785,225.2613818822764
device_yaw,18.835,225.34191871198527
device_yaw,18.885,225.21708527730289
device_yaw,18.935,224.92274711172183
device_yaw,18.985,224.3998731067285
device_yaw,19.035,223.6790642735131
device_yaw,19.085,222.81134267351038
device_yaw,19.135,221.83917431510633
device_yaw,19.185,220.78154839675562
device_yaw,19.235,219.749374374174
device_yaw,19.285,218.79877251623756
device_yaw,19.335,217.92974282294634
device_yaw,19.385,217.23717592380524
device_yaw,19.435,216.75586905434045
device_yaw,19.485,216.4167265829897
device_yaw,19.535,216.25464679662903
device_yaw,19.585,216.29564230086788
device_yaw,19.635,216.4886910342713
device_yaw,19.685,216.8158366793
device_yaw,19.735,217.2489570761782
device_yaw,19.785,217.59438644735073
device_yaw,19.835,217.75722428487776
device_yaw,19.885,217.74464745931044
device_yaw,19.935,217.62589838006707
device_yaw,19.985,217.4192366720984
device_yaw,20.035,217.1415525979999
device_yaw,20.085,216.78322930684354
device_yaw,20.135,216.29595776719395
device_yaw,20.185,215.59866778045554
device_yaw,20.235,214.71613227949564
device_yaw,20.285,213.82555428168436
device_yaw,20.335,213.05567695871358
device_yaw,20.385,212.45039019963053
device_yaw,20.435,212.03300588016748
device_yaw,20.485,211.8416188681068
device_yaw,20.535,211.8430537646458
device_yaw,20.585,211.90084645195972
device_yaw,20.635,212.04020479260325
device_yaw,20.685,212.30943781801167
device_yaw,20.735,212.793615335847
device_yaw,20.785,213.53944533999004
device_yaw,20.835,214.3977075483406
device_yaw,20.885,215.18916443432235
device_yaw,20.935,215.91381599793525
device_yaw,20.985,216.54117349289606
device_yaw,21.035,216.9603266061089
device_yaw,21.085,217.18261807553063
device_yaw,21.135,217.2150606482627
device_yaw,21.185,217.1194649728345
device_yaw,21.235,216.89404431262645
device_yaw,21.285,216.5227450052267
device_yaw,21.335,215.96511901280076
device_yaw,21.385,215.2767405248693
device_yaw,21.435,214.63684706800885
device_yaw,21.485,214.04543864221932
device_yaw,21.535,213.50251524750072
device_yaw,21.585,213.0080768838531
device_yaw,21.635,212.675126931835
device_yaw,21.685,212.5238303201998
device_yaw,21.735,212.4923764004181
device_yaw,21.785,212.58255190910938
device_yaw,21.835,212.8064108996192
device_yaw,21.885,213.10841079218764
device_yaw,21.935,213.4088390303881
device_yaw,21.985,213.67520854320117
device_yaw,22.035,213.90751933062683
device_yaw,22.085,214.10577139266522
device_yaw,22.135,214.26996472931623
device_yaw,22.185,214.28709596002128
device_yaw,22.235,214.2585001346203
device_yaw,22.285,214.1840149798045
device_yaw,22.335,214.06364049557385
device_yaw,22.385,213.87844995468078
device_yaw,22.435,213.60005326625387
device_yaw,22.485,213.27721246340454
device_yaw,22.535,212.95195756743013
device_yaw,22.585,212.62428857833058
device_yaw,22.635,212.29420549610595
device_yaw,22.685,211.97682240323658
device_yaw,22.735,211.6930111279097
device_yaw,22.785,211.4507230622553
device_yaw,22.835,211.2501204795822
device_yaw,22.885,211.0912033798904
device_yaw,22.935,210.9928984904275
device_yaw,22.985,210.98359590206508
device_yaw,23.035,211.01982217464808
device_yaw,23.085,211.09203435789865
device_yaw,23.135,211.16870040857881
device_yaw,23.185,211.24780764307764
device_yaw,23.235,211.31424197891482
device_yaw,23.285,211.34713158790308
device_yaw,23.335,211.34647647004246
device_yaw,23.385,211.3122766253329
device_yaw,23.435,211.2384053082305
device_yaw,23.485,211.06164641689648
device_yaw,23.535,210.8471731985861
device_yaw,23.585,210.59498565329932
device_yaw,23.635,210.30508378103613
device_yaw,23.685,210.00899962503456
device_yaw,23.735,209.69787886679288
device_yaw,23.785,209.3506267375042
device_yaw,23.835,208.99326896499676
device_yaw,23.885,208.67207350985393
device_yaw,23.935,208.3870403720758
device_yaw,23.985,208.14429629720624
device_yaw,24.035,208.00705738708405
device_yaw,24.085,207.910150394454
device_yaw,24.135,207.91135735963408
device_yaw,24.185,208.01597528332505
device_yaw,24.235,208.18921638576856
device_yaw,24.285,208.43890408921905
device_yaw,24.335,208.77226796535163
device_yaw,24.385,209.16328228633813
device_yaw,24.435,209.56567909159514
device_yaw,24.485,209.99850854521947
device_yaw,24.535,210.46292973202208
device_yaw,24.585,210.88844807490798
device_yaw,24.635,211.2750635738774
device_yaw,24.685,211.5649941886121
device_yaw,24.735,211.75294291841143
device_yaw,24.785,211.86352689893675
device_yaw,24.835,211.8675826704061
device_yaw,24.885,211.73423848147422
device_yaw,24.935,211.49301535836733
device_yaw,24.985,211.17145311757557
device_yaw,25.035,210.74633214252492
device_yaw,25.085,210.21581460032687
device_yaw,25.135,209.66514394675926
device_yaw,25.185,209.09672116207284
device_yaw,25.235,208.5360086380686
device_yaw,25.285,208.01059063253112
device_yaw,25.335,207.5306377895573
device_yaw,25.385,207.12835714878727
device_yaw,25.435,206.84848565869817
device_yaw,25.485,206.66150229306365
device_yaw,25.535,206.53986723539364
device_yaw,25.585,206.48774993816525
device_yaw,25.635,206.51792888797618
device_yaw,25.685,206.62775494466342
device_yaw,25.735,206.8148271279764
device_yaw,25.785,207.04465118676168
device_yaw,25.835,207.28646950724615
device_yaw,25.885,207.5402820894298
device_yaw,25.935,207.8060889333128
device_yaw,25.985,208.04182789596382
device_yaw,26.035,208.23421619540474
device_yaw,26.085,208.38325383163559
device_yaw,26.135,208.47347202684304
device_yaw,26.185,208.48061700279652
device_yaw,26.235,208.39511340365226
device_yaw,26.285,208.2187892306585
device_yaw,26.335,207.9584965372963
device_yaw,26.385,207.61583019944064
device_yaw,26.435,207.1633119123152
device_yaw,26.485,206.59042761005946
device_yaw,26.535,205.97253930293647
device_yaw,26.585,205.39948557224386
device_yaw,26.635,204.87126641798162
device_yaw,26.685,204.40335061796307
device_yaw,26.735,204.00789221189862
device_yaw,26.785,203.6823668171122
device_yaw,26.835,203.42494643235534
device_yaw,26.885,203.2378108634994
device_yaw,26.935,203.12253859065797
device_yaw,26.985,203.10660791860735
device_yaw,27.035,203.40229125067737
device_yaw,27.085,203.92584166093312
device_yaw,27.135,204.46884740433018
device_yaw,27.185,204.9767964808845
device_yaw,27.235,205.44968889059604
device_yaw,27.285,205.88752463346475
device_yaw,27.335,206.2903037094907
device_yaw,27.385,206.6000175488127
device_yaw,27.435,206.8087558919042
device_yaw,27.485,206.84752558860444
device_yaw,27.535,206.76831621698292
device_yaw,27.585,206.37092456825687
device_yaw,27.635,205.70697740183962
device_yaw,27.685,205.01629076829678
device_yaw,27.735,204.36276450281596
device_yaw,27.785,203.7463986053972
device_yaw,27.835,203.16719307604035
device_yaw,27.885,202.6251479147456
device_yaw,27.935,202.20539080384168
device_yaw,27.985,201.93713987693675
device_yaw,28.035,201.87468378220183
device_yaw,28.085,201.96138941462277
device_yaw,28.135,202.22737529031932
device_yaw,28.185,202.6855141466613
device_yaw,28.235,203.19724651544112
device_yaw,28.285,203.72662497237616
device_yaw,28.335,204.27310748503615
device_yaw,28.385,204.83579462452164
device_yaw,28.435,205.41108867523417
device_yaw,28.485,205.971870524706
device_yaw,28.535,206.46015573068834
device_yaw,28.585,206.77076358830055
device_yaw,28.635,206.97861343240027
device_yaw,28.685,207.02801061241954
device_yaw,28.735,206.9005779327834
device_yaw,28.785,206.6412736159631
device_yaw,28.835,206.35081316730768
device_yaw,28.885,206.04386355567976
device_yaw,28.935,205.72132420997897
device_yaw,28.985,205.38679284580365
device_yaw,29.035,205.0402694631538
device_yaw,29.085,204.7194763331282
device_yaw,29.135,204.5451894465765
device_yaw,29.185,204.44713299558524
device_yaw,29.235,204.44932798591626
device_yaw,29.285,204.55609917496437
device_yaw,29.335,204.7751887886963
device_yaw,29.385,205.05638375300256
device_yaw,29.435,205.31044860377824
device_yaw,29.485,205.5230765738477
device_yaw,29.535,205.69426766321095
device_yaw,29.585,205.82402187186798
device_yaw,29.635,205.91129349688708
device_yaw,29.685,205.95519175428956
device_yaw,29.735,205.95571664407524
device_yaw,29.785,205.89145788006465
device_yaw,29.835,205.71434577522533
device_yaw,29.885,205.3919879288818
device_yaw,29.935,204.940692978014
device_yaw,29.985,204.44454129063254
device_yaw,30.035,203.94053265959965
device_yaw,30.085,203.42866708491556
device_yaw,30.135,202.9215638110701
device_yaw,30.185,202.48547387163535
device_yaw,30.235,202.12968916230068
device_yaw,30.285,201.92612500793885
device_yaw,30.335,201.8954689643928
device_yaw,30.385,202.03222129253615
device_yaw,30.435,202.2442374631526
device_yaw,30.485,202.4912659971017
device_yaw,30.535,202.7643370540456
device_yaw,30.585,203.04075760829744
device_yaw,30.635,203.32052765985725
device_yaw,30.685,203.5873635973572
device_yaw,30.735,203.61562470093074
device_yaw,30.785,203.48686829163623
device_yaw,30.835,203.17434687258393
device_yaw,30.885,202.6698944268727
device_yaw,30.935,202.00633997043985
device_yaw,30.985,201.32372689184857
device_yaw,31.035,200.62921853276418
device_yaw,31.085,199.9056721685867
device_yaw,31.135,199.15687823027957
device_yaw,31.185,198.4973053845608
device_yaw,31.235,197.9288545072687
device_yaw,31.285,197.60589611789328
device_yaw,31.335,197.43682400121315
device_yaw,31.385,197.37452376174124
device_yaw,31.435,197.43095712706543
device_yaw,31.485,197.63403479489082
device_yaw,31.535,197.96614927464935
device_yaw,31.585,198.40452207264127
device_yaw,31.635,198.94210931007174
device_yaw,31.685,199.57512055597715
device_yaw,31.735,200.1872156139926
device_yaw,31.785,200.77710442678608
device_yaw,31.835,201.34980616116218
device_yaw,31.885,201.8405852969372
device_yaw,31.935,202.24569339999263
device_yaw,31.985,202.56867401117213
device_yaw,32.035,202.843001187468
device_yaw,32.085,203.04867487570561
device_yaw,32.135,203.20131022791946
device_yaw,32.185,203.3250938475045
device_yaw,32.235,203.42002573446072
device_yaw,32.285,203.48797741843518
device_yaw,32.335,203.53200244779921
device_yaw,32.385,203.5521008225529
device_yaw,32.435,203.61376506135358
device_yaw,32.485,203.76076582943588
device_yaw,32.535,203.98726365996544
device_yaw,32.585,204.24042409573357
device_yaw,32.635,204.5185848486403
device_yaw,32.685,204.8334225100665
device_yaw,32.735,205.22646079487504
device_yaw,32.785,205.70381935601645
device_yaw,32.835,206.27658958352424
device_yaw,32.885,206.8153138720123
device_yaw,32.935,207.31999222148062
device_yaw,32.985,207.7906246319292
device_yaw,33.035,208.18913543974594
device_yaw,33.085,208.5147475905713
device_yaw,33.135,208.77965119713835
device_yaw,33.185,208.98550854754706
device_yaw,33.235,209.01530332145805
device_yaw,33.285,208.88581478681965
device_yaw,33.335,208.58347521812414
device_yaw,33.385,208.1157134399179
device_yaw,33.435,207.68833874637065
device_yaw,33.485,207.30135113748238
device_yaw,33.535,206.95475061325317
device_yaw,33.585,206.64853717368294
device_yaw,33.635,206.38271081877173
device_yaw,33.685,206.1695464997213
device_yaw,33.735,206.03512848783495
device_yaw,33.785,206.08074405393145
device_yaw,33.835,206.2394787416518
device_yaw,33.885,206.51878062355334
device_yaw,33.935,206.9253976984418
device_yaw,33.985,207.36817192798546
device_yaw,34.035,207.77657818929353
device_yaw,34.085,208.1506164823658
device_yaw,34.135,208.4902868072024
device_yaw,34.185,208.79558916380336
device_yaw,34.235,209.05424860096684
device_yaw,34.285,209.24018084738952
device_yaw,34.335,209.29522612557568
device_yaw,34.385,209.22763912439888
device_yaw,34.435,209.09954288332622
device_yaw,34.485,208.88566918897197
device_yaw,34.535,208.6008243908842
device_yaw,34.585,208.31553361195395
device_yaw,34.635,208.02979685218105
device_yaw,34.685,207.7436141115656
device_yaw,34.735,207.44074355255316
device_yaw,34.785,207.06380688816134
device_yaw,34.835,206.62291819864566
device_yaw,34.885,206.20523535522705
device_yaw,34.935,205.81659101380558
device_yaw,34.985,205.4589384872217
device_yaw,35.035,205.14829686355222
device_yaw,35.085,204.88466614279722
device_yaw,35.135,204.83563487559286
device_yaw,35.185,205.15758655915158
device_yaw,35.235,205.71326238142353
device_yaw,35.285,206.5769954302961
device_yaw,35.335,207.7874726809787
device_yaw,35.385,209.28092159732725
device_yaw,35.435,211.09671812873611
device_yaw,35.485,213.0041405281828
device_yaw,35.535,214.8685408633289
device_yaw,35.585,216.67390004609751
device_yaw,35.635,218.4202180764888
device_yaw,35.685,219.88259641222976
device_yaw,35.735,220.84590787925598
device_yaw,35.785,221.54399272412547
device_yaw,35.835,221.92867283185717
device_yaw,35.885,222.0186395142242
device_yaw,35.935,221.91130992337156
device_yaw,35.985,221.55773715138284
device_yaw,36.035,221.18316707405447
device_yaw,36.085,220.8581712714173
device_yaw,36.135,220.58079741107022
device_yaw,36.185,220.34725567129374
device_yaw,36.235,220.2148560437243
device_yaw,36.285,220.24234220521413
device_yaw,36.335,220.33313272125494
device_yaw,36.385,220.47731445649472
device_yaw,36.435,220.6748874109336
device_yaw,36.485,220.87640078369625
device_yaw,36.535,221.0405491989015
device_yaw,36.585,221.16733265654918
device_yaw,36.635,221.25675115663947
device_yaw,36.685,221.3107570315734
device_yaw,36.735,221.33314010307058
device_yaw,36.785,221.32390037113103
device_yaw,36.835,221.28303783575484
device_yaw,36.885,221.1674986321623
device_yaw,36.935,220.96490383295242
device_yaw,36.985,220.66459632379318
device_yaw,37.035,220.27099820477707
device_yaw,37.085,219.9064763442985
device_yaw,37.135,219.57103074235755
device_yaw,37.185,219.2646613989541
device_yaw,37.235,218.98736831408823
device_yaw,37.285,218.73915148775993
device_yaw,37.335,218.52001091996917
device_yaw,37.385,218.287488209013
device_yaw,37.435,218.0627647097029
device_yaw,37.485,217.91404747677052
device_yaw,37.535,217.87826568446843
device_yaw,37.585,217.95668933732256
device_yaw,37.635,218.03192475413533
device_yaw,37.685,218.0830144232855
device_yaw,37.735,218.10995834477316
device_yaw,37.785,218.11275651859825
device_yaw,37.835,218.09140894476067
device_yaw,37.885,218.04591562326058
device_yaw,37.935,218.01873495580082
device_yaw,37.985,218.0317394523495
device_yaw,38.035,218.02910098557598
device_yaw,38.085,217.98454749555995
device_yaw,38.135,217.9308957417903
device_yaw,38.185,217.8911979226642
device_yaw,38.235,217.88641154980294
device_yaw,38.285,217.9165366232065
device_yaw,38.335,217.990089876381
device_yaw,38.385,218.1076149306141
device_yaw,38.435,218.27625696887745
device_yaw,38.485,218.52134891261596
device_yaw,38.535,218.82421470250839
device_yaw,38.585,219.16293026891654
device_yaw,38.635,219.53749561184048
device_yaw,38.685,219.91509397179124
device_yaw,38.735,220.29363066199303
device_yaw,38.785,220.70392542793462
device_yaw,38.835,221.14833920957955
device_yaw,38.885,221.54759932214702
device_yaw,38.935,221.9011621443493
device_yaw,38.985,222.20188249321475
device_yaw,39.035,222.42442744729848
device_yaw,39.085,222.58747306592176
device_yaw,39.135,222.71294341872272
device_yaw,39.185,222.80083850570134
device_yaw,39.235,222.85115832685753
device_yaw,39.285,222.86219703121077
device_yaw,39.335,222.7764098745748
device_yaw,39.385,222.59143591698606
device_yaw,39.435,222.37660878336627
device_yaw,39.485,222.12827106309297
device_yaw,39.535,221.8479863253663
device_yaw,39.585,221.55373561598708
device_yaw,39.635,221.2455189349553
device_yaw,39.685,220.92333628227098
device_yaw,39.735,220.5871876579341
device_yaw,39.785,220.217503291747
device_yaw,39.835,219.79641926449258
device_yaw,39.885,219.38823557084413
device_yaw,39.935,218.99621960175594
device_yaw,39.985,218.62179368358122
device_yaw,40.035,218.26861522694244
device_yaw,40.085,217.93512066263932
device_yaw,40.135,217.60332894487118
device_yaw,40.185,217.24167196704803
device_yaw,40.235,216.81339455240132
device_yaw,40.285,216.30230633245674
device_yaw,40.335,215.7415522730382
device_yaw,40.385,215.17379102178722
device_yaw,40.435,214.5450269613752
device_yaw,40.485,213.79737636080162
device_yaw,40.535,212.88456675414457
device_yaw,40.585,211.90194251146585
device_yaw,40.635,210.94373517930197
device_yaw,40.685,210.03595705896475
device_yaw,40.735,209.21017625704414
device_yaw,40.785,208.51080790406016
device_yaw,40.835,207.98468218349228
device_yaw,40.885,207.60650932821352
device_yaw,40.935,207.34322138135332
device_yaw,40.985,207.2279182524599
device_yaw,41.035,207.34480558053227
device_yaw,41.085,207.71838807109717
device_yaw,41.135,208.27911652568707
device_yaw,41.185,208.96566507780545
device_yaw,41.235,209.619970521064
device_yaw,41.285,210.21687221693827
device_yaw,41.335,210.74871021167698
device_yaw,41.385,211.1848446902748
device_yaw,41.435,211.5691264382661
device_yaw,41.485,211.9463487669476
device_yaw,41.535,212.29983238812375
device_yaw,41.585,212.534203462833
device_yaw,41.635,212.63790500491635
device_yaw,41.685,212.56383599912354
device_yaw,41.735,212.37568462222592
device_yaw,41.785,212.21623443005683
device_yaw,41.835,212.1106460611407
device_yaw,41.885,212.05891951547753
device_yaw,41.935,212.11121672895607
device_yaw,41.985,212.28885183595523
device_yaw,42.035,212.41311379391752
device_yaw,42.085,212.45230220865216
device_yaw,42.135,212.5201116763211
device_yaw,42.185,212.6906792135349
device_yaw,42.235,212.9853106639497
device_yaw,42.285,213.30741217075393
device_yaw,42.335,213.5734087634899
device_yaw,42.385,213.78026534550335
device_yaw,42.435,213.9279819167943
device_yaw,42.485,213.91259604741
device_yaw,42.535,213.66324745709943
device_yaw,42.585,213.23057688456976
device_yaw,42.635,212.6004680906648
device_yaw,42.685,211.76271233042155
device_yaw,42.735,210.7239918280089
device_yaw,42.785,209.51719060070772
device_yaw,42.835,208.16620943751252
device_yaw,42.885,206.7877827737074
device_yaw,42.935,205.42768864098588
device_yaw,42.985,204.08592703934812
device_yaw,43.035,202.816298462858
device_yaw,43.085,201.63621284335414
device_yaw,43.135,200.6009003901709
device_yaw,43.185,199.63321606736181
device_yaw,43.235,198.6203394853436
device_yaw,43.285,197.60011255015925
device_yaw,43.335,196.66046112121285
device_yaw,43.385,195.88802737733525
device_yaw,43.435,195.20192713294406
device_yaw,43.485,194.4541323306946
device_yaw,43.535,193.55139561305003
device_yaw,43.585,192.42538540903954
device_yaw,43.635,190.87372894108896
device_yaw,43.685,189.09202561633754
device_yaw,43.735,187.16423501501177
device_yaw,43.785,185.19448546233093
device_yaw,43.835,183.03494485823083
device_yaw,43.885,180.59470340870132
device_yaw,43.935,177.8505991369292
device_yaw,43.985,174.77487453212368
device_yaw,44.035,171.58117451646478
device_yaw,44.085,168.4253568134625
device_yaw,44.135,165.40220534926928
device_yaw,44.185,162.70772727714
device_yaw,44.235,160.14863338387102
device_yaw,44.285,157.74680497082366
device_yaw,44.335,155.44675502072892
device_yaw,44.385,153.29830406525127
device_yaw,44.435,151.35446900396784
device_yaw,44.485,149.51849078117766
device_yaw,44.535,147.8240517774934
device_yaw,44.585,146.1375041833967
device_yaw,44.635,144.39897284021197
device_yaw,44.685,142.58963787372588
device_yaw,44.735,140.77368628974884
device_yaw,44.785,138.90222334819006
device_yaw,44.835,137.05071444375534
device_yaw,44.885,135.20428362734754
device_yaw,44.935,133.34981311426384
device_yaw,44.985,131.36883986881378
device_yaw,45.035,129.18913390094238
device_yaw,45.085,126.95764877687456
device_yaw,45.135,124.77423688138397
device_yaw,45.185,122.70886552809384
device_yaw,45.235,120.7221667450761
device_yaw,45.285,118.77764093033237
device_yaw,45.335,116.98111402145787
device_yaw,45.385,115.27464793109745
device_yaw,45.435,113.67699173702135
device_yaw,45.485,112.19084390143239
device_yaw,45.535,110.8621849489033
device_yaw,45.585,109.77997990603254
device_yaw,45.635,108.83000358027495
device_yaw,45.685,107.94191683473824
device_yaw,45.735,107.03142432093335
device_yaw,45.785,106.11468280188255
device_yaw,45.835,105.1650594569256
device_yaw,45.885,104.1577265857486
device_yaw,45.935,103.0933446671574
device_yaw,45.985,101.98645548678219
device_yaw,46.035,100.88135337092186
device_yaw,46.085,99.77230063153114
device_yaw,46.135,98.63901951331155
device_yaw,46.185,97.44619110371204
device_yaw,46.235,96.17270051143338
device_yaw,46.285,94.8104590413714
device_yaw,46.335,93.42502831812331
device_yaw,46.385,92.06482547679808
device_yaw,46.435,90.74179555986137
device_yaw,46.485,89.39253117926381
device_yaw,46.535,87.97973552761515
device_yaw,46.585,86.451403292122
device_yaw,46.635,84.82014582495493
device_yaw,46.685,83.09926817562842
device_yaw,46.735,81.2011689525782
device_yaw,46.785,79.17092302713725
device_yaw,46.835,77.05974684518468
device_yaw,46.885,76.16922184505148
device_yaw,46.935,75.18682440164004
device_yaw,46.985,74.0666446511706
device_yaw,47.035,72.84759650284455
device_yaw,47.085,71.56340514087155
gyro_norm,0.062,0.21363531728731106
gyro_norm,0.105,0.34789867109702394
gyro_norm,0.144,0.3031802573358112
gyro_norm,0.194,0.3222259357475349
gyro_norm,0.244,0.3066448395922787
gyro_norm,0.3,0.40389785729107297
gyro_norm,0.343,0.465292239896693
gyro_norm,0.393,0.32965512912751516
gyro_norm,0.443,0.43140503035945926
gyro_norm,0.493,0.3703305187542403
gyro_norm,0.544,0.44427633237148434
gyro_norm,0.6,0.4959784016000168
gyro_norm,0.642,0.3942192452124911
gyro_norm,0.692,0.4153712675782059
gyro_norm,0.742,0.20638426438950422
gyro_norm,0.791,0.25725140331851726
gyro_norm,0.841,0.2776312127977052
gyro_norm,0.891,0.369492790388581
gyro_norm,0.94,0.3808175171023489
gyro_norm,0.992,0.1571733510418876
gyro_norm,1.04,0.31202167841318096
gyro_norm,1.098,0.5886620116392979
gyro_norm,1.139,0.6826223235032033
gyro_norm,1.189,0.3896336856957178
gyro_norm,1.239,0.3867243175263525
gyro_norm,1.29,0.5682995029476213
gyro_norm,1.338,0.7196004826285274
gyro_norm,1.397,1.2956067042211263
gyro_norm,1.44,1.1136439691632436
gyro_norm,1.497,1.8976158249400776
gyro_norm,1.542,1.4645268939341902
gyro_norm,1.6,1.1813882402651463
gyro_norm,1.654,1.4337924200249874
gyro_norm,1.695,1.554304427422388
gyro_norm,1.744,0.862366173251083
gyro_norm,1.791,0.5059246794230762
gyro_norm,1.836,0.4369236471365481
gyro_norm,1.886,0.8106473881151878
gyro_norm,1.935,0.9397992672583766
gyro_norm,1.996,0.6894178895661298
gyro_norm,2.036,0.8953384814472127
gyro_norm,2.085,0.9132391087736775
gyro_norm,2.137,0.5530945270708533
gyro_norm,2.184,0.13998748308770656
gyro_norm,2.234,0.42991112819023003
gyro_norm,2.284,0.33895397336171046
gyro_norm,2.349,0.18804800327824983
gyro_norm,2.39,0.4833252849893108
gyro_norm,2.433,0.5209070255780388
gyro_norm,2.483,0.30018185451105917
gyro_norm,2.532,0.38216585501144607
gyro_norm,2.589,0.5439588987208028
gyro_norm,2.632,0.5899552060225454
gyro_norm,2.689,0.5766283708840764
gyro_norm,2.733,0.594217253372409
gyro_norm,2.797,0.37591024616189167
gyro_norm,2.831,0.32528774927227844
gyro_norm,2.881,0.5093934356408266
gyro_norm,2.932,0.12110042197551318
gyro_norm,2.98,0.5839921323809711
gyro_norm,3.03,0.5425834217781536
gyro_norm,3.08,0.8589834597635279
gyro_norm,3.132,0.6541894569409432
gyro_norm,3.179,0.5243068201488084
gyro_norm,3.23,0.8534852196230409
gyro_norm,3.279,0.6757129035975934
gyro_norm,3.329,0.3039673484661622
gyro_norm,3.386,0.5238774661818495
gyro_norm,3.428,0.7817084942124641
gyro_norm,3.478,0.563347609425949
gyro_norm,3.528,0.7209842928179236
gyro_norm,3.578,0.4705218408477504
gyro_norm,3.627,0.6852663848190699
gyro_norm,3.677,1.1219480409050158
gyro_norm,3.727,1.5621643137747483
gyro_norm,3.776,1.1038053388008537
gyro_norm,3.827,0.8262703155269627
gyro_norm,3.876,1.2010361182238243
gyro_norm,3.926,0.9376627714384632
gyro_norm,3.984,0.9927297939458488
gyro_norm,4.027,1.3515493186814815
gyro_norm,4.083,1.1111555645410927
gyro_norm,4.136,1.082484180810539
gyro_norm,4.186,0.8095959059599875
gyro_norm,4.224,0.5050558579019815
gyro_norm,4.274,1.0413708704903522
gyro_norm,4.324,0.8886996500675005
gyro_norm,4.374,0.6254632760740351
gyro_norm,4.424,0.3947270471780243
gyro_norm,4.473,0.3887617454389364
gyro_norm,4.535,0.7090542228501634
gyro_norm,4.58,1.1284185737786288
gyro_norm,4.622,0.48394165775770354
gyro_norm,4.68,0.7184076523151004
gyro_norm,4.722,0.6209441426911048
gyro_norm,4.779,0.5692209336410233
gyro_norm,4.821,0.8658234458970728
gyro_norm,4.871,0.6367104405670385
gyro_norm,4.922,0.4428241217443703
gyro_norm,4.971,1.134105742517886
gyro_norm,5.02,1.201991653023599
gyro_norm,5.07,0.5256031234714816
gyro_norm,5.12,0.5045703820061946
gyro_norm,5.17,0.9895894576396571
gyro_norm,5.236,0.5610494171704637
gyro_norm,5.269,0.6892805358956977
gyro_norm,5.319,0.15979621387499118
gyro_norm,5.369,0.7513750668854126
gyro_norm,5.419,0.5667404770731147
gyro_norm,5.469,0.6913318517604733
gyro_norm,5.52,0.3103664788545374
gyro_norm,5.575,0.607286271188949
gyro_norm,5.619,0.7305794903615173
gyro_norm,5.667,0.6630105904786459
gyro_norm,5.717,0.33743355544945286
gyro_norm,5.767,0.8747241821647952
gyro_norm,5.816,0.3519157298964829
gyro_norm,5.866,0.5725704589377159
gyro_norm,5.916,0.9550084853896628
gyro_norm,5.966,0.6147493505080437
gyro_norm,6.017,0.5625675142926526
gyro_norm,6.066,0.5672178644178213
gyro_norm,6.115,0.7879696721676644
gyro_norm,6.172,0.9382156408953025
gyro_norm,6.215,0.5159484368903292
gyro_norm,6.269,1.0489347567919536
gyro_norm,6.315,0.7931518455423087
gyro_norm,6.364,0.45170829017967706
gyro_norm,6.415,0.6902237973105482
gyro_norm,6.463,0.41710377784868063
gyro_norm,6.513,0.4108664638117921
gyro_norm,6.563,0.38378852685528536
gyro_norm,6.613,0.41374340823036637
gyro_norm,6.665,0.36662999828281434
gyro_norm,6.712,0.0950033776647877
gyro_norm,6.773,0.5399861439836366
gyro_norm,6.812,0.13913718530795002
gyro_norm,6.861,0.32478382537744926
gyro_norm,6.911,0.5078802889074403
gyro_norm,6.961,0.7744492609718112
gyro_norm,7.012,0.4697803074721614
gyro_norm,7.06,0.6874152703414373
gyro_norm,7.11,0.6868793227247647
gyro_norm,7.168,1.0668344406217343
gyro_norm,7.211,0.2678585292922305
gyro_norm,7.259,0.3663559893243124
gyro_norm,7.31,0.3848655143148572
gyro_norm,7.366,1.1685244264703822
gyro_norm,7.409,0.46716431914969264
gyro_norm,7.458,0.9981590092286654
gyro_norm,7.508,0.29531516373466254
gyro_norm,7.558,0.746734207976089
gyro_norm,7.608,0.8503587373899113
gyro_norm,7.665,0.47167148909320583
gyro_norm,7.707,0.14291112671835804
gyro_norm,7.757,0.386666249844114
gyro_norm,7.807,0.3827391863422011
gyro_norm,7.865,0.7325240537064404
gyro_norm,7.906,0.28709375921963637
gyro_norm,7.964,0.6193476925481194
gyro_norm,8.006,0.7442767803261592
gyro_norm,8.055,0.25967399923394063
gyro_norm,8.105,0.5948100520179647
gyro_norm,8.155,0.28713711959596655
gyro_norm,8.205,0.5693173665402195
gyro_norm,8.254,0.5274533066867622
gyro_norm,8.304,0.38821631274923135
gyro_norm,8.354,0.18921211994853693
gyro_norm,8.404,0.5463604463583218
gyro_norm,8.454,0.8055468231226528
gyro_norm,8.503,0.7475252617983887
gyro_norm,8.553,0.5433907225180944
gyro_norm,8.603,0.28570922197821175
gyro_norm,8.66,0.6886612534937687
gyro_norm,8.708,0.5883528231039457
gyro_norm,8.754,0.4912242721057506
gyro_norm,8.803,0.5633562196884584
gyro_norm,8.852,0.4409497367166344
gyro_norm,8.901,0.5961193049403992
gyro_norm,8.951,0.36550078570164185
gyro_norm,9.002,0.7258899309075553
gyro_norm,9.068,0.9277670528591255
gyro_norm,9.116,0.7064546300593342
gyro_norm,9.15,0.7008825992362239
gyro_norm,9.201,0.325108232849595
gyro_norm,9.25,0.40605033358664533
gyro_norm,9.299,0.16227103817346095
gyro_norm,9.349,0.37581971146634807
gyro_norm,9.399,0.3914544735239222
gyro_norm,9.449,0.4395984463525737
gyro_norm,9.499,0.9706611102530203
gyro_norm,9.555,0.5755962109034025
gyro_norm,9.604,0.9540412424046346
gyro_norm,9.648,0.36357177189034423
gyro_norm,9.698,0.10901523621738392
gyro_norm,9.747,0.29760393866484286
gyro_norm,9.797,0.14914295979328743
gyro_norm,9.847,0.16124997461169885
gyro_norm,9.898,0.2117444932182412
gyro_norm,9.946,0.16603760548081872
gyro_norm,9.996,0.3042466034170536
gyro_norm,10.046,0.2713500954115528
gyro_norm,10.096,0.5607887992791191
gyro_norm,10.176,0.6998854722701778
gyro_norm,10.207,0.6470005906263988
gyro_norm,10.245,0.39428008640196627
gyro_norm,10.294,0.3447041490591588
gyro_norm,10.344,0.4928243513329957
gyro_norm,10.394,0.44771870851045004
gyro_norm,10.444,0.5778623885498255
gyro_norm,10.494,0.23581354662435608
gyro_norm,10.543,0.24857926282736353
gyro_norm,10.609,0.417984672532124
gyro_norm,10.643,0.25414081510533293
gyro_norm,10.692,0.5748163876698209
gyro_norm,10.742,0.5805023999191224
gyro_norm,10.792,0.5202978156114432
gyro_norm,10.842,0.3495690061396069
gyro_norm,10.893,0.5866743776350705
gyro_norm,10.941,0.47229541475104353
gyro_norm,10.991,0.3751383004913706
gyro_norm,11.041,0.37878833285469393
gyro_norm,11.091,0.21161663130420252
gyro_norm,11.14,0.2157589997510498
gyro_norm,11.19,0.3595103683487431
gyro_norm,11.24,0.38308369742890236
gyro_norm,11.29,0.1121889838235987
gyro_norm,11.339,0.44361712727362634
gyro_norm,11.389,0.530349784909682
gyro_norm,11.439,0.38848676453809705
gyro_norm,11.489,0.8444823016153414
gyro_norm,11.539,0.3250899981123805
gyro_norm,11.589,0.5290293767398105
gyro_norm,11.638,0.5966601023490297
gyro_norm,11.692,0.24306306155424245
gyro_norm,11.737,0.6115107877547076
gyro_norm,11.787,0.3015129198598572
gyro_norm,11.837,0.623184418635974
gyro_norm,11.887,0.8459438488933978
gyro_norm,11.936,1.2839959480022474
gyro_norm,11.986,0.3536845779557654
gyro_norm,12.036,0.42831724418929934
gyro_norm,12.086,0.2213033630891864
gyro_norm,12.135,0.3242787059593477
gyro_norm,12.186,0.10377275690840879
gyro_norm,12.235,0.2561635980854121
gyro_norm,12.29,0.20761207840922416
gyro_norm,12.344,0.3895248584732168
gyro_norm,12.384,0.6344162219854453
gyro_norm,12.434,1.6892264057931392
gyro_norm,12.484,0.14443025569871043
gyro_norm,12.541,0.4654247813506016
gyro_norm,12.583,0.4718873867535537
gyro_norm,12.648,0.42981190274286696
gyro_norm,12.683,0.16837669119139295
gyro_norm,12.733,0.43027167056295296
gyro_norm,12.782,0.16937884982941068
gyro_norm,12.832,0.4440277273459492
gyro_norm,12.882,0.3802676650454994
gyro_norm,12.932,0.9335650246437418
gyro_norm,12.981,0.730490601416585
gyro_norm,13.031,0.4262615547531039
gyro_norm,13.081,0.043498000644514145
gyro_norm,13.155,0.571751618745413
gyro_norm,13.182,0.4043764466014757
gyro_norm,13.231,0.20058572419004128
gyro_norm,13.285,0.3026589797058172
gyro_norm,13.336,0.19812945596077539
gyro_norm,13.379,0.07169233073232066
gyro_norm,13.429,0.08936565754030439
gyro_norm,13.479,0.13234270767474554
gyro_norm,13.529,0.18551392720246682
gyro_norm,13.578,0.099880495358287
gyro_norm,13.628,0.4345061646175041
gyro_norm,13.678,0.3973495405499741
gyro_norm,13.728,0.26481808269280216
gyro_norm,13.777,0.37590797309829865
gyro_norm,13.827,0.34205919629092746
gyro_norm,13.877,0.29215553515111226
gyro_norm,13.949,0.5267036597430865
gyro_norm,13.976,0.8034854552490875
gyro_norm,14.026,1.0088573103156808
gyro_norm,14.076,0.38705345601594787
gyro_norm,14.13,0.40966486107706196
gyro_norm,14.176,0.3682489299953671
gyro_norm,14.225,0.31073706827564074
gyro_norm,14.275,0.1639679304178806
gyro_norm,14.325,0.23213625105894245
gyro_norm,14.381,0.84342098584595
gyro_norm,14.436,0.3661226724935973
gyro_norm,14.476,0.3921389623808163
gyro_norm,14.524,0.2112956858604067
gyro_norm,14.575,0.3707013663774211
gyro_norm,14.623,0.3877064111629011
gyro_norm,14.673,0.36158645537743933
gyro_norm,14.73,0.4255295603608694
gyro_norm,14.772,0.4512123765094417
gyro_norm,14.83,1.6138302131019484
gyro_norm,14.872,1.1782966322583723
gyro_norm,14.922,0.5224729241672147
gyro_norm,14.973,0.6604276307753822
gyro_norm,15.021,0.9188907521319658
gyro_norm,15.072,0.6800585310644188
gyro_norm,15.128,0.38542817110277844
gyro_norm,15.17,0.5939193189285912
gyro_norm,15.22,0.41384122174741556
gyro_norm,15.27,0.60687476112103
gyro_norm,15.325,0.38585855155194737
gyro_norm,15.37,1.0884937205439544
gyro_norm,15.419,0.5230436484433129
gyro_norm,15.471,1.0190767577629904
gyro_norm,15.519,0.5431034254446314
gyro_norm,15.569,0.6446360446549898
gyro_norm,15.627,0.7663577421004305
gyro_norm,15.669,0.3567685320365992
gyro_norm,15.718,0.04476753630040204
gyro_norm,15.769,0.34891403064275595
gyro_norm,15.817,0.5320771623882856
gyro_norm,15.867,0.8268292741858282
gyro_norm,15.942,0.6366873856501901
gyro_norm,15.967,0.497279350018542
gyro_norm,16.016,0.4648701165356389
gyro_norm,16.066,0.5133719826075673
gyro_norm,16.116,0.35025476268328726
gyro_norm,16.166,0.26284524610134496
gyro_norm,16.215,0.29821240779523556
gyro_norm,16.267,0.3182035860660257
gyro_norm,16.315,0.3226881037145329
gyro_norm,16.365,0.28940275480050814
gyro_norm,16.415,0.2992215503641592
gyro_norm,16.468,0.3925322688749372
gyro_norm,16.515,0.8109193258961198
gyro_norm,16.565,0.5463782741132568
gyro_norm,16.614,0.7355897829916179
gyro_norm,16.663,0.5223640480924223
gyro_norm,16.713,0.39842845753188505
gyro_norm,16.763,0.2428776182544475
gyro_norm,16.812,0.2043393195857515
gyro_norm,16.862,0.41526033714765664
gyro_norm,16.912,0.2078548846264474
gyro_norm,16.965,0.02423397888526454
gyro_norm,17.011,0.1311990217979339
gyro_norm,17.062,0.047376552191436536
gyro_norm,17.118,0.18081810528414943
gyro_norm,17.161,0.12372228926448943
gyro_norm,17.211,0.5529374113916045
gyro_norm,17.282,0.28550097793104184
gyro_norm,17.314,0.520419651628737
gyro_norm,17.36,0.48970216294610114
gyro_norm,17.411,0.4845766249360095
gyro_norm,17.462,0.43140059237513756
gyro_norm,17.509,0.5335931206311189
gyro_norm,17.559,0.7335015360032848
gyro_norm,17.609,0.20285008927675563
gyro_norm,17.659,0.33627497838941517
gyro_norm,17.708,0.3917451013390282
gyro_norm,17.758,0.6906088372008344
gyro_norm,17.808,0.3152326998348863
gyro_norm,17.859,0.7985039502692636
gyro_norm,17.915,0.2533354599856063
gyro_norm,17.957,0.2782512106856985
gyro_norm,18.008,0.23255622906101928
gyro_norm,18.056,0.1447641397394308
gyro_norm,18.106,0.19489660817549317
gyro_norm,18.156,0.30071609062412785
gyro_norm,18.206,0.1349134034863461
gyro_norm,18.256,0.2469779293222033
gyro_norm,18.309,0.23496539988823953
gyro_norm,18.357,0.876092541900953
gyro_norm,18.414,0.23080559228081934
gyro_norm,18.454,0.5132269200092187
gyro_norm,18.513,0.4187776580778186
gyro_norm,18.554,0.6043601334864929
gyro_norm,18.604,0.3826281682636089
gyro_norm,18.653,0.41421340745291485
gyro_norm,18.703,0.34036018466840273
gyro_norm,18.753,0.10414653284381459
gyro_norm,18.803,0.2363232492075688
gyro_norm,18.853,0.255288065445518
gyro_norm,18.911,0.21674241767152655
gyro_norm,18.952,0.3002488758504989
gyro_norm,19.002,0.4356904240254489
gyro_norm,19.051,0.18539851024443016
gyro_norm,19.108,1.0248584633530609
gyro_norm,19.152,0.7076698071510383
gyro_norm,19.208,0.46070473736415524
gyro_norm,19.252,0.6086687222583103
gyro_norm,19.3,0.6193828526316599
gyro_norm,19.35,0.44250224405650435
gyro_norm,19.4,0.20109885827195617
gyro_norm,19.449,0.3710933967081183
gyro_norm,19.514,0.12965521645132425
gyro_norm,19.549,0.43078702912418865
gyro_norm,19.602,0.8958559115964134
gyro_norm,19.649,0.2851092535669917
gyro_norm,19.698,0.5467155134979148
gyro_norm,19.748,0.28223734064544
gyro_norm,19.798,0.5830191795250875
gyro_norm,19.848,0.30826697569716066
gyro_norm,19.897,0.6881426534463969
gyro_norm,19.947,1.0625093694460888
gyro_norm,19.997,0.540746411953677
gyro_norm,20.047,0.9353533173722567
gyro_norm,20.112,0.823795919528852
gyro_norm,20.146,0.6428748992293577
gyro_norm,20.196,0.8491111212236744
gyro_norm,20.246,0.8419197829685671
gyro_norm,20.295,0.19872520170712776
gyro_norm,20.345,0.5119194644579586
gyro_norm,20.396,0.9731102821081127
gyro_norm,20.445,0.9254262272542995
gyro_norm,20.502,0.47387052842458627
gyro_norm,20.544,0.41831053913341176
gyro_norm,20.594,0.49649478852258905
gyro_norm,20.644,1.1375317728263403
gyro_norm,20.696,0.9255149648351043
gyro_norm,20.744,1.5286264273158365
gyro_norm,20.807,0.7619722320647441
gyro_norm,20.843,1.1334399692579027
gyro_norm,20.893,1.2335991268491142
gyro_norm,20.942,0.8332079718025683
gyro_norm,21.0,0.40021407547057425
gyro_norm,21.042,1.1906951061649922
gyro_norm,21.099,1.1175548746300974
gyro_norm,21.141,0.20368716062996328
gyro_norm,21.191,0.5094909305642776
gyro_norm,21.241,0.42992698292454334
gyro_norm,21.29,0.8778721276516975
gyro_norm,21.34,1.3074876272675493
gyro_norm,21.39,0.5565662618900865
gyro_norm,21.44,0.5980682858687163
gyro_norm,21.49,0.38951952823610975
gyro_norm,21.54,0.5791551153031778
gyro_norm,21.594,0.35818026094466915
gyro_norm,21.639,0.4075380101740268
gyro_norm,21.689,0.27489733539310035
gyro_norm,21.749,0.5759579941772273
gyro_norm,21.788,0.4187621826931016
gyro_norm,21.838,0.8885583841451825
gyro_norm,21.899,0.7240017007680815
gyro_norm,21.937,0.1197094085938104
gyro_norm,21.987,0.5567085511544105
gyro_norm,22.037,0.35073850322997246
gyro_norm,22.087,0.32129136048913015
gyro_norm,22.137,0.3515648001019884
gyro_norm,22.198,0.44918942841412324
gyro_norm,22.236,0.24348617410308235
gyro_norm,22.286,0.24407429713725773
gyro_norm,22.336,0.4102690714729748
gyro_norm,22.387,0.5950169258244605
gyro_norm,22.435,0.5006106764737364
gyro_norm,22.485,0.5196671072614063
gyro_norm,22.534,0.4806323318200626
gyro_norm,22.584,0.2535692037425849
gyro_norm,22.654,0.2910417889723071
gyro_norm,22.684,0.42905926052784693
gyro_norm,22.743,0.38307456595989103
gyro_norm,22.784,0.3478441119170944
gyro_norm,22.835,0.1784826970615785
gyro_norm,22.883,0.13089332005280396
gyro_norm,22.934,0.05267552957700415
gyro_norm,22.982,0.21078793188451445
gyro_norm,23.032,0.36628296684934636
gyro_norm,23.082,0.24223456999112855
gyro_norm,23.131,0.21370528798061064
gyro_norm,23.181,0.2675366769094951
gyro_norm,23.231,0.24165261541794983
gyro_norm,23.281,0.7789273915798168
gyro_norm,23.337,1.1249957926865077
gyro_norm,23.38,0.47637531980252157
gyro_norm,23.43,0.10840865197003065
gyro_norm,23.48,0.3388159726977074
gyro_norm,23.53,0.35419341010917543
gyro_norm,23.58,0.1168440488874144
gyro_norm,23.629,0.4737587805515149
gyro_norm,23.681,0.5691396610579686
gyro_norm,23.729,0.24927917583448322
gyro_norm,23.778,0.44991961165118804
gyro_norm,23.828,0.6104097739549721
gyro_norm,23.878,0.4625403585870354
gyro_norm,23.928,0.1827229490957468
gyro_norm,23.986,0.2609235020898487
gyro_norm,24.027,0.3081980636560108
gyro_norm,24.085,0.4681678641187027
gyro_norm,24.127,0.2898131764481053
gyro_norm,24.176,0.178319672089052
gyro_norm,24.226,0.17009829148657718
gyro_norm,24.276,0.24300920056813
gyro_norm,24.326,0.26978974018856927
gyro_norm,24.379,0.36900153934497915
gyro_norm,24.426,0.4998862544530536
gyro_norm,24.475,0.3789493259616355
gyro_norm,24.525,0.43487973053190065
gyro_norm,24.574,0.5233211850135967
gyro_norm,24.624,0.5437046507821266
gyro_norm,24.674,0.3041301155033876
gyro_norm,24.724,0.559861174752352
gyro_norm,24.773,0.2532493278696365
gyro_norm,24.823,0.18039140819976685
gyro_norm,24.873,0.18275928499166286
gyro_norm,24.923,0.1284924841306436
gyro_norm,24.982,0.3136225111956949
gyro_norm,25.022,0.5486879215136119
gyro_norm,25.072,0.3386958089972079
gyro_norm,25.125,0.5939939474741515
gyro_norm,25.178,0.524149638412327
gyro_norm,25.221,0.3075584432195986
gyro_norm,25.271,0.28072294636804124
gyro_norm,25.321,0.2580893655416974
gyro_norm,25.371,0.2684429191093577
gyro_norm,25.42,0.08086403741470305
gyro_norm,25.477,0.14785411508604984
gyro_norm,25.52,0.12112561747347593
gyro_norm,25.569,0.13200303067453312
gyro_norm,25.619,0.022791343020064518
gyro_norm,25.669,0.1529994280649745
gyro_norm,25.719,0.21835723166914936
gyro_norm,25.769,0.25675268104449034
gyro_norm,25.819,0.4366345433211375
gyro_norm,25.899,0.3178107259268302
gyro_norm,25.929,0.24884817223211653
gyro_norm,25.968,0.48693087252011724
gyro_norm,26.018,0.18888125268304004
gyro_norm,26.071,0.2922113564071878
gyro_norm,26.117,0.3331482303302086
gyro_norm,26.167,0.4528115185882807
gyro_norm,26.219,0.676288286184802
gyro_norm,26.266,0.3617309390976942
gyro_norm,26.316,0.3262626802881407
gyro_norm,26.373,0.3121616790904877
gyro_norm,26.415,0.49190256983947805
gyro_norm,26.473,0.3511503798241175
gyro_norm,26.515,0.359170817321671
gyro_norm,26.573,0.6116952109852959
gyro_norm,26.614,0.28693898186541705
gyro_norm,26.671,0.37193723251127975
gyro_norm,26.714,0.39879547095696904
gyro_norm,26.764,0.38529846036189125
gyro_norm,26.813,0.23199079486290272
gyro_norm,26.863,0.22811325183709424
gyro_norm,26.913,0.24600947521979252
gyro_norm,26.963,0.3215157662138748
gyro_norm,27.012,0.5619058581248384
gyro_norm,27.062,0.5823915597364783
gyro_norm,27.112,0.2889649356582954
gyro_norm,27.18,0.3584476887914848
gyro_norm,27.211,0.7391191435721487
gyro_norm,27.263,0.8731360838337145
gyro_norm,27.311,0.6727653250729668
gyro_norm,27.368,0.7324965828773136
gyro_norm,27.41,0.5418275677967451
gyro_norm,27.46,0.27394376235608997
gyro_norm,27.51,0.2840970536417734
gyro_norm,27.562,0.6116283128801875
gyro_norm,27.611,1.9791594470303193
gyro_norm,27.659,0.8409149989260518
gyro_norm,27.711,0.853429501473572
gyro_norm,27.759,0.4768042431906653
gyro_norm,27.808,0.6120006026436928
gyro_norm,27.86,0.4843079905834442
gyro_norm,27.909,0.49001562706664986
gyro_norm,27.958,0.545625026264569
gyro_norm,28.008,0.4277118721598266
gyro_norm,28.058,0.3580138991821509
gyro_norm,28.107,0.291829231450451
gyro_norm,28.163,0.8949666898076136
gyro_norm,28.215,0.26643266262896376
gyro_norm,28.263,0.392401868764347
gyro_norm,28.306,0.5227791946941164
gyro_norm,28.356,0.6498989728155924
gyro_norm,28.406,0.453895125112233
gyro_norm,28.455,0.586008546975691
gyro_norm,28.506,0.3608085669518151
gyro_norm,28.555,0.059848896467771834
gyro_norm,28.605,0.2885111053858002
gyro_norm,28.654,0.3752640413470276
gyro_norm,28.704,0.3528266228997526
gyro_norm,28.754,1.5410475324268653
gyro_norm,28.804,0.9895277787628473
gyro_norm,28.853,0.2190319081745631
gyro_norm,28.903,0.45865029388399037
gyro_norm,28.953,0.2580994463468064
gyro_norm,29.003,0.3643235687228504
gyro_norm,29.059,0.1820266617084825
gyro_norm,29.102,0.24635674190718015
gyro_norm,29.152,0.05397912702254185
gyro_norm,29.202,0.3353945634774938
gyro_norm,29.251,0.3259873915814217
gyro_norm,29.301,0.8166564952575517
gyro_norm,29.361,0.3391593855276978
gyro_norm,29.401,0.20216984319535816
gyro_norm,29.45,0.6413735929372629
gyro_norm,29.5,0.4415732510572685
gyro_norm,29.55,0.25209871873970185
gyro_norm,29.6,0.34171503666735414
gyro_norm,29.663,0.27260702007876936
gyro_norm,29.704,0.2548707235234308
gyro_norm,29.749,0.25437895838229774
gyro_norm,29.799,0.17265602869819946
gyro_norm,29.849,0.3039277614771844
gyro_norm,29.898,0.2993329053399592
gyro_norm,29.948,1.2199394594181028
gyro_norm,29.998,0.8724614345185685
gyro_norm,30.048,0.7473704254462197
gyro_norm,30.098,0.41910539617828624
gyro_norm,30.154,0.4767283906416425
gyro_norm,30.197,0.44358360645603323
gyro_norm,30.247,0.6730842660978483
gyro_norm,30.296,0.4372631939322149
gyro_norm,30.346,0.2608084448427351
gyro_norm,30.4,0.3916878612661513
gyro_norm,30.446,0.40203476999309085
gyro_norm,30.498,0.534804504369429
gyro_norm,30.546,0.788207796261777
gyro_norm,30.595,0.25069482273880006
gyro_norm,30.652,0.690387816056095
gyro_norm,30.694,0.7408897261329339
gyro_norm,30.744,0.5418485619930633
gyro_norm,30.794,0.47926431931690366
gyro_norm,30.844,0.4276135625015972
gyro_norm,30.893,0.4575929059472285
gyro_norm,30.965,1.008757310859728
gyro_norm,30.995,1.0099330353204965
gyro_norm,31.044,0.46417395014739127
gyro_norm,31.093,0.6762043687555302
gyro_norm,31.144,0.4514669186823545
gyro_norm,31.192,0.5070734571653734
gyro_norm,31.242,0.5124358639424654
gyro_norm,31.291,0.5535059181762579
gyro_norm,31.343,0.350681885968575
gyro_norm,31.396,0.23907706456811248
gyro_norm,31.449,0.5810529265418938
gyro_norm,31.492,0.3949401469708926
gyro_norm,31.54,0.573213167310616
gyro_norm,31.591,0.8392787551603874
gyro_norm,31.64,0.39971867423410734
gyro_norm,31.69,0.7805543023288315
gyro_norm,31.739,0.531754296921535
gyro_norm,31.789,0.7918599566393605
gyro_norm,31.839,0.33184513702261254
gyro_norm,31.889,0.4132479489425142
gyro_norm,31.938,0.6132829380995753
gyro_norm,31.99,0.24157044445808873
gyro_norm,32.038,0.26317270410114424
gyro_norm,32.087,0.44186001769922634
gyro_norm,32.137,0.4267153888617006
gyro_norm,32.187,0.6998841356213996
gyro_norm,32.244,0.4411223347325456
gyro_norm,32.293,0.19621624583701588
gyro_norm,32.336,0.38718472918074676
gyro_norm,32.386,0.4610294471178326
gyro_norm,32.436,0.29196416212874776
gyro_norm,32.486,0.14602891363146656
gyro_norm,32.54,0.06849987597650789
gyro_norm,32.585,0.2686871303696749
gyro_norm,32.635,0.1568505782604177
gyro_norm,32.685,0.44639236949092476
gyro_norm,32.734,0.2918588535682322
gyro_norm,32.784,0.8871877291153708
gyro_norm,32.834,0.2499167252252523
gyro_norm,32.884,0.4971400935080151
gyro_norm,32.941,0.5663953576278667
gyro_norm,32.983,0.653890569972982
gyro_norm,33.033,0.37079083775553917
gyro_norm,33.083,0.5586165737467842
gyro_norm,33.132,0.485750236909341
gyro_norm,33.182,0.25133304919322347
gyro_norm,33.232,0.33605268181719955
gyro_norm,33.282,0.5106140296083505
gyro_norm,33.331,0.4027362967609716
gyro_norm,33.382,0.8000125342035299
gyro_norm,33.431,1.2186412072763881
gyro_norm,33.485,0.40261068914371373
gyro_norm,33.53,0.5951526305685104
gyro_norm,33.586,0.5412252681268348
gyro_norm,33.637,0.44656006839301327
gyro_norm,33.68,0.33530023818913957
gyro_norm,33.73,0.3489084954773536
gyro_norm,33.779,0.4028311325326215
gyro_norm,33.829,0.3996355620157588
gyro_norm,33.879,0.6470836859493813
gyro_norm,33.936,0.5550686457040783
gyro_norm,33.978,0.1622685043285355
gyro_norm,34.036,0.4520398915356827
gyro_norm,34.078,0.11387087620792988
gyro_norm,34.128,0.1846690835765271
gyro_norm,34.179,0.5128183112419139
gyro_norm,34.235,0.44076513627936553
gyro_norm,34.277,0.3724022953050577
gyro_norm,34.327,0.11540831859316157
gyro_norm,34.376,0.3104444741347287
gyro_norm,34.426,0.3133599509486977
gyro_norm,34.476,0.4835972145715596
gyro_norm,34.526,0.5553893652792741
gyro_norm,34.595,0.6098731831883202
gyro_norm,34.625,0.441465919712283
gyro_norm,34.684,0.2887543499020366
gyro_norm,34.725,0.2527792895044239
gyro_norm,34.774,0.33199920880788963
gyro_norm,34.824,0.31223578397546004
gyro_norm,34.88,0.4045893391620975
gyro_norm,34.924,0.2820301431934946
gyro_norm,34.973,0.41965051677155196
gyro_norm,35.023,0.4192584106251673
gyro_norm,35.073,0.36111587060381517
gyro_norm,35.123,0.42270601529523605
gyro_norm,35.173,0.5061175365861316
gyro_norm,35.222,0.26580634613403514
gyro_norm,35.272,0.25406671556099747
gyro_norm,35.322,0.4591284358860795
gyro_norm,35.372,0.5681194341720963
gyro_norm,35.429,0.8300833828521829
gyro_norm,35.485,0.6052311527021222
gyro_norm,35.528,0.6140864289674369
gyro_norm,35.573,0.6338267684619135
gyro_norm,35.63,0.4606027900358126
gyro_norm,35.674,0.385448513911291
gyro_norm,35.72,0.345279090816506
gyro_norm,35.77,0.5568186407763243
gyro_norm,35.819,0.4909972570367088
gyro_norm,35.869,0.5504580971173789
gyro_norm,35.92,0.7637013353228065
gyro_norm,35.971,0.6362804717113405
gyro_norm,36.018,0.19581400408558247
gyro_norm,36.068,0.28543556779449963
gyro_norm,36.118,0.26187600087968754
gyro_norm,36.169,0.3818731523806924
gyro_norm,36.217,0.22178205078929084
gyro_norm,36.267,0.2218198247947937
gyro_norm,36.317,0.3151595568469013
gyro_norm,36.367,0.33054431275090723
gyro_norm,36.416,0.3720367066292327
gyro_norm,36.466,0.3653108848195192
gyro_norm,36.516,0.4707591722000341
gyro_norm,36.566,0.10399358238923934
gyro_norm,36.615,0.5979787810579162
gyro_norm,36.665,0.47256537550963146
gyro_norm,36.715,0.3693980217249831
gyro_norm,36.77,0.21761877386619644
gyro_norm,36.814,0.09436126717767417
gyro_norm,36.864,0.1704373181984191
gyro_norm,36.914,0.1617334335364413
gyro_norm,36.964,0.5521930830608697
gyro_norm,37.014,1.1490593546726413
gyro_norm,37.063,0.8234352777708516
gyro_norm,37.114,0.1907180782993952
gyro_norm,37.163,0.3204675251767413
gyro_norm,37.212,0.3240670424374626
gyro_norm,37.262,0.3634901626501778
gyro_norm,37.312,0.2210780820667777
gyro_norm,37.362,0.22061349537017258
gyro_norm,37.411,0.19391345787661834
gyro_norm,37.461,0.3358527963168708
gyro_norm,37.511,0.10082972959778634
gyro_norm,37.561,0.4175972825396863
gyro_norm,37.619,0.5259019176341273
gyro_norm,37.66,0.14295893853534122
gyro_norm,37.718,0.42230112807007686
gyro_norm,37.76,0.2763717692660605
gyro_norm,37.809,0.2939664922075547
gyro_norm,37.859,0.32453094599271604
gyro_norm,37.917,0.3895493152273494
gyro_norm,37.959,0.10889099399222218
gyro_norm,38.009,0.30467923534982555
gyro_norm,38.058,0.3589572396609987
gyro_norm,38.108,0.6226940710815599
gyro_norm,38.158,1.263137541579749
gyro_norm,38.208,0.35952373673305876
gyro_norm,38.258,0.16603870655057543
gyro_norm,38.307,0.14412235980137938
gyro_norm,38.359,0.23418968659027922
gyro_norm,38.407,0.24048771418108728
gyro_norm,38.457,0.2590107883927606
gyro_norm,38.506,0.24910087080846216
gyro_norm,38.579,0.20382659277447135
gyro_norm,38.606,0.27384547818442456
gyro_norm,38.655,0.2006720586356487
gyro_norm,38.706,0.6920649722066455
gyro_norm,38.755,0.30602645329601774
gyro_norm,38.805,0.4454782857362137
gyro_norm,38.854,0.31314484273555115
gyro_norm,38.904,0.5561868724140547
gyro_norm,38.954,0.3077534774277443
gyro_norm,39.006,0.4067491939634491
gyro_norm,39.053,0.4606315785684053
gyro_norm,39.103,0.2668824263693055
gyro_norm,39.153,0.16625842076857958
gyro_norm,39.203,0.32620684986488035
gyro_norm,39.252,0.3649556119244468
gyro_norm,39.302,0.5126086217318538
gyro_norm,39.352,0.4297230647701693
gyro_norm,39.402,0.5246182824303354
gyro_norm,39.454,0.17516177297268815
gyro_norm,39.501,0.4944192924242191
gyro_norm,39.552,0.17372419733592162
gyro_norm,39.601,0.31849626868157643
gyro_norm,39.65,0.3643949280005721
gyro_norm,39.7,0.24501367349333047
gyro_norm,39.75,0.21800172496665846
gyro_norm,39.804,0.3165395655554633
gyro_norm,39.85,0.3565141056408084
gyro_norm,39.899,0.18748048650140142
gyro_norm,39.949,0.2020532673056751
gyro_norm,39.999,0.4656015410703588
gyro_norm,40.049,0.3598699288484873
gyro_norm,40.106,0.43208794328236294
gyro_norm,40.148,0.3593868901836306
gyro_norm,40.198,0.5658872585914706
gyro_norm,40.247,0.38710232574946096
gyro_norm,40.297,0.4534079855714919
gyro_norm,40.347,0.3794677814487322
gyro_norm,40.397,0.7535397501464077
gyro_norm,40.446,0.22680108819152742
gyro_norm,40.496,0.3490683896328318
gyro_norm,40.548,0.7146863607997884
gyro_norm,40.597,0.20689398295546096
gyro_norm,40.646,0.5440971454559796
gyro_norm,40.695,0.4357524021064508
gyro_norm,40.745,0.7850604684478723
gyro_norm,40.802,0.6325603836203807
gyro_norm,40.845,0.6122663452352394
gyro_norm,40.895,0.233971591036344
gyro_norm,40.944,0.15575944785314585
gyro_norm,40.994,0.5627868259327166
gyro_norm,41.046,0.39469709319104196
gyro_norm,41.093,0.5387796056177392
gyro_norm,41.152,0.7109676322472792
gyro_norm,41.193,0.45808983188845426
gyro_norm,41.244,0.6256869980214487
gyro_norm,41.293,1.0960550697265965
gyro_norm,41.342,0.6214249241029711
gyro_norm,41.392,0.5945910878751132
gyro_norm,41.442,0.42916779536231264
gyro_norm,41.491,0.2932230050729908
gyro_norm,41.541,0.2780456310756871
gyro_norm,41.591,0.32898249470286073
gyro_norm,41.641,0.5148824363491192
gyro_norm,41.69,1.5915863744039336
gyro_norm,41.74,0.09415611781885196
gyro_norm,41.79,0.38733716361467857
gyro_norm,41.84,0.5314021799686753
gyro_norm,41.897,0.47148215962958706
gyro_norm,41.939,0.26238002415669803
gyro_norm,41.989,0.24337028192362367
gyro_norm,42.039,0.35467696865632
gyro_norm,42.088,0.40928009696286266
gyro_norm,42.139,0.7734766160285146
gyro_norm,42.201,0.2836509681635916
gyro_norm,42.243,1.064616052134361
gyro_norm,42.288,0.6030956004363558
gyro_norm,42.337,0.5867928436394713
gyro_norm,42.387,0.8398066461260688
gyro_norm,42.441,0.41747658287091605
gyro_norm,42.487,0.3759284282686935
gyro_norm,42.536,0.9851947845827783
gyro_norm,42.586,0.6784833291309537
gyro_norm,42.636,0.5511420933782522
gyro_norm,42.686,0.6068750621852199
gyro_norm,42.735,0.5578620519168218
gyro_norm,42.786,1.4659115216189182
gyro_norm,42.836,1.1883696076491215
gyro_norm,42.885,0.7469443786536614
gyro_norm,42.934,1.2031096562215295
gyro_norm,42.992,1.2524078995107153
gyro_norm,43.035,1.0513161618349651
gyro_norm,43.085,0.43845759222518255
gyro_norm,43.135,0.7900793322193276
gyro_norm,43.183,0.2301467784836194
gyro_norm,43.233,0.7890092380494803
gyro_norm,43.287,0.8029792841782238
gyro_norm,43.332,2.2137227707196825
gyro_norm,43.389,0.5041934736517805
gyro_norm,43.433,1.5106950168638047
gyro_norm,43.499,1.5622745090267678
gyro_norm,43.533,0.925374840101956
gyro_norm,43.589,0.4141081095501013
gyro_norm,43.631,1.093531878393859
gyro_norm,43.688,0.851502938928948
gyro_norm,43.73,0.4551941160759724
gyro_norm,43.809,1.045061468787158
gyro_norm,43.85,1.5296817171753492
gyro_norm,43.883,1.0957656481811038
gyro_norm,43.94,1.1099305285650507
gyro_norm,43.999,0.9357492872388956
gyro_norm,44.04,1.205330794342475
gyro_norm,44.081,1.28147517246707
gyro_norm,44.141,1.0439886597706294
gyro_norm,44.193,0.7895367327554634
gyro_norm,44.234,0.7833410433771018
gyro_norm,44.295,0.5327459426086066
gyro_norm,44.329,0.429711705687657
gyro_norm,44.397,0.7169461621586174
gyro_norm,44.447,0.49844516222641816
gyro_norm,44.485,0.781335846339368
gyro_norm,44.528,0.5272687993618671
gyro_norm,44.577,0.8855492675996586
gyro_norm,44.627,0.907125106403196
gyro_norm,44.676,0.341262227148269
gyro_norm,44.731,0.8798496879308534
gyro_norm,44.775,1.0702849126490348
gyro_norm,44.825,0.8545122834239023
gyro_norm,44.88,0.8060587306658501
gyro_norm,44.925,0.8126093310844592
gyro_norm,44.982,0.7033367222278678
gyro_norm,45.027,0.999160768870123
gyro_norm,45.074,0.8734722404034336
gyro_norm,45.124,1.1295214792338386
gyro_norm,45.182,1.0228903444705932
gyro_norm,45.244,1.3082128623223612
gyro_norm,45.278,0.9419340182531581
gyro_norm,45.334,0.8115016057054615
gyro_norm,45.372,0.5016623682257663
gyro_norm,45.422,0.5379261975744901
gyro_norm,45.475,0.4854539439702346
gyro_norm,45.524,0.3712957559643494
gyro_norm,45.571,0.2825393405377796
gyro_norm,45.621,0.4203190302752563
gyro_norm,45.678,0.4533726854715107
gyro_norm,45.721,0.6659656883642562
gyro_norm,45.77,0.3396288452924497
gyro_norm,45.82,0.45138408353640913
gyro_norm,45.87,0.42199946129148963
gyro_norm,45.92,0.3482852806481594
gyro_norm,45.975,0.47736001120705257
gyro_norm,46.019,0.5131370232968173
gyro_norm,46.069,0.5167774186326032
gyro_norm,46.119,0.5093432717688569
gyro_norm,46.169,0.4544773958079478
gyro_norm,46.242,0.7906258958453598
gyro_norm,46.268,0.3990713293372167
gyro_norm,46.319,0.4427133529116753
gyro_norm,46.375,0.4351088232574751
gyro_norm,46.418,0.6238124855699014
gyro_norm,46.467,0.6498194983471192
gyro_norm,46.517,0.7715490010287166
gyro_norm,46.574,0.555056825566835
gyro_norm,46.616,0.31468759185240425
gyro_norm,46.666,0.38670405751173903
gyro_norm,46.718,0.6624031896468494
gyro_norm,46.766,0.7138438934610124
gyro_norm,46.815,0.9723414267247915
gyro_norm,46.874,0.8195481509981997
gyro_norm,46.917,0.9417830692519087
gyro_norm,46.978,1.3518693007860416
gyro_norm,47.017,1.0674824217568908
gyro_norm,47.073,1.0476283844617134
gyro_norm,47.117,1.0163190922477745
