sensor,time_s,value
dynamic_accel,0.081,0.12924299709102272
dynamic_accel,0.131,-0.06240280346539073
dynamic_accel,0.181,-0.15384387943140077
dynamic_accel,0.231,-0.1822345136729009
dynamic_accel,0.281,-0.13854819537709417
dynamic_accel,0.331,0.004615699153601938
dynamic_accel,0.381,0.12837902839524773
dynamic_accel,0.431,0.10546946078787123
dynamic_accel,0.481,-0.013323930232276737
dynamic_accel,0.531,0.17402663123826478
dynamic_accel,0.581,0.12789827851183233
dynamic_accel,0.631,0.0239467101840809
dynamic_accel,0.681,0.09286959663256589
dynamic_accel,0.731,-0.05072566387825006
dynamic_accel,0.781,-0.30652513292745986
dynamic_accel,0.831,0.15097149552486044
dynamic_accel,0.881,-0.046488867726164784
dynamic_accel,0.931,0.010695317746456823
dynamic_accel,0.981,-0.3677560152323913
dynamic_accel,1.031,-0.1196756525819982
dynamic_accel,1.081,-0.18946293066208675
dynamic_accel,1.131,0.6431930252335327
dynamic_accel,1.181,0.09289389323359032
dynamic_accel,1.231,-0.10707831761757092
dynamic_accel,1.281,0.009410360756680447
dynamic_accel,1.331,-0.03786836826012774
dynamic_accel,1.381,0.18753570058010993
dynamic_accel,1.431,0.06925003434574428
dynamic_accel,1.481,0.024215175623911733
dynamic_accel,1.531,-0.01521418889340076
dynamic_accel,1.581,-0.13756679419865847
dynamic_accel,1.631,-0.29754219132705195
dynamic_accel,1.681,-0.3410496405810619
dynamic_accel,1.731,-0.3966259804649521
dynamic_accel,1.781,-0.44535269668213573
dynamic_accel,1.831,-0.24236453254371781
dynamic_accel,1.881,0.1978630975154303
dynamic_accel,1.931,0.18056579004893614
dynamic_accel,1.981,0.03624114107115162
dynamic_accel,2.031,0.7255240719271807
dynamic_accel,2.081,1.4718468346456532
dynamic_accel,2.131,1.5615385554770533
dynamic_accel,2.181,0.4500660894863202
dynamic_accel,2.231,-0.4173657079182451
dynamic_accel,2.281,-0.7807238569274162
dynamic_accel,2.331,-0.6362794690297271
dynamic_accel,2.381,-0.444429176368919
dynamic_accel,2.431,-0.3024081404519592
dynamic_accel,2.481,-0.810232620114137
dynamic_accel,2.531,-0.8591222130400205
dynamic_accel,2.581,-0.3352817646147077
dynamic_accel,2.631,-0.1827755110532614
dynamic_accel,2.681,-0.2292302415822398
dynamic_accel,2.731,-0.08853822760230834
dynamic_accel,2.781,0.22389488661210777
dynamic_accel,2.831,0.7822517013393213
dynamic_accel,2.881,0.8971050720534475
dynamic_accel,2.931,1.1158678478542416
dynamic_accel,2.981,1.049875890454155
dynamic_accel,3.031,0.6112066026910341
dynamic_accel,3.081,0.2381803393873554
dynamic_accel,3.131,-0.6242001256767438
dynamic_accel,3.181,-1.096694057172769
dynamic_accel,3.231,-1.0903694572182392
dynamic_accel,3.281,-1.1324040252773369
dynamic_accel,3.331,-0.680374873155861
dynamic_accel,3.381,-0.27745017646231673
dynamic_accel,3.431,-0.008756274625769223
dynamic_accel,3.481,0.023073527524173798
dynamic_accel,3.531,0.05193465183608126
dynamic_accel,3.581,0.23647801859518758
dynamic_accel,3.631,0.41461017897103325
dynamic_accel,3.681,1.556689136979621
dynamic_accel,3.731,2.395307012328651
dynamic_accel,3.781,0.9813008979751601
dynamic_accel,3.831,-0.8054100437494718
dynamic_accel,3.881,-0.5286771195927535
dynamic_accel,3.931,0.00249840073896479
dynamic_accel,3.981,-0.9985025177520157
dynamic_accel,4.031,-1.4557522978911148
dynamic_accel,4.081,-1.254998078067704
dynamic_accel,4.131,-0.674636627952161
dynamic_accel,4.181,0.09267045080168756
dynamic_accel,4.231,0.26136280060751993
dynamic_accel,4.281,0.18870128564439348
dynamic_accel,4.331,-0.07013454501643146
dynamic_accel,4.381,0.19618905339308412
dynamic_accel,4.431,0.4455035144332591
dynamic_accel,4.481,0.9101595539460803
dynamic_accel,4.531,0.7881046800624656
dynamic_accel,4.581,0.18925017570070146
dynamic_accel,4.631,1.1130771736432141
dynamic_accel,4.681,0.08614603691071743
dynamic_accel,4.731,0.06521757399392669
dynamic_accel,4.781,0.2031090888252951
dynamic_accel,4.831,-0.8394323666759913
dynamic_accel,4.881,-1.5296833234759077
dynamic_accel,4.931,-0.9764679495658299
dynamic_accel,4.981,-0.30010108111956235
dynamic_accel,5.031,0.09886072867727691
dynamic_accel,5.081,0.1363106466463151
dynamic_accel,5.131,-0.17385588339628022
dynamic_accel,5.181,-0.3131741790946023
dynamic_accel,5.231,0.07226787532981227
dynamic_accel,5.281,-0.04825699680794848
dynamic_accel,5.331,0.08192449270431013
dynamic_accel,5.381,0.3304541723371113
dynamic_accel,5.431,1.9514804880202838
dynamic_accel,5.481,1.0119389287224045
dynamic_accel,5.531,1.5394004688894523
dynamic_accel,5.581,-0.64012414403091
dynamic_accel,5.631,-1.7260645743953358
dynamic_accel,5.681,-0.4251831085330888
dynamic_accel,5.731,-0.05621605130117757
dynamic_accel,5.781,0.04927874433760948
dynamic_accel,5.831,-1.2240936149014026
dynamic_accel,5.881,-0.8483019058671424
dynamic_accel,5.931,-0.2030277430210301
dynamic_accel,5.981,-0.2750959496128331
dynamic_accel,6.031,-0.184763354552139
dynamic_accel,6.081,-0.22556293824081308
dynamic_accel,6.131,0.42082401103767
dynamic_accel,6.181,0.5979138019746166
dynamic_accel,6.231,1.104064735139536
dynamic_accel,6.281,1.7601732086652735
dynamic_accel,6.331,1.4995095482862997
dynamic_accel,6.381,1.188290643748692
dynamic_accel,6.431,-0.3813606979745927
dynamic_accel,6.481,-0.6551834289550396
dynamic_accel,6.531,-1.0749120100280205
dynamic_accel,6.581,-1.3396882953370621
dynamic_accel,6.631,-1.4935993632899454
dynamic_accel,6.681,-1.0149779216622488
dynamic_accel,6.731,-0.7985152078525193
dynamic_accel,6.781,-0.4848151593237606
dynamic_accel,6.831,0.36191397163387506
dynamic_accel,6.881,0.07669486559550265
dynamic_accel,6.931,0.08348600311490628
dynamic_accel,6.981,0.20848125719935418
dynamic_accel,7.031,1.0363723580377968
dynamic_accel,7.081,2.491019985468922
dynamic_accel,7.131,1.3220777894653413
dynamic_accel,7.181,1.865913161436712
dynamic_accel,7.231,-0.8908310961543311
dynamic_accel,7.281,-0.5780174304349703
dynamic_accel,7.331,-1.1943257776619642
dynamic_accel,7.381,-1.5447255449389221
dynamic_accel,7.431,-1.2305017197014685
dynamic_accel,7.481,-0.3117137899324014
dynamic_accel,7.531,-0.20856342189619603
dynamic_accel,7.581,-0.020821760466608552
dynamic_accel,7.631,-0.2062616988619137
dynamic_accel,7.681,-0.11459535031526968
dynamic_accel,7.731,-0.0358246512965259
dynamic_accel,7.781,0.4898526859256389
dynamic_accel,7.831,0.6492175578566677
dynamic_accel,7.881,0.6950084939583459
dynamic_accel,7.931,1.4021500637275963
dynamic_accel,7.981,1.701770370915824
dynamic_accel,8.031,-0.14963603097212363
dynamic_accel,8.081,-0.22293952667782158
dynamic_accel,8.131,-0.9010636564851033
dynamic_accel,8.181,-1.23462962332618
dynamic_accel,8.231,-0.768789155747724
dynamic_accel,8.281,-0.5288255143511478
dynamic_accel,8.331,-0.6302669677198462
dynamic_accel,8.381,-0.755573457350037
dynamic_accel,8.431,-0.3559093268064668
dynamic_accel,8.481,-0.06482800188226889
dynamic_accel,8.531,0.019374482480444044
dynamic_accel,8.581,0.124846500690456
dynamic_accel,8.631,0.7871013121028749
dynamic_accel,8.681,2.0579400295916557
dynamic_accel,8.731,3.5915087517941675
dynamic_accel,8.781,1.001359669712036
dynamic_accel,8.831,-1.059772574059883
dynamic_accel,8.881,-1.145524646600725
dynamic_accel,8.931,-1.399952133710677
dynamic_accel,8.981,-1.6526790510763227
dynamic_accel,9.031,-1.3547200195217677
dynamic_accel,9.081,-0.8393773441931689
dynamic_accel,9.131,-0.6835697868763866
dynamic_accel,9.181,0.16587085559384107
dynamic_accel,9.231,0.3184779368155155
dynamic_accel,9.281,0.7244838911938807
dynamic_accel,9.331,0.8204763180593204
dynamic_accel,9.381,2.029841829433437
dynamic_accel,9.431,2.33986813410716
dynamic_accel,9.481,0.36765380259550007
dynamic_accel,9.531,0.09202664083660572
dynamic_accel,9.581,-0.19259729312564922
dynamic_accel,9.631,-2.0737511899923664
dynamic_accel,9.681,-1.875937697625913
dynamic_accel,9.731,-0.6747790316118341
dynamic_accel,9.781,-0.4811597934274321
dynamic_accel,9.831,-0.336657501102513
dynamic_accel,9.881,-0.08861859572269815
dynamic_accel,9.931,0.11162777729644802
dynamic_accel,9.981,0.03769735670567265
dynamic_accel,10.031,0.40339557273408566
dynamic_accel,10.081,0.5280917802256884
dynamic_accel,10.131,0.6369510272828798
dynamic_accel,10.181,1.0850007593180901
dynamic_accel,10.231,0.7982107440700368
dynamic_accel,10.281,2.28332214488006
dynamic_accel,10.331,-0.9079797737510535
dynamic_accel,10.381,-0.49991880302998304
dynamic_accel,10.431,-1.1610508756711209
dynamic_accel,10.481,-1.2079855621915812
dynamic_accel,10.531,-0.9486565317520181
dynamic_accel,10.581,-0.7190294499842409
dynamic_accel,10.631,-0.29796348811622586
dynamic_accel,10.681,-0.17955916027838015
dynamic_accel,10.731,0.007690090865983379
dynamic_accel,10.781,-0.04332216446376336
dynamic_accel,10.831,0.09576131720252867
dynamic_accel,10.881,0.6922217872581307
dynamic_accel,10.931,1.4554001244575812
dynamic_accel,10.981,1.0439538789800675
dynamic_accel,11.031,1.1443211452931248
dynamic_accel,11.081,0.9790160564684331
dynamic_accel,11.131,-0.4050846800100434
dynamic_accel,11.181,-0.8184008737137809
dynamic_accel,11.231,-1.4540255749646622
dynamic_accel,11.281,-1.259016860976443
dynamic_accel,11.331,-0.6162635832572239
dynamic_accel,11.381,-0.05772362757495486
dynamic_accel,11.431,-0.055232536766459006
dynamic_accel,11.481,-0.10662454020264889
dynamic_accel,11.531,0.010157431313707832
dynamic_accel,11.581,0.04306509639379286
dynamic_accel,11.631,0.1808311871314885
dynamic_accel,11.681,0.5964308056475307
dynamic_accel,11.731,0.8385738812487027
dynamic_accel,11.781,0.7680730167900958
dynamic_accel,11.831,1.1098836717684026
dynamic_accel,11.881,0.18682155791079502
dynamic_accel,11.931,-0.7132333338931414
dynamic_accel,11.981,-0.020281408631966258
dynamic_accel,12.031,-0.7129669348396259
dynamic_accel,12.081,-1.2617294058210824
dynamic_accel,12.131,-0.8466802987707371
dynamic_accel,12.181,-0.2506503957945174
dynamic_accel,12.231,-0.177057957608465
dynamic_accel,12.281,0.023313702858930085
dynamic_accel,12.331,0.19446953121913246
dynamic_accel,12.381,0.11126857922007893
dynamic_accel,12.431,0.22063167420348506
dynamic_accel,12.481,0.6659484837514729
dynamic_accel,12.531,1.0414974485477408
dynamic_accel,12.581,1.1233555588538113
dynamic_accel,12.631,0.5056351324218813
dynamic_accel,12.681,-0.001771151782032021
dynamic_accel,12.731,0.29973174827187066
dynamic_accel,12.781,-1.2301259902296255
dynamic_accel,12.831,-1.0394405227621242
dynamic_accel,12.881,-0.579826966072595
dynamic_accel,12.931,-0.3421384223990689
dynamic_accel,12.981,-0.1540226531993163
dynamic_accel,13.031,-0.10398443964585447
dynamic_accel,13.081,-0.12368573636468128
dynamic_accel,13.131,-0.048058682320693435
dynamic_accel,13.181,-0.04351353080630105
dynamic_accel,13.231,0.08861745778467167
dynamic_accel,13.281,0.046321870841005364
dynamic_accel,13.331,0.1474613278518504
dynamic_accel,13.381,0.2828676201006832
dynamic_accel,13.431,0.4395987687060465
dynamic_accel,13.481,1.8161394589622333
dynamic_accel,13.531,1.093193066641227
dynamic_accel,13.581,-0.9661646028362991
dynamic_accel,13.631,-0.5789176358197601
dynamic_accel,13.681,0.1699279473343367
dynamic_accel,13.731,-0.24996679245760411
dynamic_accel,13.781,-1.0746368408329818
dynamic_accel,13.831,-1.0801607993525497
dynamic_accel,13.881,-0.4598314431445818
dynamic_accel,13.931,0.054985688100458674
dynamic_accel,13.981,0.26646976183325854
dynamic_accel,14.031,0.022817080743113394
dynamic_accel,14.081,-0.290636018475956
dynamic_accel,14.131,0.15941280219902332
dynamic_accel,14.181,0.5461432311396415
dynamic_accel,14.231,1.0059595317526
dynamic_accel,14.281,0.8660188168501115
dynamic_accel,14.331,0.6698505526354399
dynamic_accel,14.381,0.9084969632529134
dynamic_accel,14.431,-0.5249029252091173
dynamic_accel,14.481,-1.0603541757483956
dynamic_accel,14.531,-0.5805515842675231
dynamic_accel,14.581,-0.3862236093185878
dynamic_accel,14.631,-0.44661564770062157
dynamic_accel,14.681,-0.3833451876745517
dynamic_accel,14.731,-0.20884759018088772
dynamic_accel,14.781,-0.1331431878878533
dynamic_accel,14.831,-0.16276063267671503
dynamic_accel,14.881,-0.2500989812334531
dynamic_accel,14.931,-0.1816816312972307
dynamic_accel,14.981,-0.08871916837870764
dynamic_accel,15.031,0.08247375204381413
dynamic_accel,15.081,0.48760370664932395
dynamic_accel,15.131,0.9198953628994921
dynamic_accel,15.181,1.17698981530358
dynamic_accel,15.231,2.3416632321137385
dynamic_accel,15.281,-0.06119866152488029
dynamic_accel,15.331,-1.1607584292909703
dynamic_accel,15.381,-0.1489739793273035
dynamic_accel,15.431,-0.27953569947630896
dynamic_accel,15.481,-1.2150747227537142
dynamic_accel,15.531,-1.5751590167001126
dynamic_accel,15.581,-1.2001139918738044
dynamic_accel,15.631,-0.4919587514181565
dynamic_accel,15.681,0.03668880686674569
dynamic_accel,15.731,0.3846433758942638
dynamic_accel,15.781,0.7201790591588004
dynamic_accel,15.831,0.6056102016576297
dynamic_accel,15.881,1.348105794744404
dynamic_accel,15.931,1.7368682281476264
dynamic_accel,15.981,0.6519447219312511
dynamic_accel,16.031,0.05452440725379226
dynamic_accel,16.081,0.8999289490697535
dynamic_accel,16.131,-0.8517661567048354
dynamic_accel,16.181,-1.7570854245006977
dynamic_accel,16.231,-1.3096648685733392
dynamic_accel,16.281,-0.8903349658715012
dynamic_accel,16.331,-0.3918530586863227
dynamic_accel,16.381,-0.2579527380924187
dynamic_accel,16.431,-0.31211061699615605
dynamic_accel,16.481,-0.007886764295871984
dynamic_accel,16.531,0.1566473914401314
dynamic_accel,16.581,0.5252147115893031
dynamic_accel,16.631,0.6591744850838879
dynamic_accel,16.681,1.4097420694386145
dynamic_accel,16.731,1.0622570625653047
dynamic_accel,16.781,2.9643080249432625
dynamic_accel,16.831,-0.9785756600236102
dynamic_accel,16.881,-1.3941138985060064
dynamic_accel,16.931,-0.9664582717179666
dynamic_accel,16.981,-1.4482304083364745
dynamic_accel,17.031,-0.97005502073592
dynamic_accel,17.081,-0.24914392020022014
dynamic_accel,17.131,-0.7792452443642848
dynamic_accel,17.181,-1.0428975472641646
dynamic_accel,17.231,0.1929241714629235
dynamic_accel,17.281,0.1424985664570464
dynamic_accel,17.331,0.7234013560965096
dynamic_accel,17.381,1.4290549765069098
dynamic_accel,17.431,1.4119680033028459
dynamic_accel,17.481,1.6346055815625196
dynamic_accel,17.531,0.5975583831978515
dynamic_accel,17.581,0.41525089942107307
dynamic_accel,17.631,0.1369666597125292
dynamic_accel,17.681,-2.048024785513797
dynamic_accel,17.731,-1.1530945009092264
dynamic_accel,17.781,-0.7826006298048167
dynamic_accel,17.831,-0.6264771538201153
dynamic_accel,17.881,-0.5074535734768695
dynamic_accel,17.931,-0.2777097258397685
dynamic_accel,17.981,0.0871470171108335
dynamic_accel,18.031,0.21151798949012246
dynamic_accel,18.081,0.24747947317376706
dynamic_accel,18.131,0.483562977348889
dynamic_accel,18.181,0.9434027530951816
dynamic_accel,18.231,1.7583713766309863
dynamic_accel,18.281,-0.3075798084072616
dynamic_accel,18.331,1.5068929649500298
dynamic_accel,18.381,-1.0544154489201478
dynamic_accel,18.431,-0.13502595032436915
dynamic_accel,18.481,-0.1584207726416853
dynamic_accel,18.531,-1.0026869665566007
dynamic_accel,18.581,-1.1039365009546156
dynamic_accel,18.631,-0.6678873150921998
dynamic_accel,18.681,-0.6358593570307196
dynamic_accel,18.731,-0.9389465707742168
dynamic_accel,18.781,-0.7033479480333718
dynamic_accel,18.831,0.5501533565750165
dynamic_accel,18.881,1.00821068666915
dynamic_accel,18.931,1.0073559755101922
dynamic_accel,18.981,1.4706572701587017
dynamic_accel,19.031,0.19402538524423996
dynamic_accel,19.081,0.35711312166544573
dynamic_accel,19.131,1.4825887722007671
dynamic_accel,19.181,0.802080854565931
dynamic_accel,19.231,-1.2082933680516366
dynamic_accel,19.281,-1.327371019107071
dynamic_accel,19.331,-0.8351633775512681
dynamic_accel,19.381,-0.6089999620614375
dynamic_accel,19.431,0.12407255489804037
dynamic_accel,19.481,-0.10296271766473986
dynamic_accel,19.531,-0.49637138047799567
dynamic_accel,19.581,-0.5144693171941181
dynamic_accel,19.631,-0.17227617827579422
dynamic_accel,19.681,-0.03269312037640226
dynamic_accel,19.731,0.17465286257248813
dynamic_accel,19.781,0.6096664396853892
dynamic_accel,19.831,1.0513016433735185
dynamic_accel,19.881,1.6443235703061667
dynamic_accel,19.931,0.834554034489928
dynamic_accel,19.981,-0.7954025159256428
dynamic_accel,20.031,-0.31809186587572924
dynamic_accel,20.081,-0.13266263961145164
dynamic_accel,20.131,-0.8385309352887003
dynamic_accel,20.181,-0.8584923933226083
dynamic_accel,20.231,-0.6127216154485282
dynamic_accel,20.281,-0.2696481490675602
dynamic_accel,20.331,-0.1678909569143201
dynamic_accel,20.381,0.21282274006808954
dynamic_accel,20.431,0.12993643388883847
dynamic_accel,20.481,-0.061666937411205325
dynamic_accel,20.531,0.30388939646817725
dynamic_accel,20.581,0.39546598853439896
dynamic_accel,20.631,1.0279052376834503
dynamic_accel,20.681,0.47432334383188923
dynamic_accel,20.731,0.055921833909287955
dynamic_accel,20.781,0.6212866965342432
dynamic_accel,20.831,0.24421068208092755
dynamic_accel,20.881,0.1325117592226146
dynamic_accel,20.931,-0.9491620994597625
dynamic_accel,20.981,-1.9157821382044098
dynamic_accel,21.031,-0.9929091903840632
dynamic_accel,21.081,0.24340846937763594
dynamic_accel,21.131,0.7651003971186849
dynamic_accel,21.181,0.22351859045878975
dynamic_accel,21.231,-0.20246189581934715
dynamic_accel,21.281,-0.21074206386793648
dynamic_accel,21.331,-0.4762304418049368
dynamic_accel,21.381,-0.33168586747550854
dynamic_accel,21.431,-0.229096598955012
dynamic_accel,21.481,0.0663076077455802
dynamic_accel,21.531,0.5169806983702934
dynamic_accel,21.581,1.0555038136827672
dynamic_accel,21.631,1.3324605278283652
dynamic_accel,21.681,2.254660505557947
dynamic_accel,21.731,2.2461928861809533
dynamic_accel,21.781,-1.1122493431168348
dynamic_accel,21.831,-2.8727583713328135
dynamic_accel,21.881,-1.3180155534456173
dynamic_accel,21.931,-0.9883555754099973
dynamic_accel,21.981,-1.1316191836930631
dynamic_accel,22.031,-0.3444532674387979
dynamic_accel,22.081,0.35549984576961435
dynamic_accel,22.131,0.4932545986722303
dynamic_accel,22.181,0.4736103477984628
dynamic_accel,22.231,0.17904825601461738
dynamic_accel,22.281,-0.0061142500082471685
dynamic_accel,22.331,0.06256659025710931
dynamic_accel,22.381,0.35495213036790574
dynamic_accel,22.431,0.5021064086505547
dynamic_accel,22.481,0.29672994305749434
dynamic_accel,22.531,-0.029028485564174034
dynamic_accel,22.581,0.21763666454987174
dynamic_accel,22.631,1.0909874509485267
dynamic_accel,22.681,0.45656786301750785
dynamic_accel,22.731,-0.7435375848044057
dynamic_accel,22.781,-1.142207582827659
dynamic_accel,22.831,-0.8076742109004016
dynamic_accel,22.881,-0.28726972523312355
dynamic_accel,22.931,-0.03934871975434184
dynamic_accel,22.981,0.12717242802388107
dynamic_accel,23.031,0.2224052149013147
dynamic_accel,23.081,0.23285911193212172
dynamic_accel,23.131,0.3179636659448164
dynamic_accel,23.181,0.11220401495748078
dynamic_accel,23.231,-0.18236173702848824
dynamic_accel,23.281,-0.3771633046712264
dynamic_accel,23.331,-0.41916976221828683
dynamic_accel,23.381,-0.2706736831771881
dynamic_accel,23.431,-0.12513933931753662
dynamic_accel,23.481,-0.011880150127582922
dynamic_accel,23.531,0.15567106852851254
dynamic_accel,23.581,0.25750720961153384
dynamic_accel,23.631,1.7831982610202797
dynamic_accel,23.681,1.119770651262023
dynamic_accel,23.731,0.048756459729879964
dynamic_accel,23.781,-0.24813112366556211
dynamic_accel,23.831,-0.288649379968831
dynamic_accel,23.881,-0.5877823466888081
dynamic_accel,23.931,-1.1245177090082148
dynamic_accel,23.981,-1.1680054053279445
dynamic_accel,24.031,-0.6700613086804523
dynamic_accel,24.081,-0.21910232864578738
dynamic_accel,24.131,0.39125253750733613
dynamic_accel,24.181,0.6120156646964254
dynamic_accel,24.231,0.5737392598969269
dynamic_accel,24.281,0.30837979154382467
dynamic_accel,24.331,0.2542951575941377
dynamic_accel,24.381,0.43507522532956777
dynamic_accel,24.431,0.3039891204657099
dynamic_accel,24.481,-0.06714165908154435
dynamic_accel,24.531,-0.07255350781173142
dynamic_accel,24.581,0.152166136000508
dynamic_accel,24.631,-0.6778948167265799
dynamic_accel,24.681,-0.3859120465431545
dynamic_accel,24.731,0.4314094107367712
dynamic_accel,24.781,0.1203487732681996
dynamic_accel,24.831,-0.3569558182195731
dynamic_accel,24.881,-0.34544806715200416
dynamic_accel,24.931,0.14035750221092336
dynamic_accel,24.981,0.3462108759404572
dynamic_accel,25.031,0.35325484479864677
dynamic_accel,25.081,0.46719860954520875
dynamic_accel,25.131,0.31563227288363116
dynamic_accel,25.181,0.1923911348471119
dynamic_accel,25.231,-0.24364592918338523
dynamic_accel,25.281,-0.6254981408960436
dynamic_accel,25.331,-0.8736405871892838
dynamic_accel,25.381,-0.9108138875066167
dynamic_accel,25.431,-0.3415348973027097
dynamic_accel,25.481,0.009051019358892631
dynamic_accel,25.531,0.09759931734576277
dynamic_accel,25.581,0.1767594886774564
dynamic_accel,25.631,0.23226078332781697
dynamic_accel,25.681,0.30774141661922805
dynamic_accel,25.731,0.21484515412902105
dynamic_accel,25.781,0.9781092816444996
dynamic_accel,25.831,1.4560850764556736
dynamic_accel,25.881,0.14752432374596047
dynamic_accel,25.931,-1.2873709360202135
dynamic_accel,25.981,0.156881750686658
dynamic_accel,26.031,0.4499496570796051
dynamic_accel,26.081,-0.5256699436625247
dynamic_accel,26.131,-0.8396194703287367
dynamic_accel,26.181,-0.6646302608964128
dynamic_accel,26.231,-0.06732646548966059
dynamic_accel,26.281,0.2857480841228046
dynamic_accel,26.331,0.04417169386780451
dynamic_accel,26.381,0.053320775500525386
dynamic_accel,26.431,-0.12501762591545074
dynamic_accel,26.481,-0.23838165448399629
dynamic_accel,26.531,-0.31499170586660163
dynamic_accel,26.581,-0.14364833547167422
dynamic_accel,26.631,-0.08032517777342818
dynamic_accel,26.681,0.45230739396742514
dynamic_accel,26.731,1.0037559439529904
dynamic_accel,26.781,0.7334970142994255
dynamic_accel,26.831,0.8233515580698203
dynamic_accel,26.881,0.7790313542770697
dynamic_accel,26.931,-0.1963366515330769
dynamic_accel,26.981,-0.7831307513487253
dynamic_accel,27.031,-0.5071883424219124
dynamic_accel,27.081,-0.9545390545930967
dynamic_accel,27.131,-0.6260224573667585
dynamic_accel,27.181,-0.19391897318477014
dynamic_accel,27.231,0.1435508461324897
dynamic_accel,27.281,-0.3691583867033188
dynamic_accel,27.331,-0.11301857199472032
dynamic_accel,27.381,-0.22291413430920315
dynamic_accel,27.431,-0.2434462498707095
dynamic_accel,27.481,0.09264242620339047
dynamic_accel,27.531,0.09002828857194345
dynamic_accel,27.581,0.5655122684994485
dynamic_accel,27.631,0.5695806038810485
dynamic_accel,27.681,2.0767543319278605
dynamic_accel,27.731,1.0902654187664123
dynamic_accel,27.781,-1.0910481908907759
dynamic_accel,27.831,-0.38817255264600625
dynamic_accel,27.881,-0.28055205885310563
dynamic_accel,27.931,-0.9321534420184783
dynamic_accel,27.981,-0.9987714919437831
dynamic_accel,28.031,-0.4005695981394055
dynamic_accel,28.081,0.23894006352151465
dynamic_accel,28.131,0.2396639484116232
dynamic_accel,28.181,0.2877350258378897
dynamic_accel,28.231,-0.3886577400696716
dynamic_accel,28.281,-0.8676930721300344
dynamic_accel,28.331,-0.23943618249725418
dynamic_accel,28.381,1.1156470455609444
dynamic_accel,28.431,0.9789608300630093
dynamic_accel,28.481,-0.16015160165043518
dynamic_accel,28.531,-0.14626823942553102
dynamic_accel,28.581,0.7297998266217007
dynamic_accel,28.631,0.8067594142183268
dynamic_accel,28.681,0.9454627364740134
dynamic_accel,28.731,0.6692729710937542
dynamic_accel,28.781,-0.6310854001563229
dynamic_accel,28.831,-1.3980561649906154
dynamic_accel,28.881,-0.26626830436478066
dynamic_accel,28.931,-0.6507448156534732
dynamic_accel,28.981,-0.8919358881160324
dynamic_accel,29.031,-0.621127519016877
dynamic_accel,29.081,-0.23989994679575055
dynamic_accel,29.131,0.1251700189546714
dynamic_accel,29.181,0.06360161081838989
dynamic_accel,29.231,0.1658896692052867
dynamic_accel,29.281,0.2948381884411546
dynamic_accel,29.331,0.24184184003078357
dynamic_accel,29.381,0.3267716875880051
dynamic_accel,29.431,0.7083876362819961
dynamic_accel,29.481,1.0600353983048034
dynamic_accel,29.531,-0.19419704866514742
dynamic_accel,29.581,1.8950596666795505
dynamic_accel,29.631,-1.0685521578059838
dynamic_accel,29.681,-1.6876738784538485
dynamic_accel,29.731,0.43310795406211966
dynamic_accel,29.781,-0.19491585886226304
dynamic_accel,29.831,-1.316966540370748
dynamic_accel,29.881,-1.1085766197797824
dynamic_accel,29.931,-0.1599488016275501
dynamic_accel,29.981,0.19952045310677136
dynamic_accel,30.031,0.17900145711869975
dynamic_accel,30.081,0.28165198822790494
dynamic_accel,30.131,0.18589190023499036
dynamic_accel,30.181,0.36429047553254
dynamic_accel,30.231,0.7566361666011989
dynamic_accel,30.281,1.1999893431472959
dynamic_accel,30.331,1.0891689067801238
dynamic_accel,30.381,0.8257079193126167
dynamic_accel,30.431,-0.5498830366039993
dynamic_accel,30.481,-0.8671107004571006
dynamic_accel,30.531,-0.33116621242142763
dynamic_accel,30.581,-0.8288908357490445
dynamic_accel,30.631,-1.0018458920950195
dynamic_accel,30.681,-0.9982985965196658
dynamic_accel,30.731,-0.05575945712717001
dynamic_accel,30.781,0.12878386649203222
dynamic_accel,30.831,0.019502238973622354
dynamic_accel,30.881,-0.07697870849119859
dynamic_accel,30.931,0.14522439439730128
dynamic_accel,30.981,0.2939281363834514
dynamic_accel,31.031,0.4585427647181497
dynamic_accel,31.081,0.518915909776668
dynamic_accel,31.131,0.6153884465696784
dynamic_accel,31.181,1.368284836357077
dynamic_accel,31.231,0.6513361940289872
dynamic_accel,31.281,-1.1458454554629753
dynamic_accel,31.331,-0.2722299077869099
dynamic_accel,31.381,-0.1898847406976305
dynamic_accel,31.431,-0.7184976010946755
dynamic_accel,31.481,-0.7525680307679625
dynamic_accel,31.531,-0.24364754771017338
dynamic_accel,31.581,0.027156951586853495
dynamic_accel,31.631,0.23520719935720003
dynamic_accel,31.681,0.1910720538064652
dynamic_accel,31.731,-0.15015374813466664
dynamic_accel,31.781,-0.08154018951946895
dynamic_accel,31.831,-0.11221446588318607
dynamic_accel,31.881,0.23164531547810085
dynamic_accel,31.931,0.577400002311176
dynamic_accel,31.981,0.270646908255074
dynamic_accel,32.031,-0.14962582952667702
dynamic_accel,32.081,0.5098054149651876
dynamic_accel,32.131,0.33421195647028235
dynamic_accel,32.181,0.08533622692809395
dynamic_accel,32.231,-0.23251199549851798
dynamic_accel,32.281,-0.4094089680508528
dynamic_accel,32.331,-0.5803734869964838
dynamic_accel,32.381,-0.4084070356793834
dynamic_accel,32.431,-0.2734212944214178
dynamic_accel,32.481,-0.0771689505162847
dynamic_accel,32.531,0.15656097030317717
dynamic_accel,32.581,0.034419524307313765
dynamic_accel,32.631,0.1430330042774557
dynamic_accel,32.681,0.30872694406077983
dynamic_accel,32.731,0.3502097104271389
dynamic_accel,32.781,0.32496412341730263
dynamic_accel,32.831,0.11030850406764436
dynamic_accel,32.881,-0.08573952926084338
dynamic_accel,32.931,0.007127068953428406
dynamic_accel,32.981,-0.10112398025070135
dynamic_accel,33.031,-0.23091676935460015
dynamic_accel,33.081,-0.2421147657488838
dynamic_accel,33.131,-0.31218418911877066
dynamic_accel,33.181,-0.20086839349075625
dynamic_accel,33.231,-0.024611995495773087
dynamic_accel,33.281,0.21238225173407344
dynamic_accel,33.331,0.36605367082805707
dynamic_accel,33.381,0.2075897928018975
dynamic_accel,33.431,0.06470123907771175
dynamic_accel,33.481,-0.09025516817638213
dynamic_accel,33.531,-0.1449160323705332
dynamic_accel,33.581,0.04478437894806575
dynamic_accel,33.631,0.08744865381856037
dynamic_accel,33.681,-0.015452808480123537
dynamic_accel,33.731,-0.041967710002278835
dynamic_accel,33.781,-0.07059354401581608
dynamic_accel,33.831,-0.07425012523883723
dynamic_accel,33.881,-0.027262146859948544
dynamic_accel,33.931,0.031609789109197095
dynamic_accel,33.981,0.02831683344864544
dynamic_accel,34.031,-0.049241505763072624
dynamic_accel,34.081,-0.08758958949527695
dynamic_accel,34.131,0.10647425146223455
dynamic_accel,34.181,0.07121895859521565
dynamic_accel,34.231,-0.1282861961270143
dynamic_accel,34.281,-0.07504032297218366
dynamic_accel,34.331,-0.035877501381357035
dynamic_accel,34.381,0.1361076104878567
dynamic_accel,34.431,0.18528655832919583
dynamic_accel,34.481,0.0680242401196427
dynamic_accel,34.531,0.0986390706177378
dynamic_accel,34.581,0.00404359912677954
dynamic_accel,34.631,-0.031755133177201245
dynamic_accel,34.681,-0.03462551215917564
dynamic_accel,34.731,-0.061936086101335164
dynamic_accel,34.781,-0.067170234419752
dynamic_accel,34.831,-0.09553524161376714
dynamic_accel,34.881,-0.14057930644031913
dynamic_accel,34.931,-0.18865145961019714
dynamic_accel,34.981,-0.36549744848300314
dynamic_accel,35.031,-0.4171914115583579
dynamic_accel,35.081,0.02523769078462834
dynamic_accel,35.131,0.5162899843387851
dynamic_accel,35.181,0.8821909984009171
dynamic_accel,35.231,0.3575909736330072
dynamic_accel,35.281,0.10525398204569036
dynamic_accel,35.331,-0.06626471875648043
dynamic_accel,35.381,-0.23587250622171396
dynamic_accel,35.431,-0.13765009257824623
dynamic_accel,35.481,0.15628104933000664
dynamic_accel,35.531,0.1365073477114933
dynamic_accel,35.581,0.28024657190518454
dynamic_accel,35.631,0.2621578999988685
dynamic_accel,35.681,-0.6041382008017049
dynamic_accel,35.731,-0.7882815443171047
dynamic_accel,35.781,-0.5281688200386512
dynamic_accel,35.831,-0.14892150957844486
dynamic_accel,35.881,-0.05638483424329088
dynamic_accel,35.931,-0.03721269672804617
dynamic_accel,35.981,0.18157216194485848
dynamic_accel,36.031,0.5142871429806579
dynamic_accel,36.081,0.5904379548085004
dynamic_accel,36.131,0.28792451403017516
dynamic_accel,36.181,-0.07730497509848888
dynamic_accel,36.231,-0.2541635512578768
dynamic_accel,36.281,-0.2030031434890116
dynamic_accel,36.331,-0.13641704588322412
dynamic_accel,36.381,-0.19897580975797524
dynamic_accel,36.431,-0.4138397466528456
dynamic_accel,36.481,-0.39173569649784845
dynamic_accel,36.531,-0.13146545083863082
dynamic_accel,36.581,0.032635610844865326
dynamic_accel,36.631,0.057063226564181946
dynamic_accel,36.681,0.14156878649292004
dynamic_accel,36.731,0.6070892530609981
dynamic_accel,36.781,0.8791391316279995
dynamic_accel,36.831,2.3184634145090115
dynamic_accel,36.881,0.4894275773558743
dynamic_accel,36.931,-1.5677566413951052
dynamic_accel,36.981,-0.34776186534403664
dynamic_accel,37.031,0.4130977263436968
dynamic_accel,37.081,-1.188475083155888
dynamic_accel,37.131,-1.8210381372965063
dynamic_accel,37.181,-0.9868037289037659
dynamic_accel,37.231,-0.257332205140834
dynamic_accel,37.281,0.3554230312020614
dynamic_accel,37.331,0.5642858168603233
dynamic_accel,37.381,0.34440303107521153
dynamic_accel,37.431,-0.017095095687091444
dynamic_accel,37.481,0.11739331086063132
dynamic_accel,37.531,0.5334966351126322
dynamic_accel,37.581,0.8874248543435197
dynamic_accel,37.631,0.9359576944239247
dynamic_accel,37.681,1.2212688256070905
dynamic_accel,37.731,-0.1197931630132274
dynamic_accel,37.781,-1.6355562144337998
dynamic_accel,37.831,2.288037623620637
dynamic_accel,37.881,-0.03750885589995967
dynamic_accel,37.931,-1.0924119286449958
dynamic_accel,37.981,-1.2950735036140486
dynamic_accel,38.031,-1.7536125009709291
dynamic_accel,38.081,-1.2363261217927999
dynamic_accel,38.131,-0.5871045368843149
dynamic_accel,38.181,-0.019164891056703937
dynamic_accel,38.231,0.12426620772217944
dynamic_accel,38.281,0.3423450498053189
dynamic_accel,38.331,0.9421640186102245
dynamic_accel,38.381,1.7334634984343094
dynamic_accel,38.431,1.2805434783570444
dynamic_accel,38.481,3.6027294793056015
dynamic_accel,38.531,-0.9679896945780957
dynamic_accel,38.581,-0.6752960387096696
dynamic_accel,38.631,-0.8349463865076903
dynamic_accel,38.681,-2.1762727751879183
dynamic_accel,38.731,-1.5150970296387776
dynamic_accel,38.781,-0.8765050631443785
dynamic_accel,38.831,-0.3723836040934394
dynamic_accel,38.881,-0.2302382874863529
dynamic_accel,38.931,0.06610827727548951
dynamic_accel,38.981,0.46782682164374556
dynamic_accel,39.031,0.49291056180759973
dynamic_accel,39.081,0.6048079782320546
dynamic_accel,39.131,1.6668880215096689
dynamic_accel,39.181,1.0617062780209565
dynamic_accel,39.231,1.3135510526584149
dynamic_accel,39.281,-0.36019651595208835
dynamic_accel,39.331,-0.33154510839681706
dynamic_accel,39.381,-0.6440572119636467
dynamic_accel,39.431,-1.3325302751422399
dynamic_accel,39.481,-1.0001163495547143
dynamic_accel,39.531,-1.1078829140764377
dynamic_accel,39.581,-0.47776574107654923
dynamic_accel,39.631,-0.4835909080656542
dynamic_accel,39.681,-0.08168354510549847
dynamic_accel,39.731,0.137501626211316
dynamic_accel,39.781,0.6943795643159945
dynamic_accel,39.831,0.9083970693469396
dynamic_accel,39.881,1.4939170174579193
dynamic_accel,39.931,1.5469372666653793
dynamic_accel,39.981,3.280124723020638
dynamic_accel,40.031,-1.0726435422502494
dynamic_accel,40.081,-1.7371032089454292
dynamic_accel,40.131,-0.5708621143156662
dynamic_accel,40.181,-1.3394400406042237
dynamic_accel,40.231,-1.7571391357281172
dynamic_accel,40.281,-0.9849784689719723
dynamic_accel,40.331,-0.15664475885812834
dynamic_accel,40.381,0.11522832872945798
dynamic_accel,40.431,0.16554756964816164
dynamic_accel,40.481,-0.14877353277972638
dynamic_accel,40.531,0.11434291613463543
dynamic_accel,40.581,1.110132511084588
dynamic_accel,40.631,1.9008358351574408
dynamic_accel,40.681,1.2459043431425396
dynamic_accel,40.731,1.0811628108982738
dynamic_accel,40.781,0.40520496239445336
dynamic_accel,40.831,0.20594407685171667
dynamic_accel,40.881,-1.4928071075409441
dynamic_accel,40.931,-2.204827199386253
dynamic_accel,40.981,-1.4422586775997495
dynamic_accel,41.031,-0.8256782224772685
dynamic_accel,41.081,-0.31299177665145805
dynamic_accel,41.131,-0.16474208314194527
dynamic_accel,41.181,0.08439303202047554
dynamic_accel,41.231,0.13717461328432456
dynamic_accel,41.281,0.4564563466723648
dynamic_accel,41.331,1.1267809106103712
dynamic_accel,41.381,1.7030811045051113
dynamic_accel,41.431,1.3506255608139686
dynamic_accel,41.481,2.7308608171163673
dynamic_accel,41.531,-0.6020163149015758
dynamic_accel,41.581,-0.6941299248625086
dynamic_accel,41.631,-1.6649477275310147
dynamic_accel,41.681,-2.287906834051575
dynamic_accel,41.731,-1.7728607391615956
dynamic_accel,41.781,-0.9984106458895798
dynamic_accel,41.831,-1.104903370756185
dynamic_accel,41.881,-1.0169421940948524
dynamic_accel,41.931,0.5637880450990647
dynamic_accel,41.981,2.161863091122699
dynamic_accel,42.031,2.0992475256536505
dynamic_accel,42.081,1.6152207231709355
dynamic_accel,42.131,1.7223046915326972
dynamic_accel,42.181,0.4769116793537549
dynamic_accel,42.231,-0.10363015207186166
dynamic_accel,42.281,-0.47743766319875647
dynamic_accel,42.331,-0.530464260049909
dynamic_accel,42.381,-1.3305042793362638
dynamic_accel,42.431,-1.8362670511454695
dynamic_accel,42.481,-0.7952768062102269
dynamic_accel,42.531,-0.16097192446216013
dynamic_accel,42.581,-0.028227208535332338
dynamic_accel,42.631,0.05586129987783117
dynamic_accel,42.681,0.1571324897419757
dynamic_accel,42.731,0.27205537049703743
dynamic_accel,42.781,0.5659319367066225
dynamic_accel,42.831,0.748688349425283
dynamic_accel,42.881,0.3023600771385695
dynamic_accel,42.931,0.9621698818992854
dynamic_accel,42.981,1.3279984423320936
dynamic_accel,43.031,-0.057747907562999856
dynamic_accel,43.081,-1.0414776081094228
dynamic_accel,43.131,-0.380201732433461
dynamic_accel,43.181,-0.4671550154961288
dynamic_accel,43.231,-1.0568149818849655
dynamic_accel,43.281,-0.8087008711896839
dynamic_accel,43.331,-0.37005511145365055
dynamic_accel,43.381,-0.3733418934175674
dynamic_accel,43.431,-0.028356879320517336
dynamic_accel,43.481,0.19279242545505326
dynamic_accel,43.531,0.17097081111703538
dynamic_accel,43.581,0.45021517325975147
dynamic_accel,43.631,0.7988975979217905
dynamic_accel,43.681,0.5678960792568102
dynamic_accel,43.731,0.8132092645633442
dynamic_accel,43.781,0.5102182405371849
dynamic_accel,43.831,0.7471908063465822
dynamic_accel,43.881,0.4691944722153867
dynamic_accel,43.931,-0.2139515887767054
dynamic_accel,43.981,-0.8385353642973374
dynamic_accel,44.031,-1.3212991872542297
dynamic_accel,44.081,-1.0638029508337254
dynamic_accel,44.131,-0.6071230760395228
dynamic_accel,44.181,-0.3671992064753393
dynamic_accel,44.231,-0.29217531725130286
dynamic_accel,44.281,-0.028709588995877056
dynamic_accel,44.331,0.1836737272509783
dynamic_accel,44.381,0.22713489047678337
dynamic_accel,44.431,0.37947886060828395
dynamic_accel,44.481,0.7168924896810509
dynamic_accel,44.531,1.1675228888115505
dynamic_accel,44.581,1.170726182918548
dynamic_accel,44.631,1.5568830162949645
dynamic_accel,44.681,0.3561600793436064
dynamic_accel,44.731,-1.686562159751663
dynamic_accel,44.781,-1.5330398243882417
dynamic_accel,44.831,-1.1292168903652708
dynamic_accel,44.881,-0.8574940637511421
dynamic_accel,44.931,-0.680301638721927
dynamic_accel,44.981,-0.6658062562241653
dynamic_accel,45.031,-0.28626896830010296
dynamic_accel,45.081,0.23612388685078045
dynamic_accel,45.131,0.8603972777136661
dynamic_accel,45.181,1.1145407878758142
dynamic_accel,45.231,1.1456910044881141
dynamic_accel,45.281,1.2940800399125951
dynamic_accel,45.331,2.557471366364668
dynamic_accel,45.381,0.8947538487375244
dynamic_accel,45.431,-0.6530101157672643
dynamic_accel,45.481,-1.6906659493524963
dynamic_accel,45.531,-1.8839976409127424
dynamic_accel,45.581,-1.6157142713483488
dynamic_accel,45.631,-1.0401986828039078
dynamic_accel,45.681,-0.4053024636413003
dynamic_accel,45.731,-0.3300435282887566
dynamic_accel,45.781,0.07712394796755895
dynamic_accel,45.831,0.2830654594375659
dynamic_accel,45.881,0.42322539074604926
dynamic_accel,45.931,0.5611095035274456
dynamic_accel,45.981,0.4771070072624486
dynamic_accel,46.031,0.9350794293465654
dynamic_accel,46.081,1.2971903521553738
dynamic_accel,46.131,0.8318436354996077
dynamic_accel,46.181,0.6664636114542546
dynamic_accel,46.231,-0.42412038252202855
dynamic_accel,46.281,-0.09048752844119612
dynamic_accel,46.331,-1.3817525344958579
dynamic_accel,46.381,-1.2065365465881808
dynamic_accel,46.431,-1.5328218089961894
dynamic_accel,46.481,-0.7759976456702304
dynamic_accel,46.531,-0.5852749032805011
dynamic_accel,46.581,0.07265234775380769
dynamic_accel,46.631,0.5028398841600374
dynamic_accel,46.681,0.7388143322990199
dynamic_accel,46.731,1.1476837933840525
dynamic_accel,46.781,1.4853101449226198
dynamic_accel,46.831,1.6601997378134996
dynamic_accel,46.881,0.5307085832807221
dynamic_accel,46.931,0.3725704335729816
dynamic_accel,46.981,-0.8238405685013728
dynamic_accel,47.031,-1.8415474974071788
dynamic_accel,47.081,-1.3925637697433633
dynamic_accel,47.131,-1.2864757537324554
dynamic_accel,47.181,-0.38625127745019405
dynamic_accel,47.231,-0.24747601774052086
dynamic_accel,47.281,0.007602984091541032
dynamic_accel,47.331,0.4810589444535278
dynamic_accel,47.381,0.9300504639851166
dynamic_accel,47.431,1.5243178624372753
dynamic_accel,47.481,0.1422642245134309
dynamic_accel,47.531,2.4689813641601805
dynamic_accel,47.581,0.3156715697616619
dynamic_accel,47.631,-0.522640191647886
dynamic_accel,47.681,-0.6383433629627202
dynamic_accel,47.731,-1.4996238710546752
dynamic_accel,47.781,-1.710864850616952
dynamic_accel,47.831,-0.9154942104774957
dynamic_accel,47.881,-0.5309592979688418
dynamic_accel,47.931,-0.39562034581017436
dynamic_accel,47.981,0.498880618687231
dynamic_accel,48.031,0.587787839088497
dynamic_accel,48.081,0.9155493359548466
dynamic_accel,48.131,1.3603056837158878
dynamic_accel,48.181,1.2067155361440296
dynamic_accel,48.231,1.615653718300484
dynamic_accel,48.281,-0.3799196724244851
dynamic_accel,48.331,-0.16499663355597782
dynamic_accel,48.381,-1.2178130979632051
dynamic_accel,48.431,-1.3257354828077368
dynamic_accel,48.481,-0.8751541055472032
dynamic_accel,48.531,-1.2010092255626166
dynamic_accel,48.581,-0.9898978580345563
dynamic_accel,48.631,-0.2854397045418029
dynamic_accel,48.681,0.3826594950262354
dynamic_accel,48.731,0.7969662695479602
dynamic_accel,48.781,0.9095851463065436
dynamic_accel,48.831,1.0810042961157524
dynamic_accel,48.881,1.5794977920273254
dynamic_accel,48.931,0.34676367823592713
dynamic_accel,48.981,2.0333931655206
dynamic_accel,49.031,-0.8839906523765304
dynamic_accel,49.081,-0.6980490646067778
dynamic_accel,49.131,-2.1638167814785634
dynamic_accel,49.181,-1.9601482160297081
dynamic_accel,49.231,-0.8626556086664152
dynamic_accel,49.281,-0.11788402622785377
dynamic_accel,49.331,-0.08428643150668691
dynamic_accel,49.381,-0.02014560837549695
dynamic_accel,49.431,0.5093844691009313
dynamic_accel,49.481,1.0814592000810528
dynamic_accel,49.531,1.8643879418805422
dynamic_accel,49.581,1.1317124593850032
dynamic_accel,49.631,1.8070330112611046
dynamic_accel,49.681,-0.40352064159315937
dynamic_accel,49.731,0.5508397602840382
dynamic_accel,49.781,-1.2055435325367068
dynamic_accel,49.831,-2.6558111056278904
dynamic_accel,49.881,-2.1302356706552885
dynamic_accel,49.931,-0.9907406593771526
dynamic_accel,49.981,-0.34841837172392864
dynamic_accel,50.031,0.24279513274647435
dynamic_accel,50.081,0.6892401606631946
dynamic_accel,50.131,1.142435587658671
dynamic_accel,50.181,1.4129148218576173
dynamic_accel,50.231,1.5878758028464155
dynamic_accel,50.281,1.7807705136368739
dynamic_accel,50.331,0.8024777119565609
dynamic_accel,50.381,0.19227057054287577
dynamic_accel,50.431,-1.240855321102055
dynamic_accel,50.481,-2.030449354656387
dynamic_accel,50.531,-2.0794297039031173
dynamic_accel,50.581,-1.3630934226103903
dynamic_accel,50.631,-0.4920471103662081
dynamic_accel,50.681,-0.23628818434848498
dynamic_accel,50.731,0.31267019139237284
dynamic_accel,50.781,0.8372084759473939
dynamic_accel,50.831,0.9682009496305692
dynamic_accel,50.881,1.1652534460015627
dynamic_accel,50.931,1.4855978069666556
dynamic_accel,50.981,1.3087764059099207
dynamic_accel,51.031,0.4295388793524886
dynamic_accel,51.081,-0.15664996961718458
dynamic_accel,51.131,-0.9305470673233813
dynamic_accel,51.181,-2.335539098147806
dynamic_accel,51.231,-1.7556526789535045
dynamic_accel,51.281,-1.1538188943555454
dynamic_accel,51.331,-0.2794006734687855
dynamic_accel,51.381,0.5462005901954399
dynamic_accel,51.431,0.6587675907618724
dynamic_accel,51.481,0.5286195590491047
dynamic_accel,51.531,0.7122767952082558
dynamic_accel,51.581,1.2216697407716168
dynamic_accel,51.631,1.7522650906996606
dynamic_accel,51.681,1.892381045129552
dynamic_accel,51.731,-0.3048364623048876
dynamic_accel,51.781,-1.411319784305471
dynamic_accel,51.831,-1.1747484795481835
dynamic_accel,51.881,-1.6469430722387237
dynamic_accel,51.931,-1.3141680374070681
dynamic_accel,51.981,-0.17349284549212918
dynamic_accel,52.031,-0.4630718827030229
dynamic_accel,52.081,-1.3467850977861904
dynamic_accel,52.131,0.3645105489687044
dynamic_accel,52.181,1.235576131231328
dynamic_accel,52.231,1.6102321664756918
dynamic_accel,52.281,1.820186538927448
dynamic_accel,52.331,0.7427263560312181
dynamic_accel,52.381,1.1208264195864128
dynamic_accel,52.431,0.9252164729101295
dynamic_accel,52.481,-0.18221380968443235
dynamic_accel,52.531,-1.965596381676594
dynamic_accel,52.581,-2.2265447603912145
dynamic_accel,52.631,-1.0954157966626976
dynamic_accel,52.681,-0.2767600333332805
dynamic_accel,52.731,0.0025946171813782115
dynamic_accel,52.781,-0.18805360901392731
dynamic_accel,52.831,-0.2349891271810467
dynamic_accel,52.881,-0.05239595261630825
dynamic_accel,52.931,0.09875974051183611
dynamic_accel,52.981,0.27583787028640216
dynamic_accel,53.031,0.6234927950024183
dynamic_accel,53.081,2.1045037550854406
dynamic_accel,53.131,2.4353943963904445
dynamic_accel,53.181,0.3615099450695016
dynamic_accel,53.231,0.28503625150180767
dynamic_accel,53.281,-1.4412829125256792
dynamic_accel,53.331,-1.4129017754199236
dynamic_accel,53.381,-1.018453952916314
dynamic_accel,53.431,-1.0157359332085925
dynamic_accel,53.481,-1.5384012118573036
dynamic_accel,53.531,-1.4483304366144125
dynamic_accel,53.581,-0.43987413278008347
dynamic_accel,53.631,1.0499221087186434
dynamic_accel,53.681,1.8917391419275127
dynamic_accel,53.731,1.8809323902327062
dynamic_accel,53.781,1.4608815912226092
dynamic_accel,53.831,1.2322251398504669
dynamic_accel,53.881,1.9234894823249675
dynamic_accel,53.931,0.046146135940993815
dynamic_accel,53.981,-1.6124549626316824
dynamic_accel,54.031,-2.244692166033614
dynamic_accel,54.081,-2.053320646898567
dynamic_accel,54.131,-1.3360154602413719
dynamic_accel,54.181,-1.0731223171096431
dynamic_accel,54.231,-0.7232892411581542
dynamic_accel,54.281,-1.677755026814232
dynamic_accel,54.331,0.034242453606999845
dynamic_accel,54.381,1.743922976283569
dynamic_accel,54.431,1.6737872368699485
dynamic_accel,54.481,2.0214351422864496
dynamic_accel,54.531,2.334286008317614
dynamic_accel,54.581,2.507885898215088
dynamic_accel,54.631,1.3260513908041354
dynamic_accel,54.681,-1.2957613663926768
dynamic_accel,54.731,-1.8535966691734185
dynamic_accel,54.781,-1.3302276775564312
dynamic_accel,54.831,-1.359301221319857
dynamic_accel,54.881,-1.376714193510736
dynamic_accel,54.931,-1.1651074712473921
dynamic_accel,54.981,-0.9952439499525472
dynamic_accel,55.031,-0.44503849667174933
dynamic_accel,55.081,0.14469924534210854
dynamic_accel,55.131,0.8232446844555401
dynamic_accel,55.181,2.5191312299411344
dynamic_accel,55.231,2.1770500083902835
dynamic_accel,55.281,1.7146676653965187
dynamic_accel,55.331,0.8906197567240266
dynamic_accel,55.381,-0.4195381081167451
dynamic_accel,55.431,-2.3424627985972615
dynamic_accel,55.481,-2.560619855091481
dynamic_accel,55.531,-1.968107627187333
dynamic_accel,55.581,-0.8560066848696017
dynamic_accel,55.631,0.23393800366682171
dynamic_accel,55.681,0.5747129966370093
dynamic_accel,55.731,0.34766544217431417
dynamic_accel,55.781,0.6077334989491767
dynamic_accel,55.831,1.0101477938345447
dynamic_accel,55.881,1.7709338058543196
dynamic_accel,55.931,3.089815400218045
dynamic_accel,55.981,1.2807939676652804
dynamic_accel,56.031,-1.4492662960432803
dynamic_accel,56.081,-1.6013466900549602
dynamic_accel,56.131,-0.8230479198718044
dynamic_accel,56.181,-1.3617115899082837
dynamic_accel,56.231,-2.2524873562958136
dynamic_accel,56.281,-1.734540748602356
dynamic_accel,56.331,-0.3303645127578445
dynamic_accel,56.381,0.7492272976844401
dynamic_accel,56.431,1.2784123125826046
dynamic_accel,56.481,1.2177556133548393
dynamic_accel,56.531,1.4831527785389849
dynamic_accel,56.581,1.4762141930941262
dynamic_accel,56.631,1.6044512508740425
dynamic_accel,56.681,0.18294555831170278
dynamic_accel,56.731,0.8912923811436801
dynamic_accel,56.781,-1.3889376144304038
dynamic_accel,56.831,-2.956699947454651
dynamic_accel,56.881,-2.4625450750773696
dynamic_accel,56.931,-1.5557729091634958
dynamic_accel,56.981,-0.5055981318475684
dynamic_accel,57.031,0.1339170039905575
dynamic_accel,57.081,0.7385728443150104
dynamic_accel,57.131,1.0901461791472506
dynamic_accel,57.181,1.1288096121279327
dynamic_accel,57.231,1.315942222109781
dynamic_accel,57.281,3.057292950650874
dynamic_accel,57.331,1.9042916034608535
dynamic_accel,57.381,-0.35471727601696834
dynamic_accel,57.431,-0.9442833239490493
dynamic_accel,57.481,-0.8458596716401967
dynamic_accel,57.531,-2.3671350573531615
dynamic_accel,57.581,-2.150030678087113
dynamic_accel,57.631,-1.5614714513447137
dynamic_accel,57.681,-1.567137996335596
dynamic_accel,57.731,-0.3080592089026801
dynamic_accel,57.781,1.2635291400506183
dynamic_accel,57.831,2.286118699378445
dynamic_accel,57.881,2.125918126398675
dynamic_accel,57.931,1.0685372453074855
dynamic_accel,57.981,1.0895722056101924
dynamic_accel,58.031,0.8422545994298556
dynamic_accel,58.081,1.8897400436285334
dynamic_accel,58.131,-0.598338726149727
dynamic_accel,58.181,-3.889473834230822
dynamic_accel,58.231,-4.01121480128912
dynamic_accel,58.281,-3.169742991692768
dynamic_accel,58.331,-1.5155951694711103
dynamic_accel,58.381,0.8897497121986273
dynamic_accel,58.431,2.097929954173541
dynamic_accel,58.481,2.292182488323963
dynamic_accel,58.531,1.9101593107136257
dynamic_accel,58.581,1.8573129874674095
dynamic_accel,58.631,0.6989735066052241
dynamic_accel,58.681,5.848693889843316
dynamic_accel,58.731,-0.84780294995692
dynamic_accel,58.781,-1.8735003211770938
dynamic_accel,58.831,-2.388732610705624
dynamic_accel,58.881,-2.5137178331397454
dynamic_accel,58.931,-2.6720652458207077
dynamic_accel,58.981,-2.100916583912648
dynamic_accel,59.031,-1.1763900030474161
dynamic_accel,59.081,1.576160181936265
dynamic_accel,59.131,1.5871357782791513
dynamic_accel,59.181,0.8462727644129728
dynamic_accel,59.231,2.624231443687581
dynamic_accel,59.281,2.627161217699612
dynamic_accel,59.331,1.3704452300975358
dynamic_accel,59.381,-0.19698081978931548
dynamic_accel,59.431,-0.3116203935392434
dynamic_accel,59.481,-2.9199441399226886
dynamic_accel,59.531,-3.9317496954042506
dynamic_accel,59.581,-2.820726572192786
dynamic_accel,59.631,-1.8619952920414633
dynamic_accel,59.681,0.7818990037246873
dynamic_accel,59.731,1.7681684596570513
dynamic_accel,59.781,2.356408250419525
dynamic_accel,59.831,2.0683020231186138
dynamic_accel,59.881,2.265806621816079
dynamic_accel,59.931,1.8724219364942876
dynamic_accel,59.981,4.451150087416858
dynamic_accel,60.031,-0.7545178874418443
dynamic_accel,60.081,-2.1223246454060796
dynamic_accel,60.131,-4.032247131620086
dynamic_accel,60.181,-4.218371468304225
dynamic_accel,60.231,-3.4975957974856104
dynamic_accel,60.281,-1.0445847567450812
dynamic_accel,60.331,0.4849613095324603
dynamic_accel,60.381,1.7522439757258184
dynamic_accel,60.431,2.5522416431191264
dynamic_accel,60.481,2.8761689474427605
dynamic_accel,60.531,3.3145220922580485
dynamic_accel,60.581,1.7907032052026128
dynamic_accel,60.631,1.188784405290134
dynamic_accel,60.681,0.01998351515336161
dynamic_accel,60.731,-2.008927518450893
dynamic_accel,60.781,-4.11404538906593
dynamic_accel,60.831,-3.9376065687918036
dynamic_accel,60.881,-3.2583045756306577
dynamic_accel,60.931,-1.098660157686524
dynamic_accel,60.981,1.4986212410877577
dynamic_accel,61.031,2.195384689124401
dynamic_accel,61.081,2.494592872596087
dynamic_accel,61.131,3.0879405767260533
dynamic_accel,61.181,3.4539592011716493
dynamic_accel,61.231,0.8758890527750562
dynamic_accel,61.281,-0.721020195341497
dynamic_accel,61.331,-2.46218127107654
dynamic_accel,61.381,-3.312960609290429
dynamic_accel,61.431,-2.554868024424663
dynamic_accel,61.481,-1.431327415239295
dynamic_accel,61.531,-0.4668797379180383
dynamic_accel,61.581,0.4491418365019406
dynamic_accel,61.631,1.1531345052750073
dynamic_accel,61.681,2.076106519762421
dynamic_accel,61.731,2.590985976377768
dynamic_accel,61.781,2.7536290867272495
dynamic_accel,61.831,1.9446555919155166
dynamic_accel,61.881,0.3980212051870371
dynamic_accel,61.931,-0.6753215403935862
dynamic_accel,61.981,-3.7722842825644927
dynamic_accel,62.031,-4.716045251296263
dynamic_accel,62.081,-3.4066162413306866
dynamic_accel,62.131,-0.7393616531721747
dynamic_accel,62.181,0.6829758874663412
dynamic_accel,62.231,1.228039972665485
dynamic_accel,62.281,2.381723289118039
dynamic_accel,62.331,3.179743457845019
dynamic_accel,62.381,3.116723772646189
dynamic_accel,62.431,3.005223534313652
dynamic_accel,62.481,0.4537289869563992
dynamic_accel,62.531,-1.9205375356451455
dynamic_accel,62.581,-2.934407402227907
dynamic_accel,62.631,-3.2591620881055157
dynamic_accel,62.681,-3.176736355113418
dynamic_accel,62.731,-1.6509262954514234
dynamic_accel,62.781,0.0029576780417173154
dynamic_accel,62.831,0.6292736224867852
dynamic_accel,62.881,1.5900864460520694
dynamic_accel,62.931,2.2835106679349852
dynamic_accel,62.981,3.4706928705316553
dynamic_accel,63.031,2.7623526844706507
dynamic_accel,63.081,3.094925573988286
dynamic_accel,63.131,1.1095577611702705
dynamic_accel,63.181,-2.517531555530315
dynamic_accel,63.231,-5.718272840523853
dynamic_accel,63.281,-5.946400465118039
dynamic_accel,63.331,-4.403101616570385
dynamic_accel,63.381,-2.5022385004283887
dynamic_accel,63.431,-1.0740705047606607
dynamic_accel,63.481,1.018507461999489
dynamic_accel,63.531,4.587284613715843
dynamic_accel,63.581,7.747231425209986
dynamic_accel,63.631,10.06229188396612
dynamic_accel,63.681,2.6065642918134273
dynamic_accel,63.731,-0.7824354097453945
dynamic_accel,63.781,-2.0942180591646977
dynamic_accel,63.831,-4.022166324316348
dynamic_accel,63.881,-5.520704475618203
dynamic_accel,63.931,-4.794338826829309
dynamic_accel,63.981,-4.118438985204821
dynamic_accel,64.031,-2.698431188959476
dynamic_accel,64.081,0.2299272623503601
dynamic_accel,64.131,5.616322932696535
dynamic_accel,64.181,8.20408850733432
dynamic_accel,64.231,6.359127358674565
dynamic_accel,64.281,-0.20675532719747913
dynamic_accel,64.331,-4.345028251304625
dynamic_accel,64.381,-4.451386160303688
dynamic_accel,64.431,-3.4346797428920475
dynamic_accel,64.481,-3.15869016135559
dynamic_accel,64.531,-2.437997088353457
dynamic_accel,64.581,0.5677674566914916
dynamic_accel,64.631,3.5626755192535864
dynamic_accel,64.681,4.399074852747859
dynamic_accel,64.731,4.541539592647494
dynamic_accel,64.781,4.581379141572855
dynamic_accel,64.831,1.4944376036522815
dynamic_accel,64.881,-1.6088525158545792
dynamic_accel,64.931,-3.5882287949553566
dynamic_accel,64.981,-4.707456141048178
dynamic_accel,65.031,-4.033625250778162
dynamic_accel,65.081,-2.173944385274277
dynamic_accel,65.131,-1.3805888236669386
dynamic_accel,65.181,0.3505831534597448
dynamic_accel,65.231,2.1928996816524755
dynamic_accel,65.281,4.6760717370151905
dynamic_accel,65.331,4.633920216927475
dynamic_accel,65.381,2.002379333997169
dynamic_accel,65.431,-2.1351951555735376
dynamic_accel,65.481,-5.016433503025247
dynamic_accel,65.531,-4.293326544756035
dynamic_accel,65.581,-2.60157533291445
dynamic_accel,65.631,0.24793300846144817
dynamic_accel,65.681,1.6241006344126436
dynamic_accel,65.731,2.2947404551085313
dynamic_accel,65.781,2.806555798111491
dynamic_accel,65.831,5.349911870871056
dynamic_accel,65.881,5.206052879298234
dynamic_accel,65.931,-1.0916409123134052
dynamic_accel,65.981,-2.6198275742713717
dynamic_accel,66.031,-4.445256384783125
dynamic_accel,66.081,-4.283774468681841
dynamic_accel,66.131,-3.1553279597270523
dynamic_accel,66.181,-1.1493024987689378
dynamic_accel,66.231,0.5310350950240377
dynamic_accel,66.281,2.031853633659516
dynamic_accel,66.331,3.865427226822213
dynamic_accel,66.381,2.9065190554627556
dynamic_accel,66.431,2.1219075113828687
dynamic_accel,66.481,0.8471729071401697
dynamic_accel,66.531,-1.1490590349800751
dynamic_accel,66.581,-3.8811319139989964
dynamic_accel,66.631,-4.002446078644736
dynamic_accel,66.681,-2.504228614195906
dynamic_accel,66.731,-0.8901952984769448
dynamic_accel,66.781,0.5300472076484049
dynamic_accel,66.831,1.7017250271968045
dynamic_accel,66.881,2.4243046644052235
dynamic_accel,66.931,2.61738541309877
dynamic_accel,66.981,3.447364649775441
dynamic_accel,67.031,2.4849236192877875
dynamic_accel,67.081,0.12177390798221666
dynamic_accel,67.131,-2.686928100290978
dynamic_accel,67.181,-3.5896172025296895
dynamic_accel,67.231,-3.1301316653930167
dynamic_accel,67.281,-1.4941230797707732
dynamic_accel,67.331,-0.7592486758644696
dynamic_accel,67.381,0.2311959627357254
dynamic_accel,67.431,0.9358841544100933
dynamic_accel,67.481,1.7361231350237496
dynamic_accel,67.531,3.1007958838007124
dynamic_accel,67.581,3.303327983069469
dynamic_accel,67.631,2.7185860320125883
dynamic_accel,67.681,-0.5315724054685695
dynamic_accel,67.731,-3.6593950141221594
dynamic_accel,67.781,-4.053371651794947
dynamic_accel,67.831,-2.559579613478828
dynamic_accel,67.881,-1.4294809131590238
dynamic_accel,67.931,-0.01974854147222338
dynamic_accel,67.981,0.8133860038457499
dynamic_accel,68.031,1.7336378216186112
dynamic_accel,68.081,2.771476171441236
dynamic_accel,68.131,1.5928619103317256
dynamic_accel,68.181,3.4385296120838635
dynamic_accel,68.231,0.43018601409325186
dynamic_accel,68.281,-1.3106311203598402
dynamic_accel,68.331,-2.936874816839582
dynamic_accel,68.381,-2.812595046913559
dynamic_accel,68.431,-2.3208291883630547
dynamic_accel,68.481,-0.4876847058911018
dynamic_accel,68.531,-0.22092347678506918
dynamic_accel,68.581,0.028359985506678953
dynamic_accel,68.631,1.2689292390750264
dynamic_accel,68.681,2.836838916413374
dynamic_accel,68.731,2.9878407667348466
dynamic_accel,68.781,1.5101351816162953
dynamic_accel,68.831,1.3563207196706841
dynamic_accel,68.881,-0.7083209201381528
dynamic_accel,68.931,-3.0111947210960928
dynamic_accel,68.981,-2.6019224118453206
dynamic_accel,69.031,-0.9930655122739989
dynamic_accel,69.081,-0.7226099246358153
dynamic_accel,69.131,-0.30196107752466617
dynamic_accel,69.181,-0.23962227321233165
dynamic_accel,69.231,0.3852633185559924
dynamic_accel,69.281,0.28674285368495056
dynamic_accel,69.331,0.5476706962575477
dynamic_accel,69.381,1.1889461137134774
dynamic_accel,69.431,1.5189345804499848
dynamic_accel,69.481,1.2124000797601173
dynamic_accel,69.531,2.3755033513533466
dynamic_accel,69.581,-1.3162752724966467
dynamic_accel,69.631,-0.4422936288421937
dynamic_accel,69.681,-1.7683452112643057
dynamic_accel,69.731,-1.6540218528968111
dynamic_accel,69.781,-1.680070728086779
dynamic_accel,69.831,-0.9316611363397485
dynamic_accel,69.881,-0.5778531452605655
dynamic_accel,69.931,0.422763650312854
dynamic_accel,69.981,0.7550623178907951
dynamic_accel,70.031,0.6536629175962148
dynamic_accel,70.081,1.8016325214850397
dynamic_accel,70.131,1.234042951754942
dynamic_accel,70.181,2.765331027439723
dynamic_accel,70.231,0.329066795924577
dynamic_accel,70.281,0.4207191226523257
dynamic_accel,70.331,-2.734360120193421
dynamic_accel,70.381,-2.4863022371005092
dynamic_accel,70.431,-0.9000355268258211
dynamic_accel,70.481,-0.7176551076963662
dynamic_accel,70.531,-0.7306496970960055
dynamic_accel,70.581,-0.1532889596525795
dynamic_accel,70.631,0.14376446746701355
dynamic_accel,70.681,0.7613052713158197
dynamic_accel,70.731,0.9064697730301958
dynamic_accel,70.781,1.7703942251530709
dynamic_accel,70.831,1.706337215421371
dynamic_accel,70.881,3.6976395112091627
dynamic_accel,70.931,-0.704781718152466
dynamic_accel,70.981,-2.5647300815003256
dynamic_accel,71.031,-1.3653948905479343
dynamic_accel,71.081,-1.2721467064902914
dynamic_accel,71.131,-1.668916948794525
dynamic_accel,71.181,-1.3573511427030986
dynamic_accel,71.231,-0.6780900631439195
dynamic_accel,71.281,0.19982061431238662
dynamic_accel,71.331,0.6067615742916335
dynamic_accel,71.381,0.8706951206195477
dynamic_accel,71.431,1.3098238710650882
dynamic_accel,71.481,1.904662033585394
dynamic_accel,71.531,0.835988187316735
dynamic_accel,71.581,1.295824198520119
dynamic_accel,71.631,0.4378375181735841
dynamic_accel,71.681,0.4508903161197022
dynamic_accel,71.731,-1.7486813019794472
dynamic_accel,71.781,-2.853306940410687
dynamic_accel,71.831,-1.8786685063609756
dynamic_accel,71.881,-1.0124423190572607
dynamic_accel,71.931,-0.18559493217578726
dynamic_accel,71.981,0.2334514269207748
dynamic_accel,72.031,0.6558924040329401
dynamic_accel,72.081,1.0290326962581613
dynamic_accel,72.131,1.4909389784599263
dynamic_accel,72.181,1.303515662816011
dynamic_accel,72.231,1.2932134987072512
dynamic_accel,72.281,2.144908185415364
dynamic_accel,72.331,-0.6471899000789634
dynamic_accel,72.381,-1.7179526350393122
dynamic_accel,72.431,-1.8082857239046142
dynamic_accel,72.481,-1.9643266803304957
dynamic_accel,72.531,-1.3355804307806647
dynamic_accel,72.581,-0.5785096889358226
dynamic_accel,72.631,-0.08801626556530096
dynamic_accel,72.681,0.46609755738191083
dynamic_accel,72.731,1.0906954270349374
dynamic_accel,72.781,1.5527666362481867
dynamic_accel,72.831,1.6929328171926699
dynamic_accel,72.881,1.2119175159854194
dynamic_accel,72.931,1.432144111066206
dynamic_accel,72.981,0.5098663021015142
dynamic_accel,73.031,-0.7681698196720657
dynamic_accel,73.081,-2.5427476796273396
dynamic_accel,73.131,-2.5740669961916725
dynamic_accel,73.181,-1.551970399283924
dynamic_accel,73.231,-0.7922085029176547
dynamic_accel,73.281,-0.025767449224025185
dynamic_accel,73.331,0.37860969293661206
dynamic_accel,73.381,0.7549256594606462
dynamic_accel,73.431,1.0049169591744374
dynamic_accel,73.481,1.2223699392377778
dynamic_accel,73.531,1.619058549296767
dynamic_accel,73.581,2.3403340577041885
dynamic_accel,73.631,1.6950115548206863
dynamic_accel,73.681,-0.7605439355967043
dynamic_accel,73.731,-1.6549909888052863
dynamic_accel,73.781,-1.027635738044184
dynamic_accel,73.831,-2.359227420693011
dynamic_accel,73.881,-2.0807169295946277
dynamic_accel,73.931,-1.280003770875835
dynamic_accel,73.981,-0.20079160578966615
dynamic_accel,74.031,0.21040353670845846
dynamic_accel,74.081,1.1417941302658718
dynamic_accel,74.131,1.7909930081598429
dynamic_accel,74.181,1.9546240919622146
dynamic_accel,74.231,1.7841989663946975
dynamic_accel,74.281,1.1163916892888146
dynamic_accel,74.331,0.36617034719155583
dynamic_accel,74.381,-0.4732081272790385
dynamic_accel,74.431,-1.12096553629795
dynamic_accel,74.481,-2.6178905808222908
dynamic_accel,74.531,-2.669771866806278
dynamic_accel,74.581,-1.6979138801336386
dynamic_accel,74.631,-0.847406686642552
dynamic_accel,74.681,-0.023440958097106446
dynamic_accel,74.731,0.8169847328757154
dynamic_accel,74.781,1.962441280932845
dynamic_accel,74.831,3.1395405465470443
dynamic_accel,74.881,2.7941808661521
dynamic_accel,74.931,1.6066997497893194
dynamic_accel,74.981,0.7385712009813545
dynamic_accel,75.031,-0.2568792251963856
dynamic_accel,75.081,-1.5526010470913452
dynamic_accel,75.131,-3.2092080047879437
dynamic_accel,75.181,-3.0393755060876977
dynamic_accel,75.231,-1.9198749503985972
dynamic_accel,75.281,-0.4947470028306604
dynamic_accel,75.331,0.1453711406342073
dynamic_accel,75.381,0.3893688970649798
dynamic_accel,75.431,0.7952692634976266
dynamic_accel,75.481,1.3273790468296358
dynamic_accel,75.531,1.831077253779286
dynamic_accel,75.581,2.0591704048250463
dynamic_accel,75.631,1.3321221819174358
dynamic_accel,75.681,1.0273271311467767
dynamic_accel,75.731,0.9348007413141737
dynamic_accel,75.781,-1.9813895544054958
dynamic_accel,75.831,-2.778247816578663
dynamic_accel,75.881,-1.808279270464297
dynamic_accel,75.931,-0.6272636321512763
dynamic_accel,75.981,-0.2895411702215771
dynamic_accel,76.031,0.11489161285919636
dynamic_accel,76.081,-0.02212683330355425
dynamic_accel,76.131,0.3012422734304536
dynamic_accel,76.181,0.9664646935390984
dynamic_accel,76.231,0.9015878880678123
dynamic_accel,76.281,0.20746984682903502
dynamic_accel,76.331,1.406135496307833
dynamic_accel,76.381,1.1340098297768186
dynamic_accel,76.431,-0.3269299943164601
dynamic_accel,76.481,-0.49451492625576243
dynamic_accel,76.531,-1.571854932363717
dynamic_accel,76.581,-1.1748776201338451
dynamic_accel,76.631,-0.3942388991838186
dynamic_accel,76.681,0.013918509441584348
dynamic_accel,76.731,0.08811174909979691
dynamic_accel,76.781,0.21394193257365046
dynamic_accel,76.831,0.29083464418980576
dynamic_accel,76.881,0.3002474108093711
dynamic_accel,76.931,0.6002694577346812
dynamic_accel,76.981,0.6065986708238214
dynamic_accel,77.031,-0.018482424179193657
dynamic_accel,77.081,-0.37728390083774777
dynamic_accel,77.131,-0.3375095625145388
dynamic_accel,77.181,0.03905869934641615
dynamic_accel,77.231,0.00947275738002773
dynamic_accel,77.281,-0.633301682700349
dynamic_accel,77.331,-0.4460147480548411
dynamic_accel,77.381,0.02050412796901213
dynamic_accel,77.431,0.1915704757473673
dynamic_accel,77.481,0.16941100783897234
dynamic_accel,77.531,0.15498109040049002
dynamic_accel,77.581,0.29583061997637294
dynamic_accel,77.631,0.3778262120986273
dynamic_accel,77.681,0.1646128261034736
dynamic_accel,77.731,0.11563902171580409
dynamic_accel,77.781,-0.04099010861494712
dynamic_accel,77.831,-0.008553411337148376
dynamic_accel,77.881,-0.36999357500979535
dynamic_accel,77.931,-0.2529530937518203
dynamic_accel,77.981,-0.45391301903529957
dynamic_accel,78.031,-0.21161380949537367
dynamic_accel,78.081,0.18528474007927187
dynamic_accel,78.131,-0.012146516844767419
dynamic_accel,78.181,0.23312543169798694
dynamic_accel,78.231,0.1096225458976825
dynamic_accel,78.281,0.21785042970472013
dynamic_accel,78.331,0.06019919838633392
dynamic_accel,78.381,0.016122734434757646
dynamic_accel,78.431,0.05143756427414914
dynamic_accel,78.481,0.11199544164291275
dynamic_accel,78.531,0.12914225901650767
dynamic_accel,78.581,0.03293304796744856
dynamic_accel,78.631,-0.016584337326671417
dynamic_accel,78.681,-0.3004787488585787
dynamic_accel,78.731,-0.0672419200621821
dynamic_accel,78.781,-0.2291810132116474
dynamic_accel,78.831,-0.4877478759639615
dynamic_accel,78.881,-0.3124778714920655
dynamic_accel,78.931,0.05740243650552834
dynamic_accel,78.981,0.4780373985084214
dynamic_accel,79.031,0.021799399155270294
dynamic_accel,79.081,0.22507560138989824
dynamic_accel,79.131,0.2806884804693759
dynamic_accel,79.181,0.11600523998121837
dynamic_accel,79.231,0.10294932971253345
dynamic_accel,79.281,0.038473602123746176
dynamic_accel,79.331,-0.1353583096043529
dynamic_accel,79.381,-0.03707039313702154
dynamic_accel,79.431,0.030226960415941306
dynamic_accel,79.481,-0.012719906818256632
dynamic_accel,79.531,-0.05524162115484188
dynamic_accel,79.581,-0.16090571822184252
dynamic_accel,79.631,-0.005091704024216881
dynamic_accel,79.681,0.006605902377351924
dynamic_accel,79.731,0.09395530831092103
dynamic_accel,79.781,-0.03552921149160149
dynamic_accel,79.831,-0.08092072805654027
dynamic_accel,79.881,-0.13157908149088016
dynamic_accel,79.931,-0.21573478372005894
dynamic_accel,79.981,0.1331568201801776
dynamic_accel,80.031,0.16727287545116631
dynamic_accel,80.081,0.10266356589124825
dynamic_accel,80.131,-0.03353163802112391
dynamic_accel,80.181,-0.16485901289474292
dynamic_accel,80.231,0.07464998346704377
dynamic_accel,80.281,0.011656761863600096
dynamic_accel,80.331,0.042328504478209794
dynamic_accel,80.381,0.05056252360989966
dynamic_accel,80.431,0.04512287325404252
dynamic_accel,80.481,-0.003182913455580305
dynamic_accel,80.531,-0.07052307466181418
magnetic_norm,0.12,49.361366766278664
magnetic_norm,0.219,49.11436067744719
magnetic_norm,0.318,49.319689995325334
magnetic_norm,0.453,49.31484392792217
magnetic_norm,0.517,49.463486387830294
magnetic_norm,0.617,49.630144398476475
magnetic_norm,0.749,49.54823380252795
magnetic_norm,0.816,49.6401134187136
magnetic_norm,0.919,49.658723754810474
magnetic_norm,1.037,49.345162456596306
magnetic_norm,1.125,49.72813243452168
magnetic_norm,1.214,49.56499137429259
magnetic_norm,1.313,49.77679255647771
magnetic_norm,1.413,50.03842544825875
magnetic_norm,1.512,49.666807963224564
magnetic_norm,1.612,49.73206739375903
magnetic_norm,1.716,49.772261107093314
magnetic_norm,1.824,49.72473697998434
magnetic_norm,1.91,50.072978673839245
magnetic_norm,2.032,50.26021073668551
magnetic_norm,2.11,50.412322817537266
magnetic_norm,2.209,50.58870595164427
magnetic_norm,2.326,50.79175407037549
magnetic_norm,2.408,50.27302427689237
magnetic_norm,2.508,50.52213909813431
magnetic_norm,2.607,50.95158260918646
magnetic_norm,2.708,50.8227713903815
magnetic_norm,2.806,50.791749332315064
magnetic_norm,2.93,51.11635946062379
magnetic_norm,3.005,50.8729891706705
magnetic_norm,3.105,50.95658450977629
magnetic_norm,3.231,50.990495961392085
magnetic_norm,3.304,50.98037774567589
magnetic_norm,3.416,51.53771617772363
magnetic_norm,3.515,51.94682835252354
magnetic_norm,3.602,52.366705799552136
magnetic_norm,3.702,52.54601557467076
magnetic_norm,3.821,53.02351980660461
magnetic_norm,3.901,53.42343477784206
magnetic_norm,4.0,53.77473116560283
magnetic_norm,4.109,53.9384704900481
magnetic_norm,4.222,53.743858080123005
magnetic_norm,4.299,53.69249047463668
magnetic_norm,4.398,53.74002981241388
magnetic_norm,4.515,52.800369271409075
magnetic_norm,4.6,52.60641263798103
magnetic_norm,4.697,52.448610984215776
magnetic_norm,4.796,52.29864044892543
magnetic_norm,4.903,52.01436017116607
magnetic_norm,4.995,51.96383481675143
magnetic_norm,5.095,51.81629460383605
magnetic_norm,5.194,51.61591202657022
magnetic_norm,5.294,51.55367268582382
magnetic_norm,5.393,50.96884412584466
magnetic_norm,5.513,50.19099261773461
magnetic_norm,5.592,49.61847061316114
magnetic_norm,5.692,49.362857519323526
magnetic_norm,5.791,48.78179838413838
magnetic_norm,5.891,49.06382435660485
magnetic_norm,5.994,48.681050591813175
magnetic_norm,6.114,48.68658654958439
magnetic_norm,6.19,48.621793827638356
magnetic_norm,6.289,48.745781777558996
magnetic_norm,6.39,48.768815991016375
magnetic_norm,6.488,47.9722716429091
magnetic_norm,6.588,48.02138247881109
magnetic_norm,6.704,47.88098775564206
magnetic_norm,6.789,47.49204397483738
magnetic_norm,6.886,47.09331210167529
magnetic_norm,6.998,46.802017012706926
magnetic_norm,7.085,46.18530258423856
magnetic_norm,7.185,45.44800838911307
magnetic_norm,7.284,44.95276320060108
magnetic_norm,7.384,44.849860963840364
magnetic_norm,7.483,44.65702923227897
magnetic_norm,7.585,44.27833012868898
magnetic_norm,7.682,44.08162850013752
magnetic_norm,7.796,43.49586665344833
magnetic_norm,7.881,42.85595309348628
magnetic_norm,7.981,42.82182890423586
magnetic_norm,8.093,42.242608516457075
magnetic_norm,8.192,42.44433154378116
magnetic_norm,8.298,41.96027506677735
magnetic_norm,8.379,41.65339715181088
magnetic_norm,8.478,41.41965759875513
magnetic_norm,8.578,41.061684445812375
magnetic_norm,8.677,40.87843601574082
magnetic_norm,8.798,40.694958055366286
magnetic_norm,8.889,39.773475821675234
magnetic_norm,8.976,39.68898873058584
magnetic_norm,9.075,39.73996977283405
magnetic_norm,9.175,39.09466762840895
magnetic_norm,9.274,39.18720877354567
magnetic_norm,9.374,38.61994576343547
magnetic_norm,9.493,38.55095617309903
magnetic_norm,9.573,37.98832083076669
magnetic_norm,9.672,38.489244281988626
magnetic_norm,9.772,38.26398553933023
magnetic_norm,9.888,38.53831389022258
magnetic_norm,9.971,38.45944048512284
magnetic_norm,10.071,38.838822168160654
magnetic_norm,10.192,38.39005793807699
magnetic_norm,10.269,38.80790501739001
magnetic_norm,10.369,39.14115132167689
magnetic_norm,10.469,38.91449514373371
magnetic_norm,10.568,39.07046885491148
magnetic_norm,10.668,39.26960747965917
magnetic_norm,10.788,39.4489242374928
magnetic_norm,10.867,39.76594025857057
magnetic_norm,10.983,40.07853403113889
magnetic_norm,11.078,40.59940062147822
magnetic_norm,11.165,40.69313807302424
magnetic_norm,11.265,41.19179387586082
magnetic_norm,11.364,41.0277082786876
magnetic_norm,11.483,41.48581035837189
magnetic_norm,11.563,41.89270274977107
magnetic_norm,11.663,42.37386781166427
magnetic_norm,11.796,42.68484474529952
magnetic_norm,11.878,43.790806302228305
magnetic_norm,11.961,44.059021860118875
magnetic_norm,12.064,44.319063051394
magnetic_norm,12.16,44.98344373770223
magnetic_norm,12.26,45.44583752323752
magnetic_norm,12.359,46.03976998299852
magnetic_norm,12.475,46.97532598459286
magnetic_norm,12.558,47.5754558587687
magnetic_norm,12.672,48.175897354687756
magnetic_norm,12.77,48.62991079120308
magnetic_norm,12.857,49.23921587327613
magnetic_norm,12.957,49.9618826080636
magnetic_norm,13.069,50.365546156528296
magnetic_norm,13.157,50.8603859752066
magnetic_norm,13.255,51.075042144626536
magnetic_norm,13.355,51.29775848493938
magnetic_norm,13.454,51.91649565918756
magnetic_norm,13.557,52.53710560112306
magnetic_norm,13.653,52.69656422700586
magnetic_norm,13.753,53.545627649454666
magnetic_norm,13.852,54.08400046193844
magnetic_norm,13.952,54.62053783495839
magnetic_norm,14.064,55.218556727252036
magnetic_norm,14.151,55.84281087309162
magnetic_norm,14.25,56.90524045924017
magnetic_norm,14.367,57.733999908006865
magnetic_norm,14.449,59.288952480508335
magnetic_norm,14.549,59.739703742816516
magnetic_norm,14.648,60.93576752101189
magnetic_norm,14.748,61.64005707506444
magnetic_norm,14.847,62.37358061100974
magnetic_norm,14.966,63.11870619040563
magnetic_norm,15.059,63.72962198397784
magnetic_norm,15.146,63.858989520315085
magnetic_norm,15.245,64.85350166017592
magnetic_norm,15.371,65.32454592789507
magnetic_norm,15.457,65.99256049390429
magnetic_norm,15.544,66.78453082447402
magnetic_norm,15.643,67.08314460018487
magnetic_norm,15.743,68.00283288191157
magnetic_norm,15.843,68.74377982160392
magnetic_norm,15.952,69.82672680242246
magnetic_norm,16.047,70.10372797461163
magnetic_norm,16.141,71.00843454523663
magnetic_norm,16.259,70.95404771656837
magnetic_norm,16.34,70.26666507843842
magnetic_norm,16.439,70.09042783244783
magnetic_norm,16.539,69.46830364087134
magnetic_norm,16.639,68.73221727399927
magnetic_norm,16.759,66.41729359394834
magnetic_norm,16.838,65.78478497937611
magnetic_norm,16.943,64.92705292033881
magnetic_norm,17.037,63.316270987659195
magnetic_norm,17.136,62.828215889270155
magnetic_norm,17.236,60.95386284141781
magnetic_norm,17.335,60.36646503173628
magnetic_norm,17.464,59.187080558366574
magnetic_norm,17.547,58.61825700169594
magnetic_norm,17.646,57.67022230674593
magnetic_norm,17.733,56.82330718577454
magnetic_norm,17.849,55.932010948230314
magnetic_norm,17.932,54.91631245257534
magnetic_norm,18.032,54.315187490316575
magnetic_norm,18.131,53.70820217837484
magnetic_norm,18.231,53.87330762036888
magnetic_norm,18.351,52.67605505769271
magnetic_norm,18.442,51.83964032960511
magnetic_norm,18.541,51.04254944858618
magnetic_norm,18.629,50.54078089736713
magnetic_norm,18.728,50.28271105070753
magnetic_norm,18.828,49.804501578080405
magnetic_norm,18.942,48.65365343338843
magnetic_norm,19.027,48.123058544103536
magnetic_norm,19.131,47.28218489734027
magnetic_norm,19.226,46.547921873688075
magnetic_norm,19.325,46.56085600403108
magnetic_norm,19.425,46.26826846827027
magnetic_norm,19.525,45.946665833232345
magnetic_norm,19.624,45.60695886037013
magnetic_norm,19.743,45.11702835583141
magnetic_norm,19.823,45.391515628812044
magnetic_norm,19.923,44.775478977988364
magnetic_norm,20.022,44.359064445951695
magnetic_norm,20.122,44.28315680749905
magnetic_norm,20.221,43.78213970531271
magnetic_norm,20.321,43.721774716000105
magnetic_norm,20.42,43.54932586827766
magnetic_norm,20.52,43.82934225726124
magnetic_norm,20.619,43.78528435692878
magnetic_norm,20.719,43.05018897921834
magnetic_norm,20.818,42.64876994240441
magnetic_norm,20.918,42.53538027093658
magnetic_norm,21.057,42.65696578484142
magnetic_norm,21.117,42.916540943640065
magnetic_norm,21.216,42.86564272865138
magnetic_norm,21.329,42.966790003882984
magnetic_norm,21.427,42.90601090651883
magnetic_norm,21.515,42.889432794324385
magnetic_norm,21.614,42.815219686943294
magnetic_norm,21.714,43.031648186927626
magnetic_norm,21.824,42.864530767668256
magnetic_norm,21.913,43.27006893956153
magnetic_norm,22.012,42.72764379363982
magnetic_norm,22.112,42.98723405558082
magnetic_norm,22.212,43.10915458729832
magnetic_norm,22.311,43.37232169215884
magnetic_norm,22.41,43.24522794007625
magnetic_norm,22.51,42.8797776282047
magnetic_norm,22.63,42.98060959814625
magnetic_norm,22.72,42.894059671352835
magnetic_norm,22.821,42.916031381284256
magnetic_norm,22.908,43.0302059241367
magnetic_norm,23.008,43.074291979195294
magnetic_norm,23.107,43.14975233201697
magnetic_norm,23.207,43.25284117332137
magnetic_norm,23.306,43.37245518750122
magnetic_norm,23.406,43.434697262677176
magnetic_norm,23.505,43.22144200146162
magnetic_norm,23.614,43.404118507938655
magnetic_norm,23.723,43.34706167149153
magnetic_norm,23.804,43.37833873291858
magnetic_norm,23.921,43.35090564798397
magnetic_norm,24.003,43.419753370718276
magnetic_norm,24.102,43.65542541993123
magnetic_norm,24.215,43.806407505456875
magnetic_norm,24.301,44.329575071508906
magnetic_norm,24.413,44.26419016049678
magnetic_norm,24.5,44.41093312410709
magnetic_norm,24.6,44.83444574423617
magnetic_norm,24.699,44.97460049955772
magnetic_norm,24.799,45.508046923403406
magnetic_norm,24.898,45.89373762287808
magnetic_norm,25.001,46.278611780678574
magnetic_norm,25.097,46.278317710165126
magnetic_norm,25.197,46.68605388739027
magnetic_norm,25.296,46.600559675707395
magnetic_norm,25.396,47.15469157244394
magnetic_norm,25.496,47.24355666329802
magnetic_norm,25.595,47.54857538083675
magnetic_norm,25.701,47.81358813098851
magnetic_norm,25.81,48.14116153240667
magnetic_norm,25.898,48.83189854150386
magnetic_norm,25.993,49.256076848629775
magnetic_norm,26.119,49.4399913466784
magnetic_norm,26.212,49.94595375401724
magnetic_norm,26.292,50.46325605867502
magnetic_norm,26.403,50.94193105758413
magnetic_norm,26.491,51.270336082522476
magnetic_norm,26.59,51.82795580818362
magnetic_norm,26.728,52.38427198524314
magnetic_norm,26.79,53.40786919680357
magnetic_norm,26.889,53.67291256500125
magnetic_norm,27.01,54.43713020364109
magnetic_norm,27.088,54.88060134778802
magnetic_norm,27.187,55.26200427279988
magnetic_norm,27.287,55.56953206891552
magnetic_norm,27.403,56.273349718578324
magnetic_norm,27.486,56.97337151671589
magnetic_norm,27.586,57.69751598307243
magnetic_norm,27.685,58.047024083048974
magnetic_norm,27.784,58.4491097930898
magnetic_norm,27.884,58.53921429543412
magnetic_norm,27.983,59.48696510571078
magnetic_norm,28.083,59.94987346290054
magnetic_norm,28.182,59.969596819950915
magnetic_norm,28.282,60.31205669432686
magnetic_norm,28.382,60.685524232150684
magnetic_norm,28.483,61.16332913258397
magnetic_norm,28.581,61.55890283691847
magnetic_norm,28.68,61.582268959175714
magnetic_norm,28.78,62.00064137244439
magnetic_norm,28.879,62.02944015461609
magnetic_norm,29.02,62.37785177848657
magnetic_norm,29.078,62.06452737541935
magnetic_norm,29.178,62.056685090081224
magnetic_norm,29.277,61.843831232017905
magnetic_norm,29.389,61.853427315660156
magnetic_norm,29.476,61.05126928359541
magnetic_norm,29.576,60.490254579563924
magnetic_norm,29.687,59.47480655453417
magnetic_norm,29.775,58.95945231580199
magnetic_norm,29.874,58.516107102105586
magnetic_norm,29.974,58.34086623774652
magnetic_norm,30.073,57.74710034626681
magnetic_norm,30.173,57.31612320834765
magnetic_norm,30.275,57.29314382539202
magnetic_norm,30.373,56.450567731857305
magnetic_norm,30.471,55.86426007775413
magnetic_norm,30.597,55.07831645249028
magnetic_norm,30.683,54.37416748891902
magnetic_norm,30.775,53.50807390668484
magnetic_norm,30.869,52.70967935924479
magnetic_norm,30.969,52.281197380125064
magnetic_norm,31.068,50.97096758212379
magnetic_norm,31.168,49.62294860225408
magnetic_norm,31.28,48.61995833551896
magnetic_norm,31.367,47.84063859578089
magnetic_norm,31.47,47.084438758434274
magnetic_norm,31.566,46.773464202683186
magnetic_norm,31.665,46.45948981849245
magnetic_norm,31.765,46.20875923709889
magnetic_norm,31.877,46.082536658502356
magnetic_norm,31.964,45.998580865015484
magnetic_norm,32.077,45.71001053947425
magnetic_norm,32.179,45.41647098568321
magnetic_norm,32.263,44.91464230598747
magnetic_norm,32.362,44.865971617167844
magnetic_norm,32.462,44.76127536032939
magnetic_norm,32.561,44.812567696822626
magnetic_norm,32.661,44.645272207301325
magnetic_norm,32.76,44.749374660755855
magnetic_norm,32.86,44.44062659875634
magnetic_norm,32.959,44.70104758547996
magnetic_norm,33.059,44.73037805262182
magnetic_norm,33.158,44.953723997742976
magnetic_norm,33.267,44.83790483399224
magnetic_norm,33.37,44.77872174434201
magnetic_norm,33.473,44.5825029472148
magnetic_norm,33.556,44.51518941267835
magnetic_norm,33.656,44.003698197534874
magnetic_norm,33.756,43.94631412578616
magnetic_norm,33.855,43.96254719497698
magnetic_norm,33.954,44.09891972228079
magnetic_norm,34.054,44.031338152577284
magnetic_norm,34.153,44.055062751738525
magnetic_norm,34.253,43.880862476235166
magnetic_norm,34.353,43.91195672534375
magnetic_norm,34.452,43.819797168474786
magnetic_norm,34.551,44.07124764097929
magnetic_norm,34.651,44.141219791448464
magnetic_norm,34.757,44.13446923082431
magnetic_norm,34.85,43.91608773856543
magnetic_norm,34.95,43.95655501276994
magnetic_norm,35.089,43.71659082547405
magnetic_norm,35.161,44.098115538190115
magnetic_norm,35.268,43.91294082636202
magnetic_norm,35.348,43.79327789289188
magnetic_norm,35.447,43.967161389488986
magnetic_norm,35.547,43.822668135600274
magnetic_norm,35.646,43.92632424193271
magnetic_norm,35.746,43.765712472245305
magnetic_norm,35.845,43.567400878436146
magnetic_norm,35.957,43.877696406108875
magnetic_norm,36.048,43.677807283989566
magnetic_norm,36.144,43.16242734636155
magnetic_norm,36.256,42.98599000957985
magnetic_norm,36.343,42.86192313789288
magnetic_norm,36.442,42.50391198033904
magnetic_norm,36.542,42.14067680374464
magnetic_norm,36.66,42.00163964551602
magnetic_norm,36.741,41.74245320889768
magnetic_norm,36.854,41.22216188989884
magnetic_norm,36.952,41.00165389534761
magnetic_norm,37.039,40.59263206062743
magnetic_norm,37.139,40.22547636602251
magnetic_norm,37.238,39.76986494300139
magnetic_norm,37.338,39.680696080077766
magnetic_norm,37.438,39.47686082815359
magnetic_norm,37.537,39.143876287286496
magnetic_norm,37.641,38.905591900484424
magnetic_norm,37.736,38.96976812341878
magnetic_norm,37.836,38.37870340235165
magnetic_norm,37.938,38.62840703506807
magnetic_norm,38.035,38.43625247920295
magnetic_norm,38.134,38.51411585339233
magnetic_norm,38.261,38.34424626818243
magnetic_norm,38.333,38.33582048919753
magnetic_norm,38.45,38.6904646508587
magnetic_norm,38.532,38.701280338316614
magnetic_norm,38.632,38.86943685234041
magnetic_norm,38.731,38.627402344419394
magnetic_norm,38.831,38.65916679998118
magnetic_norm,38.93,38.538934569760166
magnetic_norm,39.03,38.834537005208595
magnetic_norm,39.129,38.67373029402318
magnetic_norm,39.232,38.56567325404301
magnetic_norm,39.328,38.606851330585
magnetic_norm,39.44,38.365065410923705
magnetic_norm,39.543,38.472731381412686
magnetic_norm,39.639,38.857740299395594
magnetic_norm,39.726,38.90778861753278
magnetic_norm,39.826,38.8883019027007
magnetic_norm,39.945,39.41704373985421
magnetic_norm,40.038,39.433012853283714
magnetic_norm,40.124,39.310276376651274
magnetic_norm,40.224,39.18478659463624
magnetic_norm,40.324,39.57713216724647
magnetic_norm,40.423,39.345599214206906
magnetic_norm,40.523,39.621489813084004
magnetic_norm,40.622,39.68797511279549
magnetic_norm,40.726,39.693128500163866
magnetic_norm,40.825,40.2878512030947
magnetic_norm,40.921,40.46581955589618
magnetic_norm,41.02,40.48343188874942
magnetic_norm,41.12,40.578288611036726
magnetic_norm,41.219,40.74115865661474
magnetic_norm,41.319,40.63252530663613
magnetic_norm,41.441,40.96586078949466
magnetic_norm,41.518,40.46205172387277
magnetic_norm,41.617,40.77255864996562
magnetic_norm,41.737,40.84371378058802
magnetic_norm,41.816,40.78374779515016
magnetic_norm,41.916,40.55376862640369
magnetic_norm,42.015,40.573056986185996
magnetic_norm,42.115,40.83691843752093
magnetic_norm,42.219,40.622712348557094
magnetic_norm,42.314,41.19360269638036
magnetic_norm,42.413,41.322934507635765
magnetic_norm,42.513,40.983029022628095
magnetic_norm,42.613,40.7431589425361
magnetic_norm,42.753,40.56782735550052
magnetic_norm,42.811,40.40752570601416
magnetic_norm,42.911,39.94215674657919
magnetic_norm,43.034,40.06622814534253
magnetic_norm,43.11,39.552786788442
magnetic_norm,43.21,39.05836540015022
magnetic_norm,43.328,38.97001714491664
magnetic_norm,43.409,38.9850685447285
magnetic_norm,43.508,39.120782606144395
magnetic_norm,43.608,38.92733153048185
magnetic_norm,43.707,39.777490637494175
magnetic_norm,43.828,40.31804218087791
magnetic_norm,43.906,40.9143622012912
magnetic_norm,44.006,41.36248979213735
magnetic_norm,44.105,41.790937139336414
magnetic_norm,44.205,41.87852817611795
magnetic_norm,44.344,42.10527167021409
magnetic_norm,44.406,42.44362582123513
magnetic_norm,44.503,42.81066887402865
magnetic_norm,44.622,42.205462152570725
magnetic_norm,44.714,42.58274608408351
magnetic_norm,44.802,43.225813355634116
magnetic_norm,44.921,43.761091743284084
magnetic_norm,45.001,44.176449426192406
magnetic_norm,45.113,44.52675453850005
magnetic_norm,45.2,45.135645750496025
magnetic_norm,45.316,45.28493067873659
magnetic_norm,45.419,45.33590315762786
magnetic_norm,45.498,45.39090617370254
magnetic_norm,45.598,45.09061290511658
magnetic_norm,45.697,44.76091248001234
magnetic_norm,45.797,44.80855455788896
magnetic_norm,45.896,44.595621376375256
magnetic_norm,45.996,44.31340225843087
magnetic_norm,46.095,44.251592425693964
magnetic_norm,46.195,44.00540575709788
magnetic_norm,46.295,43.412473531896055
magnetic_norm,46.394,43.2394320211649
magnetic_norm,46.494,43.156822292144646
magnetic_norm,46.6,43.12352357229577
magnetic_norm,46.693,43.27589736521253
magnetic_norm,46.792,42.93085533784079
magnetic_norm,46.912,43.05355231400048
magnetic_norm,46.991,43.30775733697062
magnetic_norm,47.091,43.24164307482036
magnetic_norm,47.19,43.59638138062083
magnetic_norm,47.29,43.605380622636496
magnetic_norm,47.389,43.659130681727376
magnetic_norm,47.52,44.078050352461545
magnetic_norm,47.59,44.14364221965575
magnetic_norm,47.688,44.334164577958354
magnetic_norm,47.8,44.72082458023259
magnetic_norm,47.887,45.26578420301709
magnetic_norm,47.986,45.30187914548881
magnetic_norm,48.086,45.60684442233538
magnetic_norm,48.195,45.71788510759504
magnetic_norm,48.285,46.198271341057335
magnetic_norm,48.384,46.97915815597687
magnetic_norm,48.487,46.928392038058284
magnetic_norm,48.583,47.018791782111904
magnetic_norm,48.683,46.78670400760632
magnetic_norm,48.799,46.74565813881572
magnetic_norm,48.882,46.592121034243334
magnetic_norm,48.983,46.96143280004771
magnetic_norm,49.101,46.82241760837921
magnetic_norm,49.181,46.69667183290622
magnetic_norm,49.28,46.92512117844637
magnetic_norm,49.38,46.909115859804416
magnetic_norm,49.479,47.318842808683044
magnetic_norm,49.598,47.46628156489587
magnetic_norm,49.691,47.28353141890109
magnetic_norm,49.785,47.26954192205308
magnetic_norm,49.887,47.31306631571442
magnetic_norm,49.977,47.18550196167435
magnetic_norm,50.076,47.4423249134012
magnetic_norm,50.188,47.37146998130505
magnetic_norm,50.289,47.45701270638286
magnetic_norm,50.406,47.265675714420546
magnetic_norm,50.474,46.98567776425681
magnetic_norm,50.586,47.091176259605746
magnetic_norm,50.689,46.95813755492245
magnetic_norm,50.773,47.23600741984695
magnetic_norm,50.876,47.964105368415595
magnetic_norm,50.986,47.860536451861734
magnetic_norm,51.071,47.876714766748016
magnetic_norm,51.171,48.16984297548446
magnetic_norm,51.27,48.579655864018235
magnetic_norm,51.37,48.39879180606032
magnetic_norm,51.497,48.04790204231213
magnetic_norm,51.569,48.23625112537473
magnetic_norm,51.672,47.760951306936064
magnetic_norm,51.768,47.23210258504555
magnetic_norm,51.867,47.22273794367101
magnetic_norm,51.976,47.32592563660829
magnetic_norm,52.079,46.69729408447659
magnetic_norm,52.166,46.75849354164585
magnetic_norm,52.29,47.074734452688254
magnetic_norm,52.365,46.90078473296455
magnetic_norm,52.465,47.19635220971451
magnetic_norm,52.564,47.073655063642256
magnetic_norm,52.664,46.961505174406774
magnetic_norm,52.763,47.004901158148535
magnetic_norm,52.899,46.86546435336663
magnetic_norm,52.962,46.58448724438925
magnetic_norm,53.062,46.438449689155355
magnetic_norm,53.18,46.62780653769522
magnetic_norm,53.261,46.617988139786476
magnetic_norm,53.36,46.322794534285165
magnetic_norm,53.46,46.09707221526487
magnetic_norm,53.564,46.20382888587125
magnetic_norm,53.659,46.099430118652904
magnetic_norm,53.77,46.51011359539064
magnetic_norm,53.864,46.173203763229765
magnetic_norm,53.958,45.63983933375735
magnetic_norm,54.079,45.47346176579038
magnetic_norm,54.156,45.06864776857133
magnetic_norm,54.256,45.22979222115899
magnetic_norm,54.356,45.13114993153487
magnetic_norm,54.459,44.854090822518124
magnetic_norm,54.555,44.50929519276847
magnetic_norm,54.672,44.19594937368939
magnetic_norm,54.759,43.868443929720875
magnetic_norm,54.865,43.7963835373393
magnetic_norm,54.965,43.39076102291604
magnetic_norm,55.052,43.58310262919014
magnetic_norm,55.152,43.50968323678608
magnetic_norm,55.271,43.22530526405578
magnetic_norm,55.351,43.333153918040125
magnetic_norm,55.45,43.62644835988015
magnetic_norm,55.561,44.098466113350206
magnetic_norm,55.649,44.07550558736785
magnetic_norm,55.765,44.54362365325093
magnetic_norm,55.848,45.14438201325992
magnetic_norm,55.948,45.37315295148667
magnetic_norm,56.047,45.83000427853886
magnetic_norm,56.147,46.633616338856534
magnetic_norm,56.252,47.06358664342619
magnetic_norm,56.346,47.23873572847072
magnetic_norm,56.445,47.91134312844057
magnetic_norm,56.545,48.0003462345649
magnetic_norm,56.644,48.566235842800126
magnetic_norm,56.744,48.56342914533571
magnetic_norm,56.844,49.27417634192144
magnetic_norm,56.943,49.60764985112185
magnetic_norm,57.059,49.510176254073315
magnetic_norm,57.142,49.605270766605365
magnetic_norm,57.242,49.532133186374665
magnetic_norm,57.361,49.3626378236163
magnetic_norm,57.44,49.37506461377071
magnetic_norm,57.54,49.14556263601915
magnetic_norm,57.64,49.07148435207498
magnetic_norm,57.739,49.005738205827974
magnetic_norm,57.839,49.28166339670772
magnetic_norm,57.938,49.13691103678436
magnetic_norm,58.038,48.85063568094426
magnetic_norm,58.137,48.7551512155121
magnetic_norm,58.249,48.65262661691082
magnetic_norm,58.349,48.71163824568136
magnetic_norm,58.436,47.970591507165814
magnetic_norm,58.535,48.155734484340556
magnetic_norm,58.635,47.420608098518464
magnetic_norm,58.746,46.96264650699328
magnetic_norm,58.834,46.44187046083312
magnetic_norm,58.939,46.528021236866884
magnetic_norm,59.033,46.03900869898637
magnetic_norm,59.134,45.74603652467318
magnetic_norm,59.249,45.630540401664675
magnetic_norm,59.331,44.92604025735131
magnetic_norm,59.449,44.75756159827503
magnetic_norm,59.53,44.76519824813809
magnetic_norm,59.642,44.17468072118936
magnetic_norm,59.729,43.873409967993155
magnetic_norm,59.829,43.18329118272405
magnetic_norm,59.928,43.08245245798585
magnetic_norm,60.028,42.26363897091553
magnetic_norm,60.128,42.129210090835414
magnetic_norm,60.231,41.80647477142665
magnetic_norm,60.327,41.502592022459716
magnetic_norm,60.426,41.514377536060344
magnetic_norm,60.531,41.81486788917648
magnetic_norm,60.625,41.94445566839254
magnetic_norm,60.725,41.708580061049055
magnetic_norm,60.836,41.388361320597895
magnetic_norm,60.936,41.37964806462196
magnetic_norm,61.023,40.75598345779343
magnetic_norm,61.139,40.711863036055625
magnetic_norm,61.222,40.24167668259934
magnetic_norm,61.334,40.52324504207939
magnetic_norm,61.447,40.42989476468759
magnetic_norm,61.533,40.133005481533324
magnetic_norm,61.621,40.04389739295381
magnetic_norm,61.72,39.79834049930022
magnetic_norm,61.839,39.20441743043653
magnetic_norm,61.919,38.942506286288655
magnetic_norm,62.018,38.45705254298224
magnetic_norm,62.118,38.41188235708626
magnetic_norm,62.238,37.8708222642058
magnetic_norm,62.317,37.16719621490841
magnetic_norm,62.429,36.434886196162715
magnetic_norm,62.516,36.156526843815
magnetic_norm,62.616,35.74030395276061
magnetic_norm,62.721,35.05087891652292
magnetic_norm,62.815,34.825389454968445
magnetic_norm,62.926,34.6838702744711
magnetic_norm,63.033,34.79190325901997
magnetic_norm,63.113,34.55098700558351
magnetic_norm,63.213,34.25971397467317
magnetic_norm,63.332,34.105511800703276
magnetic_norm,63.435,34.49833936010572
magnetic_norm,63.511,34.20011388676225
magnetic_norm,63.638,34.29116255679526
magnetic_norm,63.713,34.44964662114315
magnetic_norm,63.816,34.1177912128506
magnetic_norm,63.909,34.328547281626165
magnetic_norm,64.009,34.767010073691694
magnetic_norm,64.108,35.10157700199073
magnetic_norm,64.225,35.614280441775634
magnetic_norm,64.316,35.092891261259595
magnetic_norm,64.42,34.77575932495791
magnetic_norm,64.514,34.945020743997134
magnetic_norm,64.606,34.95286740636804
magnetic_norm,64.721,34.68681189992565
magnetic_norm,64.825,34.873608097597184
magnetic_norm,64.912,35.225236469002766
magnetic_norm,65.004,34.64748052643041
magnetic_norm,65.103,34.68175582628178
magnetic_norm,65.219,34.85591393771501
magnetic_norm,65.302,34.732171175627016
magnetic_norm,65.413,34.75102420991193
magnetic_norm,65.515,34.734416061755894
magnetic_norm,65.61,35.029993412659245
magnetic_norm,65.72,34.94699706517023
magnetic_norm,65.8,35.17355538030343
magnetic_norm,65.912,35.570828540181026
magnetic_norm,66.011,35.487063066644495
magnetic_norm,66.099,35.2921235924073
magnetic_norm,66.198,35.32445348553325
magnetic_norm,66.298,35.08468268546193
magnetic_norm,66.42,34.68663128259049
magnetic_norm,66.497,33.47491425309896
magnetic_norm,66.596,33.03962223328837
magnetic_norm,66.696,32.215459297122
magnetic_norm,66.812,31.463273185857094
magnetic_norm,66.895,30.633994731062952
magnetic_norm,67.007,29.74128292632367
magnetic_norm,67.106,29.288267650968436
magnetic_norm,67.193,28.593104098311084
magnetic_norm,67.293,28.623732919740583
magnetic_norm,67.392,29.0555630887079
magnetic_norm,67.492,28.97476035052014
magnetic_norm,67.624,29.1774866032372
magnetic_norm,67.698,29.819181968374792
magnetic_norm,67.791,30.664067671010223
magnetic_norm,67.89,32.36515730886415
magnetic_norm,67.99,34.24457665420853
magnetic_norm,68.102,36.41562156292818
magnetic_norm,68.213,37.91558763225011
magnetic_norm,68.292,40.19198205073422
magnetic_norm,68.407,41.44518345580233
magnetic_norm,68.487,43.02184497435863
magnetic_norm,68.587,43.89998338404687
magnetic_norm,68.686,44.558641921324465
magnetic_norm,68.805,43.59470669929827
magnetic_norm,68.885,44.115282551177444
magnetic_norm,69.004,44.215923785408556
magnetic_norm,69.084,44.60217712870346
magnetic_norm,69.196,44.91044003352122
magnetic_norm,69.283,45.23902187256068
magnetic_norm,69.383,45.66744283661849
magnetic_norm,69.501,45.54462859551968
magnetic_norm,69.582,46.005950774599235
magnetic_norm,69.687,46.55842348252184
magnetic_norm,69.781,46.514207684997096
magnetic_norm,69.88,47.21085322328191
magnetic_norm,70.005,47.93977443275992
magnetic_norm,70.079,48.580923430404205
magnetic_norm,70.179,48.71642389067005
magnetic_norm,70.298,49.04518665526432
magnetic_norm,70.383,49.20991438997227
magnetic_norm,70.49,49.78102098552032
magnetic_norm,70.577,49.622246894419455
magnetic_norm,70.686,49.89596463544674
magnetic_norm,70.776,49.87499853812581
magnetic_norm,70.876,50.13558611004355
magnetic_norm,70.975,50.06744128271107
magnetic_norm,71.075,50.16685436560046
magnetic_norm,71.174,49.95409645652723
magnetic_norm,71.274,49.66991924872009
magnetic_norm,71.373,49.95423403287206
magnetic_norm,71.492,49.930296726122535
magnetic_norm,71.575,49.96746556846186
magnetic_norm,71.672,49.67487528684052
magnetic_norm,71.778,49.80461651082011
magnetic_norm,71.881,49.26067803954937
magnetic_norm,71.97,48.89737176414417
magnetic_norm,72.07,48.917274920916796
magnetic_norm,72.191,48.544806823467475
magnetic_norm,72.269,49.15179299340599
magnetic_norm,72.376,48.522785794161166
magnetic_norm,72.48,49.00084138204907
magnetic_norm,72.567,48.57406732088812
magnetic_norm,72.667,48.575884585569646
magnetic_norm,72.767,48.40670135567828
magnetic_norm,72.873,48.175310406801806
magnetic_norm,72.965,48.01237399327149
magnetic_norm,73.065,48.03508917330958
magnetic_norm,73.169,48.27030427218023
magnetic_norm,73.264,48.03372387266685
magnetic_norm,73.364,48.00183926836445
magnetic_norm,73.463,48.043991519352524
magnetic_norm,73.563,47.42517126721715
magnetic_norm,73.662,46.86595467332638
magnetic_norm,73.778,46.6231045346284
magnetic_norm,73.861,46.49410814749896
magnetic_norm,73.961,45.64488507005167
magnetic_norm,74.06,45.205344931842156
magnetic_norm,74.179,44.582945245719465
magnetic_norm,74.259,44.87704556989037
magnetic_norm,74.359,44.41384237853626
magnetic_norm,74.458,43.63348147648657
magnetic_norm,74.563,42.664500858299434
magnetic_norm,74.657,42.01657263236884
magnetic_norm,74.757,41.24106226671511
magnetic_norm,74.856,40.53407272262307
magnetic_norm,74.963,40.4120778484104
magnetic_norm,75.072,40.044494997357006
magnetic_norm,75.155,40.0899050713607
magnetic_norm,75.254,40.93191590140016
magnetic_norm,75.391,39.148090091050584
magnetic_norm,75.454,39.1457576543213
magnetic_norm,75.553,39.48742397244495
magnetic_norm,75.657,39.27602940025369
magnetic_norm,75.752,40.4000469956088
magnetic_norm,75.852,40.812736592280835
magnetic_norm,75.951,41.23973325206821
magnetic_norm,76.051,42.24835720284246
magnetic_norm,76.15,43.23042974172213
magnetic_norm,76.25,44.256779670012456
magnetic_norm,76.37,45.82884387681298
magnetic_norm,76.449,46.7295492772903
magnetic_norm,76.548,47.37544727487813
magnetic_norm,76.648,48.2842201546186
magnetic_norm,76.747,49.096275016015404
magnetic_norm,76.847,49.335037624203224
magnetic_norm,76.963,50.276928404869274
magnetic_norm,77.054,50.77119658648517
magnetic_norm,77.161,50.96902055736052
magnetic_norm,77.27,51.4656822642474
magnetic_norm,77.357,51.59675236961763
magnetic_norm,77.448,51.12396953861627
magnetic_norm,77.543,51.13170898530046
magnetic_norm,77.654,51.16107883476423
magnetic_norm,77.742,50.84135289720333
magnetic_norm,77.842,50.82992640241424
magnetic_norm,77.941,50.782170055069045
magnetic_norm,78.041,50.76559668803096
magnetic_norm,78.141,50.667450641446315
magnetic_norm,78.241,50.54053343817556
magnetic_norm,78.34,50.1769117474804
magnetic_norm,78.439,49.795458834230594
magnetic_norm,78.581,49.4630642969457
magnetic_norm,78.652,48.92637999999193
magnetic_norm,78.75,48.39837166878121
magnetic_norm,78.856,48.20874570328207
magnetic_norm,78.937,47.775616633689964
magnetic_norm,79.036,47.655604975952585
magnetic_norm,79.136,47.70709883081057
magnetic_norm,79.235,47.46403105018319
magnetic_norm,79.335,47.707901173239236
magnetic_norm,79.434,47.806434787627126
magnetic_norm,79.534,47.494871502824246
magnetic_norm,79.633,47.80515555128515
magnetic_norm,79.733,47.567822006948255
magnetic_norm,79.832,47.7568891916115
magnetic_norm,79.932,47.75995564320487
magnetic_norm,80.031,47.58620352898337
magnetic_norm,80.131,47.79963420561657
magnetic_norm,80.23,47.843268978784735
magnetic_norm,80.33,47.8549057429332
magnetic_norm,80.471,47.75132232827414
magnetic_norm,80.529,47.67139344029534
pressure,1.102,995.6306457519531
pressure,2.11,995.6343078613281
pressure,3.131,995.6380462646484
pressure,4.131,995.6402587890625
pressure,5.136,995.6439971923828
pressure,6.662,995.6471252441406
pressure,7.733,995.6472778320312
pressure,8.828,995.6475830078125
pressure,9.894,995.6484222412109
pressure,10.983,995.6484222412109
pressure,12.042,995.6484985351562
pressure,13.129,995.6491088867188
pressure,14.205,995.6509399414062
pressure,15.276,995.6520843505859
pressure,16.351,995.6523895263672
pressure,17.437,995.6523895263672
pressure,18.518,995.6529998779297
pressure,19.585,995.6529998779297
pressure,20.671,995.6529235839844
pressure,21.745,995.6523132324219
pressure,22.822,995.6523132324219
pressure,23.921,995.6524658203125
pressure,24.979,995.6527709960938
pressure,26.066,995.6529235839844
pressure,27.138,995.6534576416016
pressure,28.232,995.6549072265625
pressure,29.325,995.6549072265625
pressure,30.373,995.6549072265625
pressure,31.447,995.6552886962891
pressure,32.522,995.6552886962891
pressure,33.597,995.6536102294922
pressure,34.686,995.6519317626953
pressure,35.756,995.650634765625
pressure,36.832,995.6491851806641
pressure,37.916,995.6486511230469
pressure,38.991,995.6486511230469
pressure,40.066,995.6491851806641
pressure,41.151,995.6517028808594
pressure,42.242,995.6517791748047
pressure,43.301,995.6540679931641
pressure,44.378,995.655517578125
pressure,45.459,995.6576538085938
pressure,46.536,995.6578826904297
pressure,47.613,995.6578826904297
pressure,48.694,995.6580352783203
pressure,49.785,995.6580352783203
pressure,50.844,995.6571960449219
pressure,51.928,995.6571960449219
pressure,53.003,995.6581115722656
pressure,54.08,995.6581878662109
pressure,55.163,995.6592559814453
pressure,56.252,995.6620788574219
pressure,57.312,995.6640625
pressure,58.397,995.6674194335938
pressure,59.472,995.6676483154297
pressure,60.546,995.6674194335938
pressure,61.621,995.6671142578125
pressure,62.715,995.6660461425781
pressure,63.789,995.6660461425781
pressure,64.858,995.6694793701172
pressure,65.954,995.6714630126953
pressure,67.035,995.6739044189453
pressure,68.102,995.6757354736328
pressure,69.175,995.6757354736328
pressure,70.25,995.6723785400391
pressure,71.324,995.6693267822266
pressure,72.427,995.6669616699219
pressure,73.484,995.6657409667969
pressure,74.563,995.6657409667969
pressure,75.633,995.6657409667969
pressure,76.718,995.6671142578125
pressure,77.793,995.6678009033203
pressure,78.868,995.6690216064453
pressure,79.954,995.6690216064453
device_yaw,0.079,280.22085802482843
device_yaw,0.129,280.30841341885656
device_yaw,0.179,280.4053717813436
device_yaw,0.229,280.52113608074836
device_yaw,0.279,280.6500645359955
device_yaw,0.329,280.7825926571941
device_yaw,0.379,281.0173170151407
device_yaw,0.429,281.2595017671658
device_yaw,0.479,281.5091469132695
device_yaw,0.529,281.7726554988839
device_yaw,0.579,282.05429622096386
device_yaw,0.629,282.35406907950926
device_yaw,0.679,282.6804869026492
device_yaw,0.729,283.02809697709847
device_yaw,0.779,283.18618162720975
device_yaw,0.829,283.33904395987526
device_yaw,0.879,283.4929402212123
device_yaw,0.929,283.65406753965686
device_yaw,0.979,283.82604144376285
device_yaw,1.579,290.28791496504266
device_yaw,1.629,290.7267482997578
device_yaw,1.679,291.13212732485624
device_yaw,1.729,291.5401256759367
device_yaw,1.779,291.962832412478
device_yaw,1.829,292.3964706966265
device_yaw,1.879,292.7725740651173
device_yaw,1.929,293.1816419914787
device_yaw,1.979,293.63603618491226
device_yaw,2.029,294.0808686535571
device_yaw,2.079,294.51608951964477
device_yaw,3.229,328.5853819235777
device_yaw,3.279,329.22196544977913
device_yaw,3.329,329.7841598932399
device_yaw,3.379,330.2541867253549
device_yaw,3.429,330.65969622952787
device_yaw,3.479,331.018284040652
device_yaw,3.529,331.9460577720354
device_yaw,3.579,332.7467721862122
device_yaw,3.629,333.42842715684384
device_yaw,3.679,333.9834299958569
device_yaw,3.729,334.4716449394827
device_yaw,3.779,334.9127164671371
device_yaw,3.829,335.353601713478
device_yaw,3.879,335.7911360067881
device_yaw,3.929,336.25356014319897
device_yaw,3.979,336.77535858584866
device_yaw,4.029,337.3405119518413
device_yaw,4.079,337.928162348098
device_yaw,4.129,338.52970237584486
device_yaw,4.179,339.1385734787901
device_yaw,4.229,339.75477565693376
device_yaw,4.279,340.3706333449492
device_yaw,4.329,341.0057077795246
device_yaw,4.379,341.60830380561725
device_yaw,4.429,342.2000080962905
device_yaw,4.479,342.7821191341432
device_yaw,4.529,343.3201524560375
device_yaw,4.579,343.83359964992235
device_yaw,4.629,344.41431694799525
device_yaw,4.679,345.0285086636738
device_yaw,4.729,345.6811003738518
device_yaw,4.779,346.355917693372
device_yaw,4.829,347.01607003133
device_yaw,4.879,347.62180235521555
device_yaw,4.929,348.2302242901706
device_yaw,4.979,348.8633103536841
device_yaw,5.029,349.50041077294503
device_yaw,5.079,350.1352377778966
device_yaw,5.129,350.7077292329747
device_yaw,5.179,351.14833122353565
device_yaw,5.229,351.50067727059934
device_yaw,5.279,351.76640035356377
device_yaw,5.329,351.9616748575861
device_yaw,5.379,352.1053657442142
device_yaw,5.429,352.1744951909595
device_yaw,5.479,352.14353963723863
device_yaw,5.529,351.9918482460092
device_yaw,5.579,351.74536551186685
device_yaw,5.629,351.41037920486826
device_yaw,5.679,351.04347925552423
device_yaw,5.729,350.66117080830435
device_yaw,5.779,350.3104300436227
device_yaw,5.829,349.9912569614791
device_yaw,5.879,349.7036515618736
device_yaw,5.929,349.4476138448062
device_yaw,5.979,349.2461216327658
device_yaw,6.029,349.1081107456089
device_yaw,6.079,349.0335811833356
device_yaw,6.129,349.02296289594466
device_yaw,6.179,349.07645821284706
device_yaw,6.229,349.194067134043
device_yaw,6.279,349.3592845150625
device_yaw,6.329,349.5251341754919
device_yaw,6.379,349.69161611533104
device_yaw,6.429,349.85873033458006
device_yaw,6.479,350.1301836134413
device_yaw,6.529,350.52071091587334
device_yaw,6.579,351.01350996207935
device_yaw,6.629,351.65475011783616
device_yaw,6.679,352.46367997847693
device_yaw,6.729,352.72463524227703
device_yaw,6.779,353.0247088239994
device_yaw,6.829,353.3785700928649
device_yaw,6.879,353.80927091479214
device_yaw,6.929,354.3552310663118
device_yaw,7.679,365.4634713975058
device_yaw,7.729,365.76993290157804
device_yaw,7.779,366.11172643428273
device_yaw,7.829,366.4485215967171
device_yaw,7.879,366.7747523556171
device_yaw,7.929,367.0948683433477
device_yaw,7.979,367.69050914300016
device_yaw,8.029,368.28085510916156
device_yaw,8.079,368.8464635795489
device_yaw,8.129,369.3875771208418
device_yaw,8.179,369.9041957330402
device_yaw,8.229,370.39631941614414
device_yaw,8.279,370.80275188525087
device_yaw,8.329,371.14146701970833
device_yaw,8.379,371.40375390524883
device_yaw,8.429,371.55521621147204
device_yaw,8.479,371.5867886216654
device_yaw,8.529,371.48567904796886
device_yaw,8.579,371.26475556945
device_yaw,8.629,370.91468719567797
device_yaw,8.679,370.5192967195771
device_yaw,8.729,370.0785841411474
device_yaw,8.779,369.59254946038897
device_yaw,8.829,369.0611926773019
device_yaw,8.879,368.48451379188595
device_yaw,8.929,367.8945853097024
device_yaw,8.979,367.377853739237
device_yaw,9.029,366.9505068145543
device_yaw,9.079,366.6181915471318
device_yaw,9.129,366.3950945547262
device_yaw,9.179,366.3118842842783
device_yaw,9.229,366.2909287472946
device_yaw,9.279,366.33222794377497
device_yaw,9.329,366.4357818737195
device_yaw,9.379,366.6085822845743
device_yaw,9.429,366.8514060371667
device_yaw,9.479,367.17493763122644
device_yaw,9.529,367.54341272593496
device_yaw,9.579,367.8804261311151
device_yaw,9.629,368.1800896431647
device_yaw,9.679,368.4424032620839
device_yaw,9.729,368.6656208635459
device_yaw,9.779,368.8435516431197
device_yaw,9.829,368.9761956008055
device_yaw,9.879,369.06355273660324
device_yaw,9.929,369.0765004691758
device_yaw,9.979,368.9750884212814
device_yaw,10.029,368.7569713189329
device_yaw,10.079,368.42343205841553
device_yaw,10.129,368.0502558687333
device_yaw,10.179,367.65166033035774
device_yaw,10.229,367.23367706102175
device_yaw,10.279,366.7963060607254
device_yaw,10.329,366.39073931484813
device_yaw,10.379,366.023957548669
device_yaw,10.429,365.6959607621879
device_yaw,10.479,365.4288797892959
device_yaw,10.529,365.26770045586477
device_yaw,10.579,365.21211005873556
device_yaw,10.629,365.25096308648835
device_yaw,10.679,365.4213028720285
device_yaw,10.729,365.72660610974077
device_yaw,10.779,366.16957957065745
device_yaw,10.829,366.74030398162
device_yaw,10.879,367.3558193240319
device_yaw,10.929,368.00476149068385
device_yaw,10.979,368.68712974258784
device_yaw,11.029,369.40495291729377
device_yaw,11.079,370.12635231546454
device_yaw,11.129,370.83103487810234
device_yaw,11.179,371.5190006052072
device_yaw,11.229,372.1451352762936
device_yaw,11.279,372.68196778264405
device_yaw,11.329,373.0929107800029
device_yaw,11.379,373.3878835415284
device_yaw,11.429,373.598654100438
device_yaw,11.479,373.7296058386617
device_yaw,11.529,373.7647963175783
device_yaw,11.579,373.68625352202895
device_yaw,11.629,373.5128868277214
device_yaw,11.679,373.2503562964497
device_yaw,11.729,372.93444361823475
device_yaw,11.779,372.56743273073755
device_yaw,11.829,372.16498867142155
device_yaw,11.879,371.79010861540996
device_yaw,11.929,371.46089922130164
device_yaw,11.979,371.1773604890966
device_yaw,12.029,370.93949241879466
device_yaw,12.079,370.7823919042415
device_yaw,12.129,370.7280506650156
device_yaw,12.179,370.789390555768
device_yaw,12.229,370.9782844212557
device_yaw,12.279,371.2989554679082
device_yaw,12.329,371.7420430379745
device_yaw,12.379,372.29864298656884
device_yaw,12.429,372.9166252430307
device_yaw,12.479,373.56719790355675
device_yaw,12.529,374.2392680529985
device_yaw,12.579,374.9260368078776
device_yaw,12.629,375.60614206075394
device_yaw,12.679,376.26570551902677
device_yaw,12.729,376.8989623422165
device_yaw,12.779,377.50064616018676
device_yaw,12.829,378.0327702907585
device_yaw,12.879,378.50354669955
device_yaw,12.929,378.9218795314471
device_yaw,12.979,379.2830632081254
device_yaw,13.029,379.5723238185941
device_yaw,13.079,379.80075427800165
device_yaw,13.129,379.97515346982624
device_yaw,13.179,380.09772978527167
device_yaw,13.229,380.1763129749695
device_yaw,13.279,380.2109030389198
device_yaw,13.329,380.2014999771227
device_yaw,13.379,380.12054398271397
device_yaw,13.429,379.9413582175741
device_yaw,13.479,379.6897921204911
device_yaw,13.529,379.3904052806824
device_yaw,13.579,379.110925337831
device_yaw,13.629,378.890369353618
device_yaw,13.679,378.7384480963707
device_yaw,13.729,378.7148134286714
device_yaw,13.779,378.8037471187409
device_yaw,13.829,378.9953108311605
device_yaw,13.879,379.27417368304026
device_yaw,13.929,379.65549187840855
device_yaw,13.979,380.09049565346413
device_yaw,14.029,380.5502392629024
device_yaw,14.079,381.03185054685787
device_yaw,14.129,381.49306102184323
device_yaw,14.179,381.89485362617745
device_yaw,14.229,382.2275175915331
device_yaw,14.279,382.4320646499854
device_yaw,14.329,382.5242265760615
device_yaw,14.379,382.5139417051801
device_yaw,14.429,382.4165409202313
device_yaw,14.479,382.2424096097784
device_yaw,14.529,382.06449250087314
device_yaw,14.579,381.8735862359574
device_yaw,14.629,381.6696908150314
device_yaw,14.679,381.4528062380951
device_yaw,14.729,381.2041048523581
device_yaw,14.779,380.9200004382414
device_yaw,14.829,380.56440181513904
device_yaw,14.879,380.1384409973009
device_yaw,14.929,379.67047541255
device_yaw,14.979,379.1885818199844
device_yaw,15.029,378.6927602196038
device_yaw,15.079,378.1843772407501
device_yaw,15.129,377.6209144487309
device_yaw,15.179,376.95445651640836
device_yaw,15.229,376.2493725507249
device_yaw,15.279,375.55586067039764
device_yaw,15.329,374.92988691286405
device_yaw,15.379,374.40687886407306
device_yaw,15.429,373.9856909670265
device_yaw,15.479,373.6379657939015
device_yaw,15.529,373.3356265856
device_yaw,15.579,373.0786733421221
device_yaw,15.629,372.8744823431652
device_yaw,15.679,372.8442582047724
device_yaw,15.729,373.02482780120704
device_yaw,15.779,373.34014641859426
device_yaw,15.829,373.74540402490015
device_yaw,15.879,374.1863033411211
device_yaw,15.929,374.65912223679965
device_yaw,15.979,375.14276624453845
device_yaw,16.029,375.59973408896514
device_yaw,16.079,376.0300257700797
device_yaw,16.129,376.43364128788215
device_yaw,16.179,376.80320436267505
device_yaw,16.229,377.07232847718166
device_yaw,16.279,377.2521020842765
device_yaw,16.329,377.35420079089204
device_yaw,16.379,377.39206416313556
device_yaw,16.429,377.367609662152
device_yaw,16.479,377.2651032131117
device_yaw,16.529,377.0764549754815
device_yaw,16.579,376.830444141147
device_yaw,16.629,376.5141828127925
device_yaw,16.679,376.13013578219704
device_yaw,16.729,375.7013770453527
device_yaw,16.779,375.2607205199993
device_yaw,16.829,374.8499293741695
device_yaw,16.879,374.4690036078631
device_yaw,16.929,374.1179432210802
device_yaw,16.979,373.79674821382105
device_yaw,17.029,373.5248747913723
device_yaw,17.079,373.3453563441886
device_yaw,17.129,373.2691694575631
device_yaw,17.179,373.30920202881157
device_yaw,17.229,373.47763770078035
device_yaw,17.279,373.7900829188902
device_yaw,17.329,374.2487720759845
device_yaw,17.379,374.76873947490293
device_yaw,17.429,375.34788959928215
device_yaw,17.479,375.96206326908793
device_yaw,17.529,376.608576130983
device_yaw,17.579,376.92171615231365
device_yaw,17.629,377.2644086713401
device_yaw,17.679,377.64463593471487
device_yaw,17.729,378.0784842614443
device_yaw,17.779,378.56590871972554
device_yaw,18.329,375.47065592178797
device_yaw,18.379,375.2054454675872
device_yaw,18.429,375.0295450401628
device_yaw,18.479,374.9131846305893
device_yaw,18.529,374.83850223351146
device_yaw,18.579,374.7941311182486
device_yaw,18.629,374.4228799333929
device_yaw,18.679,374.3215048776529
device_yaw,18.729,374.43013257954226
device_yaw,18.779,374.7525162810584
device_yaw,18.829,375.2425660962605
device_yaw,18.879,375.83907772284056
device_yaw,18.929,376.5054764631287
device_yaw,18.979,377.2267619560599
device_yaw,19.029,378.0252885935788
device_yaw,19.079,378.87705115579115
device_yaw,19.129,379.7626251857249
device_yaw,19.179,380.59718920490144
device_yaw,19.229,381.3467832329314
device_yaw,19.279,382.00557047553724
device_yaw,19.329,382.53825609975235
device_yaw,19.379,382.9612877255679
device_yaw,19.429,383.278002934162
device_yaw,19.479,383.49516629413733
device_yaw,19.529,383.65191312371275
device_yaw,19.579,383.75002398809704
device_yaw,19.629,383.81350410718477
device_yaw,19.679,383.7844968561389
device_yaw,19.729,383.6812956643013
device_yaw,19.779,383.57280363127205
device_yaw,19.829,383.45902075705095
device_yaw,19.879,383.33994704163837
device_yaw,19.929,383.2155824850341
device_yaw,19.979,383.08592708723825
device_yaw,20.029,382.9786821921138
device_yaw,20.079,382.8714810133922
device_yaw,20.129,382.74018859391947
device_yaw,20.179,382.5848049336957
device_yaw,20.229,382.4826111145301
device_yaw,20.279,382.4572080008176
device_yaw,20.329,382.46127440185313
device_yaw,20.379,382.49481031763696
device_yaw,20.429,382.5708240745733
device_yaw,20.479,382.75760938628724
device_yaw,20.529,382.82842940014274
device_yaw,20.579,382.9034024447239
device_yaw,20.629,382.9816546715862
device_yaw,20.679,383.0645914445645
device_yaw,20.729,383.1545550367168
device_yaw,21.279,380.54270435327925
device_yaw,21.329,380.16231260431357
device_yaw,21.379,379.7782313954431
device_yaw,21.429,379.3729355907085
device_yaw,21.479,378.9448462934174
device_yaw,21.529,378.4299768941762
device_yaw,21.579,377.38959498355524
device_yaw,21.629,376.3109152647017
device_yaw,21.679,375.226165617393
device_yaw,21.729,374.1958850385947
device_yaw,21.779,373.24788732988543
device_yaw,21.829,372.38839276831476
device_yaw,21.879,371.6177383992045
device_yaw,21.929,370.93418707362
device_yaw,21.979,370.353083755502
device_yaw,22.029,369.88164960435194
device_yaw,22.079,369.6346182602576
device_yaw,22.129,369.6566001021252
device_yaw,22.179,369.8582838316898
device_yaw,22.229,370.1793131037137
device_yaw,22.279,370.5648869523649
device_yaw,22.329,371.05111047380046
device_yaw,22.379,371.57912389502604
device_yaw,22.429,372.14632171400586
device_yaw,22.479,372.7828605987451
device_yaw,22.529,373.49594803603065
device_yaw,22.579,374.2582214101754
device_yaw,22.629,375.00519930515924
device_yaw,22.679,375.7377647461945
device_yaw,22.729,376.4664227836692
device_yaw,22.779,376.86322023008734
device_yaw,22.829,377.276847646694
device_yaw,22.879,377.634509329672
device_yaw,22.929,378.00471389360024
device_yaw,22.979,378.3985095326863
device_yaw,23.679,383.2878706104466
device_yaw,23.729,383.44852294111325
device_yaw,23.779,383.59920654131975
device_yaw,23.829,383.74654255826385
device_yaw,23.879,383.91330363141697
device_yaw,23.929,384.09419201817656
device_yaw,23.979,384.49887314429014
device_yaw,24.029,384.8987487971636
device_yaw,24.079,385.3434724186121
device_yaw,24.129,385.84992752891833
device_yaw,24.179,386.425977511054
device_yaw,24.229,387.0764691264031
device_yaw,24.279,387.7975971223612
device_yaw,24.329,388.5881232364267
device_yaw,24.379,389.46403900203956
device_yaw,24.429,390.28869793147516
device_yaw,24.479,391.05971518666286
device_yaw,24.529,391.76710953955677
device_yaw,24.579,392.4036548203795
device_yaw,24.629,392.9488057452755
device_yaw,24.679,393.3856787939621
device_yaw,24.729,393.7141069299434
device_yaw,24.779,393.93693973831085
device_yaw,24.829,394.05798247166933
device_yaw,24.879,394.07765379677073
device_yaw,24.929,393.9371034308679
device_yaw,24.979,393.75228861989746
device_yaw,25.029,393.50399853339985
device_yaw,25.079,393.18458910615396
device_yaw,25.129,392.7838398451409
device_yaw,25.179,392.29903158941875
device_yaw,25.229,391.7116069115689
device_yaw,25.279,391.0201547671849
device_yaw,25.329,390.22054374346686
device_yaw,25.379,389.31634183954776
device_yaw,25.429,388.31378411375533
device_yaw,25.479,387.2648178093703
device_yaw,25.529,386.21005214624637
device_yaw,25.579,385.17108279291347
device_yaw,25.629,384.1299658246482
device_yaw,25.679,383.1158105925211
device_yaw,25.729,382.15584199136737
device_yaw,25.779,381.26861744860565
device_yaw,25.829,380.4138034870564
device_yaw,25.879,379.5726255941261
device_yaw,25.929,378.6958835407277
device_yaw,25.979,377.85287134941774
device_yaw,26.029,377.0486837736735
device_yaw,26.079,376.26158344281254
device_yaw,26.129,375.4915703568347
device_yaw,26.179,374.81714874885074
device_yaw,26.229,374.22280739335133
device_yaw,26.279,373.6840405564435
device_yaw,26.329,373.2008482381271
device_yaw,26.379,372.814974959988
device_yaw,26.429,372.5493266474198
device_yaw,26.479,372.49593945446634
device_yaw,26.529,372.5671550347297
device_yaw,26.579,372.7196340576642
device_yaw,26.629,372.93540449362104
device_yaw,26.679,373.21446634260025
device_yaw,26.729,373.3460427934961
device_yaw,26.779,373.48668202429496
device_yaw,26.829,373.6397825774606
device_yaw,26.879,373.8106850197216
device_yaw,26.929,374.0082902956256
device_yaw,27.829,373.128237180475
device_yaw,27.879,372.94069582313386
device_yaw,27.929,372.777344753668
device_yaw,27.979,372.63257723020695
device_yaw,28.029,372.5008181889493
device_yaw,28.079,372.37851986202145
device_yaw,28.129,372.1150673802958
device_yaw,28.179,371.86356199361086
device_yaw,28.229,371.7186854803557
device_yaw,28.279,371.5739328830812
device_yaw,28.329,371.43478664363465
device_yaw,28.379,371.3181454157438
device_yaw,28.429,371.2352617051866
device_yaw,29.379,368.3664274067067
device_yaw,29.429,368.03384631804994
device_yaw,29.479,367.73772316956865
device_yaw,29.529,367.46590531453774
device_yaw,29.579,367.2096780752171
device_yaw,29.629,366.963387937764
device_yaw,29.679,366.4652016109555
device_yaw,29.729,366.19569965100857
device_yaw,29.779,365.9126604321408
device_yaw,29.829,365.62236398421993
device_yaw,29.879,365.33576049722524
device_yaw,29.929,365.0826738467168
device_yaw,30.679,365.57366503894553
device_yaw,30.729,365.5806487183137
device_yaw,30.779,365.55348024897745
device_yaw,30.829,365.5035436805049
device_yaw,30.879,365.43295199801065
device_yaw,30.929,365.3301840703138
device_yaw,30.979,365.2142933734816
device_yaw,31.029,365.0361161785852
device_yaw,31.079,364.798778377571
device_yaw,31.129,364.5034073863282
device_yaw,31.179,364.2052465834294
device_yaw,31.229,363.92929811289974
device_yaw,31.279,363.69366697558513
device_yaw,31.329,363.4983531714856
device_yaw,31.379,363.3433567006011
device_yaw,31.429,363.23296614895554
device_yaw,31.479,363.21266911517785
device_yaw,31.529,363.29840305494264
device_yaw,31.579,363.5068542602648
device_yaw,31.629,363.8295874342132
device_yaw,31.679,364.25521693422553
device_yaw,31.729,364.74726767638185
device_yaw,31.779,365.3136865179763
device_yaw,31.829,365.92699353997835
device_yaw,31.879,366.5571735083519
device_yaw,31.929,367.20422642309694
device_yaw,31.979,367.86639064583994
device_yaw,32.029,368.51122243250967
device_yaw,32.079,369.1227843274315
device_yaw,32.129,369.6821264616638
device_yaw,32.179,370.00520040543756
device_yaw,32.229,370.3213548637306
device_yaw,32.279,370.6021886243408
device_yaw,32.329,370.82007632679876
device_yaw,32.379,370.9939247935844
device_yaw,33.229,374.0323592136045
device_yaw,33.279,374.20746818681863
device_yaw,33.329,374.36755398665423
device_yaw,33.379,374.5176243375706
device_yaw,33.429,374.6606838742437
device_yaw,33.479,374.6606838742437
device_yaw,33.529,374.84627920163365
device_yaw,33.579,375.0233872501805
device_yaw,33.629,375.1883706146661
device_yaw,33.679,375.34227130189134
device_yaw,35.179,377.94411223991034
device_yaw,35.229,378.1205548490512
device_yaw,35.279,378.26311499754917
device_yaw,35.329,378.3581504677644
device_yaw,35.379,378.41991866318176
device_yaw,35.429,378.4574924769279
device_yaw,35.479,378.5845876138755
device_yaw,35.529,378.67629603192086
device_yaw,35.579,378.732617731064
device_yaw,35.629,378.753552711305
device_yaw,35.679,378.73873489199474
device_yaw,35.729,378.62509603713846
device_yaw,35.779,378.38648084218204
device_yaw,35.829,378.0240929318437
device_yaw,35.879,377.58706699115504
device_yaw,35.929,377.07970837877673
device_yaw,35.979,376.50253962153636
device_yaw,36.029,375.87307144783625
device_yaw,36.079,375.19362031558103
device_yaw,36.129,374.465051474739
device_yaw,36.179,373.6878142637798
device_yaw,36.229,372.862016221024
device_yaw,36.279,372.0322947982613
device_yaw,36.329,371.21383669850684
device_yaw,36.379,370.42213292422315
device_yaw,36.429,369.6414864033495
device_yaw,36.479,368.86759685760813
device_yaw,36.529,368.1099104098588
device_yaw,36.579,367.3587488421676
device_yaw,36.629,366.58911835393826
device_yaw,36.679,365.7366728656463
device_yaw,36.729,364.87565186358574
device_yaw,36.779,364.0124107574947
device_yaw,36.829,363.15009820747974
device_yaw,36.879,362.3548107756391
device_yaw,36.929,361.6586910125882
device_yaw,36.979,361.0487037908728
device_yaw,37.029,360.5248440301106
device_yaw,37.079,360.07714308061406
device_yaw,37.129,359.6977684319144
device_yaw,37.179,359.4093974267037
device_yaw,37.229,359.2755108945379
device_yaw,37.279,359.22142001065345
device_yaw,37.329,359.2517099573499
device_yaw,37.379,359.4028955509136
device_yaw,37.429,359.62170460443446
device_yaw,37.479,359.9061972127187
device_yaw,37.529,360.2855435058719
device_yaw,37.579,360.7132492615373
device_yaw,37.629,361.1648389768236
device_yaw,37.679,361.6403126517307
device_yaw,37.729,362.1396702862587
device_yaw,37.779,362.6231399916934
device_yaw,37.829,363.0852983286647
device_yaw,37.879,363.5150971668143
device_yaw,37.929,363.87336586214496
device_yaw,37.979,364.1582486410077
device_yaw,38.029,364.3561364966436
device_yaw,38.079,364.43785929894716
device_yaw,38.129,364.449911270275
device_yaw,38.179,364.41372698030307
device_yaw,38.229,364.3070062521172
device_yaw,38.279,364.1297490857176
device_yaw,38.329,363.8836507609968
device_yaw,38.379,363.53768303808283
device_yaw,38.429,363.1297363784693
device_yaw,38.479,362.6714163205842
device_yaw,38.529,362.2199744897035
device_yaw,38.579,361.79552632173477
device_yaw,38.629,361.39807181667817
device_yaw,38.679,361.02761097453373
device_yaw,38.729,360.6871847285169
device_yaw,38.779,360.3990932555418
device_yaw,38.829,360.1749380532435
device_yaw,38.879,360.0734206151285
device_yaw,38.929,360.13099262043875
device_yaw,38.979,360.3278079348967
device_yaw,39.029,360.6580076189265
device_yaw,39.079,361.04818388335804
device_yaw,39.129,361.49907959363276
device_yaw,39.179,362.0406297260473
device_yaw,39.229,362.6677332549857
device_yaw,39.279,363.3654018446861
device_yaw,39.329,364.1270662237435
device_yaw,39.379,364.93040866390453
device_yaw,39.429,365.72679225185624
device_yaw,39.479,366.5162169875986
device_yaw,39.529,367.23024775793544
device_yaw,39.579,367.8535397190661
device_yaw,39.629,368.40224903488473
device_yaw,39.679,368.85551740404213
device_yaw,39.729,369.18340985024156
device_yaw,39.779,369.38878817348217
device_yaw,39.829,369.4802675289238
device_yaw,39.879,369.4644171879715
device_yaw,39.929,369.3519533812434
device_yaw,39.979,369.19604915877215
device_yaw,40.029,369.0096662588569
device_yaw,40.079,368.8431954674778
device_yaw,40.129,368.7062350295835
device_yaw,40.179,368.59878494517403
device_yaw,40.229,368.52084521424945
device_yaw,40.279,368.4724158368097
device_yaw,40.329,368.45573603847157
device_yaw,40.379,368.4771789998371
device_yaw,40.429,368.5749722758004
device_yaw,40.479,368.7844321089841
device_yaw,40.529,369.08085602368305
device_yaw,40.579,369.4213822520103
device_yaw,40.629,369.78768496937937
device_yaw,40.679,370.1797641757904
device_yaw,40.729,370.6046073340988
device_yaw,40.779,371.06250558859006
device_yaw,40.829,371.53985653370916
device_yaw,40.879,372.0313703450737
device_yaw,40.929,372.5370470226835
device_yaw,40.979,373.0186590116446
device_yaw,41.029,373.44089006933444
device_yaw,41.079,373.80328165005335
device_yaw,41.129,374.13573378338947
device_yaw,41.179,374.4565722939289
device_yaw,41.229,374.8397549308119
device_yaw,41.279,375.09223921608685
device_yaw,41.329,375.1520461980406
device_yaw,41.379,375.0409040990648
device_yaw,41.429,374.7665186674642
device_yaw,41.479,374.351240255317
device_yaw,41.529,373.8390275697502
device_yaw,41.579,373.3180351250561
device_yaw,41.629,372.7882629212345
device_yaw,41.679,372.24971095828573
device_yaw,41.729,371.70237923620965
device_yaw,41.779,371.0723100058662
device_yaw,41.829,370.5455582823515
device_yaw,41.879,370.1916701876762
device_yaw,41.929,370.1318967884456
device_yaw,41.979,370.0206718855674
device_yaw,42.029,370.02732823074325
device_yaw,42.079,370.13562806969384
device_yaw,42.129,370.2506043772916
device_yaw,42.179,370.3755953878603
device_yaw,42.879,372.5029589265864
device_yaw,42.929,372.5029589265864
device_yaw,42.979,372.5029589265864
device_yaw,43.029,372.5029589265864
device_yaw,43.079,372.5029589265864
device_yaw,44.479,369.94493166118247
device_yaw,44.529,369.5489482434822
device_yaw,44.579,369.1982272667888
device_yaw,44.629,368.8776812507668
device_yaw,44.679,368.63124436944474
device_yaw,44.729,368.45562952733917
device_yaw,44.779,368.04633668950197
device_yaw,44.829,367.7123541229271
device_yaw,44.879,367.47415936849694
device_yaw,44.929,367.3365475443537
device_yaw,44.979,367.34820959408074
device_yaw,45.029,367.49348303929156
device_yaw,45.079,367.7393657541547
device_yaw,45.129,368.049055341227
device_yaw,45.179,368.4225518005084
device_yaw,45.229,368.81168543906244
device_yaw,45.279,369.1995317701818
device_yaw,45.329,369.6085214858886
device_yaw,45.379,369.8421917901017
device_yaw,45.429,370.06200534873295
device_yaw,45.479,370.2550527377964
device_yaw,45.529,370.43602976617825
device_yaw,45.579,370.5989012535376
device_yaw,46.629,364.96590054974627
device_yaw,46.679,365.35043765132485
device_yaw,46.729,365.75633697038216
device_yaw,46.779,366.1433526278336
device_yaw,46.829,366.55702426299274
device_yaw,46.879,367.0167627539131
device_yaw,46.929,367.8237481387536
device_yaw,46.979,368.64778257618656
device_yaw,47.029,369.43030942271884
device_yaw,47.079,370.1435281926015
device_yaw,47.129,370.73558750165864
device_yaw,47.179,371.25946810218517
device_yaw,47.229,371.68307847630825
device_yaw,47.279,372.0073622281208
device_yaw,47.329,372.2383157104766
device_yaw,47.379,372.2948390177916
device_yaw,47.429,372.154247309695
device_yaw,47.479,371.8480429749907
device_yaw,47.529,371.41206805361077
device_yaw,47.579,370.93276309597087
device_yaw,47.629,370.43877072796295
device_yaw,47.679,369.97305488842505
device_yaw,47.729,369.53561557735725
device_yaw,47.779,369.1264527947594
device_yaw,47.829,368.7455665406317
device_yaw,47.879,368.4140628493317
device_yaw,47.929,368.1767920438691
device_yaw,47.979,368.0316855172333
device_yaw,48.029,367.9867328899576
device_yaw,48.079,368.05003092876245
device_yaw,48.129,368.19369572672554
device_yaw,48.179,368.4019112488631
device_yaw,48.229,368.6646962186718
device_yaw,48.279,368.9976690266403
device_yaw,48.329,369.36233755572664
device_yaw,48.379,369.69864143535665
device_yaw,48.429,370.0065806655304
device_yaw,48.479,370.28615524624786
device_yaw,48.529,370.5354379347349
device_yaw,48.579,370.7475957793374
device_yaw,48.629,370.92262878005545
device_yaw,48.679,371.0165753517455
device_yaw,48.729,370.964273713638
device_yaw,48.779,370.7507322233965
device_yaw,48.829,370.38009521889427
device_yaw,48.879,369.87662532377794
device_yaw,48.929,369.3034584590943
device_yaw,48.979,368.73755905516197
device_yaw,49.029,368.2030992289512
device_yaw,49.079,367.7000789804619
device_yaw,49.129,367.2284983096942
device_yaw,49.179,366.7883572166479
device_yaw,49.229,366.45459100256727
device_yaw,49.279,366.3059198747329
device_yaw,49.329,366.35905206834417
device_yaw,49.379,366.58116009393507
device_yaw,49.429,366.9734620827432
device_yaw,49.479,367.5146028774972
device_yaw,49.529,368.1446493975396
device_yaw,49.579,368.85276091336635
device_yaw,49.629,369.64186750984175
device_yaw,49.679,370.50803576938483
device_yaw,49.729,371.41625880990955
device_yaw,49.779,372.3239067461206
device_yaw,49.829,373.1897594361698
device_yaw,49.879,373.97911762485944
device_yaw,49.929,374.70905537305407
device_yaw,49.979,375.40399512684655
device_yaw,50.029,376.0571090186879
device_yaw,50.079,376.5799059642362
device_yaw,50.129,376.95384048875525
device_yaw,50.179,377.1424083763822
device_yaw,50.229,377.20316189800275
device_yaw,50.279,377.17110793570305
device_yaw,50.329,377.07172994074534
device_yaw,50.379,376.95212669571686
device_yaw,50.429,376.81229820061776
device_yaw,50.479,376.648235155687
device_yaw,50.529,376.44852647699014
device_yaw,50.579,376.23827963887453
device_yaw,50.629,376.0889543760209
device_yaw,50.679,376.00576477569956
device_yaw,50.729,376.02504056447503
device_yaw,50.779,376.0990185296208
device_yaw,50.829,376.2276986711371
device_yaw,50.879,376.39725370695584
device_yaw,50.929,376.5754199789193
device_yaw,50.979,376.76199972954896
device_yaw,51.029,376.9567952013669
device_yaw,51.079,377.15980639437294
device_yaw,51.129,377.3710333085672
device_yaw,51.179,377.59047594394974
device_yaw,51.229,377.8386862051706
device_yaw,51.279,378.146440551619
device_yaw,51.329,378.48621750573966
device_yaw,51.379,378.85260060828807
device_yaw,51.429,379.1926845262594
device_yaw,51.479,379.4792149971964
device_yaw,51.529,379.71238977857723
device_yaw,51.579,379.89281505443944
device_yaw,51.629,380.02060602201766
device_yaw,51.679,380.0957626813119
device_yaw,51.729,380.1929732918065
device_yaw,51.779,380.3595809214969
device_yaw,51.829,380.5587462745147
device_yaw,51.879,380.7399510346084
device_yaw,51.929,380.9086116610224
device_yaw,51.979,380.8899930262646
device_yaw,52.029,380.90650342689037
device_yaw,52.079,380.97131625116873
device_yaw,52.129,381.1044907246432
device_yaw,52.179,381.33999647698147
device_yaw,52.879,385.93136340489826
device_yaw,52.929,385.93136340489826
device_yaw,52.979,385.93136340489826
device_yaw,53.029,385.93136340489826
device_yaw,53.079,385.93136340489826
device_yaw,53.729,391.9670435732182
device_yaw,53.779,392.76894230038573
device_yaw,53.829,393.7589813579303
device_yaw,53.879,394.5475855397812
device_yaw,53.929,395.1951853086466
device_yaw,53.979,395.7402364135225
device_yaw,54.029,396.903748159767
device_yaw,54.079,397.91578933997425
device_yaw,54.129,398.82058253789677
device_yaw,54.179,399.62160458976706
device_yaw,54.229,400.27016545842986
device_yaw,54.279,400.60017844725184
device_yaw,54.329,400.6321766307623
device_yaw,54.379,400.26266112505823
device_yaw,54.429,399.67391197458124
device_yaw,54.479,398.92875891095105
device_yaw,54.529,398.02989549037704
device_yaw,54.579,396.8807912609402
device_yaw,54.629,395.6289605917364
device_yaw,54.679,394.3084576162832
device_yaw,54.729,392.99366521302306
device_yaw,54.779,391.74930220039676
device_yaw,54.829,390.6315383079261
device_yaw,54.879,389.58768867865206
device_yaw,54.929,388.64923307294697
device_yaw,54.979,387.90132379759694
device_yaw,55.029,387.2811311209822
device_yaw,55.079,386.7105886292526
device_yaw,55.129,386.4116615631323
device_yaw,55.179,386.2368355535255
device_yaw,55.229,386.1520564669144
device_yaw,55.279,386.17644927011185
device_yaw,55.329,386.249263364019
device_yaw,55.379,386.3559586596015
device_yaw,55.429,386.4965351568597
device_yaw,55.479,386.6709928557932
device_yaw,55.529,386.8697405901405
device_yaw,55.579,387.06811536094295
device_yaw,55.629,387.3414900258412
device_yaw,55.679,387.56442979603014
device_yaw,55.729,387.7369346715099
device_yaw,55.779,387.8590046522804
device_yaw,55.829,387.8827255774104
device_yaw,55.879,387.9162265109042
device_yaw,55.929,387.9322502080989
device_yaw,55.979,387.92424270538237
device_yaw,56.029,387.8819049170783
device_yaw,56.079,387.8056555052062
device_yaw,56.929,389.3401153422239
device_yaw,56.979,389.2601876617374
device_yaw,57.029,389.17721003921406
device_yaw,57.079,389.09219912199944
device_yaw,57.129,388.94031043078195
device_yaw,57.179,388.7525413768519
device_yaw,57.229,388.46940387933046
device_yaw,57.279,388.0890478000189
device_yaw,57.329,387.65746130026525
device_yaw,57.379,387.1904724841936
device_yaw,57.429,386.6993370359219
device_yaw,57.479,386.235330849765
device_yaw,57.529,385.798453925723
device_yaw,57.579,385.3887062637957
device_yaw,57.629,385.00608786398317
device_yaw,57.679,384.7101027878482
device_yaw,57.729,384.48799301701035
device_yaw,57.779,384.33222593672303
device_yaw,57.829,384.25422576741295
device_yaw,57.879,384.25458528065997
device_yaw,57.929,384.3843047565542
device_yaw,57.979,384.7162249900033
device_yaw,58.029,385.19896507043455
device_yaw,58.079,385.75331294272786
device_yaw,58.129,386.33140567892093
device_yaw,58.179,386.9332432790137
device_yaw,58.229,387.5621926832445
device_yaw,58.279,388.2278367215222
device_yaw,58.329,388.9059903433457
device_yaw,58.379,389.5278191742123
device_yaw,58.429,390.0933232141219
device_yaw,58.479,390.4456699700962
device_yaw,58.529,390.5656088465966
device_yaw,58.579,390.4101983288565
device_yaw,58.629,390.0639559929301
device_yaw,58.679,389.60556018106894
device_yaw,58.729,389.05224535956563
device_yaw,58.779,388.44598609814096
device_yaw,58.829,387.7822375124372
device_yaw,58.879,387.08518465295526
device_yaw,58.929,386.4236618941981
device_yaw,58.979,385.7976692361656
device_yaw,59.029,385.2972107876218
device_yaw,59.079,384.8574406650794
device_yaw,59.129,384.5214053995632
device_yaw,59.179,384.29070394266984
device_yaw,59.229,384.1769340685143
device_yaw,59.279,384.16286131080363
device_yaw,59.329,384.2031441595789
device_yaw,59.379,384.3581075216895
device_yaw,59.429,384.5818489914346
device_yaw,59.479,384.86778949571067
device_yaw,59.529,385.211164878132
device_yaw,59.579,385.56046221375857
device_yaw,59.629,385.87837903970245
device_yaw,59.679,386.16491535596356
device_yaw,59.729,386.35008588675936
device_yaw,59.779,386.419618093051
device_yaw,59.829,386.3707284742963
device_yaw,59.879,386.2149538679048
device_yaw,59.929,385.8944288904548
device_yaw,59.979,385.8039642897719
device_yaw,60.029,385.63010591412854
device_yaw,60.079,385.3481318129443
device_yaw,60.129,384.99265555732234
device_yaw,60.179,384.59531391867125
device_yaw,60.779,386.6564022028222
device_yaw,60.829,386.73926705174483
device_yaw,60.879,386.7755809361081
device_yaw,60.929,386.7808608440984
device_yaw,60.979,386.76441696862764
device_yaw,61.029,386.6411119177521
device_yaw,61.079,386.64974757740333
device_yaw,61.129,386.35828258609945
device_yaw,61.179,385.8332726332075
device_yaw,61.229,385.1644384811234
device_yaw,61.279,384.44352139147634
device_yaw,61.329,383.67940119947474
device_yaw,61.379,382.90260495028485
device_yaw,61.429,382.1227727634325
device_yaw,61.479,381.33990463891803
device_yaw,61.529,380.5540005767412
device_yaw,61.579,379.8561226370624
device_yaw,61.629,379.24843726596464
device_yaw,61.679,378.71052236671454
device_yaw,61.729,378.29539395493464
device_yaw,61.779,378.01400273110715
device_yaw,61.829,377.8946471183342
device_yaw,61.879,377.94046439536163
device_yaw,61.929,378.0313730131358
device_yaw,61.979,378.1069506344083
device_yaw,62.029,378.16691454290685
device_yaw,62.079,378.2091914859677
device_yaw,62.129,378.233781463591
device_yaw,62.179,378.21566264448643
device_yaw,62.229,378.11940837629913
device_yaw,62.279,378.01442764198146
device_yaw,62.329,377.88501665031873
device_yaw,62.379,377.689126532804
device_yaw,62.429,377.4147401754827
device_yaw,62.479,377.15887022200843
device_yaw,62.529,376.9739360427353
device_yaw,62.579,376.8602203539353
device_yaw,62.629,376.68423866557225
device_yaw,62.679,376.3894906015736
device_yaw,62.729,376.01599012059665
device_yaw,62.779,375.6850156230183
device_yaw,62.829,375.2342733100926
device_yaw,62.879,374.79557991611796
device_yaw,62.929,374.3689354410945
device_yaw,62.979,373.9543398850221
device_yaw,63.029,373.68540512151907
device_yaw,63.079,373.61574745952817
device_yaw,63.129,373.71647393016815
device_yaw,63.179,374.10697430572185
device_yaw,63.229,374.62440419308973
device_yaw,63.279,375.27016589577124
device_yaw,63.329,375.9702794949928
device_yaw,63.379,376.7581062048905
device_yaw,63.429,377.47785068127627
device_yaw,63.479,378.00891856278935
device_yaw,63.529,378.3219951221197
device_yaw,63.579,378.305207255007
device_yaw,63.629,378.0185077621264
device_yaw,63.679,377.55738932312573
device_yaw,63.729,376.9380199084224
device_yaw,63.779,376.37974428718866
device_yaw,63.829,375.821527149669
device_yaw,63.879,375.26212287729686
device_yaw,63.929,374.70153147007244
device_yaw,63.979,374.20722970146596
device_yaw,64.029,374.03668267850185
device_yaw,64.079,374.3461565814643
device_yaw,64.129,375.21944234187686
device_yaw,64.179,376.58248002603483
device_yaw,64.229,378.18064935588484
device_yaw,64.279,379.92358023110626
device_yaw,64.329,381.57977370978244
device_yaw,64.379,383.21026510166917
device_yaw,64.429,384.7179025222325
device_yaw,64.479,386.0552205440386
device_yaw,64.529,387.00699744580487
device_yaw,64.579,387.4834853713633
device_yaw,64.629,387.5465664121793
device_yaw,64.679,387.0953234181707
device_yaw,64.729,386.11396268331015
device_yaw,64.779,384.8276343292154
device_yaw,64.829,383.405445563196
device_yaw,64.879,382.0788953271682
device_yaw,64.929,380.8337874033179
device_yaw,64.979,379.7669419372101
device_yaw,65.029,378.92582435627867
device_yaw,65.079,378.45817960833597
device_yaw,65.129,378.3780488728482
device_yaw,65.179,378.54797709662586
device_yaw,65.229,379.0159488364752
device_yaw,65.279,379.81099842249245
device_yaw,65.329,380.88523048313397
device_yaw,65.379,382.17268543620406
device_yaw,65.429,383.42459090838963
device_yaw,65.479,384.6067660210776
device_yaw,65.529,385.71931004321846
device_yaw,65.579,386.754463009744
device_yaw,65.629,387.7122249206544
device_yaw,65.679,388.4456543838136
device_yaw,65.729,388.93471663608267
device_yaw,65.779,389.139772222276
device_yaw,65.829,389.07593083110083
device_yaw,65.879,388.79690830219243
device_yaw,65.929,388.2899271107575
device_yaw,65.979,387.80375963010886
device_yaw,66.029,387.3570801745034
device_yaw,66.079,386.9315649777442
device_yaw,66.129,386.5349740048998
device_yaw,66.179,386.16730725597023
device_yaw,66.229,385.9484162836401
device_yaw,66.279,385.8661241138985
device_yaw,66.329,385.900014954559
device_yaw,66.379,385.98137981427976
device_yaw,66.429,386.08617227011933
device_yaw,66.479,386.2089997633468
device_yaw,66.529,386.28784786855726
device_yaw,66.579,386.35241936792204
device_yaw,66.629,386.4225161162219
device_yaw,66.679,386.4981381134567
device_yaw,66.729,386.5792853596264
device_yaw,66.779,386.55465336539834
device_yaw,66.829,386.40673452936335
device_yaw,66.879,386.1231712559929
device_yaw,66.929,385.72234998658655
device_yaw,66.979,385.2270695291621
device_yaw,67.029,384.6753880349117
device_yaw,67.079,384.1293199292399
device_yaw,67.129,383.58886521214686
device_yaw,67.179,383.05402388363257
device_yaw,67.229,382.5247959436969
device_yaw,67.279,382.00118139234
device_yaw,67.329,381.56041048938374
device_yaw,67.379,381.23455232980547
device_yaw,67.429,381.03889740023567
device_yaw,67.479,380.954271609396
device_yaw,67.529,380.9389725497876
device_yaw,67.579,380.99338096214956
device_yaw,67.629,381.14166785714207
device_yaw,67.679,381.35934000381036
device_yaw,67.729,381.5345516169558
device_yaw,67.779,381.663140098922
device_yaw,67.829,381.72614250483053
device_yaw,67.879,381.7418918598832
device_yaw,67.929,381.6285076442835
device_yaw,67.979,381.3510411656816
device_yaw,68.029,380.8826251594823
device_yaw,68.079,380.2628889444275
device_yaw,68.129,379.4805873653279
device_yaw,68.179,378.5429156244781
device_yaw,68.229,377.56633465257715
device_yaw,68.279,376.662690234824
device_yaw,68.329,375.8361449688749
device_yaw,68.379,375.1056617996082
device_yaw,68.429,374.4529077018222
device_yaw,68.479,373.9601740033209
device_yaw,68.529,373.68364048187175
device_yaw,68.579,373.6045864050795
device_yaw,68.629,373.68338245420233
device_yaw,68.679,373.920916032208
device_yaw,68.729,374.33010931089484
device_yaw,68.779,374.79517964286043
device_yaw,68.829,375.2327690065003
device_yaw,68.879,375.64117621770004
device_yaw,68.929,376.0204012764596
device_yaw,68.979,376.3704441827791
device_yaw,69.029,376.6571658809826
device_yaw,69.079,376.8564023945508
device_yaw,69.129,377.013741720474
device_yaw,69.179,377.1291838587524
device_yaw,69.229,377.1445713360492
device_yaw,69.279,377.0125315161022
device_yaw,69.329,376.7505300832014
device_yaw,69.379,376.43606420045785
device_yaw,69.429,376.06281436199293
device_yaw,69.479,375.62178763185983
device_yaw,69.529,375.1265253290223
device_yaw,69.579,374.6407817685286
device_yaw,69.629,374.18468989197356
device_yaw,69.679,373.75824969935707
device_yaw,69.729,373.3614611906789
device_yaw,69.779,373.02979325829705
device_yaw,69.829,372.7663301537206
device_yaw,69.879,372.5913045874782
device_yaw,69.929,372.5332293581674
device_yaw,69.979,372.59608720365975
device_yaw,70.029,372.7822828222299
device_yaw,70.079,373.0898479739316
device_yaw,70.129,373.5705245170933
device_yaw,70.179,374.2031813290138
device_yaw,70.229,374.98196615667797
device_yaw,70.279,375.88195852785424
device_yaw,70.329,376.88104942531464
device_yaw,70.379,377.9684650181364
device_yaw,70.429,379.1421918854654
device_yaw,70.479,380.40021591563067
device_yaw,70.529,381.74646297801223
device_yaw,70.579,383.19374102143223
device_yaw,70.629,384.59701056859143
device_yaw,70.679,385.8407754461128
device_yaw,70.729,386.92603383510306
device_yaw,70.779,387.8586379885773
device_yaw,70.829,388.6635083787671
device_yaw,70.879,389.36275402290045
device_yaw,70.929,389.96714875190025
device_yaw,70.979,390.4648225394598
device_yaw,71.029,390.83513755714597
device_yaw,71.079,391.0807023184107
device_yaw,71.129,391.2177649884967
device_yaw,71.179,391.3797919656859
device_yaw,71.229,391.5771978137307
device_yaw,71.279,391.8321134806049
device_yaw,71.329,392.11957159157043
device_yaw,71.379,392.4242695621105
device_yaw,71.429,392.74620739222513
device_yaw,71.479,393.0853850819143
device_yaw,71.529,393.4997826180484
device_yaw,71.579,394.00726868760995
device_yaw,71.629,394.545939826332
device_yaw,71.679,395.03573339512246
device_yaw,71.729,395.47664939398163
device_yaw,71.779,395.85827325915693
device_yaw,71.829,396.15847404267464
device_yaw,71.879,396.4022191192728
device_yaw,71.929,396.6048110734682
device_yaw,71.979,396.766249905261
device_yaw,72.029,396.8865356146511
device_yaw,72.079,396.83305085063506
device_yaw,72.129,396.5859926407339
device_yaw,72.179,396.20350203410436
device_yaw,72.229,395.7527408424663
device_yaw,72.279,395.2498044632071
device_yaw,72.329,394.7644446880594
device_yaw,72.379,394.3119728859402
device_yaw,72.429,393.89238905684965
device_yaw,72.479,393.5056932007878
device_yaw,72.529,393.1518853177544
device_yaw,72.579,392.8309654077497
device_yaw,72.629,392.5812500704914
device_yaw,72.679,392.39054884975906
device_yaw,72.729,392.2601277299529
device_yaw,72.779,392.2016889743178
device_yaw,72.829,392.2596729203773
device_yaw,72.879,392.3643277763984
device_yaw,72.929,392.55451596892266
device_yaw,72.979,392.80095953038875
device_yaw,73.029,393.0809234001838
device_yaw,73.079,393.3769195780197
device_yaw,73.129,393.6865633365846
device_yaw,73.179,394.0461754402934
device_yaw,73.229,394.41405204071486
device_yaw,73.279,394.7839899611658
device_yaw,73.329,395.1347198893802
device_yaw,73.379,395.4057060904474
device_yaw,73.429,395.54672620968927
device_yaw,73.479,395.57747360973866
device_yaw,73.529,395.55765071568845
device_yaw,73.579,395.5099925881516
device_yaw,73.629,395.4519872274163
device_yaw,73.679,395.4540815729261
device_yaw,73.729,395.3408980693415
device_yaw,73.779,395.23097016042004
device_yaw,73.829,395.1340480620994
device_yaw,73.879,395.0557056932088
device_yaw,73.929,395.00523291846304
device_yaw,74.529,407.05162328387064
device_yaw,74.579,407.01397939063526
device_yaw,74.629,406.9182130836306
device_yaw,74.679,406.7763900050411
device_yaw,74.729,406.539177254762
device_yaw,74.779,406.36119304697155
device_yaw,74.829,406.26639343214504
device_yaw,74.879,406.1014837069893
device_yaw,74.929,405.85500353008797
device_yaw,74.979,405.6479044810319
device_yaw,75.029,405.4801865598209
device_yaw,75.079,405.351849766455
device_yaw,75.129,405.347734229129
device_yaw,75.179,405.54440874203823
device_yaw,75.229,405.9049593871481
device_yaw,75.279,406.466529038183
device_yaw,75.329,407.1385922004023
device_yaw,75.379,407.8748820927642
device_yaw,75.429,408.6196342050123
device_yaw,75.479,409.37284853714647
device_yaw,75.529,410.13452508916674
device_yaw,75.579,410.9094328936442
device_yaw,75.629,411.7325448560987
device_yaw,75.679,412.2315148296449
device_yaw,75.729,412.6559866355389
device_yaw,75.779,413.0370021559145
device_yaw,75.829,413.38778408338305
device_yaw,75.879,413.6234071383671
device_yaw,76.979,443.8015854532275
device_yaw,77.029,445.42954429081374
device_yaw,77.079,447.0978577054619
device_yaw,77.129,448.6480354659716
device_yaw,77.179,450.0883367472553
device_yaw,77.229,451.4288462046375
device_yaw,77.279,454.37089048434115
device_yaw,77.329,457.0227229121545
device_yaw,77.379,459.32453195976365
device_yaw,77.429,460.6321141772786
device_yaw,77.479,461.8733910690103
device_yaw,77.529,463.1382676848641
device_yaw,77.579,464.27269202322594
device_yaw,77.629,465.18879875909715
device_yaw,78.629,472.11060769720103
device_yaw,78.679,472.4217598853981
device_yaw,78.729,472.7462361392431
device_yaw,78.779,473.0368929127761
device_yaw,78.829,473.2965556745347
device_yaw,78.879,473.53367733682103
device_yaw,78.929,474.03640014233804
device_yaw,78.979,474.53669352548536
device_yaw,79.029,475.04087160734457
device_yaw,79.079,475.5154777878988
device_yaw,79.129,475.95841194306996
device_yaw,79.179,476.37229862965955
device_yaw,79.229,476.58066119116745
device_yaw,79.279,476.75433799950184
device_yaw,79.329,476.9283618618095
device_yaw,79.379,477.1133391948734
device_yaw,79.429,477.31474673407155
gyro_norm,0.08,0.05968830499720597
gyro_norm,0.116,0.06666516173008533
gyro_norm,0.164,0.14267582182314284
gyro_norm,0.213,0.16434795568523292
gyro_norm,0.263,0.12328078774391572
gyro_norm,0.313,0.18002132707921104
gyro_norm,0.363,0.18311948074932793
gyro_norm,0.452,0.1672108295087792
gyro_norm,0.481,0.17919917209295028
gyro_norm,0.512,0.10420946272615925
gyro_norm,0.57,0.13040891259352688
gyro_norm,0.611,0.10538985488961247
gyro_norm,0.661,0.09406021836203371
gyro_norm,0.711,0.12175064121133616
gyro_norm,0.777,0.13820730119629912
gyro_norm,0.81,0.21047720535889142
gyro_norm,0.86,0.17402226477111557
gyro_norm,0.913,0.16098767316552662
gyro_norm,0.96,0.20946825836129832
gyro_norm,1.037,0.21906479514754973
gyro_norm,1.064,0.20608963618867246
gyro_norm,1.125,0.31056361478986744
gyro_norm,1.159,0.17421009759731565
gyro_norm,1.209,0.2156618723727191
gyro_norm,1.258,0.3278059778371608
gyro_norm,1.308,0.16042955202066225
gyro_norm,1.358,0.1179151543322405
gyro_norm,1.407,0.11500211572143514
gyro_norm,1.457,0.09735864372092957
gyro_norm,1.507,0.09442826808293477
gyro_norm,1.585,0.04676874959454289
gyro_norm,1.607,0.1611222495165128
gyro_norm,1.656,0.2726865633252541
gyro_norm,1.711,0.3096551301851382
gyro_norm,1.764,0.35978080901182385
gyro_norm,1.824,0.4568578083735255
gyro_norm,1.856,0.5047226168384363
gyro_norm,1.905,0.43292838964878283
gyro_norm,1.977,0.3873681969953608
gyro_norm,2.032,0.48052537053221167
gyro_norm,2.054,0.5466169357772391
gyro_norm,2.108,0.30151912904556394
gyro_norm,2.154,0.7907208454063605
gyro_norm,2.204,0.7202547754815575
gyro_norm,2.253,0.6251620487346743
gyro_norm,2.303,0.4820260168672943
gyro_norm,2.353,0.4267772289106021
gyro_norm,2.403,0.6603208154022082
gyro_norm,2.452,1.0995405359756276
gyro_norm,2.502,0.5257755932148225
gyro_norm,2.552,0.6656091429644422
gyro_norm,2.602,0.6046428831430508
gyro_norm,2.651,0.6197895660810357
gyro_norm,2.701,0.618931856803487
gyro_norm,2.751,0.6048239578141457
gyro_norm,2.801,0.5376483774081217
gyro_norm,2.854,0.9688042845654551
gyro_norm,2.904,0.6923137291794372
gyro_norm,2.957,0.6818769971228611
gyro_norm,3.0,0.6342228555288749
gyro_norm,3.05,0.5948733548304552
gyro_norm,3.099,0.7193646534861701
gyro_norm,3.159,0.8057750586971618
gyro_norm,3.205,0.6675110666390787
gyro_norm,3.259,0.5665541150010555
gyro_norm,3.302,0.6743816535661066
gyro_norm,3.349,0.7695360193284004
gyro_norm,3.416,0.6342198338346984
gyro_norm,3.47,0.5406519354270473
gyro_norm,3.515,0.4510559607274822
gyro_norm,3.547,0.350429687041093
gyro_norm,3.601,0.3036449468258745
gyro_norm,3.647,0.21255239448328073
gyro_norm,3.696,0.417265625322535
gyro_norm,3.746,0.5524947701318699
gyro_norm,3.796,0.6020214979109598
gyro_norm,3.846,0.5217276778661897
gyro_norm,3.895,0.43494516735351846
gyro_norm,3.945,0.3726241803217268
gyro_norm,3.995,0.4157093354007332
gyro_norm,4.05,0.4151523680274925
gyro_norm,4.109,0.4601062024646755
gyro_norm,4.161,0.4960079081891556
gyro_norm,4.2,0.45704318286073564
gyro_norm,4.244,0.440712125077404
gyro_norm,4.293,0.3394729297312869
gyro_norm,4.343,0.3194713888349106
gyro_norm,4.393,0.2361341822709988
gyro_norm,4.443,0.31561664649661253
gyro_norm,4.492,0.34374354749251756
gyro_norm,4.547,0.5987089914752786
gyro_norm,4.6,0.4547347506799692
gyro_norm,4.642,0.9149535192246114
gyro_norm,4.695,0.6041957538448004
gyro_norm,4.741,0.28589898817553666
gyro_norm,4.791,0.5066351144733239
gyro_norm,4.848,0.5802510955348172
gyro_norm,4.897,0.33878845521826667
gyro_norm,4.959,0.4904679997224561
gyro_norm,4.99,0.30992613347905523
gyro_norm,5.04,0.17308255174906806
gyro_norm,5.09,0.1466782091762718
gyro_norm,5.158,0.28053400830292025
gyro_norm,5.19,0.23918457190652442
gyro_norm,5.247,0.23038678370683832
gyro_norm,5.289,0.1461358717091688
gyro_norm,5.346,0.029278624034288634
gyro_norm,5.388,0.12091132167363215
gyro_norm,5.438,0.6977250587110159
gyro_norm,5.488,0.42707803771949204
gyro_norm,5.54,0.4872475543269709
gyro_norm,5.587,0.519772745277028
gyro_norm,5.637,0.5530715640444092
gyro_norm,5.687,0.6427436188801465
gyro_norm,5.736,0.46529531476444164
gyro_norm,5.786,0.4277551013936378
gyro_norm,5.836,0.4532811886366854
gyro_norm,5.886,0.24070997592771498
gyro_norm,5.936,0.24645505324759162
gyro_norm,5.988,0.3827554344752969
gyro_norm,6.035,0.15514530795026657
gyro_norm,6.085,0.36877658507342254
gyro_norm,6.141,0.24454903056256586
gyro_norm,6.184,0.24316287961627178
gyro_norm,6.234,0.24235934051668379
gyro_norm,6.284,0.41037343545821275
gyro_norm,6.334,0.5302117830977483
gyro_norm,6.39,0.4163244175891509
gyro_norm,6.433,0.6801336006926667
gyro_norm,6.483,0.7002522304830044
gyro_norm,6.533,0.5854155585728478
gyro_norm,6.583,0.34444223615828334
gyro_norm,6.632,0.3904566949156303
gyro_norm,6.703,0.6441974645665388
gyro_norm,6.758,0.4582525576013169
gyro_norm,6.784,0.3299095715228903
gyro_norm,6.839,0.37579786338138355
gyro_norm,6.885,0.5659208467934825
gyro_norm,6.931,0.5268378752450388
gyro_norm,6.998,0.3626453708744823
gyro_norm,7.031,0.02140604823389214
gyro_norm,7.08,0.4697282571856744
gyro_norm,7.13,0.7343465479570501
gyro_norm,7.179,0.5929419957452936
gyro_norm,7.229,0.643028141997201
gyro_norm,7.279,0.15817439592220392
gyro_norm,7.329,0.29564254537118195
gyro_norm,7.378,0.02136288096215348
gyro_norm,7.428,0.21927030938174416
gyro_norm,7.478,0.36393656602013025
gyro_norm,7.528,0.19812536317863713
gyro_norm,7.578,0.30456921765597883
gyro_norm,7.634,0.16856398092518318
gyro_norm,7.677,0.12920355911354
gyro_norm,7.727,0.34099319602911937
gyro_norm,7.791,0.2889188299001527
gyro_norm,7.828,0.20660466314683068
gyro_norm,7.876,0.1976287840555721
gyro_norm,7.926,0.3278857493378586
gyro_norm,7.978,0.8499811883003197
gyro_norm,8.025,0.434816916846637
gyro_norm,8.093,0.2516876788865182
gyro_norm,8.125,0.20994840032621412
gyro_norm,8.192,0.3077706716381556
gyro_norm,8.224,0.3106521932043246
gyro_norm,8.277,0.29803697485688774
gyro_norm,8.324,0.13935505076019014
gyro_norm,8.373,0.040813477801976944
gyro_norm,8.423,0.1606544386190383
gyro_norm,8.473,0.14737426537796122
gyro_norm,8.523,0.19691634264499697
gyro_norm,8.573,0.48494712092313963
gyro_norm,8.643,0.29444175280028645
gyro_norm,8.672,0.43972602481786216
gyro_norm,8.722,0.6261943962094065
gyro_norm,8.789,0.8348109128751169
gyro_norm,8.828,0.6381474583158797
gyro_norm,8.889,0.3740163627199971
gyro_norm,8.921,0.2664298144397661
gyro_norm,8.971,0.3181729383993349
gyro_norm,9.02,0.2981072563223433
gyro_norm,9.07,0.2503515187368328
gyro_norm,9.12,0.20009128793564812
gyro_norm,9.17,0.1818619944142475
gyro_norm,9.22,0.2214124365392157
gyro_norm,9.269,0.14014952938778785
gyro_norm,9.319,0.2997541883563717
gyro_norm,9.369,0.4473688402753442
gyro_norm,9.419,0.5170320061560167
gyro_norm,9.468,0.38028995039978597
gyro_norm,9.518,0.23176227518674283
gyro_norm,9.568,0.28454882615835403
gyro_norm,9.617,0.29848026914708303
gyro_norm,9.667,0.24029712292426295
gyro_norm,9.724,0.38866160683763606
gyro_norm,9.767,0.32216654672241457
gyro_norm,9.817,0.3153244186470918
gyro_norm,9.866,0.299053833228943
gyro_norm,9.921,0.08628054396872901
gyro_norm,9.966,0.12016792622125991
gyro_norm,10.015,0.23892272692401323
gyro_norm,10.065,0.28023951060954744
gyro_norm,10.115,0.2727388492439805
gyro_norm,10.192,0.5600372402112319
gyro_norm,10.228,0.5884277323971571
gyro_norm,10.266,0.5641398672682695
gyro_norm,10.322,0.9691508670717911
gyro_norm,10.364,0.3781985897238399
gyro_norm,10.422,0.33750758824181853
gyro_norm,10.463,0.18703525958292158
gyro_norm,10.513,0.16329727044848663
gyro_norm,10.568,0.21521434514019408
gyro_norm,10.613,0.23056574827793178
gyro_norm,10.662,0.15336159969491225
gyro_norm,10.712,0.15291460259322082
gyro_norm,10.788,0.23004108459110598
gyro_norm,10.812,0.23688523758352853
gyro_norm,10.861,0.3694544107406096
gyro_norm,10.924,0.2768642507871477
gyro_norm,10.979,0.5460059544260369
gyro_norm,11.018,0.7925895627612998
gyro_norm,11.078,0.32402759286514726
gyro_norm,11.11,0.3167242610649751
gyro_norm,11.164,0.2729085060688299
gyro_norm,11.21,0.36124633446636484
gyro_norm,11.259,0.19864840869507305
gyro_norm,11.317,0.32279439888094996
gyro_norm,11.359,0.2719253947691502
gyro_norm,11.409,0.09757152322685356
gyro_norm,11.459,0.056911936245523015
gyro_norm,11.511,0.08615640636877368
gyro_norm,11.558,0.11862616738172779
gyro_norm,11.608,0.10516387223921116
gyro_norm,11.658,0.15220857573681582
gyro_norm,11.708,0.3085358854419001
gyro_norm,11.796,0.3687656066177242
gyro_norm,11.824,0.7648003713616279
gyro_norm,11.875,0.7517764341089915
gyro_norm,11.912,0.5275038513241123
gyro_norm,11.959,0.49819490371816716
gyro_norm,12.006,0.1402617131235112
gyro_norm,12.064,0.24847029290674721
gyro_norm,12.118,0.1828761406510515
gyro_norm,12.155,0.23974954936613563
gyro_norm,12.205,0.11520980219346448
gyro_norm,12.255,0.20636979793246027
gyro_norm,12.316,0.23076967419732777
gyro_norm,12.354,0.20764449189945464
gyro_norm,12.417,0.26325882498353864
gyro_norm,12.454,0.28456570105373197
gyro_norm,12.509,0.5022053727006429
gyro_norm,12.556,0.7861167879704498
gyro_norm,12.611,0.3470535215140637
gyro_norm,12.672,0.35328915600223015
gyro_norm,12.704,0.34961844709988593
gyro_norm,12.77,0.42334859769845357
gyro_norm,12.804,0.11638075911070263
gyro_norm,12.852,0.2768790164455082
gyro_norm,12.903,0.3474553721570914
gyro_norm,12.951,0.20610844511994703
gyro_norm,13.001,0.15179125631459978
gyro_norm,13.069,0.16121841019247896
gyro_norm,13.101,0.08675300986780324
gyro_norm,13.157,0.16401494859306617
gyro_norm,13.2,0.20715069765499172
gyro_norm,13.25,0.08438976845972085
gyro_norm,13.3,0.07511908528524316
gyro_norm,13.349,0.11178796673543734
gyro_norm,13.399,0.20415653289211502
gyro_norm,13.449,0.31025501378655324
gyro_norm,13.499,0.3677607324107404
gyro_norm,13.549,0.6182102727887094
gyro_norm,13.598,0.6310837850387297
gyro_norm,13.648,0.33017535608397247
gyro_norm,13.706,0.191809707397649
gyro_norm,13.748,0.26756323220788675
gyro_norm,13.797,0.06848744501460491
gyro_norm,13.847,0.09916741862799221
gyro_norm,13.897,0.3353858498871224
gyro_norm,13.949,0.4660151790266561
gyro_norm,14.004,0.3746097641569044
gyro_norm,14.064,0.44927937843130566
gyro_norm,14.096,0.35781854730911083
gyro_norm,14.145,0.27014008758767005
gyro_norm,14.204,0.22058724895861542
gyro_norm,14.245,0.14705329053135507
gyro_norm,14.295,0.32458200841066664
gyro_norm,14.344,0.3500979688918179
gyro_norm,14.394,0.49072638018876724
gyro_norm,14.444,0.5621071062120938
gyro_norm,14.507,0.17617201174518454
gyro_norm,14.543,0.1947712377845152
gyro_norm,14.593,0.1579715364039738
gyro_norm,14.643,0.15575711538513232
gyro_norm,14.693,0.16000708054796625
gyro_norm,14.742,0.13030061770680804
gyro_norm,14.801,0.12173209035994925
gyro_norm,14.842,0.14262490936206482
gyro_norm,14.892,0.13326349721137792
gyro_norm,14.966,0.11685408460102008
gyro_norm,14.993,0.233887040467938
gyro_norm,15.059,0.3119900543363525
gyro_norm,15.091,0.44319403186637163
gyro_norm,15.141,0.4051622856944697
gyro_norm,15.19,0.7100465864466474
gyro_norm,15.24,0.5209938229146446
gyro_norm,15.299,0.6737192024219707
gyro_norm,15.349,0.558176447553307
gyro_norm,15.398,0.40238363411304795
gyro_norm,15.457,0.3917223499970806
gyro_norm,15.489,0.2241679418574391
gyro_norm,15.542,0.18210487448996734
gyro_norm,15.588,0.22922318434377703
gyro_norm,15.638,0.17455731948542938
gyro_norm,15.688,0.11089513361150614
gyro_norm,15.738,0.20049665939031108
gyro_norm,15.787,0.20335266562087775
gyro_norm,15.837,0.33900849615243406
gyro_norm,15.917,0.3279637535967267
gyro_norm,15.944,0.5307806477183321
gyro_norm,15.986,0.21766837749298015
gyro_norm,16.041,0.2928924150511626
gyro_norm,16.086,0.223722549273757
gyro_norm,16.139,0.3714056048253424
gyro_norm,16.185,0.2038653339526093
gyro_norm,16.238,0.1849661426132953
gyro_norm,16.291,0.25515573308620754
gyro_norm,16.335,0.19797075005360432
gyro_norm,16.384,0.08750932325957886
gyro_norm,16.434,0.1151756103068835
gyro_norm,16.484,0.10182897912366874
gyro_norm,16.534,0.08357240339261585
gyro_norm,16.583,0.11159828345129563
gyro_norm,16.633,0.23788807578038157
gyro_norm,16.683,0.49566990850004544
gyro_norm,16.756,0.8981333947982337
gyro_norm,16.788,0.5344134692487371
gyro_norm,16.832,0.8230977444334272
gyro_norm,16.888,0.41530273030019665
gyro_norm,16.937,0.21045195593113405
gyro_norm,16.982,0.3166877798912118
gyro_norm,17.034,0.25062323708967926
gyro_norm,17.081,0.18008430628257613
gyro_norm,17.131,0.12068412114411368
gyro_norm,17.181,0.35298623263679707
gyro_norm,17.23,0.369891548650483
gyro_norm,17.28,0.2677879541593715
gyro_norm,17.33,0.26274570369255756
gyro_norm,17.38,0.21087020389396688
gyro_norm,17.43,0.5685386255565089
gyro_norm,17.491,0.43005869721425755
gyro_norm,17.547,0.5405370456190612
gyro_norm,17.586,0.46562257213471636
gyro_norm,17.646,0.4644008628165367
gyro_norm,17.678,0.3371801649734274
gyro_norm,17.728,0.20357050447009314
gyro_norm,17.778,0.22556434779141002
gyro_norm,17.828,0.25988377670899904
gyro_norm,17.877,0.0776259935798368
gyro_norm,17.927,0.09051751261758015
gyro_norm,17.977,0.08360100266539447
gyro_norm,18.027,0.13930106448086685
gyro_norm,18.076,0.1473559677915278
gyro_norm,18.126,0.15394549514232814
gyro_norm,18.176,0.1831029611100169
gyro_norm,18.226,0.5382092323082565
gyro_norm,18.276,0.6394800384131246
gyro_norm,18.351,0.7963040911188055
gyro_norm,18.378,0.8417062975706276
gyro_norm,18.442,0.5900704573993152
gyro_norm,18.497,0.4642658950120265
gyro_norm,18.541,0.3104143299280321
gyro_norm,18.574,0.11758753707092935
gyro_norm,18.624,0.1422363880720678
gyro_norm,18.673,0.023990599742673348
gyro_norm,18.723,0.27784999065153276
gyro_norm,18.773,0.37391369053096973
gyro_norm,18.823,0.462056817403212
gyro_norm,18.872,0.34555785759996843
gyro_norm,18.94,0.3435539892221536
gyro_norm,18.976,0.28886005903682366
gyro_norm,19.026,0.5358875620010441
gyro_norm,19.071,0.606509883612691
gyro_norm,19.126,0.3680344947075056
gyro_norm,19.179,0.4845120590625974
gyro_norm,19.221,0.5320374345449582
gyro_norm,19.275,0.3496574443260907
gyro_norm,19.324,0.2282189010095904
gyro_norm,19.37,0.19212186133638107
gyro_norm,19.423,0.11396397038074135
gyro_norm,19.469,0.277224116550997
gyro_norm,19.519,0.39989115502960937
gyro_norm,19.569,0.26086935666483024
gyro_norm,19.619,0.17079268941024983
gyro_norm,19.669,0.1230089001712959
gyro_norm,19.718,0.16533456976845037
gyro_norm,19.775,0.22385884587379773
gyro_norm,19.818,0.18983030109674562
gyro_norm,19.868,0.8279144986651794
gyro_norm,19.921,0.29173319038488726
gyro_norm,19.967,0.6883528631249567
gyro_norm,20.017,0.4719660638263092
gyro_norm,20.067,0.06799183330943277
gyro_norm,20.116,0.22829164102614183
gyro_norm,20.166,0.09023805423610178
gyro_norm,20.216,0.1352936477579957
gyro_norm,20.266,0.1110045097903922
gyro_norm,20.315,0.10655861603528073
gyro_norm,20.365,0.1267562510447505
gyro_norm,20.415,0.05169944221366419
gyro_norm,20.465,0.09166265039441786
gyro_norm,20.514,0.14546937663737058
gyro_norm,20.596,0.21807144505327244
gyro_norm,20.614,0.26141074316139357
gyro_norm,20.664,0.4410569650682472
gyro_norm,20.713,0.49732406297802245
gyro_norm,20.767,0.5972684381159025
gyro_norm,20.813,0.24356599128719963
gyro_norm,20.863,0.23999290093661788
gyro_norm,20.912,0.4100036615182515
gyro_norm,20.963,0.22552526589051286
gyro_norm,21.012,0.5420779590761308
gyro_norm,21.086,0.5518697332884741
gyro_norm,21.111,0.3606918778901516
gyro_norm,21.161,0.1402316651481998
gyro_norm,21.211,0.3922930951327283
gyro_norm,21.291,0.44042190192184694
gyro_norm,21.329,0.31447039268711596
gyro_norm,21.361,0.2913046164302135
gyro_norm,21.427,0.24765249104944265
gyro_norm,21.46,0.28181098929556453
gyro_norm,21.512,0.29280999126030577
gyro_norm,21.559,0.3986634910320406
gyro_norm,21.609,0.47389690233931203
gyro_norm,21.666,0.24920941838967745
gyro_norm,21.708,0.7614350440751814
gyro_norm,21.767,1.858282020319752
gyro_norm,21.824,0.973369104044977
gyro_norm,21.858,0.803554125607682
gyro_norm,21.908,0.3283942518921297
gyro_norm,21.965,0.5317673129894499
gyro_norm,22.007,0.46663830186912725
gyro_norm,22.057,0.24921751432097555
gyro_norm,22.107,0.08454767493974938
gyro_norm,22.157,0.20486553081642295
gyro_norm,22.206,0.21565762223481846
gyro_norm,22.259,0.211048009189318
gyro_norm,22.31,0.2570196491318869
gyro_norm,22.355,0.32282446915771446
gyro_norm,22.405,0.2515952164246348
gyro_norm,22.463,0.35862512659921114
gyro_norm,22.505,0.35912016984242084
gyro_norm,22.558,0.4674356763652129
gyro_norm,22.608,0.34527067661070815
gyro_norm,22.654,0.3474308028299857
gyro_norm,22.708,0.4666057270989952
gyro_norm,22.769,0.39703406648849743
gyro_norm,22.821,0.26258677452916834
gyro_norm,22.854,0.19798003681220405
gyro_norm,22.903,0.212864609956922
gyro_norm,22.953,0.2949031838820114
gyro_norm,23.002,0.19375018048683829
gyro_norm,23.052,0.04957920502774245
gyro_norm,23.102,0.023454804414898237
gyro_norm,23.154,0.04784328148024781
gyro_norm,23.201,0.010756079213072296
gyro_norm,23.251,0.07831123453470229
gyro_norm,23.301,0.08156050664750457
gyro_norm,23.351,0.05196133639674903
gyro_norm,23.401,0.07047396921919279
gyro_norm,23.45,0.04226947222413095
gyro_norm,23.5,0.08631820780169064
gyro_norm,23.55,0.08553000864714329
gyro_norm,23.602,0.4046583646834625
gyro_norm,23.649,0.7522393201039476
gyro_norm,23.699,0.8146632120741127
gyro_norm,23.756,0.38672723923267366
gyro_norm,23.798,0.15614135927726538
gyro_norm,23.848,0.18492673363950085
gyro_norm,23.898,0.11518523844068902
gyro_norm,23.953,0.15389402290053086
gyro_norm,23.997,0.312837643826599
gyro_norm,24.047,0.32209114719328286
gyro_norm,24.1,0.3841731309379392
gyro_norm,24.147,0.333631196418003
gyro_norm,24.215,0.26541822754703703
gyro_norm,24.247,0.24353634294201237
gyro_norm,24.298,0.3482726370899466
gyro_norm,24.36,0.3635764058719747
gyro_norm,24.413,0.3631531697576079
gyro_norm,24.445,0.4052853279262312
gyro_norm,24.495,0.42701283955470537
gyro_norm,24.545,0.4010768793052346
gyro_norm,24.598,0.5456414295609294
gyro_norm,24.652,0.4440778824087153
gyro_norm,24.694,0.3956018978330319
gyro_norm,24.744,0.4092440949120383
gyro_norm,24.793,0.4218621811445291
gyro_norm,24.843,0.429586880929208
gyro_norm,24.893,0.3612349618267451
gyro_norm,24.943,0.10195668831319947
gyro_norm,25.001,0.22304716024247145
gyro_norm,25.042,0.2853166751383386
gyro_norm,25.092,0.2703652827588763
gyro_norm,25.152,0.2858036442963079
gyro_norm,25.192,0.3153895465528248
gyro_norm,25.249,0.3696713206070309
gyro_norm,25.291,0.25850243648943244
gyro_norm,25.341,0.17941938395409354
gyro_norm,25.395,0.27336464144465344
gyro_norm,25.448,0.291411345644888
gyro_norm,25.493,0.27021457375459845
gyro_norm,25.547,0.31365070380364607
gyro_norm,25.592,0.3088323641128434
gyro_norm,25.639,0.3007195174775825
gyro_norm,25.695,0.30329632210658247
gyro_norm,25.746,0.15207096135791204
gyro_norm,25.789,0.6374710778335275
gyro_norm,25.865,0.6001949870180117
gyro_norm,25.898,0.5281308633303332
gyro_norm,25.938,0.21290987579614334
gyro_norm,25.988,0.34755015117026866
gyro_norm,26.037,0.2130578689819294
gyro_norm,26.093,0.4590678433640299
gyro_norm,26.146,0.36281860935629484
gyro_norm,26.212,0.2905628507870339
gyro_norm,26.237,0.3127716467114282
gyro_norm,26.29,0.2097792784220445
gyro_norm,26.336,0.21833843438969705
gyro_norm,26.403,0.12835556267476683
gyro_norm,26.436,0.11103699413900701
gyro_norm,26.485,0.12866025047449411
gyro_norm,26.535,0.20210969181669358
gyro_norm,26.585,0.15338733951408623
gyro_norm,26.635,0.268148439808952
gyro_norm,26.728,0.1805581012869726
gyro_norm,26.756,0.367463598206613
gyro_norm,26.787,0.4460201192498983
gyro_norm,26.834,0.06705665963657216
gyro_norm,26.883,0.17676569705811465
gyro_norm,26.933,0.4279054541810453
gyro_norm,27.01,0.29014431407065505
gyro_norm,27.037,0.16417594511204878
gyro_norm,27.082,0.15323744055607078
gyro_norm,27.132,0.07852832357324108
gyro_norm,27.182,0.2464737286839627
gyro_norm,27.232,0.12344766804105277
gyro_norm,27.281,0.04974258899175135
gyro_norm,27.331,0.0775126137701222
gyro_norm,27.381,0.11079461324228049
gyro_norm,27.431,0.16411148701727318
gyro_norm,27.48,0.11086689623493327
gyro_norm,27.531,0.1292844202276234
gyro_norm,27.58,0.2681594523788135
gyro_norm,27.637,0.47761613914182793
gyro_norm,27.68,0.6285672668760007
gyro_norm,27.729,0.18730062424135402
gyro_norm,27.779,0.31305714976868027
gyro_norm,27.836,0.30768296866180395
gyro_norm,27.879,0.07534331509743755
gyro_norm,27.928,0.22666466123474638
gyro_norm,27.978,0.2407642907268462
gyro_norm,28.038,0.2922522093323104
gyro_norm,28.078,0.22726683500471265
gyro_norm,28.128,0.1546568299166506
gyro_norm,28.177,0.09941191637236893
gyro_norm,28.232,0.13055725908980842
gyro_norm,28.277,0.13888878685121742
gyro_norm,28.326,0.293625254634402
gyro_norm,28.376,0.12182391391847885
gyro_norm,28.426,0.26833652433589184
gyro_norm,28.478,0.41872771605132075
gyro_norm,28.526,0.2203951865754257
gyro_norm,28.575,0.27295665702805944
gyro_norm,28.625,0.384240963810378
gyro_norm,28.675,0.28971670100538877
gyro_norm,28.724,0.4738306529447108
gyro_norm,28.774,0.47294326604893855
gyro_norm,28.824,0.09863423937039079
gyro_norm,28.874,0.14778548011868595
gyro_norm,28.924,0.29872377807792605
gyro_norm,28.973,0.03869011068061103
gyro_norm,29.027,0.20105473020084264
gyro_norm,29.073,0.2230706223122518
gyro_norm,29.122,0.1303870142968335
gyro_norm,29.172,0.12205335927760694
gyro_norm,29.222,0.13333516407883625
gyro_norm,29.272,0.14654814155132312
gyro_norm,29.325,0.1634547363294272
gyro_norm,29.389,0.17536553072838762
gyro_norm,29.422,0.2478860514962807
gyro_norm,29.471,0.4402072632476255
gyro_norm,29.532,0.7914043117146201
gyro_norm,29.57,0.46880136993126326
gyro_norm,29.628,0.8838831011533055
gyro_norm,29.687,0.44771763643277906
gyro_norm,29.72,0.2676403806686817
gyro_norm,29.769,0.2073687192864888
gyro_norm,29.827,0.2676630390041693
gyro_norm,29.869,0.29965988889610895
gyro_norm,29.919,0.35112090386403316
gyro_norm,29.973,0.16134044287340807
gyro_norm,30.018,0.1458770990982029
gyro_norm,30.068,0.1491476288298532
gyro_norm,30.118,0.1287527647010831
gyro_norm,30.168,0.16864961545566098
gyro_norm,30.218,0.20249797731451014
gyro_norm,30.275,0.16623825042149845
gyro_norm,30.317,0.2994399726595221
gyro_norm,30.366,0.43028255991988007
gyro_norm,30.416,0.46106587112871905
gyro_norm,30.466,0.09275091912437054
gyro_norm,30.516,0.4035608364965224
gyro_norm,30.566,0.036384015999534024
gyro_norm,30.623,0.030886510905223048
gyro_norm,30.683,0.3949147828286625
gyro_norm,30.715,0.3904898506620307
gyro_norm,30.775,0.20141948597566384
gyro_norm,30.814,0.09333243419968959
gyro_norm,30.864,0.10226390712626059
gyro_norm,30.921,0.16195582987899168
gyro_norm,30.964,0.09212859367948135
gyro_norm,31.013,0.14136187031403685
gyro_norm,31.063,0.3097644720800223
gyro_norm,31.113,0.20604862959173684
gyro_norm,31.168,0.623200099179339
gyro_norm,31.212,0.46537698751400375
gyro_norm,31.28,0.5036685984411919
gyro_norm,31.312,0.24075326527939375
gyro_norm,31.362,0.10458302736161747
gyro_norm,31.414,0.20787900208787238
gyro_norm,31.469,0.0789774496990224
gyro_norm,31.511,0.10549408606318118
gyro_norm,31.561,0.11332506643149341
gyro_norm,31.61,0.22846178364262884
gyro_norm,31.66,0.21757537242190822
gyro_norm,31.725,0.27782094295902043
gyro_norm,31.76,0.26960338368283915
gyro_norm,31.814,0.3001126130631265
gyro_norm,31.877,0.2764817699001293
gyro_norm,31.909,0.26516981753226093
gyro_norm,31.962,0.3733805805133239
gyro_norm,32.016,0.43798695347503386
gyro_norm,32.076,0.31604834610191407
gyro_norm,32.112,0.22758555895923155
gyro_norm,32.158,0.18731728308796558
gyro_norm,32.208,0.24536472721207575
gyro_norm,32.257,0.1380741137000501
gyro_norm,32.307,0.1437655532937942
gyro_norm,32.357,0.16467891594379908
gyro_norm,32.415,0.13953943241997396
gyro_norm,32.456,0.20286660326129363
gyro_norm,32.506,0.15543509716614443
gyro_norm,32.556,0.07454114379443652
gyro_norm,32.606,0.11130072695559594
gyro_norm,32.655,0.16665932654311602
gyro_norm,32.705,0.08049850205715578
gyro_norm,32.755,0.08349769912116545
gyro_norm,32.805,0.10946187225564104
gyro_norm,32.854,0.09076204815423768
gyro_norm,32.904,0.07530014663777508
gyro_norm,32.954,0.08652007840764145
gyro_norm,33.012,0.11682023467857988
gyro_norm,33.054,0.12454135335170348
gyro_norm,33.104,0.15451741879925396
gyro_norm,33.158,0.20415900904219178
gyro_norm,33.203,0.23406608697122455
gyro_norm,33.267,0.21411522101751926
gyro_norm,33.323,0.14810372863150387
gyro_norm,33.37,0.09905099977161688
gyro_norm,33.402,0.1321350798880435
gyro_norm,33.451,0.1526187667274464
gyro_norm,33.509,0.14867600281985402
gyro_norm,33.551,0.094767513563925
gyro_norm,33.619,0.08091375495201845
gyro_norm,33.65,0.05326471379648704
gyro_norm,33.7,0.04358644295241883
gyro_norm,33.75,0.03720330410217528
gyro_norm,33.8,0.028336333406992643
gyro_norm,33.85,0.03546652626095177
gyro_norm,33.899,0.028260772610938335
gyro_norm,33.949,0.02224347454511509
gyro_norm,33.999,0.026426138627642124
gyro_norm,34.049,0.03506324350150905
gyro_norm,34.099,0.05298209483078066
gyro_norm,34.15,0.04216968941301948
gyro_norm,34.198,0.04835236401329065
gyro_norm,34.248,0.046677976763637004
gyro_norm,34.297,0.04666242889354051
gyro_norm,34.348,0.07390708169228143
gyro_norm,34.399,0.03459406381031871
gyro_norm,34.447,0.024977125089135185
gyro_norm,34.496,0.02889000677924234
gyro_norm,34.546,0.030076918239902082
gyro_norm,34.596,0.05330432820384311
gyro_norm,34.646,0.05290609734404751
gyro_norm,34.729,0.030443638847947298
gyro_norm,34.757,0.0284302883912402
gyro_norm,34.795,0.012376376034060534
gyro_norm,34.845,0.040819093400251166
gyro_norm,34.894,0.04351774167014439
gyro_norm,34.944,0.06193625186779013
gyro_norm,34.994,0.06144909927456987
gyro_norm,35.044,0.2818267504099038
gyro_norm,35.117,0.22917168173277147
gyro_norm,35.161,0.14940853976762944
gyro_norm,35.193,0.1818612792061702
gyro_norm,35.243,0.268923324833355
gyro_norm,35.293,0.24734342472422088
gyro_norm,35.342,0.2811084719558193
gyro_norm,35.408,0.2195110350381852
gyro_norm,35.442,0.21017501834429905
gyro_norm,35.492,0.2171560716370046
gyro_norm,35.541,0.2371087589479073
gyro_norm,35.591,0.17865271620307543
gyro_norm,35.641,0.3833775503796891
gyro_norm,35.691,0.20110157585670174
gyro_norm,35.74,0.16250640256622795
gyro_norm,35.79,0.21841418730092882
gyro_norm,35.84,0.19154926763688707
gyro_norm,35.89,0.29914702187489045
gyro_norm,35.957,0.31513751222723935
gyro_norm,35.989,0.4066576686932484
gyro_norm,36.043,0.37902946756527345
gyro_norm,36.089,0.3306068993146622
gyro_norm,36.142,0.3462811365474642
gyro_norm,36.203,0.33417262302845935
gyro_norm,36.256,0.2910786195862454
gyro_norm,36.289,0.2756939698694964
gyro_norm,36.341,0.2740870445391176
gyro_norm,36.387,0.2724671663104435
gyro_norm,36.437,0.2760953443549646
gyro_norm,36.494,0.3080213208746013
gyro_norm,36.537,0.34266047471521505
gyro_norm,36.59,0.33634994151754344
gyro_norm,36.638,0.36975951560751413
gyro_norm,36.693,0.3362587640689406
gyro_norm,36.736,0.40982922802152194
gyro_norm,36.785,0.23124456023153075
gyro_norm,36.854,0.5922569132055089
gyro_norm,36.891,0.8727781877721426
gyro_norm,36.952,0.4888311917997443
gyro_norm,36.984,0.38084032853896116
gyro_norm,37.037,0.2109136174976256
gyro_norm,37.084,0.318344352394896
gyro_norm,37.134,0.2502020256587509
gyro_norm,37.183,0.3571927344728035
gyro_norm,37.233,0.3157023108483001
gyro_norm,37.283,0.30434904432720905
gyro_norm,37.333,0.1345840075025081
gyro_norm,37.382,0.19107993365233428
gyro_norm,37.433,0.2314067707627017
gyro_norm,37.484,0.28025490558643906
gyro_norm,37.532,0.3161307566710825
gyro_norm,37.606,0.3345749439316056
gyro_norm,37.638,0.4142821823431303
gyro_norm,37.7,0.6060220566156548
gyro_norm,37.731,0.719344594048088
gyro_norm,37.785,0.7149118836274905
gyro_norm,37.83,0.04795992143515674
gyro_norm,37.88,0.8915240782762738
gyro_norm,37.938,0.49736983576086286
gyro_norm,37.98,0.6768985179781677
gyro_norm,38.029,0.38298560207642235
gyro_norm,38.079,0.11320698678298706
gyro_norm,38.129,0.2617017811814307
gyro_norm,38.179,0.14719652217716922
gyro_norm,38.229,0.07547349981610492
gyro_norm,38.278,0.017948099709082215
gyro_norm,38.328,0.16572381716318946
gyro_norm,38.378,0.3618241215492403
gyro_norm,38.448,0.23227932509852042
gyro_norm,38.484,0.7707817602589264
gyro_norm,38.527,0.7767141306131266
gyro_norm,38.588,0.5741947566185404
gyro_norm,38.629,0.5519216693364251
gyro_norm,38.684,0.3344124407776298
gyro_norm,38.726,0.27687291015032095
gyro_norm,38.776,0.3135580852816569
gyro_norm,38.825,0.1940073698614281
gyro_norm,38.875,0.18596432764959592
gyro_norm,38.925,0.2975519363908432
gyro_norm,38.975,0.23425130917395526
gyro_norm,39.024,0.12866853015480972
gyro_norm,39.083,0.22507658076275677
gyro_norm,39.124,0.23035227881617626
gyro_norm,39.174,0.46250305034844374
gyro_norm,39.232,0.5336527780830662
gyro_norm,39.286,0.4880469639408838
gyro_norm,39.323,0.2742865722886316
gyro_norm,39.381,0.5160431598474238
gyro_norm,39.44,0.4970359499248319
gyro_norm,39.472,0.40770588414691233
gyro_norm,39.522,0.5203397683582369
gyro_norm,39.576,0.33744890148622997
gyro_norm,39.639,0.21869888178971575
gyro_norm,39.671,0.20945224700068185
gyro_norm,39.721,0.1967374474927214
gyro_norm,39.771,0.43713021864499224
gyro_norm,39.821,0.27424184160908877
gyro_norm,39.87,0.24848418001343747
gyro_norm,39.92,0.8969403039874859
gyro_norm,39.97,0.8627945572190742
gyro_norm,40.038,0.7847500803797165
gyro_norm,40.095,0.6352464267193385
gyro_norm,40.119,0.19564911380408712
gyro_norm,40.169,0.33404192133456995
gyro_norm,40.223,0.16935544901749294
gyro_norm,40.268,0.47022735724337095
gyro_norm,40.318,0.23860668293811263
gyro_norm,40.368,0.09961467201255358
gyro_norm,40.418,0.10569282800170719
gyro_norm,40.47,0.14007596255167604
gyro_norm,40.517,0.24971658618128512
gyro_norm,40.567,0.37888101677978236
gyro_norm,40.617,0.3733558661118591
gyro_norm,40.696,0.5250917962876923
gyro_norm,40.726,0.4593024415422109
gyro_norm,40.766,0.43398905964601675
gyro_norm,40.82,0.2861507605732084
gyro_norm,40.866,0.572399651675874
gyro_norm,40.915,0.2304404020548235
gyro_norm,40.965,0.3837481955294724
gyro_norm,41.015,0.4505073406184278
gyro_norm,41.08,0.27690352846919897
gyro_norm,41.114,0.18111109333481115
gyro_norm,41.173,0.12653742957951983
gyro_norm,41.214,0.14745277217888567
gyro_norm,41.264,0.15798635686921783
gyro_norm,41.313,0.13564391269822146
gyro_norm,41.363,0.15378126533762
gyro_norm,41.413,1.6851554797586492
gyro_norm,41.469,0.49993474565228224
gyro_norm,41.512,0.8224642342434554
gyro_norm,41.57,0.8164148526001519
gyro_norm,41.615,0.692930042824148
gyro_norm,41.665,0.4118863513516397
gyro_norm,41.737,0.6339166965555284
gyro_norm,41.764,0.37586036644643633
gyro_norm,41.811,0.16322314622404732
gyro_norm,41.861,0.4357017741469085
gyro_norm,41.91,0.6683438679012198
gyro_norm,41.96,0.6034638894440977
gyro_norm,42.01,0.33474766001607237
gyro_norm,42.06,0.33992884570916926
gyro_norm,42.111,0.685394135348287
gyro_norm,42.159,1.173347626523269
gyro_norm,42.214,1.0706593662440875
gyro_norm,42.269,0.3858931723775818
gyro_norm,42.309,0.29240720187664543
gyro_norm,42.358,0.21277677803738237
gyro_norm,42.408,0.07605283043923605
gyro_norm,42.458,0.08583852199196686
gyro_norm,42.508,0.22189791259227112
gyro_norm,42.557,0.2799569400758389
gyro_norm,42.607,0.17069229807791306
gyro_norm,42.657,0.13270035410052214
gyro_norm,42.707,0.21329817008136154
gyro_norm,42.768,0.16965622735434335
gyro_norm,42.806,0.38895711922371773
gyro_norm,42.862,0.5095639270710599
gyro_norm,42.906,0.13176284282202505
gyro_norm,42.955,0.9648292741348858
gyro_norm,43.009,0.48880970342697855
gyro_norm,43.055,0.4467981304168128
gyro_norm,43.108,0.40932388801034175
gyro_norm,43.155,0.17390099176848775
gyro_norm,43.204,0.15724681071725113
gyro_norm,43.254,0.288160374779721
gyro_norm,43.328,0.5253697501789306
gyro_norm,43.36,0.6931671550756844
gyro_norm,43.403,0.31236261004875426
gyro_norm,43.453,0.27503630656177475
gyro_norm,43.503,0.32809899177092083
gyro_norm,43.553,0.285285975336692
gyro_norm,43.602,0.45052829326237087
gyro_norm,43.653,0.6849465057866951
gyro_norm,43.702,0.22294676811702524
gyro_norm,43.752,0.44709284676315286
gyro_norm,43.801,0.6005723012400802
gyro_norm,43.851,0.2611855964343945
gyro_norm,43.901,0.15265828963655073
gyro_norm,43.951,0.1938570746215933
gyro_norm,44.0,0.2294486467924879
gyro_norm,44.05,0.08913242769880653
gyro_norm,44.1,0.29429261433428777
gyro_norm,44.15,0.29494862996163784
gyro_norm,44.2,0.17876617310252016
gyro_norm,44.25,0.13173879337070835
gyro_norm,44.299,0.09702919283786254
gyro_norm,44.371,0.12808731343593505
gyro_norm,44.401,0.1397094073311073
gyro_norm,44.46,0.24396341551193163
gyro_norm,44.498,0.20315375588396492
gyro_norm,44.555,0.3701030287967313
gyro_norm,44.597,0.5938254714747015
gyro_norm,44.65,0.5690661293787893
gyro_norm,44.714,0.7637504974476752
gyro_norm,44.747,0.2860922211144173
gyro_norm,44.8,0.33724791682967276
gyro_norm,44.846,0.35814804847307813
gyro_norm,44.921,0.3007788574119574
gyro_norm,44.953,0.22197287195615914
gyro_norm,44.995,0.10725733058433477
gyro_norm,45.045,0.3335216932279308
gyro_norm,45.113,0.3181807477656136
gyro_norm,45.145,0.23899318280055717
gyro_norm,45.197,0.23503460628252862
gyro_norm,45.244,0.2758779554978496
gyro_norm,45.294,0.2505191910110385
gyro_norm,45.347,0.3983886576875379
gyro_norm,45.394,0.788046289594859
gyro_norm,45.443,0.3500019964102174
gyro_norm,45.493,0.23844349208769455
gyro_norm,45.55,0.19409991189306228
gyro_norm,45.593,0.2046783057957002
gyro_norm,45.658,0.2796341838603174
gyro_norm,45.692,0.23680242805035828
gyro_norm,45.742,0.13697649934316142
gyro_norm,45.792,0.10452075898678936
gyro_norm,45.842,0.08281389444544139
gyro_norm,45.891,0.07727138935953441
gyro_norm,45.941,0.2507480414265069
gyro_norm,45.991,0.2554918088323579
gyro_norm,46.041,0.4419111419886405
gyro_norm,46.09,0.5198520225066703
gyro_norm,46.14,0.5876463483760817
gyro_norm,46.19,0.76871171121754
gyro_norm,46.239,0.45926590446822413
gyro_norm,46.289,0.4629133392614783
gyro_norm,46.339,0.2591261727343636
gyro_norm,46.389,0.2538717625654852
gyro_norm,46.438,0.18290199959239706
gyro_norm,46.488,0.07416809897325118
gyro_norm,46.567,0.14141821504510158
gyro_norm,46.594,0.11212210065982772
gyro_norm,46.638,0.17010403260844234
gyro_norm,46.687,0.12693711587842518
gyro_norm,46.737,0.39020829456409756
gyro_norm,46.79,0.3921476758756047
gyro_norm,46.851,0.43671420668249405
gyro_norm,46.886,0.4679947038934325
gyro_norm,46.938,0.6191121161249632
gyro_norm,46.986,0.4355990997475773
gyro_norm,47.036,0.4069583448811854
gyro_norm,47.085,0.44781400706236585
gyro_norm,47.135,0.5627333835324722
gyro_norm,47.185,0.4056357858228939
gyro_norm,47.239,0.19621182696036002
gyro_norm,47.284,0.10600794788030003
gyro_norm,47.334,0.17018061204504506
gyro_norm,47.384,0.15352648650379908
gyro_norm,47.434,0.3502157720911136
gyro_norm,47.484,0.46905595007145473
gyro_norm,47.548,0.498823157101955
gyro_norm,47.59,0.8552345128436473
gyro_norm,47.64,0.33431013023283923
gyro_norm,47.683,0.27194443291390125
gyro_norm,47.74,0.38050906367490556
gyro_norm,47.8,0.24512019973811217
gyro_norm,47.832,0.27528687265849816
gyro_norm,47.886,0.10555579136743282
gyro_norm,47.931,0.1295771851347837
gyro_norm,47.981,0.12043466093235716
gyro_norm,48.031,0.09181069507404424
gyro_norm,48.081,0.08787808794070774
gyro_norm,48.131,0.28619207934009916
gyro_norm,48.182,0.2268157148062298
gyro_norm,48.245,0.30350934326304646
gyro_norm,48.28,0.2381795176236692
gyro_norm,48.329,0.17014742320992196
gyro_norm,48.379,0.33762249991696885
gyro_norm,48.454,0.22289014325994294
gyro_norm,48.481,0.5268739428473758
gyro_norm,48.535,0.6248840622764609
gyro_norm,48.581,0.3072600583286262
gyro_norm,48.628,0.21451027432950343
gyro_norm,48.678,0.2868333102086208
gyro_norm,48.727,0.07267604375493333
gyro_norm,48.777,0.15044847705283476
gyro_norm,48.831,0.18773367295796187
gyro_norm,48.877,0.6544880741690913
gyro_norm,48.927,0.4837161084779834
gyro_norm,48.978,0.6446452632327296
gyro_norm,49.026,0.2175410946611612
gyro_norm,49.101,0.4748757986625537
gyro_norm,49.129,0.4507151467042934
gyro_norm,49.175,0.46446399993952975
gyro_norm,49.225,0.37716155210317276
gyro_norm,49.275,0.22367880005449048
gyro_norm,49.324,0.08185489789595118
gyro_norm,49.375,0.0852762196997453
gyro_norm,49.424,0.18804809343904497
gyro_norm,49.479,0.2115441408153694
gyro_norm,49.524,0.33298048735226266
gyro_norm,49.573,0.515894772167109
gyro_norm,49.625,0.49721329894829464
gyro_norm,49.691,0.49489809147324554
gyro_norm,49.723,0.37811932965574296
gyro_norm,49.785,0.7089974340638922
gyro_norm,49.84,0.2308924833922827
gyro_norm,49.887,0.45757898085120347
gyro_norm,49.922,0.4429557372319147
gyro_norm,49.971,0.2909197450064602
gyro_norm,50.029,0.19336474336501758
gyro_norm,50.071,0.19800233544508317
gyro_norm,50.121,0.17678940515869415
gyro_norm,50.188,0.39087818611573877
gyro_norm,50.22,0.34012382452714224
gyro_norm,50.289,0.8959176474070516
gyro_norm,50.32,0.7410181394425075
gyro_norm,50.373,0.42101775652704504
gyro_norm,50.419,0.2817929132385941
gyro_norm,50.469,0.29623905733201905
gyro_norm,50.519,0.21292188854198796
gyro_norm,50.586,0.31838531758017896
gyro_norm,50.619,0.1686602788301
gyro_norm,50.668,0.1084661533226192
gyro_norm,50.718,0.11242098490477082
gyro_norm,50.767,0.07850543039473414
gyro_norm,50.817,0.1011022832715726
gyro_norm,50.87,0.2884150173140045
gyro_norm,50.917,0.292484389058432
gyro_norm,50.984,0.7212530461205486
gyro_norm,51.019,0.16632103379136465
gyro_norm,51.066,0.3137922996214049
gyro_norm,51.116,0.22271932252369572
gyro_norm,51.166,0.28543008995633823
gyro_norm,51.225,0.33672028531320713
gyro_norm,51.265,0.46154241430346665
gyro_norm,51.315,0.4112358423550039
gyro_norm,51.365,0.08147555566952887
gyro_norm,51.414,0.10820911702815572
gyro_norm,51.497,0.2686187555759285
gyro_norm,51.534,0.29172447877062296
gyro_norm,51.567,0.35809150573611326
gyro_norm,51.613,0.1746841254614695
gyro_norm,51.667,0.6026923491693779
gyro_norm,51.713,1.0313730519344473
gyro_norm,51.763,0.3844602733850712
gyro_norm,51.816,0.2508491727758559
gyro_norm,51.862,0.3102308764882408
gyro_norm,51.912,0.32309879830375776
gyro_norm,51.976,0.34116731517233806
gyro_norm,52.012,1.2499457758859207
gyro_norm,52.079,0.426554099778808
gyro_norm,52.111,0.49395335395688855
gyro_norm,52.161,0.5992642410044775
gyro_norm,52.21,0.26483511118817593
gyro_norm,52.26,0.22499326471124684
gyro_norm,52.31,0.3608788164727357
gyro_norm,52.36,0.5162014873045586
gyro_norm,52.41,0.23888315961961382
gyro_norm,52.459,0.2753286418864779
gyro_norm,52.509,0.5081455288294338
gyro_norm,52.559,0.0784316209020112
gyro_norm,52.609,0.14770738966132768
gyro_norm,52.659,0.2969086800132192
gyro_norm,52.708,0.20644745702424003
gyro_norm,52.758,0.14835962361040606
gyro_norm,52.808,0.14739502318274272
gyro_norm,52.899,0.2081043346496426
gyro_norm,52.926,0.3038504491573786
gyro_norm,52.958,0.213885032271798
gyro_norm,53.025,0.28273375091344294
gyro_norm,53.056,0.2983771988891763
gyro_norm,53.114,0.7451718080028735
gyro_norm,53.156,0.5991073979860072
gyro_norm,53.206,0.2797168574214904
gyro_norm,53.256,0.3703671921226654
gyro_norm,53.305,0.30114842082310567
gyro_norm,53.355,0.260637592744532
gyro_norm,53.405,0.14620879407349252
gyro_norm,53.455,0.12573877545853548
gyro_norm,53.505,0.1409430035302021
gyro_norm,53.557,0.306719958988463
gyro_norm,53.604,0.44172704871176294
gyro_norm,53.654,0.2796866981572746
gyro_norm,53.706,0.31030950979035554
gyro_norm,53.77,0.5771999137352518
gyro_norm,53.81,1.0194994408986966
gyro_norm,53.864,0.6052161914638793
gyro_norm,53.902,0.8429879576618452
gyro_norm,53.955,0.7416599673667928
gyro_norm,54.016,1.0946070961116803
gyro_norm,54.058,1.2413787406756867
gyro_norm,54.108,1.029062958225831
gyro_norm,54.151,0.7475591085324473
gyro_norm,54.201,0.5003225505808112
gyro_norm,54.251,0.3525339314778038
gyro_norm,54.3,0.6578819589064335
gyro_norm,54.35,0.6038488037460881
gyro_norm,54.4,0.5316549523210728
gyro_norm,54.457,0.6893912813232951
gyro_norm,54.51,0.7741493684584949
gyro_norm,54.552,1.0252942236511842
gyro_norm,54.607,0.34779697749129496
gyro_norm,54.651,1.5427776899859167
gyro_norm,54.707,0.8228566428905185
gyro_norm,54.753,0.7939440188325664
gyro_norm,54.808,0.8039512048756533
gyro_norm,54.865,0.5007189726143526
gyro_norm,54.898,0.23589507701416568
gyro_norm,54.965,0.3032925685927984
gyro_norm,54.997,0.2645807227934026
gyro_norm,55.047,0.23364295018221432
gyro_norm,55.096,0.20605203587361118
gyro_norm,55.146,0.35916068166372694
gyro_norm,55.196,0.25723356134788034
gyro_norm,55.246,0.259893100455672
gyro_norm,55.303,0.5569556140291063
gyro_norm,55.348,0.17405647625330428
gyro_norm,55.395,0.42529733250329943
gyro_norm,55.445,0.4058088597706418
gyro_norm,55.502,0.513973928346133
gyro_norm,55.561,0.5359905085268734
gyro_norm,55.594,0.41835566962005893
gyro_norm,55.644,0.14532926207780697
gyro_norm,55.694,0.10836175476458795
gyro_norm,55.744,0.2380728929389019
gyro_norm,55.797,0.23256570779012753
gyro_norm,55.843,0.2462382980661317
gyro_norm,55.893,0.24731135358612155
gyro_norm,55.943,0.5437742370627153
gyro_norm,55.992,0.8641084440382446
gyro_norm,56.042,0.37247727199937997
gyro_norm,56.092,0.22949857790859027
gyro_norm,56.141,0.119303967400145
gyro_norm,56.191,0.23011899664929056
gyro_norm,56.252,0.20776330347053137
gyro_norm,56.291,0.35556929993404157
gyro_norm,56.341,0.23845892399259822
gyro_norm,56.39,0.09031861501094021
gyro_norm,56.44,0.15740631684389855
gyro_norm,56.49,0.11619401039430001
gyro_norm,56.54,0.2824028935826928
gyro_norm,56.589,0.19979019321774585
gyro_norm,56.639,0.43901806400177745
gyro_norm,56.689,0.18778648277158524
gyro_norm,56.739,0.11693217393356742
gyro_norm,56.788,0.5441524791280734
gyro_norm,56.839,0.38150697972899583
gyro_norm,56.889,0.48402337132860196
gyro_norm,56.938,0.5727657358687626
gyro_norm,56.987,0.31967269156737244
gyro_norm,57.037,0.09235929779787803
gyro_norm,57.087,0.10662545378181434
gyro_norm,57.137,0.2212882099824142
gyro_norm,57.186,0.3338030788192535
gyro_norm,57.236,0.1521508729280548
gyro_norm,57.286,0.6257471090058838
gyro_norm,57.361,0.909372328434369
gyro_norm,57.388,0.2641430677693805
gyro_norm,57.435,0.2512957991825207
gyro_norm,57.485,0.44518791705718447
gyro_norm,57.535,0.30914983273916324
gyro_norm,57.592,0.27111153525404047
gyro_norm,57.634,0.26236618432562975
gyro_norm,57.692,0.37863792014246234
gyro_norm,57.734,0.46964713562548405
gyro_norm,57.784,0.39276617259328567
gyro_norm,57.833,0.26661624384049304
gyro_norm,57.883,0.13607445332169074
gyro_norm,57.933,0.2691777218407675
gyro_norm,57.983,0.58297534068705
gyro_norm,58.032,0.4554985817457718
gyro_norm,58.082,0.16482134784625946
gyro_norm,58.132,0.6891921493224084
gyro_norm,58.182,0.5740759822555039
gyro_norm,58.249,0.9276716009416309
gyro_norm,58.289,0.9171704771624605
gyro_norm,58.349,0.841774494398532
gyro_norm,58.382,0.5753836710812646
gyro_norm,58.43,0.21568012193317676
gyro_norm,58.488,0.3927564756564409
gyro_norm,58.53,0.5566297055168603
gyro_norm,58.588,0.625203044625735
gyro_norm,58.629,0.37474223116120264
gyro_norm,58.679,0.6845483851583297
gyro_norm,58.746,1.1702212515600046
gyro_norm,58.798,0.414456109703827
gyro_norm,58.83,0.5059380937412677
gyro_norm,58.878,0.5727070207387375
gyro_norm,58.934,0.3398665802302635
gyro_norm,58.978,0.4009988229651239
gyro_norm,59.028,0.49522593042568497
gyro_norm,59.077,0.15148052815278856
gyro_norm,59.127,0.4775040085850619
gyro_norm,59.177,0.27485899276568876
gyro_norm,59.227,0.2873589633525102
gyro_norm,59.281,0.11714938794222303
gyro_norm,59.326,0.2346520670810329
gyro_norm,59.376,0.017966548544203022
gyro_norm,59.449,0.4611914534234339
gyro_norm,59.493,0.4388739837945198
gyro_norm,59.525,0.4401509469214581
gyro_norm,59.575,1.029230227258795
gyro_norm,59.642,0.9451295730907793
gyro_norm,59.674,0.5424070855438472
gyro_norm,59.727,0.17140053664266403
gyro_norm,59.774,0.31760889562019345
gyro_norm,59.827,0.32998502425127707
gyro_norm,59.874,0.47368320626141897
gyro_norm,59.923,0.829195005416535
gyro_norm,59.973,0.8354130918103678
gyro_norm,60.023,0.6116797434841533
gyro_norm,60.072,0.735502478663443
gyro_norm,60.125,0.4283059875241232
gyro_norm,60.172,0.40171555800319075
gyro_norm,60.226,0.5274442222813662
gyro_norm,60.271,0.5866776865955259
gyro_norm,60.321,0.37147845626074294
gyro_norm,60.371,0.277706815216801
gyro_norm,60.421,0.1772267245793557
gyro_norm,60.473,0.38765611112639337
gyro_norm,60.526,0.6823872754778387
gyro_norm,60.573,0.2175809197937097
gyro_norm,60.62,0.12827014228787706
gyro_norm,60.67,0.18263771458093445
gyro_norm,60.72,0.5468357270753134
gyro_norm,60.769,0.7339111810885915
gyro_norm,60.836,0.8004103476361153
gyro_norm,60.876,0.7001409753950275
gyro_norm,60.936,0.7096764785590838
gyro_norm,60.968,0.31768198457837293
gyro_norm,61.018,0.10088436377957828
gyro_norm,61.068,0.3822210488703722
gyro_norm,61.118,0.24116507948882185
gyro_norm,61.167,0.6931112505529184
gyro_norm,61.217,0.6807604584599299
gyro_norm,61.267,0.531782710972746
gyro_norm,61.334,0.5656970668837483
gyro_norm,61.387,0.4898468339972255
gyro_norm,61.419,0.5827448780695841
gyro_norm,61.473,0.4630583053539588
gyro_norm,61.533,0.4647039316430506
gyro_norm,61.565,0.27857170104375845
gyro_norm,61.618,0.35861665069645526
gyro_norm,61.665,0.09121928394060266
gyro_norm,61.714,0.10499991855734701
gyro_norm,61.764,0.2799788341251827
gyro_norm,61.814,0.49356835550019906
gyro_norm,61.871,0.16881555799485326
gyro_norm,61.913,0.5210221557007852
gyro_norm,61.971,0.8845732631029967
gyro_norm,62.013,0.2825890629067473
gyro_norm,62.076,0.8252849298367825
gyro_norm,62.116,1.0378812947226397
gyro_norm,62.17,0.6816274161983523
gyro_norm,62.212,0.4868694713994372
gyro_norm,62.273,0.3764953411629578
gyro_norm,62.312,0.19263295610276596
gyro_norm,62.361,0.26280475275280796
gyro_norm,62.429,0.3232570076699905
gyro_norm,62.469,0.8623457001386348
gyro_norm,62.514,0.43066201496737017
gyro_norm,62.56,0.30629741687282036
gyro_norm,62.61,0.5555352055761925
gyro_norm,62.66,0.2936382431384588
gyro_norm,62.715,0.5263905657400738
gyro_norm,62.76,0.21714495612001494
gyro_norm,62.809,0.18846776242345759
gyro_norm,62.863,0.33492908080230216
gyro_norm,62.926,1.0659165822107728
gyro_norm,62.968,0.422362622184045
gyro_norm,63.008,0.8264208240056776
gyro_norm,63.061,0.8344026056499789
gyro_norm,63.108,0.10001175602068921
gyro_norm,63.158,0.5206701567399643
gyro_norm,63.207,0.6823514737550909
gyro_norm,63.264,0.9244613439489038
gyro_norm,63.31,1.5957627443191165
gyro_norm,63.364,1.9385836105830552
gyro_norm,63.411,1.6020940254248395
gyro_norm,63.459,1.2847638905592054
gyro_norm,63.506,1.3344733985727995
gyro_norm,63.556,1.3588362792261688
gyro_norm,63.605,0.6838091867516842
gyro_norm,63.655,1.5928429813049712
gyro_norm,63.707,1.541793288622564
gyro_norm,63.761,1.601607354908542
gyro_norm,63.816,1.7774850281494103
gyro_norm,63.869,1.254907416688541
gyro_norm,63.904,0.7370798568055023
gyro_norm,63.954,1.1139817579216957
gyro_norm,64.003,1.2628119264270283
gyro_norm,64.057,1.0905370279495619
gyro_norm,64.103,1.8604320597959154
gyro_norm,64.153,2.0519829962511102
gyro_norm,64.223,0.5058325858481492
gyro_norm,64.262,1.3915806707329201
gyro_norm,64.316,1.7503717794276148
gyro_norm,64.369,1.6556162327472108
gyro_norm,64.42,1.4335398302974374
gyro_norm,64.467,1.2716964479988215
gyro_norm,64.514,0.7461366303627937
gyro_norm,64.551,0.6607764745193269
gyro_norm,64.601,0.5575715158593074
gyro_norm,64.65,0.9716464377325483
gyro_norm,64.714,1.3427184585842376
gyro_norm,64.772,1.9512074478957933
gyro_norm,64.825,0.9324054398461578
gyro_norm,64.857,1.2018428395829466
gyro_norm,64.912,1.1831860192661297
gyro_norm,64.966,1.0162269587360042
gyro_norm,64.999,0.7743168118882957
gyro_norm,65.048,0.26064436625518106
gyro_norm,65.098,0.6985117256146015
gyro_norm,65.155,0.5423803426507954
gyro_norm,65.198,0.46474738601441967
gyro_norm,65.261,0.9012163806361119
gyro_norm,65.297,1.022915770099185
gyro_norm,65.356,0.6295466541202276
gyro_norm,65.413,0.9343364231382321
gyro_norm,65.455,1.409807623683121
gyro_norm,65.497,1.2597901636840538
gyro_norm,65.563,1.1162232831191794
gyro_norm,65.61,1.0931063881508523
gyro_norm,65.663,0.5502654355039008
gyro_norm,65.695,0.696451732087131
gyro_norm,65.745,0.8206828379402757
gyro_norm,65.798,0.6558340756769792
gyro_norm,65.845,0.6611983763677117
gyro_norm,65.912,1.553437243231319
gyro_norm,65.954,0.7518143474347656
gyro_norm,66.011,0.6762213613640141
gyro_norm,66.044,0.4830568112965772
gyro_norm,66.093,0.05385777610930319
gyro_norm,66.143,0.32253598781607995
gyro_norm,66.193,0.36361054173216023
gyro_norm,66.243,0.28063374018981213
gyro_norm,66.292,0.20819548217546002
gyro_norm,66.342,0.16729223275116575
gyro_norm,66.392,0.5010252776822026
gyro_norm,66.447,0.39590563966269776
gyro_norm,66.492,0.6924301786251603
gyro_norm,66.541,0.5392376334048826
gyro_norm,66.591,0.6424642207513837
gyro_norm,66.654,0.45803721066398445
gyro_norm,66.69,0.367762199044891
gyro_norm,66.752,0.22377317254154983
gyro_norm,66.79,0.2305790967029656
gyro_norm,66.84,0.1538834183151415
gyro_norm,66.89,0.29828018015585345
gyro_norm,66.939,0.3557287435252366
gyro_norm,67.007,0.7224327564299651
gyro_norm,67.062,0.535466906656273
gyro_norm,67.106,0.5152716416479489
gyro_norm,67.139,0.5664628330954485
gyro_norm,67.188,0.34761394268647494
gyro_norm,67.238,0.22699335759181719
gyro_norm,67.288,0.14186285768610815
gyro_norm,67.337,0.0754893582037198
gyro_norm,67.387,0.133611765378713
gyro_norm,67.437,0.16449242567092273
gyro_norm,67.487,0.24048983070658805
gyro_norm,67.536,0.34943848334424393
gyro_norm,67.624,0.5631586002353103
gyro_norm,67.661,0.2033475787777151
gyro_norm,67.698,0.4763016015144281
gyro_norm,67.735,0.5979852249896416
gyro_norm,67.785,0.3895165613499297
gyro_norm,67.835,0.44393187828753683
gyro_norm,67.888,0.573828755230954
gyro_norm,67.942,0.209150873044677
gyro_norm,67.984,0.3645773983964193
gyro_norm,68.041,0.34478128768966276
gyro_norm,68.101,0.5340293794412333
gyro_norm,68.135,0.3565936949153244
gyro_norm,68.186,0.7876733658038162
gyro_norm,68.24,0.6609711781193082
gyro_norm,68.292,0.5705511495019691
gyro_norm,68.333,0.40058382463629894
gyro_norm,68.385,0.42919021469235424
gyro_norm,68.439,0.36281329423151787
gyro_norm,68.482,0.19094701106503978
gyro_norm,68.532,0.118561986960057
gyro_norm,68.581,0.11670942675356431
gyro_norm,68.631,0.2637029852499039
gyro_norm,68.681,0.4960760762364142
gyro_norm,68.745,0.7169242335810361
gyro_norm,68.78,0.1463179810619583
gyro_norm,68.837,0.15870410432242232
gyro_norm,68.88,0.6960334040928275
gyro_norm,68.938,0.5143773937718649
gyro_norm,69.004,0.39969573351877763
gyro_norm,69.036,0.28979115177770937
gyro_norm,69.079,0.2662526311100128
gyro_norm,69.129,0.14834429019651313
gyro_norm,69.196,0.13810446815764862
gyro_norm,69.228,0.07852572802292447
gyro_norm,69.278,0.11887979661965346
gyro_norm,69.328,0.10997859963816166
gyro_norm,69.377,0.2943359112877119
gyro_norm,69.427,0.6382459452233595
gyro_norm,69.477,0.4981739286097248
gyro_norm,69.527,0.643447352151131
gyro_norm,69.58,0.46569707460656057
gyro_norm,69.626,0.5320120254961043
gyro_norm,69.687,0.32279432437806965
gyro_norm,69.741,0.3460962180097907
gyro_norm,69.776,0.23709950777825892
gyro_norm,69.825,0.1463260158068705
gyro_norm,69.875,0.16654090050343623
gyro_norm,69.925,0.1406553258333476
gyro_norm,69.975,0.15952315095137148
gyro_norm,70.032,0.10397237738786817
gyro_norm,70.074,0.342423125236252
gyro_norm,70.132,0.5943472677079762
gyro_norm,70.174,0.5303784342035437
gyro_norm,70.231,0.40790782059028347
gyro_norm,70.277,0.2708254946206769
gyro_norm,70.325,0.6458085953845982
gyro_norm,70.378,0.6360120246986738
gyro_norm,70.426,0.7507786179300832
gyro_norm,70.49,0.6339727174777108
gyro_norm,70.529,0.43584307444810155
gyro_norm,70.574,0.13123844740279528
gyro_norm,70.629,0.342489872985309
gyro_norm,70.686,0.3086072778245797
gyro_norm,70.729,0.32935262597018244
gyro_norm,70.774,0.30729428837413697
gyro_norm,70.821,0.8655740641019173
gyro_norm,70.87,0.40804275217264635
gyro_norm,70.92,1.5339643421285805
gyro_norm,70.97,0.601802163693308
gyro_norm,71.019,0.272205232269799
gyro_norm,71.069,0.14374553996754824
gyro_norm,71.119,0.22712230935417121
gyro_norm,71.169,0.2525620134756864
gyro_norm,71.225,0.2689775326433382
gyro_norm,71.268,0.1526734595124975
gyro_norm,71.318,0.11332020309176129
gyro_norm,71.368,0.07446903659509242
gyro_norm,71.418,0.10480103261576297
gyro_norm,71.492,0.2685647124438628
gyro_norm,71.523,0.3011265638743499
gyro_norm,71.575,0.5672048666911771
gyro_norm,71.617,0.13436076979040806
gyro_norm,71.666,0.28206728445404994
gyro_norm,71.716,0.6003035911822528
gyro_norm,71.772,0.6426565914621089
gyro_norm,71.827,0.4904607793109984
gyro_norm,71.881,0.31414108515371947
gyro_norm,71.915,0.2609795616053577
gyro_norm,71.965,0.11967240656395735
gyro_norm,72.015,0.1535635608292669
gyro_norm,72.065,0.1894774619552711
gyro_norm,72.114,0.28580722058944213
gyro_norm,72.164,0.5535819436417784
gyro_norm,72.214,0.39503169159490015
gyro_norm,72.264,0.5401154753270528
gyro_norm,72.313,0.6926741332517926
gyro_norm,72.376,0.37105003309866624
gyro_norm,72.427,0.35427705311050894
gyro_norm,72.48,0.31843645177703594
gyro_norm,72.513,0.31143997044649985
gyro_norm,72.565,0.23530567476909603
gyro_norm,72.612,0.08976837581989806
gyro_norm,72.662,0.0907182190310757
gyro_norm,72.711,0.2323520225726965
gyro_norm,72.761,0.242270051971681
gyro_norm,72.811,0.35163961435050517
gyro_norm,72.87,0.5517332746339126
gyro_norm,72.91,0.5284204715724914
gyro_norm,72.96,0.42717019440076687
gyro_norm,73.01,0.3961218601114584
gyro_norm,73.06,0.48758831625484894
gyro_norm,73.109,0.3368889673559852
gyro_norm,73.164,0.7073181069029929
gyro_norm,73.224,0.7207758920155859
gyro_norm,73.259,0.3891058521968017
gyro_norm,73.311,0.08238109575773704
gyro_norm,73.358,0.10346550888618716
gyro_norm,73.408,0.20661935438319828
gyro_norm,73.461,0.28893431740389885
gyro_norm,73.511,0.44176121628871845
gyro_norm,73.557,0.2647818546342893
gyro_norm,73.607,0.7347696681958575
gyro_norm,73.659,1.0598730403334673
gyro_norm,73.714,0.328822548729806
gyro_norm,73.756,0.43084898824555967
gyro_norm,73.806,0.24488484508770236
gyro_norm,73.856,0.24952263323917953
gyro_norm,73.909,0.5073138424936603
gyro_norm,73.959,0.252504304245772
gyro_norm,74.005,0.2365196157832027
gyro_norm,74.055,0.23556759611671377
gyro_norm,74.118,0.20368017771390504
gyro_norm,74.155,0.36198557525890523
gyro_norm,74.206,0.5939109053655856
gyro_norm,74.254,0.7515585571947137
gyro_norm,74.304,0.5701068375712801
gyro_norm,74.354,0.5443689917298044
gyro_norm,74.404,0.3279430540965957
gyro_norm,74.453,0.3907976364162281
gyro_norm,74.503,0.6362236781676078
gyro_norm,74.556,0.9203389230825086
gyro_norm,74.611,0.7482767241727966
gyro_norm,74.652,0.33662894723433967
gyro_norm,74.702,0.15946232270999006
gyro_norm,74.752,0.1542163279405857
gyro_norm,74.801,0.38079355794067177
gyro_norm,74.854,0.4297083338366784
gyro_norm,74.901,0.7249182423319196
gyro_norm,74.963,0.548191806237833
gyro_norm,75.0,0.5552542912879499
gyro_norm,75.05,0.12921344502954396
gyro_norm,75.103,0.28327905397940845
gyro_norm,75.15,0.20729412701870711
gyro_norm,75.199,0.4438354517125095
gyro_norm,75.249,0.6053269082213218
gyro_norm,75.299,0.5405136413734732
gyro_norm,75.391,0.5737410448091529
gyro_norm,75.42,0.548399233509385
gyro_norm,75.452,0.5127122042369558
gyro_norm,75.498,0.32616841094506577
gyro_norm,75.55,0.5877965661686122
gyro_norm,75.597,0.6176058702059404
gyro_norm,75.655,0.31538647833444977
gyro_norm,75.697,0.24501115366405274
gyro_norm,75.747,0.881722533487837
gyro_norm,75.796,0.660177197397546
gyro_norm,75.85,0.3757129615380782
gyro_norm,75.896,0.3920212394773481
gyro_norm,75.946,0.43236416502051134
gyro_norm,75.995,0.1878414840394163
gyro_norm,76.046,0.2863280737290598
gyro_norm,76.095,0.17615182455960088
gyro_norm,76.145,0.2706328477594494
gyro_norm,76.195,0.4119914083184646
gyro_norm,76.245,0.5314588202404353
gyro_norm,76.299,0.5656668467486
gyro_norm,76.344,0.5789506414187212
gyro_norm,76.394,0.5787394827882084
gyro_norm,76.443,0.08660354791747692
gyro_norm,76.493,0.2491637875976968
gyro_norm,76.543,0.35313653309483883
gyro_norm,76.593,0.5403577558796606
gyro_norm,76.642,0.6784159169415556
gyro_norm,76.692,0.7156305858540217
gyro_norm,76.746,0.9146772008192352
gyro_norm,76.792,1.0141237393107791
gyro_norm,76.842,1.1742630732973411
gyro_norm,76.891,1.4477588675269746
gyro_norm,76.963,1.6395392230975179
gyro_norm,76.996,1.3918823599712151
gyro_norm,77.054,1.6967316812834046
gyro_norm,77.108,1.110766932175991
gyro_norm,77.161,1.080639014411434
gyro_norm,77.216,1.000661455698982
gyro_norm,77.243,1.1824348255942225
gyro_norm,77.296,1.0148185452327059
gyro_norm,77.357,0.7754797870317314
gyro_norm,77.397,0.787548667818069
gyro_norm,77.443,0.7900582575966795
gyro_norm,77.498,0.7164787570855959
gyro_norm,77.538,0.7475662494720582
gyro_norm,77.596,0.7402386837880878
gyro_norm,77.653,0.6815500879100208
gyro_norm,77.687,0.48683627112588057
gyro_norm,77.737,0.3868267570074217
gyro_norm,77.787,0.36092027942312427
gyro_norm,77.837,0.27617384166820574
gyro_norm,77.886,0.2953138047379469
gyro_norm,77.936,0.1381697520649128
gyro_norm,77.986,0.1347537662220543
gyro_norm,78.036,0.1832349158309639
gyro_norm,78.085,0.17766282778330947
gyro_norm,78.135,0.2354808540605629
gyro_norm,78.185,0.20804971349923934
gyro_norm,78.241,0.1898392022546653
gyro_norm,78.285,0.24101961455653642
gyro_norm,78.334,0.22462402651783675
gyro_norm,78.389,0.2882293744026052
gyro_norm,78.434,0.31472506698510794
gyro_norm,78.484,0.33600220371489886
gyro_norm,78.534,0.35310265674930824
gyro_norm,78.609,0.3790100866940758
gyro_norm,78.651,0.33842467040449686
gyro_norm,78.686,0.3250285131622572
gyro_norm,78.75,0.3561377765591083
gyro_norm,78.782,0.33101744661472216
gyro_norm,78.835,0.34905713314361153
gyro_norm,78.89,0.3261153841982223
gyro_norm,78.934,0.46155199062995916
gyro_norm,78.981,0.307034829712371
gyro_norm,79.031,0.12626791693100473
gyro_norm,79.081,0.11733592144695076
gyro_norm,79.13,0.18727061896396724
gyro_norm,79.185,0.25068907590464873
gyro_norm,79.23,0.24139164336706276
gyro_norm,79.28,0.22293915641074122
gyro_norm,79.329,0.16783940738214911
gyro_norm,79.379,0.12316117645423386
gyro_norm,79.429,0.1208227872190858
gyro_norm,79.494,0.10086825512849272
gyro_norm,79.529,0.10883703552207996
gyro_norm,79.578,0.006694266866553927
gyro_norm,79.628,0.05248161683586864
gyro_norm,79.678,0.026363924157424022
gyro_norm,79.728,0.05506240405988891
gyro_norm,79.778,0.02345714551127362
gyro_norm,79.827,0.011984985212226029
gyro_norm,79.877,0.020747930349806244
gyro_norm,79.927,0.06672284963631549
gyro_norm,79.982,0.04957559867950129
gyro_norm,80.026,0.047071582180419395
gyro_norm,80.076,0.016866754977983837
gyro_norm,80.126,0.045203071093599854
gyro_norm,80.175,0.04706485576317801
gyro_norm,80.225,0.015420066662623185
gyro_norm,80.275,0.03534364122136851
gyro_norm,80.325,0.04585390540080458
gyro_norm,80.375,0.0516708740650913
gyro_norm,80.424,0.045353424496881525
gyro_norm,80.505,0.08737496981190819
gyro_norm,80.524,0.06313928341502491
gyro_norm,80.573,0.12575517161772726
