sensor,time_s,value
dynamic_accel,0.044,0.3122082499590473
dynamic_accel,0.094,0.527007324374404
dynamic_accel,0.144,-0.02224135805203531
dynamic_accel,0.194,-0.14093277736304444
dynamic_accel,0.244,-0.1991757412425983
dynamic_accel,0.294,-0.30365231635204104
dynamic_accel,0.344,-0.13950865218230746
dynamic_accel,0.394,0.1404425702779637
dynamic_accel,0.444,-0.06422762064429399
dynamic_accel,0.494,0.040692197211791736
dynamic_accel,0.544,-0.14602576612961116
dynamic_accel,0.594,-0.18715144945457496
dynamic_accel,0.644,0.16899893630939467
dynamic_accel,0.694,0.06199884679688594
dynamic_accel,0.744,-0.4513787774356288
dynamic_accel,0.794,-0.30216916440001995
dynamic_accel,0.844,-0.23996452175346583
dynamic_accel,0.894,-0.5506842817648927
dynamic_accel,0.944,-0.375309102948723
dynamic_accel,0.994,-0.11434476075536182
dynamic_accel,1.044,0.7949903287947855
dynamic_accel,1.094,1.622579350594398
dynamic_accel,1.144,1.4807033890462051
dynamic_accel,1.194,0.9991725635046791
dynamic_accel,1.244,0.8890053669708635
dynamic_accel,1.294,1.1618341153729652
dynamic_accel,1.344,-1.175866823373477
dynamic_accel,1.394,-1.729744750549779
dynamic_accel,1.444,-1.5739055564553315
dynamic_accel,1.494,-0.9797077593045298
dynamic_accel,1.544,-1.3665152753602587
dynamic_accel,1.594,-0.6499803924419485
dynamic_accel,1.644,0.06435189319561196
dynamic_accel,1.694,0.16879239355238695
dynamic_accel,1.744,0.23768788376800387
dynamic_accel,1.794,0.3118721737964716
dynamic_accel,1.844,0.15045012293865057
dynamic_accel,1.894,0.5471509243859085
dynamic_accel,1.944,1.5076142863594768
dynamic_accel,1.994,1.680653995203551
dynamic_accel,2.044,1.854199630581114
dynamic_accel,2.094,0.8034472123493508
dynamic_accel,2.144,-1.1478998199152013
dynamic_accel,2.194,-2.3449624954170307
dynamic_accel,2.244,-2.1585926133931483
dynamic_accel,2.294,-1.883359250090777
dynamic_accel,2.344,-0.9443628331314748
dynamic_accel,2.394,0.13819477602637065
dynamic_accel,2.444,0.5737328915914279
dynamic_accel,2.494,1.3211414986703076
dynamic_accel,2.544,2.3426578075872317
dynamic_accel,2.594,2.0451739198212735
dynamic_accel,2.644,1.7948240413521095
dynamic_accel,2.694,1.3960732248622314
dynamic_accel,2.744,-0.948280717146659
dynamic_accel,2.794,-2.2929275326073437
dynamic_accel,2.844,-2.2661039716036004
dynamic_accel,2.894,-2.225755597498095
dynamic_accel,2.944,-2.0237655933507774
dynamic_accel,2.994,-1.3175862943981276
dynamic_accel,3.044,-0.2047947553747953
dynamic_accel,3.094,1.2873182872534343
dynamic_accel,3.144,2.70453805163117
dynamic_accel,3.194,3.206320479962228
dynamic_accel,3.244,2.2694356070535022
dynamic_accel,3.294,1.5147486166968864
dynamic_accel,3.344,0.4474291855054595
dynamic_accel,3.394,-1.4208162085271159
dynamic_accel,3.444,-3.205971746526764
dynamic_accel,3.494,-3.77078911907126
dynamic_accel,3.544,-2.6038823127101827
dynamic_accel,3.594,-0.7895654248096857
dynamic_accel,3.644,0.572743946178754
dynamic_accel,3.694,1.6543605300441104
dynamic_accel,3.744,2.7942371837432454
dynamic_accel,3.794,2.9737607515923745
dynamic_accel,3.844,2.835101670791861
dynamic_accel,3.894,0.9791006592334508
dynamic_accel,3.944,-0.9986141474105104
dynamic_accel,3.994,-2.0964700974058132
dynamic_accel,4.044,-2.9274076242596374
dynamic_accel,4.094,-2.8262434054036474
dynamic_accel,4.144,-1.3622244021490957
dynamic_accel,4.194,-0.17711869560915616
dynamic_accel,4.244,0.6517113736112599
dynamic_accel,4.294,1.2994487429883659
dynamic_accel,4.344,2.338793375760284
dynamic_accel,4.394,2.28382249836797
dynamic_accel,4.444,2.1828271786106406
dynamic_accel,4.494,1.4314073498224094
dynamic_accel,4.544,-0.1474805747385055
dynamic_accel,4.594,-2.496213189069395
dynamic_accel,4.644,-3.48415628726623
dynamic_accel,4.694,-2.5519448103086937
dynamic_accel,4.744,-1.5168416023475633
dynamic_accel,4.794,-0.2949664890922872
dynamic_accel,4.844,0.6777524536629294
dynamic_accel,4.894,1.7640793746042398
dynamic_accel,4.944,2.926559432001074
dynamic_accel,4.994,1.3366826857346101
dynamic_accel,5.044,2.811586482906277
dynamic_accel,5.094,0.08379702132112499
dynamic_accel,5.144,-0.954522062057416
dynamic_accel,5.194,-2.185122074156876
dynamic_accel,5.244,-2.903483362003347
dynamic_accel,5.294,-2.0975768640640045
dynamic_accel,5.344,-1.0161425318070627
dynamic_accel,5.394,0.1464119944703075
dynamic_accel,5.444,0.8069506858857114
dynamic_accel,5.494,1.8869636805632997
dynamic_accel,5.544,1.879343413821145
dynamic_accel,5.594,2.9397905197956806
dynamic_accel,5.644,1.5721728804849437
dynamic_accel,5.694,0.4948991759681771
dynamic_accel,5.744,-1.801445687755912
dynamic_accel,5.794,-2.7156429559512834
dynamic_accel,5.844,-2.807308072811873
dynamic_accel,5.894,-1.6724581648358274
dynamic_accel,5.944,-1.5045166210663101
dynamic_accel,5.994,0.2600239412067076
dynamic_accel,6.044,1.587563310357357
dynamic_accel,6.094,2.2940304457256335
dynamic_accel,6.144,1.9014065191841478
dynamic_accel,6.194,2.3244835799623242
dynamic_accel,6.244,0.5579926754052007
dynamic_accel,6.294,-0.7065276953239952
dynamic_accel,6.344,-0.28601709716589063
dynamic_accel,6.394,-1.2537587152907435
dynamic_accel,6.444,-1.9655151884168482
dynamic_accel,6.494,-1.161935377834597
dynamic_accel,6.544,-0.5048657292515824
dynamic_accel,6.594,0.14360142594981617
dynamic_accel,6.644,0.5825474777013646
dynamic_accel,6.694,0.39633854269707314
dynamic_accel,6.744,0.8845167574970993
dynamic_accel,6.794,0.5602347850839529
dynamic_accel,6.844,1.9412074507446402
dynamic_accel,6.894,-1.1316151351774586
dynamic_accel,6.944,-1.135446431243924
dynamic_accel,6.994,-0.20548089056702956
dynamic_accel,7.044,-0.35666370939807557
dynamic_accel,7.094,0.08223807498434788
dynamic_accel,7.144,0.28469593309431396
dynamic_accel,7.194,-0.016337155553552307
dynamic_accel,7.244,-0.03452478714642915
dynamic_accel,7.294,0.11235075410738027
dynamic_accel,7.344,0.0034316838628178914
dynamic_accel,7.394,-0.2749121423275689
dynamic_accel,7.444,0.001432549963924501
dynamic_accel,7.494,0.2896472732677573
dynamic_accel,7.544,0.027829280154204383
dynamic_accel,7.594,-0.08209926251907973
dynamic_accel,7.644,-0.17610822616731525
dynamic_accel,7.694,0.27912581203226416
dynamic_accel,7.744,0.03349047908596958
dynamic_accel,7.794,-0.12664107311525008
dynamic_accel,7.844,-0.04744393714091899
dynamic_accel,7.894,0.08026828163635358
dynamic_accel,7.944,0.15815152236079122
dynamic_accel,7.994,0.007520358597300714
dynamic_accel,8.044,0.044562618529770504
dynamic_accel,8.094,-0.3064559062699601
dynamic_accel,8.144,-7.536706185184983e-05
dynamic_accel,8.194,-0.15339023272374597
dynamic_accel,8.244,0.009223348572849233
dynamic_accel,8.294,0.2820981977038066
dynamic_accel,8.344,0.03910876746406977
dynamic_accel,8.394,0.00750341689187195
dynamic_accel,8.444,-0.24597571043207367
dynamic_accel,8.494,-0.11130669432795592
dynamic_accel,8.544,0.10566831392414677
dynamic_accel,8.594,0.17235156273500962
dynamic_accel,8.644,-0.02861289804452305
dynamic_accel,8.694,-0.03682308414520996
dynamic_accel,8.744,-0.12344398743732654
dynamic_accel,8.794,0.1827760413944688
dynamic_accel,8.844,0.1573131081650292
dynamic_accel,8.894,0.09977688873505386
dynamic_accel,8.944,-0.21590738576138868
dynamic_accel,8.994,-0.2284322121370952
dynamic_accel,9.044,-0.0580952819827516
dynamic_accel,9.094,0.25671253374642866
dynamic_accel,9.144,0.0452302687866144
dynamic_accel,9.194,-0.09013822046575548
dynamic_accel,9.244,-0.010028273128487086
dynamic_accel,9.294,0.04847696697740744
dynamic_accel,9.344,0.01080620315734393
dynamic_accel,9.394,-0.07496556207625282
dynamic_accel,9.444,-0.03820241300335958
dynamic_accel,9.494,-0.057246440405508636
dynamic_accel,9.544,0.24465635312120604
dynamic_accel,9.594,0.06729466914291571
dynamic_accel,9.644,-0.11454448369522652
dynamic_accel,9.694,-0.17364130381603893
dynamic_accel,9.744,-0.4303768580006686
dynamic_accel,9.794,-0.30185388773841026
dynamic_accel,9.844,-0.4614721030204354
dynamic_accel,9.894,-0.47177248508668157
dynamic_accel,9.944,-0.25728805260246546
dynamic_accel,9.994,0.18275787381653075
dynamic_accel,10.044,0.521477055074083
dynamic_accel,10.094,1.6130993936289109
dynamic_accel,10.144,1.933852933003653
dynamic_accel,10.194,1.2567098617244525
dynamic_accel,10.244,1.342196312563587
dynamic_accel,10.294,-0.5798237316948818
dynamic_accel,10.344,-1.3696996073014294
dynamic_accel,10.394,-1.9428996708422979
dynamic_accel,10.444,-2.7629153567084597
dynamic_accel,10.494,-2.416802799992384
dynamic_accel,10.544,-1.5009848073062315
dynamic_accel,10.594,0.3075587478825774
dynamic_accel,10.644,1.0498556910019303
dynamic_accel,10.694,1.813922533173928
dynamic_accel,10.744,2.851000911138362
dynamic_accel,10.794,3.769283194023645
dynamic_accel,10.844,3.2277434013819466
dynamic_accel,10.894,0.7892124160325338
dynamic_accel,10.944,-1.4968085692037878
dynamic_accel,10.994,-2.7301276698740766
dynamic_accel,11.044,-4.368377170927933
dynamic_accel,11.094,-3.701570319252732
dynamic_accel,11.144,-2.7879994811980415
dynamic_accel,11.194,-1.1684892129250208
dynamic_accel,11.244,0.9900993418701027
dynamic_accel,11.294,2.9322720453452273
dynamic_accel,11.344,3.0438507869606664
dynamic_accel,11.394,3.712211311333297
dynamic_accel,11.444,3.073629630584996
dynamic_accel,11.494,1.3167420878447764
dynamic_accel,11.544,-1.0523670452427218
dynamic_accel,11.594,-1.6024007733000012
dynamic_accel,11.644,-2.7522044261733836
dynamic_accel,11.694,-3.5759860802570715
dynamic_accel,11.744,-2.6745238314195596
dynamic_accel,11.794,-0.7395446098196192
dynamic_accel,11.844,1.2050168257162035
dynamic_accel,11.894,1.6718355873736908
dynamic_accel,11.944,2.005837374542091
dynamic_accel,11.994,2.3513546950505315
dynamic_accel,12.044,1.7637971880809378
dynamic_accel,12.094,1.553031452241589
dynamic_accel,12.144,0.2178167839283187
dynamic_accel,12.194,-2.4218302365872546
dynamic_accel,12.244,-4.504853952366777
dynamic_accel,12.294,-4.158296668331548
dynamic_accel,12.344,-1.5915707583906862
dynamic_accel,12.394,1.743141385983213
dynamic_accel,12.444,3.4076464100952997
dynamic_accel,12.494,3.4544272661322584
dynamic_accel,12.544,2.56380361666924
dynamic_accel,12.594,1.3916204393129465
dynamic_accel,12.644,0.43542507988215995
dynamic_accel,12.694,-0.3718282299454785
dynamic_accel,12.744,-2.1671993136080907
dynamic_accel,12.794,-2.754049892118452
dynamic_accel,12.844,-3.4666314635376265
dynamic_accel,12.894,-2.71520898023622
dynamic_accel,12.944,-0.9213891527131501
dynamic_accel,12.994,1.0125190828210204
dynamic_accel,13.044,2.0159573854464092
dynamic_accel,13.094,3.3206774497863982
dynamic_accel,13.144,3.7399497650771547
dynamic_accel,13.194,2.174210822486362
dynamic_accel,13.244,1.0054120933848516
dynamic_accel,13.294,0.2565863370828261
dynamic_accel,13.344,-1.792329797351389
dynamic_accel,13.394,-3.733571312602157
dynamic_accel,13.444,-3.916201344660724
dynamic_accel,13.494,-2.7949471725097146
dynamic_accel,13.544,-0.9827078362507375
dynamic_accel,13.594,0.8746761437988564
dynamic_accel,13.644,1.9811671151300043
dynamic_accel,13.694,2.6147144283782016
dynamic_accel,13.744,2.8983974114292366
dynamic_accel,13.794,2.3933935628897682
dynamic_accel,13.844,1.0940667831656086
dynamic_accel,13.894,-0.8516777111391196
dynamic_accel,13.944,-1.7076647153986073
dynamic_accel,13.994,-1.6810354509505991
dynamic_accel,14.044,-2.023036991159728
dynamic_accel,14.094,-1.7636374666402546
dynamic_accel,14.144,-0.8937470444050835
dynamic_accel,14.194,-0.28892764690797
dynamic_accel,14.244,0.3115230860268241
dynamic_accel,14.294,1.572155346319839
dynamic_accel,14.344,1.9342517378474433
dynamic_accel,14.394,1.9951784330040514
dynamic_accel,14.444,1.5829464544530119
dynamic_accel,14.494,0.4189839903871082
dynamic_accel,14.544,-0.7278139937860502
dynamic_accel,14.594,-1.7446353833150905
dynamic_accel,14.644,-1.875305343249762
dynamic_accel,14.694,-1.293750854181427
dynamic_accel,14.744,-0.4074645527516978
dynamic_accel,14.794,0.031979722357611706
dynamic_accel,14.844,0.4436328316782152
dynamic_accel,14.894,0.7783862230589769
dynamic_accel,14.944,0.9405032298202531
dynamic_accel,14.994,0.5405799187825231
dynamic_accel,15.044,0.5149181630991375
dynamic_accel,15.094,0.44632211348239714
dynamic_accel,15.144,-0.4283723211698902
dynamic_accel,15.194,-0.6717290324487717
dynamic_accel,15.244,-0.6186261011996468
dynamic_accel,15.294,-0.518904958234689
dynamic_accel,15.344,-0.12297748385020313
dynamic_accel,15.394,0.1787714495939845
dynamic_accel,15.444,0.1387124583014323
dynamic_accel,15.494,0.3179951963998775
dynamic_accel,15.544,0.2564742006576104
dynamic_accel,15.594,0.0039162927048668195
dynamic_accel,15.644,0.16617316093674006
dynamic_accel,15.694,0.3089878710811984
dynamic_accel,15.744,-0.11071767850366498
dynamic_accel,15.794,-0.31573240415186454
dynamic_accel,15.844,-0.11881976389155113
dynamic_accel,15.894,-0.23274161845213648
dynamic_accel,15.944,-0.11013423436579828
dynamic_accel,15.994,0.13396491286526313
dynamic_accel,16.044,-0.008500344947188765
dynamic_accel,16.094,-0.027905945813722965
dynamic_accel,16.144,-0.10308669797501935
dynamic_accel,16.194,0.04432963115917232
dynamic_accel,16.244,0.14860918434020398
dynamic_accel,16.294,0.1966020758999214
dynamic_accel,16.344,0.05165058969760672
dynamic_accel,16.394,-0.10844892044306498
dynamic_accel,16.444,-0.06397435548788621
dynamic_accel,16.494,0.09129349148298793
dynamic_accel,16.544,-0.006185465128881518
dynamic_accel,16.594,-0.10026615515047155
dynamic_accel,16.644,0.05929604032782443
dynamic_accel,16.694,0.037844985614270854
dynamic_accel,16.744,0.03905652423677353
dynamic_accel,16.794,0.06532598324423766
dynamic_accel,16.844,-0.09200365137880695
dynamic_accel,16.894,-0.09157700781474176
dynamic_accel,16.944,-0.10942138774322707
dynamic_accel,16.994,-0.020995128153820986
dynamic_accel,17.044,0.11233059178254834
dynamic_accel,17.094,-0.06842130038124239
dynamic_accel,17.144,0.17603981927936374
dynamic_accel,17.194,-0.031290703266389386
dynamic_accel,17.244,-0.023225485600704587
dynamic_accel,17.294,-0.008711688833871634
dynamic_accel,17.344,-0.05273471231204496
dynamic_accel,17.394,0.01148008502458353
dynamic_accel,17.444,0.019680334027221136
dynamic_accel,17.494,-0.07476465892731099
dynamic_accel,17.544,-0.07597018428029045
dynamic_accel,17.594,0.0330742465145768
dynamic_accel,17.644,0.2381429151101102
dynamic_accel,17.694,0.021691172746951537
dynamic_accel,17.744,0.15541925656538957
dynamic_accel,17.794,-0.059719461850662015
dynamic_accel,17.844,-0.02672346785393742
dynamic_accel,17.894,-0.0640510605552489
dynamic_accel,17.944,0.22936394339087585
dynamic_accel,17.994,-0.24586148861983936
dynamic_accel,18.044,-0.22279161760974908
dynamic_accel,18.094,-0.47522702876037926
dynamic_accel,18.144,-0.3137540160389669
dynamic_accel,18.194,-0.12619408392262876
dynamic_accel,18.244,-0.5508714277137443
dynamic_accel,18.294,-0.19483060007334174
dynamic_accel,18.344,-0.27573992877467823
dynamic_accel,18.394,0.3249744207746108
dynamic_accel,18.444,1.5915781029700256
dynamic_accel,18.494,1.9499405757651047
dynamic_accel,18.544,-0.08814514531226791
dynamic_accel,18.594,0.5384851729187119
dynamic_accel,18.644,0.7663110751067581
dynamic_accel,18.694,-0.0036548258055013605
dynamic_accel,18.744,-1.2790276324242296
dynamic_accel,18.794,-1.9681823740599071
dynamic_accel,18.844,-1.5495481352346516
dynamic_accel,18.894,-0.9286708365920706
dynamic_accel,18.944,-0.05497095243129202
dynamic_accel,18.994,0.2359851172826417
dynamic_accel,19.044,0.5128334150948657
dynamic_accel,19.094,0.705107147741824
dynamic_accel,19.144,1.132667574393821
dynamic_accel,19.194,1.4316280432553121
dynamic_accel,19.244,0.31139996710312445
dynamic_accel,19.294,3.0458048085410923
dynamic_accel,19.344,-1.1210959225357993
dynamic_accel,19.394,-1.7795925656895832
dynamic_accel,19.444,-0.6421996035694129
dynamic_accel,19.494,-1.0701358767691147
dynamic_accel,19.544,-1.3935823071730873
dynamic_accel,19.594,-1.0114861348082318
dynamic_accel,19.644,-0.5512053209298085
dynamic_accel,19.694,0.054802151265411325
dynamic_accel,19.744,0.434685237000604
dynamic_accel,19.794,0.5485654205026549
dynamic_accel,19.844,0.9919914973941601
dynamic_accel,19.894,1.3676052016695142
dynamic_accel,19.944,1.4395329541026172
dynamic_accel,19.994,1.3344960977210807
dynamic_accel,20.044,0.24309174103655096
dynamic_accel,20.094,-1.1987952553934935
dynamic_accel,20.144,-1.153238483642708
dynamic_accel,20.194,-1.2405841358269623
dynamic_accel,20.244,-0.7791653208027594
dynamic_accel,20.294,-0.17725785916635672
dynamic_accel,20.344,0.31133506028173485
dynamic_accel,20.394,0.04003739775610704
dynamic_accel,20.444,0.4200280922818145
dynamic_accel,20.494,0.35237553342284045
dynamic_accel,20.544,0.1597524410351987
dynamic_accel,20.594,0.005731460422033763
dynamic_accel,20.644,0.04130603660677856
dynamic_accel,20.694,-0.31725279841603893
dynamic_accel,20.744,-0.335713341118689
dynamic_accel,20.794,-0.10220539350738811
dynamic_accel,20.844,0.05836279786542953
dynamic_accel,20.894,0.008011323919102864
dynamic_accel,20.944,0.14869009385323828
dynamic_accel,20.994,0.10833699877716718
dynamic_accel,21.044,0.2323468085303393
dynamic_accel,21.094,0.037379397053838304
dynamic_accel,21.144,-0.008265600667376916
dynamic_accel,21.194,0.0453943308161886
dynamic_accel,21.244,-0.1003473736220144
dynamic_accel,21.294,0.0623120961093484
dynamic_accel,21.344,0.05471935730983546
dynamic_accel,21.394,0.019417525755025977
dynamic_accel,21.444,-0.05202432661414491
dynamic_accel,21.494,-0.08296452890114381
dynamic_accel,21.544,-0.09062202546889964
dynamic_accel,21.594,-0.05162642946986473
dynamic_accel,21.644,-0.012145693618620612
dynamic_accel,21.694,-0.011327126414114375
dynamic_accel,21.744,-0.006678032670393463
dynamic_accel,21.794,0.02766755280147848
dynamic_accel,21.844,0.05064302164011636
dynamic_accel,21.894,0.06543425678398584
dynamic_accel,21.944,0.0016735966139052039
dynamic_accel,21.994,0.19317856707568382
dynamic_accel,22.044,-0.021275387533471246
dynamic_accel,22.094,-0.07642021595899706
dynamic_accel,22.144,0.05590651151046622
dynamic_accel,22.194,0.02818837148308262
dynamic_accel,22.244,-0.03891067357714739
dynamic_accel,22.294,0.0372182526292999
dynamic_accel,22.344,-0.03469393122840181
dynamic_accel,22.394,-0.12502814732815715
dynamic_accel,22.444,0.016037047042781083
dynamic_accel,22.494,0.05088469950105434
dynamic_accel,22.544,0.029449924691450136
dynamic_accel,22.594,-0.006768696513047345
dynamic_accel,22.644,-0.18592398569362345
dynamic_accel,22.694,-0.3391706680721125
dynamic_accel,22.744,0.10182553388209037
dynamic_accel,22.794,0.37668210954216974
dynamic_accel,22.844,-0.4813595671384743
dynamic_accel,22.894,-0.7166685731714644
dynamic_accel,22.944,-0.24028217392562468
dynamic_accel,22.994,-0.19768119025598097
dynamic_accel,23.044,-0.25167673796646817
dynamic_accel,23.094,-0.17851596997013708
dynamic_accel,23.144,0.13605835270237776
dynamic_accel,23.194,1.001709962293031
dynamic_accel,23.244,1.8069157302788472
dynamic_accel,23.294,1.3112899102153897
dynamic_accel,23.344,0.5424125303479048
dynamic_accel,23.394,0.5645106183614352
dynamic_accel,23.444,0.7516033980014551
dynamic_accel,23.494,-0.3453268250764978
dynamic_accel,23.544,-2.9527679191049074
dynamic_accel,23.594,-3.095054029165744
dynamic_accel,23.644,-1.4247042699511496
dynamic_accel,23.694,-0.12112754326891562
dynamic_accel,23.744,0.14914193028210754
dynamic_accel,23.794,0.3893271537779093
dynamic_accel,23.844,1.2131864446322513
dynamic_accel,23.894,2.3117657502183473
dynamic_accel,23.944,2.402444095312182
dynamic_accel,23.994,1.962211255748807
dynamic_accel,24.044,0.5884449860409955
dynamic_accel,24.094,-1.1336228102776857
dynamic_accel,24.144,-1.7912151975053092
dynamic_accel,24.194,-2.3037553503385464
dynamic_accel,24.244,-2.378293498045287
dynamic_accel,24.294,-1.5617163424391247
dynamic_accel,24.344,-0.5310901583248224
dynamic_accel,24.394,0.2839919168477625
dynamic_accel,24.444,0.9507455163108691
dynamic_accel,24.494,1.873904465041626
dynamic_accel,24.544,2.008900920408921
dynamic_accel,24.594,2.532995451386588
dynamic_accel,24.644,2.1085673846327797
dynamic_accel,24.694,0.845129708114051
dynamic_accel,24.744,-1.132746987512256
dynamic_accel,24.794,-3.192241639197386
dynamic_accel,24.844,-3.391098105194505
dynamic_accel,24.894,-2.294872463800875
dynamic_accel,24.944,-0.9840673885475049
dynamic_accel,24.994,-0.07746209127888193
dynamic_accel,25.044,0.9644907702192427
dynamic_accel,25.094,2.0551934448466547
dynamic_accel,25.144,2.503805988768079
dynamic_accel,25.194,2.868111721921368
dynamic_accel,25.244,1.6592070530155993
dynamic_accel,25.294,-0.30202469591262293
dynamic_accel,25.344,-1.2754848655896982
dynamic_accel,25.394,-2.274866882753927
dynamic_accel,25.444,-2.659115083104333
dynamic_accel,25.494,-1.8190336163751546
dynamic_accel,25.544,-0.7404899692912021
dynamic_accel,25.594,0.1702801644334464
dynamic_accel,25.644,0.5985553179346699
dynamic_accel,25.694,1.095337931602696
dynamic_accel,25.744,1.884204129110529
dynamic_accel,25.794,1.8141197743992201
dynamic_accel,25.844,1.6714830505704477
dynamic_accel,25.894,0.17446278660261605
dynamic_accel,25.944,-0.048825220622555676
dynamic_accel,25.994,-0.6289719057977301
dynamic_accel,26.044,-1.9804709161914271
dynamic_accel,26.094,-2.106443388189245
dynamic_accel,26.144,-0.5527565092492441
dynamic_accel,26.194,0.2468499024335351
dynamic_accel,26.244,0.28197848312676577
dynamic_accel,26.294,0.10212721914732903
dynamic_accel,26.344,0.3325951664706661
dynamic_accel,26.394,0.6778415385653691
dynamic_accel,26.444,0.8755676363026055
dynamic_accel,26.494,-0.3219071793631727
dynamic_accel,26.544,0.6300472971753539
dynamic_accel,26.594,-0.10256192554625976
dynamic_accel,26.644,-0.7255247865042627
dynamic_accel,26.694,0.12887577448672793
dynamic_accel,26.744,-0.4484077779690203
dynamic_accel,26.794,-0.5357413968483122
dynamic_accel,26.844,0.09269049379071426
dynamic_accel,26.894,0.4933614574334442
dynamic_accel,26.944,0.5412699270389645
dynamic_accel,26.994,0.21493808460355623
dynamic_accel,27.044,0.015919926651113414
dynamic_accel,27.094,-0.08372816745295886
dynamic_accel,27.144,0.0009480768231657777
dynamic_accel,27.194,-0.09031190653294985
dynamic_accel,27.244,-0.2158751317898524
dynamic_accel,27.294,-0.27418209467652055
dynamic_accel,27.344,-0.3568364286067389
dynamic_accel,27.394,-0.24403420519746888
dynamic_accel,27.444,0.018531105627488387
dynamic_accel,27.494,0.40555387487830785
dynamic_accel,27.544,0.259177521385217
dynamic_accel,27.594,0.2423178277451612
dynamic_accel,27.644,0.013198959368112995
dynamic_accel,27.694,-0.011414056922518512
dynamic_accel,27.744,-0.05969219558015304
dynamic_accel,27.794,-0.05220714892491962
dynamic_accel,27.844,-0.3734960683098514
dynamic_accel,27.894,-0.24529155415597437
dynamic_accel,27.944,0.3547045588541664
dynamic_accel,27.994,0.16795072638104003
dynamic_accel,28.044,0.031134720518890546
dynamic_accel,28.094,-0.11087116545782827
dynamic_accel,28.144,0.04773842721396626
dynamic_accel,28.194,0.14986584539152226
dynamic_accel,28.244,0.13594813590317223
dynamic_accel,28.294,-0.041095177225633606
dynamic_accel,28.344,-0.12546624741319157
dynamic_accel,28.394,0.04506568367456687
dynamic_accel,28.444,0.06940752025582775
dynamic_accel,28.494,-0.0600688734370447
dynamic_accel,28.544,-0.6259443392042456
dynamic_accel,28.594,-0.9178068506097006
dynamic_accel,28.644,0.004861005864889023
dynamic_accel,28.694,0.655416825853532
dynamic_accel,28.744,1.6653018382270588
dynamic_accel,28.794,-0.25328343627747074
dynamic_accel,28.844,-0.9257529134482461
dynamic_accel,28.894,-0.5436664905642488
dynamic_accel,28.944,-0.14214657564218314
dynamic_accel,28.994,0.70965823321397
dynamic_accel,29.044,0.9225341139348693
dynamic_accel,29.094,0.9309924504268423
dynamic_accel,29.144,-0.020102874354572364
dynamic_accel,29.194,-0.5699843150709416
dynamic_accel,29.244,-0.7718067617218143
dynamic_accel,29.294,-0.43228247682974974
dynamic_accel,29.344,-0.5912631722785324
dynamic_accel,29.394,-0.24300910766084094
dynamic_accel,29.444,0.2764774967086865
dynamic_accel,29.494,0.27171284998957645
dynamic_accel,29.544,-0.058299474659675
dynamic_accel,29.594,-0.5815778020393942
dynamic_accel,29.644,-0.7041221254525514
dynamic_accel,29.694,-0.2275635683959223
dynamic_accel,29.744,-0.0040552482924205435
dynamic_accel,29.794,0.45040438119101367
dynamic_accel,29.844,0.7877695877611206
dynamic_accel,29.894,1.151763310287965
dynamic_accel,29.944,1.8050226688336526
dynamic_accel,29.994,0.8228376498883332
dynamic_accel,30.044,2.1019095133215124
dynamic_accel,30.094,-1.1068380227930543
dynamic_accel,30.144,-2.247013114223339
dynamic_accel,30.194,-1.3491888195063453
dynamic_accel,30.244,-1.5508939559695474
dynamic_accel,30.294,-1.6964063118459975
dynamic_accel,30.344,-0.768307827904275
dynamic_accel,30.394,-0.2188817702705368
dynamic_accel,30.444,0.03266585157007462
dynamic_accel,30.494,0.7376086383386795
dynamic_accel,30.544,1.1856403656670462
dynamic_accel,30.594,1.846763519508965
dynamic_accel,30.644,2.6666094692620064
dynamic_accel,30.694,1.7061642939733552
dynamic_accel,30.744,0.7603686371944285
dynamic_accel,30.794,-0.2504306441474906
dynamic_accel,30.844,-0.8619031701044655
dynamic_accel,30.894,-3.390542169886399
dynamic_accel,30.944,-3.3744676389299118
dynamic_accel,30.994,-2.0951754961199853
dynamic_accel,31.044,-0.6313828510634849
dynamic_accel,31.094,0.8070486670952253
dynamic_accel,31.144,1.4872878740560935
dynamic_accel,31.194,2.393775618846991
dynamic_accel,31.244,2.733006383712695
dynamic_accel,31.294,1.9030656052528752
dynamic_accel,31.344,1.9238883648243128
dynamic_accel,31.394,-0.3541486780917378
dynamic_accel,31.444,-1.270473901796013
dynamic_accel,31.494,-3.246623110145097
dynamic_accel,31.544,-3.4468672936809215
dynamic_accel,31.594,-2.228520746215068
dynamic_accel,31.644,-0.8995342018365378
dynamic_accel,31.694,0.21896243655215208
dynamic_accel,31.744,1.2797762884756043
dynamic_accel,31.794,2.2233137811064445
dynamic_accel,31.844,2.6415992156728016
dynamic_accel,31.894,2.2707882548487195
dynamic_accel,31.944,2.825135567482876
dynamic_accel,31.994,1.0936054526904382
dynamic_accel,32.044,-1.1940096674196194
dynamic_accel,32.094,-3.3531262538009825
dynamic_accel,32.144,-3.906294739520016
dynamic_accel,32.194,-2.553608170756908
dynamic_accel,32.244,-0.9574169804303949
dynamic_accel,32.294,0.27280419689697943
dynamic_accel,32.344,1.4058209762595304
dynamic_accel,32.394,2.599889346402687
dynamic_accel,32.444,2.770296052008952
dynamic_accel,32.494,1.7124113716651905
dynamic_accel,32.544,2.1120263864043167
dynamic_accel,32.594,-1.1202243941281829
dynamic_accel,32.644,-2.2480278244268996
dynamic_accel,32.694,-2.439380540039677
dynamic_accel,32.744,-2.500803297189436
dynamic_accel,32.794,-1.7050787569554569
dynamic_accel,32.844,-0.47398409452252643
dynamic_accel,32.894,0.46841310835872285
dynamic_accel,32.944,1.2234860664972391
dynamic_accel,32.994,1.655836906824499
dynamic_accel,33.044,1.567083448287832
dynamic_accel,33.094,2.2225891607165487
dynamic_accel,33.144,2.106964386824105
dynamic_accel,33.194,0.709167283346666
dynamic_accel,33.244,-0.5252157060154179
dynamic_accel,33.294,-2.9752169445782384
dynamic_accel,33.344,-3.4543850033528614
dynamic_accel,33.394,-2.129616528785446
dynamic_accel,33.444,-0.5511467532749688
dynamic_accel,33.494,0.34079107640804907
dynamic_accel,33.544,1.2509370016129147
dynamic_accel,33.594,1.894698895462005
dynamic_accel,33.644,1.335182021855843
dynamic_accel,33.694,1.9879961635809718
dynamic_accel,33.744,1.8953579091292667
dynamic_accel,33.794,-0.6316932052943791
dynamic_accel,33.844,-1.13661811914249
dynamic_accel,33.894,-1.7339656487383337
dynamic_accel,33.944,-2.1893447547679816
dynamic_accel,33.994,-1.3161729656109902
dynamic_accel,34.044,-0.3135144735962694
dynamic_accel,34.094,0.12576153958024072
dynamic_accel,34.144,0.43068635147269063
dynamic_accel,34.194,1.2002014790165578
dynamic_accel,34.244,1.4697695364571928
dynamic_accel,34.294,1.5076295676579345
dynamic_accel,34.344,0.9699519093589277
dynamic_accel,34.394,0.07493926623954827
dynamic_accel,34.444,-0.25336166394007265
dynamic_accel,34.494,-1.0211201339646578
dynamic_accel,34.544,-1.5072381987052044
dynamic_accel,34.594,-1.1166052981763936
dynamic_accel,34.644,-0.3698981572000317
dynamic_accel,34.694,0.03893196914883923
dynamic_accel,34.744,0.2434750332752369
dynamic_accel,34.794,0.48193397180480524
dynamic_accel,34.844,0.6202861582848271
dynamic_accel,34.894,0.21342335069202711
dynamic_accel,34.944,0.09157009075559763
dynamic_accel,34.994,0.6858172059952174
dynamic_accel,35.044,0.11704808159133151
dynamic_accel,35.094,-0.566933306081669
dynamic_accel,35.144,-0.2523554285550862
dynamic_accel,35.194,-0.4666934984135267
dynamic_accel,35.244,-0.363839563740914
dynamic_accel,35.294,0.13553089293876575
dynamic_accel,35.344,0.4192136949238936
dynamic_accel,35.394,0.14152440663995414
dynamic_accel,35.444,0.06433466013043088
dynamic_accel,35.494,0.181292005527947
dynamic_accel,35.544,0.1175067500542859
dynamic_accel,35.594,-0.07795630938450593
dynamic_accel,35.644,-0.3164438788799586
dynamic_accel,35.694,-0.2990876802969211
dynamic_accel,35.744,-0.21858844781106157
dynamic_accel,35.794,-0.1468816117659948
dynamic_accel,35.844,0.020275378146058287
dynamic_accel,35.894,0.3263466861209441
dynamic_accel,35.944,0.28486684095520687
dynamic_accel,35.994,0.10079363365186822
dynamic_accel,36.044,0.10191272467687362
dynamic_accel,36.094,0.08420827738809677
dynamic_accel,36.144,0.062300304514437244
dynamic_accel,36.194,0.05124498045671366
dynamic_accel,36.244,-0.11930591480689756
dynamic_accel,36.294,-0.19207117729007273
dynamic_accel,36.344,-0.09164263058910471
dynamic_accel,36.394,-0.021329575994261774
dynamic_accel,36.444,-0.07032397167935045
dynamic_accel,36.494,0.0033955380922137124
dynamic_accel,36.544,0.008739389426603239
dynamic_accel,36.594,-0.07032651911287324
dynamic_accel,36.644,0.17267964158595994
dynamic_accel,36.694,0.1521287884749949
dynamic_accel,36.744,0.06625974794711098
dynamic_accel,36.794,0.0535665771693008
dynamic_accel,36.844,0.04111761624470489
dynamic_accel,36.894,0.05266347830186824
dynamic_accel,36.944,-0.1645968159563349
dynamic_accel,36.994,-0.1011756062644995
dynamic_accel,37.044,-0.19321748398716387
dynamic_accel,37.094,-0.5171260446116275
dynamic_accel,37.144,-0.7709573703775163
dynamic_accel,37.194,-0.810807180448009
dynamic_accel,37.244,-0.38213061491647693
dynamic_accel,37.294,0.13953340445265106
dynamic_accel,37.344,0.5574478739063249
dynamic_accel,37.394,0.5969095851156592
dynamic_accel,37.444,0.7114105264588861
dynamic_accel,37.494,1.345729966024754
dynamic_accel,37.544,1.110219922325486
dynamic_accel,37.594,1.3522729361844625
dynamic_accel,37.644,1.5476337988692492
dynamic_accel,37.694,0.06620409141052974
dynamic_accel,37.744,-1.4006089921614304
dynamic_accel,37.794,-2.369227177484756
dynamic_accel,37.844,-2.0982285020946687
dynamic_accel,37.894,-2.024474845692689
dynamic_accel,37.944,-1.3498272214272138
dynamic_accel,37.994,-0.2223382844675985
dynamic_accel,38.044,0.8953922949294437
dynamic_accel,38.094,1.5763100176548637
dynamic_accel,38.144,1.5910832130686021
dynamic_accel,38.194,1.8389286798667026
dynamic_accel,38.244,3.0489076507574175
dynamic_accel,38.294,0.4061330675861914
dynamic_accel,38.344,-1.525984006352509
dynamic_accel,38.394,-1.4193036651757662
dynamic_accel,38.444,-1.6478399446583865
dynamic_accel,38.494,-1.394295468176944
dynamic_accel,38.544,-1.0020676432514382
dynamic_accel,38.594,-0.4668601951843172
dynamic_accel,38.644,-0.38793533466310315
dynamic_accel,38.694,0.4949612830184478
dynamic_accel,38.744,0.7576362823983036
dynamic_accel,38.794,0.8553772934246204
dynamic_accel,38.844,1.68378380099543
dynamic_accel,38.894,1.1651842181122216
dynamic_accel,38.944,0.4115907407491246
dynamic_accel,38.994,-0.023849112456138855
dynamic_accel,39.044,0.5179215111075361
dynamic_accel,39.094,-1.4157155740691625
dynamic_accel,39.144,-1.5803018603140195
dynamic_accel,39.194,-0.9370117160453528
dynamic_accel,39.244,0.3694800316462583
dynamic_accel,39.294,0.2741117206466015
dynamic_accel,39.344,0.1305485674076241
dynamic_accel,39.394,-0.12872871639708272
dynamic_accel,39.444,-0.07112964699574853
dynamic_accel,39.494,0.5384810544628049
dynamic_accel,39.544,0.26061818860253716
dynamic_accel,39.594,0.33693008807878755
dynamic_accel,39.644,-0.05108099241138753
dynamic_accel,39.694,-0.3123301065130857
dynamic_accel,39.744,0.07666100164204082
dynamic_accel,39.794,-0.16832740452173667
dynamic_accel,39.844,-0.10501760074257227
dynamic_accel,39.894,-0.057605447223153305
dynamic_accel,39.944,0.03177778874085391
dynamic_accel,39.994,0.08965519098712882
dynamic_accel,40.044,0.11366447584453887
dynamic_accel,40.094,-0.1379146053306144
dynamic_accel,40.144,0.0492172951733032
dynamic_accel,40.194,-0.019472730389693993
dynamic_accel,40.244,-0.11739022485055806
dynamic_accel,40.294,-0.06121346855890941
dynamic_accel,40.344,0.04445563167265831
dynamic_accel,40.394,-0.48663972245905995
dynamic_accel,40.444,-0.9985080213790685
dynamic_accel,40.494,-1.0549290545834573
dynamic_accel,40.544,0.04394462172784053
dynamic_accel,40.594,0.8221017986598493
dynamic_accel,40.644,0.7720984546330047
dynamic_accel,40.694,-0.3165933393451734
dynamic_accel,40.744,0.042986806758040785
dynamic_accel,40.794,1.9244933323613935
dynamic_accel,40.844,2.168374586820482
dynamic_accel,40.894,0.7309226982818284
dynamic_accel,40.944,1.7345575688261476
dynamic_accel,40.994,0.9651002984146793
dynamic_accel,41.044,-1.8324683088040956
dynamic_accel,41.094,-3.862595822300529
dynamic_accel,41.144,-3.8473537594691383
dynamic_accel,41.194,-2.06032126907267
dynamic_accel,41.244,-0.7457862622381857
dynamic_accel,41.294,-0.10291941715207109
dynamic_accel,41.344,0.42342687731861695
dynamic_accel,41.394,2.2298175597624255
dynamic_accel,41.444,3.52631668477815
dynamic_accel,41.494,3.640190191241171
dynamic_accel,41.544,3.193617359416937
dynamic_accel,41.594,1.924571782099493
dynamic_accel,41.644,-1.3761981716294862
dynamic_accel,41.694,-3.483872334758666
dynamic_accel,41.744,-4.398807365092183
dynamic_accel,41.794,-4.004341660237149
dynamic_accel,41.844,-3.482123745778936
dynamic_accel,41.894,-1.409583942806087
dynamic_accel,41.944,1.354034924816217
dynamic_accel,41.994,3.2537449774479263
dynamic_accel,42.044,3.986877622898552
dynamic_accel,42.094,4.101817820509799
dynamic_accel,42.144,4.3433405709194
dynamic_accel,42.194,3.529047707853662
dynamic_accel,42.244,-0.9162945191181233
dynamic_accel,42.294,-4.346565091084087
dynamic_accel,42.344,-5.797967819720517
dynamic_accel,42.394,-4.920521124108034
dynamic_accel,42.444,-2.287103632809851
dynamic_accel,42.494,0.5926889603593448
dynamic_accel,42.544,2.113684416681851
dynamic_accel,42.594,2.5522396196225987
dynamic_accel,42.644,2.704035054709488
dynamic_accel,42.694,2.388070082919917
dynamic_accel,42.744,0.4289173190860751
dynamic_accel,42.794,1.1814439150305027
dynamic_accel,42.844,-1.199065487609321
dynamic_accel,42.894,-2.4188880164905626
dynamic_accel,42.944,-2.9470298200024274
dynamic_accel,42.994,-2.3058865378199123
dynamic_accel,43.044,-1.4232168629711595
dynamic_accel,43.094,-0.5240294448814851
dynamic_accel,43.144,0.632558970564693
dynamic_accel,43.194,1.866910093924158
dynamic_accel,43.244,3.7039349928027256
dynamic_accel,43.294,3.6342920632794673
dynamic_accel,43.344,3.233327772319365
dynamic_accel,43.394,0.8588590235181854
dynamic_accel,43.444,-1.5805667134681158
dynamic_accel,43.494,-4.326284540908324
dynamic_accel,43.544,-4.4288247759372865
dynamic_accel,43.594,-3.222775488259183
dynamic_accel,43.644,-1.3168622231420528
dynamic_accel,43.694,0.7962623524951482
dynamic_accel,43.744,2.069809269954874
dynamic_accel,43.794,2.78417554956925
dynamic_accel,43.844,3.071475563650555
dynamic_accel,43.894,2.908725808513376
dynamic_accel,43.944,1.7296139549940364
dynamic_accel,43.994,-0.21382969495008552
dynamic_accel,44.044,-2.1375745846321017
dynamic_accel,44.094,-2.696800336332535
dynamic_accel,44.144,-2.539927116015992
dynamic_accel,44.194,-1.8245197967883158
dynamic_accel,44.244,-1.0851171194804934
dynamic_accel,44.294,-0.43350353080808723
dynamic_accel,44.344,0.15237143058400449
dynamic_accel,44.394,0.879347285359545
dynamic_accel,44.444,1.9282308351087973
dynamic_accel,44.494,2.4391681548161106
dynamic_accel,44.544,2.20544775895425
dynamic_accel,44.594,1.6134102997202149
dynamic_accel,44.644,0.16981788219106164
dynamic_accel,44.694,-1.4502599235205285
dynamic_accel,44.744,-2.5570161117912322
dynamic_accel,44.794,-1.9327786580887736
dynamic_accel,44.844,-1.1130717408781372
dynamic_accel,44.894,-0.5732250125031246
dynamic_accel,44.944,0.09288902303888946
dynamic_accel,44.994,0.5416486714458131
dynamic_accel,45.044,1.1046325512086135
dynamic_accel,45.094,0.5433149763900733
dynamic_accel,45.144,1.0574305981243342
dynamic_accel,45.194,0.8113454227806898
dynamic_accel,45.244,-0.46797594692014144
dynamic_accel,45.294,-0.10267721668916607
dynamic_accel,45.344,0.021764398646720196
dynamic_accel,45.394,-0.5914118813009921
dynamic_accel,45.444,-0.652272054649524
dynamic_accel,45.494,0.13163250316933706
dynamic_accel,45.544,0.35285631115966787
dynamic_accel,45.594,0.1075719966200559
dynamic_accel,45.644,0.05392394777329734
dynamic_accel,45.694,-0.1452748700605806
dynamic_accel,45.744,-0.25394891138610376
dynamic_accel,45.794,-0.045057472585158465
dynamic_accel,45.844,0.036379928694902475
dynamic_accel,45.894,0.04160310489421981
dynamic_accel,45.944,0.040005152902212515
dynamic_accel,45.994,-0.06548781554937477
dynamic_accel,46.044,-0.04784321537878711
dynamic_accel,46.094,-0.16950651365038638
dynamic_accel,46.144,-0.1712232749286411
dynamic_accel,46.194,0.19965025236611567
dynamic_accel,46.244,0.32286033121282465
dynamic_accel,46.294,0.12704110287333492
dynamic_accel,46.344,0.011343500488441904
dynamic_accel,46.394,-0.02900519733488416
dynamic_accel,46.444,0.0571641170082966
dynamic_accel,46.494,0.11797033783574662
dynamic_accel,46.544,-0.07454900825151789
dynamic_accel,46.594,-0.3785563937602525
dynamic_accel,46.644,-0.19640897142468638
dynamic_accel,46.694,0.303161880340296
dynamic_accel,46.744,0.25125056822373715
dynamic_accel,46.794,-0.24328055261894832
dynamic_accel,46.844,-0.2696744456297431
dynamic_accel,46.894,-0.24308274967997434
dynamic_accel,46.944,-0.3874617444934234
dynamic_accel,46.994,-0.5508143171743818
dynamic_accel,47.044,-0.03996973734382259
dynamic_accel,47.094,0.6522535441566593
dynamic_accel,47.144,0.33314329978140833
dynamic_accel,47.194,0.10282094765952543
dynamic_accel,47.244,-0.03576200797634499
dynamic_accel,47.294,0.08627711198860766
dynamic_accel,47.344,0.9436195461742667
dynamic_accel,47.394,0.9652445878531744
dynamic_accel,47.444,1.510790784964934
dynamic_accel,47.494,0.43636598302396656
dynamic_accel,47.544,-0.1516371798055136
dynamic_accel,47.594,-1.5561098157301494
dynamic_accel,47.644,-2.145453282300206
dynamic_accel,47.694,-1.771313615393323
dynamic_accel,47.744,-1.0564840653247263
dynamic_accel,47.794,-0.5077038449422897
dynamic_accel,47.844,0.14350105756364506
dynamic_accel,47.894,0.6842352820944857
dynamic_accel,47.944,1.4637656752593085
dynamic_accel,47.994,1.7870550439671415
dynamic_accel,48.044,0.7657189752653863
dynamic_accel,48.094,2.9236760060544142
dynamic_accel,48.144,0.8628267260244176
dynamic_accel,48.194,-0.9933330451287006
dynamic_accel,48.244,-1.7294707695940232
dynamic_accel,48.294,-2.210980143394443
dynamic_accel,48.344,-1.702955102117139
dynamic_accel,48.394,-0.9796191334634585
dynamic_accel,48.444,-0.19064866345144615
dynamic_accel,48.494,0.03276059381481744
dynamic_accel,48.544,0.5447242503334113
dynamic_accel,48.594,0.8825133726762395
dynamic_accel,48.644,0.8596360755591075
dynamic_accel,48.694,0.12256592643518616
dynamic_accel,48.744,2.281158550984438
dynamic_accel,48.794,1.045151984993696
dynamic_accel,48.844,0.26683475015997615
dynamic_accel,48.894,-1.2456905232726854
dynamic_accel,48.944,-2.0165583684021993
dynamic_accel,48.994,-0.8037437036998192
dynamic_accel,49.044,-0.03911809381102671
dynamic_accel,49.094,0.4736149231081548
dynamic_accel,49.144,0.3737768985321619
dynamic_accel,49.194,0.34962970406395577
dynamic_accel,49.244,-0.1731708056014014
dynamic_accel,49.294,-0.06356964605664217
dynamic_accel,49.344,0.3295743392522734
dynamic_accel,49.394,0.3058810147635551
dynamic_accel,49.444,-0.7300804325794488
dynamic_accel,49.494,-0.18987805139962965
dynamic_accel,49.544,0.10570332832453211
dynamic_accel,49.594,0.018221080238530973
dynamic_accel,49.644,-0.12023961201160915
dynamic_accel,49.694,0.008914273857245192
dynamic_accel,49.744,0.1239383579060025
dynamic_accel,49.794,0.18801184242910374
dynamic_accel,49.844,0.021144606282406997
dynamic_accel,49.894,0.13250515919688333
dynamic_accel,49.944,0.09098806709632079
dynamic_accel,49.994,0.07835641509367264
dynamic_accel,50.044,-0.05483106765625223
dynamic_accel,50.094,-0.22728592458755337
dynamic_accel,50.144,-0.09003634111173398
dynamic_accel,50.194,-0.4376620957763304
dynamic_accel,50.244,-0.28869694297394766
dynamic_accel,50.294,0.37057816462995596
dynamic_accel,50.344,0.4759890153207742
dynamic_accel,50.394,-0.2683206937981968
dynamic_accel,50.444,-0.08797220639490355
dynamic_accel,50.494,0.41843566885549954
dynamic_accel,50.544,-0.015012540426177168
dynamic_accel,50.594,-0.6465750628678766
dynamic_accel,50.644,-1.1189784161966063
dynamic_accel,50.694,-0.8067923021770618
dynamic_accel,50.744,-0.6789198656749154
dynamic_accel,50.794,-0.06379259330857501
dynamic_accel,50.844,0.9261756258180505
dynamic_accel,50.894,1.7695108757043343
dynamic_accel,50.944,1.3098215582648916
dynamic_accel,50.994,1.046458744428822
dynamic_accel,51.044,2.7112517540879306
dynamic_accel,51.094,2.097823767637614
dynamic_accel,51.144,0.9682350998251241
dynamic_accel,51.194,-1.8445913314065159
dynamic_accel,51.244,-3.8633277506200745
dynamic_accel,51.294,-5.43001665209759
dynamic_accel,51.344,-4.349775158738231
dynamic_accel,51.394,-1.5405131571272719
dynamic_accel,51.444,1.2929089333987864
dynamic_accel,51.494,3.4320928763830096
dynamic_accel,51.544,3.6871158758508766
dynamic_accel,51.594,3.4261930177635342
dynamic_accel,51.644,2.152352875257904
dynamic_accel,51.694,2.8058056347752913
dynamic_accel,51.744,-0.8216003613876595
dynamic_accel,51.794,-1.3840843293893812
dynamic_accel,51.844,-3.455877166294888
dynamic_accel,51.894,-4.687899849946132
dynamic_accel,51.944,-3.471441285770643
dynamic_accel,51.994,-0.9856711435246552
dynamic_accel,52.044,1.2561884025984646
dynamic_accel,52.094,1.6885983550656594
dynamic_accel,52.144,2.039810759530578
dynamic_accel,52.194,3.4882043019999163
dynamic_accel,52.244,3.2929972620873116
dynamic_accel,52.294,3.2264713745654223
dynamic_accel,52.344,0.847567120733629
dynamic_accel,52.394,-0.8449469589535958
dynamic_accel,52.444,-4.200273868237404
dynamic_accel,52.494,-5.109074210968408
dynamic_accel,52.544,-3.858564771906461
dynamic_accel,52.594,-1.6968757758432869
dynamic_accel,52.644,0.7412076360360444
dynamic_accel,52.694,1.6527898267406549
dynamic_accel,52.744,2.106283944789526
dynamic_accel,52.794,3.284129777073069
dynamic_accel,52.844,3.4859087695546638
dynamic_accel,52.894,1.9309335630029487
dynamic_accel,52.944,1.2738189106783135
dynamic_accel,52.994,-2.124835618076249
dynamic_accel,53.044,-3.111797398076801
dynamic_accel,53.094,-2.7849499958269384
dynamic_accel,53.144,-2.0490593899974776
dynamic_accel,53.194,-1.737719469578467
dynamic_accel,53.244,-0.6600489279041213
dynamic_accel,53.294,0.1121075317344129
dynamic_accel,53.344,1.0974312204292662
dynamic_accel,53.394,2.681858689148031
dynamic_accel,53.444,3.154777355273337
dynamic_accel,53.494,2.2195824738378995
dynamic_accel,53.544,0.32158330438138627
dynamic_accel,53.594,0.004436774544233302
dynamic_accel,53.644,-0.9273102049443711
dynamic_accel,53.694,-2.377093674897772
dynamic_accel,53.744,-2.6080988088328114
dynamic_accel,53.794,-1.5111752264510283
dynamic_accel,53.844,-0.3479288683783466
dynamic_accel,53.894,-0.025174457685221086
dynamic_accel,53.944,0.9130789520894389
dynamic_accel,53.994,1.4623572177773045
dynamic_accel,54.044,1.4985371314302274
dynamic_accel,54.094,2.0307691204497953
dynamic_accel,54.144,0.8310567105342539
dynamic_accel,54.194,-0.5983431032402251
dynamic_accel,54.244,-1.0166812996035066
dynamic_accel,54.294,-1.5641415924190767
dynamic_accel,54.344,-1.650200665562151
dynamic_accel,54.394,-0.6235409352825414
dynamic_accel,54.444,0.5453679718231417
dynamic_accel,54.494,0.024449623766908957
dynamic_accel,54.544,0.1561213781344737
dynamic_accel,54.594,0.5040858941434312
dynamic_accel,54.644,0.8042529033185524
dynamic_accel,54.694,1.2203394100343168
dynamic_accel,54.744,1.7932304363211369
dynamic_accel,54.794,0.05977810027704855
dynamic_accel,54.844,-1.1051087133807656
dynamic_accel,54.894,-1.0350192394272248
dynamic_accel,54.944,-1.438805656101577
dynamic_accel,54.994,-0.9734922045914072
dynamic_accel,55.044,-0.010967871402087326
dynamic_accel,55.094,0.821674965657456
dynamic_accel,55.144,0.6708298431847872
dynamic_accel,55.194,0.15198919136007305
dynamic_accel,55.244,-0.0401445433224108
dynamic_accel,55.294,-0.04716694232683771
dynamic_accel,55.344,-0.11766759794369186
dynamic_accel,55.394,-0.12586106762833893
dynamic_accel,55.444,-0.1147096808990078
dynamic_accel,55.494,0.08155358723241513
dynamic_accel,55.544,0.4309593102123337
dynamic_accel,55.594,0.20336676034344592
dynamic_accel,55.644,-0.12182732034287724
dynamic_accel,55.694,0.046455627671754485
dynamic_accel,55.744,-0.02360498085741014
dynamic_accel,55.794,0.034343780939474655
dynamic_accel,55.844,0.047300383411565505
dynamic_accel,55.894,-0.064323318855946
dynamic_accel,55.944,-0.09074938261657195
dynamic_accel,55.994,0.16768311158135774
dynamic_accel,56.044,0.10943779870127379
dynamic_accel,56.094,-0.14591032727500952
dynamic_accel,56.144,-0.33319252654333376
dynamic_accel,56.194,-0.4082370028317115
dynamic_accel,56.244,-0.353922979059476
dynamic_accel,56.294,-0.2653001916201916
dynamic_accel,56.344,-0.3330102493673692
dynamic_accel,56.394,-0.3054000561585326
dynamic_accel,56.444,-0.0018873402384294025
dynamic_accel,56.494,0.1326242689953716
dynamic_accel,56.544,0.07924482767322516
dynamic_accel,56.594,0.35276883438108797
dynamic_accel,56.644,1.5276888660818173
dynamic_accel,56.694,2.218363561620775
dynamic_accel,56.744,2.1839583995040854
dynamic_accel,56.794,0.3469818001510845
dynamic_accel,56.844,-2.0192373087324444
dynamic_accel,56.894,-1.9863637789864121
dynamic_accel,56.944,-1.5983935042007484
dynamic_accel,56.994,-2.6611773731912
dynamic_accel,57.044,-2.6124316885928565
dynamic_accel,57.094,-0.8739834949341887
dynamic_accel,57.144,1.0837795571955429
dynamic_accel,57.194,2.1955516982683214
dynamic_accel,57.244,2.1029703942614884
dynamic_accel,57.294,2.31508598813714
dynamic_accel,57.344,2.751562259730216
dynamic_accel,57.394,2.674474732854243
dynamic_accel,57.444,1.524013947986134
dynamic_accel,57.494,0.18260393794848717
dynamic_accel,57.544,-2.375082211903175
dynamic_accel,57.594,-4.84458121494879
dynamic_accel,57.644,-5.0856101316071545
dynamic_accel,57.694,-3.1214448589457184
dynamic_accel,57.744,-0.6387366785528759
dynamic_accel,57.794,1.460591832146914
dynamic_accel,57.844,2.182292836353316
dynamic_accel,57.894,2.254602520520912
dynamic_accel,57.944,2.0233207447915884
dynamic_accel,57.994,4.922895751546287
dynamic_accel,58.044,2.6034251708929386
dynamic_accel,58.094,0.2966305216855343
dynamic_accel,58.144,-2.331449551047424
dynamic_accel,58.194,-4.293930536139995
dynamic_accel,58.244,-4.209277249754017
dynamic_accel,58.294,-2.705046701093222
dynamic_accel,58.344,-0.6870320487696127
dynamic_accel,58.394,0.9925217508740865
dynamic_accel,58.444,1.5197430850731113
dynamic_accel,58.494,2.093580886891422
dynamic_accel,58.544,2.5671454491657784
dynamic_accel,58.594,2.6482651266994583
dynamic_accel,58.644,1.482537236989451
dynamic_accel,58.694,0.6730691051906597
dynamic_accel,58.744,-1.56309235127671
dynamic_accel,58.794,-2.6095043166195655
dynamic_accel,58.844,-2.1525596572969397
dynamic_accel,58.894,-1.1988010367964037
dynamic_accel,58.944,-0.15971179166824534
dynamic_accel,58.994,0.23945038522699846
dynamic_accel,59.044,0.4285028159930526
dynamic_accel,59.094,0.5162931461934441
dynamic_accel,59.144,0.3531769725062386
dynamic_accel,59.194,0.508394698624258
dynamic_accel,59.244,-0.04258273394258261
dynamic_accel,59.294,1.0056583214752717
dynamic_accel,59.344,0.0721774913059523
dynamic_accel,59.394,-0.48634341004245485
dynamic_accel,59.444,-0.6056337018099551
dynamic_accel,59.494,-0.10095717073710198
dynamic_accel,59.544,-0.09684581948206628
dynamic_accel,59.594,-0.2144239853277039
dynamic_accel,59.644,0.17336081167386652
dynamic_accel,59.694,0.6889826215840387
dynamic_accel,59.744,-0.09969651630408016
dynamic_accel,59.794,-0.524103145364176
dynamic_accel,59.844,0.23804117496842814
dynamic_accel,59.894,0.14222002191105965
dynamic_accel,59.944,0.06427045513232521
dynamic_accel,59.994,-0.10547772835970015
dynamic_accel,60.044,-0.21680653002053596
dynamic_accel,60.094,-0.15840629765637004
dynamic_accel,60.144,0.17986394833176966
dynamic_accel,60.194,0.2753649849687836
dynamic_accel,60.244,-0.08600972975800225
dynamic_accel,60.294,-0.1803892737895616
dynamic_accel,60.344,-0.1264121751290599
dynamic_accel,60.394,-0.2187244627792122
dynamic_accel,60.444,-0.24350761450045688
dynamic_accel,60.494,-0.42491279975560836
dynamic_accel,60.544,-0.41782231018408567
dynamic_accel,60.594,-0.25647962109866107
dynamic_accel,60.644,-0.15886357945652385
dynamic_accel,60.694,0.2036049469053225
dynamic_accel,60.744,0.5222053838707534
dynamic_accel,60.794,1.3130462649502306
dynamic_accel,60.844,2.249057990564628
dynamic_accel,60.894,1.2846926215704801
dynamic_accel,60.944,0.722967104336055
dynamic_accel,60.994,-0.2190653891644434
dynamic_accel,61.044,-0.12684475706416976
dynamic_accel,61.094,-2.696362819210079
dynamic_accel,61.144,-2.978330349708906
dynamic_accel,61.194,-1.8215506990599497
dynamic_accel,61.244,-0.25057746447481755
dynamic_accel,61.294,-0.06577745747926755
dynamic_accel,61.344,0.08438242567466503
dynamic_accel,61.394,0.8301973586963882
dynamic_accel,61.444,1.517421232363958
dynamic_accel,61.494,2.010599031193376
dynamic_accel,61.544,1.7050624578602598
dynamic_accel,61.594,3.095288004213181
dynamic_accel,61.644,-0.35791463006366797
dynamic_accel,61.694,-1.9638647826609734
dynamic_accel,61.744,-1.477380612228183
dynamic_accel,61.794,-2.1018651175686074
dynamic_accel,61.844,-2.3265421762646987
dynamic_accel,61.894,-2.165911014007781
dynamic_accel,61.944,0.19339540325450244
dynamic_accel,61.994,0.8840410514186221
dynamic_accel,62.044,1.6493791930720807
dynamic_accel,62.094,2.188237270288001
dynamic_accel,62.144,2.498180038183934
dynamic_accel,62.194,2.035338376639535
dynamic_accel,62.244,1.0917296566722303
dynamic_accel,62.294,-0.42908194443654324
dynamic_accel,62.344,-2.4118634362296074
dynamic_accel,62.394,-3.0854394501504707
dynamic_accel,62.444,-2.736879263855162
dynamic_accel,62.494,-1.367873071516744
dynamic_accel,62.544,-0.021913150257292457
dynamic_accel,62.594,0.7116927837499425
dynamic_accel,62.644,1.3666905621373626
dynamic_accel,62.694,1.805994240186136
dynamic_accel,62.744,2.3455597299275475
dynamic_accel,62.794,1.1625466712365125
dynamic_accel,62.844,2.8132181432100527
dynamic_accel,62.894,-0.671898058834973
dynamic_accel,62.944,-2.2164533527741366
dynamic_accel,62.994,-3.349348256325638
dynamic_accel,63.044,-2.8778528282519993
dynamic_accel,63.094,-2.308957634915515
dynamic_accel,63.144,-0.22675119035102576
dynamic_accel,63.194,1.1536553319384595
dynamic_accel,63.244,1.6216084697371933
dynamic_accel,63.294,2.976869362728525
dynamic_accel,63.344,3.7979046369871163
dynamic_accel,63.394,1.7706804181604472
dynamic_accel,63.444,1.1285039101453567
dynamic_accel,63.494,-0.48007955994696516
dynamic_accel,63.544,-3.1405841790178055
dynamic_accel,63.594,-4.2217659015456075
dynamic_accel,63.644,-3.2733395987737772
dynamic_accel,63.694,-1.3339077820474845
dynamic_accel,63.744,0.41098127099228066
dynamic_accel,63.794,1.3710939848655244
dynamic_accel,63.844,2.409650300586936
dynamic_accel,63.894,2.8518583966857065
dynamic_accel,63.944,2.487392267088831
dynamic_accel,63.994,2.3958969167162785
dynamic_accel,64.044,-0.6414118074169348
dynamic_accel,64.094,-1.6086999086805296
dynamic_accel,64.144,-3.0291254423448732
dynamic_accel,64.194,-3.6809248392902454
dynamic_accel,64.244,-2.7893921147824514
dynamic_accel,64.294,-0.6412123632323041
dynamic_accel,64.344,1.0658265252057841
dynamic_accel,64.394,1.591845681244319
dynamic_accel,64.444,2.421316599526426
dynamic_accel,64.494,3.517946298334298
dynamic_accel,64.544,3.295834829291172
dynamic_accel,64.594,2.6237569484905023
dynamic_accel,64.644,-0.5146617938953799
dynamic_accel,64.694,-3.5538743337955854
dynamic_accel,64.744,-4.6231480255827275
dynamic_accel,64.794,-2.754710123001174
dynamic_accel,64.844,-1.5767534158839869
dynamic_accel,64.894,-0.5069757696401158
dynamic_accel,64.944,0.7417060306030994
dynamic_accel,64.994,2.2313745166993915
dynamic_accel,65.044,2.8101385573024924
dynamic_accel,65.094,2.7901566945893457
dynamic_accel,65.144,1.9360315323878723
dynamic_accel,65.194,-0.47665621606375197
dynamic_accel,65.244,-1.3925504932309511
dynamic_accel,65.294,-2.4831698680187486
dynamic_accel,65.344,-2.8902147744977214
dynamic_accel,65.394,-2.505453369059956
dynamic_accel,65.444,-0.6446489302689447
dynamic_accel,65.494,0.6873131414913747
dynamic_accel,65.544,1.717497926103107
dynamic_accel,65.594,2.531456148032058
dynamic_accel,65.644,2.2542204265965538
dynamic_accel,65.694,1.5756405584311466
dynamic_accel,65.744,1.4958590970804604
dynamic_accel,65.794,0.880946660094919
dynamic_accel,65.844,-1.3480414349719734
dynamic_accel,65.894,-3.438895045622841
dynamic_accel,65.944,-3.1643781155406208
dynamic_accel,65.994,-1.149889967240771
dynamic_accel,66.044,-0.654320613274308
dynamic_accel,66.094,-0.38109624001432074
dynamic_accel,66.144,0.559573229641483
dynamic_accel,66.194,2.171630454967808
dynamic_accel,66.244,2.410673867238172
dynamic_accel,66.294,2.288670630938201
dynamic_accel,66.344,1.596908560026467
dynamic_accel,66.394,-0.3622275146957623
dynamic_accel,66.444,-1.4252870218430296
dynamic_accel,66.494,-2.7927597078567468
dynamic_accel,66.544,-3.143449285675106
dynamic_accel,66.594,-1.9422204943732222
dynamic_accel,66.644,-0.48651872111408423
dynamic_accel,66.694,0.760708437545194
dynamic_accel,66.744,1.5773407870022034
dynamic_accel,66.794,2.680289568136505
dynamic_accel,66.844,3.532909200875592
dynamic_accel,66.894,2.4246575042089074
dynamic_accel,66.944,0.5163630995033675
dynamic_accel,66.994,-1.393864066963376
dynamic_accel,67.044,-3.2700813090441914
dynamic_accel,67.094,-3.3691609671641576
dynamic_accel,67.144,-2.3099095672842704
dynamic_accel,67.194,-0.7304720819506105
dynamic_accel,67.244,0.6898065086056135
dynamic_accel,67.294,1.6364871193153778
dynamic_accel,67.344,2.6771458292196293
dynamic_accel,67.394,2.1937725653122264
dynamic_accel,67.444,2.7196062274465973
dynamic_accel,67.494,0.526395982541068
dynamic_accel,67.544,-1.355226676984909
dynamic_accel,67.594,-2.3990184476555285
dynamic_accel,67.644,-2.8333277048493715
dynamic_accel,67.694,-2.656645713534618
dynamic_accel,67.744,-1.0560821067912052
dynamic_accel,67.794,0.726416920804839
dynamic_accel,67.844,0.8885904556030386
dynamic_accel,67.894,1.1447109986451398
dynamic_accel,67.944,2.478289527840289
dynamic_accel,67.994,2.071570647171102
dynamic_accel,68.044,1.535645263168755
dynamic_accel,68.094,1.0214392641445933
dynamic_accel,68.144,-0.7307193590461232
dynamic_accel,68.194,-3.1784574257540132
dynamic_accel,68.244,-3.159594889464711
dynamic_accel,68.294,-1.8976665325051023
dynamic_accel,68.344,-0.22219714686512937
dynamic_accel,68.394,0.961822822751575
dynamic_accel,68.444,1.1105498598209085
dynamic_accel,68.494,1.490409603780014
dynamic_accel,68.544,2.09722297467923
dynamic_accel,68.594,0.8541078872987828
dynamic_accel,68.644,2.1405626875327997
dynamic_accel,68.694,-0.2039494746019166
dynamic_accel,68.744,-1.8192139220722936
dynamic_accel,68.794,-2.216627392359248
dynamic_accel,68.844,-2.336308928029686
dynamic_accel,68.894,-2.0275421464493455
dynamic_accel,68.944,-0.9395954311304724
dynamic_accel,68.994,0.4818661534112021
dynamic_accel,69.044,1.1837398676339514
dynamic_accel,69.094,1.8616302366059472
dynamic_accel,69.144,2.7925547015663277
dynamic_accel,69.194,2.3004855357222826
dynamic_accel,69.244,2.1142631451382545
dynamic_accel,69.294,0.8511535301066466
dynamic_accel,69.344,-1.4134749682326557
dynamic_accel,69.394,-3.8336897002236547
dynamic_accel,69.444,-3.7373541199709592
dynamic_accel,69.494,-2.083831760376837
dynamic_accel,69.544,-0.5078837356721682
dynamic_accel,69.594,0.45938544533891523
dynamic_accel,69.644,0.9824243405518924
dynamic_accel,69.694,2.273676177684031
dynamic_accel,69.744,2.565132086702457
dynamic_accel,69.794,2.0066354765370615
dynamic_accel,69.844,1.9211350998734282
dynamic_accel,69.894,-0.5466659070281121
dynamic_accel,69.944,-1.7962603154836234
dynamic_accel,69.994,-2.4588783504835483
dynamic_accel,70.044,-2.452389896453764
dynamic_accel,70.094,-1.6393605056206209
dynamic_accel,70.144,-0.27862788932884897
dynamic_accel,70.194,0.42502685541785645
dynamic_accel,70.244,0.9506311702762638
dynamic_accel,70.294,1.5769608139342886
dynamic_accel,70.344,2.5844108363256435
dynamic_accel,70.394,1.5693676469279705
dynamic_accel,70.444,1.4694207920647813
dynamic_accel,70.494,-0.3273285591591435
dynamic_accel,70.544,-1.0659509991566267
dynamic_accel,70.594,-2.7871429067254025
dynamic_accel,70.644,-2.5591370390689097
dynamic_accel,70.694,-1.4341729500877545
dynamic_accel,70.744,-0.4125672154059252
dynamic_accel,70.794,0.2613663801505872
dynamic_accel,70.844,1.3346081559780014
dynamic_accel,70.894,2.232975061980852
dynamic_accel,70.944,1.6795418666502044
dynamic_accel,70.994,2.692998814652176
dynamic_accel,71.044,0.1519161670446323
dynamic_accel,71.094,-0.27984006598922306
dynamic_accel,71.144,-1.4545996253089637
dynamic_accel,71.194,-2.706290710475961
dynamic_accel,71.244,-2.4622495267839843
dynamic_accel,71.294,-1.0131291366795185
dynamic_accel,71.344,0.11419206300011808
dynamic_accel,71.394,-0.06517758996460543
dynamic_accel,71.444,0.5129849830614912
dynamic_accel,71.494,1.9196701601128137
dynamic_accel,71.544,1.5058440452257233
dynamic_accel,71.594,1.912848506014555
dynamic_accel,71.644,0.9157573595565509
dynamic_accel,71.694,0.03307138838882118
dynamic_accel,71.744,-0.601862060948628
dynamic_accel,71.794,-2.258251035157979
dynamic_accel,71.844,-1.861599979588627
dynamic_accel,71.894,-0.3870390297951882
dynamic_accel,71.944,-0.09474355871383544
dynamic_accel,71.994,0.18878613920888654
dynamic_accel,72.044,0.7122365958979362
dynamic_accel,72.094,0.7069354956244531
dynamic_accel,72.144,0.8368304202680985
dynamic_accel,72.194,-0.04425619611003562
dynamic_accel,72.244,0.7603501778099844
dynamic_accel,72.294,0.23063316604875084
dynamic_accel,72.344,-1.0479396653290358
dynamic_accel,72.394,-0.8909316776502063
dynamic_accel,72.444,0.6021319319127905
dynamic_accel,72.494,-0.14666253199064272
dynamic_accel,72.544,-1.0001078664238605
dynamic_accel,72.594,0.348461566158333
dynamic_accel,72.644,0.781596903092364
dynamic_accel,72.694,0.6075254845200337
dynamic_accel,72.744,-0.09179102323983734
dynamic_accel,72.794,-0.06322820658010642
dynamic_accel,72.844,-0.21095784119864724
dynamic_accel,72.894,-0.06802861443045316
dynamic_accel,72.944,-0.24742447061926498
dynamic_accel,72.994,-0.286500382455424
dynamic_accel,73.044,-0.20495868331505562
dynamic_accel,73.094,-0.02807446702272287
dynamic_accel,73.144,0.16999096931780855
dynamic_accel,73.194,0.15067235332566398
dynamic_accel,73.244,0.2566251998345237
dynamic_accel,73.294,0.07073622188134188
dynamic_accel,73.344,-0.05556757130640655
dynamic_accel,73.394,-0.10862224640551155
dynamic_accel,73.444,-0.13016891874508474
dynamic_accel,73.494,0.08427508338732359
dynamic_accel,73.544,0.04744014771392813
dynamic_accel,73.594,-0.08534197833440871
dynamic_accel,73.644,-0.055371629615248
dynamic_accel,73.694,-0.0146941882200462
dynamic_accel,73.744,-0.09978382055430401
dynamic_accel,73.794,-0.03250191536544733
dynamic_accel,73.844,0.04350041965501461
dynamic_accel,73.894,0.007443423172805552
dynamic_accel,73.944,0.22816846860472317
dynamic_accel,73.994,0.15129703327875532
dynamic_accel,74.044,0.13939735985377766
dynamic_accel,74.094,-0.03267428338118883
dynamic_accel,74.144,-0.2568094485623842
dynamic_accel,74.194,0.17752002148968238
dynamic_accel,74.244,0.10588660392605043
dynamic_accel,74.294,-0.10847462193193813
dynamic_accel,74.344,-0.15221332089588557
dynamic_accel,74.394,-0.050627873676846846
dynamic_accel,74.444,-0.04975311375229374
dynamic_accel,74.494,-0.050064335791258685
dynamic_accel,74.544,-0.015087304297351167
dynamic_accel,74.594,0.02346427680364549
dynamic_accel,74.644,-0.03183861000874444
dynamic_accel,74.694,-0.059135034511838214
dynamic_accel,74.744,0.009372007946883087
dynamic_accel,74.794,0.056206546452616024
dynamic_accel,74.844,0.15432290648252334
dynamic_accel,74.894,0.04322484667030757
dynamic_accel,74.944,-0.05731123310155084
dynamic_accel,74.994,-0.04462407314989392
dynamic_accel,75.044,0.019782727105342346
dynamic_accel,75.094,-0.015218096866904673
dynamic_accel,75.144,0.04343839615211387
dynamic_accel,75.194,0.04347264223529379
dynamic_accel,75.244,0.03075252633832548
dynamic_accel,75.294,-0.038379845132539
dynamic_accel,75.344,-0.01118888994341738
dynamic_accel,75.394,-0.05950795956557542
dynamic_accel,75.444,-0.03011011993553403
dynamic_accel,75.494,0.04601260909768534
dynamic_accel,75.544,0.03278289922784161
dynamic_accel,75.594,-0.09790498795859293
dynamic_accel,75.644,-0.03747473754191155
dynamic_accel,75.694,0.07575526855231907
dynamic_accel,75.744,0.020165833729054228
dynamic_accel,75.794,0.02254638751612248
dynamic_accel,75.844,-0.015615513316705076
dynamic_accel,75.894,-0.11375476411917163
dynamic_accel,75.944,0.00816930375423297
dynamic_accel,75.994,0.005636115299900268
dynamic_accel,76.044,0.041901860500130894
dynamic_accel,76.094,0.08904533112854907
dynamic_accel,76.144,-0.04816983445646095
dynamic_accel,76.194,-0.007377378413860214
dynamic_accel,76.244,0.044335066586919325
dynamic_accel,76.294,-0.026549069396116565
dynamic_accel,76.344,0.054668551589312386
dynamic_accel,76.394,-0.06616932462365277
dynamic_accel,76.444,-0.0808206693783351
dynamic_accel,76.494,0.022519282476670455
dynamic_accel,76.544,0.07485162600980821
dynamic_accel,76.594,0.08244583301109287
dynamic_accel,76.644,-0.04672593083503962
dynamic_accel,76.694,-0.0226433596360458
dynamic_accel,76.744,0.08282538922665061
dynamic_accel,76.794,0.04747604562352237
dynamic_accel,76.844,0.026895397506255136
dynamic_accel,76.894,-0.04527758533006754
dynamic_accel,76.944,-0.12190610309527372
dynamic_accel,76.994,-0.05307501463106945
dynamic_accel,77.044,0.023885291134249087
dynamic_accel,77.094,-0.031023401826189456
dynamic_accel,77.144,-0.021344691995869525
dynamic_accel,77.194,0.03784190668437759
dynamic_accel,77.244,0.09373080998930128
dynamic_accel,77.294,0.022111115237546386
dynamic_accel,77.344,-0.10943530980008731
dynamic_accel,77.394,-0.07436217546360702
dynamic_accel,77.444,-0.019540022741907137
dynamic_accel,77.494,0.059350861590520054
dynamic_accel,77.544,0.05480669141340222
dynamic_accel,77.594,-0.10718248765602034
dynamic_accel,77.644,-0.09925748908671217
dynamic_accel,77.694,-0.04555941593228319
dynamic_accel,77.744,-0.0409850157909144
dynamic_accel,77.794,0.09649318592211209
dynamic_accel,77.844,0.3062037291116404
dynamic_accel,77.894,-0.027957760563646517
dynamic_accel,77.944,-0.03480406975234729
dynamic_accel,77.994,0.34021483878397873
dynamic_accel,78.044,0.2767869799505931
dynamic_accel,78.094,-0.11022502757777453
dynamic_accel,78.144,-0.30785466053485067
dynamic_accel,78.194,-0.20948629422628784
dynamic_accel,78.244,-0.03316951397277279
dynamic_accel,78.294,-0.13408640201805966
dynamic_accel,78.344,-0.058980618798987194
magnetic_norm,0.056,48.880946655638645
magnetic_norm,0.155,48.715271824183176
magnetic_norm,0.255,48.74872770566211
magnetic_norm,0.359,48.47873290295709
magnetic_norm,0.454,48.50419583852012
magnetic_norm,0.554,48.3342701010391
magnetic_norm,0.687,48.4806323190498
magnetic_norm,0.752,48.44493599942607
magnetic_norm,0.852,48.265217994028674
magnetic_norm,0.952,48.36076501993835
magnetic_norm,1.051,48.54660761936659
magnetic_norm,1.151,48.71228081121359
magnetic_norm,1.25,48.82387330225938
magnetic_norm,1.35,48.80449423697494
magnetic_norm,1.449,48.77535278113356
magnetic_norm,1.549,49.189860877395944
magnetic_norm,1.649,49.47043725244856
magnetic_norm,1.748,49.722589529815764
magnetic_norm,1.848,50.092584991833846
magnetic_norm,1.976,50.646243389601096
magnetic_norm,2.06,50.52775150173974
magnetic_norm,2.146,51.00574657056156
magnetic_norm,2.246,51.5121967120553
magnetic_norm,2.345,51.744487690066606
magnetic_norm,2.445,51.572484324414575
magnetic_norm,2.544,51.61138216669539
magnetic_norm,2.644,51.51231075601092
magnetic_norm,2.743,51.45475674071742
magnetic_norm,2.843,51.112979311021576
magnetic_norm,2.948,50.742419287379875
magnetic_norm,3.042,50.041252797343866
magnetic_norm,3.141,49.91405008197564
magnetic_norm,3.27,49.377069977435475
magnetic_norm,3.34,49.22261212747552
magnetic_norm,3.44,48.68065280799641
magnetic_norm,3.54,47.753174815911606
magnetic_norm,3.639,46.758088865531924
magnetic_norm,3.739,45.724131964767906
magnetic_norm,3.838,45.314442976923736
magnetic_norm,3.937,44.3656429912488
magnetic_norm,4.043,43.54387369863041
magnetic_norm,4.137,42.55140978531488
magnetic_norm,4.241,42.02924654637536
magnetic_norm,4.335,40.92714387999791
magnetic_norm,4.435,40.51980813550504
magnetic_norm,4.563,39.668583022989345
magnetic_norm,4.634,38.85012212959873
magnetic_norm,4.734,38.175272625981
magnetic_norm,4.833,37.99227449509794
magnetic_norm,4.933,37.73947499646528
magnetic_norm,5.032,36.77910757613831
magnetic_norm,5.132,36.505407173680595
magnetic_norm,5.231,36.404957233170215
magnetic_norm,5.331,36.091812665823866
magnetic_norm,5.431,36.125016309166
magnetic_norm,5.53,35.749846521213556
magnetic_norm,5.63,35.816035205983816
magnetic_norm,5.729,35.088544417573736
magnetic_norm,5.854,35.41153328744074
magnetic_norm,5.928,35.67590932078566
magnetic_norm,6.028,35.871484506624384
magnetic_norm,6.127,35.875651431991244
magnetic_norm,6.227,36.159224565651094
magnetic_norm,6.326,36.64123280813941
magnetic_norm,6.426,37.036679138036476
magnetic_norm,6.525,37.441882579251384
magnetic_norm,6.625,37.753696050319796
magnetic_norm,6.724,38.12022827052867
magnetic_norm,6.826,38.161298754693654
magnetic_norm,6.924,38.91944969816566
magnetic_norm,7.023,38.86228440015922
magnetic_norm,7.153,38.92632412735462
magnetic_norm,7.222,39.750826947039364
magnetic_norm,7.322,39.7487367102257
magnetic_norm,7.421,39.50344920447237
magnetic_norm,7.521,39.37601220259889
magnetic_norm,7.62,39.66842869551728
magnetic_norm,7.72,39.570074595556484
magnetic_norm,7.819,39.705788825608906
magnetic_norm,7.919,40.032824159836615
magnetic_norm,8.018,39.7568602166421
magnetic_norm,8.123,39.6282493668762
magnetic_norm,8.217,39.55721861809345
magnetic_norm,8.317,39.90463243350003
magnetic_norm,8.447,39.952166691475036
magnetic_norm,8.516,39.38223903804063
magnetic_norm,8.616,39.79679460507863
magnetic_norm,8.715,39.572277933994506
magnetic_norm,8.814,39.73011600850117
magnetic_norm,8.914,39.62533512943382
magnetic_norm,9.014,39.9623525284522
magnetic_norm,9.113,39.77906003871535
magnetic_norm,9.213,39.94920281574246
magnetic_norm,9.313,40.03061144230104
magnetic_norm,9.411,40.46412692404591
magnetic_norm,9.511,40.33376820904011
magnetic_norm,9.611,40.52527773889582
magnetic_norm,9.714,40.57343647075188
magnetic_norm,9.81,40.972529281877485
magnetic_norm,9.909,41.602767368121064
magnetic_norm,10.039,41.774240608504485
magnetic_norm,10.108,42.19963922069122
magnetic_norm,10.208,42.71875248927461
magnetic_norm,10.308,43.25297396259585
magnetic_norm,10.407,43.959986241809396
magnetic_norm,10.507,44.49144272451833
magnetic_norm,10.606,45.34494111823043
magnetic_norm,10.705,46.272436141460794
magnetic_norm,10.805,47.26715353807718
magnetic_norm,10.905,48.88977411304376
magnetic_norm,11.009,49.91783301600697
magnetic_norm,11.104,50.88804938770262
magnetic_norm,11.203,52.48290568245084
magnetic_norm,11.303,53.44299870189102
magnetic_norm,11.402,55.233106440624326
magnetic_norm,11.502,56.833026187144014
magnetic_norm,11.601,58.27902994540567
magnetic_norm,11.701,59.379742231849505
magnetic_norm,11.8,60.411449488040944
magnetic_norm,11.9,62.514394059937096
magnetic_norm,12.001,62.74267317729705
magnetic_norm,12.099,64.1338289806425
magnetic_norm,12.199,65.02278182987388
magnetic_norm,12.303,64.82561801958181
magnetic_norm,12.398,65.30497230893187
magnetic_norm,12.497,64.53692825514521
magnetic_norm,12.629,63.4550629362254
magnetic_norm,12.696,62.3826002736495
magnetic_norm,12.796,61.107818500257665
magnetic_norm,12.895,59.78172067661286
magnetic_norm,12.995,58.745107635383285
magnetic_norm,13.094,57.240169124100326
magnetic_norm,13.194,56.33539619193257
magnetic_norm,13.293,54.63543123395249
magnetic_norm,13.393,52.79210823336086
magnetic_norm,13.493,51.69288355997266
magnetic_norm,13.592,49.6557573255359
magnetic_norm,13.692,48.41465358882772
magnetic_norm,13.791,48.773343524639635
magnetic_norm,13.92,47.402101980528016
magnetic_norm,13.99,46.520780394225255
magnetic_norm,14.09,45.9348744169723
magnetic_norm,14.189,45.462963259806095
magnetic_norm,14.289,45.22060808680977
magnetic_norm,14.388,44.995992700549394
magnetic_norm,14.488,43.98056251666572
magnetic_norm,14.587,43.417257250791856
magnetic_norm,14.687,43.15675692495456
magnetic_norm,14.786,42.7761736848057
magnetic_norm,14.89,42.823318141944405
magnetic_norm,14.985,42.69166789123339
magnetic_norm,15.085,42.47275129220834
magnetic_norm,15.214,42.042611276730874
magnetic_norm,15.284,41.99207712974347
magnetic_norm,15.384,42.071351763923936
magnetic_norm,15.483,41.67290929593063
magnetic_norm,15.583,41.64847490346693
magnetic_norm,15.682,41.51695230575948
magnetic_norm,15.782,41.27297801750011
magnetic_norm,15.881,41.22656943796197
magnetic_norm,15.981,41.262994318256034
magnetic_norm,16.08,41.40242218334014
magnetic_norm,16.186,41.48431001560524
magnetic_norm,16.279,41.296088526256916
magnetic_norm,16.379,41.29742647597976
magnetic_norm,16.478,41.271147674038794
magnetic_norm,16.578,41.31747732119123
magnetic_norm,16.677,41.34125012449188
magnetic_norm,16.777,41.37476746297261
magnetic_norm,16.876,41.45376952242334
magnetic_norm,16.976,41.19403901497129
magnetic_norm,17.076,41.39563694764862
magnetic_norm,17.175,41.32371696634999
magnetic_norm,17.275,41.58322520010999
magnetic_norm,17.402,41.26496702287155
magnetic_norm,17.474,41.19214053920161
magnetic_norm,17.573,41.0194464137376
magnetic_norm,17.673,41.094607780792295
magnetic_norm,17.81,41.2145153002264
magnetic_norm,17.872,41.20450584661053
magnetic_norm,17.971,41.39587831065843
magnetic_norm,18.071,41.46257127509295
magnetic_norm,18.17,41.25236479894253
magnetic_norm,18.27,41.29532059926518
magnetic_norm,18.369,41.42917051732067
magnetic_norm,18.469,41.07531675715655
magnetic_norm,18.569,41.28427037612713
magnetic_norm,18.668,40.79839752621335
magnetic_norm,18.773,40.736535920090894
magnetic_norm,18.867,40.91112935316863
magnetic_norm,18.967,40.556416054584766
magnetic_norm,19.094,40.48150485405957
magnetic_norm,19.166,40.55751398299764
magnetic_norm,19.265,40.8213614601095
magnetic_norm,19.365,40.48226329535301
magnetic_norm,19.464,40.54270598455236
magnetic_norm,19.564,40.48484914359491
magnetic_norm,19.663,40.36449334063065
magnetic_norm,19.763,40.08639008050858
magnetic_norm,19.862,40.1638030400321
magnetic_norm,19.962,40.35696892651319
magnetic_norm,20.066,40.27293796766503
magnetic_norm,20.161,40.46778075537397
magnetic_norm,20.261,40.172079202538555
magnetic_norm,20.39,40.95678150642232
magnetic_norm,20.459,41.02889469003014
magnetic_norm,20.559,40.824783995641205
magnetic_norm,20.658,41.508208244195195
magnetic_norm,20.758,41.54822593966526
magnetic_norm,20.858,41.30976575549916
magnetic_norm,20.957,41.02269343279747
magnetic_norm,21.057,40.93957914075318
magnetic_norm,21.156,41.14661222608752
magnetic_norm,21.256,41.11569809389137
magnetic_norm,21.355,41.54171292474501
magnetic_norm,21.455,41.510097800209806
magnetic_norm,21.554,41.52154170686812
magnetic_norm,21.654,41.58047484613293
magnetic_norm,21.753,41.62615229183333
magnetic_norm,21.853,41.72413134140413
magnetic_norm,21.964,41.69251606973644
magnetic_norm,22.052,41.39583301195905
magnetic_norm,22.152,41.30385705906542
magnetic_norm,22.251,41.66092742478358
magnetic_norm,22.351,41.19625603522977
magnetic_norm,22.45,41.202316410812486
magnetic_norm,22.55,41.20055454917321
magnetic_norm,22.649,41.583745352643604
magnetic_norm,22.749,41.54162063355675
magnetic_norm,22.848,41.977480811962515
magnetic_norm,22.953,42.32775785820477
magnetic_norm,23.047,42.22012699533652
magnetic_norm,23.147,42.649811396519276
magnetic_norm,23.277,43.30643538567356
magnetic_norm,23.346,43.846917017379894
magnetic_norm,23.446,45.09835520690105
magnetic_norm,23.545,44.77107235198059
magnetic_norm,23.644,45.64828888067719
magnetic_norm,23.744,46.68520404087427
magnetic_norm,23.844,47.40377200257274
magnetic_norm,23.943,47.79112765212734
magnetic_norm,24.043,49.07405184334595
magnetic_norm,24.142,50.592101543729626
magnetic_norm,24.242,51.70370288109823
magnetic_norm,24.341,52.565086414548084
magnetic_norm,24.441,54.03037145711934
magnetic_norm,24.546,55.1194786601814
magnetic_norm,24.64,55.99875286768996
magnetic_norm,24.739,57.05811631536675
magnetic_norm,24.869,57.384325173884605
magnetic_norm,24.938,58.01549699589527
magnetic_norm,25.038,58.2883342973223
magnetic_norm,25.138,57.847763917541315
magnetic_norm,25.237,57.776183222324136
magnetic_norm,25.337,56.98148233626939
magnetic_norm,25.436,56.14422207608229
magnetic_norm,25.535,55.22274597733682
magnetic_norm,25.635,54.443226788814286
magnetic_norm,25.735,53.76810478350343
magnetic_norm,25.834,52.43338038156289
magnetic_norm,25.934,51.73727503232581
magnetic_norm,26.035,50.37831890744635
magnetic_norm,26.133,50.244488297171664
magnetic_norm,26.232,49.194939345901325
magnetic_norm,26.332,48.602038034453386
magnetic_norm,26.457,47.73915582983773
magnetic_norm,26.531,46.62867436113998
magnetic_norm,26.63,46.10117104526103
magnetic_norm,26.73,45.640680801802986
magnetic_norm,26.829,45.16163015353753
magnetic_norm,26.929,44.98956272851738
magnetic_norm,27.028,44.39955885804531
magnetic_norm,27.128,44.46672641841923
magnetic_norm,27.228,43.99447358626688
magnetic_norm,27.327,43.91948544937997
magnetic_norm,27.43,44.214769562502305
magnetic_norm,27.526,43.85517430123647
magnetic_norm,27.626,43.60855815501533
magnetic_norm,27.753,43.72706862290374
magnetic_norm,27.825,43.5350285215667
magnetic_norm,27.924,43.60171258323704
magnetic_norm,28.024,43.95207357523872
magnetic_norm,28.123,44.002531921030865
magnetic_norm,28.223,43.65830316871794
magnetic_norm,28.323,43.885958336164656
magnetic_norm,28.422,43.26610814725438
magnetic_norm,28.522,43.195480238074865
magnetic_norm,28.621,42.99339410133647
magnetic_norm,28.728,43.53156915077748
magnetic_norm,28.82,42.9826997501515
magnetic_norm,28.92,43.11055321880605
magnetic_norm,29.048,43.161588985887725
magnetic_norm,29.118,42.95083370566446
magnetic_norm,29.218,43.105715737605095
magnetic_norm,29.318,43.02249666524119
magnetic_norm,29.417,42.46520967762636
magnetic_norm,29.517,42.33778958149623
magnetic_norm,29.616,42.11859700541753
magnetic_norm,29.716,41.79682680010662
magnetic_norm,29.815,41.059903780576846
magnetic_norm,29.915,40.00075955117764
magnetic_norm,30.014,39.01587852627012
magnetic_norm,30.114,38.34205184667245
magnetic_norm,30.214,37.82715593527035
magnetic_norm,30.313,37.299737141297555
magnetic_norm,30.413,36.80157172795032
magnetic_norm,30.512,36.2122443186777
magnetic_norm,30.611,35.48720900167897
magnetic_norm,30.711,35.427040608647125
magnetic_norm,30.811,34.55424781790562
magnetic_norm,30.91,35.1811801557158
magnetic_norm,31.01,34.94300425500302
magnetic_norm,31.109,34.5361880698466
magnetic_norm,31.23,34.98007960778204
magnetic_norm,31.308,35.38749533925705
magnetic_norm,31.427,35.317181920583884
magnetic_norm,31.507,35.433670512959736
magnetic_norm,31.607,35.28424468401294
magnetic_norm,31.707,35.23529103770455
magnetic_norm,31.806,35.244504473254715
magnetic_norm,31.905,35.24213579688105
magnetic_norm,32.005,35.234091145566396
magnetic_norm,32.105,36.24327683183475
magnetic_norm,32.209,36.3004449553112
magnetic_norm,32.304,36.3594784239989
magnetic_norm,32.403,36.674549477089656
magnetic_norm,32.521,36.852427747409685
magnetic_norm,32.602,36.589183475883935
magnetic_norm,32.702,36.92600264420661
magnetic_norm,32.801,36.84287091121486
magnetic_norm,32.901,37.205319532717745
magnetic_norm,33.0,37.1138011522926
magnetic_norm,33.1,36.51815344463375
magnetic_norm,33.199,36.96372949930905
magnetic_norm,33.299,37.459383635992026
magnetic_norm,33.398,37.685564469254984
magnetic_norm,33.503,37.72291475914058
magnetic_norm,33.598,37.45895720455
magnetic_norm,33.697,37.635687559134425
magnetic_norm,33.828,38.14149383389108
magnetic_norm,33.896,37.986773782657274
magnetic_norm,33.996,37.967652946462
magnetic_norm,34.095,37.676704190182555
magnetic_norm,34.195,37.19077127431039
magnetic_norm,34.294,37.13383184911782
magnetic_norm,34.394,36.925898248654825
magnetic_norm,34.493,37.26040739149598
magnetic_norm,34.593,37.09265250323146
magnetic_norm,34.692,37.238446905869644
magnetic_norm,34.792,37.468669635829464
magnetic_norm,34.891,36.906746393344314
magnetic_norm,34.991,36.99669369013701
magnetic_norm,35.09,36.91980588273278
magnetic_norm,35.19,37.115080909471146
magnetic_norm,35.289,36.68166496809393
magnetic_norm,35.415,36.54695606253936
magnetic_norm,35.489,36.505128260711416
magnetic_norm,35.588,36.19876260991734
magnetic_norm,35.688,36.70169441755518
magnetic_norm,35.787,36.75846456254375
magnetic_norm,35.886,36.39306325066148
magnetic_norm,35.986,36.386198886678926
magnetic_norm,36.085,36.2544069442485
magnetic_norm,36.185,36.150945430409976
magnetic_norm,36.285,36.71120810020929
magnetic_norm,36.384,36.44626831465482
magnetic_norm,36.484,36.27763081347946
magnetic_norm,36.583,36.29741807417016
magnetic_norm,36.689,36.356134018016014
magnetic_norm,36.783,36.08054204575428
magnetic_norm,36.882,36.36043072692099
magnetic_norm,37.013,36.29976064789225
magnetic_norm,37.081,36.441008294877754
magnetic_norm,37.18,36.571154615393965
magnetic_norm,37.28,36.609120014778405
magnetic_norm,37.379,37.317641913283275
magnetic_norm,37.479,37.890005944583535
magnetic_norm,37.579,38.45813345274577
magnetic_norm,37.678,39.60405689518982
magnetic_norm,37.778,39.82731046709799
magnetic_norm,37.897,40.407592664570195
magnetic_norm,37.98,40.74084767614105
magnetic_norm,38.076,40.66814973520248
magnetic_norm,38.176,40.95401564928147
magnetic_norm,38.306,41.446755557292015
magnetic_norm,38.375,41.45355686954169
magnetic_norm,38.475,41.88866958914361
magnetic_norm,38.574,41.742658704892975
magnetic_norm,38.673,41.813120638334965
magnetic_norm,38.773,41.69819237609591
magnetic_norm,38.873,41.29450569689816
magnetic_norm,38.972,41.08156595921362
magnetic_norm,39.072,40.12418948480264
magnetic_norm,39.171,39.89515923238136
magnetic_norm,39.27,39.46954219301336
magnetic_norm,39.37,39.25018608271061
magnetic_norm,39.47,39.399298499680505
magnetic_norm,39.619,39.42507560492391
magnetic_norm,39.669,39.4254964975352
magnetic_norm,39.768,39.388226023061925
magnetic_norm,39.868,39.391367534192334
magnetic_norm,39.967,39.38868659477798
magnetic_norm,40.067,39.14573500566411
magnetic_norm,40.167,39.36332354421762
magnetic_norm,40.266,39.07499843435517
magnetic_norm,40.366,38.845616355016276
magnetic_norm,40.465,38.88651923412015
magnetic_norm,40.57,38.942360169808104
magnetic_norm,40.664,38.90871184718052
magnetic_norm,40.764,39.31388597942292
magnetic_norm,40.893,39.492164308987526
magnetic_norm,40.963,40.00913726166669
magnetic_norm,41.062,40.056336615272826
magnetic_norm,41.162,40.94938808766333
magnetic_norm,41.261,41.38866426628491
magnetic_norm,41.361,41.796147737022196
magnetic_norm,41.46,42.44097051136288
magnetic_norm,41.56,42.817528448005426
magnetic_norm,41.659,42.77675136338647
magnetic_norm,41.759,42.75971383185399
magnetic_norm,41.865,43.37898713341971
magnetic_norm,41.958,43.43920491241499
magnetic_norm,42.058,43.69345861649183
magnetic_norm,42.186,43.89876952429788
magnetic_norm,42.256,44.07006782091683
magnetic_norm,42.356,43.54856280676939
magnetic_norm,42.456,43.51865367324538
magnetic_norm,42.555,43.60589878048327
magnetic_norm,42.655,43.52845999533877
magnetic_norm,42.754,43.33988563624957
magnetic_norm,42.854,43.387975637993335
magnetic_norm,42.953,43.54731354406086
magnetic_norm,43.053,43.699621630575976
magnetic_norm,43.152,43.87033481959947
magnetic_norm,43.252,43.807842137375424
magnetic_norm,43.351,43.84062828648487
magnetic_norm,43.479,44.01976641962476
magnetic_norm,43.55,44.4340153610773
magnetic_norm,43.65,44.53844270508012
magnetic_norm,43.75,44.403258642318725
magnetic_norm,43.849,44.45951938600007
magnetic_norm,43.949,43.99566175745163
magnetic_norm,44.048,44.17551508402675
magnetic_norm,44.147,44.175171787681506
magnetic_norm,44.247,44.325420445715814
magnetic_norm,44.36,44.285455393138264
magnetic_norm,44.45,43.98227318778755
magnetic_norm,44.546,43.970135194809686
magnetic_norm,44.645,43.997992057101975
magnetic_norm,44.773,43.75427387563414
magnetic_norm,44.844,43.43411037551669
magnetic_norm,44.944,43.14754711379685
magnetic_norm,45.044,43.18065974670623
magnetic_norm,45.143,42.69828857570296
magnetic_norm,45.243,42.444253886073035
magnetic_norm,45.342,42.474284934262826
magnetic_norm,45.441,42.14662590592734
magnetic_norm,45.541,42.12467273462789
magnetic_norm,45.641,41.86426932233261
magnetic_norm,45.771,42.17841840162402
magnetic_norm,45.839,42.25714070379757
magnetic_norm,45.939,42.258108452112275
magnetic_norm,46.039,41.93538009850882
magnetic_norm,46.138,42.00199103970063
magnetic_norm,46.238,42.14310625881988
magnetic_norm,46.337,41.91391751778227
magnetic_norm,46.437,42.26956213534988
magnetic_norm,46.536,42.01935531911193
magnetic_norm,46.636,41.84446681857226
magnetic_norm,46.735,41.77123592122219
magnetic_norm,46.835,42.17182567739348
magnetic_norm,46.935,41.94480982048712
magnetic_norm,47.062,42.13582250531934
magnetic_norm,47.134,42.35024101471034
magnetic_norm,47.233,42.58714907159336
magnetic_norm,47.333,42.910465130932536
magnetic_norm,47.432,42.78446342341081
magnetic_norm,47.532,43.01072715580143
magnetic_norm,47.631,42.598030817982654
magnetic_norm,47.731,42.60956178994057
magnetic_norm,47.83,42.670581508192726
magnetic_norm,47.93,42.24860628033614
magnetic_norm,48.029,42.39331687964247
magnetic_norm,48.129,42.490923020027374
magnetic_norm,48.228,42.4052019469747
magnetic_norm,48.336,42.096432979293894
magnetic_norm,48.427,42.05788575979314
magnetic_norm,48.527,41.62251204616707
magnetic_norm,48.659,41.195596466165554
magnetic_norm,48.726,41.415428613287986
magnetic_norm,48.826,40.84138503865407
magnetic_norm,48.925,40.65424614345231
magnetic_norm,49.024,40.39852285541775
magnetic_norm,49.124,40.18818111680833
magnetic_norm,49.223,40.65802731822516
magnetic_norm,49.323,40.75710878156115
magnetic_norm,49.423,41.04784593537563
magnetic_norm,49.522,40.83618217835571
magnetic_norm,49.627,40.635566153459735
magnetic_norm,49.721,40.779072138057614
magnetic_norm,49.821,40.4171933872909
magnetic_norm,49.952,40.48937002197883
magnetic_norm,50.02,40.66465530529127
magnetic_norm,50.119,40.683806807867185
magnetic_norm,50.219,40.483542875517024
magnetic_norm,50.318,40.41240451890271
magnetic_norm,50.418,40.63016827555321
magnetic_norm,50.518,40.71111816885972
magnetic_norm,50.617,40.69553747398588
magnetic_norm,50.717,41.139717882359484
magnetic_norm,50.834,41.26676639170869
magnetic_norm,50.915,41.17237129343422
magnetic_norm,51.015,41.538182047705256
magnetic_norm,51.115,41.86102774268176
magnetic_norm,51.214,42.63812473667401
magnetic_norm,51.314,43.131003154143485
magnetic_norm,51.413,43.90409363695739
magnetic_norm,51.513,44.5774426453747
magnetic_norm,51.612,44.97712130501518
magnetic_norm,51.712,45.41281754294918
magnetic_norm,51.811,44.78038682762609
magnetic_norm,51.911,45.60310113486804
magnetic_norm,52.01,45.575397214832044
magnetic_norm,52.11,45.60338385275833
magnetic_norm,52.215,45.52191568171511
magnetic_norm,52.309,45.6309455380855
magnetic_norm,52.409,45.38483967489091
magnetic_norm,52.537,45.456432632209406
magnetic_norm,52.608,45.80123474830124
magnetic_norm,52.707,45.350272183122144
magnetic_norm,52.807,44.80701502875886
magnetic_norm,52.906,45.171881002226094
magnetic_norm,53.006,44.69785801857744
magnetic_norm,53.105,44.91956921287684
magnetic_norm,53.205,44.83034589695863
magnetic_norm,53.304,44.67909763138552
magnetic_norm,53.404,43.95030505059075
magnetic_norm,53.51,43.77829181809789
magnetic_norm,53.603,43.684386052401074
magnetic_norm,53.703,43.27828900439083
magnetic_norm,53.833,42.79076404716806
magnetic_norm,53.901,42.48189326598357
magnetic_norm,54.001,42.02954244250761
magnetic_norm,54.101,41.153707695513724
magnetic_norm,54.2,40.81115933874007
magnetic_norm,54.3,40.58994747729885
magnetic_norm,54.399,40.471843477994646
magnetic_norm,54.499,40.27170368193789
magnetic_norm,54.598,39.8975544776351
magnetic_norm,54.698,39.47617427357772
magnetic_norm,54.797,39.15606563914601
magnetic_norm,54.897,39.17919725542923
magnetic_norm,54.996,39.38899263880746
magnetic_norm,55.096,39.53535091011525
magnetic_norm,55.196,39.73883252419499
magnetic_norm,55.295,39.61872944783493
magnetic_norm,55.422,39.54021404500673
magnetic_norm,55.494,39.83930150478165
magnetic_norm,55.594,39.915064367945156
magnetic_norm,55.693,40.110076338707444
magnetic_norm,55.793,39.895354696640375
magnetic_norm,55.892,39.94574815641629
magnetic_norm,55.992,39.922919254693994
magnetic_norm,56.091,39.79507443499306
magnetic_norm,56.191,39.56431817001213
magnetic_norm,56.29,39.46111090122964
magnetic_norm,56.397,39.19125027049983
magnetic_norm,56.489,39.2305043157855
magnetic_norm,56.589,38.83106299254891
magnetic_norm,56.719,38.061839992343735
magnetic_norm,56.788,38.31870631047577
magnetic_norm,56.887,38.1082044313047
magnetic_norm,56.987,37.831693537978154
magnetic_norm,57.086,37.97275566270159
magnetic_norm,57.186,37.91193637291221
magnetic_norm,57.286,37.93574774080173
magnetic_norm,57.385,37.84455932268629
magnetic_norm,57.484,37.90001188975666
magnetic_norm,57.584,37.7139296156605
magnetic_norm,57.684,37.614369195265866
magnetic_norm,57.783,37.14492054662312
magnetic_norm,57.883,36.74231819256452
magnetic_norm,57.986,36.42908063976093
magnetic_norm,58.082,36.30816429130461
magnetic_norm,58.181,35.87718200208029
magnetic_norm,58.31,35.37633685166507
magnetic_norm,58.38,35.08945211588526
magnetic_norm,58.48,34.56939613339853
magnetic_norm,58.58,34.15664421770034
magnetic_norm,58.679,33.90590744080609
magnetic_norm,58.779,33.937068427541114
magnetic_norm,58.878,33.92127362671674
magnetic_norm,58.977,33.46486120768331
magnetic_norm,59.077,33.38047988183117
magnetic_norm,59.177,33.082503916564804
magnetic_norm,59.276,33.18835294536564
magnetic_norm,59.376,33.05513494846827
magnetic_norm,59.475,32.79810123385616
magnetic_norm,59.592,32.441378385317925
magnetic_norm,59.674,32.22195146845985
magnetic_norm,59.774,32.23884422809683
magnetic_norm,59.874,32.040725366945175
magnetic_norm,59.973,31.641802632315812
magnetic_norm,60.072,31.6792856709072
magnetic_norm,60.172,31.558722471950347
magnetic_norm,60.271,31.616216263820778
magnetic_norm,60.371,31.692888424466013
magnetic_norm,60.471,31.670950924252775
magnetic_norm,60.57,31.674806890053727
magnetic_norm,60.67,31.572339943812057
magnetic_norm,60.769,31.97251366016749
magnetic_norm,60.874,31.833097363341096
magnetic_norm,60.968,32.16143840498602
magnetic_norm,61.068,32.27032601044966
magnetic_norm,61.198,32.34513609792548
magnetic_norm,61.267,32.582001771664615
magnetic_norm,61.366,32.668135012081635
magnetic_norm,61.466,32.90439232593711
magnetic_norm,61.565,33.26695928023735
magnetic_norm,61.665,33.233579718405
magnetic_norm,61.764,33.461779021180995
magnetic_norm,61.864,33.275735995070725
magnetic_norm,61.964,33.969755387656875
magnetic_norm,62.063,34.15823214123069
magnetic_norm,62.168,34.45552446487845
magnetic_norm,62.262,34.209411782694495
magnetic_norm,62.362,34.093469260874116
magnetic_norm,62.494,34.134568984037706
magnetic_norm,62.56,34.33181053050708
magnetic_norm,62.66,34.1010238362162
magnetic_norm,62.76,34.04982250960914
magnetic_norm,62.859,33.85063128330667
magnetic_norm,62.959,33.70468056050863
magnetic_norm,63.058,33.47275809564049
magnetic_norm,63.158,32.88742353268865
magnetic_norm,63.258,32.687512182244525
magnetic_norm,63.357,32.3932040029203
magnetic_norm,63.456,32.25429000756749
magnetic_norm,63.556,31.764098643091696
magnetic_norm,63.656,31.697374174954124
magnetic_norm,63.757,32.051400674919556
magnetic_norm,63.855,31.339291575261154
magnetic_norm,63.954,30.789273071139867
magnetic_norm,64.081,30.87384693358532
magnetic_norm,64.153,30.897337840067266
magnetic_norm,64.253,30.503696589207596
magnetic_norm,64.352,30.446352114202206
magnetic_norm,64.452,30.094338536742033
magnetic_norm,64.551,29.67955560692907
magnetic_norm,64.651,29.661717112189187
magnetic_norm,64.75,29.48453223538061
magnetic_norm,64.85,29.656553498128865
magnetic_norm,64.949,30.028480573526355
magnetic_norm,65.054,30.60186710218524
magnetic_norm,65.148,31.072554663017616
magnetic_norm,65.248,31.61331391267293
magnetic_norm,65.375,32.46535847606818
magnetic_norm,65.447,33.84127184825938
magnetic_norm,65.547,34.431138659516414
magnetic_norm,65.646,36.110871308397
magnetic_norm,65.745,37.56198751982545
magnetic_norm,65.845,38.71446187576067
magnetic_norm,65.945,40.24766963098253
magnetic_norm,66.044,42.02903119994618
magnetic_norm,66.144,43.76801393254406
magnetic_norm,66.243,45.173034886749726
magnetic_norm,66.348,45.86423852395431
magnetic_norm,66.442,46.67761427688225
magnetic_norm,66.542,47.37215322440653
magnetic_norm,66.672,48.11045695649723
magnetic_norm,66.741,48.985247317379965
magnetic_norm,66.841,50.54810009918277
magnetic_norm,66.94,51.28933284764556
magnetic_norm,67.039,52.24263759126143
magnetic_norm,67.139,52.44165335627743
magnetic_norm,67.239,52.541450843791
magnetic_norm,67.338,52.60536689742956
magnetic_norm,67.438,52.388366272957946
magnetic_norm,67.537,51.4872650329781
magnetic_norm,67.637,51.478169967207286
magnetic_norm,67.752,50.901874541894415
magnetic_norm,67.836,50.91318888154421
magnetic_norm,67.964,50.84078042959935
magnetic_norm,68.035,50.518673562639975
magnetic_norm,68.134,50.51903007008399
magnetic_norm,68.234,50.25117629478021
magnetic_norm,68.333,49.78926632526948
magnetic_norm,68.433,49.60787132599375
magnetic_norm,68.533,49.38640671161606
magnetic_norm,68.632,48.993341071938886
magnetic_norm,68.732,48.69241466487435
magnetic_norm,68.831,48.999674598294924
magnetic_norm,68.935,48.54880573994998
magnetic_norm,69.03,48.10407432494642
magnetic_norm,69.13,47.900019229677454
magnetic_norm,69.253,47.49514621748834
magnetic_norm,69.329,47.79981859041784
magnetic_norm,69.428,47.40545908653931
magnetic_norm,69.528,46.87248560474174
magnetic_norm,69.627,46.432738067125264
magnetic_norm,69.727,46.21948217461971
magnetic_norm,69.826,45.75394704714139
magnetic_norm,69.926,45.25219271111504
magnetic_norm,70.025,45.020580695900506
magnetic_norm,70.125,44.641743286836785
magnetic_norm,70.231,44.18267234133613
magnetic_norm,70.324,43.85424554548051
magnetic_norm,70.424,43.590653308626976
magnetic_norm,70.556,43.17049211077263
magnetic_norm,70.622,43.18303344329909
magnetic_norm,70.722,43.19136758180968
magnetic_norm,70.822,43.40600594702441
magnetic_norm,70.921,43.91436358315764
magnetic_norm,71.021,44.42852053706475
magnetic_norm,71.12,45.272894400595845
magnetic_norm,71.22,45.20691744510831
magnetic_norm,71.33,46.05415733898496
magnetic_norm,71.419,45.94468071703478
magnetic_norm,71.518,46.3178390758796
magnetic_norm,71.618,46.48186869978347
magnetic_norm,71.717,46.922536364039225
magnetic_norm,71.817,47.47713863362216
magnetic_norm,71.916,47.63702311840405
magnetic_norm,72.016,47.91238767808977
magnetic_norm,72.115,48.38026194978246
magnetic_norm,72.215,48.677877585026145
magnetic_norm,72.315,48.93335080203501
magnetic_norm,72.414,48.938052464746775
magnetic_norm,72.514,49.47872537399072
magnetic_norm,72.613,49.457328610622056
magnetic_norm,72.713,49.59980982704957
magnetic_norm,72.812,49.81809787968101
magnetic_norm,72.912,49.798022121536384
magnetic_norm,73.011,49.94405434409825
magnetic_norm,73.116,49.88823360126772
magnetic_norm,73.21,49.66334184072713
magnetic_norm,73.31,49.95645099666396
magnetic_norm,73.439,49.84367708525423
magnetic_norm,73.509,49.92235892875175
magnetic_norm,73.608,49.81355280194281
magnetic_norm,73.708,50.104152950433445
magnetic_norm,73.807,50.19142134884866
magnetic_norm,73.907,50.2770543911786
magnetic_norm,74.007,50.26865830925183
magnetic_norm,74.106,50.1320537368983
magnetic_norm,74.22,50.43902313911936
magnetic_norm,74.305,50.60382767625533
magnetic_norm,74.41,50.452907331580555
magnetic_norm,74.504,50.453191028658594
magnetic_norm,74.604,50.45370164742334
magnetic_norm,74.732,50.528456100161165
magnetic_norm,74.803,50.5942433880858
magnetic_norm,74.903,50.59182899596049
magnetic_norm,75.002,50.33199887424262
magnetic_norm,75.101,50.20414006390181
magnetic_norm,75.201,50.428890643216555
magnetic_norm,75.301,50.245794368142974
magnetic_norm,75.4,50.01887892048982
magnetic_norm,75.5,50.277984385504915
magnetic_norm,75.599,50.14412231478722
magnetic_norm,75.698,50.233805774505264
magnetic_norm,75.798,50.04103043221923
magnetic_norm,75.898,50.087054621101856
magnetic_norm,75.997,50.00781081890097
magnetic_norm,76.097,50.32854848163196
magnetic_norm,76.196,50.18009526459394
magnetic_norm,76.296,50.24685191671019
magnetic_norm,76.395,50.113694640363484
magnetic_norm,76.495,50.43361652893218
magnetic_norm,76.594,50.12957270818635
magnetic_norm,76.696,50.27268911929501
magnetic_norm,76.794,50.518136819865305
magnetic_norm,76.893,50.41715514262926
magnetic_norm,76.998,50.32558036342098
magnetic_norm,77.092,50.40690194662941
magnetic_norm,77.192,50.35006616650537
magnetic_norm,77.319,50.22650979832724
magnetic_norm,77.391,50.37854820171255
magnetic_norm,77.49,50.259484118774424
magnetic_norm,77.59,50.14033861830444
magnetic_norm,77.689,50.25112111639737
magnetic_norm,77.792,50.481159258566535
magnetic_norm,77.888,50.303074041656366
magnetic_norm,77.988,50.58980642760296
magnetic_norm,78.087,50.910959030741736
magnetic_norm,78.187,50.688863703267174
magnetic_norm,78.291,51.104289730688514
magnetic_norm,78.386,51.024308601527295
pressure,1.031,998.8921356201172
pressure,2.037,998.8949584960938
pressure,3.075,998.8978576660156
pressure,4.057,998.9007568359375
pressure,5.073,998.9058685302734
pressure,6.585,998.9072418212891
pressure,7.67,998.9072418212891
pressure,8.748,998.9072418212891
pressure,9.819,998.9080047607422
pressure,10.905,998.9080047607422
pressure,11.984,998.9077758789062
pressure,13.054,998.9077758789062
pressure,14.139,998.9092254638672
pressure,15.228,998.9092254638672
pressure,16.289,998.9077758789062
pressure,17.374,998.9070892333984
pressure,18.452,998.9057159423828
pressure,19.533,998.9054870605469
pressure,20.609,998.9057159423828
pressure,21.683,998.9064788818359
pressure,22.778,998.9076232910156
pressure,23.844,998.90869140625
pressure,24.918,998.90869140625
pressure,26.003,998.9090728759766
pressure,27.078,998.9086151123047
pressure,28.154,998.9086151123047
pressure,29.238,998.9081573486328
pressure,30.313,998.9081573486328
pressure,31.398,998.9085388183594
pressure,32.472,998.9089202880859
pressure,33.547,998.9089202880859
pressure,34.632,998.9076232910156
pressure,35.707,998.9070892333984
pressure,36.782,998.9047241210938
pressure,37.867,998.9041137695312
pressure,38.942,998.9041137695312
pressure,40.017,998.9041137695312
pressure,41.102,998.9043426513672
pressure,42.186,998.9043426513672
pressure,43.252,998.9060211181641
pressure,44.336,998.9067840576172
pressure,45.415,998.9069366455078
pressure,46.496,998.9081573486328
pressure,47.571,998.9082336425781
pressure,48.659,998.9096832275391
pressure,49.731,998.9096832275391
pressure,50.806,998.9101409912109
pressure,51.891,998.9109802246094
pressure,52.966,998.9140319824219
pressure,54.041,998.9140319824219
pressure,55.116,998.9140319824219
pressure,56.219,998.9138031005859
pressure,57.276,998.9138031005859
pressure,58.35,998.9094543457031
pressure,59.435,998.9089965820312
pressure,60.51,998.9083099365234
pressure,61.595,998.9089965820312
pressure,62.67,998.9092254638672
pressure,63.751,998.9092254638672
pressure,64.83,998.9092254638672
pressure,65.905,998.9084625244141
pressure,66.988,998.9079284667969
pressure,68.065,998.9067077636719
pressure,69.139,998.9048767089844
pressure,70.231,998.9027404785156
pressure,71.299,998.9012145996094
pressure,72.374,998.8999938964844
pressure,73.449,998.8999176025391
pressure,74.534,998.8965606689453
pressure,75.63,998.8954162597656
pressure,76.694,998.8954162597656
pressure,77.769,998.8951873779297
device_yaw,0.056,9.551092208600112
device_yaw,0.106,9.266727913788868
device_yaw,0.156,9.004967134874573
device_yaw,0.206,8.773778363386162
device_yaw,0.256,8.549421147604567
device_yaw,0.306,8.325967941915216
device_yaw,0.356,7.83544580550909
device_yaw,0.406,7.372323119203788
device_yaw,0.456,6.889938567713665
device_yaw,0.506,6.377793762663696
device_yaw,0.556,5.8249772840678995
device_yaw,0.606,5.169989439887218
device_yaw,0.656,4.3398369841899
device_yaw,0.706,3.330586479425297
device_yaw,0.756,2.145160308215878
device_yaw,0.806,0.8324393434168506
device_yaw,0.856,-0.6039174726405931
device_yaw,0.906,-2.1629825178453945
device_yaw,0.956,-3.8841166196396326
device_yaw,1.006,-5.6554552540175855
device_yaw,1.056,-7.4164088947703135
device_yaw,1.106,-9.183862801119485
device_yaw,1.156,-10.951165424475176
device_yaw,1.206,-12.741708898597334
device_yaw,1.256,-14.535699496947705
device_yaw,1.306,-16.392525221640756
device_yaw,1.356,-18.34458943041732
device_yaw,1.406,-20.385112205226754
device_yaw,1.456,-22.516322535051582
device_yaw,1.506,-24.697209874752318
device_yaw,1.556,-26.998668135412398
device_yaw,1.606,-29.485008806451074
device_yaw,1.656,-32.08542532025041
device_yaw,1.706,-34.68312141968847
device_yaw,1.756,-37.41721522566645
device_yaw,1.806,-40.11594154398871
device_yaw,1.856,-42.79736243761234
device_yaw,1.906,-45.44366879850563
device_yaw,1.956,-48.101194973684365
device_yaw,2.006,-50.810475624388076
device_yaw,2.056,-53.564362318553506
device_yaw,2.106,-56.323804735046025
device_yaw,2.156,-58.97816671299134
device_yaw,2.206,-61.49412983440322
device_yaw,2.256,-63.95545514983874
device_yaw,2.306,-66.13765694807138
device_yaw,2.356,-68.16469347178818
device_yaw,2.406,-69.94414912893424
device_yaw,2.456,-71.53656431994527
device_yaw,2.506,-72.82547145813913
device_yaw,2.556,-73.7491504191412
device_yaw,2.606,-74.34491040727613
device_yaw,2.656,-74.6869921576395
device_yaw,2.706,-74.9013710417155
device_yaw,2.756,-75.07547512136479
device_yaw,2.806,-75.19100622183579
device_yaw,2.856,-75.26628562862403
device_yaw,2.906,-75.3618234114794
device_yaw,2.956,-75.47906233214188
device_yaw,3.006,-75.56387180074051
device_yaw,3.056,-75.71635511326764
device_yaw,3.106,-75.96581735508899
device_yaw,3.156,-76.33784810029162
device_yaw,3.206,-76.8074126851938
device_yaw,3.256,-77.40754230339897
device_yaw,3.306,-78.1347893339405
device_yaw,3.356,-78.9651280296814
device_yaw,3.406,-79.84948980225231
device_yaw,3.456,-80.6885376520866
device_yaw,3.506,-81.48340914120065
device_yaw,3.556,-82.2511788179397
device_yaw,3.606,-82.93965994302602
device_yaw,3.656,-83.57825011301792
device_yaw,3.706,-84.04604840179074
device_yaw,3.756,-84.37335221256157
device_yaw,3.806,-84.44101962864602
device_yaw,3.856,-84.2188295410567
device_yaw,3.906,-83.83455372132435
device_yaw,3.956,-83.38331822658269
device_yaw,4.006,-82.95672166546687
device_yaw,4.056,-82.58078480857424
device_yaw,4.106,-82.22035225083786
device_yaw,4.156,-81.87571900651477
device_yaw,4.206,-81.56615843135613
device_yaw,4.256,-81.42971804959853
device_yaw,4.306,-81.43425744778489
device_yaw,4.356,-81.70361927351775
device_yaw,4.406,-82.15535506933995
device_yaw,4.456,-82.76076107994564
device_yaw,4.506,-83.46244274367982
device_yaw,4.556,-84.19416517282505
device_yaw,4.606,-84.88679901405258
device_yaw,4.656,-85.56028131854565
device_yaw,4.706,-86.29898369393594
device_yaw,4.756,-87.04863532495312
device_yaw,4.806,-87.66931823086303
device_yaw,4.856,-88.09016250857096
device_yaw,4.906,-88.17713870987569
device_yaw,4.956,-88.09020601756032
device_yaw,5.006,-87.69263093243832
device_yaw,5.056,-87.05249187740384
device_yaw,5.106,-86.26264907741545
device_yaw,5.156,-85.44345341146662
device_yaw,5.206,-84.66888072640614
device_yaw,5.256,-83.90587367997415
device_yaw,5.306,-83.1295783069049
device_yaw,5.356,-82.402641743226
device_yaw,5.406,-81.78468502982693
device_yaw,5.456,-81.36525872520632
device_yaw,5.506,-81.10233562255576
device_yaw,5.556,-81.09758466094854
device_yaw,5.606,-81.31859712094193
device_yaw,5.656,-81.82828659228767
device_yaw,5.706,-82.45807385511976
device_yaw,5.756,-83.04216465890805
device_yaw,5.806,-83.55392133440118
device_yaw,5.856,-84.04280235412499
device_yaw,5.906,-84.47510072897029
device_yaw,5.956,-84.81345053424613
device_yaw,6.006,-84.97430500941636
device_yaw,6.056,-84.96619006309045
device_yaw,6.106,-84.8066929844524
device_yaw,6.156,-84.47775752085089
device_yaw,6.206,-83.92439304324348
device_yaw,6.256,-83.28415769891681
device_yaw,6.306,-82.71001058542014
device_yaw,6.356,-82.23614675008905
device_yaw,6.406,-81.8544358423044
device_yaw,6.456,-81.60494068492626
device_yaw,6.506,-81.50316726638867
device_yaw,6.556,-81.6980859590351
device_yaw,6.606,-82.13804987583529
device_yaw,6.656,-82.69302005643277
device_yaw,6.706,-83.36126339715543
device_yaw,6.756,-84.12083204074344
device_yaw,6.806,-84.92451165092324
device_yaw,6.856,-85.68595086149611
device_yaw,6.906,-86.36296959881847
device_yaw,6.956,-86.95641310051695
device_yaw,7.006,-87.4730069376708
device_yaw,7.056,-87.92469582955442
device_yaw,7.106,-88.20541483144102
device_yaw,7.156,-88.30798940233238
device_yaw,7.206,-88.32990074992935
device_yaw,7.256,-88.29238880315049
device_yaw,7.306,-88.19530586597139
device_yaw,7.356,-88.0703322405336
device_yaw,7.406,-87.95702578220131
device_yaw,7.456,-87.86310475312774
device_yaw,7.506,-87.77949221854863
device_yaw,7.556,-87.71337680831336
device_yaw,7.606,-87.66144525654809
device_yaw,7.656,-87.60340568297711
device_yaw,7.706,-87.53999409412432
device_yaw,7.756,-87.47111772342132
device_yaw,7.806,-87.39562072672116
device_yaw,7.856,-87.30372274842723
device_yaw,7.906,-87.18979226286118
device_yaw,7.956,-87.04899968886807
device_yaw,8.006,-86.8938766551627
device_yaw,8.056,-86.72011281345716
device_yaw,8.106,-86.5330116587559
device_yaw,8.156,-86.34382868109616
device_yaw,8.206,-86.1862108603939
device_yaw,8.256,-86.07199447326148
device_yaw,8.306,-85.99110907857337
device_yaw,8.356,-85.91689262415657
device_yaw,8.406,-85.84052888726961
device_yaw,8.456,-85.77180343525109
device_yaw,8.506,-85.71539222097898
device_yaw,8.556,-85.67024380369642
device_yaw,8.606,-85.63340585243446
device_yaw,8.656,-85.59815860138518
device_yaw,8.706,-85.57089533896227
device_yaw,8.756,-85.5397864029105
device_yaw,8.806,-85.49889879457083
device_yaw,8.856,-85.46841350574925
device_yaw,8.906,-85.45448488794445
device_yaw,8.956,-85.45180301563018
device_yaw,9.006,-85.45337627529604
device_yaw,9.056,-85.4504028614014
device_yaw,9.106,-85.4355391006344
device_yaw,9.156,-85.4131118908727
device_yaw,9.206,-85.37440845139564
device_yaw,9.256,-85.31157266307126
device_yaw,9.306,-85.23137950676008
device_yaw,9.356,-85.14445423640126
device_yaw,9.406,-85.0426102079107
device_yaw,9.456,-84.9430761089703
device_yaw,9.506,-84.86819809478325
device_yaw,9.556,-84.81408086750683
device_yaw,9.606,-84.7901368860282
device_yaw,9.656,-84.78544760199078
device_yaw,9.706,-84.79899365948943
device_yaw,9.756,-84.81856383697892
device_yaw,9.806,-84.80145565227026
device_yaw,9.856,-84.72226912788454
device_yaw,9.906,-84.54488953796701
device_yaw,9.956,-84.25245149634374
device_yaw,10.006,-83.94352278226413
device_yaw,10.056,-83.62142168174067
device_yaw,10.106,-83.32283801030827
device_yaw,10.156,-83.01577281860513
device_yaw,10.206,-82.68471805412896
device_yaw,10.256,-82.34571938630995
device_yaw,10.306,-82.03766529755654
device_yaw,10.356,-81.79252343889182
device_yaw,10.406,-81.60199828388374
device_yaw,10.456,-81.49883244658461
device_yaw,10.506,-81.56374178837586
device_yaw,10.556,-81.68238419813518
device_yaw,10.606,-81.92159149020107
device_yaw,10.656,-82.15455633182208
device_yaw,10.706,-82.49558142204356
device_yaw,10.756,-82.88355271136533
device_yaw,10.806,-83.27559609740962
device_yaw,10.856,-83.69315177038699
device_yaw,10.906,-84.14283991743206
device_yaw,10.956,-84.59134701671022
device_yaw,11.006,-84.92471814758586
device_yaw,11.056,-85.04468635383395
device_yaw,11.106,-85.00670326219127
device_yaw,11.156,-84.83046175330009
device_yaw,11.206,-84.72101588860129
device_yaw,11.256,-84.56965368806594
device_yaw,11.306,-84.3826506157454
device_yaw,11.356,-84.20631317066726
device_yaw,11.406,-83.98324167651907
device_yaw,11.456,-83.72470649030997
device_yaw,11.506,-83.54099770013417
device_yaw,11.556,-83.58318849317035
device_yaw,11.606,-83.84246545205471
device_yaw,11.656,-84.24342973674496
device_yaw,11.706,-84.6798189253043
device_yaw,11.756,-84.98368597664972
device_yaw,11.806,-85.26542182720245
device_yaw,11.856,-85.58448711263223
device_yaw,11.906,-86.07403524090762
device_yaw,11.956,-86.82007364245794
device_yaw,12.006,-87.7696166253003
device_yaw,12.056,-88.83804385482303
device_yaw,12.106,-89.92862653984032
device_yaw,12.156,-90.93520994790758
device_yaw,12.206,-91.78213023719739
device_yaw,12.256,-92.43154611538097
device_yaw,12.306,-92.98866044231382
device_yaw,12.356,-93.38816862904164
device_yaw,12.406,-93.48308677796216
device_yaw,12.456,-93.10742054455221
device_yaw,12.506,-92.28120075522675
device_yaw,12.556,-91.14419807281017
device_yaw,12.606,-89.72674838871363
device_yaw,12.656,-88.14316377159346
device_yaw,12.706,-86.60547947549014
device_yaw,12.756,-85.18428207082931
device_yaw,12.806,-83.89303930298
device_yaw,12.856,-82.71542892933975
device_yaw,12.906,-81.65883173496493
device_yaw,12.956,-80.8851508352998
device_yaw,13.006,-80.47056993203554
device_yaw,13.056,-80.2682019026097
device_yaw,13.106,-80.10610642057253
device_yaw,13.156,-79.94584088790317
device_yaw,13.206,-79.83598482880228
device_yaw,13.256,-79.78488439057784
device_yaw,13.306,-79.82548186937467
device_yaw,13.356,-79.95853451557542
device_yaw,13.406,-80.11154876611805
device_yaw,13.456,-80.24392769262464
device_yaw,13.506,-80.33869670381601
device_yaw,13.556,-80.27570735304153
device_yaw,13.606,-80.1372873760669
device_yaw,13.656,-79.98584766501371
device_yaw,13.706,-80.02547327252094
device_yaw,13.756,-80.10216650119467
device_yaw,13.806,-80.08926877919875
device_yaw,13.856,-80.06324756163517
device_yaw,13.906,-80.08669182170345
device_yaw,13.956,-80.17825191451287
device_yaw,14.006,-80.3012077474161
device_yaw,14.056,-80.47457549344942
device_yaw,14.106,-80.76077634234449
device_yaw,14.156,-81.11609347145398
device_yaw,14.206,-81.55448102206098
device_yaw,14.256,-81.93786673881533
device_yaw,14.306,-82.3635505857935
device_yaw,14.356,-82.89082541688892
device_yaw,14.406,-83.42650895585497
device_yaw,14.456,-83.92024446173971
device_yaw,14.506,-84.39589226891964
device_yaw,14.556,-84.90030050318788
device_yaw,14.606,-85.39991135375095
device_yaw,14.656,-85.87291716500022
device_yaw,14.706,-86.31202661044442
device_yaw,14.756,-86.68772695307536
device_yaw,14.806,-87.00506352442422
device_yaw,14.856,-87.25863864171427
device_yaw,14.906,-87.42808927818275
device_yaw,14.956,-87.51590289346206
device_yaw,15.006,-87.47553934073493
device_yaw,15.056,-87.35387350585223
device_yaw,15.106,-87.16866831884519
device_yaw,15.156,-86.96389643393451
device_yaw,15.206,-86.75628408229448
device_yaw,15.256,-86.5644141956795
device_yaw,15.306,-86.42885908905349
device_yaw,15.356,-86.34052874370926
device_yaw,15.406,-86.2537921440043
device_yaw,15.456,-86.15595263348618
device_yaw,15.506,-86.04871080166588
device_yaw,15.556,-85.99575954307028
device_yaw,15.606,-85.94506522634464
device_yaw,15.656,-85.88309321526572
device_yaw,15.706,-85.80718711308327
device_yaw,15.756,-85.72178229304426
device_yaw,15.806,-85.62887920964317
device_yaw,15.856,-85.50820486721987
device_yaw,15.906,-85.35305371703099
device_yaw,15.956,-85.16862296636012
device_yaw,16.006,-84.98072917499248
device_yaw,16.056,-84.79993599917763
device_yaw,16.106,-84.6171416851692
device_yaw,16.156,-84.43441066147354
device_yaw,16.206,-84.25835647122477
device_yaw,16.256,-84.0897606256111
device_yaw,16.306,-83.9238658638261
device_yaw,16.356,-83.7694797390485
device_yaw,16.406,-83.63347509807814
device_yaw,16.456,-83.51274546181034
device_yaw,16.506,-83.41482571678209
device_yaw,16.556,-83.34309498092185
device_yaw,16.606,-83.28370639917175
device_yaw,16.656,-83.23499802907396
device_yaw,16.706,-83.20506573652894
device_yaw,16.756,-83.19106454172871
device_yaw,16.806,-83.1894988568742
device_yaw,16.856,-83.19837200460998
device_yaw,16.906,-83.20676730466964
device_yaw,16.956,-83.20708857050603
device_yaw,17.006,-83.20038407274909
device_yaw,17.056,-83.19359062186219
device_yaw,17.106,-83.18777768316858
device_yaw,17.156,-83.19034722064511
device_yaw,17.206,-83.18141622251585
device_yaw,17.256,-83.15163007825436
device_yaw,17.306,-83.10949163477272
device_yaw,17.356,-83.0694513986928
device_yaw,17.406,-83.03425214956764
device_yaw,17.456,-82.9969483063337
device_yaw,17.506,-82.9594646003634
device_yaw,17.556,-82.91935719834008
device_yaw,17.606,-82.86826070590489
device_yaw,17.656,-82.80539758770436
device_yaw,17.706,-82.73562853211676
device_yaw,17.756,-82.69022946420523
device_yaw,17.806,-82.66424736792565
device_yaw,17.856,-82.62273994914173
device_yaw,17.906,-82.55939620120658
device_yaw,17.956,-82.49917360834854
device_yaw,18.006,-82.44963705316462
device_yaw,18.056,-82.41140637595628
device_yaw,18.106,-82.37946658228255
device_yaw,18.156,-82.33672098391102
device_yaw,18.206,-82.26598126957919
device_yaw,18.256,-82.14426616349547
device_yaw,18.306,-82.01445577441842
device_yaw,18.356,-81.89200247703852
device_yaw,18.406,-81.7781644257621
device_yaw,18.456,-81.68890669709212
device_yaw,18.506,-81.64787036224905
device_yaw,18.556,-81.68719388001722
device_yaw,18.606,-81.7877054929396
device_yaw,18.656,-81.93233481601581
device_yaw,18.706,-82.09438268151737
device_yaw,18.756,-82.24723242542724
device_yaw,18.806,-82.43337511103846
device_yaw,18.856,-82.61120302292886
device_yaw,18.906,-82.78310274897544
device_yaw,18.956,-82.93656189903402
device_yaw,19.006,-83.01756795878396
device_yaw,19.056,-83.04530391722183
device_yaw,19.106,-82.90299829358774
device_yaw,19.156,-82.62825164291414
device_yaw,19.206,-82.28563258151203
device_yaw,19.256,-81.96914364755058
device_yaw,19.306,-81.71703052892295
device_yaw,19.356,-81.47701745679302
device_yaw,19.406,-81.22329394585077
device_yaw,19.456,-80.97059457303085
device_yaw,19.506,-80.7825521776702
device_yaw,19.556,-80.71126733467331
device_yaw,19.606,-80.691202480365
device_yaw,19.656,-80.82870952400279
device_yaw,19.706,-81.12089341655005
device_yaw,19.756,-81.53708468253316
device_yaw,19.806,-81.9540578104078
device_yaw,19.856,-82.41646521824606
device_yaw,19.906,-82.96769897453024
device_yaw,19.956,-83.62727063753753
device_yaw,20.006,-84.33793559736216
device_yaw,20.056,-85.06676454223674
device_yaw,20.106,-85.76615297842415
device_yaw,20.156,-86.43211084072045
device_yaw,20.206,-87.01035195718156
device_yaw,20.256,-87.45502917753385
device_yaw,20.306,-87.73908852680711
device_yaw,20.356,-87.94400908288479
device_yaw,20.406,-88.04105557210718
device_yaw,20.456,-88.01584931628611
device_yaw,20.506,-87.87230836234968
device_yaw,20.556,-87.67701458421969
device_yaw,20.606,-87.43036830668646
device_yaw,20.656,-87.15584136549661
device_yaw,20.706,-86.8514207227387
device_yaw,20.756,-86.56250916588841
device_yaw,20.806,-86.32063366687126
device_yaw,20.856,-86.1356109002522
device_yaw,20.906,-85.99994163316467
device_yaw,20.956,-85.89031297767208
device_yaw,21.006,-85.80820764846776
device_yaw,21.056,-85.74941035648025
device_yaw,21.106,-85.67967086205238
device_yaw,21.156,-85.61205890930411
device_yaw,21.206,-85.54697298416202
device_yaw,21.256,-85.49126077684838
device_yaw,21.306,-85.43317994650084
device_yaw,21.356,-85.37080917852325
device_yaw,21.406,-85.31038662682693
device_yaw,21.456,-85.2525266520798
device_yaw,21.506,-85.2057646065134
device_yaw,21.556,-85.1659600496891
device_yaw,21.606,-85.12562345118239
device_yaw,21.656,-85.1014375128222
device_yaw,21.706,-85.07940017289262
device_yaw,21.756,-85.06276083749755
device_yaw,21.806,-85.05123258510913
device_yaw,21.856,-85.0469138819597
device_yaw,21.906,-85.04737794251811
device_yaw,21.956,-85.04907192893228
device_yaw,22.006,-85.0449466823432
device_yaw,22.056,-85.04481662277793
device_yaw,22.106,-85.04954419734904
device_yaw,22.156,-85.07685090912419
device_yaw,22.206,-85.11864961807284
device_yaw,22.256,-85.17347348301851
device_yaw,22.306,-85.23829798349824
device_yaw,22.356,-85.30145962097384
device_yaw,22.406,-85.34260551185376
device_yaw,22.456,-85.36107078454134
device_yaw,22.506,-85.38378420268192
device_yaw,22.556,-85.41929394238635
device_yaw,22.606,-85.39440563284903
device_yaw,22.656,-85.28436435565818
device_yaw,22.706,-85.1028105995205
device_yaw,22.756,-84.8792895011589
device_yaw,22.806,-84.62433047246505
device_yaw,22.856,-84.32567170975632
device_yaw,22.906,-83.98085792654992
device_yaw,22.956,-83.62204738531717
device_yaw,23.006,-83.27831188718329
device_yaw,23.056,-82.88678698715866
device_yaw,23.106,-82.48191461911316
device_yaw,23.156,-82.1090253622484
device_yaw,23.206,-81.85909475982386
device_yaw,23.256,-81.72904845461082
device_yaw,23.306,-81.62807204387036
device_yaw,23.356,-81.56826339655396
device_yaw,23.406,-81.63458985990819
device_yaw,23.456,-81.86932345688616
device_yaw,23.506,-82.20184264769334
device_yaw,23.556,-82.51861485626013
device_yaw,23.606,-82.81474628396383
device_yaw,23.656,-83.092384626321
device_yaw,23.706,-83.39717957287658
device_yaw,23.756,-83.67550707532314
device_yaw,23.806,-83.84395969858802
device_yaw,23.856,-83.9004744174724
device_yaw,23.906,-83.85956501198235
device_yaw,23.956,-83.67504114064242
device_yaw,24.006,-83.29441469705078
device_yaw,24.056,-82.84101864605442
device_yaw,24.106,-82.42147425487971
device_yaw,24.156,-82.06951165497581
device_yaw,24.206,-81.75476427044886
device_yaw,24.256,-81.46174771883466
device_yaw,24.306,-81.16344482454332
device_yaw,24.356,-80.92708326966492
device_yaw,24.406,-80.83360428447634
device_yaw,24.456,-80.87036107173188
device_yaw,24.506,-81.00838012695284
device_yaw,24.556,-81.25144607941621
device_yaw,24.606,-81.55459017284387
device_yaw,24.656,-81.98210885718532
device_yaw,24.706,-82.50634789048537
device_yaw,24.756,-83.04985063009389
device_yaw,24.806,-83.51492691456835
device_yaw,24.856,-83.90836670523164
device_yaw,24.906,-84.24183891619663
device_yaw,24.956,-84.516622523391
device_yaw,25.006,-84.72550130124495
device_yaw,25.056,-84.81171329758104
device_yaw,25.106,-84.8247871173334
device_yaw,25.156,-84.72343380031941
device_yaw,25.206,-84.43104958389938
device_yaw,25.256,-84.01564251168162
device_yaw,25.306,-83.58938687843694
device_yaw,25.356,-83.2411945895065
device_yaw,25.406,-82.97837451903723
device_yaw,25.456,-82.80396968859331
device_yaw,25.506,-82.69069494672343
device_yaw,25.556,-82.62484453605988
device_yaw,25.606,-82.7028801189312
device_yaw,25.656,-82.86341283754594
device_yaw,25.706,-83.15714118921132
device_yaw,25.756,-83.56499804533645
device_yaw,25.806,-84.05355252578087
device_yaw,25.856,-84.58180525630351
device_yaw,25.906,-85.11198457208367
device_yaw,25.956,-85.63436680136593
device_yaw,26.006,-86.08619388106234
device_yaw,26.056,-86.43571897360209
device_yaw,26.106,-86.69747551430227
device_yaw,26.156,-86.85110801152095
device_yaw,26.206,-86.93422647823337
device_yaw,26.256,-86.80015428493464
device_yaw,26.306,-86.55796315624715
device_yaw,26.356,-86.18250458814065
device_yaw,26.406,-85.66218922921664
device_yaw,26.456,-85.10760531865385
device_yaw,26.506,-84.54490010143513
device_yaw,26.556,-83.99946790016419
device_yaw,26.606,-83.50769494022224
device_yaw,26.656,-83.08500620087077
device_yaw,26.706,-82.73880010696797
device_yaw,26.756,-82.48406646724385
device_yaw,26.806,-82.43624057821813
device_yaw,26.856,-82.48840667060749
device_yaw,26.906,-82.71645043565863
device_yaw,26.956,-83.05267051216205
device_yaw,27.006,-83.42456787802074
device_yaw,27.056,-83.84856815710643
device_yaw,27.106,-84.34211097035326
device_yaw,27.156,-84.87815659227252
device_yaw,27.206,-85.42809262810248
device_yaw,27.256,-85.96596845570663
device_yaw,27.306,-86.46459214712331
device_yaw,27.356,-86.92706885242092
device_yaw,27.406,-87.36052326286591
device_yaw,27.456,-87.71175391802225
device_yaw,27.506,-88.05282527191615
device_yaw,27.556,-88.37801329213114
device_yaw,27.606,-88.64573184589632
device_yaw,27.656,-88.8463065420791
device_yaw,27.706,-88.99082333787192
device_yaw,27.756,-89.09413500747536
device_yaw,27.806,-89.1653921203287
device_yaw,27.856,-89.20804931057711
device_yaw,27.906,-89.22255460286561
device_yaw,27.956,-89.2171605208887
device_yaw,28.006,-89.19615560348399
device_yaw,28.056,-89.15497437973802
device_yaw,28.106,-89.09956919132861
device_yaw,28.156,-89.04605047939938
device_yaw,28.206,-89.01088083393819
device_yaw,28.256,-89.00260936417395
device_yaw,28.306,-88.98892743913932
device_yaw,28.356,-88.94351029730103
device_yaw,28.406,-88.89993159356312
device_yaw,28.456,-88.86924962771404
device_yaw,28.506,-88.8573031057536
device_yaw,28.556,-88.86385488746204
device_yaw,28.606,-88.89030010580247
device_yaw,28.656,-88.93067602773739
device_yaw,28.706,-88.98878203804674
device_yaw,28.756,-89.06643675664937
device_yaw,28.806,-89.18650837930721
device_yaw,28.856,-89.3966690709508
device_yaw,28.906,-89.6692908562848
device_yaw,28.956,-89.95711601872077
device_yaw,29.006,-90.24700976811768
device_yaw,29.056,-90.54282449156489
device_yaw,29.106,-90.83524177733217
device_yaw,29.156,-91.10037485944363
device_yaw,29.206,-91.33254164000996
device_yaw,29.256,-91.53741414793025
device_yaw,29.306,-91.71459165991301
device_yaw,29.356,-91.84252596555011
device_yaw,29.406,-91.88047263740079
device_yaw,29.456,-91.86735115128357
device_yaw,29.506,-91.8071029392622
device_yaw,29.556,-91.68885073085583
device_yaw,29.606,-91.48165235718326
device_yaw,29.656,-91.18088755408931
device_yaw,29.706,-90.78888606453651
device_yaw,29.756,-90.37258505252552
device_yaw,29.806,-89.9288601003219
device_yaw,29.856,-89.37013838092514
device_yaw,29.906,-88.77887730608826
device_yaw,29.956,-88.17446570115885
device_yaw,30.006,-87.56297869185612
device_yaw,30.056,-86.9438419598126
device_yaw,30.106,-86.31640699573505
device_yaw,30.156,-85.69692751442047
device_yaw,30.206,-85.10191034495834
device_yaw,30.256,-84.56443241063539
device_yaw,30.306,-84.07332795399265
device_yaw,30.356,-83.63728267107881
device_yaw,30.406,-83.31413635782177
device_yaw,30.456,-83.04413518185517
device_yaw,30.506,-82.77095774537749
device_yaw,30.556,-82.55903725989728
device_yaw,30.606,-82.42740541953563
device_yaw,30.656,-82.42300552178001
device_yaw,30.706,-82.58760186008159
device_yaw,30.756,-82.92565258511128
device_yaw,30.806,-83.40247125504644
device_yaw,30.856,-83.89765992234027
device_yaw,30.906,-84.32171442491934
device_yaw,30.956,-84.70754268713769
device_yaw,31.006,-85.02845395622786
device_yaw,31.056,-85.2327284471463
device_yaw,31.106,-85.32085917751048
device_yaw,31.156,-85.35431730787285
device_yaw,31.206,-85.3632123637821
device_yaw,31.256,-85.23138788143392
device_yaw,31.306,-84.92634906257702
device_yaw,31.356,-84.51329559380086
device_yaw,31.406,-84.10105479238347
device_yaw,31.456,-83.7937700861556
device_yaw,31.506,-83.58747952563553
device_yaw,31.556,-83.48522443596998
device_yaw,31.606,-83.52731375107773
device_yaw,31.656,-83.6752490721249
device_yaw,31.706,-83.89107277292418
device_yaw,31.756,-84.0895105860602
device_yaw,31.806,-84.36246224974447
device_yaw,31.856,-84.75143942953466
device_yaw,31.906,-85.28049091318003
device_yaw,31.956,-85.90994697322566
device_yaw,32.006,-86.63372566405705
device_yaw,32.056,-87.3822868384072
device_yaw,32.106,-88.08125407638725
device_yaw,32.156,-88.74775826653091
device_yaw,32.206,-89.39808828616788
device_yaw,32.256,-89.9836153819656
device_yaw,32.306,-90.44269754765986
device_yaw,32.356,-90.67461992381753
device_yaw,32.406,-90.8208856799122
device_yaw,32.456,-90.82570565144383
device_yaw,32.506,-90.6799896768532
device_yaw,32.556,-90.37034484513357
device_yaw,32.606,-89.99954838220133
device_yaw,32.656,-89.64458526424109
device_yaw,32.706,-89.34236160992542
device_yaw,32.756,-89.05782626514106
device_yaw,32.806,-88.76241350852469
device_yaw,32.856,-88.55149424568565
device_yaw,32.906,-88.53683881001486
device_yaw,32.956,-88.6050421227898
device_yaw,33.006,-88.6838237805619
device_yaw,33.056,-88.74937957242717
device_yaw,33.106,-88.90198948567398
device_yaw,33.156,-89.14012918827608
device_yaw,33.206,-89.41022890866867
device_yaw,33.256,-89.65358212936843
device_yaw,33.306,-89.7881714987051
device_yaw,33.356,-89.88648012273991
device_yaw,33.406,-89.95687847516743
device_yaw,33.456,-89.9566903507862
device_yaw,33.506,-89.8620041819804
device_yaw,33.556,-89.65799452532555
device_yaw,33.606,-89.3648941428211
device_yaw,33.656,-88.85979023201138
device_yaw,33.706,-88.16942135249657
device_yaw,33.756,-87.40785315182251
device_yaw,33.806,-86.67369469626054
device_yaw,33.856,-86.0507150624944
device_yaw,33.906,-85.51078590842953
device_yaw,33.956,-85.04185133674
device_yaw,34.006,-84.66369712238674
device_yaw,34.056,-84.41027901235817
device_yaw,34.106,-84.3275095901465
device_yaw,34.156,-84.36413759103233
device_yaw,34.206,-84.57350456301128
device_yaw,34.256,-84.90304578339627
device_yaw,34.306,-85.31073845952912
device_yaw,34.356,-85.75539403617297
device_yaw,34.406,-86.21668922547597
device_yaw,34.456,-86.67531843059906
device_yaw,34.506,-87.06927534527246
device_yaw,34.556,-87.42247350229695
device_yaw,34.606,-87.69629158058287
device_yaw,34.656,-87.86892343990263
device_yaw,34.706,-88.0224960723914
device_yaw,34.756,-88.1242985768189
device_yaw,34.806,-88.09637870824969
device_yaw,34.856,-87.91751111393727
device_yaw,34.906,-87.65255125068407
device_yaw,34.956,-87.33576847994287
device_yaw,35.006,-86.99776474734098
device_yaw,35.056,-86.70691140491742
device_yaw,35.106,-86.46045128383584
device_yaw,35.156,-86.22824747858505
device_yaw,35.206,-86.10292520739759
device_yaw,35.256,-86.04468170601935
device_yaw,35.306,-86.02790446196909
device_yaw,35.356,-86.09351380124268
device_yaw,35.406,-86.23581652787162
device_yaw,35.456,-86.40447705661808
device_yaw,35.506,-86.57812804388777
device_yaw,35.556,-86.7476761259374
device_yaw,35.606,-86.89955757580917
device_yaw,35.656,-86.99283134429248
device_yaw,35.706,-87.05885437044755
device_yaw,35.756,-87.06642677184799
device_yaw,35.806,-87.05007388072427
device_yaw,35.856,-87.03889983111941
device_yaw,35.906,-87.05709850583837
device_yaw,35.956,-87.10885881779892
device_yaw,36.006,-87.1731631598773
device_yaw,36.056,-87.24118386738415
device_yaw,36.106,-87.31487006467955
device_yaw,36.156,-87.3932101459079
device_yaw,36.206,-87.48772503700559
device_yaw,36.256,-87.56690870219954
device_yaw,36.306,-87.63409644970879
device_yaw,36.356,-87.68560716567521
device_yaw,36.406,-87.70679804407999
device_yaw,36.456,-87.70353259301214
device_yaw,36.506,-87.66713349615287
device_yaw,36.556,-87.60157188212727
device_yaw,36.606,-87.5237513746169
device_yaw,36.656,-87.43098749700948
device_yaw,36.706,-87.31928903164655
device_yaw,36.756,-87.196404223313
device_yaw,36.806,-87.06033142919023
device_yaw,36.856,-86.92254174745266
device_yaw,36.906,-86.77408485545178
device_yaw,36.956,-86.60957670542963
device_yaw,37.006,-86.42235931246677
device_yaw,37.056,-86.23332631106197
device_yaw,37.106,-86.05884780396666
device_yaw,37.156,-85.90304560098305
device_yaw,37.206,-85.79861967400763
device_yaw,37.256,-85.76638955629103
device_yaw,37.306,-85.77691521969224
device_yaw,37.356,-85.81336467988832
device_yaw,37.406,-85.84523210985523
device_yaw,37.456,-85.94414535323347
device_yaw,37.506,-86.17986156100008
device_yaw,37.556,-86.56963804346759
device_yaw,37.606,-87.06541915333382
device_yaw,37.656,-87.6289720083597
device_yaw,37.706,-88.22000486273306
device_yaw,37.756,-88.79470631042612
device_yaw,37.806,-89.30898211157131
device_yaw,37.856,-89.77738741829793
device_yaw,37.906,-90.26979302361923
device_yaw,37.956,-90.78912809191294
device_yaw,38.006,-91.28132222935905
device_yaw,38.056,-91.7047957648026
device_yaw,38.106,-92.02550826588858
device_yaw,38.156,-92.19109288156828
device_yaw,38.206,-92.16983523063188
device_yaw,38.256,-92.02856587997722
device_yaw,38.306,-91.82247552010594
device_yaw,38.356,-91.63845564765327
device_yaw,38.406,-91.48738761219161
device_yaw,38.456,-91.3171462314573
device_yaw,38.506,-91.14716908007964
device_yaw,38.556,-90.96628883918807
device_yaw,38.606,-90.76238649912396
device_yaw,38.656,-90.58970534858273
device_yaw,38.706,-90.51632624217801
device_yaw,38.756,-90.60467688437481
device_yaw,38.806,-90.81620952803661
device_yaw,38.856,-91.11421883378021
device_yaw,38.906,-91.47592589821694
device_yaw,38.956,-91.89028765648332
device_yaw,39.006,-92.35278404194922
device_yaw,39.056,-92.81440798298217
device_yaw,39.106,-93.2206589136555
device_yaw,39.156,-93.53678095610923
device_yaw,39.206,-93.70730505076038
device_yaw,39.256,-93.77432201100129
device_yaw,39.306,-93.7636851967542
device_yaw,39.356,-93.68195486662316
device_yaw,39.406,-93.49477635238192
device_yaw,39.456,-93.18553759449829
device_yaw,39.506,-92.77859776659487
device_yaw,39.556,-92.30517242803967
device_yaw,39.606,-91.8207763685201
device_yaw,39.656,-91.38889978331115
device_yaw,39.706,-91.02180469558922
device_yaw,39.756,-90.72774653711069
device_yaw,39.806,-90.4943651386672
device_yaw,39.856,-90.29929243504088
device_yaw,39.906,-90.13866508668464
device_yaw,39.956,-90.03536579184464
device_yaw,40.006,-89.95782216814959
device_yaw,40.056,-89.88169170087028
device_yaw,40.106,-89.79508519117306
device_yaw,40.156,-89.65434965287157
device_yaw,40.206,-89.4146342239367
device_yaw,40.256,-89.02938412944137
device_yaw,40.306,-88.54645248211617
device_yaw,40.356,-88.05783947731226
device_yaw,40.406,-87.61449605768021
device_yaw,40.456,-87.1550233787301
device_yaw,40.506,-86.59654592521218
device_yaw,40.556,-85.93853292680309
device_yaw,40.606,-85.27996824186793
device_yaw,40.656,-84.66474127839024
device_yaw,40.706,-84.15299626688896
device_yaw,40.756,-83.76846138168345
device_yaw,40.806,-83.53843403912539
device_yaw,40.856,-83.45674140805077
device_yaw,40.906,-83.54352219549904
device_yaw,40.956,-83.78360073672246
device_yaw,41.006,-84.14538767523253
device_yaw,41.056,-84.5637364693101
device_yaw,41.106,-84.98856361906842
device_yaw,41.156,-85.43605214812563
device_yaw,41.206,-85.9146101877381
device_yaw,41.256,-86.30120105053209
device_yaw,41.306,-86.56633415497389
device_yaw,41.356,-86.63980333887763
device_yaw,41.406,-86.52345942411985
device_yaw,41.456,-86.19615833463416
device_yaw,41.506,-85.59035069268675
device_yaw,41.556,-84.81778850110791
device_yaw,41.606,-84.05382625690332
device_yaw,41.656,-83.37909848432166
device_yaw,41.706,-82.68333172820229
device_yaw,41.756,-81.95441399438856
device_yaw,41.806,-81.31154231875074
device_yaw,41.856,-80.72503433213181
device_yaw,41.906,-80.38612214897111
device_yaw,41.956,-80.36080262070995
device_yaw,42.006,-80.53564164094513
device_yaw,42.056,-80.93350734287861
device_yaw,42.106,-81.60079286370693
device_yaw,42.156,-82.52675723050756
device_yaw,42.206,-83.63743525532071
device_yaw,42.256,-84.88369150109598
device_yaw,42.306,-86.07215752855076
device_yaw,42.356,-87.13636101548202
device_yaw,42.406,-88.30378780499773
device_yaw,42.456,-89.42013309454936
device_yaw,42.506,-90.27364850901319
device_yaw,42.556,-90.9225858433139
device_yaw,42.606,-91.38685916431001
device_yaw,42.656,-91.55457836857481
device_yaw,42.706,-91.38437310972257
device_yaw,42.756,-91.00027613261355
device_yaw,42.806,-90.50270380097159
device_yaw,42.856,-90.01428118771632
device_yaw,42.906,-89.58528101727967
device_yaw,42.956,-89.19004896311127
device_yaw,43.006,-88.90252987647432
device_yaw,43.056,-88.83890032891316
device_yaw,43.106,-88.88808532260775
device_yaw,43.156,-88.97516207991157
device_yaw,43.206,-89.12504112746953
device_yaw,43.256,-89.36232684357144
device_yaw,43.306,-89.78580398011421
device_yaw,43.356,-90.40568100303864
device_yaw,43.406,-91.199504644805
device_yaw,43.456,-92.03521187598122
device_yaw,43.506,-92.6605297558586
device_yaw,43.556,-93.07010400160195
device_yaw,43.606,-93.33142971951365
device_yaw,43.656,-93.46136206993725
device_yaw,43.706,-93.52192184029596
device_yaw,43.756,-93.36069716043644
device_yaw,43.806,-93.01378405029871
device_yaw,43.856,-92.45031334081499
device_yaw,43.906,-91.62143989748084
device_yaw,43.956,-90.63891481802067
device_yaw,44.006,-89.6497613311555
device_yaw,44.056,-88.78743377080309
device_yaw,44.106,-88.02025244711211
device_yaw,44.156,-87.31245135638898
device_yaw,44.206,-86.72825265752374
device_yaw,44.256,-86.29432549512612
device_yaw,44.306,-86.23765123223083
device_yaw,44.356,-86.44384130089348
device_yaw,44.406,-86.82944676799039
device_yaw,44.456,-87.34611123646718
device_yaw,44.506,-87.9132862129972
device_yaw,44.556,-88.59724293159766
device_yaw,44.606,-89.34069799078058
device_yaw,44.656,-90.11700408014042
device_yaw,44.706,-90.85506647824214
device_yaw,44.756,-91.52771714038043
device_yaw,44.806,-92.10830741520806
device_yaw,44.856,-92.51191647110052
device_yaw,44.906,-92.83178547734771
device_yaw,44.956,-93.02051975080899
device_yaw,45.006,-93.05227403532788
device_yaw,45.056,-93.02987207047273
device_yaw,45.106,-92.85222856383716
device_yaw,45.156,-92.5460036345472
device_yaw,45.206,-92.14930404952453
device_yaw,45.256,-91.74793949859087
device_yaw,45.306,-91.37604135013993
device_yaw,45.356,-91.03005355508202
device_yaw,45.406,-90.75281568645109
device_yaw,45.456,-90.5194113782033
device_yaw,45.506,-90.31351248749884
device_yaw,45.556,-90.21616121484992
device_yaw,45.606,-90.13428226994851
device_yaw,45.656,-90.07726180458229
device_yaw,45.706,-90.07135044077998
device_yaw,45.756,-90.11771591965368
device_yaw,45.806,-90.14091986727713
device_yaw,45.856,-90.10781865031544
device_yaw,45.906,-90.01246969762566
device_yaw,45.956,-89.84282342288527
device_yaw,46.006,-89.62197801730504
device_yaw,46.056,-89.37077163195255
device_yaw,46.106,-89.08303579883582
device_yaw,46.156,-88.77183736478992
device_yaw,46.206,-88.41968596562072
device_yaw,46.256,-88.04615786884834
device_yaw,46.306,-87.69579911890001
device_yaw,46.356,-87.40938182857452
device_yaw,46.406,-87.2009444907997
device_yaw,46.456,-87.06824662782267
device_yaw,46.506,-86.98748864192252
device_yaw,46.556,-86.92535125161194
device_yaw,46.606,-86.8756399773191
device_yaw,46.656,-86.87213832506694
device_yaw,46.706,-86.94469801699185
device_yaw,46.756,-87.08706142980974
device_yaw,46.806,-87.24175718081902
device_yaw,46.856,-87.35308089634069
device_yaw,46.906,-87.40523670403023
device_yaw,46.956,-87.38717378081006
device_yaw,47.006,-87.31752879271379
device_yaw,47.056,-87.22140613514149
device_yaw,47.106,-87.1069205316155
device_yaw,47.156,-86.9773987958292
device_yaw,47.206,-86.79898895074186
device_yaw,47.256,-86.53482683844703
device_yaw,47.306,-86.23874678961333
device_yaw,47.356,-85.97154254110674
device_yaw,47.406,-85.80496109681937
device_yaw,47.456,-85.7563945650884
device_yaw,47.506,-85.81588794068627
device_yaw,47.556,-85.92226391548407
device_yaw,47.606,-86.01570362382004
device_yaw,47.656,-86.0972348644146
device_yaw,47.706,-86.19238547150961
device_yaw,47.756,-86.32075848642468
device_yaw,47.806,-86.49128688928192
device_yaw,47.856,-86.7042767733184
device_yaw,47.906,-86.90713903167821
device_yaw,47.956,-87.01332123625451
device_yaw,48.006,-86.99254426231575
device_yaw,48.056,-86.86179223764914
device_yaw,48.106,-86.71820672387807
device_yaw,48.156,-86.66929637314239
device_yaw,48.206,-86.72323787349893
device_yaw,48.256,-86.80984272326383
device_yaw,48.306,-86.89284778314749
device_yaw,48.356,-86.98310379518654
device_yaw,48.406,-87.05045427407798
device_yaw,48.456,-87.27867893204126
device_yaw,48.506,-87.70590668597909
device_yaw,48.556,-88.19477105318481
device_yaw,48.606,-88.74047749521269
device_yaw,48.656,-89.36439234942911
device_yaw,48.706,-90.0141171076588
device_yaw,48.756,-90.68997906137898
device_yaw,48.806,-91.4167739180465
device_yaw,48.856,-92.15415804035803
device_yaw,48.906,-92.86182022402832
device_yaw,48.956,-93.52934900939967
device_yaw,49.006,-93.98713932827505
device_yaw,49.056,-94.22585834836745
device_yaw,49.106,-94.34866180967416
device_yaw,49.156,-94.42344904203638
device_yaw,49.206,-94.37067735099808
device_yaw,49.256,-94.20320143689351
device_yaw,49.306,-93.934224121206
device_yaw,49.356,-93.56959202109957
device_yaw,49.406,-93.16632773618193
device_yaw,49.456,-92.7682833194077
device_yaw,49.506,-92.39154047906257
device_yaw,49.556,-92.0372778768052
device_yaw,49.606,-91.71287586785992
device_yaw,49.656,-91.4771020720919
device_yaw,49.706,-91.27873389820276
device_yaw,49.756,-91.13985715990383
device_yaw,49.806,-91.02659888811463
device_yaw,49.856,-90.92620292385223
device_yaw,49.906,-90.84854180838774
device_yaw,49.956,-90.7908054699115
device_yaw,50.006,-90.74215594383125
device_yaw,50.056,-90.71790179628614
device_yaw,50.106,-90.72063554049792
device_yaw,50.156,-90.73022843428936
device_yaw,50.206,-90.7311051836772
device_yaw,50.256,-90.73734273741772
device_yaw,50.306,-90.74336317012022
device_yaw,50.356,-90.74822977939385
device_yaw,50.406,-90.7107373328866
device_yaw,50.456,-90.63781472441862
device_yaw,50.506,-90.54853054819
device_yaw,50.556,-90.45066564567243
device_yaw,50.606,-90.30273892535924
device_yaw,50.656,-90.1146675848309
device_yaw,50.706,-89.88303696142341
device_yaw,50.756,-89.64704103151043
device_yaw,50.806,-89.3515883161918
device_yaw,50.856,-89.01266801100998
device_yaw,50.906,-88.76039545351483
device_yaw,50.956,-88.63387425793167
device_yaw,51.006,-88.66911708141646
device_yaw,51.056,-88.8560385599936
device_yaw,51.106,-89.07162364438653
device_yaw,51.156,-89.31501698913218
device_yaw,51.206,-89.5966847930015
device_yaw,51.256,-89.94313544461869
device_yaw,51.306,-90.2802007847382
device_yaw,51.356,-90.58048376301575
device_yaw,51.406,-90.79009504950957
device_yaw,51.456,-90.79228055526383
device_yaw,51.506,-90.59992745653022
device_yaw,51.556,-90.24816369976078
device_yaw,51.606,-89.71707812249316
device_yaw,51.656,-89.01546399428273
device_yaw,51.706,-88.22524634560956
device_yaw,51.756,-87.46852497405114
device_yaw,51.806,-86.71289905441472
device_yaw,51.856,-85.92797494248958
device_yaw,51.906,-85.24783224154912
device_yaw,51.956,-84.74517882927022
device_yaw,52.006,-84.37774159425075
device_yaw,52.056,-84.1732350603055
device_yaw,52.106,-84.07904967340423
device_yaw,52.156,-84.16441443688713
device_yaw,52.206,-84.5132913850647
device_yaw,52.256,-85.06961806853612
device_yaw,52.306,-85.87206904221246
device_yaw,52.356,-86.84565299444915
device_yaw,52.406,-87.94754683590035
device_yaw,52.456,-88.95093183682867
device_yaw,52.506,-89.77559761945946
device_yaw,52.556,-90.57845640774045
device_yaw,52.606,-91.28827445299963
device_yaw,52.656,-92.006926084138
device_yaw,52.706,-92.6077197531214
device_yaw,52.756,-92.99067971790807
device_yaw,52.806,-93.20934374433683
device_yaw,52.856,-93.13684950821671
device_yaw,52.906,-92.87914202000466
device_yaw,52.956,-92.53326939174516
device_yaw,53.006,-92.27131632759021
device_yaw,53.056,-92.08854550734833
device_yaw,53.106,-91.93698039281715
device_yaw,53.156,-91.97330938700061
device_yaw,53.206,-92.09054857699684
device_yaw,53.256,-92.28992959170661
device_yaw,53.306,-92.60898977315912
device_yaw,53.356,-93.06687916290021
device_yaw,53.406,-93.59021990162472
device_yaw,53.456,-94.24858039603807
device_yaw,53.506,-94.9880828106023
device_yaw,53.556,-95.74377347569994
device_yaw,53.606,-96.54462470554314
device_yaw,53.656,-97.26772041568901
device_yaw,53.706,-97.79190017568281
device_yaw,53.756,-98.13747845464944
device_yaw,53.806,-98.34015350519194
device_yaw,53.856,-98.55716349715367
device_yaw,53.906,-98.5881767700615
device_yaw,53.956,-98.44196859543649
device_yaw,54.006,-98.10467075189966
device_yaw,54.056,-97.67223051188044
device_yaw,54.106,-97.16989485104513
device_yaw,54.156,-96.62188818945774
device_yaw,54.206,-96.14475605283424
device_yaw,54.256,-95.78211491202518
device_yaw,54.306,-95.52654082505211
device_yaw,54.356,-95.41265994214855
device_yaw,54.406,-95.37127244122838
device_yaw,54.456,-95.566766463056
device_yaw,54.506,-95.97080198357777
device_yaw,54.556,-96.48540663285871
device_yaw,54.606,-97.09971155228169
device_yaw,54.656,-97.80035429317827
device_yaw,54.706,-98.51145202650815
device_yaw,54.756,-99.1987126203007
device_yaw,54.806,-99.79797374416867
device_yaw,54.856,-100.23995019907794
device_yaw,54.906,-100.48608684395977
device_yaw,54.956,-100.53242744003796
device_yaw,55.006,-100.34390704330859
device_yaw,55.056,-99.96654277495463
device_yaw,55.106,-99.47971075069896
device_yaw,55.156,-98.89074240690071
device_yaw,55.206,-98.19056033963889
device_yaw,55.256,-97.46927226296465
device_yaw,55.306,-96.73799182027886
device_yaw,55.356,-96.05706707577593
device_yaw,55.406,-95.43080944635376
device_yaw,55.456,-94.9156296342438
device_yaw,55.506,-94.5255981716248
device_yaw,55.556,-94.23517041489896
device_yaw,55.606,-94.0294847433151
device_yaw,55.656,-93.86657131428109
device_yaw,55.706,-93.72437103641022
device_yaw,55.756,-93.65237517988129
device_yaw,55.806,-93.6229728795911
device_yaw,55.856,-93.62024616472662
device_yaw,55.906,-93.6243249914165
device_yaw,55.956,-93.68069600968275
device_yaw,56.006,-93.7859963878519
device_yaw,56.056,-93.9244133973571
device_yaw,56.106,-94.10544208638727
device_yaw,56.156,-94.33483987190789
device_yaw,56.206,-94.60656160113572
device_yaw,56.256,-94.9203628027917
device_yaw,56.306,-95.2776009777413
device_yaw,56.356,-95.68359372639101
device_yaw,56.406,-96.11487092637762
device_yaw,56.456,-96.5194557721427
device_yaw,56.506,-96.76906002423001
device_yaw,56.556,-96.82727742544176
device_yaw,56.606,-96.68668094590431
device_yaw,56.656,-96.47826238570589
device_yaw,56.706,-96.23154629227764
device_yaw,56.756,-95.88395795720952
device_yaw,56.806,-95.413210011993
device_yaw,56.856,-94.86353152084058
device_yaw,56.906,-94.30801331467593
device_yaw,56.956,-93.7849450056496
device_yaw,57.006,-93.31523368254933
device_yaw,57.056,-92.97774715038635
device_yaw,57.106,-92.78442855177285
device_yaw,57.156,-92.8161357059936
device_yaw,57.206,-92.96120159140293
device_yaw,57.256,-93.17558102559005
device_yaw,57.306,-93.50689650356672
device_yaw,57.356,-93.94670635137118
device_yaw,57.406,-94.45594416461869
device_yaw,57.456,-95.06858132481294
device_yaw,57.506,-95.78137199088629
device_yaw,57.556,-96.58298616985634
device_yaw,57.606,-97.38605943507555
device_yaw,57.656,-98.13403468673056
device_yaw,57.706,-98.7478457864323
device_yaw,57.756,-99.30316198053534
device_yaw,57.806,-99.8357766240973
device_yaw,57.856,-100.25662653800454
device_yaw,57.906,-100.59909589313357
device_yaw,57.956,-100.8160206056817
device_yaw,58.006,-100.78781400324675
device_yaw,58.056,-100.51128840563071
device_yaw,58.106,-100.06445173843275
device_yaw,58.156,-99.60677482886707
device_yaw,58.206,-99.23113916754913
device_yaw,58.256,-98.96882882458354
device_yaw,58.306,-98.71999077112444
device_yaw,58.356,-98.50413098109179
device_yaw,58.406,-98.41542388409634
device_yaw,58.456,-98.41962912072181
device_yaw,58.506,-98.57285791523805
device_yaw,58.556,-98.90936673477805
device_yaw,58.606,-99.41663058842724
device_yaw,58.656,-100.01056477160328
device_yaw,58.706,-100.64463134280078
device_yaw,58.756,-101.25674000897567
device_yaw,58.806,-101.75444830965453
device_yaw,58.856,-102.1608851135035
device_yaw,58.906,-102.48105982930156
device_yaw,58.956,-102.7254327123178
device_yaw,59.006,-102.869561833068
device_yaw,59.056,-102.88056443032706
device_yaw,59.106,-102.75848914473232
device_yaw,59.156,-102.52286167824697
device_yaw,59.206,-102.25722326999325
device_yaw,59.256,-101.99291353365606
device_yaw,59.306,-101.74528377253397
device_yaw,59.356,-101.56123020443628
device_yaw,59.406,-101.45324450069538
device_yaw,59.456,-101.43424961795944
device_yaw,59.506,-101.50331732102315
device_yaw,59.556,-101.6814768261439
device_yaw,59.606,-101.98177400540371
device_yaw,59.656,-102.38697027670392
device_yaw,59.706,-102.86153667360071
device_yaw,59.756,-103.33349220835875
device_yaw,59.806,-103.75753012328146
device_yaw,59.856,-104.1255249001781
device_yaw,59.906,-104.45350117044791
device_yaw,59.956,-104.72345342902787
device_yaw,60.006,-104.87517758293889
device_yaw,60.056,-104.89926518522647
device_yaw,60.106,-104.8435006813134
device_yaw,60.156,-104.70274943848563
device_yaw,60.206,-104.47218722460543
device_yaw,60.256,-104.16697480236213
device_yaw,60.306,-103.79272425619291
device_yaw,60.356,-103.35704907375597
device_yaw,60.406,-102.88719693243348
device_yaw,60.456,-102.39991844042747
device_yaw,60.506,-101.88888552056943
device_yaw,60.556,-101.35624775633408
device_yaw,60.606,-100.80751339573162
device_yaw,60.656,-100.2608984339689
device_yaw,60.706,-99.68541224111104
device_yaw,60.756,-99.09586348405922
device_yaw,60.806,-98.53565710226927
device_yaw,60.856,-98.02481737046213
device_yaw,60.906,-97.60225102729437
device_yaw,60.956,-97.2906773617054
device_yaw,61.006,-97.15311852062888
device_yaw,61.056,-97.1757767827924
device_yaw,61.106,-97.29523036123024
device_yaw,61.156,-97.47126167658935
device_yaw,61.206,-97.64673014805776
device_yaw,61.256,-97.87268721090192
device_yaw,61.306,-98.16323013766396
device_yaw,61.356,-98.52102213547506
device_yaw,61.406,-98.72269252837395
device_yaw,61.456,-98.71602296807241
device_yaw,61.506,-98.50220953699595
device_yaw,61.556,-98.05424669497928
device_yaw,61.606,-97.38434933962294
device_yaw,61.656,-96.5693485209117
device_yaw,61.706,-95.70159041271981
device_yaw,61.756,-94.85208914020991
device_yaw,61.806,-94.05077467941754
device_yaw,61.856,-93.2900619511256
device_yaw,61.906,-92.45858859340449
device_yaw,61.956,-91.84285476786991
device_yaw,62.006,-91.42616200920044
device_yaw,62.056,-91.1926043107235
device_yaw,62.106,-91.06778608041915
device_yaw,62.156,-91.09465115705352
device_yaw,62.206,-91.26106676103227
device_yaw,62.256,-91.56638381370044
device_yaw,62.306,-91.94784273233682
device_yaw,62.356,-92.25505388584828
device_yaw,62.406,-92.45700521547339
device_yaw,62.456,-92.67550429811496
device_yaw,62.506,-92.81029384860535
device_yaw,62.556,-92.80959889646974
device_yaw,62.606,-92.75461983185745
device_yaw,62.656,-92.64934991099952
device_yaw,62.706,-92.51394674866745
device_yaw,62.756,-92.26718617176375
device_yaw,62.806,-91.87888652071541
device_yaw,62.856,-91.3917345656988
device_yaw,62.906,-90.92665191830483
device_yaw,62.956,-90.52328543015872
device_yaw,63.006,-90.16049908399253
device_yaw,63.056,-89.89073997629716
device_yaw,63.106,-89.7009705176194
device_yaw,63.156,-89.55864538048968
device_yaw,63.206,-89.49358507494678
device_yaw,63.256,-89.47350471297914
device_yaw,63.306,-89.54743108275902
device_yaw,63.356,-89.79413418583013
device_yaw,63.406,-90.23212267478416
device_yaw,63.456,-90.77839666847713
device_yaw,63.506,-91.34675333672168
device_yaw,63.556,-91.83657625348397
device_yaw,63.606,-92.18146267700484
device_yaw,63.656,-92.56548153669854
device_yaw,63.706,-92.87905025330934
device_yaw,63.756,-93.17980457749933
device_yaw,63.806,-93.38450709818535
device_yaw,63.856,-93.53814067392433
device_yaw,63.906,-93.49146930791875
device_yaw,63.956,-93.17393191638298
device_yaw,64.006,-92.6876057882845
device_yaw,64.056,-92.11335507519789
device_yaw,64.106,-91.58071213551672
device_yaw,64.156,-91.20085598976858
device_yaw,64.206,-90.91830151777202
device_yaw,64.256,-90.6512179021384
device_yaw,64.306,-90.43974056155776
device_yaw,64.356,-90.33702961850551
device_yaw,64.406,-90.33436465966571
device_yaw,64.456,-90.44256257014507
device_yaw,64.506,-90.75751762976664
device_yaw,64.556,-91.31789641938231
device_yaw,64.606,-92.09346112893607
device_yaw,64.656,-92.96783858399355
device_yaw,64.706,-93.77362851391207
device_yaw,64.756,-94.42852014554887
device_yaw,64.806,-95.13533247820727
device_yaw,64.856,-95.6721813295709
device_yaw,64.906,-96.08833894071212
device_yaw,64.956,-96.21647222891978
device_yaw,65.006,-96.28490205490453
device_yaw,65.056,-96.23609223705826
device_yaw,65.106,-96.02079219305743
device_yaw,65.156,-95.60288209978167
device_yaw,65.206,-95.04460752313653
device_yaw,65.256,-94.42397530910057
device_yaw,65.306,-93.79323362903587
device_yaw,65.356,-93.14367778497281
device_yaw,65.406,-92.56584336781421
device_yaw,65.456,-92.00511449486206
device_yaw,65.506,-91.66533435988872
device_yaw,65.556,-91.39819048929915
device_yaw,65.606,-91.24199055064138
device_yaw,65.656,-91.19438775342994
device_yaw,65.706,-91.33740153155311
device_yaw,65.756,-91.6369417603678
device_yaw,65.806,-92.16789159054946
device_yaw,65.856,-92.74710686910538
device_yaw,65.906,-93.24927243653124
device_yaw,65.956,-93.71490535223552
device_yaw,66.006,-94.16447135692451
device_yaw,66.056,-94.48834683377294
device_yaw,66.106,-94.66080736969376
device_yaw,66.156,-94.5916024766186
device_yaw,66.206,-94.41584757151219
device_yaw,66.256,-94.01052522314471
device_yaw,66.306,-93.38363064499586
device_yaw,66.356,-92.5411349659904
device_yaw,66.406,-91.709308323612
device_yaw,66.456,-91.00669680945599
device_yaw,66.506,-90.44451590076288
device_yaw,66.556,-89.97072077669125
device_yaw,66.606,-89.64370726254838
device_yaw,66.656,-89.49765813620353
device_yaw,66.706,-89.59134086588334
device_yaw,66.756,-89.78210504000884
device_yaw,66.806,-90.11324577289074
device_yaw,66.856,-90.64324436319504
device_yaw,66.906,-91.34148464550536
device_yaw,66.956,-92.14342216537922
device_yaw,67.006,-92.92717036754446
device_yaw,67.056,-93.6300814007184
device_yaw,67.106,-94.23717439242219
device_yaw,67.156,-94.7571076394086
device_yaw,67.206,-95.17287459737821
device_yaw,67.256,-95.42135776921327
device_yaw,67.306,-95.5090012303674
device_yaw,67.356,-95.49155194045476
device_yaw,67.406,-95.2762816071012
device_yaw,67.456,-94.87942748599993
device_yaw,67.506,-94.36520673342362
device_yaw,67.556,-93.8109983778617
device_yaw,67.606,-93.30141720049774
device_yaw,67.656,-92.92179833422924
device_yaw,67.706,-92.6558355869603
device_yaw,67.756,-92.45671544301898
device_yaw,67.806,-92.40354358381997
device_yaw,67.856,-92.50983351626631
device_yaw,67.906,-92.85864148789454
device_yaw,67.956,-93.4607767956174
device_yaw,68.006,-94.31388742068128
device_yaw,68.056,-95.44501508938764
device_yaw,68.106,-96.82351871748716
device_yaw,68.156,-98.28304462509067
device_yaw,68.206,-99.69006274046818
device_yaw,68.256,-101.04334235281338
device_yaw,68.306,-102.36188237654552
device_yaw,68.356,-103.58711391467045
device_yaw,68.406,-104.58163375454318
device_yaw,68.456,-105.38054536660653
device_yaw,68.506,-106.00522052112268
device_yaw,68.556,-106.3887145146757
device_yaw,68.606,-106.453930741452
device_yaw,68.656,-106.27447613689411
device_yaw,68.706,-106.01319933549858
device_yaw,68.756,-105.77527123594992
device_yaw,68.806,-105.60292613195519
device_yaw,68.856,-105.53224588063385
device_yaw,68.906,-105.54293363300873
device_yaw,68.956,-105.736788598273
device_yaw,69.006,-106.01724635059385
device_yaw,69.056,-106.45793215283472
device_yaw,69.106,-107.04369902263298
device_yaw,69.156,-107.79615569785129
device_yaw,69.206,-108.70182306038674
device_yaw,69.256,-109.71632503397264
device_yaw,69.306,-110.79987275262066
device_yaw,69.356,-111.87383780121614
device_yaw,69.406,-112.84610746762424
device_yaw,69.456,-113.73217303145921
device_yaw,69.506,-114.46359878782263
device_yaw,69.556,-115.04718257211545
device_yaw,69.606,-115.46488174875479
device_yaw,69.656,-115.74450447261978
device_yaw,69.706,-115.843206556658
device_yaw,69.756,-115.69572701603833
device_yaw,69.806,-115.31416222985943
device_yaw,69.856,-114.77949622350016
device_yaw,69.906,-114.17351897638945
device_yaw,69.956,-113.58060902297417
device_yaw,70.006,-113.06287479578977
device_yaw,70.056,-112.6779312284189
device_yaw,70.106,-112.33629085439257
device_yaw,70.156,-112.07908342809175
device_yaw,70.206,-111.92439817389695
device_yaw,70.256,-111.8972245476552
device_yaw,70.306,-112.02982158361807
device_yaw,70.356,-112.36047425910434
device_yaw,70.406,-112.84651849059759
device_yaw,70.456,-113.46990795431385
device_yaw,70.506,-114.17417951836143
device_yaw,70.556,-114.86899764908526
device_yaw,70.606,-115.5308581609916
device_yaw,70.656,-116.19102920230439
device_yaw,70.706,-116.73597923043233
device_yaw,70.756,-117.23004087347073
device_yaw,70.806,-117.62299039032764
device_yaw,70.856,-117.92653516953769
device_yaw,70.906,-118.09921325261426
device_yaw,70.956,-118.15100907126453
device_yaw,71.006,-118.11468438271818
device_yaw,71.056,-118.03504175687175
device_yaw,71.106,-118.00079893998168
device_yaw,71.156,-118.06231601141921
device_yaw,71.206,-118.24177677446129
device_yaw,71.256,-118.60910076951481
device_yaw,71.306,-119.08720769096368
device_yaw,71.356,-119.78062031367348
device_yaw,71.406,-120.63836762426908
device_yaw,71.456,-121.67222467804095
device_yaw,71.506,-122.80558216991426
device_yaw,71.556,-124.0186967415992
device_yaw,71.606,-125.33527465644957
device_yaw,71.656,-126.69412891916623
device_yaw,71.706,-128.07008352066018
device_yaw,71.756,-129.41466531253147
device_yaw,71.806,-130.67479369726965
device_yaw,71.856,-131.8670186271948
device_yaw,71.906,-132.99133616578453
device_yaw,71.956,-134.06315061273847
device_yaw,72.006,-135.1460797780738
device_yaw,72.056,-136.2966746558476
device_yaw,72.106,-137.37058084364924
device_yaw,72.156,-138.42359537742257
device_yaw,72.206,-139.56946742514083
device_yaw,72.256,-140.7493350784882
device_yaw,72.306,-141.94184933995615
device_yaw,72.356,-143.1290447660299
device_yaw,72.406,-144.31394298868807
device_yaw,72.456,-145.43405423364138
device_yaw,72.506,-146.48866214365734
device_yaw,72.556,-147.4027903396304
device_yaw,72.606,-148.19244801577798
device_yaw,72.656,-148.9347161643558
device_yaw,72.706,-149.54144920989032
device_yaw,72.756,-149.9448675195811
device_yaw,72.806,-150.2225486342245
device_yaw,72.856,-150.42531841208708
device_yaw,72.906,-150.56430049111881
device_yaw,72.956,-150.6175653339095
device_yaw,73.006,-150.61247392751886
device_yaw,73.056,-150.57484503604002
device_yaw,73.106,-150.49339134165305
device_yaw,73.156,-150.36944451078688
device_yaw,73.206,-150.24780240327382
device_yaw,73.256,-150.13348381172673
device_yaw,73.306,-150.0059238917446
device_yaw,73.356,-149.85029665262545
device_yaw,73.406,-149.68724458056616
device_yaw,73.456,-149.52921274437062
device_yaw,73.506,-149.38863805643717
device_yaw,73.556,-149.26112535622863
device_yaw,73.606,-149.13456699886947
device_yaw,73.656,-149.00981174820097
device_yaw,73.706,-148.87228879893115
device_yaw,73.756,-148.71675350909797
device_yaw,73.806,-148.5500343116489
device_yaw,73.856,-148.36143324492494
device_yaw,73.906,-148.17128217169278
device_yaw,73.956,-147.97751250875717
device_yaw,74.006,-147.77977344347866
device_yaw,74.056,-147.58630174981997
device_yaw,74.106,-147.39843409162094
device_yaw,74.156,-147.2300289065228
device_yaw,74.206,-147.0767994873369
device_yaw,74.256,-146.93615312559493
device_yaw,74.306,-146.8201849604456
device_yaw,74.356,-146.71511020598942
device_yaw,74.406,-146.63620271757307
device_yaw,74.456,-146.57274062125032
device_yaw,74.506,-146.51216336405335
device_yaw,74.556,-146.4634609704814
device_yaw,74.606,-146.42063924201042
device_yaw,74.656,-146.37793463976533
device_yaw,74.706,-146.3292370764826
device_yaw,74.756,-146.27383433468907
device_yaw,74.806,-146.2178653185629
device_yaw,74.856,-146.1572245414336
device_yaw,74.906,-146.09548474622554
device_yaw,74.956,-146.03085401435757
device_yaw,75.006,-145.96766907344397
device_yaw,75.056,-145.9120924825793
device_yaw,75.106,-145.86242050840295
device_yaw,75.156,-145.8163325163196
device_yaw,75.206,-145.77902297048965
device_yaw,75.256,-145.74736987386132
device_yaw,75.306,-145.72602067322214
device_yaw,75.356,-145.71081747542732
device_yaw,75.406,-145.70621492380786
device_yaw,75.456,-145.7149084114691
device_yaw,75.506,-145.73584413858134
device_yaw,75.556,-145.76148910979546
device_yaw,75.606,-145.79669641167413
device_yaw,75.656,-145.83945228981992
device_yaw,75.706,-145.89046667518403
device_yaw,75.756,-145.94381442229087
device_yaw,75.806,-146.0031658736395
device_yaw,75.856,-146.07186416648176
device_yaw,75.906,-146.15653985908446
device_yaw,75.956,-146.2357598186159
device_yaw,76.006,-146.31244280700375
device_yaw,76.056,-146.38147060920716
device_yaw,76.106,-146.44203467065788
device_yaw,76.156,-146.49007465891071
device_yaw,76.206,-146.5301170378845
device_yaw,76.256,-146.55875324489628
device_yaw,76.306,-146.581471013234
device_yaw,76.356,-146.5953366113739
device_yaw,76.406,-146.59307265550004
device_yaw,76.456,-146.57185336394588
device_yaw,76.506,-146.5477836892276
device_yaw,76.556,-146.51481725214865
device_yaw,76.606,-146.48034929101487
device_yaw,76.656,-146.44793952278698
device_yaw,76.706,-146.4189193746216
device_yaw,76.756,-146.39053824423698
device_yaw,76.806,-146.3698819916212
device_yaw,76.856,-146.3552067222943
device_yaw,76.906,-146.34479176845136
device_yaw,76.956,-146.33986894528672
device_yaw,77.006,-146.33948532757898
device_yaw,77.056,-146.3448520884142
device_yaw,77.106,-146.3676367693031
device_yaw,77.156,-146.4045030880078
device_yaw,77.206,-146.4506208664923
device_yaw,77.256,-146.49968654918032
device_yaw,77.306,-146.55283281948562
device_yaw,77.356,-146.60741620896508
device_yaw,77.406,-146.67063892759327
device_yaw,77.456,-146.74541712223947
device_yaw,77.506,-146.84046427308482
device_yaw,77.556,-146.9655103773523
device_yaw,77.606,-147.12375810053484
device_yaw,77.656,-147.30829904094796
device_yaw,77.706,-147.5216470967682
device_yaw,77.756,-147.8204729789735
device_yaw,77.806,-148.187082108343
device_yaw,77.856,-148.59606302405606
device_yaw,77.906,-149.00493453107418
device_yaw,77.956,-149.43131605327738
device_yaw,78.006,-149.86687754010302
device_yaw,78.056,-150.29450433430273
device_yaw,78.106,-150.70442074809924
device_yaw,78.156,-150.95218916135545
device_yaw,78.206,-151.2097016225122
device_yaw,78.256,-151.4818439072409
device_yaw,78.306,-151.6876420115888
device_yaw,78.356,-151.83200996822075
gyro_norm,0.027,0.4179237694988469
gyro_norm,0.055,0.15242264689568186
gyro_norm,0.105,0.1496697360406712
gyro_norm,0.155,0.255874607208793
gyro_norm,0.205,0.20572307767288206
gyro_norm,0.255,0.22920974667937305
gyro_norm,0.304,0.06266693798815907
gyro_norm,0.359,0.05394564687271019
gyro_norm,0.404,0.08723565760338607
gyro_norm,0.454,0.05521846169436976
gyro_norm,0.503,0.13948979274038156
gyro_norm,0.553,0.09575411259738038
gyro_norm,0.603,0.1872219834063758
gyro_norm,0.653,0.14675359338400953
gyro_norm,0.705,0.22792492628490524
gyro_norm,0.752,0.38128962306641223
gyro_norm,0.802,0.5308144219110019
gyro_norm,0.852,0.6021484510138495
gyro_norm,0.901,0.7454452915139148
gyro_norm,0.951,0.7978088795717497
gyro_norm,1.001,0.6184520230758764
gyro_norm,1.051,0.6762940324969188
gyro_norm,1.101,0.8038866647547563
gyro_norm,1.15,0.7683844207309014
gyro_norm,1.2,0.7927076516730165
gyro_norm,1.25,0.8117493971291672
gyro_norm,1.3,0.6060834520653721
gyro_norm,1.349,1.121096835265708
gyro_norm,1.399,1.021553224544334
gyro_norm,1.449,1.1025794045646506
gyro_norm,1.503,0.9639154789106259
gyro_norm,1.548,1.1128078240941461
gyro_norm,1.598,1.3017090695638576
gyro_norm,1.649,1.1300543390625093
gyro_norm,1.698,1.1277137706802223
gyro_norm,1.748,1.0645966207133657
gyro_norm,1.798,1.1550914023975825
gyro_norm,1.847,1.156365973686118
gyro_norm,1.897,1.177628991400517
gyro_norm,1.946,1.117626155197185
gyro_norm,1.996,1.347952737712351
gyro_norm,2.06,1.0052862673844303
gyro_norm,2.096,1.0379314544569014
gyro_norm,2.146,0.9320661023226642
gyro_norm,2.195,1.1682664561369662
gyro_norm,2.245,1.1970334475596927
gyro_norm,2.298,1.1149050691268225
gyro_norm,2.345,1.074524942291993
gyro_norm,2.394,0.5570749369137362
gyro_norm,2.444,0.5436353483101899
gyro_norm,2.494,0.431208810904472
gyro_norm,2.544,0.37965011738775234
gyro_norm,2.593,0.7275631694663917
gyro_norm,2.643,0.9241823057846618
gyro_norm,2.693,0.1916262549222384
gyro_norm,2.743,0.4514281076289218
gyro_norm,2.792,0.3694932415708375
gyro_norm,2.842,0.15158581105046073
gyro_norm,2.892,0.028703493850810405
gyro_norm,2.948,0.2769577412766982
gyro_norm,2.992,0.33592530039240237
gyro_norm,3.041,0.16903181591093014
gyro_norm,3.093,0.2984116551802383
gyro_norm,3.141,0.30338519446226286
gyro_norm,3.191,0.3789775085382206
gyro_norm,3.24,0.44875990645927183
gyro_norm,3.29,0.3866075635421872
gyro_norm,3.34,0.2888937623517637
gyro_norm,3.39,0.24834789729360984
gyro_norm,3.44,0.554240216526754
gyro_norm,3.489,0.693114357084256
gyro_norm,3.539,0.8397966696967865
gyro_norm,3.593,0.7354220212773872
gyro_norm,3.638,0.29901504143628993
gyro_norm,3.689,0.29748675663767193
gyro_norm,3.738,0.22376577449698049
gyro_norm,3.788,0.5512628641027606
gyro_norm,3.838,0.7382239700209247
gyro_norm,3.887,0.4681472973021223
gyro_norm,3.937,0.47697539027515695
gyro_norm,3.987,0.3575305175889695
gyro_norm,4.043,0.43283832001719846
gyro_norm,4.086,0.34481915125220314
gyro_norm,4.136,0.26186730498856586
gyro_norm,4.186,0.18443584654761683
gyro_norm,4.24,0.18758556132486764
gyro_norm,4.285,0.1555128288083962
gyro_norm,4.335,0.04550694733411042
gyro_norm,4.385,0.7885694799405508
gyro_norm,4.435,0.3674623142714476
gyro_norm,4.485,0.3827319868700793
gyro_norm,4.534,0.7504387890282332
gyro_norm,4.584,0.5729613182507975
gyro_norm,4.634,0.5799986202731545
gyro_norm,4.684,0.5608021016918112
gyro_norm,4.733,0.4827431843208284
gyro_norm,4.783,0.21702697078179228
gyro_norm,4.833,0.4124133625052288
gyro_norm,4.882,0.38832577137899915
gyro_norm,4.933,0.24784420982844926
gyro_norm,4.982,0.46402137654398923
gyro_norm,5.032,0.732264952295987
gyro_norm,5.102,0.9856498334145416
gyro_norm,5.132,0.48938055906497135
gyro_norm,5.181,0.4849664940538641
gyro_norm,5.231,0.5836713358244673
gyro_norm,5.281,0.41680554285987553
gyro_norm,5.331,0.36934968195311796
gyro_norm,5.38,0.12689623306859188
gyro_norm,5.43,0.08660291211194503
gyro_norm,5.48,0.3239264027789765
gyro_norm,5.529,0.527464353993492
gyro_norm,5.579,0.7453993871262484
gyro_norm,5.629,0.19339397439614608
gyro_norm,5.679,0.4143160380300221
gyro_norm,5.729,0.4467267348641483
gyro_norm,5.779,0.4277993962077967
gyro_norm,5.828,0.5821325975472778
gyro_norm,5.878,0.5484505960994135
gyro_norm,5.928,0.6122889328518253
gyro_norm,5.978,0.5851390479214295
gyro_norm,6.027,0.27425485889718115
gyro_norm,6.077,0.10225885170936588
gyro_norm,6.127,0.7651782626635708
gyro_norm,6.185,0.7399118133792143
gyro_norm,6.226,0.6035341703338233
gyro_norm,6.276,0.44295856046815413
gyro_norm,6.326,0.3173312275503734
gyro_norm,6.376,0.4750207634437147
gyro_norm,6.425,0.39109118679703253
gyro_norm,6.475,0.08687612505631147
gyro_norm,6.525,0.16067397596194005
gyro_norm,6.575,0.7113822521712878
gyro_norm,6.625,0.2304229339316521
gyro_norm,6.674,0.36913492527234276
gyro_norm,6.724,0.558313770183572
gyro_norm,6.774,0.5245777746482462
gyro_norm,6.826,1.0445710944173747
gyro_norm,6.873,0.49758476031733423
gyro_norm,6.923,0.22457428905292467
gyro_norm,6.973,0.3635381833009406
gyro_norm,7.023,0.2525227527689887
gyro_norm,7.072,0.29294102104480213
gyro_norm,7.122,0.265821980372865
gyro_norm,7.172,0.09507937668615515
gyro_norm,7.222,0.06656389245462159
gyro_norm,7.271,0.05807635543547288
gyro_norm,7.321,0.0673742345885321
gyro_norm,7.371,0.10772198458530896
gyro_norm,7.421,0.17467887311526364
gyro_norm,7.477,0.1542787071798308
gyro_norm,7.52,0.11180286043570191
gyro_norm,7.57,0.05096273284952976
gyro_norm,7.62,0.036585521270278115
gyro_norm,7.67,0.10472860408977093
gyro_norm,7.719,0.0872908478219883
gyro_norm,7.769,0.10910416184144657
gyro_norm,7.819,0.044551906232460387
gyro_norm,7.869,0.05374888172510197
gyro_norm,7.918,0.14800701929916404
gyro_norm,7.968,0.18841820435142548
gyro_norm,8.018,0.11316088750532945
gyro_norm,8.068,0.07969005462948786
gyro_norm,8.123,0.045133188414338034
gyro_norm,8.167,0.09014065531319276
gyro_norm,8.217,0.06678663023341222
gyro_norm,8.267,0.08787580545323566
gyro_norm,8.316,0.05306842371793463
gyro_norm,8.366,0.041816387097308366
gyro_norm,8.416,0.040854733881706934
gyro_norm,8.466,0.06515233369536921
gyro_norm,8.515,0.05983387448434318
gyro_norm,8.565,0.046253233822189134
gyro_norm,8.615,0.09380247092958177
gyro_norm,8.665,0.0503528959881695
gyro_norm,8.715,0.06360365637264187
gyro_norm,8.764,0.10972021955358288
gyro_norm,8.814,0.05542856448697861
gyro_norm,8.864,0.05800704576119664
gyro_norm,8.914,0.07776544164673206
gyro_norm,8.964,0.08287370093844955
gyro_norm,9.013,0.046622667022482564
gyro_norm,9.064,0.10366533263582693
gyro_norm,9.113,0.052506572391466964
gyro_norm,9.162,0.06805461973911492
gyro_norm,9.212,0.022949416169856286
gyro_norm,9.262,0.04481518412705047
gyro_norm,9.312,0.09767565234888691
gyro_norm,9.362,0.046634114683202214
gyro_norm,9.411,0.15416868775510742
gyro_norm,9.461,0.08051413105375399
gyro_norm,9.511,0.1732280599175706
gyro_norm,9.561,0.10829574012413307
gyro_norm,9.61,0.0805598193709312
gyro_norm,9.66,0.10671944011071197
gyro_norm,9.714,0.15392788661660572
gyro_norm,9.76,0.11944760481866248
gyro_norm,9.809,0.1181646086975329
gyro_norm,9.859,0.08555618699696167
gyro_norm,9.909,0.09184767413739532
gyro_norm,9.959,0.013884271256270632
gyro_norm,10.008,0.14470601036172445
gyro_norm,10.059,0.29308494776464683
gyro_norm,10.108,0.2882333253077999
gyro_norm,10.158,0.7286323761851858
gyro_norm,10.208,0.31948075168635853
gyro_norm,10.258,0.2723629831569373
gyro_norm,10.307,0.26003383843677524
gyro_norm,10.361,0.16121220310088438
gyro_norm,10.406,0.2726735839543406
gyro_norm,10.456,0.1744790926819949
gyro_norm,10.506,0.3000841952677944
gyro_norm,10.556,0.390280919140171
gyro_norm,10.606,0.12423195739439843
gyro_norm,10.655,0.2918472616681122
gyro_norm,10.705,0.18407013178340684
gyro_norm,10.755,0.3571719380957173
gyro_norm,10.805,0.450513927259648
gyro_norm,10.855,0.49303235790393113
gyro_norm,10.904,0.5872694731062892
gyro_norm,10.954,0.41943470029627566
gyro_norm,11.009,0.798270982358422
gyro_norm,11.054,0.2167623256741512
gyro_norm,11.104,0.32048879346598025
gyro_norm,11.153,0.4613374619247471
gyro_norm,11.203,0.540893527626113
gyro_norm,11.253,0.869796385619072
gyro_norm,11.303,0.5643742715917636
gyro_norm,11.352,0.6480361000108845
gyro_norm,11.402,0.5399093567282646
gyro_norm,11.452,1.0870086700750692
gyro_norm,11.502,0.5350226441050746
gyro_norm,11.551,0.26445353864338395
gyro_norm,11.601,0.22249487663764586
gyro_norm,11.657,0.4300573124195942
gyro_norm,11.7,0.2236034194237829
gyro_norm,11.75,0.333524363900185
gyro_norm,11.8,0.43128682977603533
gyro_norm,11.85,0.16930746144514658
gyro_norm,11.9,0.2791892171417201
gyro_norm,11.949,0.33363814829652116
gyro_norm,12.001,0.38211485883874563
gyro_norm,12.049,0.320875678058013
gyro_norm,12.099,0.930524145697009
gyro_norm,12.149,1.1908456452705285
gyro_norm,12.198,1.1939873638916687
gyro_norm,12.248,1.0416704411032705
gyro_norm,12.303,0.9386731259541844
gyro_norm,12.347,1.094685201850954
gyro_norm,12.397,0.37149161244283013
gyro_norm,12.447,0.6851871797387459
gyro_norm,12.497,0.965481476220768
gyro_norm,12.547,0.8844224732910294
gyro_norm,12.596,0.9197252028359436
gyro_norm,12.649,0.7538331410109639
gyro_norm,12.696,1.2954972348993496
gyro_norm,12.746,0.8022905027164795
gyro_norm,12.795,0.5513558224452751
gyro_norm,12.845,0.5492145012629127
gyro_norm,12.895,0.47610670104419534
gyro_norm,12.945,0.7309550041687926
gyro_norm,12.994,0.36446644773863507
gyro_norm,13.044,0.37251021863947226
gyro_norm,13.094,0.19261083028457537
gyro_norm,13.144,0.9764039647930087
gyro_norm,13.194,0.5965663101601745
gyro_norm,13.243,0.3947436157652293
gyro_norm,13.293,0.5843352673520046
gyro_norm,13.343,0.3717767254927755
gyro_norm,13.393,0.6427295772225531
gyro_norm,13.442,0.196956249752349
gyro_norm,13.492,0.38227212479452544
gyro_norm,13.542,0.634673491293837
gyro_norm,13.591,0.26973566707271146
gyro_norm,13.641,0.24313910825695617
gyro_norm,13.691,0.2357562042055395
gyro_norm,13.741,0.7061230913778096
gyro_norm,13.791,0.5661908165644826
gyro_norm,13.84,0.5113248877543605
gyro_norm,13.89,0.28307446742450254
gyro_norm,13.94,0.7801449149687836
gyro_norm,13.99,0.15869734154634169
gyro_norm,14.039,0.4010320507170762
gyro_norm,14.089,0.6301952550113886
gyro_norm,14.139,0.38795209030792766
gyro_norm,14.189,0.21314170936453863
gyro_norm,14.238,0.5616327598362323
gyro_norm,14.288,0.12691690966632327
gyro_norm,14.338,0.40403644586590914
gyro_norm,14.388,0.3232730275145979
gyro_norm,14.438,0.2607117999266106
gyro_norm,14.487,0.4263354361017227
gyro_norm,14.537,0.32768272975687357
gyro_norm,14.587,0.3054503814820685
gyro_norm,14.637,0.32703403507617224
gyro_norm,14.687,0.32386350854548573
gyro_norm,14.736,0.44206084537346124
gyro_norm,14.786,0.30241748200757895
gyro_norm,14.836,0.025444054781459658
gyro_norm,14.89,0.12180980307306043
gyro_norm,14.935,0.2369808917481163
gyro_norm,14.985,0.5595675670630202
gyro_norm,15.035,0.12539202083485473
gyro_norm,15.085,0.2062787478194494
gyro_norm,15.134,0.18174973731670505
gyro_norm,15.184,0.1735275552302776
gyro_norm,15.234,0.2132724753425215
gyro_norm,15.284,0.15370875916728505
gyro_norm,15.333,0.256101534883247
gyro_norm,15.383,0.1801289450356992
gyro_norm,15.433,0.10205736971888316
gyro_norm,15.483,0.036607440534575576
gyro_norm,15.54,0.12516282550277402
gyro_norm,15.582,0.09199309073817717
gyro_norm,15.632,0.09306962107277285
gyro_norm,15.682,0.21880867422373906
gyro_norm,15.732,0.41109995754642786
gyro_norm,15.781,0.09636689184046109
gyro_norm,15.844,0.26794896014282044
gyro_norm,15.881,0.08661269677401641
gyro_norm,15.93,0.15338782122883327
gyro_norm,15.98,0.10166428561497586
gyro_norm,16.03,0.048004912121988354
gyro_norm,16.08,0.10092120066717562
gyro_norm,16.13,0.05095683985801064
gyro_norm,16.185,0.09169293722639171
gyro_norm,16.229,0.06127324993134416
gyro_norm,16.279,0.08062127234185572
gyro_norm,16.329,0.07166000698661826
gyro_norm,16.378,0.1055496863868032
gyro_norm,16.428,0.02673341602978255
gyro_norm,16.478,0.06476777186769833
gyro_norm,16.528,0.049419638220592615
gyro_norm,16.577,0.022139459056355833
gyro_norm,16.627,0.0537270024373422
gyro_norm,16.677,0.02563453691806592
gyro_norm,16.727,0.11758760216995748
gyro_norm,16.777,0.112617602119904
gyro_norm,16.827,0.06012886767534847
gyro_norm,16.876,0.031041897454520108
gyro_norm,16.926,0.03404100451766433
gyro_norm,16.976,0.05963899399259144
gyro_norm,17.025,0.09100371184567263
gyro_norm,17.075,0.02099876075805543
gyro_norm,17.125,0.08579230944092675
gyro_norm,17.175,0.03970440336397666
gyro_norm,17.224,0.04632079373014752
gyro_norm,17.274,0.028240010433936643
gyro_norm,17.324,0.10486826250951738
gyro_norm,17.374,0.09549154741414762
gyro_norm,17.423,0.060225994300238256
gyro_norm,17.473,0.09903313962806394
gyro_norm,17.523,0.05740332273672079
gyro_norm,17.573,0.08208074180921088
gyro_norm,17.622,0.09047330391262712
gyro_norm,17.672,0.02454972892063193
gyro_norm,17.722,0.06666497924856499
gyro_norm,17.772,0.06949524926781057
gyro_norm,17.821,0.01192430737612786
gyro_norm,17.871,0.013367593981383494
gyro_norm,17.921,0.06601335741792198
gyro_norm,17.971,0.07867674911914636
gyro_norm,18.021,0.14952849858620126
gyro_norm,18.07,0.11274526273483099
gyro_norm,18.125,0.13785585635381795
gyro_norm,18.17,0.12011301233135431
gyro_norm,18.22,0.057034765634163334
gyro_norm,18.269,0.16265261306186593
gyro_norm,18.319,0.1301493120879857
gyro_norm,18.369,0.2648055564241635
gyro_norm,18.419,0.31972668988671393
gyro_norm,18.468,0.15977368552645255
gyro_norm,18.519,0.3911429364788291
gyro_norm,18.568,0.6815181806823749
gyro_norm,18.618,0.21041543013948621
gyro_norm,18.668,0.3082596131102445
gyro_norm,18.717,0.22616534912102867
gyro_norm,18.773,0.37151354832315936
gyro_norm,18.817,0.2673982160188825
gyro_norm,18.867,0.4060956985588866
gyro_norm,18.916,0.2645064358316479
gyro_norm,18.966,0.17731900653443716
gyro_norm,19.016,0.20668412079603524
gyro_norm,19.066,0.20277105446837349
gyro_norm,19.116,0.23681990573468786
gyro_norm,19.165,0.3811496683452628
gyro_norm,19.215,0.6863948223700967
gyro_norm,19.265,0.922517736969557
gyro_norm,19.315,0.7357813037873507
gyro_norm,19.364,0.6320005529508445
gyro_norm,19.42,0.26351892997470405
gyro_norm,19.464,0.12282338607410606
gyro_norm,19.513,0.21234639036217037
gyro_norm,19.563,0.11641291482355413
gyro_norm,19.613,0.1608310502916184
gyro_norm,19.663,0.20635244309450257
gyro_norm,19.713,0.14278306618058503
gyro_norm,19.762,0.2261791167805427
gyro_norm,19.812,0.25133908523847703
gyro_norm,19.862,0.3256286782863431
gyro_norm,19.912,0.5754550814923611
gyro_norm,19.961,0.50747829120224
gyro_norm,20.011,0.2945013007791995
gyro_norm,20.066,0.46668248431849196
gyro_norm,20.11,0.3558150125596514
gyro_norm,20.16,0.31627723496765414
gyro_norm,20.21,0.2548585897641314
gyro_norm,20.26,0.24161133749183944
gyro_norm,20.31,0.31921032069791005
gyro_norm,20.36,0.11330089147610801
gyro_norm,20.414,0.07475150825341903
gyro_norm,20.459,0.1265365703089592
gyro_norm,20.509,0.2882087053754315
gyro_norm,20.559,0.22244065370033173
gyro_norm,20.609,0.17938088547993383
gyro_norm,20.658,0.1406813653527589
gyro_norm,20.708,0.16473962275697437
gyro_norm,20.758,0.13715405708158096
gyro_norm,20.808,0.1742488155113636
gyro_norm,20.857,0.10239200184074844
gyro_norm,20.907,0.13551261016269928
gyro_norm,20.957,0.07246414470946555
gyro_norm,21.006,0.1332333057568511
gyro_norm,21.056,0.11618509221722166
gyro_norm,21.106,0.09811223196579584
gyro_norm,21.156,0.09134216826938236
gyro_norm,21.206,0.0847576163892571
gyro_norm,21.255,0.04670601852957555
gyro_norm,21.305,0.06700167924892828
gyro_norm,21.355,0.03243280544300407
gyro_norm,21.405,0.06240472045112725
gyro_norm,21.454,0.018355484032904563
gyro_norm,21.504,0.02826640643923093
gyro_norm,21.554,0.020172046513867534
gyro_norm,21.604,0.023883308862273186
gyro_norm,21.653,0.012125121494584416
gyro_norm,21.704,0.03483827199999998
gyro_norm,21.753,0.04144801881434449
gyro_norm,21.803,0.05665144565406789
gyro_norm,21.852,0.04057991887347727
gyro_norm,21.902,0.02565899903027859
gyro_norm,21.952,0.0463772341956788
gyro_norm,22.002,0.0904700057467963
gyro_norm,22.052,0.1058436613983451
gyro_norm,22.101,0.10111039929711191
gyro_norm,22.151,0.07530161860009388
gyro_norm,22.201,0.0675235102360331
gyro_norm,22.251,0.023318737840956626
gyro_norm,22.304,0.010639347850137667
gyro_norm,22.35,0.03213383509479786
gyro_norm,22.4,0.08371543674378795
gyro_norm,22.45,0.11047232289626313
gyro_norm,22.5,0.09031712643460871
gyro_norm,22.549,0.12221061125360137
gyro_norm,22.599,0.10710032988986547
gyro_norm,22.649,0.12089136244932773
gyro_norm,22.699,0.11610012639561754
gyro_norm,22.748,0.36181496785770184
gyro_norm,22.802,0.3360280454103562
gyro_norm,22.848,0.28571483132844755
gyro_norm,22.898,0.3462237845260658
gyro_norm,22.953,0.1773321216239417
gyro_norm,22.997,0.05880738585997092
gyro_norm,23.047,0.08381723373654215
gyro_norm,23.096,0.12843061607967834
gyro_norm,23.146,0.19687263304239322
gyro_norm,23.196,0.37156627073324455
gyro_norm,23.246,0.14798438718520956
gyro_norm,23.296,0.48583461385690707
gyro_norm,23.345,0.10489568922439915
gyro_norm,23.395,0.1626675668389504
gyro_norm,23.445,0.5198292051018696
gyro_norm,23.495,0.4907583345077066
gyro_norm,23.544,0.5819389112412147
gyro_norm,23.602,0.2449913509994713
gyro_norm,23.644,0.4949149198605531
gyro_norm,23.694,0.5603320907941444
gyro_norm,23.744,0.3275517081653587
gyro_norm,23.794,0.43854440117031895
gyro_norm,23.843,0.49649444595494485
gyro_norm,23.894,0.36693363821818875
gyro_norm,23.943,0.3037860466034559
gyro_norm,23.992,0.6225561597417488
gyro_norm,24.042,0.5502701522498178
gyro_norm,24.092,0.31765090618572206
gyro_norm,24.142,0.4378664463816626
gyro_norm,24.191,0.3678767487701825
gyro_norm,24.241,0.1755493081447101
gyro_norm,24.291,0.18362834658987004
gyro_norm,24.341,0.12200471877762889
gyro_norm,24.391,0.18702204498191025
gyro_norm,24.44,0.19408058021172153
gyro_norm,24.49,0.21190884669570942
gyro_norm,24.546,0.6081454539913939
gyro_norm,24.589,0.49861400681378637
gyro_norm,24.639,0.3722455784093961
gyro_norm,24.689,0.4431416955467849
gyro_norm,24.739,0.43260089978358346
gyro_norm,24.789,0.7147926601347857
gyro_norm,24.838,0.36308831398008423
gyro_norm,24.888,0.39687815190090675
gyro_norm,24.938,0.6042634392570198
gyro_norm,24.988,0.27095566508297586
gyro_norm,25.038,0.3537008154835703
gyro_norm,25.087,0.3234592162496007
gyro_norm,25.137,0.392019439351109
gyro_norm,25.187,0.7471731536608475
gyro_norm,25.237,0.3117125786915839
gyro_norm,25.286,0.3496692684088045
gyro_norm,25.336,0.23567305662372484
gyro_norm,25.386,0.3419906804835546
gyro_norm,25.436,0.21536789880603097
gyro_norm,25.491,0.2343331133385149
gyro_norm,25.535,0.29376743769235847
gyro_norm,25.585,0.13993486651917778
gyro_norm,25.635,0.21984665102830053
gyro_norm,25.684,0.21834383682291797
gyro_norm,25.734,0.2938077007294545
gyro_norm,25.784,0.44206747441652255
gyro_norm,25.834,0.5829679387192935
gyro_norm,25.884,0.28702104578908477
gyro_norm,25.933,0.6426664732557543
gyro_norm,25.983,0.23807445903423488
gyro_norm,26.035,0.4745712129263857
gyro_norm,26.082,0.31820950459621417
gyro_norm,26.132,0.4922410182317356
gyro_norm,26.182,0.27661284467949054
gyro_norm,26.232,0.19096167773653583
gyro_norm,26.282,0.32936928235408885
gyro_norm,26.331,0.1666368022437815
gyro_norm,26.381,0.1943373096361638
gyro_norm,26.431,0.5253990741072178
gyro_norm,26.481,0.6793691610336592
gyro_norm,26.53,0.9330896461412924
gyro_norm,26.58,0.48548784201970624
gyro_norm,26.63,0.4193221485077297
gyro_norm,26.68,0.5527620151102778
gyro_norm,26.73,0.26153171865858793
gyro_norm,26.785,0.17158790862084386
gyro_norm,26.829,0.20787658948868795
gyro_norm,26.879,0.14767903116718112
gyro_norm,26.929,0.16325399790960085
gyro_norm,26.978,0.2947168856063092
gyro_norm,27.028,0.29882947668281434
gyro_norm,27.078,0.31041918160045945
gyro_norm,27.128,0.2533364677577536
gyro_norm,27.177,0.24397694172822398
gyro_norm,27.227,0.36185260620778137
gyro_norm,27.277,0.2326714332864929
gyro_norm,27.327,0.2678369758277124
gyro_norm,27.376,0.13227802935653465
gyro_norm,27.43,0.20838811836974577
gyro_norm,27.476,0.26155283363800047
gyro_norm,27.526,0.0983285948244689
gyro_norm,27.576,0.11892488996239034
gyro_norm,27.625,0.0756300301507672
gyro_norm,27.675,0.06469865463998746
gyro_norm,27.725,0.09751549221945653
gyro_norm,27.775,0.1290142355141944
gyro_norm,27.824,0.24908320080053584
gyro_norm,27.874,0.7502574459741201
gyro_norm,27.924,0.17016657856410192
gyro_norm,27.974,0.06438129543448677
gyro_norm,28.023,0.07226933740791087
gyro_norm,28.079,0.10982412365389564
gyro_norm,28.123,0.07627639101138631
gyro_norm,28.173,0.06036009709096688
gyro_norm,28.223,0.06647571229747919
gyro_norm,28.272,0.07228673323904629
gyro_norm,28.322,0.04302482438200735
gyro_norm,28.372,0.045073350782776064
gyro_norm,28.421,0.0978258070576977
gyro_norm,28.471,0.06118539041178393
gyro_norm,28.521,0.08982021158095242
gyro_norm,28.571,0.2982847879137903
gyro_norm,28.621,0.4595781139731435
gyro_norm,28.67,0.3985666995402388
gyro_norm,28.728,0.23474368549303792
gyro_norm,28.77,0.26124649492333296
gyro_norm,28.82,0.19439573450118827
gyro_norm,28.869,0.0810330923440523
gyro_norm,28.919,0.15832784598224958
gyro_norm,28.969,0.25382339036217755
gyro_norm,29.019,0.237508540163087
gyro_norm,29.068,0.24086475516791245
gyro_norm,29.118,0.3601432505837959
gyro_norm,29.168,0.38738053710461384
gyro_norm,29.218,0.345714875563451
gyro_norm,29.271,0.1456688879501489
gyro_norm,29.317,0.07034579555856516
gyro_norm,29.367,0.24191290253502284
gyro_norm,29.417,0.24089271725610262
gyro_norm,29.467,0.15705348935635444
gyro_norm,29.516,0.1967570061230098
gyro_norm,29.566,0.24024510361817902
gyro_norm,29.616,0.14095444715091027
gyro_norm,29.665,0.1519354512246259
gyro_norm,29.715,0.17327299827978712
gyro_norm,29.765,0.16925616617660597
gyro_norm,29.815,0.19205429950362068
gyro_norm,29.865,0.33111685247536937
gyro_norm,29.915,0.45263475048355845
gyro_norm,29.965,0.5346371515027473
gyro_norm,30.014,0.7010368989900114
gyro_norm,30.064,0.828552000151978
gyro_norm,30.114,0.3790673443988476
gyro_norm,30.163,0.32181855759018946
gyro_norm,30.213,0.2985960734978506
gyro_norm,30.267,0.2647868264295837
gyro_norm,30.313,0.3690048286383946
gyro_norm,30.362,0.2516699245031257
gyro_norm,30.412,0.2306101786693298
gyro_norm,30.462,0.33189703760534256
gyro_norm,30.512,0.1708889993274994
gyro_norm,30.561,0.15948344563572275
gyro_norm,30.611,0.17077877713679235
gyro_norm,30.661,0.12936853811947838
gyro_norm,30.711,0.2978632927701137
gyro_norm,30.76,0.21378308221727738
gyro_norm,30.81,0.23858510082107165
gyro_norm,30.86,0.5826350205391744
gyro_norm,30.91,0.4240368638098802
gyro_norm,30.959,0.5399913445100774
gyro_norm,31.009,0.6398100722388896
gyro_norm,31.059,0.41420796213513916
gyro_norm,31.109,0.1294773812591586
gyro_norm,31.158,0.4073630399026549
gyro_norm,31.208,0.24139753845697737
gyro_norm,31.258,0.7187809941770954
gyro_norm,31.308,0.7277531139986547
gyro_norm,31.358,0.34362314897813556
gyro_norm,31.427,0.23912932047726052
gyro_norm,31.457,0.25203959681854515
gyro_norm,31.507,0.2760492118173785
gyro_norm,31.56,0.2895657138602169
gyro_norm,31.606,0.30642225140638196
gyro_norm,31.656,0.23763368281251573
gyro_norm,31.706,0.2984413417947309
gyro_norm,31.756,0.29237844364816246
gyro_norm,31.805,0.18432789328568827
gyro_norm,31.855,0.6417270841347683
gyro_norm,31.905,0.68853379492192
gyro_norm,31.955,0.17166670487237579
gyro_norm,32.005,0.24955422164432517
gyro_norm,32.054,0.5519861623290043
gyro_norm,32.104,0.6652128799758015
gyro_norm,32.154,0.46265319789814946
gyro_norm,32.209,0.5905260567200141
gyro_norm,32.253,0.5943108364915715
gyro_norm,32.303,0.17518228259956117
gyro_norm,32.353,0.18392184238009152
gyro_norm,32.403,0.21748410683226485
gyro_norm,32.452,0.5490911690610141
gyro_norm,32.52,0.76779979997122
gyro_norm,32.552,0.9016545696606372
gyro_norm,32.602,0.33492125743921125
gyro_norm,32.651,0.4442579469642231
gyro_norm,32.701,0.17700037216838865
gyro_norm,32.751,0.1502498428870549
gyro_norm,32.801,0.34936823909858317
gyro_norm,32.855,0.18079998789862756
gyro_norm,32.9,0.1944876167247879
gyro_norm,32.95,0.1374188964798446
gyro_norm,33.0,0.29624225982085406
gyro_norm,33.05,0.5669795343807785
gyro_norm,33.099,0.32089673105318267
gyro_norm,33.149,0.49753831069044435
gyro_norm,33.199,0.4740771039613499
gyro_norm,33.249,0.6165179650227574
gyro_norm,33.299,0.5961009441959844
gyro_norm,33.348,0.4544212774439298
gyro_norm,33.398,0.5936302455076858
gyro_norm,33.448,0.407271871534531
gyro_norm,33.503,0.20855218448190965
gyro_norm,33.547,0.34935213818775823
gyro_norm,33.597,0.32008065366492383
gyro_norm,33.647,0.5409812118375885
gyro_norm,33.697,1.0604859385210892
gyro_norm,33.746,0.7636169748202968
gyro_norm,33.796,0.4609688026920419
gyro_norm,33.855,0.3781830053742622
gyro_norm,33.895,0.5223190545653075
gyro_norm,33.945,0.1700060953849324
gyro_norm,33.995,0.18991229494427567
gyro_norm,34.045,0.18704992855928826
gyro_norm,34.095,0.11930574624472723
gyro_norm,34.144,0.13633279343330754
gyro_norm,34.194,0.2885576279387752
gyro_norm,34.244,0.49875769577282314
gyro_norm,34.294,0.8689950721789919
gyro_norm,34.344,0.22158942469156148
gyro_norm,34.393,0.2656537833437224
gyro_norm,34.445,0.1470826984305626
gyro_norm,34.493,0.3039768986026438
gyro_norm,34.543,0.24818128980904486
gyro_norm,34.592,0.3184004287329407
gyro_norm,34.664,0.3397239343959388
gyro_norm,34.692,0.06529969789386768
gyro_norm,34.742,0.18947148283205717
gyro_norm,34.791,0.12132477750006207
gyro_norm,34.841,0.23203556427164757
gyro_norm,34.891,0.5460711047790917
gyro_norm,34.941,0.19791743278968896
gyro_norm,34.99,0.5646954926853762
gyro_norm,35.04,0.602875654276944
gyro_norm,35.09,0.25201225415044076
gyro_norm,35.14,0.2453813034323924
gyro_norm,35.19,0.13197810241210192
gyro_norm,35.239,0.11811092302474317
gyro_norm,35.289,0.16186926059980355
gyro_norm,35.339,0.1843499255421417
gyro_norm,35.389,0.1268153227239625
gyro_norm,35.439,0.20343364883589443
gyro_norm,35.488,0.11025830469542529
gyro_norm,35.538,0.13321573461687536
gyro_norm,35.588,0.1353772857784934
gyro_norm,35.638,0.08739271600441885
gyro_norm,35.687,0.15367044848033082
gyro_norm,35.741,0.32403966221075275
gyro_norm,35.787,0.05147022008473503
gyro_norm,35.864,0.10000993630943926
gyro_norm,35.886,0.19441326086353208
gyro_norm,35.936,0.07003056290113784
gyro_norm,35.986,0.07935844447111737
gyro_norm,36.042,0.10730607375682513
gyro_norm,36.085,0.29472031765439877
gyro_norm,36.135,0.34236963531578185
gyro_norm,36.185,0.22691942968153528
gyro_norm,36.235,0.166969580056754
gyro_norm,36.285,0.16980156391386642
gyro_norm,36.334,0.14663295232971613
gyro_norm,36.384,0.09307639024421559
gyro_norm,36.435,0.135516251830518
gyro_norm,36.483,0.30337635311112215
gyro_norm,36.533,0.14826510721705075
gyro_norm,36.583,0.10829785982827965
gyro_norm,36.633,0.14782447097553947
gyro_norm,36.689,0.21600449924634843
gyro_norm,36.732,0.14671489160308746
gyro_norm,36.782,0.12024892131141685
gyro_norm,36.832,0.16565522777371855
gyro_norm,36.882,0.16819267435479054
gyro_norm,36.931,0.09406792095102869
gyro_norm,36.981,0.1539233617522707
gyro_norm,37.031,0.1307649804492173
gyro_norm,37.081,0.1005649438487427
gyro_norm,37.13,0.11814194184483062
gyro_norm,37.18,0.20100251002634617
gyro_norm,37.23,0.41426469022141577
gyro_norm,37.28,0.5370981721819063
gyro_norm,37.335,0.21158378222160323
gyro_norm,37.379,0.17859215695084288
gyro_norm,37.429,0.13850838677471292
gyro_norm,37.479,0.2821030375190867
gyro_norm,37.529,0.1305107909373883
gyro_norm,37.578,0.11124114261134994
gyro_norm,37.628,0.16375262783870412
gyro_norm,37.678,0.4649379069867388
gyro_norm,37.727,0.5301247354535807
gyro_norm,37.777,0.5483678946836377
gyro_norm,37.827,0.3976992346368441
gyro_norm,37.897,0.2426746678618035
gyro_norm,37.927,0.1273351973104263
gyro_norm,37.98,0.21893982499161332
gyro_norm,38.026,0.05598192073070307
gyro_norm,38.076,0.30462691713269163
gyro_norm,38.126,0.26151639398785864
gyro_norm,38.175,0.29273434575694124
gyro_norm,38.225,0.6104647642961389
gyro_norm,38.275,0.3275496826404
gyro_norm,38.325,0.348685768563002
gyro_norm,38.374,0.44791235391545164
gyro_norm,38.424,0.54370294193089
gyro_norm,38.474,0.30978921393132297
gyro_norm,38.524,0.39871660942896486
gyro_norm,38.574,0.29055893234166047
gyro_norm,38.624,0.27304189119665806
gyro_norm,38.673,0.1299413293449078
gyro_norm,38.723,0.2622565791999865
gyro_norm,38.773,0.30167021701292673
gyro_norm,38.822,0.5365996554637972
gyro_norm,38.872,0.4608452869942357
gyro_norm,38.922,0.5053331738682656
gyro_norm,38.972,0.19843518203648075
gyro_norm,39.021,0.4792326763180656
gyro_norm,39.071,0.33665679886429767
gyro_norm,39.121,0.36781779492716704
gyro_norm,39.171,0.36083773331845664
gyro_norm,39.22,0.41081081036537537
gyro_norm,39.27,0.19374249189918896
gyro_norm,39.32,0.18156399555367514
gyro_norm,39.37,0.2855214683386639
gyro_norm,39.419,0.34141410434654373
gyro_norm,39.469,0.38015713010665797
gyro_norm,39.519,0.1605714385057897
gyro_norm,39.569,0.19971207477396602
gyro_norm,39.619,0.36797597780471186
gyro_norm,39.668,0.12117777974038445
gyro_norm,39.718,0.15580075133025223
gyro_norm,39.768,0.12171988163955402
gyro_norm,39.818,0.06776841046311255
gyro_norm,39.867,0.11982035778684294
gyro_norm,39.924,0.14525373624530077
gyro_norm,39.967,0.11267655233315121
gyro_norm,40.017,0.09591550922876439
gyro_norm,40.067,0.03736475196081236
gyro_norm,40.116,0.10699630713450999
gyro_norm,40.166,0.15578824499907046
gyro_norm,40.216,0.160917427288515
gyro_norm,40.266,0.14286838751190192
gyro_norm,40.315,0.15266661873955048
gyro_norm,40.365,0.1750759380912384
gyro_norm,40.415,0.27610971945063817
gyro_norm,40.465,0.438089626314197
gyro_norm,40.514,0.6291816636620988
gyro_norm,40.57,0.27076691689038196
gyro_norm,40.614,0.20997773375909023
gyro_norm,40.664,0.5775029426326395
gyro_norm,40.713,0.38839110477829486
gyro_norm,40.764,0.5718516716694454
gyro_norm,40.813,0.3474617247503349
gyro_norm,40.863,0.23102561232669527
gyro_norm,40.913,0.47589572379400313
gyro_norm,40.963,0.22375706684505828
gyro_norm,41.012,0.5506888981185777
gyro_norm,41.062,0.8866100753637844
gyro_norm,41.132,0.5466769192384632
gyro_norm,41.161,1.331543770350351
gyro_norm,41.214,1.3255328166202875
gyro_norm,41.261,0.34018193093435467
gyro_norm,41.31,0.5925332408449283
gyro_norm,41.36,0.5853910976832478
gyro_norm,41.41,0.7960218617029408
gyro_norm,41.46,0.23096447954639165
gyro_norm,41.51,0.7279256913692145
gyro_norm,41.56,0.45006739675404445
gyro_norm,41.609,1.174847695735808
gyro_norm,41.659,0.6622234487111716
gyro_norm,41.709,0.5373429996107161
gyro_norm,41.758,0.27530686957237105
gyro_norm,41.808,0.4704666046834302
gyro_norm,41.865,0.6869968724138329
gyro_norm,41.908,0.6453783259578548
gyro_norm,41.957,0.45522409275865977
gyro_norm,42.007,0.2763077684477294
gyro_norm,42.057,0.4763601620078085
gyro_norm,42.107,0.36760434148261223
gyro_norm,42.157,0.5633813422043721
gyro_norm,42.206,0.8792173817750633
gyro_norm,42.256,1.319657283997001
gyro_norm,42.306,1.4525453620582511
gyro_norm,42.356,1.0097728695969137
gyro_norm,42.405,0.8023527773424531
gyro_norm,42.455,0.9713322351661051
gyro_norm,42.512,0.7347872052553879
gyro_norm,42.555,0.794640354925793
gyro_norm,42.604,0.7004818841836551
gyro_norm,42.654,1.0851076032351559
gyro_norm,42.704,1.1340217478546675
gyro_norm,42.754,0.5767305358031095
gyro_norm,42.804,0.4153305487916791
gyro_norm,42.853,0.30065379611500265
gyro_norm,42.903,0.4366268560707821
gyro_norm,42.953,0.33658128186538133
gyro_norm,43.003,0.24487442860476596
gyro_norm,43.052,0.12304324059427034
gyro_norm,43.102,0.2946312716398199
gyro_norm,43.152,0.5484291786638639
gyro_norm,43.202,1.6225826996263142
gyro_norm,43.252,0.952403250085855
gyro_norm,43.301,0.871864577068188
gyro_norm,43.351,0.8216757559191411
gyro_norm,43.401,0.21680910973524306
gyro_norm,43.451,0.8908630761667383
gyro_norm,43.5,0.4865398286837748
gyro_norm,43.55,0.7190231362504884
gyro_norm,43.6,1.1092181228933784
gyro_norm,43.65,1.1497287576678157
gyro_norm,43.699,0.4702266266149413
gyro_norm,43.749,0.5652486961937171
gyro_norm,43.804,0.4024391301767211
gyro_norm,43.849,0.5059116608968521
gyro_norm,43.898,0.394086448299583
gyro_norm,43.948,0.6548210498756263
gyro_norm,43.998,1.3923818643138717
gyro_norm,44.048,0.6502523137129148
gyro_norm,44.098,0.3564181626035234
gyro_norm,44.147,0.12469766654679518
gyro_norm,44.197,0.2571489149461555
gyro_norm,44.247,0.11697796992624278
gyro_norm,44.297,0.08620313828359875
gyro_norm,44.36,0.10746538839061459
gyro_norm,44.396,0.2211604408932501
gyro_norm,44.45,0.18104104708939525
gyro_norm,44.496,0.5899437273597354
gyro_norm,44.545,0.47226454256593176
gyro_norm,44.595,0.3220267146588264
gyro_norm,44.645,0.5143477460381384
gyro_norm,44.695,0.5713374206719377
gyro_norm,44.744,0.38665803952768
gyro_norm,44.794,0.4087936268891524
gyro_norm,44.844,0.36446061401130264
gyro_norm,44.894,0.2218068961587595
gyro_norm,44.944,0.06684402152092801
gyro_norm,44.993,0.09649984664648596
gyro_norm,45.043,0.25850763258051174
gyro_norm,45.098,0.5455065720420181
gyro_norm,45.142,0.905615634255364
gyro_norm,45.192,0.5578168450623487
gyro_norm,45.242,0.35707053485173545
gyro_norm,45.292,0.29770217012703204
gyro_norm,45.342,0.27759222858564675
gyro_norm,45.415,0.3063573465736893
gyro_norm,45.441,0.19220644743574927
gyro_norm,45.491,0.18119429503599824
gyro_norm,45.541,0.052441022061253596
gyro_norm,45.59,0.1351482383628401
gyro_norm,45.64,0.29410103658080455
gyro_norm,45.69,0.29101941360146627
gyro_norm,45.74,0.20072840660651678
gyro_norm,45.79,0.1409136100464647
gyro_norm,45.839,0.07462199637873042
gyro_norm,45.889,0.04631681350605618
gyro_norm,45.939,0.07348429077155398
gyro_norm,45.989,0.03894029488007102
gyro_norm,46.038,0.16856902209020197
gyro_norm,46.09,0.15533154542016311
gyro_norm,46.138,0.20920901666866948
gyro_norm,46.188,0.20219597873779713
gyro_norm,46.237,0.16241201577436432
gyro_norm,46.287,0.11148908805576647
gyro_norm,46.337,0.1678492133673345
gyro_norm,46.387,0.13296614327260112
gyro_norm,46.436,0.10608553244008165
gyro_norm,46.486,0.07592805544109639
gyro_norm,46.536,0.12456142018488892
gyro_norm,46.586,0.13727326145455926
gyro_norm,46.636,0.18439553734856748
gyro_norm,46.685,0.3053485361513053
gyro_norm,46.735,0.07355771104152951
gyro_norm,46.785,0.16057332638807398
gyro_norm,46.835,0.17828839696930374
gyro_norm,46.884,0.14423148845901218
gyro_norm,46.934,0.22230878985853858
gyro_norm,46.984,0.13335906240860637
gyro_norm,47.034,0.19056581369406925
gyro_norm,47.083,0.25372020400321427
gyro_norm,47.133,0.31899174671579306
gyro_norm,47.183,0.2814786713702365
gyro_norm,47.233,0.27451068308459003
gyro_norm,47.282,0.20849862230989358
gyro_norm,47.332,0.2937841225486478
gyro_norm,47.382,0.24682995673083044
gyro_norm,47.432,0.6431528565482812
gyro_norm,47.481,0.279293048122666
gyro_norm,47.531,0.12464915274943349
gyro_norm,47.584,0.41785811230423003
gyro_norm,47.631,0.3394872478277888
gyro_norm,47.68,0.535869250960444
gyro_norm,47.73,0.5019626608645673
gyro_norm,47.78,0.33194083045944656
gyro_norm,47.83,0.19863284291733438
gyro_norm,47.88,0.3822447616547493
gyro_norm,47.929,0.19731203367414846
gyro_norm,47.979,0.3323414029144832
gyro_norm,48.029,0.35994165075362305
gyro_norm,48.079,0.9401065016046773
gyro_norm,48.128,0.35982744197964217
gyro_norm,48.178,0.19049752725971708
gyro_norm,48.228,0.19777986625367988
gyro_norm,48.278,0.36743202471895103
gyro_norm,48.336,0.1132072896843199
gyro_norm,48.377,0.33334924866397075
gyro_norm,48.427,0.3521116673057641
gyro_norm,48.477,0.05085209224809581
gyro_norm,48.527,0.13802098919643158
gyro_norm,48.576,0.14185193387318962
gyro_norm,48.626,0.3366454165715381
gyro_norm,48.679,0.5919953040633639
gyro_norm,48.726,1.4022930916190401
gyro_norm,48.775,0.214409009314132
gyro_norm,48.825,0.18770630719989426
gyro_norm,48.875,0.513283294053642
gyro_norm,48.925,0.4254559751893455
gyro_norm,48.98,0.3417027604675236
gyro_norm,49.024,0.4773764847611138
gyro_norm,49.074,0.24490069113417948
gyro_norm,49.124,0.16851772261130837
gyro_norm,49.174,0.23261570867197295
gyro_norm,49.223,0.3416224472500261
gyro_norm,49.273,0.2789496495027276
gyro_norm,49.323,0.2674913795631581
gyro_norm,49.373,0.07222358071475464
gyro_norm,49.422,0.3002273111733643
gyro_norm,49.472,0.18793273050405274
gyro_norm,49.522,0.16625768547287031
gyro_norm,49.572,0.20579421616728888
gyro_norm,49.627,0.32351872033374335
gyro_norm,49.671,0.19803051775521863
gyro_norm,49.721,0.30518084915633364
gyro_norm,49.77,0.03370004445478739
gyro_norm,49.82,0.09064411783622042
gyro_norm,49.87,0.059523671046495655
gyro_norm,49.92,0.09841005477669898
gyro_norm,49.971,0.08607770354478547
gyro_norm,50.019,0.03163526261472123
gyro_norm,50.069,0.08531793711820394
gyro_norm,50.119,0.1077667574872559
gyro_norm,50.169,0.10725022196869448
gyro_norm,50.218,0.1451498781333047
gyro_norm,50.268,0.2965410392064218
gyro_norm,50.318,0.28863798450522204
gyro_norm,50.368,0.09059006139550274
gyro_norm,50.418,0.11269242339834458
gyro_norm,50.467,0.2137264000842565
gyro_norm,50.517,0.15174292776917359
gyro_norm,50.567,0.061566017360579095
gyro_norm,50.617,0.25434665060465395
gyro_norm,50.666,0.30700644434848273
gyro_norm,50.716,0.20663996972096121
gyro_norm,50.766,0.2809683116154869
gyro_norm,50.834,0.26939387522556835
gyro_norm,50.865,0.07465928296177209
gyro_norm,50.915,0.34058354960467857
gyro_norm,50.965,0.25554401473763105
gyro_norm,51.015,0.6615159622994449
gyro_norm,51.064,0.4504691155500598
gyro_norm,51.115,0.5600926776476374
gyro_norm,51.164,0.6430647553559931
gyro_norm,51.214,0.812597066626868
gyro_norm,51.264,0.6536553023075087
gyro_norm,51.314,0.537714712486261
gyro_norm,51.363,1.0856675677800296
gyro_norm,51.413,1.126679348888682
gyro_norm,51.463,0.8233292204581615
gyro_norm,51.512,0.3062388134609743
gyro_norm,51.571,0.49980318163154885
gyro_norm,51.612,0.5322221546225592
gyro_norm,51.662,0.5595090866651513
gyro_norm,51.711,0.9674384564027069
gyro_norm,51.761,0.1955863734085457
gyro_norm,51.811,0.46145982088941123
gyro_norm,51.861,0.7606529029232579
gyro_norm,51.91,0.5569897130586055
gyro_norm,51.96,0.8605842806519435
gyro_norm,52.01,0.6209283535376203
gyro_norm,52.06,0.20069225181567057
gyro_norm,52.11,0.2947971668594228
gyro_norm,52.159,0.31256662068784563
gyro_norm,52.215,0.2584983335969921
gyro_norm,52.259,0.10386913998626786
gyro_norm,52.309,0.7368522512772347
gyro_norm,52.358,0.5681280515869015
gyro_norm,52.408,1.1479673474296115
gyro_norm,52.458,1.0288173278050068
gyro_norm,52.508,0.7648719441836133
gyro_norm,52.558,0.8759117731453809
gyro_norm,52.607,0.8761935532937991
gyro_norm,52.657,0.2340880668022362
gyro_norm,52.707,1.0525931169149918
gyro_norm,52.757,0.48891185052445857
gyro_norm,52.806,0.4667063661565051
gyro_norm,52.861,0.5672391844311642
gyro_norm,52.906,0.5496592312055153
gyro_norm,52.956,1.0188607098549005
gyro_norm,53.005,0.5127678142617368
gyro_norm,53.055,0.3544441967552911
gyro_norm,53.105,0.26797709863886315
gyro_norm,53.155,0.18457333010996715
gyro_norm,53.204,0.24470567877190336
gyro_norm,53.254,0.348913593056609
gyro_norm,53.304,0.36457798431391314
gyro_norm,53.354,0.34975641004099517
gyro_norm,53.404,0.5309043607578039
gyro_norm,53.453,0.8550869033885793
gyro_norm,53.51,0.3885186135342272
gyro_norm,53.553,0.4524026213621064
gyro_norm,53.602,0.6082016267934416
gyro_norm,53.652,0.6631275608882466
gyro_norm,53.702,0.6306083352299823
gyro_norm,53.752,0.3370607087650463
gyro_norm,53.802,0.3198126191170393
gyro_norm,53.854,0.2511817051181156
gyro_norm,53.901,0.4262829423078075
gyro_norm,53.951,0.2464942151998619
gyro_norm,54.001,0.5309312347564955
gyro_norm,54.05,0.8702025148528545
gyro_norm,54.1,0.4622058411475152
gyro_norm,54.156,0.5071254247067567
gyro_norm,54.2,0.3211300924127081
gyro_norm,54.249,0.1958903354046895
gyro_norm,54.299,0.250304100170915
gyro_norm,54.349,0.4208091779564899
gyro_norm,54.399,0.437749755616822
gyro_norm,54.451,0.09042465543066995
gyro_norm,54.498,0.2601057726741812
gyro_norm,54.548,0.3312132052928852
gyro_norm,54.598,0.5182625580956008
gyro_norm,54.648,0.5867211233985151
gyro_norm,54.697,0.9169934891393988
gyro_norm,54.747,0.28617133884424634
gyro_norm,54.797,0.7414084705325943
gyro_norm,54.847,0.4011843438635096
gyro_norm,54.897,0.2397101315943274
gyro_norm,54.946,0.4306601404999169
gyro_norm,54.996,0.2918212410770496
gyro_norm,55.046,0.516745559989444
gyro_norm,55.096,0.3128843962990712
gyro_norm,55.145,0.4459888320760579
gyro_norm,55.195,0.36572626853291246
gyro_norm,55.245,0.34301130483788866
gyro_norm,55.295,0.29426507192310225
gyro_norm,55.344,0.21353720713692148
gyro_norm,55.394,0.202561933057229
gyro_norm,55.444,0.26212173758362756
gyro_norm,55.494,0.2687501587807837
gyro_norm,55.543,0.18932518654775946
gyro_norm,55.593,0.2690858169751226
gyro_norm,55.643,0.16189142272323806
gyro_norm,55.693,0.06851724217040765
gyro_norm,55.748,0.12662722058867973
gyro_norm,55.792,0.04296607957982586
gyro_norm,55.842,0.02221422786534608
gyro_norm,55.892,0.061626071103507006
gyro_norm,55.941,0.07990078569860562
gyro_norm,55.991,0.11344461093153319
gyro_norm,56.041,0.08599149745932687
gyro_norm,56.091,0.05638725250090834
gyro_norm,56.141,0.08794259992896612
gyro_norm,56.19,0.19347319189878356
gyro_norm,56.24,0.25794040857620626
gyro_norm,56.29,0.2507635089800837
gyro_norm,56.34,0.23973652080820715
gyro_norm,56.397,0.17821202133887093
gyro_norm,56.439,0.09612745996626655
gyro_norm,56.489,0.18653954721088678
gyro_norm,56.539,0.24639801834619598
gyro_norm,56.589,0.1820098610867621
gyro_norm,56.638,0.4131760555252553
gyro_norm,56.688,0.397769445653727
gyro_norm,56.738,0.517639554846208
gyro_norm,56.787,0.9389716512629417
gyro_norm,56.837,0.784009271542834
gyro_norm,56.887,0.5426990718716955
gyro_norm,56.937,0.26734431398537933
gyro_norm,56.986,0.4717819672569711
gyro_norm,57.038,0.4000184504191721
gyro_norm,57.086,0.5595779294929378
gyro_norm,57.136,0.5755994537085174
gyro_norm,57.186,0.2830708760659083
gyro_norm,57.235,0.2130889050308063
gyro_norm,57.285,0.2291870866237511
gyro_norm,57.348,0.5530965848675128
gyro_norm,57.385,0.4276918386793458
gyro_norm,57.435,0.4152549100401001
gyro_norm,57.484,0.5548622101530546
gyro_norm,57.534,0.8068804458861198
gyro_norm,57.584,1.143818747801985
gyro_norm,57.633,0.5603800924560288
gyro_norm,57.683,0.6710019913621859
gyro_norm,57.733,1.3109786104211747
gyro_norm,57.783,0.9304353188674518
gyro_norm,57.832,0.22332517415582864
gyro_norm,57.882,0.27605336747371956
gyro_norm,57.932,0.42875617915047465
gyro_norm,57.986,1.313293582139055
gyro_norm,58.031,0.3589288078995329
gyro_norm,58.081,0.41848122915476094
gyro_norm,58.131,0.6802995690289126
gyro_norm,58.181,0.6000704081561812
gyro_norm,58.231,0.6502846004467815
gyro_norm,58.28,0.5739012980486069
gyro_norm,58.33,0.7118366912595985
gyro_norm,58.38,0.3004780853922193
gyro_norm,58.43,0.14309675109037445
gyro_norm,58.48,0.3279010930703393
gyro_norm,58.529,0.8629860853193106
gyro_norm,58.579,0.4439962391203045
gyro_norm,58.63,0.599294476536621
gyro_norm,58.679,0.4022028607649679
gyro_norm,58.728,0.41476600830275623
gyro_norm,58.778,0.4447439400124969
gyro_norm,58.828,0.3863706869935602
gyro_norm,58.878,0.3077108260348154
gyro_norm,58.927,0.5207106628489065
gyro_norm,58.977,0.3045417332652024
gyro_norm,59.027,0.2549553117550737
gyro_norm,59.077,0.20123029029032516
gyro_norm,59.126,0.13296423397152096
gyro_norm,59.176,0.1938903885634119
gyro_norm,59.226,0.42519649034615575
gyro_norm,59.276,0.41614246657313125
gyro_norm,59.325,0.31015182122493756
gyro_norm,59.375,0.3368073880961629
gyro_norm,59.425,0.04724269088615152
gyro_norm,59.475,0.2711773512645786
gyro_norm,59.524,0.1426129056667997
gyro_norm,59.574,0.5875040353318552
gyro_norm,59.624,0.14406960616050377
gyro_norm,59.674,0.5416036864959594
gyro_norm,59.724,0.3973667157284678
gyro_norm,59.773,0.19353665668542913
gyro_norm,59.823,0.20557908581161408
gyro_norm,59.873,0.19429021152260897
gyro_norm,59.926,0.1583362981020226
gyro_norm,59.972,0.07291029530714008
gyro_norm,60.022,0.026678688754345245
gyro_norm,60.072,0.12131048170516982
gyro_norm,60.122,0.2000332245293409
gyro_norm,60.172,0.17386219113182158
gyro_norm,60.221,0.14847989139431883
gyro_norm,60.271,0.15483006829529355
gyro_norm,60.321,0.16849581328790605
gyro_norm,60.371,0.14153246025138627
gyro_norm,60.42,0.16175185666264522
gyro_norm,60.47,0.13895967381292265
gyro_norm,60.54,0.20217158646647915
gyro_norm,60.57,0.1794160652803805
gyro_norm,60.619,0.25498849791611733
gyro_norm,60.669,0.24529462155359835
gyro_norm,60.719,0.15502202029712195
gyro_norm,60.769,0.1614081419451556
gyro_norm,60.818,0.2853671330933126
gyro_norm,60.874,0.311992532842372
gyro_norm,60.918,0.39203494018075014
gyro_norm,60.968,0.5333667536775197
gyro_norm,61.018,0.05974187367790436
gyro_norm,61.067,0.5110795165165035
gyro_norm,61.117,0.19559060507723552
gyro_norm,61.167,0.3635885773894799
gyro_norm,61.217,0.46870764280854443
gyro_norm,61.266,0.6809135488441236
gyro_norm,61.316,0.32832864066016293
gyro_norm,61.366,0.1430759186299329
gyro_norm,61.416,0.26455134828815985
gyro_norm,61.465,0.2594061712932795
gyro_norm,61.52,0.3362092157821989
gyro_norm,61.565,0.9739365026749514
gyro_norm,61.614,0.6286579703580977
gyro_norm,61.664,0.983673579153085
gyro_norm,61.714,0.5835782241150865
gyro_norm,61.764,0.6127830764663617
gyro_norm,61.814,0.44243724401222695
gyro_norm,61.864,0.4789375587326552
gyro_norm,61.913,0.4297083169660221
gyro_norm,61.963,0.14144690140527555
gyro_norm,62.013,0.1018796023335649
gyro_norm,62.063,0.3525586566451605
gyro_norm,62.112,0.1979174515136835
gyro_norm,62.167,0.47845281451186894
gyro_norm,62.212,0.5389540498508889
gyro_norm,62.262,0.34093420058690305
gyro_norm,62.311,0.44991191391448415
gyro_norm,62.361,0.2945597368992597
gyro_norm,62.411,0.28113887106313157
gyro_norm,62.461,0.40301711427869047
gyro_norm,62.512,0.5656385773740141
gyro_norm,62.56,0.17566136543465363
gyro_norm,62.61,0.5007871154057266
gyro_norm,62.66,0.2218902779858205
gyro_norm,62.709,0.1790912734899
gyro_norm,62.759,0.7204029327833155
gyro_norm,62.809,0.8215675077786352
gyro_norm,62.859,0.4114427296332362
gyro_norm,62.909,0.32013227711709064
gyro_norm,62.958,0.14596021523923342
gyro_norm,63.008,0.30804222276070886
gyro_norm,63.058,0.23502634412799742
gyro_norm,63.117,0.2524199180216305
gyro_norm,63.157,0.20062468469883982
gyro_norm,63.207,0.15811765847819853
gyro_norm,63.257,0.3155916926449397
gyro_norm,63.307,0.49194177896664015
gyro_norm,63.356,0.7149563733374481
gyro_norm,63.406,0.7310511999670801
gyro_norm,63.456,0.6338428345311224
gyro_norm,63.506,0.2558000970412065
gyro_norm,63.556,0.4990567346241282
gyro_norm,63.605,0.6171979247501493
gyro_norm,63.655,0.7484233115994074
gyro_norm,63.705,0.39746199174570634
gyro_norm,63.756,0.1355223844490164
gyro_norm,63.804,0.4033267149163738
gyro_norm,63.854,0.25912733775527563
gyro_norm,63.904,0.28464497655898846
gyro_norm,63.954,0.623261852577969
gyro_norm,64.003,0.3810324929225675
gyro_norm,64.053,0.22534870909846116
gyro_norm,64.103,0.18045273463607775
gyro_norm,64.153,0.4765233759434642
gyro_norm,64.202,0.3441433879531984
gyro_norm,64.252,0.5271908118515387
gyro_norm,64.302,0.25111473322696304
gyro_norm,64.352,0.3887526965640254
gyro_norm,64.408,0.45886923831042165
gyro_norm,64.451,0.1369506605453149
gyro_norm,64.501,0.47963899808323524
gyro_norm,64.551,0.6056874415272023
gyro_norm,64.601,0.3440792967420934
gyro_norm,64.65,0.4574809070455323
gyro_norm,64.7,0.8440724056538308
gyro_norm,64.75,0.5819333376622488
gyro_norm,64.8,0.6293250741089051
gyro_norm,64.849,0.5913078458670907
gyro_norm,64.899,0.3013539124561693
gyro_norm,64.949,0.43607680803658005
gyro_norm,64.999,0.3465897994609939
gyro_norm,65.054,0.13331601226505452
gyro_norm,65.098,0.6947110724946118
gyro_norm,65.148,0.6147033218193708
gyro_norm,65.198,0.7475389639973985
gyro_norm,65.248,0.4924167123840447
gyro_norm,65.297,0.14387426558188093
gyro_norm,65.347,0.28639115189883546
gyro_norm,65.397,0.2321070403145617
gyro_norm,65.447,0.12044192459418043
gyro_norm,65.496,0.37386987995178195
gyro_norm,65.546,0.20488652558277687
gyro_norm,65.596,0.08924068050769215
gyro_norm,65.646,0.643809116058978
gyro_norm,65.703,0.5544413394920292
gyro_norm,65.745,0.4467239247870201
gyro_norm,65.795,0.38465122311970384
gyro_norm,65.845,0.5748244665312049
gyro_norm,65.894,0.5434202605762853
gyro_norm,65.944,0.6067154009751335
gyro_norm,65.994,0.7884112966516484
gyro_norm,66.044,0.4654554408921941
gyro_norm,66.094,0.25878199425332243
gyro_norm,66.143,0.3311235033766815
gyro_norm,66.193,0.5552818193038361
gyro_norm,66.243,0.50532200878317
gyro_norm,66.293,0.8780637707190412
gyro_norm,66.348,0.8732285332292574
gyro_norm,66.392,0.35726393462918116
gyro_norm,66.442,0.25596386376715224
gyro_norm,66.492,0.575599478211059
gyro_norm,66.541,0.30588637722189543
gyro_norm,66.591,0.1625986572583621
gyro_norm,66.641,0.22652351089738237
gyro_norm,66.697,0.2993600876484466
gyro_norm,66.74,0.25156291883609394
gyro_norm,66.79,0.1893094680436353
gyro_norm,66.84,0.4402203121810949
gyro_norm,66.89,0.18281787282398693
gyro_norm,66.939,0.6190769649428899
gyro_norm,67.0,0.284650782063019
gyro_norm,67.039,0.5328234680367643
gyro_norm,67.089,0.4517101565724533
gyro_norm,67.139,0.5512479712327312
gyro_norm,67.188,0.32696911311462
gyro_norm,67.238,0.10349669237030368
gyro_norm,67.288,0.3038179922456768
gyro_norm,67.338,0.2332417344629677
gyro_norm,67.387,0.5485674412817034
gyro_norm,67.437,0.6512537700413232
gyro_norm,67.487,0.8419826481456462
gyro_norm,67.537,0.31990553084004203
gyro_norm,67.587,0.3513369550717699
gyro_norm,67.636,0.37541766520732905
gyro_norm,67.686,0.1905130919294796
gyro_norm,67.752,0.2883350129731396
gyro_norm,67.785,0.2132589642121729
gyro_norm,67.835,0.36132792811773573
gyro_norm,67.886,0.3637831048776587
gyro_norm,67.935,0.2585933277515234
gyro_norm,67.985,0.4957197977871625
gyro_norm,68.034,0.5433704661125361
gyro_norm,68.095,0.6853117341396056
gyro_norm,68.134,0.5001521536419014
gyro_norm,68.183,0.7004139290284838
gyro_norm,68.234,0.4802694840179824
gyro_norm,68.288,0.7658908451025943
gyro_norm,68.333,0.7126407804758348
gyro_norm,68.383,0.153817207684026
gyro_norm,68.433,0.6550294235384554
gyro_norm,68.482,0.44360185050144496
gyro_norm,68.532,0.3877950784816655
gyro_norm,68.582,0.9571216090062942
gyro_norm,68.632,0.9223985685666378
gyro_norm,68.681,0.4254035209597811
gyro_norm,68.731,0.36274258741122467
gyro_norm,68.781,0.5332748112708342
gyro_norm,68.831,0.4983592393820906
gyro_norm,68.88,0.297109546865774
gyro_norm,68.935,0.28936546067929203
gyro_norm,68.98,0.05168052681410224
gyro_norm,69.03,0.15724671761554843
gyro_norm,69.079,0.29910309393285645
gyro_norm,69.129,0.14554326921367203
gyro_norm,69.179,0.23649222556005414
gyro_norm,69.229,0.5489417070457979
gyro_norm,69.279,0.3267467924316413
gyro_norm,69.328,0.3824871022735525
gyro_norm,69.378,0.635070779959061
gyro_norm,69.428,0.4727765103262475
gyro_norm,69.478,0.5645324547656405
gyro_norm,69.527,0.5285089512381176
gyro_norm,69.582,0.19516327609035336
gyro_norm,69.627,0.33798944621388816
gyro_norm,69.677,0.24905323403071686
gyro_norm,69.726,0.593414242956574
gyro_norm,69.776,0.6986629827443844
gyro_norm,69.826,0.568543021210446
gyro_norm,69.876,0.5697843690523591
gyro_norm,69.925,0.25195404891877865
gyro_norm,69.975,0.42080814096207814
gyro_norm,70.025,0.3626638733463815
gyro_norm,70.075,0.150244355829275
gyro_norm,70.124,0.10669379025561132
gyro_norm,70.174,0.1950093873969411
gyro_norm,70.231,0.14694424605772166
gyro_norm,70.279,0.1446400384235369
gyro_norm,70.323,0.7821167744268744
gyro_norm,70.373,0.38693201396834637
gyro_norm,70.423,0.6777876396761492
gyro_norm,70.473,0.4218437534326518
gyro_norm,70.523,0.3452611065014828
gyro_norm,70.575,0.3583278882624564
gyro_norm,70.622,0.433067007787514
gyro_norm,70.672,0.5095017411544484
gyro_norm,70.722,0.44406399249383843
gyro_norm,70.771,0.09152850331956248
gyro_norm,70.821,0.0629533252745815
gyro_norm,70.871,0.17575795059915789
gyro_norm,70.921,0.4664760088549588
gyro_norm,70.971,0.6004062654525713
gyro_norm,71.02,0.3045838637063516
gyro_norm,71.07,0.20938273843569286
gyro_norm,71.12,0.17261252946700764
gyro_norm,71.172,0.26494993892186225
gyro_norm,71.219,0.1721745442162016
gyro_norm,71.269,0.3657804649128268
gyro_norm,71.33,0.3381420393783388
gyro_norm,71.369,0.3360358242991952
gyro_norm,71.418,0.415498606871384
gyro_norm,71.468,0.5710209439429788
gyro_norm,71.518,0.64507092836546
gyro_norm,71.568,0.9561623516493752
gyro_norm,71.618,0.8586739528253238
gyro_norm,71.667,0.8349449502131336
gyro_norm,71.717,0.6520051850662896
gyro_norm,71.767,0.5086514761639365
gyro_norm,71.816,0.8082197164594614
gyro_norm,71.866,0.7390712427862873
gyro_norm,71.916,0.6346316164677311
gyro_norm,71.966,0.42500597733571766
gyro_norm,72.016,0.35322760992728447
gyro_norm,72.065,0.4206072540544188
gyro_norm,72.115,0.5311589386204735
gyro_norm,72.165,0.5648072357147296
gyro_norm,72.215,0.8579095967611124
gyro_norm,72.264,1.2069188059654434
gyro_norm,72.314,0.4019173460376214
gyro_norm,72.364,0.6135053053605652
gyro_norm,72.414,1.0829731781303145
gyro_norm,72.463,0.7519292820460033
gyro_norm,72.513,0.41213499650149865
gyro_norm,72.563,0.3444808480864257
gyro_norm,72.613,0.3252217891002054
gyro_norm,72.663,0.21257679901774776
gyro_norm,72.712,0.2539788465448838
gyro_norm,72.762,0.1995967078091519
gyro_norm,72.812,0.2028564352860091
gyro_norm,72.861,0.048241355425966345
gyro_norm,72.912,0.12337828084287966
gyro_norm,72.961,0.09341343831017072
gyro_norm,73.011,0.11567593055343421
gyro_norm,73.06,0.14033125774977204
gyro_norm,73.116,0.05957639215095316
gyro_norm,73.16,0.06350433573565054
gyro_norm,73.21,0.0754008422055721
gyro_norm,73.26,0.029950106170280277
gyro_norm,73.31,0.04850954645590487
gyro_norm,73.359,0.011912664490513262
gyro_norm,73.409,0.049912283509096066
gyro_norm,73.463,0.04575983001876438
gyro_norm,73.508,0.05143148011690179
gyro_norm,73.558,0.0653211617860886
gyro_norm,73.608,0.05345594457445007
gyro_norm,73.658,0.024843374567788127
gyro_norm,73.708,0.042914666758665
gyro_norm,73.762,0.036637422512822426
gyro_norm,73.807,0.04587682610607895
gyro_norm,73.857,0.04747907774410129
gyro_norm,73.907,0.06041380355077038
gyro_norm,73.956,0.05626163952226926
gyro_norm,74.006,0.16013136850795434
gyro_norm,74.056,0.1271010426125491
gyro_norm,74.106,0.15018062128673848
gyro_norm,74.155,0.03101248229211044
gyro_norm,74.22,0.10690737390677989
gyro_norm,74.255,0.1228234360075557
gyro_norm,74.305,0.07628400627077243
gyro_norm,74.355,0.04081871434708991
gyro_norm,74.41,0.04399718493342806
gyro_norm,74.454,0.01840847189189226
gyro_norm,74.504,0.02435136847529998
gyro_norm,74.562,0.022438117166833402
gyro_norm,74.603,0.01955553130459434
gyro_norm,74.653,0.018173553321482103
gyro_norm,74.703,0.054573935669325
gyro_norm,74.753,0.017689460572282104
gyro_norm,74.803,0.02416919867787379
gyro_norm,74.852,0.02318553591330308
gyro_norm,74.902,0.032389887330788125
gyro_norm,74.952,0.009510096526870617
gyro_norm,75.002,0.032340535687832905
gyro_norm,75.053,0.012474540871415368
gyro_norm,75.101,0.04588145977644438
gyro_norm,75.151,0.02677117172689255
gyro_norm,75.201,0.02965870279517416
gyro_norm,75.25,0.03279550861524621
gyro_norm,75.3,0.019845739643867488
gyro_norm,75.35,0.023628359257766345
gyro_norm,75.399,0.02421412007845219
gyro_norm,75.449,0.027228622282727027
gyro_norm,75.499,0.04058594629209246
gyro_norm,75.549,0.04483425214741427
gyro_norm,75.599,0.021975914336178102
gyro_norm,75.649,0.04500729087526426
gyro_norm,75.698,0.04836887211408491
gyro_norm,75.748,0.02170551108507163
gyro_norm,75.798,0.04788119923019544
gyro_norm,75.847,0.043966670614305065
gyro_norm,75.897,0.056983764365349465
gyro_norm,75.947,0.050239721319169095
gyro_norm,75.997,0.053749228767037
gyro_norm,76.046,0.08784110181492165
gyro_norm,76.096,0.11851696215771489
gyro_norm,76.146,0.04371305755807475
gyro_norm,76.196,0.042941353539096616
gyro_norm,76.246,0.0671060857849869
gyro_norm,76.295,0.03315121848259358
gyro_norm,76.35,0.0443919825682125
gyro_norm,76.395,0.03807914550920195
gyro_norm,76.445,0.03823220290100259
gyro_norm,76.495,0.034650241346063516
gyro_norm,76.544,0.04212040682815273
gyro_norm,76.594,0.053047076169574374
gyro_norm,76.644,0.05833071263176799
gyro_norm,76.694,0.015725494709933986
gyro_norm,76.743,0.05618285971485565
gyro_norm,76.793,0.04234055816584599
gyro_norm,76.843,0.03018876089459306
gyro_norm,76.893,0.05797523906461558
gyro_norm,76.942,0.028836539999484916
gyro_norm,76.998,0.041244417751061614
gyro_norm,77.042,0.030913490087774886
gyro_norm,77.092,0.01735362092870372
gyro_norm,77.141,0.07244516016789788
gyro_norm,77.191,0.024506689582998967
gyro_norm,77.241,0.054220808665830796
gyro_norm,77.291,0.030952802400514387
gyro_norm,77.34,0.04038153986255267
gyro_norm,77.39,0.07742413455802567
gyro_norm,77.44,0.057263504674808785
gyro_norm,77.49,0.0858984880187086
gyro_norm,77.54,0.03749458331084538
gyro_norm,77.589,0.0568491007557786
gyro_norm,77.643,0.096892790640036
gyro_norm,77.689,0.09319683433224339
gyro_norm,77.739,0.14987747730172896
gyro_norm,77.792,0.14559479162688094
gyro_norm,77.838,0.17945323587332132
gyro_norm,77.888,0.12639399188317946
gyro_norm,77.938,0.2858403140482154
gyro_norm,77.987,0.248633434575556
gyro_norm,78.037,0.4273766060063741
gyro_norm,78.087,0.23809815610804014
gyro_norm,78.137,0.238348569612071
gyro_norm,78.186,0.18315377671397595
gyro_norm,78.237,0.16698640741271706
gyro_norm,78.291,0.1084449148515072
gyro_norm,78.336,0.15426197531755886
gyro_norm,78.386,0.1618579045171966
