sensor,time_s,value
dynamic_accel,0.004,0.02131777118418654
dynamic_accel,0.054,0.3301867512125547
dynamic_accel,0.104,0.06064755747757822
dynamic_accel,0.154,-0.3203965408319256
dynamic_accel,0.204,-0.013316186243491401
dynamic_accel,0.254,0.24640255347183704
dynamic_accel,0.304,-0.19484380982861182
dynamic_accel,0.354,-0.08357405032823806
dynamic_accel,0.404,-0.032831260080868674
dynamic_accel,0.454,-0.07426415397237562
dynamic_accel,0.504,0.009573538655537561
dynamic_accel,0.554,-0.03153280793478963
dynamic_accel,0.604,0.1157181746264655
dynamic_accel,0.654,-0.012137116223811972
dynamic_accel,0.704,0.13734694000340575
dynamic_accel,0.754,0.18820753931752954
dynamic_accel,0.804,-0.026338887838862846
dynamic_accel,0.854,-0.31853843614862853
dynamic_accel,0.904,-0.03368255725516178
dynamic_accel,0.954,-0.17457238411679477
dynamic_accel,1.004,0.3060982597941635
dynamic_accel,1.054,0.2690891732825538
dynamic_accel,1.104,-0.24791364902015545
dynamic_accel,1.154,-0.05146739732696126
dynamic_accel,1.204,0.03829599105951509
dynamic_accel,1.254,-0.1578315678665767
dynamic_accel,1.304,-0.06080907238101041
dynamic_accel,1.354,-0.33022808009408067
dynamic_accel,1.404,-0.46315691346054777
dynamic_accel,1.454,-0.08932441021777215
dynamic_accel,1.504,0.1143456181785556
dynamic_accel,1.554,0.5602500610281318
dynamic_accel,1.604,0.5357684950098562
dynamic_accel,1.654,0.23097779267619778
dynamic_accel,1.704,0.8646483895921282
dynamic_accel,1.754,1.261042504491611
dynamic_accel,1.804,-0.5664578271638234
dynamic_accel,1.854,1.6016995874356308
dynamic_accel,1.904,-0.31757727624314036
dynamic_accel,1.954,-4.213989548902555
dynamic_accel,2.004,-1.4352781000001755
dynamic_accel,2.054,0.2831489416876547
dynamic_accel,2.104,-1.7581176353294108
dynamic_accel,2.154,-1.2018645575543374
dynamic_accel,2.204,0.9004691247836139
dynamic_accel,2.254,1.7053842831808161
dynamic_accel,2.304,1.4111612949442485
dynamic_accel,2.354,1.5227286459781766
dynamic_accel,2.404,2.0109745223082225
dynamic_accel,2.454,0.22271966684130362
dynamic_accel,2.504,2.700488275457051
dynamic_accel,2.554,2.3560222445983037
dynamic_accel,2.604,-0.7523846757889618
dynamic_accel,2.654,-4.872960029428764
dynamic_accel,2.704,-6.193045676588289
dynamic_accel,2.754,-4.666971685843278
dynamic_accel,2.804,-1.6389135805064825
dynamic_accel,2.854,1.3416083419981675
dynamic_accel,2.904,2.941661755417085
dynamic_accel,2.954,3.9362009785225283
dynamic_accel,3.004,5.6298917102943395
dynamic_accel,3.054,2.095950200862452
dynamic_accel,3.104,4.198650615303965
dynamic_accel,3.154,-0.8927630429081042
dynamic_accel,3.204,-1.4621942635450917
dynamic_accel,3.254,-2.129621382391054
dynamic_accel,3.304,-3.545128453457518
dynamic_accel,3.354,-4.179520972986619
dynamic_accel,3.404,-2.3097906429919197
dynamic_accel,3.454,-1.7065550490649333
dynamic_accel,3.504,-0.693643556633905
dynamic_accel,3.554,1.921722849365434
dynamic_accel,3.604,2.19025725297303
dynamic_accel,3.654,8.098244357081613
dynamic_accel,3.704,5.41850075516493
dynamic_accel,3.754,-0.928116806462068
dynamic_accel,3.804,-5.925152999108389
dynamic_accel,3.854,-6.059343460575941
dynamic_accel,3.904,-4.5559877391065715
dynamic_accel,3.954,-2.4620250325275475
dynamic_accel,4.004,0.8372488533577176
dynamic_accel,4.054,1.1673423531538027
dynamic_accel,4.104,4.678672963586282
dynamic_accel,4.154,4.165500262407329
dynamic_accel,4.204,5.943536993530829
dynamic_accel,4.254,1.772812140232018
dynamic_accel,4.304,0.5135111149512213
dynamic_accel,4.354,-1.97420952094153
dynamic_accel,4.404,-2.9353993510334604
dynamic_accel,4.454,-4.579951564648881
dynamic_accel,4.504,-4.390385983167614
dynamic_accel,4.554,-2.152282207487625
dynamic_accel,4.604,-0.7186130842485525
dynamic_accel,4.654,2.0382010429778266
dynamic_accel,4.704,3.3888274175200745
dynamic_accel,4.754,4.473205421825536
dynamic_accel,4.804,3.85875834619549
dynamic_accel,4.854,0.014523907367760103
dynamic_accel,4.904,-5.473546869683993
dynamic_accel,4.954,-5.0794497888335615
dynamic_accel,5.004,-3.5377820162027875
dynamic_accel,5.054,-0.5899448047390958
dynamic_accel,5.104,1.9458539599943432
dynamic_accel,5.154,3.1085141589699976
dynamic_accel,5.204,1.610838160359096
dynamic_accel,5.254,3.4654533529022267
dynamic_accel,5.304,7.69755812961052
dynamic_accel,5.354,-0.861854872911362
dynamic_accel,5.404,-0.837985574098667
dynamic_accel,5.454,-2.6763012249806266
dynamic_accel,5.504,-4.101980778625912
dynamic_accel,5.554,-3.1755290502982048
dynamic_accel,5.604,-1.882547587406382
dynamic_accel,5.654,-2.0508791593883
dynamic_accel,5.704,-0.6541787165609971
dynamic_accel,5.754,3.1677972247884583
dynamic_accel,5.804,2.0470702300578676
dynamic_accel,5.854,6.955540807538469
dynamic_accel,5.904,2.4207591259630394
dynamic_accel,5.954,-1.4182757301019056
dynamic_accel,6.004,-5.674357558816762
dynamic_accel,6.054,-5.232902120944715
dynamic_accel,6.104,-3.578662631328811
dynamic_accel,6.154,-0.8862225986984402
dynamic_accel,6.204,1.9423953885269984
dynamic_accel,6.254,2.615045627358235
dynamic_accel,6.304,2.4769752273334618
dynamic_accel,6.354,2.147230246036653
dynamic_accel,6.404,6.694323458822803
dynamic_accel,6.454,1.6176619802425254
dynamic_accel,6.504,1.3474455398616296
dynamic_accel,6.554,-1.2061614087376142
dynamic_accel,6.604,-4.841846362895483
dynamic_accel,6.654,-4.366181006305113
dynamic_accel,6.704,-3.3447991900816465
dynamic_accel,6.754,-4.574397653512737
dynamic_accel,6.804,-1.910461112371431
dynamic_accel,6.854,0.5949462219465911
dynamic_accel,6.904,6.892345524500936
dynamic_accel,6.954,7.249369471639509
dynamic_accel,7.004,3.264826872992705
dynamic_accel,7.054,-3.2494050620179182
dynamic_accel,7.104,-4.901173106482783
dynamic_accel,7.154,-3.151173056033114
dynamic_accel,7.204,-1.3018591033905214
dynamic_accel,7.254,-0.0642194078910876
dynamic_accel,7.304,-0.7175133833715801
dynamic_accel,7.354,1.2491689873803207
dynamic_accel,7.404,-0.04127177693537831
dynamic_accel,7.454,9.795774581819316
dynamic_accel,7.504,5.975826650756675
dynamic_accel,7.554,-2.3065254006678613
dynamic_accel,7.604,-2.8975569793350813
dynamic_accel,7.654,-2.3443584946511837
dynamic_accel,7.704,-1.4520261530281218
dynamic_accel,7.754,-4.6256806271427084
dynamic_accel,7.804,-3.950402706590597
dynamic_accel,7.854,-1.828392062935455
dynamic_accel,7.904,0.14056951136372753
dynamic_accel,7.954,4.491450136240358
dynamic_accel,8.004,2.168504819297448
dynamic_accel,8.054,8.082599477759075
dynamic_accel,8.104,3.1742239095494877
dynamic_accel,8.154,-2.1144762542674975
dynamic_accel,8.204,-5.558622680871274
dynamic_accel,8.254,-5.650066337535277
dynamic_accel,8.304,-3.606914352780292
dynamic_accel,8.354,-2.1853061566695064
dynamic_accel,8.404,1.1236634018431442
dynamic_accel,8.454,2.9335616187938065
dynamic_accel,8.504,3.687106974310538
dynamic_accel,8.554,2.3853418775896706
dynamic_accel,8.604,5.823044993338861
dynamic_accel,8.654,-0.119920424435362
dynamic_accel,8.704,-0.3285699097158812
dynamic_accel,8.754,-1.534258385716818
dynamic_accel,8.804,-3.729915560251543
dynamic_accel,8.854,-3.412168527312337
dynamic_accel,8.904,-1.3581886721742293
dynamic_accel,8.954,-0.29102432679015067
dynamic_accel,9.004,0.5637173584230855
dynamic_accel,9.054,2.9443872188794895
dynamic_accel,9.104,1.4548423196178035
dynamic_accel,9.154,2.991987263040297
dynamic_accel,9.204,3.5380366311623686
dynamic_accel,9.254,-0.7041672382997977
dynamic_accel,9.304,-4.317554959555503
dynamic_accel,9.354,-5.744311212208753
dynamic_accel,9.404,-4.629267191477061
dynamic_accel,9.454,-2.274750058812028
dynamic_accel,9.504,-0.01671479880925908
dynamic_accel,9.554,0.8454987786145303
dynamic_accel,9.604,2.1615789199934294
dynamic_accel,9.654,8.223959510179505
dynamic_accel,9.704,6.227464043897276
dynamic_accel,9.754,5.142144916441508
dynamic_accel,9.804,-0.6759237143769923
dynamic_accel,9.854,-4.019874439778551
dynamic_accel,9.904,-4.912924845001747
dynamic_accel,9.954,-4.389174813525263
dynamic_accel,10.004,-3.0328058718501136
dynamic_accel,10.054,-2.8252196305946047
dynamic_accel,10.104,-1.0567569104861807
dynamic_accel,10.154,1.051795715340873
dynamic_accel,10.204,3.34576344841982
dynamic_accel,10.254,3.744523102911991
dynamic_accel,10.304,6.918510629761791
dynamic_accel,10.354,3.729050258419491
dynamic_accel,10.404,-1.737636440869979
dynamic_accel,10.454,-6.0814685488384
dynamic_accel,10.504,-5.5021956912898125
dynamic_accel,10.554,-4.111209097250873
dynamic_accel,10.604,-2.3923758089255855
dynamic_accel,10.654,0.5661391120686137
dynamic_accel,10.704,2.9874142596818345
dynamic_accel,10.754,3.306511406212188
dynamic_accel,10.804,1.8071297816892145
dynamic_accel,10.854,8.258620150032739
dynamic_accel,10.904,2.3417112688889183
dynamic_accel,10.954,-0.16162859936905605
dynamic_accel,11.004,-2.061161907033794
dynamic_accel,11.054,-4.754388991866108
dynamic_accel,11.104,-4.197703683702707
dynamic_accel,11.154,-2.402317383054754
dynamic_accel,11.204,-2.4343850448790336
dynamic_accel,11.254,-1.5241020091529922
dynamic_accel,11.304,1.3601792698613746
dynamic_accel,11.354,2.971916590090663
dynamic_accel,11.404,4.553996358070716
dynamic_accel,11.454,5.4348745821558975
dynamic_accel,11.504,-0.174950686601953
dynamic_accel,11.554,-3.8718827626900385
dynamic_accel,11.604,-4.149640890448766
dynamic_accel,11.654,-1.8459189820310105
dynamic_accel,11.704,-0.07970099361499905
dynamic_accel,11.754,1.1760931259318639
dynamic_accel,11.804,0.7424620824252326
dynamic_accel,11.854,1.9864557534646732
dynamic_accel,11.904,1.8124199494567748
dynamic_accel,11.954,1.929681556201249
dynamic_accel,12.004,2.9639648289921112
dynamic_accel,12.054,-2.008796379835256
dynamic_accel,12.104,-4.796859418193886
dynamic_accel,12.154,-3.005908108641803
dynamic_accel,12.204,-1.9478846556259075
dynamic_accel,12.254,-0.339084594989286
dynamic_accel,12.304,0.17895892825160686
dynamic_accel,12.354,0.5351561119054189
dynamic_accel,12.404,3.328573724136808
dynamic_accel,12.454,1.974159519430719
dynamic_accel,12.504,5.409419768581076
dynamic_accel,12.554,2.304440867774991
dynamic_accel,12.604,-0.8018230214261859
dynamic_accel,12.654,-4.9831414853389475
dynamic_accel,12.704,-6.754829316795905
dynamic_accel,12.754,-4.092154617408045
dynamic_accel,12.804,-1.746838689733826
dynamic_accel,12.854,-0.5523790414090914
dynamic_accel,12.904,3.71761929815942
dynamic_accel,12.954,5.085388555144467
dynamic_accel,13.004,3.110257938287633
dynamic_accel,13.054,4.349753344270628
dynamic_accel,13.104,0.29767349176509583
dynamic_accel,13.154,0.5740356646759519
dynamic_accel,13.204,-1.9390266319594147
dynamic_accel,13.254,-2.618570194090765
dynamic_accel,13.304,-3.4573020693033794
dynamic_accel,13.354,-2.6354998665280442
dynamic_accel,13.404,-1.3505700798424272
dynamic_accel,13.454,0.644604161242686
dynamic_accel,13.504,3.8090203778251386
dynamic_accel,13.554,1.0301586837412007
dynamic_accel,13.604,4.7707324116103305
dynamic_accel,13.654,0.292671177547998
dynamic_accel,13.704,-2.7828103756347042
dynamic_accel,13.754,-3.77687120247442
dynamic_accel,13.804,-3.5862267764428823
dynamic_accel,13.854,-2.365255154215614
dynamic_accel,13.904,-0.1460581739683846
dynamic_accel,13.954,1.158248678572214
dynamic_accel,14.004,2.422960214834699
dynamic_accel,14.054,3.2328064652120805
dynamic_accel,14.104,5.164871758198309
dynamic_accel,14.154,4.587167776064081
dynamic_accel,14.204,-1.3178899826258093
dynamic_accel,14.254,-2.1921249996579686
dynamic_accel,14.304,-1.8724111940094996
dynamic_accel,14.354,-3.045339324017413
dynamic_accel,14.404,-4.380212776574018
dynamic_accel,14.454,-2.4139481665800053
dynamic_accel,14.504,-1.5840009517578704
dynamic_accel,14.554,1.360562811972093
dynamic_accel,14.604,4.633942035165926
dynamic_accel,14.654,1.9957602345640186
dynamic_accel,14.704,3.1381018756210057
dynamic_accel,14.754,3.140488754735829
dynamic_accel,14.804,-0.35445099959598814
dynamic_accel,14.854,-4.009008642989207
dynamic_accel,14.904,-4.505284366520253
dynamic_accel,14.954,-3.3398148077388656
dynamic_accel,15.004,-1.3914682407924346
dynamic_accel,15.054,0.4154067451589949
dynamic_accel,15.104,1.9215077210992035
dynamic_accel,15.154,2.5416069505430876
dynamic_accel,15.204,2.2743380881762985
dynamic_accel,15.254,5.748876680007813
dynamic_accel,15.304,-0.590353924419011
dynamic_accel,15.354,-0.6922610734673871
dynamic_accel,15.404,-1.2230737077200846
dynamic_accel,15.454,-2.3667489843020846
dynamic_accel,15.504,-2.755033252990086
dynamic_accel,15.554,-1.3557298438731689
dynamic_accel,15.604,-0.6022762451799313
dynamic_accel,15.654,0.5591300324233917
dynamic_accel,15.704,2.9752784741384577
dynamic_accel,15.754,0.6307441268270253
dynamic_accel,15.804,2.259283399506147
dynamic_accel,15.854,1.2340499553416624
dynamic_accel,15.904,-0.9715295293448971
dynamic_accel,15.954,-3.871632606592609
dynamic_accel,16.004,-4.0499243554160875
dynamic_accel,16.054,-2.769780874848381
dynamic_accel,16.104,-0.5509501663426768
dynamic_accel,16.154,2.2015424290727665
dynamic_accel,16.204,3.060538152723824
dynamic_accel,16.254,3.3767924340678803
dynamic_accel,16.304,5.016637807650191
dynamic_accel,16.354,3.6076115325393996
dynamic_accel,16.404,-0.6716592540663928
dynamic_accel,16.454,-2.052683195247205
dynamic_accel,16.504,-3.2925535912364206
dynamic_accel,16.554,-4.233548909691511
dynamic_accel,16.604,-3.249000162673452
dynamic_accel,16.654,-1.7081687100104777
dynamic_accel,16.704,0.27550828087281687
dynamic_accel,16.754,1.3036943806685475
dynamic_accel,16.804,2.626260191018673
dynamic_accel,16.854,3.3245627938826168
dynamic_accel,16.904,3.4953917775318573
dynamic_accel,16.954,1.3079045041360526
dynamic_accel,17.004,-3.147626536107931
dynamic_accel,17.054,-5.910989090160104
dynamic_accel,17.104,-4.486268908471539
dynamic_accel,17.154,-2.6477424662149396
dynamic_accel,17.204,0.9291331274156818
dynamic_accel,17.254,3.4443617193518943
dynamic_accel,17.304,3.372252272843589
dynamic_accel,17.354,3.485156325042011
dynamic_accel,17.404,5.290080365355603
dynamic_accel,17.454,2.8098719400875503
dynamic_accel,17.504,-0.5805681967500043
dynamic_accel,17.554,-0.9431075395964559
dynamic_accel,17.604,-3.169737367975208
dynamic_accel,17.654,-4.490344865559598
dynamic_accel,17.704,-3.558128083308411
dynamic_accel,17.754,-2.1026260217651274
dynamic_accel,17.804,-1.6493848183529085
dynamic_accel,17.854,0.7758816561817614
dynamic_accel,17.904,3.3953670844369643
dynamic_accel,17.954,0.13273380849211058
dynamic_accel,18.004,4.071876108751281
dynamic_accel,18.054,4.433728390599496
dynamic_accel,18.104,-1.4837177572566898
dynamic_accel,18.154,-5.04866799996638
dynamic_accel,18.204,-4.752017787702882
dynamic_accel,18.254,-1.1499002283016182
dynamic_accel,18.304,1.9505180831422013
dynamic_accel,18.354,3.029638177709515
dynamic_accel,18.404,3.1013989715251125
dynamic_accel,18.454,2.4588215222509664
dynamic_accel,18.504,1.1599960291661962
dynamic_accel,18.554,0.37684647242723557
dynamic_accel,18.604,-1.7944681217826783
dynamic_accel,18.654,-2.222625417366629
dynamic_accel,18.704,-2.2095892910793644
dynamic_accel,18.754,-1.544710865808506
dynamic_accel,18.804,0.494997952069113
dynamic_accel,18.854,1.7502880417986013
dynamic_accel,18.904,0.7380964316975334
dynamic_accel,18.954,0.45810832527775425
dynamic_accel,19.004,0.5070911897956467
dynamic_accel,19.054,0.02888865616435332
dynamic_accel,19.104,0.9136118820745658
dynamic_accel,19.154,-1.4951181442925474
dynamic_accel,19.204,-2.2180747626172854
dynamic_accel,19.254,-2.792915038065191
dynamic_accel,19.304,-1.7910427461346945
dynamic_accel,19.354,0.911245634806745
dynamic_accel,19.404,2.2160703762591467
dynamic_accel,19.454,2.1316688915635744
dynamic_accel,19.504,2.4540167403479067
dynamic_accel,19.554,0.5536857879141461
dynamic_accel,19.604,1.483009999240302
dynamic_accel,19.654,-0.6595921167012762
dynamic_accel,19.704,-1.806871770962367
dynamic_accel,19.754,-1.7960937149206977
dynamic_accel,19.804,-2.1910575496652296
dynamic_accel,19.854,-1.2977027017108256
dynamic_accel,19.904,0.1547449393543765
dynamic_accel,19.954,0.6435081171898229
dynamic_accel,20.004,0.791400949845281
dynamic_accel,20.054,2.3279889877471867
dynamic_accel,20.104,1.3691345818284528
dynamic_accel,20.154,0.6573640822503624
dynamic_accel,20.204,2.9193191234089824
dynamic_accel,20.254,-0.2302956984333342
dynamic_accel,20.304,-3.319852508095484
dynamic_accel,20.354,-6.630625926661121
dynamic_accel,20.404,-4.435104243905428
dynamic_accel,20.454,0.45808027676915763
dynamic_accel,20.504,1.9996661153120971
dynamic_accel,20.554,2.964997420087867
dynamic_accel,20.604,4.15248590626639
dynamic_accel,20.654,3.5311991622785737
dynamic_accel,20.704,4.349229905017403
dynamic_accel,20.754,1.4599526184292984
dynamic_accel,20.804,-1.8403118452261236
dynamic_accel,20.854,-3.4054462161817716
dynamic_accel,20.904,-3.995635087732799
dynamic_accel,20.954,-2.342048918152212
dynamic_accel,21.004,-1.0628361282955243
dynamic_accel,21.054,0.11090958330536083
dynamic_accel,21.104,-0.5238469194584034
dynamic_accel,21.154,1.0793053937498662
dynamic_accel,21.204,1.3950734027424296
dynamic_accel,21.254,2.9113908277670184
dynamic_accel,21.304,4.378340097351698
dynamic_accel,21.354,-0.26128970766934145
dynamic_accel,21.404,-3.7305989310187515
dynamic_accel,21.454,-4.9244574480454295
dynamic_accel,21.504,-3.2750363933987447
dynamic_accel,21.554,-1.4750233960276553
dynamic_accel,21.604,0.7610972166553296
dynamic_accel,21.654,2.7251447329782525
dynamic_accel,21.704,3.9094558072419776
dynamic_accel,21.754,1.8977508597558597
dynamic_accel,21.804,2.7982865955360072
dynamic_accel,21.854,1.7508254822454958
dynamic_accel,21.904,-1.583570052684312
dynamic_accel,21.954,-2.869219130916515
dynamic_accel,22.004,-2.0919695030584347
dynamic_accel,22.054,-2.7071561623339804
dynamic_accel,22.104,-0.6996202257147299
dynamic_accel,22.154,0.052531632546983786
dynamic_accel,22.204,0.2591267533870596
dynamic_accel,22.254,2.223982258438058
dynamic_accel,22.304,2.001739876851895
dynamic_accel,22.354,1.3952238901452052
dynamic_accel,22.404,1.3322239224984482
dynamic_accel,22.454,-0.16560917273227282
dynamic_accel,22.504,-1.2543759773231056
dynamic_accel,22.554,-2.343499425826921
dynamic_accel,22.604,-2.1260570527387728
dynamic_accel,22.654,-0.11467275349649775
dynamic_accel,22.704,-0.17264286814134344
dynamic_accel,22.754,1.3556810172184424
dynamic_accel,22.804,0.4193375536217818
dynamic_accel,22.854,0.8279177871670598
dynamic_accel,22.904,0.22777949749172777
dynamic_accel,22.954,1.1665679502855948
dynamic_accel,23.004,0.3510462107272101
dynamic_accel,23.054,-1.0040295348098702
dynamic_accel,23.104,0.07380531818409963
dynamic_accel,23.154,-1.04121591345592
dynamic_accel,23.204,-0.8361590309633247
dynamic_accel,23.254,-0.5139366382068946
dynamic_accel,23.304,-0.37331123572413816
dynamic_accel,23.354,-0.6162068273923893
dynamic_accel,23.404,0.2340355975750974
dynamic_accel,23.454,0.36679222757574514
dynamic_accel,23.504,1.5655831985386008
dynamic_accel,23.554,0.3996884566442187
dynamic_accel,23.604,1.3326527906103376
dynamic_accel,23.654,-0.325837995291856
dynamic_accel,23.704,-0.3869104527330567
dynamic_accel,23.754,0.8562487137415395
dynamic_accel,23.804,-0.558092014984247
dynamic_accel,23.854,-0.2430179234560672
dynamic_accel,23.904,-0.6501471387361519
dynamic_accel,23.954,0.18664827637087988
dynamic_accel,24.004,-0.4017921510908078
dynamic_accel,24.054,-0.24033289422328785
dynamic_accel,24.104,-0.10962674773381487
dynamic_accel,24.154,0.07382822583575255
dynamic_accel,24.204,0.27288352462515775
dynamic_accel,24.254,0.01563051182417219
dynamic_accel,24.304,-0.16968341157274303
dynamic_accel,24.354,-0.4068914055810584
dynamic_accel,24.404,-0.1785739865617142
dynamic_accel,24.454,-0.2881602999121018
dynamic_accel,24.504,-0.6654634631481997
dynamic_accel,24.554,0.27151125877000126
dynamic_accel,24.604,0.09444616656919891
dynamic_accel,24.654,0.4700973455190276
dynamic_accel,24.704,0.46608654695668683
dynamic_accel,24.754,0.592470797286829
dynamic_accel,24.804,0.6387079028384601
dynamic_accel,24.854,0.504571086362045
dynamic_accel,24.904,0.20345511210441636
dynamic_accel,24.954,-0.1279410731460917
dynamic_accel,25.004,0.1173713758781112
dynamic_accel,25.054,-0.6128154075069308
dynamic_accel,25.104,-0.6039275790610539
dynamic_accel,25.154,0.10695326508462166
dynamic_accel,25.204,0.33451437270097806
dynamic_accel,25.254,-0.9291989454826943
dynamic_accel,25.304,-0.7882681685448194
dynamic_accel,25.354,-0.788543990660477
dynamic_accel,25.404,1.4943774030295778
dynamic_accel,25.454,0.01518764703472364
dynamic_accel,25.504,-0.8782111332118081
dynamic_accel,25.554,-0.9402100947560736
dynamic_accel,25.604,1.142415006028516
dynamic_accel,25.654,0.41803001307736487
dynamic_accel,25.704,0.40023004891259184
dynamic_accel,25.754,0.6759217363017704
dynamic_accel,25.804,0.08077196135068121
dynamic_accel,25.854,-0.5118561960343815
dynamic_accel,25.904,-0.75786370045547
dynamic_accel,25.954,-0.32934304671093884
dynamic_accel,26.004,-0.2172958870663262
dynamic_accel,26.054,0.8130220553652183
dynamic_accel,26.104,1.6591474464166236
dynamic_accel,26.154,1.232562778654124
dynamic_accel,26.204,1.93414801628251
dynamic_accel,26.254,-2.213503620538046
dynamic_accel,26.304,-0.7760306319419286
dynamic_accel,26.354,-1.7769981974627864
dynamic_accel,26.404,-1.4942909377146343
dynamic_accel,26.454,-1.0197070459298097
dynamic_accel,26.504,-0.17023191373312052
dynamic_accel,26.554,0.6541820107413923
dynamic_accel,26.604,0.5586307299439035
dynamic_accel,26.654,1.2145838863708658
dynamic_accel,26.704,0.9390754452625476
dynamic_accel,26.754,2.830476244720849
dynamic_accel,26.804,1.6481172934697401
dynamic_accel,26.854,-1.0337300469431394
dynamic_accel,26.904,-3.8065148795351016
dynamic_accel,26.954,-4.604187615455952
dynamic_accel,27.004,-2.582499577052043
dynamic_accel,27.054,2.2493201178030375
dynamic_accel,27.104,1.3198244359830014
dynamic_accel,27.154,0.8268737874293173
dynamic_accel,27.204,2.2575192122318892
dynamic_accel,27.254,3.136548008086166
dynamic_accel,27.304,1.6353092953763007
dynamic_accel,27.354,2.44968106646858
dynamic_accel,27.404,0.0981397478135051
dynamic_accel,27.454,-3.811251232441175
dynamic_accel,27.504,-2.219106379844428
dynamic_accel,27.554,-2.034711843335545
dynamic_accel,27.604,-1.7474978534705876
dynamic_accel,27.654,-0.5235113233681403
dynamic_accel,27.704,0.558970889647151
dynamic_accel,27.754,0.03277194146835605
dynamic_accel,27.804,1.2798497814443035
dynamic_accel,27.854,1.7906279663507583
dynamic_accel,27.904,2.0893190025560404
dynamic_accel,27.954,1.8259918638880706
dynamic_accel,28.004,0.6052292090342402
dynamic_accel,28.054,-2.113585257711838
dynamic_accel,28.104,-3.369199650963819
dynamic_accel,28.154,-1.9855468321301348
dynamic_accel,28.204,-0.8875424340828459
dynamic_accel,28.254,0.25175527175003864
dynamic_accel,28.304,0.7054383288061654
dynamic_accel,28.354,2.4294152778957603
dynamic_accel,28.404,3.1545443551991124
dynamic_accel,28.454,0.7932805030423964
dynamic_accel,28.504,0.6193688735033032
dynamic_accel,28.554,-1.659017668486495
dynamic_accel,28.604,-1.2862961267863398
dynamic_accel,28.654,-2.9207359908517185
dynamic_accel,28.704,-1.1267977985425954
dynamic_accel,28.754,-1.094964190960658
dynamic_accel,28.804,-0.2415629582897889
dynamic_accel,28.854,0.5786160553310111
dynamic_accel,28.904,0.6086809509685747
dynamic_accel,28.954,2.490000434740585
dynamic_accel,29.004,0.7235287832750181
dynamic_accel,29.054,1.3763678238004307
dynamic_accel,29.104,0.652296335489158
dynamic_accel,29.154,-1.1014617134166187
dynamic_accel,29.204,-0.3185284651251177
dynamic_accel,29.254,-0.5829899926818811
dynamic_accel,29.304,-0.10083032907126643
dynamic_accel,29.354,-1.3647417412444245
dynamic_accel,29.404,0.21431589084476954
dynamic_accel,29.454,-0.5776948681872476
dynamic_accel,29.504,0.7415181112050302
dynamic_accel,29.554,0.7284599921377115
dynamic_accel,29.604,0.17484924844915106
dynamic_accel,29.654,0.3832314649917574
dynamic_accel,29.704,1.382055551595716
dynamic_accel,29.754,0.25238040840026343
dynamic_accel,29.804,-0.028875162282616884
dynamic_accel,29.854,-0.04974438822829974
dynamic_accel,29.904,-1.0329143353744197
dynamic_accel,29.954,0.7058068220612022
dynamic_accel,30.004,-1.0014764218328978
dynamic_accel,30.054,-0.3144329956063494
dynamic_accel,30.104,-0.826690453712768
dynamic_accel,30.154,-1.0419872604392797
dynamic_accel,30.204,-0.2534165404789732
dynamic_accel,30.254,-0.39292806511311795
dynamic_accel,30.304,0.2308036123920587
dynamic_accel,30.354,0.2108642335151103
dynamic_accel,30.404,-0.36797106552851844
dynamic_accel,30.454,-0.6414693700615626
dynamic_accel,30.504,-1.0906114334647228
dynamic_accel,30.554,0.39604756864844326
dynamic_accel,30.604,1.393634107084127
dynamic_accel,30.654,3.570079893892954
dynamic_accel,30.704,0.7318855840170286
dynamic_accel,30.754,1.766387592555951
dynamic_accel,30.804,-1.4423045832429846
dynamic_accel,30.854,-2.1809397014495353
dynamic_accel,30.904,-1.3181038451134626
dynamic_accel,30.954,-1.1393960942032528
dynamic_accel,31.004,-0.232636843901032
dynamic_accel,31.054,2.110648166657535
dynamic_accel,31.104,2.6151116200892854
dynamic_accel,31.154,-0.07162552618900087
dynamic_accel,31.204,2.8513603565737853
dynamic_accel,31.254,-0.8124034296236768
dynamic_accel,31.304,-1.17316650241432
dynamic_accel,31.354,-2.704908234377146
dynamic_accel,31.404,-2.4569790713425297
dynamic_accel,31.454,-1.0359550152353023
dynamic_accel,31.504,-0.9625780984393728
dynamic_accel,31.554,0.3219145884801513
dynamic_accel,31.604,0.06176175476561774
dynamic_accel,31.654,1.1887009690119736
dynamic_accel,31.704,3.792712347888685
dynamic_accel,31.754,0.24351487273445294
dynamic_accel,31.804,1.9066836008904762
dynamic_accel,31.854,0.6686634460833556
dynamic_accel,31.904,-1.8658404112959328
dynamic_accel,31.954,-4.147766383572939
dynamic_accel,32.004,-3.901076364890222
dynamic_accel,32.054,-2.2841903603430307
dynamic_accel,32.104,0.9404616905820866
dynamic_accel,32.154,1.9965305977221668
dynamic_accel,32.204,2.422896912478592
dynamic_accel,32.254,3.338991803593011
dynamic_accel,32.304,0.9853055226604805
dynamic_accel,32.354,6.707685867311614
dynamic_accel,32.404,0.7641625129464007
dynamic_accel,32.454,0.1704345856586471
dynamic_accel,32.504,-3.646541451594106
dynamic_accel,32.554,-4.848023023896279
dynamic_accel,32.604,-4.127802371654956
dynamic_accel,32.654,-3.178996548906957
dynamic_accel,32.704,-2.232434677362666
dynamic_accel,32.754,0.12951886054522532
dynamic_accel,32.804,3.9110478231557373
dynamic_accel,32.854,2.2410827603424526
dynamic_accel,32.904,8.319021759019751
dynamic_accel,32.954,4.1623544374347645
dynamic_accel,33.004,-1.4484829009427855
dynamic_accel,33.054,-6.340964247296559
dynamic_accel,33.104,-5.871571867207868
dynamic_accel,33.154,-4.758454803869374
dynamic_accel,33.204,-1.80511942870098
dynamic_accel,33.254,1.2780823564107315
dynamic_accel,33.304,3.254792292598003
dynamic_accel,33.354,3.649133858803351
dynamic_accel,33.404,6.2973520869986945
dynamic_accel,33.454,4.52282548608542
dynamic_accel,33.504,0.39465605171369234
dynamic_accel,33.554,-1.0519388724462981
dynamic_accel,33.604,-2.7007024642625606
dynamic_accel,33.654,-2.9234342069079045
dynamic_accel,33.704,-2.949863603645368
dynamic_accel,33.754,-3.372179374928794
dynamic_accel,33.804,-2.7846872629634936
dynamic_accel,33.854,0.15214186158027587
dynamic_accel,33.904,2.141499643344053
dynamic_accel,33.954,1.3054353606229476
dynamic_accel,34.004,5.698794934973034
dynamic_accel,34.054,2.396847795071059
dynamic_accel,34.104,-0.8146933332523734
dynamic_accel,34.154,-4.532906040591087
dynamic_accel,34.204,-4.3224580504263095
dynamic_accel,34.254,-2.5265913548902468
dynamic_accel,34.304,0.7863951004165912
dynamic_accel,34.354,0.9043337399112321
dynamic_accel,34.404,1.0553152721401347
dynamic_accel,34.454,3.333612518735082
dynamic_accel,34.504,4.590500229071152
dynamic_accel,34.554,5.60651767542887
dynamic_accel,34.604,-0.8274472732650118
dynamic_accel,34.654,-1.8631472809073824
dynamic_accel,34.704,-1.9028776308379847
dynamic_accel,34.754,-3.341293725308738
dynamic_accel,34.804,-2.492992237541536
dynamic_accel,34.854,-1.86721220566095
dynamic_accel,34.904,-1.8758695293689627
dynamic_accel,34.954,0.15996074084064738
dynamic_accel,35.004,0.9585732727276781
dynamic_accel,35.054,0.8550040738051337
dynamic_accel,35.104,4.645434235545851
dynamic_accel,35.154,4.358958071894353
dynamic_accel,35.204,-0.2071732710618086
dynamic_accel,35.254,-4.333190079345355
dynamic_accel,35.304,-4.824000200075123
dynamic_accel,35.354,-3.191610472835877
dynamic_accel,35.404,0.18846647144044937
dynamic_accel,35.454,1.2357360397691046
dynamic_accel,35.504,1.643779814385189
dynamic_accel,35.554,3.471708702312119
dynamic_accel,35.604,-0.49338015629880516
dynamic_accel,35.654,7.195905972377316
dynamic_accel,35.704,1.1717086193302872
dynamic_accel,35.754,-1.3867486918438008
dynamic_accel,35.804,-3.3396551463236674
dynamic_accel,35.854,-2.852299773942737
dynamic_accel,35.904,-2.3044391965231963
dynamic_accel,35.954,-1.6672252529048865
dynamic_accel,36.004,-1.3321620481974357
dynamic_accel,36.054,-1.07704704858223
dynamic_accel,36.104,1.8327175094140404
dynamic_accel,36.154,1.9584213494323635
dynamic_accel,36.204,7.584203122170418
dynamic_accel,36.254,3.3108839628311806
dynamic_accel,36.304,-0.976166221750109
dynamic_accel,36.354,-5.435136271438083
dynamic_accel,36.404,-5.984913208157738
dynamic_accel,36.454,-4.946258685092255
dynamic_accel,36.504,-0.9813595080170519
dynamic_accel,36.554,1.1919088954585213
dynamic_accel,36.604,1.843018821502282
dynamic_accel,36.654,3.778308451164344
dynamic_accel,36.704,2.590964930984871
dynamic_accel,36.754,6.644704151101957
dynamic_accel,36.804,3.429142066525788
dynamic_accel,36.854,0.9985604832673811
dynamic_accel,36.904,-0.9520666938479767
dynamic_accel,36.954,-4.481439288557171
dynamic_accel,37.004,-4.539292852427941
dynamic_accel,37.054,-3.613500716339275
dynamic_accel,37.104,-2.1367622687649694
dynamic_accel,37.154,-2.1214137629205663
dynamic_accel,37.204,0.09260758548889214
dynamic_accel,37.254,3.072464422182893
dynamic_accel,37.304,0.7265701321456071
dynamic_accel,37.354,5.493245462339951
dynamic_accel,37.404,4.2328391349067935
dynamic_accel,37.454,-1.7625980081965835
dynamic_accel,37.504,-5.160441859412815
dynamic_accel,37.554,-4.404007235162814
dynamic_accel,37.604,-3.0587992027466404
dynamic_accel,37.654,-0.48434632144295797
dynamic_accel,37.704,1.8337961855618676
dynamic_accel,37.754,2.882174723309939
dynamic_accel,37.804,2.823107871833523
dynamic_accel,37.854,5.412270956670939
dynamic_accel,37.904,4.840582815755917
dynamic_accel,37.954,1.0931989217089946
dynamic_accel,38.004,-0.3124310394105123
dynamic_accel,38.054,-3.318699379007086
dynamic_accel,38.104,-5.848404943194914
dynamic_accel,38.154,-5.195334275893308
dynamic_accel,38.204,-2.7740211084365454
dynamic_accel,38.254,-2.263937745960031
dynamic_accel,38.304,0.4122791355993183
dynamic_accel,38.354,3.5712948806762856
dynamic_accel,38.404,0.9952365022895417
dynamic_accel,38.454,6.412417477969981
dynamic_accel,38.504,4.322762374538444
dynamic_accel,38.554,-0.7001917796569117
dynamic_accel,38.604,-4.956957305871731
dynamic_accel,38.654,-3.6436247871175764
dynamic_accel,38.704,-0.29052844598962935
dynamic_accel,38.754,1.7716653157142144
dynamic_accel,38.804,1.1876936333099728
dynamic_accel,38.854,1.5309283386171444
dynamic_accel,38.904,1.7271689057334871
dynamic_accel,38.954,-0.9974471475880904
dynamic_accel,39.004,2.1147328152596767
dynamic_accel,39.054,-0.021668637000439972
dynamic_accel,39.104,-2.1734266723098257
dynamic_accel,39.154,-3.3036262326234134
dynamic_accel,39.204,-2.149626475538067
dynamic_accel,39.254,-1.4194849882524565
dynamic_accel,39.304,-0.5646355157080816
dynamic_accel,39.354,0.27830820059946326
dynamic_accel,39.404,1.1679473162767824
dynamic_accel,39.454,2.8915466859026147
dynamic_accel,39.504,3.109569481335269
dynamic_accel,39.554,5.551299648793233
dynamic_accel,39.604,0.07687539934564924
dynamic_accel,39.654,-3.6346833236973275
dynamic_accel,39.704,-6.414357349360182
dynamic_accel,39.754,-4.734160422573479
dynamic_accel,39.804,-0.02602032896180617
dynamic_accel,39.854,2.2473326291337656
dynamic_accel,39.904,2.3569053368741564
dynamic_accel,39.954,2.7661573798140573
dynamic_accel,40.004,1.9769786026157803
dynamic_accel,40.054,0.5343414363076224
dynamic_accel,40.104,3.9752930124765946
dynamic_accel,40.154,-0.028744725559844753
dynamic_accel,40.204,-1.7849223535802707
dynamic_accel,40.254,-3.1986904022090163
dynamic_accel,40.304,-3.738307010644621
dynamic_accel,40.354,-2.5657034256643536
dynamic_accel,40.404,-1.3022144896741903
dynamic_accel,40.454,-0.9882496683577298
dynamic_accel,40.504,0.696362791616739
dynamic_accel,40.554,2.2234339409022716
dynamic_accel,40.604,0.8045590876669841
dynamic_accel,40.654,5.180665978123885
dynamic_accel,40.704,4.407073396849942
dynamic_accel,40.754,-0.08681822264534844
dynamic_accel,40.804,-2.7158347262147364
dynamic_accel,40.854,-4.424207332846142
dynamic_accel,40.904,-3.8610959407100776
dynamic_accel,40.954,-1.453020750928511
dynamic_accel,41.004,1.0739268068893288
dynamic_accel,41.054,0.5977698973814682
dynamic_accel,41.104,2.0949240054775125
dynamic_accel,41.154,2.845001839547333
dynamic_accel,41.204,1.7414520707527696
dynamic_accel,41.254,4.3260815006049
dynamic_accel,41.304,1.5057612317998768
dynamic_accel,41.354,-2.4602036416940445
dynamic_accel,41.404,-2.6777073125112274
dynamic_accel,41.454,-2.8029721415671887
dynamic_accel,41.504,-2.594216976568484
dynamic_accel,41.554,-1.455484858564894
dynamic_accel,41.604,-0.27530659782068767
dynamic_accel,41.654,0.004366881641582054
dynamic_accel,41.704,2.1564588600649817
dynamic_accel,41.754,1.7758338693365125
dynamic_accel,41.804,1.8193473262510444
dynamic_accel,41.854,1.0247056265005483
dynamic_accel,41.904,0.33257800673524507
dynamic_accel,41.954,-2.429558533856553
dynamic_accel,42.004,-3.8162337813056295
dynamic_accel,42.054,-2.3042245811608524
dynamic_accel,42.104,-0.1750618874085248
dynamic_accel,42.154,0.7576691412419692
dynamic_accel,42.204,1.089868018224152
dynamic_accel,42.254,1.938527520363408
dynamic_accel,42.304,1.8023121410598595
dynamic_accel,42.354,5.777720980676223
dynamic_accel,42.404,1.535186477339007
dynamic_accel,42.454,0.8342623116756283
dynamic_accel,42.504,-1.7491267789478027
dynamic_accel,42.554,-2.6755427046434423
dynamic_accel,42.604,-3.5250205306281153
dynamic_accel,42.654,-2.5540757072552616
dynamic_accel,42.704,-2.0911307305591222
dynamic_accel,42.754,-1.4021094045764464
dynamic_accel,42.804,1.003126078884046
dynamic_accel,42.854,2.7152388870016892
dynamic_accel,42.904,1.9599189161865507
dynamic_accel,42.954,2.477157738866609
dynamic_accel,43.004,0.5646658166275689
dynamic_accel,43.054,-1.854166088457026
dynamic_accel,43.104,-3.2535196769848467
dynamic_accel,43.154,-2.313812173933055
dynamic_accel,43.204,0.1335592701121655
dynamic_accel,43.254,2.0974815780046008
dynamic_accel,43.304,3.1257743632157133
dynamic_accel,43.354,1.4512114887181777
dynamic_accel,43.404,0.5913999940002288
dynamic_accel,43.454,-0.42328238147124786
dynamic_accel,43.504,1.942062127835296
dynamic_accel,43.554,0.44750375788331986
dynamic_accel,43.604,-1.9161727139225615
dynamic_accel,43.654,-2.422162745390077
dynamic_accel,43.704,-2.7280497529028676
dynamic_accel,43.754,-0.8635356559480254
dynamic_accel,43.804,-0.06477715926134664
dynamic_accel,43.854,0.4923397711797062
dynamic_accel,43.904,0.25076480419742886
dynamic_accel,43.954,1.1177915732875352
dynamic_accel,44.004,1.5042610425091212
dynamic_accel,44.054,1.4788527407386933
dynamic_accel,44.104,1.7713853137151876
dynamic_accel,44.154,0.039009461076384255
dynamic_accel,44.204,-1.4950325582813182
dynamic_accel,44.254,-2.2276911625015394
dynamic_accel,44.304,-1.4989502787799616
dynamic_accel,44.354,-0.9384273238527481
dynamic_accel,44.404,-0.20617176886240784
dynamic_accel,44.454,0.3547377814363699
dynamic_accel,44.504,0.45892736152991276
dynamic_accel,44.554,1.9209736457200162
dynamic_accel,44.604,0.7113241628878662
dynamic_accel,44.654,1.1981838131024087
dynamic_accel,44.704,0.06663453253975504
dynamic_accel,44.754,1.0034593624545742
dynamic_accel,44.804,-1.6923164817333873
dynamic_accel,44.854,-0.9676853662587455
dynamic_accel,44.904,-0.7079094610081924
dynamic_accel,44.954,-0.35610820085001293
dynamic_accel,45.004,-0.08588236913262648
dynamic_accel,45.054,-0.02436878145756971
dynamic_accel,45.104,0.36549313047556886
dynamic_accel,45.154,-0.01592685329745791
dynamic_accel,45.204,0.5588112947634656
dynamic_accel,45.254,0.18385131447396397
dynamic_accel,45.304,-0.1499189919776711
dynamic_accel,45.354,-0.259851419935309
dynamic_accel,45.404,0.259926298012088
dynamic_accel,45.454,0.03310486021286607
dynamic_accel,45.504,0.2799750673901098
dynamic_accel,45.554,0.2826535664430967
dynamic_accel,45.604,-0.25505156539165164
dynamic_accel,45.654,0.7134966304614423
dynamic_accel,45.704,1.0199761160379772
dynamic_accel,45.754,-1.0331151459044587
dynamic_accel,45.804,0.137591291636614
dynamic_accel,45.854,-1.2235146791904423
dynamic_accel,45.904,-1.9033364117606801
dynamic_accel,45.954,-0.9621254538563999
dynamic_accel,46.004,-0.20134025303199898
dynamic_accel,46.054,0.16406229790377758
dynamic_accel,46.104,0.4909717612574127
dynamic_accel,46.154,1.786348126743242
dynamic_accel,46.204,1.7140685903319035
dynamic_accel,46.254,2.009614155590519
dynamic_accel,46.304,2.6116079975456152
dynamic_accel,46.354,-1.9548579471256566
dynamic_accel,46.404,-1.151184760031306
dynamic_accel,46.454,-1.691172533791713
dynamic_accel,46.504,-2.616737793878796
dynamic_accel,46.554,-1.9074832475661765
dynamic_accel,46.604,-0.7508577850220011
dynamic_accel,46.654,0.2823606408470134
dynamic_accel,46.704,0.7892689336719467
dynamic_accel,46.754,1.1873468088784591
dynamic_accel,46.804,2.619828542702379
dynamic_accel,46.854,1.3097121277017614
dynamic_accel,46.904,3.45710273946942
dynamic_accel,46.954,1.1288860531141882
dynamic_accel,47.004,-1.8996621618048763
dynamic_accel,47.054,-5.050865696463318
dynamic_accel,47.104,-4.899287461616652
dynamic_accel,47.154,-1.153316375082401
dynamic_accel,47.204,1.63873302564844
dynamic_accel,47.254,1.9113011660800545
dynamic_accel,47.304,3.160442860988873
dynamic_accel,47.354,3.04779031467514
dynamic_accel,47.404,2.147127719221837
dynamic_accel,47.454,0.854710294890678
dynamic_accel,47.504,1.181545716644731
dynamic_accel,47.554,-2.995660426311483
dynamic_accel,47.604,-3.1091273299529814
dynamic_accel,47.654,-2.7472073787850633
dynamic_accel,47.704,-1.3052551375580421
dynamic_accel,47.754,-1.1600351926918702
dynamic_accel,47.804,-0.3935326212912731
dynamic_accel,47.854,-0.1213938554295062
dynamic_accel,47.904,1.0393861749951494
dynamic_accel,47.954,2.180773270773651
dynamic_accel,48.004,1.0642061053524952
dynamic_accel,48.054,1.494665155027679
dynamic_accel,48.104,2.1697774969305375
dynamic_accel,48.154,0.4804678123120656
dynamic_accel,48.204,-2.319206239855081
dynamic_accel,48.254,-3.27657791373532
dynamic_accel,48.304,-0.756750183464856
dynamic_accel,48.354,0.3673696130356756
dynamic_accel,48.404,1.1836521309183947
dynamic_accel,48.454,0.34601830305816783
dynamic_accel,48.504,0.2906940171932071
dynamic_accel,48.554,1.1772754173508524
dynamic_accel,48.604,-0.06837718194576503
dynamic_accel,48.654,2.729222207519724
dynamic_accel,48.704,-0.1886747505096249
dynamic_accel,48.754,-0.8705085917336639
dynamic_accel,48.804,-1.650055806099198
dynamic_accel,48.854,-1.6118866139184789
dynamic_accel,48.904,-0.31748643449816427
dynamic_accel,48.954,0.11799764533881074
dynamic_accel,49.004,-0.3947495570379136
dynamic_accel,49.054,-0.3704045647896024
dynamic_accel,49.104,-0.1509481327921538
dynamic_accel,49.154,-0.25253818713588494
dynamic_accel,49.204,0.6556282400438391
dynamic_accel,49.254,0.9246545560728787
dynamic_accel,49.304,1.131762934612988
dynamic_accel,49.354,0.8745867367191025
dynamic_accel,49.404,1.4513259861176948
dynamic_accel,49.454,-0.30592450376389735
dynamic_accel,49.504,-0.3640879421457264
dynamic_accel,49.554,-1.6892401601202476
dynamic_accel,49.604,-2.2692939100368728
dynamic_accel,49.654,-1.0822397086905227
dynamic_accel,49.704,0.23853718170097515
dynamic_accel,49.754,0.03134269460514183
dynamic_accel,49.804,0.26781940653055436
dynamic_accel,49.854,1.3253948745810273
dynamic_accel,49.904,1.4856731299720582
dynamic_accel,49.954,1.2983369628545187
dynamic_accel,50.004,2.9624058431499662
dynamic_accel,50.054,-0.21484261165791452
dynamic_accel,50.104,-1.3665288114349075
dynamic_accel,50.154,-0.8938747563733767
dynamic_accel,50.204,-0.531525140392521
dynamic_accel,50.254,-1.8636198514001645
dynamic_accel,50.304,-2.075423252933513
dynamic_accel,50.354,-1.5310899738987747
dynamic_accel,50.404,-1.1365317728700361
dynamic_accel,50.454,-0.894448943254762
dynamic_accel,50.504,0.871657721938119
dynamic_accel,50.554,2.187818004182885
dynamic_accel,50.604,1.5477194082587697
dynamic_accel,50.654,4.490639046850999
dynamic_accel,50.704,4.084945106249604
dynamic_accel,50.754,-0.03657643407018085
dynamic_accel,50.804,-4.273470502430143
dynamic_accel,50.854,-4.812505012154432
dynamic_accel,50.904,-3.682744349008372
dynamic_accel,50.954,-1.2396241314082133
dynamic_accel,51.004,0.13067003035947522
dynamic_accel,51.054,0.9033636146938626
dynamic_accel,51.104,2.50725818532959
dynamic_accel,51.154,2.3948157861044432
dynamic_accel,51.204,6.424383303256043
dynamic_accel,51.254,1.129627760389976
dynamic_accel,51.304,-0.4009565092711842
dynamic_accel,51.354,-0.7290304029160097
dynamic_accel,51.404,-3.2674429964583878
dynamic_accel,51.454,-4.366450494793047
dynamic_accel,51.504,-2.4237631830299513
dynamic_accel,51.554,0.015706847918181666
dynamic_accel,51.604,1.2629721262148657
dynamic_accel,51.654,2.505845040803722
dynamic_accel,51.704,2.533156757605761
dynamic_accel,51.754,1.3224896473807455
dynamic_accel,51.804,2.867204912735838
dynamic_accel,51.854,1.1258973112210864
dynamic_accel,51.904,-3.0580375950501963
dynamic_accel,51.954,-5.800087957707436
dynamic_accel,52.004,-5.852845695643173
dynamic_accel,52.054,-2.773571993268982
dynamic_accel,52.104,2.102804125440384
dynamic_accel,52.154,3.347901724027807
dynamic_accel,52.204,3.377085728871654
dynamic_accel,52.254,3.768992380688326
dynamic_accel,52.304,3.7624615621977195
dynamic_accel,52.354,1.563358100407802
dynamic_accel,52.404,-3.136857926495165
dynamic_accel,52.454,-2.047083348290741
dynamic_accel,52.504,-3.326346334896477
dynamic_accel,52.554,-3.4888698030377014
dynamic_accel,52.604,-0.42969981070171315
dynamic_accel,52.654,-0.4863783390345162
dynamic_accel,52.704,-0.2826196579187741
dynamic_accel,52.754,1.0566733526375867
dynamic_accel,52.804,4.050809173147583
dynamic_accel,52.854,3.5097260046570504
dynamic_accel,52.904,5.469630855491154
dynamic_accel,52.954,0.32632467369858453
dynamic_accel,53.004,-3.2913927909559293
dynamic_accel,53.054,-5.10884846479768
dynamic_accel,53.104,-4.612661299962023
dynamic_accel,53.154,-2.2194416128061736
dynamic_accel,53.204,0.23645787413581054
dynamic_accel,53.254,1.2078106940075397
dynamic_accel,53.304,1.5539482687335084
dynamic_accel,53.354,2.9281157086319
dynamic_accel,53.404,1.4919661082130613
dynamic_accel,53.454,5.488138331149102
dynamic_accel,53.504,1.273267075179362
dynamic_accel,53.554,-2.181417654723816
dynamic_accel,53.604,-3.820678220766095
dynamic_accel,53.654,-3.9474766972267563
dynamic_accel,53.704,-2.2048992891146924
dynamic_accel,53.754,-0.08702474626858425
dynamic_accel,53.804,0.2535034541102359
dynamic_accel,53.854,0.30755346924645544
dynamic_accel,53.904,2.8919772669613764
dynamic_accel,53.954,1.702717866829138
dynamic_accel,54.004,4.358644586550746
dynamic_accel,54.054,1.9629515928814047
dynamic_accel,54.104,-1.3788444149816108
dynamic_accel,54.154,-2.1919672149280878
dynamic_accel,54.204,-4.791775710136395
dynamic_accel,54.254,-4.785681194192146
dynamic_accel,54.304,-2.662279333722071
dynamic_accel,54.354,-1.008114130073631
dynamic_accel,54.404,1.8007012072728514
dynamic_accel,54.454,3.6037668199850206
dynamic_accel,54.504,1.888622582881089
dynamic_accel,54.554,8.199725899674169
dynamic_accel,54.604,0.2054193529560706
dynamic_accel,54.654,3.8272020625150294
dynamic_accel,54.704,-0.732442032599625
dynamic_accel,54.754,-3.906752433440129
dynamic_accel,54.804,-2.81068308363547
dynamic_accel,54.854,-3.17510807982032
dynamic_accel,54.904,-2.2754115750398265
dynamic_accel,54.954,-3.5468009783956003
dynamic_accel,55.004,-1.1843017873250634
dynamic_accel,55.054,0.3746792956414282
dynamic_accel,55.104,6.953464028159869
dynamic_accel,55.154,8.723018096553961
dynamic_accel,55.204,-2.286354781516885
dynamic_accel,55.254,-4.244386977780962
dynamic_accel,55.304,-3.6252174004075606
dynamic_accel,55.354,-3.380007366020293
dynamic_accel,55.404,-3.197713924068288
dynamic_accel,55.454,0.8145332308331135
dynamic_accel,55.504,1.8520741761995563
dynamic_accel,55.554,4.066459866463317
dynamic_accel,55.604,5.5172127289652
dynamic_accel,55.654,3.1131579319014353
dynamic_accel,55.704,3.429200317971869
dynamic_accel,55.754,-1.2067949351056466
dynamic_accel,55.804,-1.8080626827822357
dynamic_accel,55.854,-3.1843459925778204
dynamic_accel,55.904,-5.334399125762904
dynamic_accel,55.954,-2.5543328402081187
dynamic_accel,56.004,-1.423545187232163
dynamic_accel,56.054,-2.3658949084100245
dynamic_accel,56.104,-0.20094942485801504
dynamic_accel,56.154,4.11676080257573
dynamic_accel,56.204,1.3007796468331492
dynamic_accel,56.254,4.6537746132408415
dynamic_accel,56.304,4.630027403709073
dynamic_accel,56.354,-0.3681951335712288
dynamic_accel,56.404,-4.3604440165411225
dynamic_accel,56.454,-4.307971280936524
dynamic_accel,56.504,-3.412014550991544
dynamic_accel,56.554,-1.7360898776794365
dynamic_accel,56.604,0.6227392156367646
dynamic_accel,56.654,2.6165441043121955
dynamic_accel,56.704,4.431316296207827
dynamic_accel,56.754,3.3319069578887266
dynamic_accel,56.804,5.301422220110522
dynamic_accel,56.854,-0.60818579967885
dynamic_accel,56.904,-0.8707067786072376
dynamic_accel,56.954,-3.773735442459465
dynamic_accel,57.004,-4.136091137829797
dynamic_accel,57.054,-2.7981887772665663
dynamic_accel,57.104,-1.2132854001483615
dynamic_accel,57.154,-1.4800938601221176
dynamic_accel,57.204,-0.8467422522233505
dynamic_accel,57.254,2.0343897904313035
dynamic_accel,57.304,3.668096446950045
dynamic_accel,57.354,6.92713682096235
dynamic_accel,57.404,2.342936499858915
dynamic_accel,57.454,-3.0298994463508233
dynamic_accel,57.504,-5.894124403523987
dynamic_accel,57.554,-4.7558716301414075
dynamic_accel,57.604,-2.8026488196224886
dynamic_accel,57.654,0.8912814314646695
dynamic_accel,57.704,1.4006758729298845
dynamic_accel,57.754,2.9872828257528035
dynamic_accel,57.804,1.820296646752869
dynamic_accel,57.854,9.104377764972446
dynamic_accel,57.904,2.9429016013141016
dynamic_accel,57.954,-0.9654089003761381
dynamic_accel,58.004,-3.1672445172866253
dynamic_accel,58.054,-4.643406412762902
dynamic_accel,58.104,-4.251803241514927
dynamic_accel,58.154,-2.011921399791282
dynamic_accel,58.204,-1.6319409359488493
dynamic_accel,58.254,-2.0789598855136546
dynamic_accel,58.304,0.22105001066122476
dynamic_accel,58.354,4.259980944943555
dynamic_accel,58.404,2.4587326794740907
dynamic_accel,58.454,6.044990016093989
dynamic_accel,58.504,3.3399028060181397
dynamic_accel,58.554,-2.5315342245064176
dynamic_accel,58.604,-6.182115643580426
dynamic_accel,58.654,-5.129458282365273
dynamic_accel,58.704,-3.3980970659933734
dynamic_accel,58.754,0.5555868766644085
dynamic_accel,58.804,1.6564133295062362
dynamic_accel,58.854,3.625599049287823
dynamic_accel,58.904,3.214993727192674
dynamic_accel,58.954,6.825677976501595
dynamic_accel,59.004,1.9445103906810282
dynamic_accel,59.054,0.49837589430651263
dynamic_accel,59.104,-0.8853611190953803
dynamic_accel,59.154,-3.1563800590956603
dynamic_accel,59.204,-4.529590783354233
dynamic_accel,59.254,-4.595729010244012
dynamic_accel,59.304,-2.841132575104398
dynamic_accel,59.354,-1.014944321317616
dynamic_accel,59.404,0.6850696282713393
dynamic_accel,59.454,3.475901636561698
dynamic_accel,59.504,1.5777144609467992
dynamic_accel,59.554,5.343143604436245
dynamic_accel,59.604,4.027270651453428
dynamic_accel,59.654,-0.8533222832314955
dynamic_accel,59.704,-5.555424057336799
dynamic_accel,59.754,-5.749128684554833
dynamic_accel,59.804,-3.974147653158071
dynamic_accel,59.854,-0.8188670833277154
dynamic_accel,59.904,2.24958357833094
dynamic_accel,59.954,1.49359007709395
dynamic_accel,60.004,2.61642312132075
dynamic_accel,60.054,6.311814389268221
dynamic_accel,60.104,4.440851651022957
dynamic_accel,60.154,2.6479248962158
dynamic_accel,60.204,0.8305654454034652
dynamic_accel,60.254,-3.4668184998722404
dynamic_accel,60.304,-4.55785232052401
dynamic_accel,60.354,-4.542249649880198
dynamic_accel,60.404,-1.7421416148530682
dynamic_accel,60.454,-3.6533906591989167
dynamic_accel,60.504,-3.369395847187813
dynamic_accel,60.554,2.2558158485309576
dynamic_accel,60.604,0.8635677235219905
dynamic_accel,60.654,7.271986665294179
dynamic_accel,60.704,5.526933893741708
dynamic_accel,60.754,1.8246174309021654
dynamic_accel,60.804,-4.565845469381865
dynamic_accel,60.854,-5.447370558568054
dynamic_accel,60.904,-3.7374581736686308
dynamic_accel,60.954,0.2596349842047925
dynamic_accel,61.004,2.8509346436161582
dynamic_accel,61.054,2.954334613169756
dynamic_accel,61.104,3.9014799281894152
dynamic_accel,61.154,-0.5521590576732276
dynamic_accel,61.204,3.704759145351165
dynamic_accel,61.254,-0.5639616333011901
dynamic_accel,61.304,-2.7621564787824413
dynamic_accel,61.354,-2.2196212712371644
dynamic_accel,61.404,-2.254040908704706
dynamic_accel,61.454,-1.9745554419586355
dynamic_accel,61.504,-1.4216974843958248
dynamic_accel,61.554,-0.5254529025996497
dynamic_accel,61.604,0.2510351637840458
dynamic_accel,61.654,3.052945800390937
dynamic_accel,61.704,0.6615889960335579
dynamic_accel,61.754,4.639364513672415
dynamic_accel,61.804,3.845891758816977
dynamic_accel,61.854,-1.8557497086456776
dynamic_accel,61.904,-4.054968127540812
dynamic_accel,61.954,-4.679920873401643
dynamic_accel,62.004,-3.4530033773408224
dynamic_accel,62.054,-1.645791630446391
dynamic_accel,62.104,0.4519452742724521
dynamic_accel,62.154,0.5831501270146209
dynamic_accel,62.204,1.7329426505231105
dynamic_accel,62.254,1.6130272850534304
dynamic_accel,62.304,8.099022410470981
dynamic_accel,62.354,3.0553829978455767
dynamic_accel,62.404,-1.3724859044825415
dynamic_accel,62.454,-1.2401173591815287
dynamic_accel,62.504,-1.6515144978208713
dynamic_accel,62.554,-2.443534294989588
dynamic_accel,62.604,-1.3600456810093249
dynamic_accel,62.654,-0.948487689266706
dynamic_accel,62.704,0.08254751278523464
dynamic_accel,62.754,-0.20750528974257776
dynamic_accel,62.804,2.165573882422768
dynamic_accel,62.854,1.5436304413672932
dynamic_accel,62.904,1.0334505209130267
dynamic_accel,62.954,-1.3510578712196342
dynamic_accel,63.004,-2.6173933800323335
dynamic_accel,63.054,-4.211580170490706
dynamic_accel,63.104,-2.571070641376415
dynamic_accel,63.154,2.1122133234470564
dynamic_accel,63.204,2.775908507760363
dynamic_accel,63.254,2.0304717218232504
dynamic_accel,63.304,1.59785879676242
dynamic_accel,63.354,1.626718182739884
dynamic_accel,63.404,0.12836882394690008
dynamic_accel,63.454,2.5808629219138446
dynamic_accel,63.504,-1.3884762743248533
dynamic_accel,63.554,-2.0399451011519023
dynamic_accel,63.604,-2.200201012055576
dynamic_accel,63.654,-1.1583358100772276
dynamic_accel,63.704,-1.5007132655060111
dynamic_accel,63.754,-0.5729594592576444
dynamic_accel,63.804,0.6329629894703821
dynamic_accel,63.854,0.7972749256244231
dynamic_accel,63.904,1.22221177137377
dynamic_accel,63.954,4.153115540259854
dynamic_accel,64.004,1.655111582199515
dynamic_accel,64.054,1.584349903795598
dynamic_accel,64.104,-1.2975044944336886
dynamic_accel,64.154,-4.15962410356139
dynamic_accel,64.204,-4.465149042835465
dynamic_accel,64.254,-5.756499925706198
dynamic_accel,64.304,-4.947173684369673
dynamic_accel,64.354,2.363886593042629
dynamic_accel,64.404,4.647111011790225
dynamic_accel,64.454,2.842765889108689
dynamic_accel,64.504,3.3515591950782184
dynamic_accel,64.554,3.5242341900843375
dynamic_accel,64.604,6.451356350003756
dynamic_accel,64.654,2.4892943098100613
dynamic_accel,64.704,-1.8064644292048762
dynamic_accel,64.754,-2.7297752546386924
dynamic_accel,64.804,-4.025136927320867
dynamic_accel,64.854,-4.117857596995242
dynamic_accel,64.904,-1.4700934435354647
dynamic_accel,64.954,-1.0295329368756025
dynamic_accel,65.004,-0.41941209010466274
dynamic_accel,65.054,0.9728721195539904
dynamic_accel,65.104,3.4839095883775695
dynamic_accel,65.154,0.4895431060834543
dynamic_accel,65.204,2.7332247791104347
dynamic_accel,65.254,1.0277989776396481
dynamic_accel,65.304,-1.6441059724229028
dynamic_accel,65.354,-4.279929510140852
dynamic_accel,65.404,-3.63513376737139
dynamic_accel,65.454,-0.3982840290744232
dynamic_accel,65.504,0.8326941166737587
dynamic_accel,65.554,0.37055107067189574
dynamic_accel,65.604,2.4994274311284315
dynamic_accel,65.654,2.499130277866893
dynamic_accel,65.704,0.6797988623394815
dynamic_accel,65.754,4.616355318711207
dynamic_accel,65.804,-1.2319475999365554
dynamic_accel,65.854,-1.5624341929036802
dynamic_accel,65.904,-3.140060732316643
dynamic_accel,65.954,-2.4832527966137405
dynamic_accel,66.004,-1.6658625246038739
dynamic_accel,66.054,-0.6118358822026462
dynamic_accel,66.104,0.14124424399644475
dynamic_accel,66.154,0.7891512463628079
dynamic_accel,66.204,1.7671440416910862
dynamic_accel,66.254,1.9813935824956737
dynamic_accel,66.304,2.1888172380451145
dynamic_accel,66.354,3.188046872007707
dynamic_accel,66.404,-0.19490767973925394
dynamic_accel,66.454,-2.1262925529833225
dynamic_accel,66.504,-3.8131361612689796
dynamic_accel,66.554,-3.189581600064697
dynamic_accel,66.604,-1.8055170848162518
dynamic_accel,66.654,0.5592174246846024
dynamic_accel,66.704,0.6383403520045672
dynamic_accel,66.754,1.2259478756642093
dynamic_accel,66.804,3.251207812605246
dynamic_accel,66.854,3.451189033153648
dynamic_accel,66.904,3.1079921632511347
dynamic_accel,66.954,-1.1314750604267605
dynamic_accel,67.004,-1.5601794329162093
dynamic_accel,67.054,-3.2244729982234652
dynamic_accel,67.104,-2.5373689455128643
dynamic_accel,67.154,-1.7253254538384546
dynamic_accel,67.204,-0.7856455888052221
dynamic_accel,67.254,0.06348564874545382
dynamic_accel,67.304,1.0316797535002706
dynamic_accel,67.354,3.0365584731526862
dynamic_accel,67.404,0.8865735749044816
dynamic_accel,67.454,3.1657704792242463
dynamic_accel,67.504,1.6973348268865198
dynamic_accel,67.554,-1.3076963583094052
dynamic_accel,67.604,-3.7237566820847103
dynamic_accel,67.654,-3.5415599043054815
dynamic_accel,67.704,-1.7243308204110601
dynamic_accel,67.754,0.7681363153122795
dynamic_accel,67.804,0.49786249078159805
dynamic_accel,67.854,1.290565799223108
dynamic_accel,67.904,2.1278160888239235
dynamic_accel,67.954,2.7203940657584624
dynamic_accel,68.004,0.766055388205471
dynamic_accel,68.054,2.4439987175900075
dynamic_accel,68.104,-2.050710241033846
dynamic_accel,68.154,-2.8565111373783454
dynamic_accel,68.204,-2.3809215254246157
dynamic_accel,68.254,-2.5397650995940078
dynamic_accel,68.304,-0.6825330128020752
dynamic_accel,68.354,-0.24037608286071865
dynamic_accel,68.404,0.8041909635584545
dynamic_accel,68.454,1.350909621647281
dynamic_accel,68.504,3.2621702389533027
dynamic_accel,68.554,1.1281768411425315
dynamic_accel,68.604,2.7879642247137113
dynamic_accel,68.654,1.905281443062682
dynamic_accel,68.704,-1.2192343999365782
dynamic_accel,68.754,-2.8609704651269894
dynamic_accel,68.804,-3.9265103077358674
dynamic_accel,68.854,-3.922595376902536
dynamic_accel,68.904,-1.0897439036251253
dynamic_accel,68.954,0.6478096984069222
dynamic_accel,69.004,0.8993365279073089
dynamic_accel,69.054,1.7093920108668765
dynamic_accel,69.104,2.7823580704906536
dynamic_accel,69.154,2.1729138559570806
dynamic_accel,69.204,3.61410350219119
dynamic_accel,69.254,-0.17134036576003098
dynamic_accel,69.304,-0.35121397871854043
dynamic_accel,69.354,-0.485764562637506
dynamic_accel,69.404,-1.8037279342228238
dynamic_accel,69.454,-2.3173171993889685
dynamic_accel,69.504,-1.6061908181445652
dynamic_accel,69.554,-1.0447638117751765
dynamic_accel,69.604,-0.47479424664714465
dynamic_accel,69.654,0.1351473804345531
dynamic_accel,69.704,1.4912474434570058
dynamic_accel,69.754,0.9453058980630971
dynamic_accel,69.804,0.2711029534248901
dynamic_accel,69.854,1.142578124410642
dynamic_accel,69.904,0.7335655020991112
dynamic_accel,69.954,-1.171110942796977
dynamic_accel,70.004,-0.4759280993427595
dynamic_accel,70.054,-0.5991908609052032
dynamic_accel,70.104,-0.6414381740829693
dynamic_accel,70.154,0.276448968660878
dynamic_accel,70.204,0.17832549103333584
dynamic_accel,70.254,0.6345696582398936
dynamic_accel,70.304,0.3410010070181144
dynamic_accel,70.354,0.2570686617384368
dynamic_accel,70.404,0.5633879123183689
dynamic_accel,70.454,-0.37175102985977837
dynamic_accel,70.504,-0.5925045185054731
dynamic_accel,70.554,-0.9051234876154393
dynamic_accel,70.604,-0.26846752390027184
dynamic_accel,70.654,0.11453546429021699
dynamic_accel,70.704,-0.6570850444641874
dynamic_accel,70.754,1.281621551662619
dynamic_accel,70.804,1.0181922163740165
dynamic_accel,70.854,0.08732361183095705
dynamic_accel,70.904,-0.3432158084210286
dynamic_accel,70.954,-1.0200011205927932
dynamic_accel,71.004,-0.006326617312288008
dynamic_accel,71.054,0.027362208598423976
dynamic_accel,71.104,0.18377082798442856
dynamic_accel,71.154,0.2922201511448108
dynamic_accel,71.204,-0.3553183773029307
dynamic_accel,71.254,-0.9119610222888852
dynamic_accel,71.304,0.23266861579951126
dynamic_accel,71.354,0.7665311458191617
dynamic_accel,71.404,0.7726079654415265
dynamic_accel,71.454,0.4566351683115393
dynamic_accel,71.504,-0.8663912789415384
magnetic_norm,0.004,42.98500656886082
magnetic_norm,0.034,43.309356721873684
magnetic_norm,0.035,45.3095330925237
magnetic_norm,0.045,38.3987981851728
magnetic_norm,0.064,41.03755799341018
magnetic_norm,0.084,47.8342883033448
magnetic_norm,0.105,44.31177585710161
magnetic_norm,0.125,44.5825717450076
magnetic_norm,0.149,45.11289637577328
magnetic_norm,0.165,44.79241537275047
magnetic_norm,0.184,45.75108319578361
magnetic_norm,0.204,44.11291547438242
magnetic_norm,0.225,45.48100111332208
magnetic_norm,0.25,46.08201503162595
magnetic_norm,0.265,43.88167228966446
magnetic_norm,0.285,44.90144354964411
magnetic_norm,0.305,45.62335965440296
magnetic_norm,0.324,43.83615809648474
magnetic_norm,0.344,43.930789850343004
magnetic_norm,0.364,42.62102736150317
magnetic_norm,0.386,44.78147470468401
magnetic_norm,0.405,42.95509263870817
magnetic_norm,0.425,43.556704104821854
magnetic_norm,0.445,41.766453751485784
magnetic_norm,0.465,41.4072089511597
magnetic_norm,0.485,43.877236235831916
magnetic_norm,0.504,44.013046880726264
magnetic_norm,0.524,44.33189077661258
magnetic_norm,0.544,47.16600703552304
magnetic_norm,0.564,47.71112046366916
magnetic_norm,0.585,46.94834351398896
magnetic_norm,0.604,45.57483382484794
magnetic_norm,0.624,44.12568093940883
magnetic_norm,0.644,44.75927016412354
magnetic_norm,0.665,41.95311421159647
magnetic_norm,0.685,40.557546618662734
magnetic_norm,0.705,42.49543594905227
magnetic_norm,0.725,41.810642474883124
magnetic_norm,0.745,41.56236632850962
magnetic_norm,0.764,42.15812105404491
magnetic_norm,0.784,42.31951843923499
magnetic_norm,0.805,43.5666495380928
magnetic_norm,0.825,42.2048693924351
magnetic_norm,0.845,42.54338923081949
magnetic_norm,0.865,44.1910990240541
magnetic_norm,0.884,45.86655491068628
magnetic_norm,0.904,45.024718698704916
magnetic_norm,0.925,44.56962445040353
magnetic_norm,0.945,42.441841640944375
magnetic_norm,0.965,42.78555886339607
magnetic_norm,0.985,42.850450113301044
magnetic_norm,1.005,43.763581938210955
magnetic_norm,1.025,42.260945885356186
magnetic_norm,1.044,42.56282213534483
magnetic_norm,1.064,41.69427795422003
magnetic_norm,1.085,43.312891023689495
magnetic_norm,1.105,42.45666772545867
magnetic_norm,1.125,45.15246506808904
magnetic_norm,1.145,45.433765576661166
magnetic_norm,1.164,41.60603030586432
magnetic_norm,1.184,43.93331529137656
magnetic_norm,1.205,43.18424474525412
magnetic_norm,1.225,45.74812633286202
magnetic_norm,1.245,44.14883118059309
magnetic_norm,1.266,44.58100134684626
magnetic_norm,1.285,44.55610901949366
magnetic_norm,1.305,44.76962271479406
magnetic_norm,1.324,44.019070357360455
magnetic_norm,1.345,43.362771150780944
magnetic_norm,1.365,43.49890488923256
magnetic_norm,1.386,44.59227940910853
magnetic_norm,1.405,43.87097552055351
magnetic_norm,1.425,44.20711776836683
magnetic_norm,1.445,44.62274025370925
magnetic_norm,1.464,43.64643254794716
magnetic_norm,1.485,43.10396770643631
magnetic_norm,1.506,44.95277738549648
magnetic_norm,1.525,44.129214281329645
magnetic_norm,1.545,47.03431865444105
magnetic_norm,1.565,45.3591975573864
magnetic_norm,1.585,47.2008530455224
magnetic_norm,1.604,45.43843194606856
magnetic_norm,1.625,45.5826267953318
magnetic_norm,1.645,44.72215940001114
magnetic_norm,1.665,45.860757554389615
magnetic_norm,1.685,44.68860509911904
magnetic_norm,1.705,44.0204230623413
magnetic_norm,1.725,45.188049133509864
magnetic_norm,1.746,43.730085284261115
magnetic_norm,1.764,44.09210472330908
magnetic_norm,1.785,44.075704038619776
magnetic_norm,1.805,45.51292441782334
magnetic_norm,1.825,45.726658224989556
magnetic_norm,1.845,42.73324095844475
magnetic_norm,1.865,48.225999785903916
magnetic_norm,1.885,44.796342351943295
magnetic_norm,1.906,45.16740846285078
magnetic_norm,1.924,45.75837250069657
magnetic_norm,1.946,45.487071051151446
magnetic_norm,1.965,45.240881424188785
magnetic_norm,1.988,45.854956965959545
magnetic_norm,2.004,45.62427302324941
magnetic_norm,2.024,51.14181076343017
magnetic_norm,2.044,48.831030339580195
magnetic_norm,2.064,49.28855473991912
magnetic_norm,2.085,48.89778215561022
magnetic_norm,2.105,45.83462365968549
magnetic_norm,2.125,46.96147481021015
magnetic_norm,2.145,45.74296915073401
magnetic_norm,2.164,44.54435034715406
magnetic_norm,2.188,44.655013325073746
magnetic_norm,2.204,44.61721643715578
magnetic_norm,2.225,46.71337057163078
magnetic_norm,2.245,46.72346506307082
magnetic_norm,2.265,45.23808890194191
magnetic_norm,2.285,46.174672635953804
magnetic_norm,2.304,45.85574698688272
magnetic_norm,2.325,46.450202670440525
magnetic_norm,2.345,45.477490139353556
magnetic_norm,2.365,43.486476885061634
magnetic_norm,2.385,46.912441747365996
magnetic_norm,2.405,45.5773658052987
magnetic_norm,2.425,45.88225858760665
magnetic_norm,2.445,44.72828514695706
magnetic_norm,2.464,44.83472038052653
magnetic_norm,2.484,44.2997811011805
magnetic_norm,2.505,44.934288298163814
magnetic_norm,2.525,44.3025089195014
magnetic_norm,2.547,45.31751844540923
magnetic_norm,2.565,44.21472381345387
magnetic_norm,2.585,43.23122886351958
magnetic_norm,2.605,45.9265179497369
magnetic_norm,2.624,43.559196499992986
magnetic_norm,2.645,44.867388204992544
magnetic_norm,2.665,44.277850081191836
magnetic_norm,2.685,43.57349315682076
magnetic_norm,2.705,45.941259109051465
magnetic_norm,2.725,45.27827657525186
magnetic_norm,2.744,45.2641674112924
magnetic_norm,2.765,43.348355264646486
magnetic_norm,2.785,44.694408475361904
magnetic_norm,2.805,46.987090857356854
magnetic_norm,2.825,43.20899319204284
magnetic_norm,2.845,45.328124795760104
magnetic_norm,2.865,45.3669519515584
magnetic_norm,2.884,42.28342843612022
magnetic_norm,2.904,43.46617750438269
magnetic_norm,2.925,43.823456019650614
magnetic_norm,2.944,42.152649631577184
magnetic_norm,2.964,42.47731443232381
magnetic_norm,2.985,43.27737742386319
magnetic_norm,3.006,40.676310249333135
magnetic_norm,3.024,41.90149090054857
magnetic_norm,3.044,39.26132980395605
magnetic_norm,3.065,41.16914087866673
magnetic_norm,3.085,40.79259325003131
magnetic_norm,3.105,41.2349375909495
magnetic_norm,3.125,39.8444389970922
magnetic_norm,3.145,40.125808086255475
magnetic_norm,3.164,36.75269346047989
magnetic_norm,3.191,39.114829104822945
magnetic_norm,3.205,39.35874826325151
magnetic_norm,3.225,40.048376620395004
magnetic_norm,3.245,39.83572137934123
magnetic_norm,3.266,39.90523784934128
magnetic_norm,3.284,39.35203349647258
magnetic_norm,3.304,41.171317951487886
magnetic_norm,3.324,39.46144528603204
magnetic_norm,3.345,39.088606352746844
magnetic_norm,3.365,41.01542249950011
magnetic_norm,3.385,40.782043114126836
magnetic_norm,3.405,39.027741035223904
magnetic_norm,3.425,40.64523009846912
magnetic_norm,3.444,40.39855789557964
magnetic_norm,3.464,39.9990244608228
magnetic_norm,3.486,36.79094241386058
magnetic_norm,3.511,39.3728632416415
magnetic_norm,3.525,39.47339097227398
magnetic_norm,3.545,39.89143912717991
magnetic_norm,3.565,39.137075812137525
magnetic_norm,3.585,38.907123597421126
magnetic_norm,3.604,36.977182056658265
magnetic_norm,3.626,38.53961410484033
magnetic_norm,3.645,37.05538928921136
magnetic_norm,3.666,37.33677443684047
magnetic_norm,3.685,34.73816019331628
magnetic_norm,3.705,37.21043880552882
magnetic_norm,3.724,36.97317573593055
magnetic_norm,3.745,34.57525485047075
magnetic_norm,3.765,34.34360271444305
magnetic_norm,3.785,36.04277854993985
magnetic_norm,3.805,35.16837009586889
magnetic_norm,3.831,34.36936484774637
magnetic_norm,3.846,35.275612892088795
magnetic_norm,3.864,36.040671445257566
magnetic_norm,3.884,34.86428352867016
magnetic_norm,3.904,33.885603755134774
magnetic_norm,3.925,32.51258198126921
magnetic_norm,3.945,33.09460631056448
magnetic_norm,3.965,33.36205156124245
magnetic_norm,3.985,33.84388145736248
magnetic_norm,4.004,33.32356754198152
magnetic_norm,4.024,33.80904875270087
magnetic_norm,4.044,32.1284473384764
magnetic_norm,4.065,33.076373288950606
magnetic_norm,4.085,33.23869616181573
magnetic_norm,4.105,31.42889959993035
magnetic_norm,4.125,31.067075241523785
magnetic_norm,4.15,30.047828593136376
magnetic_norm,4.164,32.17623000038229
magnetic_norm,4.184,31.02130127529308
magnetic_norm,4.206,31.7547527235295
magnetic_norm,4.225,31.929423070754837
magnetic_norm,4.245,31.584937222630412
magnetic_norm,4.265,31.181396642288973
magnetic_norm,4.284,30.117836529621513
magnetic_norm,4.305,30.230735845017985
magnetic_norm,4.324,30.495439600250137
magnetic_norm,4.345,31.26691182644204
magnetic_norm,4.365,31.116387333083896
magnetic_norm,4.385,31.21668918945842
magnetic_norm,4.405,28.927610961545046
magnetic_norm,4.425,29.49244057805329
magnetic_norm,4.444,32.29302551308487
magnetic_norm,4.473,31.437462529401213
magnetic_norm,4.485,32.08582552233933
magnetic_norm,4.506,30.00619313887553
magnetic_norm,4.526,32.20873094236257
magnetic_norm,4.545,32.02487435689642
magnetic_norm,4.565,31.35083554807591
magnetic_norm,4.584,31.23001106568014
magnetic_norm,4.605,31.665432705475617
magnetic_norm,4.628,31.303529775490244
magnetic_norm,4.645,32.24708609801055
magnetic_norm,4.665,31.133086777655077
magnetic_norm,4.685,30.492378269618477
magnetic_norm,4.704,30.78220901186276
magnetic_norm,4.724,31.159049399813274
magnetic_norm,4.745,29.607538913045463
magnetic_norm,4.765,30.590445901375826
magnetic_norm,4.785,30.579659523938524
magnetic_norm,4.805,30.493306842444984
magnetic_norm,4.825,31.205077576614098
magnetic_norm,4.844,32.507596348199925
magnetic_norm,4.864,30.11209273136794
magnetic_norm,4.884,30.95702792783894
magnetic_norm,4.906,32.41174376992852
magnetic_norm,4.925,31.200075468057847
magnetic_norm,4.945,32.00282277092913
magnetic_norm,4.965,31.42541437972618
magnetic_norm,4.985,31.990194833847212
magnetic_norm,5.004,31.965340727301815
magnetic_norm,5.024,34.00622017368661
magnetic_norm,5.045,32.462857641079616
magnetic_norm,5.065,32.25868932636609
magnetic_norm,5.085,32.77876031403569
magnetic_norm,5.106,30.542491395185888
magnetic_norm,5.124,33.10987921123398
magnetic_norm,5.145,30.82672439446827
magnetic_norm,5.164,30.478504686499974
magnetic_norm,5.185,31.37521267425936
magnetic_norm,5.206,30.190279705436733
magnetic_norm,5.226,30.697054313708186
magnetic_norm,5.246,30.52556659283747
magnetic_norm,5.273,31.585543655880013
magnetic_norm,5.285,30.919769896580814
magnetic_norm,5.305,31.016162763872035
magnetic_norm,5.325,31.44055914710332
magnetic_norm,5.348,32.55708670320496
magnetic_norm,5.365,32.88669382820354
magnetic_norm,5.385,32.14457875960586
magnetic_norm,5.405,31.52504071024336
magnetic_norm,5.429,34.154333675538176
magnetic_norm,5.445,33.906664252031696
magnetic_norm,5.466,32.69980156361811
magnetic_norm,5.486,33.304466803455995
magnetic_norm,5.505,34.6011539819845
magnetic_norm,5.525,34.393393374491275
magnetic_norm,5.545,34.90639901192909
magnetic_norm,5.564,32.967224866145486
magnetic_norm,5.585,31.977348957308845
magnetic_norm,5.604,33.97502624712012
magnetic_norm,5.626,33.63919832791798
magnetic_norm,5.646,34.49100276380246
magnetic_norm,5.666,33.92169866954816
magnetic_norm,5.686,34.97217495238185
magnetic_norm,5.705,33.265534208283825
magnetic_norm,5.725,34.069263957047994
magnetic_norm,5.75,31.95630110129699
magnetic_norm,5.765,33.260777154226645
magnetic_norm,5.785,35.449439374445745
magnetic_norm,5.805,33.16854861787368
magnetic_norm,5.825,33.87052627707834
magnetic_norm,5.855,33.93003765470951
magnetic_norm,5.864,36.371081046107236
magnetic_norm,5.884,35.507911643921005
magnetic_norm,5.906,36.77951730075802
magnetic_norm,5.926,33.37260915430873
magnetic_norm,5.945,34.88192100739654
magnetic_norm,5.965,35.502921202663046
magnetic_norm,5.984,34.39728294282487
magnetic_norm,6.004,35.300001505860465
magnetic_norm,6.031,35.01307847165827
magnetic_norm,6.045,33.692962235198316
magnetic_norm,6.067,34.715957921033954
magnetic_norm,6.085,36.62935989305585
magnetic_norm,6.105,35.40903160423907
magnetic_norm,6.125,34.682825119034185
magnetic_norm,6.145,37.04295223352223
magnetic_norm,6.165,36.364652604555445
magnetic_norm,6.186,34.34906025679602
magnetic_norm,6.205,36.08933252188242
magnetic_norm,6.231,36.56287499807694
magnetic_norm,6.245,36.45445271105444
magnetic_norm,6.265,34.05712564207386
magnetic_norm,6.285,35.61418751452853
magnetic_norm,6.305,35.32552290908092
magnetic_norm,6.325,35.712693279561044
magnetic_norm,6.346,36.03011169476866
magnetic_norm,6.365,37.449615743856555
magnetic_norm,6.388,36.3221716896168
magnetic_norm,6.404,38.56116579782698
magnetic_norm,6.425,39.46738493040811
magnetic_norm,6.444,35.25044470251405
magnetic_norm,6.465,36.06553431595059
magnetic_norm,6.485,34.53822961824338
magnetic_norm,6.506,35.24542733320169
magnetic_norm,6.525,36.906316565562335
magnetic_norm,6.544,35.59662193481286
magnetic_norm,6.564,39.88764053171734
magnetic_norm,6.584,37.59854280321248
magnetic_norm,6.606,38.58097196967698
magnetic_norm,6.625,38.384913724365724
magnetic_norm,6.645,37.39584010373013
magnetic_norm,6.665,38.463730485029785
magnetic_norm,6.685,40.35279273281468
magnetic_norm,6.712,38.85130981585441
magnetic_norm,6.724,38.17532456256928
magnetic_norm,6.745,38.752356922515176
magnetic_norm,6.765,38.38658518121923
magnetic_norm,6.785,39.35280624523491
magnetic_norm,6.806,37.717462040197695
magnetic_norm,6.825,39.787258881927315
magnetic_norm,6.844,40.17893885607246
magnetic_norm,6.87,38.99319217033288
magnetic_norm,6.885,40.364966227224826
magnetic_norm,6.905,38.1640486502022
magnetic_norm,6.925,39.80587464910173
magnetic_norm,6.945,38.40870114788445
magnetic_norm,6.969,38.23910231268511
magnetic_norm,6.985,40.15031111025175
magnetic_norm,7.004,39.64316444752808
magnetic_norm,7.03,39.989618281655304
magnetic_norm,7.045,39.272743275075705
magnetic_norm,7.066,40.833892747018375
magnetic_norm,7.085,38.725429929440494
magnetic_norm,7.105,38.07421361591087
magnetic_norm,7.124,39.386917839239466
magnetic_norm,7.146,41.89798995775334
magnetic_norm,7.165,40.48746814725516
magnetic_norm,7.188,50.23697581550371
magnetic_norm,7.205,46.325563285566254
magnetic_norm,7.225,43.23873590341189
magnetic_norm,7.244,41.81697972997941
magnetic_norm,7.264,41.87640566595954
magnetic_norm,7.284,42.57652715323315
magnetic_norm,7.304,43.92449396740398
magnetic_norm,7.325,42.489283553032536
magnetic_norm,7.345,47.82510863160689
magnetic_norm,7.365,44.53814551875729
magnetic_norm,7.384,45.39144554001902
magnetic_norm,7.404,42.715388950565874
magnetic_norm,7.424,41.984409743975306
magnetic_norm,7.444,42.772440656192394
magnetic_norm,7.464,44.58257174193746
magnetic_norm,7.485,51.988585594219664
magnetic_norm,7.505,49.543230866839934
magnetic_norm,7.525,46.708925806530814
magnetic_norm,7.545,46.53468212661391
magnetic_norm,7.564,50.44149115101083
magnetic_norm,7.584,49.09975127291895
magnetic_norm,7.605,51.08701332616258
magnetic_norm,7.625,43.9219060165312
magnetic_norm,7.645,49.728539044119344
magnetic_norm,7.664,48.130972437844015
magnetic_norm,7.684,50.029768091732144
magnetic_norm,7.704,51.47134252887718
magnetic_norm,7.724,49.047333889315546
magnetic_norm,7.744,48.827181033083505
magnetic_norm,7.764,50.47484380696489
magnetic_norm,7.784,51.02093120842661
magnetic_norm,7.805,53.646168519056424
magnetic_norm,7.825,50.314359437689355
magnetic_norm,7.845,58.122732072851676
magnetic_norm,7.865,49.98900855750692
magnetic_norm,7.885,47.79161912746843
magnetic_norm,7.905,56.74634507723837
magnetic_norm,7.925,48.82333524312432
magnetic_norm,7.945,48.15301173408056
magnetic_norm,7.964,46.5715912407984
magnetic_norm,7.984,50.32532516139365
magnetic_norm,8.004,56.76343361839561
magnetic_norm,8.024,48.305204009247284
magnetic_norm,8.044,49.437703217281495
magnetic_norm,8.064,48.718208383775774
magnetic_norm,8.084,49.21243888108981
magnetic_norm,8.104,50.16299473341883
magnetic_norm,8.124,49.22104007422796
magnetic_norm,8.144,50.00652073886215
magnetic_norm,8.164,49.619621107985225
magnetic_norm,8.184,49.65390142024341
magnetic_norm,8.204,48.638909560338114
magnetic_norm,8.224,48.35866371300493
magnetic_norm,8.244,49.01152806037065
magnetic_norm,8.264,49.78612647866875
magnetic_norm,8.284,50.50052783288509
magnetic_norm,8.305,50.18187699463823
magnetic_norm,8.325,49.39395439137774
magnetic_norm,8.345,48.50929978777271
magnetic_norm,8.365,49.058802734881375
magnetic_norm,8.384,49.898180193770635
magnetic_norm,8.404,48.03045244719754
magnetic_norm,8.424,50.64332307298762
magnetic_norm,8.445,50.33608468042592
magnetic_norm,8.465,50.061656008503704
magnetic_norm,8.485,52.83086571231357
magnetic_norm,8.505,49.707229576277435
magnetic_norm,8.524,50.86264993985035
magnetic_norm,8.544,50.45868230703715
magnetic_norm,8.564,49.88249202601059
magnetic_norm,8.585,56.64485885574715
magnetic_norm,8.605,50.55692233387169
magnetic_norm,8.624,50.257508328607024
magnetic_norm,8.645,51.411860024463316
magnetic_norm,8.664,51.411860024463316
magnetic_norm,8.684,52.46200116632052
magnetic_norm,8.704,51.741126397914925
magnetic_norm,8.725,52.02396305333742
magnetic_norm,8.745,50.68179424857618
magnetic_norm,8.764,52.32837320784972
magnetic_norm,8.785,54.466833599678026
magnetic_norm,8.804,54.466833599678026
magnetic_norm,8.824,53.74000888246577
magnetic_norm,8.844,51.60352639585319
magnetic_norm,8.865,52.83113545337163
magnetic_norm,8.884,50.903418429536735
magnetic_norm,8.904,52.82622100304451
magnetic_norm,8.925,53.31908890426823
magnetic_norm,8.945,53.31908890426823
magnetic_norm,8.964,51.76584018327145
magnetic_norm,8.984,51.92797820858481
magnetic_norm,9.005,50.71052004048326
magnetic_norm,9.025,50.55741685685199
magnetic_norm,9.045,52.862003088714395
magnetic_norm,9.065,54.47446573797228
magnetic_norm,9.084,54.47446573797228
magnetic_norm,9.104,55.644509956519975
magnetic_norm,9.127,56.36962907701283
magnetic_norm,9.144,55.351185278637125
magnetic_norm,9.164,54.26344901105172
magnetic_norm,9.184,55.64176694489497
magnetic_norm,9.205,55.155141509881105
magnetic_norm,9.224,55.155141509881105
magnetic_norm,9.244,54.54637018904192
magnetic_norm,9.264,54.03222320724466
magnetic_norm,9.284,55.64176694489497
magnetic_norm,9.305,54.62194460036191
magnetic_norm,9.324,56.0735576800019
magnetic_norm,9.344,54.81642271523198
magnetic_norm,9.365,56.36727564315368
magnetic_norm,9.384,56.36727564315368
magnetic_norm,9.404,55.97725767130792
magnetic_norm,9.424,55.770855988925874
magnetic_norm,9.444,56.544540355811584
magnetic_norm,9.465,54.161052244844264
magnetic_norm,9.484,53.63411854291073
magnetic_norm,9.505,55.556430086782115
magnetic_norm,9.524,55.556430086782115
magnetic_norm,9.544,54.47571131075312
magnetic_norm,9.564,54.290179604303255
magnetic_norm,9.585,53.65310475545662
magnetic_norm,9.604,57.206524492950244
magnetic_norm,9.625,52.05425869566294
magnetic_norm,9.645,53.93236680806805
magnetic_norm,9.664,53.93236680806805
magnetic_norm,9.684,52.62303311141434
magnetic_norm,9.704,54.57371533497151
magnetic_norm,9.725,52.07147047196295
magnetic_norm,9.745,50.3228238653198
magnetic_norm,9.765,52.700220015788375
magnetic_norm,9.785,51.14792963881827
magnetic_norm,9.804,51.14792963881827
magnetic_norm,9.824,51.79871228070014
magnetic_norm,9.844,51.3856395920836
magnetic_norm,9.866,51.86163764612051
magnetic_norm,9.885,52.25334769450199
magnetic_norm,9.906,50.994754516641386
magnetic_norm,9.925,50.44107627090759
magnetic_norm,9.945,50.44107627090759
magnetic_norm,9.964,52.67921747069716
magnetic_norm,9.984,51.58305999005406
magnetic_norm,10.005,53.4437167169819
magnetic_norm,10.025,49.260006356653115
magnetic_norm,10.045,51.93893907392619
magnetic_norm,10.065,51.84493723685819
magnetic_norm,10.084,51.72175859829207
magnetic_norm,10.104,51.72175859829207
magnetic_norm,10.124,51.39772449808698
magnetic_norm,10.145,50.68896868599721
magnetic_norm,10.165,49.54697917784701
magnetic_norm,10.185,49.43285954314702
magnetic_norm,10.205,50.36450014233737
magnetic_norm,10.234,49.256965927039246
magnetic_norm,10.244,50.095824589181085
magnetic_norm,10.274,48.59081944539524
magnetic_norm,10.285,48.92311929509912
magnetic_norm,10.305,49.05546518271946
magnetic_norm,10.325,47.99221405525068
magnetic_norm,10.345,48.41042951536899
magnetic_norm,10.365,47.87299848949301
magnetic_norm,10.391,48.155018371661
magnetic_norm,10.404,49.643626856828256
magnetic_norm,10.425,49.79685326052244
magnetic_norm,10.446,46.62947448368896
magnetic_norm,10.465,47.703106473137574
magnetic_norm,10.485,46.857270669155504
magnetic_norm,10.505,47.27922831766346
magnetic_norm,10.524,44.71870474798554
magnetic_norm,10.549,47.0959151362409
magnetic_norm,10.565,45.53743138309407
magnetic_norm,10.585,46.60501567536755
magnetic_norm,10.605,46.32929797142414
magnetic_norm,10.625,46.581961216494584
magnetic_norm,10.645,44.393114981379725
magnetic_norm,10.664,46.202914376422186
magnetic_norm,10.685,44.54522543859218
magnetic_norm,10.709,45.1353201666943
magnetic_norm,10.725,44.923155056106694
magnetic_norm,10.745,43.40243098750345
magnetic_norm,10.765,44.31093347146396
magnetic_norm,10.785,43.91190189216935
magnetic_norm,10.806,44.6749434960611
magnetic_norm,10.824,43.26720458774175
magnetic_norm,10.845,44.0527852324629
magnetic_norm,10.865,43.79578101889507
magnetic_norm,10.885,42.979769473773956
magnetic_norm,10.905,43.41707163884392
magnetic_norm,10.925,41.94619778320201
magnetic_norm,10.944,43.9317024820061
magnetic_norm,10.964,44.399784146012514
magnetic_norm,10.984,44.917518158286526
magnetic_norm,11.005,45.49542131819421
magnetic_norm,11.032,43.862309863509246
magnetic_norm,11.046,43.12289292156778
magnetic_norm,11.065,43.48343329719091
magnetic_norm,11.085,44.07279932821377
magnetic_norm,11.105,44.01457959740448
magnetic_norm,11.124,43.83035413272406
magnetic_norm,11.145,44.51438951189693
magnetic_norm,11.165,43.82623308721764
magnetic_norm,11.185,44.4355540319911
magnetic_norm,11.204,42.17489395086845
magnetic_norm,11.224,41.790462775165636
magnetic_norm,11.244,43.45124287995109
magnetic_norm,11.265,43.201456685727045
magnetic_norm,11.285,43.83556721656657
magnetic_norm,11.305,43.808325622677124
magnetic_norm,11.325,43.27593209654766
magnetic_norm,11.349,43.63103129854953
magnetic_norm,11.364,42.79737000579019
magnetic_norm,11.384,41.9297043203488
magnetic_norm,11.412,44.46322857879307
magnetic_norm,11.425,43.059888674380026
magnetic_norm,11.445,43.68734710273674
magnetic_norm,11.465,42.14526671065804
magnetic_norm,11.485,42.11786753838862
magnetic_norm,11.505,41.826689374743246
magnetic_norm,11.525,42.61649418671427
magnetic_norm,11.545,43.86535582689375
magnetic_norm,11.565,42.84783940159655
magnetic_norm,11.585,42.88224636918524
magnetic_norm,11.605,42.5863190552142
magnetic_norm,11.625,44.99335716886444
magnetic_norm,11.645,44.13737848097126
magnetic_norm,11.664,43.31182630818054
magnetic_norm,11.684,44.63409361849986
magnetic_norm,11.705,43.77983670095744
magnetic_norm,11.725,42.82636055400055
magnetic_norm,11.746,40.664949118374764
magnetic_norm,11.765,42.132197118059246
magnetic_norm,11.785,41.476911449534185
magnetic_norm,11.805,41.02878753083011
magnetic_norm,11.833,42.288732918325906
magnetic_norm,11.845,41.69684279594801
magnetic_norm,11.865,43.96434019498075
magnetic_norm,11.884,43.182194472476155
magnetic_norm,11.905,43.04982442255137
magnetic_norm,11.925,43.0251466259849
magnetic_norm,11.944,43.848970682289114
magnetic_norm,11.964,42.44623461736634
magnetic_norm,11.99,43.049374169972076
magnetic_norm,12.004,42.68836720480778
magnetic_norm,12.025,41.359208306554955
magnetic_norm,12.045,41.272813360022475
magnetic_norm,12.065,41.45459211872673
magnetic_norm,12.085,41.286222819483015
magnetic_norm,12.105,42.38470059103001
magnetic_norm,12.125,42.67369835448997
magnetic_norm,12.146,41.454085181695355
magnetic_norm,12.165,43.653555754700555
magnetic_norm,12.185,44.67772891652787
magnetic_norm,12.205,42.68507286789503
magnetic_norm,12.224,40.88574120741851
magnetic_norm,12.244,40.983930333119694
magnetic_norm,12.265,43.30985696680387
magnetic_norm,12.285,43.83521032300975
magnetic_norm,12.305,42.10060520259785
magnetic_norm,12.325,40.808637446562706
magnetic_norm,12.344,41.50238155523438
magnetic_norm,12.364,42.398431021972975
magnetic_norm,12.384,39.95500259751593
magnetic_norm,12.405,40.76311665816906
magnetic_norm,12.425,40.44943023393532
magnetic_norm,12.445,38.90416260313606
magnetic_norm,12.465,42.771021683948106
magnetic_norm,12.484,41.639836926553876
magnetic_norm,12.504,42.25866800311516
magnetic_norm,12.525,39.616460538581684
magnetic_norm,12.545,42.255722866514
magnetic_norm,12.565,39.493344474892226
magnetic_norm,12.585,41.26195565378597
magnetic_norm,12.606,41.56190098299167
magnetic_norm,12.63,43.03250815154166
magnetic_norm,12.644,42.04863179320321
magnetic_norm,12.664,41.553206668733765
magnetic_norm,12.685,41.39956266752706
magnetic_norm,12.705,40.573134776305544
magnetic_norm,12.726,41.53545689754117
magnetic_norm,12.745,40.69633701176322
magnetic_norm,12.765,41.08391564834102
magnetic_norm,12.785,39.97922564499906
magnetic_norm,12.804,41.16973176825422
magnetic_norm,12.825,38.894532874171404
magnetic_norm,12.845,40.20729742674208
magnetic_norm,12.866,41.099144657705466
magnetic_norm,12.885,39.61933856070175
magnetic_norm,12.905,41.023503453508326
magnetic_norm,12.926,40.693401320745494
magnetic_norm,12.945,40.558850757202194
magnetic_norm,12.964,40.10338636480726
magnetic_norm,12.984,42.08438100768513
magnetic_norm,13.005,40.808419601842026
magnetic_norm,13.025,39.703562414001354
magnetic_norm,13.045,38.52631188415274
magnetic_norm,13.064,39.22785484577574
magnetic_norm,13.084,39.70117136574814
magnetic_norm,13.106,38.83952176842559
magnetic_norm,13.127,37.79584737309115
magnetic_norm,13.145,39.99718033671255
magnetic_norm,13.165,36.491127457044264
magnetic_norm,13.185,39.30140033192203
magnetic_norm,13.205,39.29489172531844
magnetic_norm,13.224,39.99471036212171
magnetic_norm,13.244,39.446675834294325
magnetic_norm,13.265,39.583826076284
magnetic_norm,13.285,38.05611275373512
magnetic_norm,13.305,39.940176278415464
magnetic_norm,13.325,39.090778094846115
magnetic_norm,13.345,38.720089593194395
magnetic_norm,13.364,38.92537797555901
magnetic_norm,13.384,38.85617754727045
magnetic_norm,13.405,36.01165139732568
magnetic_norm,13.43,39.17898980560244
magnetic_norm,13.445,36.81499861394811
magnetic_norm,13.465,37.062589586930514
magnetic_norm,13.485,36.980431886506004
magnetic_norm,13.504,38.713233565862204
magnetic_norm,13.524,38.222504190896835
magnetic_norm,13.545,38.01886970313229
magnetic_norm,13.565,37.54973268868914
magnetic_norm,13.586,38.61035219828
magnetic_norm,13.605,40.604085321245705
magnetic_norm,13.624,38.12904444219669
magnetic_norm,13.645,37.93694260008317
magnetic_norm,13.665,38.22030743057287
magnetic_norm,13.686,36.27303201601019
magnetic_norm,13.706,35.93572420203885
magnetic_norm,13.726,35.98811550612931
magnetic_norm,13.745,37.48774334499224
magnetic_norm,13.764,36.75886732143689
magnetic_norm,13.784,36.37450261721803
magnetic_norm,13.805,35.31262446597541
magnetic_norm,13.825,36.08979705834468
magnetic_norm,13.845,37.200085430809175
magnetic_norm,13.865,37.76457453189443
magnetic_norm,13.885,36.62497730408859
magnetic_norm,13.909,36.85585202006596
magnetic_norm,13.925,37.25262627067386
magnetic_norm,13.944,36.72195084252063
magnetic_norm,13.965,36.71961435240708
magnetic_norm,13.985,35.631014723148866
magnetic_norm,14.005,35.67119909044271
magnetic_norm,14.029,36.2038661177919
magnetic_norm,14.045,36.27120501058656
magnetic_norm,14.064,35.63767551924689
magnetic_norm,14.087,33.02028320642481
magnetic_norm,14.105,34.82268758026153
magnetic_norm,14.125,36.608957889224385
magnetic_norm,14.145,34.71275814668147
magnetic_norm,14.165,33.77543966064694
magnetic_norm,14.186,35.93655856983261
magnetic_norm,14.204,35.894577455202075
magnetic_norm,14.228,36.61376917636322
magnetic_norm,14.245,35.67179807337317
magnetic_norm,14.265,36.471610894468434
magnetic_norm,14.287,36.89043837236149
magnetic_norm,14.305,38.431461134401445
magnetic_norm,14.325,36.7727448472372
magnetic_norm,14.344,36.62213629196835
magnetic_norm,14.365,36.8192909413666
magnetic_norm,14.385,39.21294329523098
magnetic_norm,14.405,37.97560902525145
magnetic_norm,14.425,38.02282297268972
magnetic_norm,14.445,35.09055361667866
magnetic_norm,14.465,35.82659899604971
magnetic_norm,14.484,36.39649815744641
magnetic_norm,14.504,39.08243541364842
magnetic_norm,14.525,37.4885920510028
magnetic_norm,14.553,35.865157921651495
magnetic_norm,14.565,38.231620693200526
magnetic_norm,14.585,39.62401008772975
magnetic_norm,14.604,38.394698730749276
magnetic_norm,14.624,37.541667849887155
magnetic_norm,14.644,39.52840652141824
magnetic_norm,14.664,42.69103440269988
magnetic_norm,14.685,39.063468487993994
magnetic_norm,14.705,40.77267466543935
magnetic_norm,14.725,39.243176661172576
magnetic_norm,14.745,37.924761955251626
magnetic_norm,14.765,38.52324002543795
magnetic_norm,14.784,38.648212086492435
magnetic_norm,14.804,40.60930646539047
magnetic_norm,14.825,40.00112889032009
magnetic_norm,14.845,39.32064420148797
magnetic_norm,14.87,38.62162347775532
magnetic_norm,14.885,39.99427742268261
magnetic_norm,14.904,40.32242319727325
magnetic_norm,14.924,38.78439701848543
magnetic_norm,14.944,40.73521142466921
magnetic_norm,14.968,39.175930023580825
magnetic_norm,14.985,40.92453335271524
magnetic_norm,15.005,39.80840523275205
magnetic_norm,15.025,39.56549485963117
magnetic_norm,15.045,40.587726489820795
magnetic_norm,15.064,40.18738317867936
magnetic_norm,15.084,41.98736190480429
magnetic_norm,15.106,40.79664430317771
magnetic_norm,15.126,39.39212394216652
magnetic_norm,15.145,40.95137855875553
magnetic_norm,15.165,40.02461693102142
magnetic_norm,15.184,42.703995826796
magnetic_norm,15.204,39.99284933491237
magnetic_norm,15.224,43.18897157406043
magnetic_norm,15.245,41.44215079963882
magnetic_norm,15.265,41.34458437026554
magnetic_norm,15.285,40.6600226726142
magnetic_norm,15.305,41.52847761626954
magnetic_norm,15.324,42.259047662897
magnetic_norm,15.344,43.521533421026206
magnetic_norm,15.364,44.82481577491425
magnetic_norm,15.385,43.37154254952203
magnetic_norm,15.405,43.413836164292185
magnetic_norm,15.427,42.72756583503798
magnetic_norm,15.445,43.072772661508665
magnetic_norm,15.465,46.037878589537684
magnetic_norm,15.484,44.97105791409325
magnetic_norm,15.504,45.99034732845452
magnetic_norm,15.525,44.357467487166126
magnetic_norm,15.545,45.19355524491306
magnetic_norm,15.565,46.341145561611924
magnetic_norm,15.585,44.584905832860066
magnetic_norm,15.605,46.15029032287338
magnetic_norm,15.624,46.32899093561725
magnetic_norm,15.644,45.40168657539755
magnetic_norm,15.668,44.93715533595223
magnetic_norm,15.684,44.43462727085724
magnetic_norm,15.705,45.37570471312278
magnetic_norm,15.725,44.98500419086352
magnetic_norm,15.744,45.21504124369181
magnetic_norm,15.764,43.905605453205055
magnetic_norm,15.785,44.65605274624035
magnetic_norm,15.805,45.98884248176399
magnetic_norm,15.825,47.5026689217577
magnetic_norm,15.845,46.495713008029036
magnetic_norm,15.865,46.62716734238742
magnetic_norm,15.885,45.27612812771769
magnetic_norm,15.904,46.23285768017172
magnetic_norm,15.924,45.99802059101298
magnetic_norm,15.945,49.053342542073615
magnetic_norm,15.965,47.17244751639986
magnetic_norm,15.986,44.98154699776899
magnetic_norm,16.006,46.08890535855679
magnetic_norm,16.025,47.12534613516917
magnetic_norm,16.045,45.92978123927329
magnetic_norm,16.064,46.2373982363033
magnetic_norm,16.085,46.737468858153676
magnetic_norm,16.105,46.73487477208001
magnetic_norm,16.125,46.94159618078624
magnetic_norm,16.151,46.254046784173426
magnetic_norm,16.165,45.237490501518764
magnetic_norm,16.184,43.96953404247651
magnetic_norm,16.204,45.98838764101216
magnetic_norm,16.225,46.65309066369562
magnetic_norm,16.245,46.281716382930355
magnetic_norm,16.265,47.82698852988242
magnetic_norm,16.285,44.86506903672393
magnetic_norm,16.304,46.19354842291296
magnetic_norm,16.324,46.95920187380744
magnetic_norm,16.344,44.96854369306393
magnetic_norm,16.365,46.774732940044764
magnetic_norm,16.392,44.87970684814019
magnetic_norm,16.405,46.183079242172184
magnetic_norm,16.426,47.23283170237626
magnetic_norm,16.445,47.62789911967307
magnetic_norm,16.468,46.92626530112165
magnetic_norm,16.484,45.729163185679454
magnetic_norm,16.505,47.79554662983262
magnetic_norm,16.525,47.437764939576404
magnetic_norm,16.545,46.76045880669372
magnetic_norm,16.565,48.791395034293714
magnetic_norm,16.585,47.37662664186328
magnetic_norm,16.609,48.12717315924559
magnetic_norm,16.624,48.4015552113256
magnetic_norm,16.644,48.48977124173978
magnetic_norm,16.665,48.12637238004236
magnetic_norm,16.685,48.05607808201788
magnetic_norm,16.705,49.01373732301997
magnetic_norm,16.725,47.97763344674276
magnetic_norm,16.744,50.204749086615315
magnetic_norm,16.764,49.891833393327005
magnetic_norm,16.791,49.85071072304285
magnetic_norm,16.805,47.323925664509375
magnetic_norm,16.825,50.92796084654783
magnetic_norm,16.845,48.700066522926946
magnetic_norm,16.864,46.08282974709784
magnetic_norm,16.884,50.71575892307045
magnetic_norm,16.904,50.96384701485093
magnetic_norm,16.924,47.50972326187561
magnetic_norm,16.949,48.454473235837575
magnetic_norm,16.965,49.175734774632495
magnetic_norm,16.985,47.63752173351643
magnetic_norm,17.005,49.357568524796676
magnetic_norm,17.024,48.05596509096193
magnetic_norm,17.044,48.75433389951105
magnetic_norm,17.064,47.522817303046644
magnetic_norm,17.085,46.9995258542041
magnetic_norm,17.11,47.42960696160681
magnetic_norm,17.125,48.97825092969847
magnetic_norm,17.145,48.25673954503665
magnetic_norm,17.164,48.05479416444836
magnetic_norm,17.184,47.14317167477704
magnetic_norm,17.204,48.66060316468806
magnetic_norm,17.225,49.46553749202578
magnetic_norm,17.245,48.72764676405481
magnetic_norm,17.265,48.44664655499913
magnetic_norm,17.285,46.260373041135324
magnetic_norm,17.305,48.31271147987354
magnetic_norm,17.325,48.62063002535549
magnetic_norm,17.344,47.97333698356572
magnetic_norm,17.365,48.39681194304021
magnetic_norm,17.385,49.892643754741165
magnetic_norm,17.405,51.81437153314714
magnetic_norm,17.425,52.5422709369085
magnetic_norm,17.444,47.675347455262454
magnetic_norm,17.464,47.60286581866689
magnetic_norm,17.484,48.56977141507359
magnetic_norm,17.505,50.13875513948766
magnetic_norm,17.525,51.226450307067985
magnetic_norm,17.545,48.71048358228446
magnetic_norm,17.565,48.444346280887196
magnetic_norm,17.591,50.371354542984065
magnetic_norm,17.604,49.5888591788771
magnetic_norm,17.624,49.36087262371897
magnetic_norm,17.645,48.90116898917146
magnetic_norm,17.665,49.32080711360577
magnetic_norm,17.686,50.586638243215965
magnetic_norm,17.705,50.311791202199906
magnetic_norm,17.725,49.31760786975581
magnetic_norm,17.744,49.79371346088782
magnetic_norm,17.764,51.03749501921361
magnetic_norm,17.785,51.369915640783866
magnetic_norm,17.805,49.506256315692156
magnetic_norm,17.826,51.36902592064843
magnetic_norm,17.845,48.8467624442245
magnetic_norm,17.865,48.84555129653574
magnetic_norm,17.884,50.04766218990662
magnetic_norm,17.905,49.859887473098134
magnetic_norm,17.925,49.30702827931837
magnetic_norm,17.945,49.663037615149456
magnetic_norm,17.965,50.50862319243121
magnetic_norm,17.985,52.20381889083883
magnetic_norm,18.005,50.92602861626852
magnetic_norm,18.024,50.27970476904673
magnetic_norm,18.045,50.46388947182926
magnetic_norm,18.065,49.40928749011929
magnetic_norm,18.085,50.30708086484952
magnetic_norm,18.105,47.47992793961728
magnetic_norm,18.126,48.827424701314165
magnetic_norm,18.145,48.782908782738744
magnetic_norm,18.164,49.142641568499364
magnetic_norm,18.184,49.20595449866823
magnetic_norm,18.207,49.306097493109306
magnetic_norm,18.23,50.94971491659702
magnetic_norm,18.245,49.97678662576765
magnetic_norm,18.265,48.675498418403485
magnetic_norm,18.284,48.7704802476611
magnetic_norm,18.304,48.519123467196
magnetic_norm,18.325,50.888614627439075
magnetic_norm,18.344,47.92475058620545
magnetic_norm,18.365,49.474954786361366
magnetic_norm,18.385,48.50992839666949
magnetic_norm,18.405,47.28341874814576
magnetic_norm,18.425,48.1943970562192
magnetic_norm,18.451,48.394314889767834
magnetic_norm,18.464,48.22768630737432
magnetic_norm,18.484,48.23143323847531
magnetic_norm,18.505,48.08963067153874
magnetic_norm,18.525,49.11564866033034
magnetic_norm,18.547,48.90790771950892
magnetic_norm,18.565,48.872779982317454
magnetic_norm,18.584,50.06568143261924
magnetic_norm,18.604,48.649461612000415
magnetic_norm,18.625,48.83711635452087
magnetic_norm,18.645,49.99179718926397
magnetic_norm,18.665,50.06501083216717
magnetic_norm,18.685,49.328972553662716
magnetic_norm,18.705,49.51168406819501
magnetic_norm,18.725,50.63484286628872
magnetic_norm,18.744,50.414231430358534
magnetic_norm,18.764,48.08885579120697
magnetic_norm,18.785,49.26451817700546
magnetic_norm,18.805,48.92375892811436
magnetic_norm,18.825,50.759230261229376
magnetic_norm,18.845,49.93001102022711
magnetic_norm,18.873,49.90967212808056
magnetic_norm,18.885,50.715758922892995
magnetic_norm,18.904,48.620036597322816
magnetic_norm,18.925,50.88144078561455
magnetic_norm,18.948,51.03062024277684
magnetic_norm,18.965,50.71637785173547
magnetic_norm,18.986,49.76910874642775
magnetic_norm,19.004,49.655115625809394
magnetic_norm,19.03,50.779274891940496
magnetic_norm,19.044,51.39604207402566
magnetic_norm,19.065,53.3661332688977
magnetic_norm,19.086,51.74166377466036
magnetic_norm,19.105,51.960823962361296
magnetic_norm,19.125,51.891575782780095
magnetic_norm,19.148,50.760464780304176
magnetic_norm,19.166,53.70742685506819
magnetic_norm,19.185,55.646935983708936
magnetic_norm,19.205,55.89705193728922
magnetic_norm,19.225,54.27878208576311
magnetic_norm,19.245,52.59057815226983
magnetic_norm,19.265,53.65557346247922
magnetic_norm,19.284,53.51543330257637
magnetic_norm,19.304,55.833138565058334
magnetic_norm,19.324,57.49409823679731
magnetic_norm,19.345,60.106724418425095
magnetic_norm,19.364,55.51037257318461
magnetic_norm,19.385,56.0715042045089
magnetic_norm,19.405,55.80553860153592
magnetic_norm,19.424,54.09707069363838
magnetic_norm,19.445,59.81732841247809
magnetic_norm,19.465,56.818485585909926
magnetic_norm,19.485,59.940589837172446
magnetic_norm,19.505,57.99810240699691
magnetic_norm,19.524,56.84156747216336
magnetic_norm,19.544,56.90696038891032
magnetic_norm,19.565,58.05701966440183
magnetic_norm,19.585,57.428890060230216
magnetic_norm,19.605,54.98518944247624
magnetic_norm,19.625,56.65278912485245
magnetic_norm,19.644,53.79223579214295
magnetic_norm,19.665,58.58361513933532
magnetic_norm,19.685,55.80553860153592
magnetic_norm,19.705,62.45885728991938
magnetic_norm,19.724,58.70144905913741
magnetic_norm,19.744,57.523282563345674
magnetic_norm,19.765,61.675094788536875
magnetic_norm,19.784,56.29487781894552
magnetic_norm,19.804,56.07502175585847
magnetic_norm,19.825,61.76266524880748
magnetic_norm,19.844,56.887623513544305
magnetic_norm,19.864,57.03424549926123
magnetic_norm,19.884,64.04610571416502
magnetic_norm,19.905,59.26738569230137
magnetic_norm,19.925,55.3228655957914
magnetic_norm,19.945,55.380649709961915
magnetic_norm,19.965,54.97841036625199
magnetic_norm,19.984,55.03227842514345
magnetic_norm,20.004,55.11277678429037
magnetic_norm,20.024,51.52109402589405
magnetic_norm,20.044,55.09077381354341
magnetic_norm,20.065,55.28506417028473
magnetic_norm,20.084,54.50167233312666
magnetic_norm,20.105,53.60203025392337
magnetic_norm,20.125,54.61487243359189
magnetic_norm,20.144,53.49964670409052
magnetic_norm,20.164,55.22696313622555
magnetic_norm,20.184,53.17473209904315
magnetic_norm,20.205,53.987322927933754
magnetic_norm,20.225,53.35223130854052
magnetic_norm,20.245,55.67741114738545
magnetic_norm,20.265,54.31655224169708
magnetic_norm,20.284,53.65229863289876
magnetic_norm,20.304,53.39864000304697
magnetic_norm,20.324,51.56723549418276
magnetic_norm,20.345,53.479166856590105
magnetic_norm,20.365,53.900670278253585
magnetic_norm,20.385,52.967807810735394
magnetic_norm,20.405,52.57228696423625
magnetic_norm,20.424,52.956363926278975
magnetic_norm,20.444,54.91358115314021
magnetic_norm,20.464,53.16873942066444
magnetic_norm,20.485,51.543374862221626
magnetic_norm,20.505,52.30096021358023
magnetic_norm,20.525,50.68644483402352
magnetic_norm,20.545,53.29727002360206
magnetic_norm,20.564,49.65942371885472
magnetic_norm,20.584,52.08572219644282
magnetic_norm,20.604,52.29628818508552
magnetic_norm,20.625,51.47137605566573
magnetic_norm,20.644,51.243930414245206
magnetic_norm,20.665,51.67492516322593
magnetic_norm,20.684,53.54031966214823
magnetic_norm,20.704,51.559175129165986
magnetic_norm,20.724,52.048224680999155
magnetic_norm,20.744,53.32988543215006
magnetic_norm,20.765,51.41749871942932
magnetic_norm,20.785,53.877567443765685
magnetic_norm,20.804,53.64751686040561
magnetic_norm,20.825,53.09386950345589
magnetic_norm,20.844,54.14893064099931
magnetic_norm,20.864,50.95665388775301
magnetic_norm,20.884,50.5807309621337
magnetic_norm,20.905,52.452081434391225
magnetic_norm,20.924,52.06062230947692
magnetic_norm,20.948,51.53013790835918
magnetic_norm,20.965,50.05674506023141
magnetic_norm,20.984,52.241751772050144
magnetic_norm,21.004,52.11343583556468
magnetic_norm,21.024,51.30824015509107
magnetic_norm,21.045,53.401099721471105
magnetic_norm,21.065,50.57243670765732
magnetic_norm,21.084,51.64541813619594
magnetic_norm,21.105,50.66942842150975
magnetic_norm,21.124,50.49912417111814
magnetic_norm,21.144,52.215589235758905
magnetic_norm,21.164,51.73426926462772
magnetic_norm,21.185,50.94272020269437
magnetic_norm,21.205,51.33812317006729
magnetic_norm,21.225,53.60899648403246
magnetic_norm,21.245,52.53737364017654
magnetic_norm,21.264,54.00169616197255
magnetic_norm,21.284,52.93031016700167
magnetic_norm,21.304,52.845223941478466
magnetic_norm,21.325,54.36442853615326
magnetic_norm,21.345,52.4546925033881
magnetic_norm,21.365,51.93415240168323
magnetic_norm,21.385,53.56277768555792
magnetic_norm,21.405,51.10575250884205
magnetic_norm,21.424,49.92269492049699
magnetic_norm,21.444,54.89083531025474
magnetic_norm,21.465,54.34250076471002
magnetic_norm,21.485,51.82216149596392
magnetic_norm,21.505,53.13188799652244
magnetic_norm,21.525,54.308290059057754
magnetic_norm,21.545,53.940134815320995
magnetic_norm,21.564,53.348676178514495
magnetic_norm,21.584,51.83583772609693
magnetic_norm,21.605,54.004395127561295
magnetic_norm,21.625,55.24242598507962
magnetic_norm,21.646,52.09048334544901
magnetic_norm,21.665,53.69467392407277
magnetic_norm,21.685,54.20394106119153
magnetic_norm,21.705,53.14858083646966
magnetic_norm,21.725,52.590892302042185
magnetic_norm,21.747,54.309501140478545
magnetic_norm,21.765,52.19151687642831
magnetic_norm,21.785,54.77139151897641
magnetic_norm,21.805,52.382717934478485
magnetic_norm,21.828,53.8868508579273
magnetic_norm,21.844,53.65628243155689
magnetic_norm,21.865,53.58698147520309
magnetic_norm,21.885,55.2833694477824
magnetic_norm,21.906,55.638168265139754
magnetic_norm,21.925,53.418121546426086
magnetic_norm,21.945,55.154185517748786
magnetic_norm,21.966,53.07174799166934
magnetic_norm,21.984,52.29816298267568
magnetic_norm,22.004,55.47126981239943
magnetic_norm,22.025,53.99965169158501
magnetic_norm,22.044,54.61036315457915
magnetic_norm,22.065,54.30141464835423
magnetic_norm,22.085,54.020663401933525
magnetic_norm,22.106,53.184567860658646
magnetic_norm,22.124,53.6046275206373
magnetic_norm,22.145,53.50929260251208
magnetic_norm,22.164,54.07578740584843
magnetic_norm,22.185,54.420157823020915
magnetic_norm,22.205,53.61082746283627
magnetic_norm,22.228,54.0906830697997
magnetic_norm,22.245,54.276266717714805
magnetic_norm,22.264,55.41725145149974
magnetic_norm,22.284,54.31259434741641
magnetic_norm,22.304,54.73444114051503
magnetic_norm,22.325,54.16598513193035
magnetic_norm,22.345,54.66967567010985
magnetic_norm,22.365,57.82090513224867
magnetic_norm,22.385,54.94260962661403
magnetic_norm,22.404,56.02386106024378
magnetic_norm,22.424,55.23347727062826
magnetic_norm,22.444,56.39455488512388
magnetic_norm,22.465,55.3803429404333
magnetic_norm,22.485,55.38757182311529
magnetic_norm,22.505,55.27468182808707
magnetic_norm,22.525,55.1618847732518
magnetic_norm,22.551,55.340052466274365
magnetic_norm,22.564,54.97421640853563
magnetic_norm,22.584,55.50044322390596
magnetic_norm,22.605,53.95650143685193
magnetic_norm,22.626,54.42486062644078
magnetic_norm,22.645,56.18261887742737
magnetic_norm,22.665,55.600417995124005
magnetic_norm,22.685,55.521805420145526
magnetic_norm,22.704,54.48011049651519
magnetic_norm,22.724,55.950802132923144
magnetic_norm,22.745,53.56406689960172
magnetic_norm,22.765,53.86539558341238
magnetic_norm,22.785,56.6198343895494
magnetic_norm,22.806,54.9055581241098
magnetic_norm,22.825,55.81397567993172
magnetic_norm,22.844,54.24904161019805
magnetic_norm,22.864,56.76655939569528
magnetic_norm,22.885,55.448246454126185
magnetic_norm,22.905,55.150364259223174
magnetic_norm,22.925,56.69169787646945
magnetic_norm,22.945,54.57012852651166
magnetic_norm,22.964,54.843654761626865
magnetic_norm,22.984,55.979717034386795
magnetic_norm,23.004,55.61456417589957
magnetic_norm,23.025,56.56070749922158
magnetic_norm,23.045,57.78537968553342
magnetic_norm,23.065,57.14327292993472
magnetic_norm,23.085,55.781729199185385
magnetic_norm,23.105,55.64487416892069
magnetic_norm,23.124,56.01896376709199
magnetic_norm,23.144,56.02846882132783
magnetic_norm,23.165,57.44196372579027
magnetic_norm,23.185,54.682117258981556
magnetic_norm,23.205,57.4076806436887
magnetic_norm,23.225,55.81098053116438
magnetic_norm,23.245,55.47977039399136
magnetic_norm,23.265,55.56514995931579
magnetic_norm,23.285,56.927438257563935
magnetic_norm,23.305,56.859927876767934
magnetic_norm,23.325,58.98511346062253
magnetic_norm,23.345,55.56956894009076
magnetic_norm,23.365,56.12316358135361
magnetic_norm,23.385,54.76364531541435
magnetic_norm,23.404,55.240927210379986
magnetic_norm,23.424,54.93240943002137
magnetic_norm,23.445,56.542419942575016
magnetic_norm,23.465,56.84094102813367
magnetic_norm,23.484,56.685371381159705
magnetic_norm,23.505,56.16117361554154
magnetic_norm,23.525,56.00736075564094
magnetic_norm,23.545,56.604908480294355
magnetic_norm,23.564,54.55577793362042
magnetic_norm,23.585,57.63881443686624
magnetic_norm,23.605,57.03098462353601
magnetic_norm,23.625,57.470049465145394
magnetic_norm,23.645,57.143805053905446
magnetic_norm,23.665,55.65225559141786
magnetic_norm,23.684,55.952349984160634
magnetic_norm,23.704,56.067850682548055
magnetic_norm,23.724,57.47253352145702
magnetic_norm,23.745,57.49894088698504
magnetic_norm,23.765,56.45238940808884
magnetic_norm,23.785,56.48743384678592
magnetic_norm,23.805,54.60377342249344
magnetic_norm,23.824,57.50965213248998
magnetic_norm,23.844,56.65365518168269
magnetic_norm,23.864,58.20120391280583
magnetic_norm,23.885,57.40245360337396
magnetic_norm,23.905,55.49786803465975
magnetic_norm,23.926,57.18933811511548
magnetic_norm,23.945,55.85809453909758
magnetic_norm,23.964,54.39708172319541
magnetic_norm,23.985,56.48404927466253
magnetic_norm,24.004,55.021745044232325
magnetic_norm,24.025,56.20614230314379
magnetic_norm,24.045,54.93262670364945
magnetic_norm,24.065,53.84383995929804
magnetic_norm,24.085,54.077124881968395
magnetic_norm,24.104,54.57861875313446
magnetic_norm,24.125,53.7866786792512
magnetic_norm,24.149,55.08751859519776
magnetic_norm,24.165,54.02996101251374
magnetic_norm,24.19,55.06863095244202
magnetic_norm,24.206,60.04231616029232
magnetic_norm,24.225,60.840295432283234
magnetic_norm,24.244,58.8911878904646
magnetic_norm,24.264,60.94379967437213
magnetic_norm,24.284,59.00620316045173
magnetic_norm,24.305,61.60647110999184
magnetic_norm,24.325,60.76179574216434
magnetic_norm,24.345,56.803158684508915
magnetic_norm,24.364,68.64795308902164
magnetic_norm,24.384,59.819556646488984
magnetic_norm,24.404,61.86275163412148
magnetic_norm,24.424,58.400566774604215
magnetic_norm,24.445,61.49190147135235
magnetic_norm,24.465,70.68782078839678
magnetic_norm,24.485,70.26592565532751
magnetic_norm,24.505,63.778903251094874
magnetic_norm,24.524,64.48376241979464
magnetic_norm,24.545,58.31047769457905
magnetic_norm,24.565,65.88835907992024
magnetic_norm,24.585,64.77787436935932
magnetic_norm,24.605,60.09275992482388
magnetic_norm,24.624,62.764128657055245
magnetic_norm,24.645,58.76713436617447
magnetic_norm,24.665,62.88426122293244
magnetic_norm,24.685,62.85652647468284
magnetic_norm,24.705,62.24533297414758
magnetic_norm,24.724,61.02784537431465
magnetic_norm,24.744,69.60839101801245
magnetic_norm,24.765,63.46662847266664
magnetic_norm,24.785,60.43977794311045
magnetic_norm,24.805,62.55643605431431
magnetic_norm,24.825,60.41149097357234
magnetic_norm,24.844,58.84851691195164
magnetic_norm,24.865,67.93345124668429
magnetic_norm,24.885,59.755832873975685
magnetic_norm,24.905,58.48049254725886
magnetic_norm,24.925,71.05528253163169
magnetic_norm,24.944,64.49882897483492
magnetic_norm,24.964,59.2380721721682
magnetic_norm,24.984,60.61141673892802
magnetic_norm,25.005,58.38258719376451
magnetic_norm,25.025,59.55639999487884
magnetic_norm,25.045,56.15715541540547
magnetic_norm,25.065,58.50233168430127
magnetic_norm,25.084,57.34631062692701
magnetic_norm,25.104,58.51057937470583
magnetic_norm,25.124,58.45152454423246
magnetic_norm,25.145,56.73726803065601
magnetic_norm,25.164,60.988152890438556
magnetic_norm,25.185,57.27080892173611
magnetic_norm,25.205,57.40218762512464
magnetic_norm,25.224,56.38953319004556
magnetic_norm,25.244,58.35415974459326
magnetic_norm,25.264,59.056422308596126
magnetic_norm,25.285,56.334565181689435
magnetic_norm,25.305,57.78090069527737
magnetic_norm,25.325,56.1503689828706
magnetic_norm,25.345,57.49390592413905
magnetic_norm,25.365,61.2058738018256
magnetic_norm,25.384,58.62983537007854
magnetic_norm,25.404,53.96101812419777
magnetic_norm,25.425,57.68391629551088
magnetic_norm,25.444,58.234870956433824
magnetic_norm,25.465,56.421628803589144
magnetic_norm,25.485,56.17233918564818
magnetic_norm,25.505,56.59597379827474
magnetic_norm,25.524,56.79541617522946
magnetic_norm,25.544,56.51762587662366
magnetic_norm,25.564,56.47597134556431
magnetic_norm,25.585,57.06690879480866
magnetic_norm,25.605,57.37311912086967
magnetic_norm,25.625,55.909256141481315
magnetic_norm,25.645,56.8892460885623
magnetic_norm,25.664,56.142669801698176
magnetic_norm,25.684,56.18396499258044
magnetic_norm,25.704,58.1605872175286
magnetic_norm,25.725,55.892621548823456
magnetic_norm,25.745,55.15071466558707
magnetic_norm,25.765,58.13247848793315
magnetic_norm,25.785,58.771994687627505
magnetic_norm,25.804,55.98807141647451
magnetic_norm,25.824,56.87125365408696
magnetic_norm,25.844,55.73413672741334
magnetic_norm,25.865,57.668720983952895
magnetic_norm,25.885,53.42932398638884
magnetic_norm,25.905,56.059713129795945
magnetic_norm,25.925,55.000040127826274
magnetic_norm,25.944,54.50363125804097
magnetic_norm,25.964,56.486570051606115
magnetic_norm,25.984,52.501310244614565
magnetic_norm,26.005,55.219252952887814
magnetic_norm,26.025,55.17712588625398
magnetic_norm,26.045,54.98519040068896
magnetic_norm,26.065,54.42780207853354
magnetic_norm,26.084,54.078686995837415
magnetic_norm,26.104,55.084430257798346
magnetic_norm,26.124,52.80940767005925
magnetic_norm,26.145,51.53169232848373
magnetic_norm,26.164,53.66157356817355
magnetic_norm,26.185,52.69372567161105
magnetic_norm,26.205,52.052729702917645
magnetic_norm,26.224,53.43433395877135
magnetic_norm,26.244,53.72134573519174
magnetic_norm,26.264,53.95656224976258
magnetic_norm,26.285,53.21584994282731
magnetic_norm,26.305,49.91194406752757
magnetic_norm,26.325,51.59219756743754
magnetic_norm,26.345,51.427394761814455
magnetic_norm,26.364,52.50356907511146
magnetic_norm,26.384,50.49841584606893
magnetic_norm,26.404,50.768425568457545
magnetic_norm,26.425,51.22108392900827
magnetic_norm,26.445,52.59998999631572
magnetic_norm,26.465,52.24697172743603
magnetic_norm,26.485,49.87570865812335
magnetic_norm,26.504,50.653776545041666
magnetic_norm,26.524,52.46395180442953
magnetic_norm,26.544,49.859579238221656
magnetic_norm,26.565,50.15351729378014
magnetic_norm,26.585,50.64712838194783
magnetic_norm,26.605,48.96493873643161
magnetic_norm,26.625,51.4547614225351
magnetic_norm,26.644,50.08470964201558
magnetic_norm,26.665,48.38863866575512
magnetic_norm,26.684,49.728750832516404
magnetic_norm,26.705,48.809351651732705
magnetic_norm,26.725,47.276943664697754
magnetic_norm,26.745,51.575525256292856
magnetic_norm,26.766,49.57093284186308
magnetic_norm,26.784,47.45898352459205
magnetic_norm,26.805,48.29418082220156
magnetic_norm,26.825,46.95004041891242
magnetic_norm,26.845,48.18419983874388
magnetic_norm,26.866,46.41986107583705
magnetic_norm,26.886,47.46581088162304
magnetic_norm,26.905,46.94961757352248
magnetic_norm,26.925,48.14061239795366
magnetic_norm,26.945,48.676208056657465
magnetic_norm,26.964,46.83164283593417
magnetic_norm,26.985,47.11884244797944
magnetic_norm,27.005,47.816528257366286
magnetic_norm,27.026,47.68955797137365
magnetic_norm,27.045,47.71001614807947
magnetic_norm,27.065,47.4846305496579
magnetic_norm,27.084,47.262970587064906
magnetic_norm,27.104,48.81065817887524
magnetic_norm,27.125,48.339444961335765
magnetic_norm,27.145,49.37138697873502
magnetic_norm,27.166,45.923145542661864
magnetic_norm,27.186,46.80150990753397
magnetic_norm,27.205,48.13087485876404
magnetic_norm,27.224,46.58433188444383
magnetic_norm,27.245,46.1715037052077
magnetic_norm,27.271,47.83892460139028
magnetic_norm,27.285,48.066332643883996
magnetic_norm,27.306,47.36937672761275
magnetic_norm,27.325,44.155215990441086
magnetic_norm,27.348,47.67206521997458
magnetic_norm,27.364,47.39998145767042
magnetic_norm,27.385,47.992415178351365
magnetic_norm,27.404,45.607053833535446
magnetic_norm,27.426,47.493143008359645
magnetic_norm,27.445,47.14802887052924
magnetic_norm,27.465,45.75589357530897
magnetic_norm,27.488,46.335745684352595
magnetic_norm,27.506,48.017263741153556
magnetic_norm,27.524,47.869653274008186
magnetic_norm,27.544,45.93653165265106
magnetic_norm,27.565,45.72963668216165
magnetic_norm,27.585,47.03432227812474
magnetic_norm,27.605,45.101661333037484
magnetic_norm,27.625,45.60313389078924
magnetic_norm,27.644,48.300599586340624
magnetic_norm,27.672,46.288209723157365
magnetic_norm,27.684,47.04164185352175
magnetic_norm,27.705,46.53900173644688
magnetic_norm,27.726,45.5331425752303
magnetic_norm,27.745,44.566369936449895
magnetic_norm,27.765,44.37732783522471
magnetic_norm,27.785,46.518951346198726
magnetic_norm,27.804,45.52349796739592
magnetic_norm,27.83,45.08557069508229
magnetic_norm,27.845,45.626349085944895
magnetic_norm,27.865,44.734346483909924
magnetic_norm,27.886,44.274530702707764
magnetic_norm,27.905,43.92170836329125
magnetic_norm,27.924,45.84675990765324
magnetic_norm,27.944,45.38486700776487
magnetic_norm,27.973,46.52691185996552
magnetic_norm,27.985,46.397450489358796
magnetic_norm,28.005,45.692138102467915
magnetic_norm,28.025,47.544577597647816
magnetic_norm,28.045,44.08435449085089
magnetic_norm,28.065,42.56748623030851
magnetic_norm,28.084,42.39342186250731
magnetic_norm,28.105,44.846054266150375
magnetic_norm,28.125,41.61974003703057
magnetic_norm,28.145,44.31279089424982
magnetic_norm,28.165,44.04948477990407
magnetic_norm,28.186,43.81911906134695
magnetic_norm,28.205,44.93646406983981
magnetic_norm,28.224,44.26811868850991
magnetic_norm,28.244,43.62073070863215
magnetic_norm,28.265,42.03553463291504
magnetic_norm,28.286,44.29916759940304
magnetic_norm,28.313,43.10880273380948
magnetic_norm,28.325,45.51465192935132
magnetic_norm,28.345,44.66068122787104
magnetic_norm,28.364,44.7261420364255
magnetic_norm,28.385,42.276281803009844
magnetic_norm,28.405,42.700666491007496
magnetic_norm,28.426,43.28504426025808
magnetic_norm,28.445,43.21696710465705
magnetic_norm,28.469,44.39458789354285
magnetic_norm,28.485,42.39716809042208
magnetic_norm,28.505,43.945009607462886
magnetic_norm,28.525,43.219813899703524
magnetic_norm,28.545,42.5796154877836
magnetic_norm,28.565,42.68612686444518
magnetic_norm,28.585,43.224639168389835
magnetic_norm,28.606,41.86878096684932
magnetic_norm,28.625,45.41044457569756
magnetic_norm,28.644,42.92227700448803
magnetic_norm,28.669,43.033261596554645
magnetic_norm,28.685,43.58676694952844
magnetic_norm,28.705,42.80952400970496
magnetic_norm,28.725,44.65573348994519
magnetic_norm,28.745,42.32820916215338
magnetic_norm,28.764,42.77888062438054
magnetic_norm,28.786,42.733106624431194
magnetic_norm,28.804,41.51523645271702
magnetic_norm,28.826,43.67098802766546
magnetic_norm,28.845,41.59139873429367
magnetic_norm,28.865,41.43871560117433
magnetic_norm,28.886,43.3631829902973
magnetic_norm,28.905,44.97704101816837
magnetic_norm,28.924,42.86671977259865
magnetic_norm,28.944,41.60655953512624
magnetic_norm,28.965,42.77014766589544
magnetic_norm,28.985,42.909941725228535
magnetic_norm,29.005,41.92189880480134
magnetic_norm,29.025,41.05947953457283
magnetic_norm,29.045,42.86496731175133
magnetic_norm,29.064,42.035041504380615
magnetic_norm,29.084,43.74925629253605
magnetic_norm,29.106,43.560842418248754
magnetic_norm,29.124,41.260714074498345
magnetic_norm,29.145,42.847500958778255
magnetic_norm,29.165,41.716127591736125
magnetic_norm,29.185,43.66714244443423
magnetic_norm,29.204,43.376802916420665
magnetic_norm,29.243,42.40462931656167
magnetic_norm,29.246,44.13150299785862
magnetic_norm,29.265,41.06135272369872
magnetic_norm,29.285,45.04099573818843
magnetic_norm,29.305,47.41450765087629
magnetic_norm,29.325,43.46171400971791
magnetic_norm,29.344,44.064213536894144
magnetic_norm,29.366,43.697084347814375
magnetic_norm,29.384,46.187493359539495
magnetic_norm,29.405,44.457913218992964
magnetic_norm,29.425,43.001520444340215
magnetic_norm,29.445,44.6872324148633
magnetic_norm,29.465,43.8370431019817
magnetic_norm,29.484,43.214531509088616
magnetic_norm,29.504,42.91167902717462
magnetic_norm,29.524,42.287237611955746
magnetic_norm,29.545,43.989443650153206
magnetic_norm,29.564,44.48399861537292
magnetic_norm,29.585,43.40957526614953
magnetic_norm,29.604,44.04529850406851
magnetic_norm,29.625,43.485725028450425
magnetic_norm,29.645,41.83312146373976
magnetic_norm,29.664,43.95929125807768
magnetic_norm,29.685,44.04677176551934
magnetic_norm,29.704,38.87620958230764
magnetic_norm,29.725,38.087605636545334
magnetic_norm,29.745,42.767508750072174
magnetic_norm,29.764,47.703611316125745
magnetic_norm,29.784,45.433484664397085
magnetic_norm,29.804,48.43247919984851
magnetic_norm,29.825,44.762251950304105
magnetic_norm,29.845,42.11376473359097
magnetic_norm,29.865,39.76910416438245
magnetic_norm,29.885,42.94436130401756
magnetic_norm,29.904,42.041813551213615
magnetic_norm,29.924,44.44597229627506
magnetic_norm,29.944,43.26805349762975
magnetic_norm,29.965,40.255464383801375
magnetic_norm,29.985,41.87943248361909
magnetic_norm,30.004,44.412155168940046
magnetic_norm,30.024,43.72247347696325
magnetic_norm,30.044,43.641280540189236
magnetic_norm,30.064,39.93094576500161
magnetic_norm,30.084,42.82754069740054
magnetic_norm,30.105,43.645501569620556
magnetic_norm,30.124,43.672507416279686
magnetic_norm,30.145,47.73777270334521
magnetic_norm,30.164,48.22857946241524
magnetic_norm,30.184,47.8154026674591
magnetic_norm,30.204,49.63898408315292
magnetic_norm,30.224,43.80637262887672
magnetic_norm,30.245,46.103931941077434
magnetic_norm,30.265,46.16615542212715
magnetic_norm,30.285,47.77971501026878
magnetic_norm,30.304,42.49786557052023
magnetic_norm,30.324,42.419350412105565
magnetic_norm,30.344,43.955395155970336
magnetic_norm,30.364,46.52151976756295
magnetic_norm,30.385,47.118872364425364
magnetic_norm,30.404,44.569327801892015
magnetic_norm,30.424,44.868887339162995
magnetic_norm,30.445,45.21328750696525
magnetic_norm,30.465,42.65097907262798
magnetic_norm,30.484,41.39776263501448
magnetic_norm,30.504,42.893255421656924
magnetic_norm,30.525,42.547782438777
magnetic_norm,30.546,41.26898933869721
magnetic_norm,30.565,42.29282685190244
magnetic_norm,30.585,41.832401786474094
magnetic_norm,30.605,43.118555224955074
magnetic_norm,30.624,42.23336299553354
magnetic_norm,30.645,42.72450488852977
magnetic_norm,30.666,41.89832559303534
magnetic_norm,30.685,43.304875722890664
magnetic_norm,30.705,42.2254330105684
magnetic_norm,30.725,43.421622922571764
magnetic_norm,30.745,42.70957812350177
magnetic_norm,30.764,43.82671331619568
magnetic_norm,30.784,45.685878476696715
magnetic_norm,30.805,44.34931915345488
magnetic_norm,30.825,44.54086351767339
magnetic_norm,30.845,44.88451615938955
magnetic_norm,30.865,45.57366431161204
magnetic_norm,30.885,43.69537094332768
magnetic_norm,30.904,46.01721602808027
magnetic_norm,30.924,44.77991402431466
magnetic_norm,30.945,45.36028340643952
magnetic_norm,30.965,46.49731892674038
magnetic_norm,30.985,45.6441216786182
magnetic_norm,31.005,45.31177542524128
magnetic_norm,31.025,46.03378289202403
magnetic_norm,31.044,44.15652199491604
magnetic_norm,31.064,45.24226409619667
magnetic_norm,31.084,45.90218780529425
magnetic_norm,31.105,45.73637031236739
magnetic_norm,31.126,45.89634387195242
magnetic_norm,31.145,46.000473172294676
magnetic_norm,31.166,47.06891868021835
magnetic_norm,31.191,46.04589442854819
magnetic_norm,31.205,46.120460904705844
magnetic_norm,31.224,47.319759937709996
magnetic_norm,31.245,47.2326472468991
magnetic_norm,31.265,46.207755962608786
magnetic_norm,31.285,45.99280661119738
magnetic_norm,31.305,47.33628157172369
magnetic_norm,31.324,46.61659371122593
magnetic_norm,31.345,46.787748136665066
magnetic_norm,31.364,47.55188646100177
magnetic_norm,31.385,47.166820944785975
magnetic_norm,31.405,46.20224643970253
magnetic_norm,31.425,47.33416671760475
magnetic_norm,31.446,46.101418905902584
magnetic_norm,31.464,47.83669344760363
magnetic_norm,31.485,47.47163664271023
magnetic_norm,31.509,47.00043689105462
magnetic_norm,31.525,47.45595367351182
magnetic_norm,31.545,49.09439536176719
magnetic_norm,31.565,47.30223968653608
magnetic_norm,31.585,46.37264420647158
magnetic_norm,31.605,47.09922976957804
magnetic_norm,31.624,46.617502044967026
magnetic_norm,31.644,48.715973520499475
magnetic_norm,31.667,48.658666847489776
magnetic_norm,31.685,48.35039165249859
magnetic_norm,31.71,48.38263446384975
magnetic_norm,31.725,48.7614692569861
magnetic_norm,31.745,47.6679229515248
magnetic_norm,31.764,46.49370040836186
magnetic_norm,31.784,48.727315683813366
magnetic_norm,31.805,46.67843783174951
magnetic_norm,31.825,45.43646336038937
magnetic_norm,31.846,47.60491226517501
magnetic_norm,31.866,47.3905862269872
magnetic_norm,31.884,47.43651543088936
magnetic_norm,31.905,47.49003505012924
magnetic_norm,31.924,48.49853527169665
magnetic_norm,31.945,48.87656143452099
magnetic_norm,31.965,48.53445584955609
magnetic_norm,31.99,49.31745918447648
magnetic_norm,32.005,49.181308719751506
magnetic_norm,32.024,48.43472583888041
magnetic_norm,32.045,49.44164583539368
magnetic_norm,32.065,49.724923625129925
magnetic_norm,32.086,49.51795484026476
magnetic_norm,32.105,47.99663122787891
magnetic_norm,32.125,50.05518649987735
magnetic_norm,32.147,50.255199876480496
magnetic_norm,32.165,48.988106958220015
magnetic_norm,32.185,49.07629704246249
magnetic_norm,32.204,49.46565214557977
magnetic_norm,32.225,51.50643179108803
magnetic_norm,32.246,49.554155706030436
magnetic_norm,32.265,49.24326591372673
magnetic_norm,32.285,49.20509773628656
magnetic_norm,32.305,49.943610770047506
magnetic_norm,32.325,48.57410394991864
magnetic_norm,32.344,49.81995085718677
magnetic_norm,32.365,49.202697382232
magnetic_norm,32.39,49.31574075320679
magnetic_norm,32.405,48.78296452822956
magnetic_norm,32.426,50.42802423070434
magnetic_norm,32.446,48.79275165662423
magnetic_norm,32.467,50.957916950288535
magnetic_norm,32.485,49.39725131523008
magnetic_norm,32.505,50.78495955533982
magnetic_norm,32.525,50.03765646340768
magnetic_norm,32.545,50.04027613270648
magnetic_norm,32.565,49.766250387687535
magnetic_norm,32.585,50.35087589233181
magnetic_norm,32.604,51.01645501784217
magnetic_norm,32.627,49.80596491008883
magnetic_norm,32.646,51.03879150827351
magnetic_norm,32.665,49.644495469412355
magnetic_norm,32.685,51.3332628510745
magnetic_norm,32.705,51.72598080884987
magnetic_norm,32.725,49.94263604051161
magnetic_norm,32.745,51.01352752248666
magnetic_norm,32.765,49.65300554951344
magnetic_norm,32.784,48.561692523788885
magnetic_norm,32.805,51.82766460407516
magnetic_norm,32.825,50.35144564868524
magnetic_norm,32.845,51.32742600610809
magnetic_norm,32.865,50.29977200408074
magnetic_norm,32.885,50.11621658617604
magnetic_norm,32.905,51.88133606498107
magnetic_norm,32.924,49.484863056039686
magnetic_norm,32.947,49.864937218325075
magnetic_norm,32.965,51.315975264775126
magnetic_norm,32.985,50.94220276818627
magnetic_norm,33.005,51.00133986475265
magnetic_norm,33.024,51.600740258134906
magnetic_norm,33.045,50.83586175870345
magnetic_norm,33.064,52.4205939056876
magnetic_norm,33.088,50.832855562987056
magnetic_norm,33.105,52.2733252791279
magnetic_norm,33.125,51.628210323063726
magnetic_norm,33.145,51.75802680901296
magnetic_norm,33.164,53.15078891629934
magnetic_norm,33.185,51.668237498728374
magnetic_norm,33.205,52.79001678241358
magnetic_norm,33.225,52.45389570398958
magnetic_norm,33.245,52.56256532160035
magnetic_norm,33.271,53.579607098923375
magnetic_norm,33.285,52.055686524384754
magnetic_norm,33.305,52.15543962821616
magnetic_norm,33.332,51.46498278562813
magnetic_norm,33.344,52.654642574871836
magnetic_norm,33.366,51.41358704284804
magnetic_norm,33.385,52.336034500738634
magnetic_norm,33.405,51.615213649659616
magnetic_norm,33.425,51.1523148754043
magnetic_norm,33.444,53.78500204959558
magnetic_norm,33.466,52.23914994163864
magnetic_norm,33.484,50.6566324785067
magnetic_norm,33.505,50.30233910664602
magnetic_norm,33.525,52.314556411194005
magnetic_norm,33.545,49.570060682079195
magnetic_norm,33.566,50.106898518317855
magnetic_norm,33.585,51.04578363158415
magnetic_norm,33.604,50.36672579851215
magnetic_norm,33.624,50.42848419606229
magnetic_norm,33.645,48.53695405693485
magnetic_norm,33.666,50.00572271937983
magnetic_norm,33.685,50.247265459177015
magnetic_norm,33.705,50.080369565828896
magnetic_norm,33.724,50.47726011841867
magnetic_norm,33.745,50.569793858710796
magnetic_norm,33.764,48.70000541414254
magnetic_norm,33.786,50.07325616584175
magnetic_norm,33.805,49.37699916838811
magnetic_norm,33.825,49.43664624736897
magnetic_norm,33.845,48.61933089625986
magnetic_norm,33.865,48.70294102323292
magnetic_norm,33.884,49.039613292469994
magnetic_norm,33.908,49.15342752062169
magnetic_norm,33.925,47.19958042610129
magnetic_norm,33.945,48.16806929803191
magnetic_norm,33.965,47.54515765761538
magnetic_norm,33.985,48.11275853243098
magnetic_norm,34.008,48.57736059922874
magnetic_norm,34.025,46.465430025772974
magnetic_norm,34.045,46.56812524737286
magnetic_norm,34.072,47.819936928557844
magnetic_norm,34.085,46.2406575483903
magnetic_norm,34.105,45.037666674545974
magnetic_norm,34.125,43.74542835742963
magnetic_norm,34.145,44.74220296948397
magnetic_norm,34.165,44.31884871657317
magnetic_norm,34.184,45.24444936832031
magnetic_norm,34.205,43.817151942618416
magnetic_norm,34.229,44.42769670346416
magnetic_norm,34.245,44.59487165723207
magnetic_norm,34.265,44.064691162965204
magnetic_norm,34.285,45.699447942234535
magnetic_norm,34.305,43.19204894633388
magnetic_norm,34.325,45.36069169867784
magnetic_norm,34.345,43.57117965103194
magnetic_norm,34.365,42.96410202753574
magnetic_norm,34.386,44.23348738512486
magnetic_norm,34.406,44.03101124335562
magnetic_norm,34.425,43.47353452695684
magnetic_norm,34.444,40.72511273971505
magnetic_norm,34.465,41.72255881489653
magnetic_norm,34.485,42.9694859027892
magnetic_norm,34.505,41.42167401403521
magnetic_norm,34.525,41.897057139344625
magnetic_norm,34.546,41.127376537411195
magnetic_norm,34.565,40.225438167672635
magnetic_norm,34.584,41.832667071918856
magnetic_norm,34.605,39.29141829872025
magnetic_norm,34.624,40.082089076356795
magnetic_norm,34.645,37.46365426149723
magnetic_norm,34.665,38.37423299314919
magnetic_norm,34.685,38.811660344444284
magnetic_norm,34.709,39.927820502595694
magnetic_norm,34.724,39.228173031317695
magnetic_norm,34.745,38.74275890005124
magnetic_norm,34.764,40.11851588366025
magnetic_norm,34.785,38.776541400697404
magnetic_norm,34.806,39.87741108683902
magnetic_norm,34.825,38.99912559115909
magnetic_norm,34.845,39.11385279381526
magnetic_norm,34.864,39.402749150598616
magnetic_norm,34.885,40.40048130783841
magnetic_norm,34.904,39.47137313135939
magnetic_norm,34.926,38.34650522937196
magnetic_norm,34.946,39.120629381919464
magnetic_norm,34.965,37.96693058346961
magnetic_norm,34.986,39.16257438572572
magnetic_norm,35.005,38.73784512140551
magnetic_norm,35.026,39.7836031737794
magnetic_norm,35.044,40.75437699689452
magnetic_norm,35.065,43.568874120480274
magnetic_norm,35.085,39.81449808565342
magnetic_norm,35.105,40.74656320669881
magnetic_norm,35.125,40.648934729584354
magnetic_norm,35.145,39.276721118399124
magnetic_norm,35.165,39.17874304071022
magnetic_norm,35.186,40.59633784277849
magnetic_norm,35.205,40.03401226067031
magnetic_norm,35.225,40.10666953880626
magnetic_norm,35.245,41.15266299844706
magnetic_norm,35.265,40.37270579410681
magnetic_norm,35.285,40.08896052016691
magnetic_norm,35.305,40.81261728009183
magnetic_norm,35.325,39.844495640928876
magnetic_norm,35.353,39.64495884835172
magnetic_norm,35.365,41.58873463126765
magnetic_norm,35.385,41.87785794127976
magnetic_norm,35.405,42.190920781312656
magnetic_norm,35.427,41.117707305977085
magnetic_norm,35.445,42.54089071484635
magnetic_norm,35.464,41.67689956018808
magnetic_norm,35.485,41.34083157726763
magnetic_norm,35.51,41.17153800609714
magnetic_norm,35.525,42.17296004893124
magnetic_norm,35.546,42.52879319149569
magnetic_norm,35.565,40.85157298838075
magnetic_norm,35.585,41.46314393153877
magnetic_norm,35.605,44.8762290354677
magnetic_norm,35.625,42.63143600774555
magnetic_norm,35.645,42.06291280636963
magnetic_norm,35.669,42.896013623791454
magnetic_norm,35.685,43.74426212259162
magnetic_norm,35.705,43.73488132120635
magnetic_norm,35.725,44.449779392028574
magnetic_norm,35.745,44.01818873034196
magnetic_norm,35.765,45.2656435444008
magnetic_norm,35.785,45.538858442214035
magnetic_norm,35.805,43.63827878021783
magnetic_norm,35.826,45.0230058522307
magnetic_norm,35.845,45.7397708851389
magnetic_norm,35.865,45.031104330312665
magnetic_norm,35.885,43.63570513812356
magnetic_norm,35.906,44.220731919400755
magnetic_norm,35.925,45.10744633206363
magnetic_norm,35.945,45.02565560030757
magnetic_norm,35.966,43.856602713417054
magnetic_norm,35.985,43.2455041971995
magnetic_norm,36.005,44.377764438539494
magnetic_norm,36.025,43.848140833021645
magnetic_norm,36.046,45.15223361418578
magnetic_norm,36.065,45.86859268728995
magnetic_norm,36.085,43.36685745879278
magnetic_norm,36.105,45.0428311937094
magnetic_norm,36.125,44.59560914863145
magnetic_norm,36.15,44.15042955269518
magnetic_norm,36.165,45.264309719413596
magnetic_norm,36.185,44.20914430445923
magnetic_norm,36.205,42.83631910394496
magnetic_norm,36.225,46.24711626353052
magnetic_norm,36.246,47.14575184884106
magnetic_norm,36.266,44.002191504713714
magnetic_norm,36.284,43.55752971258243
magnetic_norm,36.305,44.59182776843768
magnetic_norm,36.325,43.22516942954075
magnetic_norm,36.345,44.99463474690627
magnetic_norm,36.369,45.194843840669485
magnetic_norm,36.385,44.96688238034187
magnetic_norm,36.405,46.54925355209792
magnetic_norm,36.425,45.188147992324886
magnetic_norm,36.445,45.94494201645052
magnetic_norm,36.464,45.103696968125575
magnetic_norm,36.485,44.63439764492179
magnetic_norm,36.505,46.1911187689257
magnetic_norm,36.525,47.203387396192326
magnetic_norm,36.545,43.02017281398354
magnetic_norm,36.564,45.21883123276739
magnetic_norm,36.585,44.84811052508247
magnetic_norm,36.605,45.331194063111866
magnetic_norm,36.634,44.78813286073955
magnetic_norm,36.645,45.051100855042975
magnetic_norm,36.665,46.77998922260996
magnetic_norm,36.685,44.614721455549436
magnetic_norm,36.704,41.37725432408492
magnetic_norm,36.725,44.7411697087537
magnetic_norm,36.744,45.138374980497524
magnetic_norm,36.765,45.96548642220596
magnetic_norm,36.785,44.87092916396433
magnetic_norm,36.805,43.97626227978003
magnetic_norm,36.825,43.72320704621575
magnetic_norm,36.845,43.26240065755723
magnetic_norm,36.865,45.450322870882935
magnetic_norm,36.884,42.22397680643078
magnetic_norm,36.905,43.587931063254196
magnetic_norm,36.925,44.49021660862653
magnetic_norm,36.951,45.21148240444576
magnetic_norm,36.965,44.74133936207659
magnetic_norm,36.984,47.27350178182948
magnetic_norm,37.005,45.202905828193174
magnetic_norm,37.024,44.539270340986725
magnetic_norm,37.045,47.0833090608286
magnetic_norm,37.068,44.451335116169474
magnetic_norm,37.085,45.21627157230022
magnetic_norm,37.105,43.813493416069996
magnetic_norm,37.124,45.01467367759096
magnetic_norm,37.145,44.35454176209026
magnetic_norm,37.165,44.225542774735956
magnetic_norm,37.186,43.28845541206687
magnetic_norm,37.206,44.54762092561735
magnetic_norm,37.225,43.736628764372085
magnetic_norm,37.245,41.9431174060477
magnetic_norm,37.264,43.10326683100719
magnetic_norm,37.284,46.20521447155618
magnetic_norm,37.304,44.678736028781074
magnetic_norm,37.334,42.125813233989916
magnetic_norm,37.345,43.23706530787562
magnetic_norm,37.365,44.880626824332566
magnetic_norm,37.386,44.30140736082777
magnetic_norm,37.405,42.83435288823694
magnetic_norm,37.425,43.239772548300365
magnetic_norm,37.444,45.47090367955096
magnetic_norm,37.465,44.344380645917255
magnetic_norm,37.485,43.19496823083106
magnetic_norm,37.505,43.67628518101959
magnetic_norm,37.526,41.81099355044088
magnetic_norm,37.545,42.97037802501278
magnetic_norm,37.565,41.866449594126095
magnetic_norm,37.592,42.2942528404274
magnetic_norm,37.611,42.606704743062444
magnetic_norm,37.625,43.239650973686764
magnetic_norm,37.645,42.15377731473196
magnetic_norm,37.666,39.723716939002635
magnetic_norm,37.685,39.620239286253806
magnetic_norm,37.705,40.81928423812085
magnetic_norm,37.724,41.08187282594972
magnetic_norm,37.75,41.169898437602455
magnetic_norm,37.765,38.762492844081976
magnetic_norm,37.785,38.777561266955665
magnetic_norm,37.806,39.69821841547176
magnetic_norm,37.825,41.29469333431367
magnetic_norm,37.845,38.0055103475141
magnetic_norm,37.865,38.310508206789684
magnetic_norm,37.885,39.10748446653148
magnetic_norm,37.908,39.14408215474596
magnetic_norm,37.925,39.583921005093785
magnetic_norm,37.945,42.19345374655291
magnetic_norm,37.966,39.38524902041374
magnetic_norm,37.991,39.542545682941316
magnetic_norm,38.005,39.79212140526377
magnetic_norm,38.026,41.49366950963725
magnetic_norm,38.047,41.51138068536156
magnetic_norm,38.067,39.59775609826276
magnetic_norm,38.085,41.12648557204358
magnetic_norm,38.106,43.163070460174644
magnetic_norm,38.124,40.70922308534646
magnetic_norm,38.145,41.830977201710226
magnetic_norm,38.164,41.38779145533138
magnetic_norm,38.185,41.952737190051245
magnetic_norm,38.205,42.427115353126474
magnetic_norm,38.232,41.05038349003271
magnetic_norm,38.246,42.06976708693257
magnetic_norm,38.265,42.4172978665545
magnetic_norm,38.285,41.79627768726839
magnetic_norm,38.305,42.6263755284155
magnetic_norm,38.327,41.36725288658294
magnetic_norm,38.345,41.38057223459463
magnetic_norm,38.366,40.28485826047115
magnetic_norm,38.39,41.53963653933444
magnetic_norm,38.405,41.281687007043566
magnetic_norm,38.426,43.60214069473827
magnetic_norm,38.444,40.947639025437105
magnetic_norm,38.465,39.311439789296706
magnetic_norm,38.485,41.45635868506795
magnetic_norm,38.505,41.331243911597916
magnetic_norm,38.525,38.98088970540566
magnetic_norm,38.545,42.52145639283196
magnetic_norm,38.565,40.84351281491958
magnetic_norm,38.584,42.44042974885505
magnetic_norm,38.605,40.23857249409458
magnetic_norm,38.626,39.12561205465354
magnetic_norm,38.646,40.42418869269369
magnetic_norm,38.665,40.514296200847475
magnetic_norm,38.685,40.786805731817246
magnetic_norm,38.707,38.12801361009057
magnetic_norm,38.724,41.49161059780639
magnetic_norm,38.745,40.627868975064466
magnetic_norm,38.765,39.599083368084486
magnetic_norm,38.785,40.468267271097844
magnetic_norm,38.805,39.636373564883556
magnetic_norm,38.826,40.279973955894135
magnetic_norm,38.844,39.1049534306397
magnetic_norm,38.864,40.34969950050744
magnetic_norm,38.885,40.03352035903789
magnetic_norm,38.905,40.495428229786135
magnetic_norm,38.925,39.695722548531656
magnetic_norm,38.945,39.92483954257049
magnetic_norm,38.966,40.74836489290104
magnetic_norm,38.985,39.98760355244496
magnetic_norm,39.004,41.16846344973905
magnetic_norm,39.026,39.31017878679771
magnetic_norm,39.045,40.90015019517045
magnetic_norm,39.066,37.733558836763606
magnetic_norm,39.086,38.75808431111508
magnetic_norm,39.104,39.94840527862158
magnetic_norm,39.125,41.406634530893825
magnetic_norm,39.144,40.34530552300979
magnetic_norm,39.165,40.32413649493936
magnetic_norm,39.186,40.10607772520281
magnetic_norm,39.205,38.9540625027737
magnetic_norm,39.225,43.052078348089076
magnetic_norm,39.245,38.951171874765265
magnetic_norm,39.265,39.414995169969956
magnetic_norm,39.285,40.184036598287385
magnetic_norm,39.306,39.88148563343653
magnetic_norm,39.325,41.331524646675575
magnetic_norm,39.348,39.14785831665955
magnetic_norm,39.365,38.852040625702664
magnetic_norm,39.385,40.15873779867221
magnetic_norm,39.404,40.048554553972465
magnetic_norm,39.425,40.37910539532797
magnetic_norm,39.446,39.85296365845969
magnetic_norm,39.466,38.605812955904064
magnetic_norm,39.485,36.011358522173374
magnetic_norm,39.505,38.986122840602
magnetic_norm,39.525,41.450879428472376
magnetic_norm,39.545,41.26644429392674
magnetic_norm,39.564,39.276327257172355
magnetic_norm,39.585,41.24822923981107
magnetic_norm,39.605,38.87787519512223
magnetic_norm,39.625,38.30573147578571
magnetic_norm,39.646,38.754984566036796
magnetic_norm,39.672,37.52643292020972
magnetic_norm,39.684,40.64040333593529
magnetic_norm,39.704,38.124226331756674
magnetic_norm,39.725,39.45359122351855
magnetic_norm,39.746,39.548108073743606
magnetic_norm,39.765,38.201722434499004
magnetic_norm,39.785,37.59870603242218
magnetic_norm,39.805,37.586380213383144
magnetic_norm,39.825,38.76866839494883
magnetic_norm,39.845,37.07209299275872
magnetic_norm,39.866,39.405874819086414
magnetic_norm,39.885,37.21529274370955
magnetic_norm,39.906,37.415844692639915
magnetic_norm,39.925,37.590292767365604
magnetic_norm,39.945,37.01695650171694
magnetic_norm,39.964,35.90223254391716
magnetic_norm,39.99,39.0842184466762
magnetic_norm,40.004,41.25090766046851
magnetic_norm,40.025,37.879704095498276
magnetic_norm,40.045,36.83071811511418
magnetic_norm,40.066,36.7216871261214
magnetic_norm,40.084,37.71841552711686
magnetic_norm,40.104,36.01547519318952
magnetic_norm,40.124,36.918554786177644
magnetic_norm,40.144,37.83883331025483
magnetic_norm,40.165,36.9520878601433
magnetic_norm,40.185,36.999377519358404
magnetic_norm,40.205,36.582826085883525
magnetic_norm,40.226,36.19318287227928
magnetic_norm,40.244,37.34742855405187
magnetic_norm,40.264,35.74556278354705
magnetic_norm,40.284,35.81109423052455
magnetic_norm,40.306,34.969396427376445
magnetic_norm,40.324,38.44839018845599
magnetic_norm,40.344,35.47408029146075
magnetic_norm,40.364,35.51942717960847
magnetic_norm,40.384,33.31894524574196
magnetic_norm,40.404,33.14184365422736
magnetic_norm,40.424,37.52515406743855
magnetic_norm,40.444,39.09688233187537
magnetic_norm,40.471,37.485677030600634
magnetic_norm,40.485,37.53461065859083
magnetic_norm,40.505,36.446088717618245
magnetic_norm,40.525,36.420459677185576
magnetic_norm,40.544,37.424370614597514
magnetic_norm,40.564,35.89346051943167
magnetic_norm,40.585,35.150179475893154
magnetic_norm,40.605,35.79801926818025
magnetic_norm,40.625,34.96604071434885
magnetic_norm,40.644,35.55922337787355
magnetic_norm,40.664,36.4097272410411
magnetic_norm,40.684,34.12793268991698
magnetic_norm,40.704,35.01204647939056
magnetic_norm,40.725,34.420553125639934
magnetic_norm,40.745,35.88705426862172
magnetic_norm,40.765,33.46102326775139
magnetic_norm,40.788,37.19518502118925
magnetic_norm,40.805,36.34472343091228
magnetic_norm,40.824,36.59178154398197
magnetic_norm,40.844,36.50940375437539
magnetic_norm,40.865,37.92446027961373
magnetic_norm,40.887,37.66276463912342
magnetic_norm,40.905,35.82156501577473
magnetic_norm,40.925,37.10437874670253
magnetic_norm,40.946,37.77137122709473
magnetic_norm,40.964,35.886790209281756
magnetic_norm,40.984,35.850124359156744
magnetic_norm,41.005,34.50163217878256
magnetic_norm,41.029,35.83054579454526
magnetic_norm,41.045,37.79417582065403
magnetic_norm,41.066,35.930995283814575
magnetic_norm,41.087,36.99354567879714
magnetic_norm,41.106,37.71900735206323
magnetic_norm,41.124,38.93254305338601
magnetic_norm,41.145,37.72505385085632
magnetic_norm,41.165,38.767485564516676
magnetic_norm,41.185,36.95425222910755
magnetic_norm,41.205,39.3335674937133
magnetic_norm,41.225,38.62697962159998
magnetic_norm,41.244,37.57717577293431
magnetic_norm,41.271,39.28665627999543
magnetic_norm,41.286,40.78590159457682
magnetic_norm,41.305,40.77914704977902
magnetic_norm,41.325,39.803671018669874
magnetic_norm,41.345,40.63361690531008
magnetic_norm,41.365,41.047642860157026
magnetic_norm,41.384,41.122721473961334
magnetic_norm,41.404,42.16576940333237
magnetic_norm,41.425,41.590687127198336
magnetic_norm,41.444,41.850160526573895
magnetic_norm,41.465,42.958575072824566
magnetic_norm,41.485,41.237120148296
magnetic_norm,41.505,41.49360282170018
magnetic_norm,41.524,43.81200103096764
magnetic_norm,41.544,42.636267614115816
magnetic_norm,41.565,45.6259480449448
magnetic_norm,41.587,42.598096428860636
magnetic_norm,41.605,46.0435259471948
magnetic_norm,41.626,44.384998368959124
magnetic_norm,41.645,43.949610069516034
magnetic_norm,41.664,44.833579808136044
magnetic_norm,41.684,45.72815948966785
magnetic_norm,41.706,44.625413941357465
magnetic_norm,41.726,44.75056651177726
magnetic_norm,41.745,47.06611695742499
magnetic_norm,41.765,47.33314856551379
magnetic_norm,41.785,48.78578854607661
magnetic_norm,41.804,47.382471492367344
magnetic_norm,41.824,46.53580778551072
magnetic_norm,41.844,46.46321634072489
magnetic_norm,41.865,47.66623215128295
magnetic_norm,41.885,46.21419341352301
magnetic_norm,41.905,46.61254928798682
magnetic_norm,41.928,46.734633587549396
magnetic_norm,41.944,46.61024130810739
magnetic_norm,41.964,47.58902825678425
magnetic_norm,41.984,48.66187431347061
magnetic_norm,42.005,47.971596852330286
magnetic_norm,42.025,46.62248862204269
magnetic_norm,42.045,45.64944215321818
magnetic_norm,42.07,46.72802104519301
magnetic_norm,42.085,47.63333634795603
magnetic_norm,42.104,49.00159403491385
magnetic_norm,42.124,48.16408964415294
magnetic_norm,42.145,47.885624726790404
magnetic_norm,42.169,47.37784466235248
magnetic_norm,42.185,47.40432292233494
magnetic_norm,42.205,49.80421251724099
magnetic_norm,42.225,45.53022875903441
magnetic_norm,42.244,48.754625883602195
magnetic_norm,42.264,48.25369875499193
magnetic_norm,42.285,47.596977302529545
magnetic_norm,42.305,46.24024094673924
magnetic_norm,42.325,48.86292372494722
magnetic_norm,42.345,48.188848451171836
magnetic_norm,42.364,48.723862847556575
magnetic_norm,42.384,47.123445453669966
magnetic_norm,42.404,47.52963995813566
magnetic_norm,42.425,48.44718029681923
magnetic_norm,42.445,47.798266263667976
magnetic_norm,42.465,48.591847624884615
magnetic_norm,42.485,47.02514119476421
magnetic_norm,42.505,47.4936655017014
magnetic_norm,42.525,48.21709936604447
magnetic_norm,42.548,47.5574117362373
magnetic_norm,42.565,48.22478522463839
magnetic_norm,42.585,48.39928565162405
magnetic_norm,42.605,48.8110762365982
magnetic_norm,42.625,46.323141821070394
magnetic_norm,42.645,47.21404164480627
magnetic_norm,42.665,47.619262311458634
magnetic_norm,42.684,45.06330344457118
magnetic_norm,42.707,44.82209658374438
magnetic_norm,42.725,46.14287060275402
magnetic_norm,42.745,47.44109052617256
magnetic_norm,42.765,46.574015293938324
magnetic_norm,42.785,46.22734479274687
magnetic_norm,42.804,41.78100442216535
magnetic_norm,42.824,48.05292126590745
magnetic_norm,42.845,46.81526632253631
magnetic_norm,42.869,46.0003348906288
magnetic_norm,42.885,47.845370386146136
magnetic_norm,42.905,45.69333480894671
magnetic_norm,42.935,44.02935919900505
magnetic_norm,42.946,43.29126508676433
magnetic_norm,42.964,47.087899346859814
magnetic_norm,42.985,50.02554763230993
magnetic_norm,43.005,46.33583212752318
magnetic_norm,43.025,46.006284268429035
magnetic_norm,43.044,46.92519756218403
magnetic_norm,43.065,49.31053685255825
magnetic_norm,43.084,47.08149442748184
magnetic_norm,43.109,45.90686814097108
magnetic_norm,43.125,47.26666810607663
magnetic_norm,43.145,46.282620117734275
magnetic_norm,43.165,45.196707127566285
magnetic_norm,43.189,45.397885814897826
magnetic_norm,43.207,45.71394967963827
magnetic_norm,43.224,45.7879382902856
magnetic_norm,43.245,45.34225581880007
magnetic_norm,43.265,46.1437898797065
magnetic_norm,43.285,46.72067038166837
magnetic_norm,43.306,44.624074937050544
magnetic_norm,43.325,43.82286197993578
magnetic_norm,43.35,46.38113772577708
magnetic_norm,43.364,45.73408718054294
magnetic_norm,43.384,47.49900562906555
magnetic_norm,43.405,46.54477808720866
magnetic_norm,43.425,45.14109178398328
magnetic_norm,43.445,45.46397837972948
magnetic_norm,43.465,46.58131758380982
magnetic_norm,43.485,45.94767012482789
magnetic_norm,43.504,45.1128957882888
magnetic_norm,43.524,45.87239167203408
magnetic_norm,43.544,43.94096227732735
magnetic_norm,43.565,44.521175260346624
magnetic_norm,43.587,45.59135278894727
magnetic_norm,43.607,42.313117239220276
magnetic_norm,43.625,44.00050037556401
magnetic_norm,43.644,44.62900984660931
magnetic_norm,43.665,45.89199148884803
magnetic_norm,43.684,45.013880726171564
magnetic_norm,43.705,47.358960000722185
magnetic_norm,43.725,45.428485309109796
magnetic_norm,43.745,46.652627088889695
magnetic_norm,43.765,44.034150876563984
magnetic_norm,43.784,44.72423986377531
magnetic_norm,43.804,44.2138426112938
magnetic_norm,43.833,45.143323362569404
magnetic_norm,43.845,44.54451738557457
magnetic_norm,43.865,46.44494446820887
magnetic_norm,43.885,44.395791388880546
magnetic_norm,43.906,44.54401752508425
magnetic_norm,43.924,45.10449416078187
magnetic_norm,43.944,47.696671234793826
magnetic_norm,43.964,50.08111621996368
magnetic_norm,43.984,48.73682095136083
magnetic_norm,44.005,46.95911205115041
magnetic_norm,44.025,52.41510435039217
magnetic_norm,44.045,50.59889997976736
magnetic_norm,44.065,48.299156105283046
magnetic_norm,44.084,48.653056712554054
magnetic_norm,44.104,45.048944814779055
magnetic_norm,44.125,43.769231487427334
magnetic_norm,44.145,43.16514887788532
magnetic_norm,44.165,44.212193420904974
magnetic_norm,44.185,42.98367059128385
magnetic_norm,44.211,41.981773858276895
magnetic_norm,44.224,42.599657996426465
magnetic_norm,44.244,43.68528470357615
magnetic_norm,44.265,42.5803448732512
magnetic_norm,44.285,44.4508748112735
magnetic_norm,44.305,42.40796146141076
magnetic_norm,44.325,44.376449360133584
magnetic_norm,44.345,44.93763259794067
magnetic_norm,44.364,45.5338873302073
magnetic_norm,44.384,45.36738705548844
magnetic_norm,44.405,44.12376770437906
magnetic_norm,44.426,43.38019871583116
magnetic_norm,44.445,44.21302576371023
magnetic_norm,44.467,45.13125831229671
magnetic_norm,44.485,43.598700026577724
magnetic_norm,44.504,45.97171349395195
magnetic_norm,44.525,44.612728622081626
magnetic_norm,44.546,46.46909310977577
magnetic_norm,44.565,44.496644039888054
magnetic_norm,44.586,47.11451185305065
magnetic_norm,44.604,40.42251874527989
magnetic_norm,44.627,45.0711564309704
magnetic_norm,44.644,43.53456565089979
magnetic_norm,44.664,46.33917502240949
magnetic_norm,44.686,44.84690147699732
magnetic_norm,44.705,50.203065594269276
magnetic_norm,44.724,49.82253283090144
magnetic_norm,44.745,46.71733233940054
magnetic_norm,44.765,45.46718306219618
magnetic_norm,44.792,47.31600347570049
magnetic_norm,44.807,47.14764472696392
magnetic_norm,44.825,45.520603658810415
magnetic_norm,44.845,46.664142064839346
magnetic_norm,44.865,44.925229178338704
magnetic_norm,44.885,45.3918465049562
magnetic_norm,44.904,47.90623260704189
magnetic_norm,44.924,44.60064198669118
magnetic_norm,44.944,48.64839171031248
magnetic_norm,44.965,46.71800944416417
magnetic_norm,44.985,46.329125305389695
magnetic_norm,45.005,47.43402347940779
magnetic_norm,45.025,45.57601356429173
magnetic_norm,45.045,46.807920753997394
magnetic_norm,45.065,45.336794358528486
magnetic_norm,45.084,45.543491405194224
magnetic_norm,45.106,46.24273559611827
magnetic_norm,45.125,43.148382252539314
magnetic_norm,45.145,46.9727917422682
magnetic_norm,45.166,44.89419378181052
magnetic_norm,45.185,45.91029679713746
magnetic_norm,45.204,46.39188415539403
magnetic_norm,45.225,44.88030174727271
magnetic_norm,45.245,45.03050529829751
magnetic_norm,45.265,46.05642479244893
magnetic_norm,45.285,45.87855275079522
magnetic_norm,45.305,45.00837422497062
magnetic_norm,45.325,44.63636377621394
magnetic_norm,45.344,45.76347649873204
magnetic_norm,45.365,45.369924819477056
magnetic_norm,45.384,45.82712938595981
magnetic_norm,45.405,46.57994278349597
magnetic_norm,45.425,46.65137909938998
magnetic_norm,45.445,44.370114202439346
magnetic_norm,45.465,44.03550242264199
magnetic_norm,45.484,43.54906580872316
magnetic_norm,45.504,46.02413780501498
magnetic_norm,45.524,43.97112911729697
magnetic_norm,45.545,43.657812692575476
magnetic_norm,45.565,45.00904862338248
magnetic_norm,45.585,44.87555023645964
magnetic_norm,45.605,44.94815158661287
magnetic_norm,45.624,47.57124650371278
magnetic_norm,45.644,47.071666722403236
magnetic_norm,45.664,46.66573287756231
magnetic_norm,45.685,45.01368932476264
magnetic_norm,45.705,44.553357670185754
magnetic_norm,45.725,47.32123290041305
magnetic_norm,45.744,46.72911020028099
magnetic_norm,45.764,47.727710501779086
magnetic_norm,45.784,44.81660251585078
magnetic_norm,45.804,44.39307906364347
magnetic_norm,45.825,47.5029956061984
magnetic_norm,45.846,45.88707308777168
magnetic_norm,45.865,44.545998037607255
magnetic_norm,45.885,45.118428939785886
magnetic_norm,45.905,45.40637603304738
magnetic_norm,45.924,43.89554807378676
magnetic_norm,45.944,46.315563992166865
magnetic_norm,45.965,46.16039091079603
magnetic_norm,45.985,45.22385442446281
magnetic_norm,46.005,47.6136131318227
magnetic_norm,46.026,45.95516038039146
magnetic_norm,46.045,46.556844490364725
magnetic_norm,46.065,47.457554322296794
magnetic_norm,46.084,47.39530114170075
magnetic_norm,46.105,46.81436453513761
magnetic_norm,46.125,46.26418663780343
magnetic_norm,46.147,45.50290359616635
magnetic_norm,46.165,46.46889332841379
magnetic_norm,46.184,46.22404658178477
magnetic_norm,46.204,45.35405888175841
magnetic_norm,46.231,46.009097092993514
magnetic_norm,46.245,48.051275106637384
magnetic_norm,46.265,47.395031462696636
magnetic_norm,46.285,46.434258923234744
magnetic_norm,46.305,47.70512199229778
magnetic_norm,46.325,47.64022382308257
magnetic_norm,46.344,47.93729669560539
magnetic_norm,46.364,45.70069376813388
magnetic_norm,46.389,45.78980063466649
magnetic_norm,46.405,48.2105817773702
magnetic_norm,46.425,48.04838504415367
magnetic_norm,46.445,48.11020828680758
magnetic_norm,46.465,46.64665492669334
magnetic_norm,46.484,46.59136675836527
magnetic_norm,46.505,48.05525141802922
magnetic_norm,46.525,47.68404067480282
magnetic_norm,46.545,46.677758805934545
magnetic_norm,46.565,45.92564508856957
magnetic_norm,46.585,46.30867776850793
magnetic_norm,46.605,47.32487428707552
magnetic_norm,46.624,45.184685932293576
magnetic_norm,46.644,47.360536533410524
magnetic_norm,46.667,47.160225133527554
magnetic_norm,46.686,47.18378415753667
magnetic_norm,46.705,47.01271894059628
magnetic_norm,46.725,47.880250951331746
magnetic_norm,46.745,49.50802140757092
magnetic_norm,46.764,46.87727303156884
magnetic_norm,46.784,46.09649654144012
magnetic_norm,46.805,48.243321702024254
magnetic_norm,46.825,49.06826087574334
magnetic_norm,46.845,47.789365734256194
magnetic_norm,46.875,46.45204936948423
magnetic_norm,46.885,46.32888360448052
magnetic_norm,46.904,49.6709017127357
magnetic_norm,46.924,49.392934683135735
magnetic_norm,46.945,48.27453959511163
magnetic_norm,46.966,48.56278595475654
magnetic_norm,46.985,50.759260531700065
magnetic_norm,47.005,49.81992551529961
magnetic_norm,47.029,50.33898135899508
magnetic_norm,47.044,49.600473319162994
magnetic_norm,47.064,50.20185310013466
magnetic_norm,47.085,48.95048180878821
magnetic_norm,47.106,50.641380917746055
magnetic_norm,47.125,52.08257941121004
magnetic_norm,47.145,49.72073931218248
magnetic_norm,47.165,50.307185169168484
magnetic_norm,47.184,51.03339455493836
magnetic_norm,47.204,50.92648538562723
magnetic_norm,47.224,52.79418358410801
magnetic_norm,47.245,51.08764696585175
magnetic_norm,47.265,50.73881067412799
magnetic_norm,47.285,51.60495351376165
magnetic_norm,47.305,51.57651394106143
magnetic_norm,47.324,52.854191128400686
magnetic_norm,47.344,50.877195787811004
magnetic_norm,47.364,50.66170249964465
magnetic_norm,47.385,50.50711532346219
magnetic_norm,47.405,48.03603736102723
magnetic_norm,47.425,51.24664561376189
magnetic_norm,47.445,51.15348281361206
magnetic_norm,47.464,50.00881856912848
magnetic_norm,47.484,49.74310792827237
magnetic_norm,47.513,51.4194555703384
magnetic_norm,47.525,50.74852562907624
magnetic_norm,47.545,52.628658201235766
magnetic_norm,47.566,51.03647814473001
magnetic_norm,47.586,51.035054633114676
magnetic_norm,47.604,51.10991720370911
magnetic_norm,47.624,50.714803397282374
magnetic_norm,47.644,52.51470718677294
magnetic_norm,47.672,51.420848681189135
magnetic_norm,47.685,53.17636854726919
magnetic_norm,47.705,53.008947124518556
magnetic_norm,47.725,53.06667977452998
magnetic_norm,47.745,53.410196039941724
magnetic_norm,47.764,52.155633931652154
magnetic_norm,47.784,51.23560489164257
magnetic_norm,47.805,53.14230886602979
magnetic_norm,47.829,52.11832178262754
magnetic_norm,47.845,53.29705557357273
magnetic_norm,47.865,51.0620359262878
magnetic_norm,47.885,53.115788171926816
magnetic_norm,47.904,54.04218125177789
magnetic_norm,47.924,53.60513242311786
magnetic_norm,47.945,53.023269569536644
magnetic_norm,47.965,51.38008469034963
magnetic_norm,47.987,52.5345104963157
magnetic_norm,48.004,54.300617310441375
magnetic_norm,48.025,53.15494376701945
magnetic_norm,48.045,52.44537560047597
magnetic_norm,48.064,53.622761133403046
magnetic_norm,48.085,54.73508259146965
magnetic_norm,48.105,56.455269700223845
magnetic_norm,48.125,56.486291696559114
magnetic_norm,48.145,55.1805166424256
magnetic_norm,48.165,55.94272636199008
magnetic_norm,48.184,56.30735618993328
magnetic_norm,48.204,55.37699460865959
magnetic_norm,48.225,56.6053960291
magnetic_norm,48.245,56.03713473001631
magnetic_norm,48.265,54.750576312531905
magnetic_norm,48.285,55.10862433050978
magnetic_norm,48.312,56.05717314191379
magnetic_norm,48.324,57.49554181488781
magnetic_norm,48.344,58.56182540187767
magnetic_norm,48.365,55.870803573329
magnetic_norm,48.385,57.06056950685837
magnetic_norm,48.405,58.37471920929267
magnetic_norm,48.425,55.58766675911574
magnetic_norm,48.445,57.69994244115417
magnetic_norm,48.471,56.10727259935873
magnetic_norm,48.485,57.14014125453971
magnetic_norm,48.506,57.98748256440785
magnetic_norm,48.525,57.14905988924931
magnetic_norm,48.546,58.04917029445813
magnetic_norm,48.566,57.38693751891635
magnetic_norm,48.585,56.51049028782186
magnetic_norm,48.604,57.198988600105515
magnetic_norm,48.624,57.45931164246796
magnetic_norm,48.645,57.25466858228681
magnetic_norm,48.665,57.076003380799264
magnetic_norm,48.685,58.83089713390405
magnetic_norm,48.705,57.25438886659702
magnetic_norm,48.725,58.887863874846914
magnetic_norm,48.745,58.16780024051115
magnetic_norm,48.765,58.760699206867855
magnetic_norm,48.785,59.21114368934294
magnetic_norm,48.806,56.459794264702246
magnetic_norm,48.825,60.09028195880568
magnetic_norm,48.846,58.986274714165575
magnetic_norm,48.866,57.91394545465712
magnetic_norm,48.884,57.17219551670209
magnetic_norm,48.905,57.75056860531772
magnetic_norm,48.924,57.48019096572539
magnetic_norm,48.945,58.70147564830678
magnetic_norm,48.965,57.33236324825626
magnetic_norm,48.986,58.96961629754775
magnetic_norm,49.005,58.50972281542189
magnetic_norm,49.024,57.91741877427738
magnetic_norm,49.045,58.25355785636624
magnetic_norm,49.064,58.87846924492008
magnetic_norm,49.085,58.325444561957774
magnetic_norm,49.105,58.06197967028431
magnetic_norm,49.125,59.4681857662566
magnetic_norm,49.145,57.69441050905632
magnetic_norm,49.164,58.86954316616121
magnetic_norm,49.184,61.526986107225824
magnetic_norm,49.204,58.06009481024812
magnetic_norm,49.225,58.99814089560376
magnetic_norm,49.245,59.44041843324085
magnetic_norm,49.271,58.41921405079412
magnetic_norm,49.285,59.615298631831955
magnetic_norm,49.304,59.108821467210085
magnetic_norm,49.324,61.16739138892756
magnetic_norm,49.344,60.88457077478674
magnetic_norm,49.365,59.562960698218426
magnetic_norm,49.385,60.611140514100214
magnetic_norm,49.405,60.07588365454977
magnetic_norm,49.426,62.85815784615789
magnetic_norm,49.444,59.64298667383283
magnetic_norm,49.466,63.42179003623297
magnetic_norm,49.484,60.2013618766221
magnetic_norm,49.505,61.36867314911178
magnetic_norm,49.525,59.100508933627346
magnetic_norm,49.546,60.321201230305526
magnetic_norm,49.565,60.691298510669995
magnetic_norm,49.584,61.5351147846699
magnetic_norm,49.604,60.502079650554194
magnetic_norm,49.625,60.649054209958756
magnetic_norm,49.645,60.12445880778783
magnetic_norm,49.665,59.97549608319238
magnetic_norm,49.685,58.14316219244967
magnetic_norm,49.706,58.13415290493626
magnetic_norm,49.725,59.101914864108956
magnetic_norm,49.752,59.89032603006523
magnetic_norm,49.765,59.31596569864233
magnetic_norm,49.786,59.38210967296888
magnetic_norm,49.805,58.36498184376492
magnetic_norm,49.825,58.73434853728059
magnetic_norm,49.845,57.5510576376534
magnetic_norm,49.872,58.36956127255031
magnetic_norm,49.885,58.973283232112905
magnetic_norm,49.904,57.551887254567944
magnetic_norm,49.925,57.21113274212907
magnetic_norm,49.945,57.853671154074135
magnetic_norm,49.966,57.509248576859356
magnetic_norm,49.986,56.0254460996296
magnetic_norm,50.005,56.73411330209549
magnetic_norm,50.024,56.69122576184079
magnetic_norm,50.044,56.99230211177646
magnetic_norm,50.071,57.225215022531806
magnetic_norm,50.086,57.93709161836659
magnetic_norm,50.105,58.45670309361462
magnetic_norm,50.125,56.137296473478756
magnetic_norm,50.145,57.10844749936315
magnetic_norm,50.165,56.35583793248487
magnetic_norm,50.185,55.492784587457855
magnetic_norm,50.205,57.06054255656896
magnetic_norm,50.228,55.49580368831965
magnetic_norm,50.245,55.10740471740164
magnetic_norm,50.265,56.20990789120289
magnetic_norm,50.285,52.43157719042036
magnetic_norm,50.304,54.80291581168382
magnetic_norm,50.325,56.015967819118366
magnetic_norm,50.346,50.99120673815977
magnetic_norm,50.365,55.662486817761824
magnetic_norm,50.385,56.44918483689557
magnetic_norm,50.405,56.25762245054013
magnetic_norm,50.425,54.89910988971042
magnetic_norm,50.445,55.01410910758492
magnetic_norm,50.465,53.751083201294655
magnetic_norm,50.486,54.38333664540545
magnetic_norm,50.505,54.205487019189384
magnetic_norm,50.525,55.60650229226015
magnetic_norm,50.552,54.25854221889875
magnetic_norm,50.565,55.907568302019754
magnetic_norm,50.588,55.47765386283923
magnetic_norm,50.604,57.45197655614209
magnetic_norm,50.626,55.055196578229605
magnetic_norm,50.645,55.12793918599723
magnetic_norm,50.666,56.757865954200646
magnetic_norm,50.686,54.91950220147211
magnetic_norm,50.706,55.53235038313265
magnetic_norm,50.724,55.682025479390646
magnetic_norm,50.745,55.91381570685374
magnetic_norm,50.764,57.1222823634745
magnetic_norm,50.786,56.13288883266214
magnetic_norm,50.805,55.453456180498875
magnetic_norm,50.827,54.966129485575024
magnetic_norm,50.845,54.62328721044723
magnetic_norm,50.865,55.40602313794507
magnetic_norm,50.885,55.310372299415995
magnetic_norm,50.904,53.94068089670357
magnetic_norm,50.925,57.06974789665282
magnetic_norm,50.946,54.988726176599314
magnetic_norm,50.965,55.02701134204457
magnetic_norm,50.985,55.357957339934515
magnetic_norm,51.004,55.25015790916349
magnetic_norm,51.025,54.65935550388433
magnetic_norm,51.045,54.790808012384716
magnetic_norm,51.066,55.40976511692231
magnetic_norm,51.086,54.70723593799096
magnetic_norm,51.106,54.665439240895196
magnetic_norm,51.126,55.27897295457382
magnetic_norm,51.144,54.14161350500194
magnetic_norm,51.165,53.53505841268886
magnetic_norm,51.184,55.40976511692231
magnetic_norm,51.205,55.83543182771594
magnetic_norm,51.225,57.02376200365958
magnetic_norm,51.245,55.86127267716428
magnetic_norm,51.265,55.28408565559353
magnetic_norm,51.285,53.533654432865895
magnetic_norm,51.305,53.43052065439757
magnetic_norm,51.324,51.454119296102135
magnetic_norm,51.349,55.41152314534869
magnetic_norm,51.365,52.890026764740895
magnetic_norm,51.386,55.59467326383437
magnetic_norm,51.405,53.601870410112596
magnetic_norm,51.424,53.80943278331877
magnetic_norm,51.445,53.368188602270365
magnetic_norm,51.464,51.37044853305749
magnetic_norm,51.485,51.31826708716888
magnetic_norm,51.507,51.01109447844427
magnetic_norm,51.525,52.8402479231504
magnetic_norm,51.546,53.5656916347815
magnetic_norm,51.565,51.27744515391258
magnetic_norm,51.584,51.00587971621507
magnetic_norm,51.604,52.2377355855061
magnetic_norm,51.626,50.78006113992972
magnetic_norm,51.645,52.143160055993924
magnetic_norm,51.665,52.432813873577864
magnetic_norm,51.685,51.706020160301534
magnetic_norm,51.706,51.231296510897515
magnetic_norm,51.724,51.214397373809916
magnetic_norm,51.745,50.32554968365973
magnetic_norm,51.765,48.197827290670006
magnetic_norm,51.785,50.29825461874895
magnetic_norm,51.805,50.56110204317149
magnetic_norm,51.825,49.55509594899155
magnetic_norm,51.845,49.146554193173095
magnetic_norm,51.864,51.7835037426255
magnetic_norm,51.884,49.775740491729586
magnetic_norm,51.905,45.73841101825686
magnetic_norm,51.925,50.60504686231903
magnetic_norm,51.945,49.086391413761554
magnetic_norm,51.965,48.46064132489379
magnetic_norm,51.985,49.886435485259916
magnetic_norm,52.004,48.95827924787084
magnetic_norm,52.024,50.041305204425875
magnetic_norm,52.045,49.87255107371189
magnetic_norm,52.066,48.70905524348121
magnetic_norm,52.085,48.65678985126335
magnetic_norm,52.105,49.827136337792886
magnetic_norm,52.124,51.447287191600296
magnetic_norm,52.145,50.37017336852246
magnetic_norm,52.164,52.375935999989544
magnetic_norm,52.185,48.77934786349146
magnetic_norm,52.205,50.559867883579365
magnetic_norm,52.226,51.2300915946137
magnetic_norm,52.245,49.30977857813812
magnetic_norm,52.264,50.94662076773346
magnetic_norm,52.284,50.85805384228736
magnetic_norm,52.306,47.583331689193
magnetic_norm,52.325,51.491714257247295
magnetic_norm,52.346,50.706041409172926
magnetic_norm,52.365,49.05680365650119
magnetic_norm,52.385,49.695600768780324
magnetic_norm,52.405,49.23056999182533
magnetic_norm,52.424,48.0817602013747
magnetic_norm,52.444,50.099934601379516
magnetic_norm,52.473,48.38814138363345
magnetic_norm,52.485,47.776462867321065
magnetic_norm,52.505,48.891075670693816
magnetic_norm,52.525,49.94143154706325
magnetic_norm,52.545,49.95821300722234
magnetic_norm,52.564,48.62320623156713
magnetic_norm,52.584,48.408453391569516
magnetic_norm,52.604,47.78164284390511
magnetic_norm,52.626,48.87372637036195
magnetic_norm,52.645,48.16537065222534
magnetic_norm,52.665,47.95070466842093
magnetic_norm,52.685,49.16708509282408
magnetic_norm,52.704,48.827126288224854
magnetic_norm,52.724,47.37771801588274
magnetic_norm,52.745,46.91136089744146
magnetic_norm,52.765,48.94880101813025
magnetic_norm,52.786,47.75996746426341
magnetic_norm,52.805,49.15861536872259
magnetic_norm,52.826,50.68049042161096
magnetic_norm,52.844,51.27756500800325
magnetic_norm,52.864,48.65986258577237
magnetic_norm,52.884,49.20346549235633
magnetic_norm,52.905,48.19356226341349
magnetic_norm,52.925,47.229541502247436
magnetic_norm,52.951,47.93014570380002
magnetic_norm,52.965,49.45640981198751
magnetic_norm,52.984,48.79648725177366
magnetic_norm,53.004,48.4557958643237
magnetic_norm,53.024,48.54031194198291
magnetic_norm,53.048,48.527158955063506
magnetic_norm,53.065,49.47596862765806
magnetic_norm,53.085,49.820665895339054
magnetic_norm,53.106,50.28647230877555
magnetic_norm,53.124,50.90175057905684
magnetic_norm,53.144,50.917812922591246
magnetic_norm,53.164,49.192124952526704
magnetic_norm,53.185,49.382164439463864
magnetic_norm,53.204,49.907562234607795
magnetic_norm,53.225,49.933874050087525
magnetic_norm,53.245,50.07803689917376
magnetic_norm,53.275,48.87408453280746
magnetic_norm,53.284,50.822983011994765
magnetic_norm,53.304,50.936808537098244
magnetic_norm,53.325,49.585685790936814
magnetic_norm,53.345,49.896476116054615
magnetic_norm,53.367,48.15971563895502
magnetic_norm,53.385,49.69683522116876
magnetic_norm,53.405,49.99874451548759
magnetic_norm,53.424,50.30716338678821
magnetic_norm,53.444,49.814769788311786
magnetic_norm,53.465,49.45787269864122
magnetic_norm,53.485,51.35993282129076
magnetic_norm,53.505,49.54519097102169
magnetic_norm,53.525,50.04709878536921
magnetic_norm,53.544,52.903420088757144
magnetic_norm,53.564,54.42091769588702
magnetic_norm,53.584,50.672762255229514
magnetic_norm,53.605,49.85990750743531
magnetic_norm,53.625,50.38867757864856
magnetic_norm,53.645,48.38295356127507
magnetic_norm,53.665,49.7041932140665
magnetic_norm,53.685,48.472377981820784
magnetic_norm,53.704,50.59950190985089
magnetic_norm,53.724,50.74134547511526
magnetic_norm,53.75,49.663556518965784
magnetic_norm,53.764,50.845028798152924
magnetic_norm,53.785,50.817863212346445
magnetic_norm,53.805,50.54674995820705
magnetic_norm,53.824,48.83180036178269
magnetic_norm,53.844,50.64609141655217
magnetic_norm,53.865,50.094363411590614
magnetic_norm,53.885,50.37463930213302
magnetic_norm,53.905,50.02498594452576
magnetic_norm,53.924,50.44364116367907
magnetic_norm,53.945,51.09760864592891
magnetic_norm,53.965,51.08364809904926
magnetic_norm,53.988,53.676066390315086
magnetic_norm,54.004,52.23147290707491
magnetic_norm,54.025,52.15597887886392
magnetic_norm,54.045,54.14847889795709
magnetic_norm,54.071,51.94219067266031
magnetic_norm,54.085,51.6761588679926
magnetic_norm,54.105,53.34613591079021
magnetic_norm,54.124,52.41255682765824
magnetic_norm,54.144,53.092690174825385
magnetic_norm,54.165,53.04100288644638
magnetic_norm,54.185,52.517634169510245
magnetic_norm,54.205,54.27537031437469
magnetic_norm,54.226,53.23733257710233
magnetic_norm,54.244,52.702594830212114
magnetic_norm,54.264,51.98019981673319
magnetic_norm,54.284,55.0303836327034
magnetic_norm,54.306,53.855258764117
magnetic_norm,54.325,53.06234017537777
magnetic_norm,54.345,54.92156834796331
magnetic_norm,54.371,54.645407372211984
magnetic_norm,54.387,55.167901629140324
magnetic_norm,54.404,54.740149740958124
magnetic_norm,54.424,52.825525683257524
magnetic_norm,54.444,52.23400763666825
magnetic_norm,54.465,55.198058751191645
magnetic_norm,54.49,53.30415633806149
magnetic_norm,54.505,54.918315357105634
magnetic_norm,54.528,53.38652048902427
magnetic_norm,54.544,56.22110820512613
magnetic_norm,54.564,54.87046667823692
magnetic_norm,54.585,55.15575069553039
magnetic_norm,54.605,55.92087913706744
magnetic_norm,54.625,54.17611336869338
magnetic_norm,54.645,56.748076096243125
magnetic_norm,54.665,55.71824314385282
magnetic_norm,54.684,56.01343975913292
magnetic_norm,54.711,54.74688688889081
magnetic_norm,54.724,54.8208798468932
magnetic_norm,54.745,53.54208258381922
magnetic_norm,54.767,56.09816333657911
magnetic_norm,54.785,52.89087010593137
magnetic_norm,54.805,53.1460403415674
magnetic_norm,54.825,53.320819642049855
magnetic_norm,54.845,52.879691177001035
magnetic_norm,54.864,52.68166050771378
magnetic_norm,54.885,51.83837153981602
magnetic_norm,54.905,51.397407206978876
magnetic_norm,54.925,50.58108330653372
magnetic_norm,54.945,50.912061411197186
magnetic_norm,54.965,50.720401888071684
magnetic_norm,54.984,50.087498971425035
magnetic_norm,55.004,51.049815103852374
magnetic_norm,55.028,51.05316163079423
magnetic_norm,55.045,49.42785631200286
magnetic_norm,55.065,49.38385420028502
magnetic_norm,55.085,51.420463520008305
magnetic_norm,55.105,50.31153319220158
magnetic_norm,55.124,51.19430953533802
magnetic_norm,55.144,51.03782811466907
magnetic_norm,55.166,51.46316226498815
magnetic_norm,55.185,52.21945042761845
magnetic_norm,55.205,53.03505721242319
magnetic_norm,55.225,50.18257747864293
magnetic_norm,55.245,49.91190207906328
magnetic_norm,55.264,49.65717121662801
magnetic_norm,55.284,50.857914523454546
magnetic_norm,55.305,49.64689814102197
magnetic_norm,55.324,51.21077004583614
magnetic_norm,55.345,50.88639143670942
magnetic_norm,55.365,50.218333054025244
magnetic_norm,55.385,52.17557189228986
magnetic_norm,55.404,50.272086179857325
magnetic_norm,55.424,50.31909312390775
magnetic_norm,55.445,50.943011474956144
magnetic_norm,55.465,49.11735901109718
magnetic_norm,55.485,52.302519578768866
magnetic_norm,55.512,50.86557244775197
magnetic_norm,55.524,50.831004471926384
magnetic_norm,55.545,51.59681942377848
magnetic_norm,55.565,50.86477871302512
magnetic_norm,55.585,51.17729355974192
magnetic_norm,55.605,51.29186344575042
magnetic_norm,55.624,50.10842491250852
magnetic_norm,55.645,49.34059160088184
magnetic_norm,55.665,50.25315864811398
magnetic_norm,55.685,49.884744415753005
magnetic_norm,55.704,49.444138106554156
magnetic_norm,55.725,47.39474258778609
magnetic_norm,55.745,46.9862033304725
magnetic_norm,55.765,48.36722254300953
magnetic_norm,55.785,49.871324507802086
magnetic_norm,55.805,48.15111487377529
magnetic_norm,55.825,49.276679342768304
magnetic_norm,55.844,50.21963253225783
magnetic_norm,55.865,48.78239413213043
magnetic_norm,55.885,47.14004386572526
magnetic_norm,55.905,47.48299167451972
magnetic_norm,55.925,46.64798173447598
magnetic_norm,55.944,47.01954724534791
magnetic_norm,55.965,46.205117350110704
magnetic_norm,55.985,48.10515600964725
magnetic_norm,56.006,47.48269615738988
magnetic_norm,56.025,46.861156705874215
magnetic_norm,56.046,45.08983610873408
magnetic_norm,56.065,43.73812621149321
magnetic_norm,56.084,45.87323575335082
magnetic_norm,56.104,45.215709617399575
magnetic_norm,56.124,45.94995280152646
magnetic_norm,56.151,44.604222813036536
magnetic_norm,56.165,45.332167591292276
magnetic_norm,56.185,46.36653815994359
magnetic_norm,56.205,46.09496374591807
magnetic_norm,56.225,47.750115022112816
magnetic_norm,56.244,45.88949688000523
magnetic_norm,56.264,47.15898371360439
magnetic_norm,56.285,46.34282876764756
magnetic_norm,56.305,45.23652451214068
magnetic_norm,56.325,44.97393545363253
magnetic_norm,56.344,47.771447949586054
magnetic_norm,56.365,44.24190108299489
magnetic_norm,56.385,44.83804478328087
magnetic_norm,56.405,46.609279634532015
magnetic_norm,56.424,45.846989080254865
magnetic_norm,56.445,46.064742304717264
magnetic_norm,56.469,46.815526110468994
magnetic_norm,56.485,45.741322048285944
magnetic_norm,56.505,45.96531669517257
magnetic_norm,56.524,45.85910019082909
magnetic_norm,56.544,47.48908753900736
magnetic_norm,56.564,46.749624809323386
magnetic_norm,56.585,46.529436209108574
magnetic_norm,56.605,44.586641461456836
magnetic_norm,56.627,44.664348986915854
magnetic_norm,56.645,45.49897280543817
magnetic_norm,56.664,44.86305477561693
magnetic_norm,56.684,45.29893315507001
magnetic_norm,56.704,45.57600725834272
magnetic_norm,56.725,45.98666288406356
magnetic_norm,56.745,47.337012018741795
magnetic_norm,56.765,44.261257651020316
magnetic_norm,56.784,45.224621711104554
magnetic_norm,56.804,45.2055084032909
magnetic_norm,56.824,45.96162509161861
magnetic_norm,56.844,44.87699775929207
magnetic_norm,56.865,44.278090635917316
magnetic_norm,56.885,43.89815447316678
magnetic_norm,56.905,44.80471116202519
magnetic_norm,56.925,45.20250159200264
magnetic_norm,56.949,42.086956549802984
magnetic_norm,56.964,43.061300781560234
magnetic_norm,56.985,42.500342911646115
magnetic_norm,57.005,41.97579096083246
magnetic_norm,57.024,36.51580192601554
magnetic_norm,57.045,40.68064747327653
magnetic_norm,57.065,41.308706103102544
magnetic_norm,57.085,42.6397029335044
magnetic_norm,57.104,41.2750236699811
magnetic_norm,57.124,39.78500068493155
magnetic_norm,57.145,38.594579778124334
magnetic_norm,57.166,39.83020503226796
magnetic_norm,57.186,40.35135262463335
magnetic_norm,57.207,40.32450975337466
magnetic_norm,57.227,40.08192778724601
magnetic_norm,57.245,42.14287349496358
magnetic_norm,57.264,45.45508173867912
magnetic_norm,57.285,44.53592738593191
magnetic_norm,57.306,41.14012637969781
magnetic_norm,57.326,42.62130579710115
magnetic_norm,57.345,43.218778699773566
magnetic_norm,57.372,43.72122914657708
magnetic_norm,57.385,43.23918512414411
magnetic_norm,57.404,48.29831884224854
magnetic_norm,57.425,45.462701626168304
magnetic_norm,57.445,43.41550055294198
magnetic_norm,57.466,44.64543541925648
magnetic_norm,57.485,44.765696001514414
magnetic_norm,57.505,42.46644861314047
magnetic_norm,57.524,43.681360441554496
magnetic_norm,57.545,40.367519022104936
magnetic_norm,57.565,43.15649414558028
magnetic_norm,57.587,43.10603957973877
magnetic_norm,57.605,44.29749468466027
magnetic_norm,57.625,43.926593920568266
magnetic_norm,57.645,44.0322130232516
magnetic_norm,57.665,43.76132741702428
magnetic_norm,57.685,43.42510354305452
magnetic_norm,57.705,45.21001163238078
magnetic_norm,57.725,43.94022962474142
magnetic_norm,57.751,44.780079239964635
magnetic_norm,57.766,43.45437668348274
magnetic_norm,57.785,43.76175453006889
magnetic_norm,57.805,42.4336205475682
magnetic_norm,57.832,42.4862856229808
magnetic_norm,57.845,44.529959191818264
magnetic_norm,57.865,46.221191951311695
magnetic_norm,57.885,44.656287078781055
magnetic_norm,57.906,43.597665820259245
magnetic_norm,57.926,43.95604092528131
magnetic_norm,57.944,43.23253468931135
magnetic_norm,57.965,44.6107632315342
magnetic_norm,57.984,42.838373565064394
magnetic_norm,58.005,44.89554743067514
magnetic_norm,58.026,44.6607460386076
magnetic_norm,58.046,43.409575305023445
magnetic_norm,58.065,43.90322009118466
magnetic_norm,58.084,44.10048378943823
magnetic_norm,58.105,43.78860778387468
magnetic_norm,58.124,43.43216639700932
magnetic_norm,58.145,42.140626962291506
magnetic_norm,58.165,42.93366039631668
magnetic_norm,58.185,41.410562569590866
magnetic_norm,58.205,41.01007710718809
magnetic_norm,58.231,41.43833151428156
magnetic_norm,58.245,42.881172150650805
magnetic_norm,58.264,42.533763363356464
magnetic_norm,58.286,42.80427475731834
magnetic_norm,58.305,42.4992073815942
magnetic_norm,58.325,43.51815728204728
magnetic_norm,58.346,43.676337093156064
magnetic_norm,58.365,42.55730006782033
magnetic_norm,58.393,43.86866595133708
magnetic_norm,58.404,44.58717354380071
magnetic_norm,58.425,46.11931862611918
magnetic_norm,58.445,46.289274163946494
magnetic_norm,58.466,46.2010908231614
magnetic_norm,58.485,46.068303489085785
magnetic_norm,58.505,47.06363786990978
magnetic_norm,58.526,48.3275884097273
magnetic_norm,58.544,46.504153487887606
magnetic_norm,58.565,47.37329672624129
magnetic_norm,58.585,47.95763325816862
magnetic_norm,58.605,47.950368866151635
magnetic_norm,58.626,47.14568157159255
magnetic_norm,58.644,48.99194737900821
magnetic_norm,58.666,49.099854842453546
magnetic_norm,58.684,47.46638396578682
magnetic_norm,58.705,48.91216957120701
magnetic_norm,58.725,49.57248938083009
magnetic_norm,58.745,50.48110839375971
magnetic_norm,58.766,48.993606312456855
magnetic_norm,58.785,50.35383533989748
magnetic_norm,58.805,51.399499371954136
magnetic_norm,58.824,50.717484965739374
magnetic_norm,58.845,50.31738193830256
magnetic_norm,58.873,51.278825605945876
magnetic_norm,58.887,51.19457882261564
magnetic_norm,58.905,50.330116869152015
magnetic_norm,58.925,50.80533720917034
magnetic_norm,58.944,51.071324206936325
magnetic_norm,58.965,53.500812512755395
magnetic_norm,58.986,51.56174178097079
magnetic_norm,59.005,52.127441489583966
magnetic_norm,59.028,50.7627604801246
magnetic_norm,59.045,53.57140787946029
magnetic_norm,59.065,53.18872850813888
magnetic_norm,59.085,52.69243488312629
magnetic_norm,59.104,52.72514602860298
magnetic_norm,59.125,50.2676453030426
magnetic_norm,59.145,54.08257033520596
magnetic_norm,59.165,50.93829412779752
magnetic_norm,59.188,51.67367847439357
magnetic_norm,59.204,50.60343003480595
magnetic_norm,59.226,50.73843541266325
magnetic_norm,59.245,51.57208888112348
magnetic_norm,59.265,50.20973240655146
magnetic_norm,59.285,51.348720501707774
magnetic_norm,59.306,51.7160016403289
magnetic_norm,59.325,49.9577761150605
magnetic_norm,59.345,51.416439238584005
magnetic_norm,59.365,51.49292806420121
magnetic_norm,59.385,51.66707132751482
magnetic_norm,59.406,50.69035581165815
magnetic_norm,59.425,52.809275305338346
magnetic_norm,59.446,50.65628894199614
magnetic_norm,59.466,51.33137232494866
magnetic_norm,59.485,52.54539161287133
magnetic_norm,59.506,52.140614195174265
magnetic_norm,59.525,52.367380486926216
magnetic_norm,59.545,56.59914765811407
magnetic_norm,59.565,53.47722562619532
magnetic_norm,59.585,54.12928708564343
magnetic_norm,59.606,55.23829005239497
magnetic_norm,59.626,54.11052994161587
magnetic_norm,59.644,56.471483332076595
magnetic_norm,59.668,55.64796134406011
magnetic_norm,59.685,55.03370808070731
magnetic_norm,59.705,55.16406008093049
magnetic_norm,59.725,54.93653369457341
magnetic_norm,59.746,53.95124426565619
magnetic_norm,59.765,54.97668249676406
magnetic_norm,59.784,56.228363479764454
magnetic_norm,59.805,55.234946515317716
magnetic_norm,59.83,56.87167944284756
magnetic_norm,59.845,56.92373074474309
magnetic_norm,59.865,55.71552722681985
magnetic_norm,59.889,55.777660598800665
magnetic_norm,59.905,57.28134864508692
magnetic_norm,59.924,57.255657702863864
magnetic_norm,59.945,56.47061009797493
magnetic_norm,59.964,58.754083728175935
magnetic_norm,59.99,57.2713937523569
magnetic_norm,60.005,56.537601722106224
magnetic_norm,60.025,56.54652537601231
magnetic_norm,60.045,55.12998288023504
magnetic_norm,60.064,56.625315755079974
magnetic_norm,60.084,55.79362935373993
magnetic_norm,60.104,54.325823372384455
magnetic_norm,60.125,54.17529881701165
magnetic_norm,60.145,53.668720915096515
magnetic_norm,60.165,54.73923182599482
magnetic_norm,60.185,53.99944860239324
magnetic_norm,60.204,54.23833822744758
magnetic_norm,60.225,53.54019764625455
magnetic_norm,60.245,52.45829109850043
magnetic_norm,60.265,53.63817132054848
magnetic_norm,60.285,51.699124584948336
magnetic_norm,60.305,49.8881459108274
magnetic_norm,60.325,52.31013771548016
magnetic_norm,60.345,51.28341495722578
magnetic_norm,60.364,50.215613483681594
magnetic_norm,60.384,49.460386813767485
magnetic_norm,60.405,51.03109838581278
magnetic_norm,60.425,50.1795799829722
magnetic_norm,60.445,49.46939827332653
magnetic_norm,60.471,49.20180593789221
magnetic_norm,60.485,50.29079278809405
magnetic_norm,60.504,48.29866650333118
magnetic_norm,60.524,49.71131386880153
magnetic_norm,60.545,50.777865878869996
magnetic_norm,60.565,50.69592826401356
magnetic_norm,60.585,50.06145387446315
magnetic_norm,60.605,50.48178701583869
magnetic_norm,60.63,48.83366415829359
magnetic_norm,60.645,50.85084216596132
magnetic_norm,60.664,52.33330056641761
magnetic_norm,60.684,51.894586127673364
magnetic_norm,60.705,51.34565013757256
magnetic_norm,60.725,52.59809503976832
magnetic_norm,60.745,50.84655026314471
magnetic_norm,60.765,51.651457096339584
magnetic_norm,60.789,50.16637253741303
magnetic_norm,60.804,51.06758441504264
magnetic_norm,60.825,51.42817870122375
magnetic_norm,60.845,50.0012054542188
magnetic_norm,60.865,50.30973425913721
magnetic_norm,60.885,50.574332150929216
magnetic_norm,60.905,50.000035068987714
magnetic_norm,60.924,50.800200310259605
magnetic_norm,60.944,49.31606606497526
magnetic_norm,60.965,51.56286275654218
magnetic_norm,60.985,49.63030451498373
magnetic_norm,61.005,49.768555070194694
magnetic_norm,61.025,49.44924469582431
magnetic_norm,61.044,49.523195600521426
magnetic_norm,61.064,49.706985869317215
magnetic_norm,61.084,47.337012018741795
magnetic_norm,61.112,47.400183329946145
magnetic_norm,61.127,47.6003405056099
magnetic_norm,61.145,47.1631695972875
magnetic_norm,61.165,47.63752795884783
magnetic_norm,61.185,49.65580592941776
magnetic_norm,61.204,45.97242274823585
magnetic_norm,61.224,46.37951554606302
magnetic_norm,61.245,44.831988147833734
magnetic_norm,61.265,44.68155292595592
magnetic_norm,61.285,46.01127918192999
magnetic_norm,61.305,45.85280698865397
magnetic_norm,61.326,45.35593076489566
magnetic_norm,61.344,45.949842729600284
magnetic_norm,61.364,43.87358175947116
magnetic_norm,61.385,44.1415062965119
magnetic_norm,61.405,44.70258355579127
magnetic_norm,61.431,44.28269870764997
magnetic_norm,61.445,44.64125030305492
magnetic_norm,61.465,44.28402690657773
magnetic_norm,61.484,42.225146982204265
magnetic_norm,61.504,42.21964486423956
magnetic_norm,61.526,44.04875332798884
magnetic_norm,61.545,44.68735599487288
magnetic_norm,61.565,42.734725358015496
magnetic_norm,61.587,41.56330858287155
magnetic_norm,61.605,43.26979045762769
magnetic_norm,61.624,41.788673143867584
magnetic_norm,61.645,42.489497045122924
magnetic_norm,61.664,43.092033526076534
magnetic_norm,61.684,44.751856141673095
magnetic_norm,61.705,42.288809870934045
magnetic_norm,61.729,43.550373581204795
magnetic_norm,61.744,41.14938647243117
magnetic_norm,61.764,43.76301243401794
magnetic_norm,61.785,43.15931515183021
magnetic_norm,61.805,43.12603598959973
magnetic_norm,61.826,42.296269523889485
magnetic_norm,61.845,44.15968938375813
magnetic_norm,61.865,44.69411171670168
magnetic_norm,61.886,40.91565428271313
magnetic_norm,61.906,43.440939985859025
magnetic_norm,61.924,41.60997765198575
magnetic_norm,61.944,41.45760407331813
magnetic_norm,61.965,43.324828423347526
magnetic_norm,61.988,41.558871931875196
magnetic_norm,62.005,40.281752634567724
magnetic_norm,62.025,43.59202543943679
magnetic_norm,62.045,43.71013094897166
magnetic_norm,62.065,44.82296711263109
magnetic_norm,62.084,44.79099642637462
magnetic_norm,62.105,44.67169134088174
magnetic_norm,62.125,46.197786967491794
magnetic_norm,62.145,43.67315168370047
magnetic_norm,62.165,43.58612662066347
magnetic_norm,62.185,45.7755087741252
magnetic_norm,62.204,44.22250959169451
magnetic_norm,62.229,42.93396277098121
magnetic_norm,62.247,44.906740596485115
magnetic_norm,62.265,44.0997216844109
magnetic_norm,62.285,44.59360922570643
magnetic_norm,62.305,44.275644093931646
magnetic_norm,62.325,43.09916011037808
magnetic_norm,62.344,45.485421631084186
magnetic_norm,62.364,44.51939420831121
magnetic_norm,62.386,44.62999726641274
magnetic_norm,62.405,46.17931634197826
magnetic_norm,62.425,45.04472144602522
magnetic_norm,62.445,44.493878594083085
magnetic_norm,62.465,44.66281627125638
magnetic_norm,62.484,45.090016829255056
magnetic_norm,62.504,46.626446315905405
magnetic_norm,62.525,45.88466247546677
magnetic_norm,62.551,45.10797485450891
magnetic_norm,62.565,48.180282493723595
magnetic_norm,62.585,46.04890445561653
magnetic_norm,62.605,45.48059983031236
magnetic_norm,62.624,44.82368977457679
magnetic_norm,62.644,44.927248042251655
magnetic_norm,62.665,45.403659676286054
magnetic_norm,62.685,44.95818126931965
magnetic_norm,62.705,43.862671206277454
magnetic_norm,62.726,45.70062913749114
magnetic_norm,62.744,44.12624195631784
magnetic_norm,62.764,45.80393949846195
magnetic_norm,62.785,45.45580622195039
magnetic_norm,62.805,45.48677479463129
magnetic_norm,62.825,47.23446917374006
magnetic_norm,62.845,45.965817505919645
magnetic_norm,62.865,46.534668314615224
magnetic_norm,62.887,47.15357414714182
magnetic_norm,62.904,45.05186228281806
magnetic_norm,62.924,45.11639371849776
magnetic_norm,62.945,47.44137343276967
magnetic_norm,62.965,48.41637240360959
magnetic_norm,62.984,46.09487202024212
magnetic_norm,63.005,47.902217296018776
magnetic_norm,63.024,45.97518872351155
magnetic_norm,63.044,48.91904105892714
magnetic_norm,63.064,47.50433764370906
magnetic_norm,63.085,46.59976920999726
magnetic_norm,63.105,44.851357450193234
magnetic_norm,63.127,44.5212186150604
magnetic_norm,63.145,45.460570265973395
magnetic_norm,63.165,45.5424952947795
magnetic_norm,63.194,46.36329516883481
magnetic_norm,63.205,46.654696140956744
magnetic_norm,63.225,45.371769031124956
magnetic_norm,63.245,47.103196881156684
magnetic_norm,63.265,45.76439297766069
magnetic_norm,63.287,45.902609146716856
magnetic_norm,63.306,46.86845361175793
magnetic_norm,63.324,46.779923578389905
magnetic_norm,63.344,48.63069780992249
magnetic_norm,63.365,46.70638907165178
magnetic_norm,63.386,44.30338363982491
magnetic_norm,63.406,44.27644469339764
magnetic_norm,63.425,45.341074638110975
magnetic_norm,63.445,46.29350702520279
magnetic_norm,63.465,47.25588260769768
magnetic_norm,63.486,45.123221917877274
magnetic_norm,63.505,44.733722259946234
magnetic_norm,63.525,47.541148278622906
magnetic_norm,63.545,46.44182858306458
magnetic_norm,63.565,47.43427302304739
magnetic_norm,63.585,46.98794143846908
magnetic_norm,63.607,46.819040587404224
magnetic_norm,63.625,47.17805162029797
magnetic_norm,63.645,47.04645729109163
magnetic_norm,63.665,46.17895686876771
magnetic_norm,63.685,45.288960424989384
magnetic_norm,63.705,46.05883211312462
magnetic_norm,63.725,46.03983414826793
magnetic_norm,63.744,46.74585723048091
magnetic_norm,63.764,46.83013227748775
magnetic_norm,63.784,46.5377304112346
magnetic_norm,63.804,46.70168836262775
magnetic_norm,63.825,47.312923132189795
magnetic_norm,63.845,46.31461690109299
magnetic_norm,63.865,45.02897397107231
magnetic_norm,63.885,46.003762163327465
magnetic_norm,63.905,44.582683585109635
magnetic_norm,63.926,46.665951352404676
magnetic_norm,63.945,46.69736863129982
magnetic_norm,63.965,47.52010060477049
magnetic_norm,63.986,47.27351181211323
magnetic_norm,64.004,47.777178129311906
magnetic_norm,64.025,49.43037014168264
magnetic_norm,64.044,47.36477669231119
magnetic_norm,64.065,48.10543522643783
magnetic_norm,64.085,48.51796405404921
magnetic_norm,64.106,49.37732037838832
magnetic_norm,64.126,50.95016469772204
magnetic_norm,64.145,48.924815166360105
magnetic_norm,64.164,49.72319590166152
magnetic_norm,64.184,49.31113495411053
magnetic_norm,64.204,49.00027081749146
magnetic_norm,64.225,49.622284720677776
magnetic_norm,64.245,50.37395232297646
magnetic_norm,64.265,49.95402194318302
magnetic_norm,64.285,49.465616609545066
magnetic_norm,64.309,49.290715516337364
magnetic_norm,64.324,49.348027914623955
magnetic_norm,64.344,50.71485527744809
magnetic_norm,64.365,53.411367742972175
magnetic_norm,64.385,52.0650825697992
magnetic_norm,64.405,52.377912732252895
magnetic_norm,64.425,51.58843899848113
magnetic_norm,64.445,53.09341332277013
magnetic_norm,64.467,50.956501315092396
magnetic_norm,64.484,52.1006901495796
magnetic_norm,64.505,54.19092225352416
magnetic_norm,64.525,54.67426165139319
magnetic_norm,64.545,54.559720610309235
magnetic_norm,64.565,52.878939347934164
magnetic_norm,64.585,51.59322154459832
magnetic_norm,64.605,51.13419310781682
magnetic_norm,64.633,52.905872366992504
magnetic_norm,64.647,53.177177998061474
magnetic_norm,64.665,51.786546198675
magnetic_norm,64.685,53.939109625577
magnetic_norm,64.706,49.11457223332502
magnetic_norm,64.725,52.34929277423434
magnetic_norm,64.744,54.50355523575966
magnetic_norm,64.764,50.69375526889395
magnetic_norm,64.792,50.72898888259068
magnetic_norm,64.806,52.19324174138849
magnetic_norm,64.825,52.22571460305738
magnetic_norm,64.845,50.2631757006311
magnetic_norm,64.865,49.80453580435722
magnetic_norm,64.888,51.03443070344774
magnetic_norm,64.904,50.738852511167465
magnetic_norm,64.925,50.78235614179889
magnetic_norm,64.95,51.098649526920155
magnetic_norm,64.965,49.225625892668994
magnetic_norm,64.985,50.53778944957934
magnetic_norm,65.008,50.0229422530303
magnetic_norm,65.025,48.22488832063278
magnetic_norm,65.044,50.091442411354066
magnetic_norm,65.065,51.7986240923686
magnetic_norm,65.085,50.7572844416199
magnetic_norm,65.108,51.381562080915764
magnetic_norm,65.125,47.93320284964284
magnetic_norm,65.145,50.772789331122084
magnetic_norm,65.164,49.4824720156038
magnetic_norm,65.184,48.116367016458184
magnetic_norm,65.205,49.049977266049844
magnetic_norm,65.225,47.97679553023525
magnetic_norm,65.245,50.19059454967634
magnetic_norm,65.267,50.79364073373265
magnetic_norm,65.284,49.446915542958834
magnetic_norm,65.304,49.9748720729979
magnetic_norm,65.324,49.200607312562845
magnetic_norm,65.344,50.035291872337496
magnetic_norm,65.365,48.66021589386457
magnetic_norm,65.385,48.70931733174877
magnetic_norm,65.406,47.87190815590601
magnetic_norm,65.432,48.02795137495466
magnetic_norm,65.445,48.94522329860192
magnetic_norm,65.464,46.8727121857698
magnetic_norm,65.485,47.449558776004544
magnetic_norm,65.506,47.17867161745341
magnetic_norm,65.525,49.17266202563682
magnetic_norm,65.546,47.201859437950155
magnetic_norm,65.566,46.67743011443012
magnetic_norm,65.585,49.48951889491359
magnetic_norm,65.604,48.284385197623685
magnetic_norm,65.624,48.9833629494495
magnetic_norm,65.645,50.872487661431585
magnetic_norm,65.664,49.62968215695123
magnetic_norm,65.685,48.8553274643616
magnetic_norm,65.711,50.865854137992216
magnetic_norm,65.726,49.91500255935088
magnetic_norm,65.744,50.18480046363649
magnetic_norm,65.766,50.097309943124735
magnetic_norm,65.785,50.528635226151756
magnetic_norm,65.805,49.68016512615986
magnetic_norm,65.825,48.85213212568111
magnetic_norm,65.845,50.75277335008405
magnetic_norm,65.867,49.68718676844669
magnetic_norm,65.884,49.24190802202945
magnetic_norm,65.904,49.455956374965695
magnetic_norm,65.925,49.544005212159675
magnetic_norm,65.945,50.85607960662136
magnetic_norm,65.966,47.360711070728236
magnetic_norm,65.985,47.251299492051054
magnetic_norm,66.004,50.13261654216495
magnetic_norm,66.025,50.13620688186584
magnetic_norm,66.044,49.1527951457749
magnetic_norm,66.066,48.738360335366266
magnetic_norm,66.085,47.455001712148324
magnetic_norm,66.108,48.69064175358816
magnetic_norm,66.125,46.44616396504139
magnetic_norm,66.144,48.0268948367735
magnetic_norm,66.165,47.89139386439916
magnetic_norm,66.185,48.73761622275191
magnetic_norm,66.208,46.88482022722013
magnetic_norm,66.227,46.964569424726974
magnetic_norm,66.245,48.95088999190928
magnetic_norm,66.265,49.57614173617185
magnetic_norm,66.285,47.8331352562609
magnetic_norm,66.309,47.256870656418975
magnetic_norm,66.326,48.27391913859911
magnetic_norm,66.345,48.865324457124004
magnetic_norm,66.367,47.99222471205623
magnetic_norm,66.385,47.02025132243562
magnetic_norm,66.405,47.90702156325839
magnetic_norm,66.424,46.2385264484607
magnetic_norm,66.444,49.89472109509688
magnetic_norm,66.468,47.43807002432234
magnetic_norm,66.485,45.89721246527398
magnetic_norm,66.508,46.721001863856735
magnetic_norm,66.525,44.81112708691894
magnetic_norm,66.549,48.31942246291867
magnetic_norm,66.565,48.02924768110052
magnetic_norm,66.584,47.09849594533248
magnetic_norm,66.608,48.16968729294399
magnetic_norm,66.625,47.27782390733
magnetic_norm,66.644,48.16899259915557
magnetic_norm,66.666,47.359657504172276
magnetic_norm,66.685,46.40353829895411
magnetic_norm,66.707,47.08142921112846
magnetic_norm,66.724,46.752026257893355
magnetic_norm,66.744,47.08770863704773
magnetic_norm,66.766,45.34123278016391
magnetic_norm,66.785,45.340825224128956
magnetic_norm,66.805,46.338385999217756
magnetic_norm,66.825,42.18166310332612
magnetic_norm,66.848,45.64058819214548
magnetic_norm,66.868,41.55062280715542
magnetic_norm,66.884,46.29170602818618
magnetic_norm,66.908,46.17945388638762
magnetic_norm,66.925,45.1614646972394
magnetic_norm,66.949,47.97537748478381
magnetic_norm,66.965,45.02957845197427
magnetic_norm,66.984,46.59913795922092
magnetic_norm,67.007,45.89703238658248
magnetic_norm,67.027,45.54019005765686
magnetic_norm,67.048,47.42569743597615
magnetic_norm,67.065,44.27038059385766
magnetic_norm,67.085,45.58064116870233
magnetic_norm,67.107,46.38282415843715
magnetic_norm,67.124,46.76372967749686
magnetic_norm,67.145,48.699707054175434
magnetic_norm,67.164,44.49230577259965
magnetic_norm,67.188,44.079132994124905
magnetic_norm,67.205,44.70012583921884
magnetic_norm,67.227,43.33421305922728
magnetic_norm,67.251,43.083222863430365
magnetic_norm,67.265,43.42311363204221
magnetic_norm,67.284,45.94534371810706
magnetic_norm,67.306,48.70780866816942
magnetic_norm,67.324,44.03411053842237
magnetic_norm,67.348,47.276427501055
magnetic_norm,67.365,45.51203196642084
magnetic_norm,67.384,46.2228611262544
magnetic_norm,67.408,46.07004521777143
magnetic_norm,67.424,49.00890443544422
magnetic_norm,67.446,48.76498016329188
magnetic_norm,67.464,47.69669237903195
magnetic_norm,67.485,45.38230543215619
magnetic_norm,67.505,45.51203196642084
magnetic_norm,67.525,44.642245064512714
magnetic_norm,67.544,46.36796527730649
magnetic_norm,67.564,45.9960320686198
magnetic_norm,67.585,44.95020291686124
magnetic_norm,67.605,43.98699648049409
magnetic_norm,67.625,46.86244812387104
magnetic_norm,67.651,44.91528745176858
magnetic_norm,67.665,44.77973436025498
magnetic_norm,67.684,42.81062724006155
magnetic_norm,67.708,47.69669237903195
magnetic_norm,67.724,45.8973553645796
magnetic_norm,67.748,48.45187620631941
magnetic_norm,67.765,47.09361493822707
magnetic_norm,67.785,46.738457975205066
magnetic_norm,67.806,48.0268948367735
magnetic_norm,67.827,46.769370986790065
magnetic_norm,67.848,48.61694221475164
magnetic_norm,67.864,45.87631565628392
magnetic_norm,67.884,47.54283564954873
magnetic_norm,67.906,47.63866191839355
magnetic_norm,67.925,47.96777999084394
magnetic_norm,67.946,49.70117755736536
magnetic_norm,67.964,48.07419298991148
magnetic_norm,67.984,49.40768906109154
magnetic_norm,68.006,49.34357742285844
magnetic_norm,68.024,44.95349941189229
magnetic_norm,68.045,48.44223525241171
magnetic_norm,68.066,44.75845199987382
magnetic_norm,68.087,47.36271622120088
magnetic_norm,68.105,47.011529919544735
magnetic_norm,68.124,45.82933056828891
magnetic_norm,68.144,49.33019169446334
magnetic_norm,68.164,46.696137299834604
magnetic_norm,68.188,46.65179838559286
magnetic_norm,68.205,44.5023012263131
magnetic_norm,68.225,47.210296858842185
magnetic_norm,68.247,47.4313304297513
magnetic_norm,68.264,47.82707234401876
magnetic_norm,68.285,51.17909271616682
magnetic_norm,68.308,47.66466474891293
magnetic_norm,68.325,47.79560730992964
magnetic_norm,68.346,47.66668742384459
magnetic_norm,68.365,47.74647751248257
magnetic_norm,68.389,47.66557677323336
magnetic_norm,68.406,48.407658359757555
magnetic_norm,68.424,46.08193600050897
magnetic_norm,68.446,46.98332964932886
magnetic_norm,68.466,46.16107688150812
magnetic_norm,68.488,48.97672913841846
magnetic_norm,68.506,47.46502663132623
magnetic_norm,68.525,44.0377994612441
magnetic_norm,68.545,46.86669286568568
magnetic_norm,68.565,45.776973758921685
magnetic_norm,68.585,48.7625095767487
magnetic_norm,68.607,47.76538397008871
magnetic_norm,68.625,47.19175893657312
magnetic_norm,68.645,56.28955728685392
magnetic_norm,68.665,45.7410022725782
magnetic_norm,68.689,50.0571216230768
magnetic_norm,68.705,48.88640293177146
magnetic_norm,68.724,48.15816139126896
magnetic_norm,68.746,49.82397530933275
magnetic_norm,68.765,46.657705700277965
magnetic_norm,68.785,48.05891399951214
magnetic_norm,68.805,43.19222969180921
magnetic_norm,68.825,46.98322661293851
magnetic_norm,68.844,47.73246888060064
magnetic_norm,68.864,45.923684146908336
magnetic_norm,68.886,46.44027003716715
magnetic_norm,68.905,47.38724858150133
magnetic_norm,68.927,47.46625051720961
magnetic_norm,68.945,48.9543829007424
magnetic_norm,68.965,48.501242724465364
magnetic_norm,68.985,49.60494151852475
magnetic_norm,69.004,48.98328195976673
magnetic_norm,69.024,49.238792347853135
magnetic_norm,69.045,49.64243069597823
magnetic_norm,69.065,47.542450669165135
magnetic_norm,69.085,48.3586097082257
magnetic_norm,69.111,47.153124816124425
magnetic_norm,69.124,47.87334106694982
magnetic_norm,69.144,48.354250637224226
magnetic_norm,69.164,49.4019003595763
magnetic_norm,69.186,47.726352537801375
magnetic_norm,69.205,48.13637833839916
magnetic_norm,69.225,46.684943736846265
magnetic_norm,69.245,46.94984275133411
magnetic_norm,69.268,45.9471915797092
magnetic_norm,69.284,45.48770867635564
magnetic_norm,69.304,46.17123769783533
magnetic_norm,69.325,46.60505337661899
magnetic_norm,69.345,45.67588210190912
magnetic_norm,69.365,46.941094667812216
magnetic_norm,69.385,46.141727149891125
magnetic_norm,69.404,44.68391356643352
magnetic_norm,69.428,44.62337313210982
magnetic_norm,69.444,45.722364917920736
magnetic_norm,69.465,44.498617418550225
magnetic_norm,69.485,44.90296569409419
magnetic_norm,69.505,46.08023829528233
magnetic_norm,69.525,45.90789648619833
magnetic_norm,69.544,42.22709015075513
magnetic_norm,69.564,42.01582437695362
magnetic_norm,69.584,41.95577231189412
magnetic_norm,69.605,44.76622557701849
magnetic_norm,69.625,44.31493643372411
magnetic_norm,69.646,43.42704190536128
magnetic_norm,69.665,42.53740581079797
magnetic_norm,69.686,42.41351577165587
magnetic_norm,69.704,43.979658827974106
magnetic_norm,69.724,42.73254166542753
magnetic_norm,69.752,42.971719647490275
magnetic_norm,69.765,42.495338403082634
magnetic_norm,69.785,42.127393316048035
magnetic_norm,69.805,44.73779050702006
magnetic_norm,69.825,43.85808768573939
magnetic_norm,69.844,42.576275702848896
magnetic_norm,69.864,41.91033996640926
magnetic_norm,69.886,41.01589418505954
magnetic_norm,69.905,42.952378066004826
magnetic_norm,69.925,42.07856554990326
magnetic_norm,69.945,41.49774797142624
magnetic_norm,69.965,41.907524262953196
magnetic_norm,69.985,39.458884129401085
magnetic_norm,70.005,40.07685502350465
magnetic_norm,70.025,40.523561203946535
magnetic_norm,70.045,39.449245819787365
magnetic_norm,70.068,41.001277463940085
magnetic_norm,70.084,39.93516459791426
magnetic_norm,70.109,40.48566364174491
magnetic_norm,70.127,40.15997453544387
magnetic_norm,70.144,41.8854898241921
magnetic_norm,70.165,41.1004734626015
magnetic_norm,70.185,39.67731155459012
magnetic_norm,70.225,41.160201162500435
magnetic_norm,70.225,39.304547423930615
magnetic_norm,70.245,40.81580919907141
magnetic_norm,70.264,39.03981441266083
magnetic_norm,70.284,41.97914411377394
magnetic_norm,70.305,41.798904996572695
magnetic_norm,70.324,40.65326744156008
magnetic_norm,70.345,40.95302643257884
magnetic_norm,70.365,38.94505019880576
magnetic_norm,70.385,41.53394634768651
magnetic_norm,70.404,39.625185023542855
magnetic_norm,70.424,40.4049671805646
magnetic_norm,70.445,40.08456529669507
magnetic_norm,70.465,41.281582264824856
magnetic_norm,70.485,41.35178525317862
magnetic_norm,70.505,39.1343943394107
magnetic_norm,70.524,39.330753799031164
magnetic_norm,70.544,40.39450704257326
magnetic_norm,70.564,41.515404708674104
magnetic_norm,70.585,38.98543447959122
magnetic_norm,70.605,41.441971226191704
magnetic_norm,70.625,40.85930314911475
magnetic_norm,70.645,39.97980438633997
magnetic_norm,70.665,38.024951931922395
magnetic_norm,70.685,38.376985901383655
magnetic_norm,70.708,39.85980593201002
magnetic_norm,70.725,39.60267249410071
magnetic_norm,70.745,39.55127344647083
magnetic_norm,70.765,41.871114028289256
magnetic_norm,70.785,41.234737619663605
magnetic_norm,70.804,43.42919752757067
magnetic_norm,70.824,40.525121230232116
magnetic_norm,70.845,40.54881056177862
magnetic_norm,70.866,40.363568297863
magnetic_norm,70.885,40.92056378149011
magnetic_norm,70.905,38.98473593537926
magnetic_norm,70.925,42.81652085235329
magnetic_norm,70.945,42.60093284869917
magnetic_norm,70.965,40.59280167492754
magnetic_norm,70.984,42.01897173444395
magnetic_norm,71.004,42.10959089239648
magnetic_norm,71.025,40.94027185272467
magnetic_norm,71.045,41.87520694465284
magnetic_norm,71.065,41.0463195860786
magnetic_norm,71.085,43.065516479922884
magnetic_norm,71.105,40.37036544607938
magnetic_norm,71.124,42.981211809783936
magnetic_norm,71.144,43.06793804981266
magnetic_norm,71.165,44.76782902660129
magnetic_norm,71.186,44.05911312259929
magnetic_norm,71.205,42.76275303199036
magnetic_norm,71.225,41.9662592949682
magnetic_norm,71.244,43.81255996030135
magnetic_norm,71.267,43.50230932865811
magnetic_norm,71.284,44.236277047181545
magnetic_norm,71.305,43.20020349678634
magnetic_norm,71.325,42.68340838288345
magnetic_norm,71.345,43.22701814477551
magnetic_norm,71.365,45.7667894673092
magnetic_norm,71.385,44.49340255616557
magnetic_norm,71.404,43.720778899597626
magnetic_norm,71.424,45.26215360969372
magnetic_norm,71.445,43.344104075785225
magnetic_norm,71.465,43.96785880853764
magnetic_norm,71.485,45.398109020200486
magnetic_norm,71.505,44.90604679035443
magnetic_norm,71.524,45.73125278736369
pressure,0.134,999.78107
pressure,0.294,999.78253
pressure,0.454,999.77875
pressure,0.613,999.7779
pressure,0.774,999.77765
pressure,0.934,999.77765
pressure,1.094,999.77765
pressure,1.263,999.7779
pressure,1.414,999.7783
pressure,1.574,999.77875
pressure,1.742,999.77936
pressure,1.903,999.7808
pressure,2.054,999.77893
pressure,2.213,999.77875
pressure,2.374,999.78424
pressure,2.534,999.7934
pressure,2.695,999.8055
pressure,2.854,999.797
pressure,3.014,999.7936
pressure,3.174,999.80505
pressure,3.337,999.80994
pressure,3.499,999.7993
pressure,3.654,999.7968
pressure,3.823,999.81036
pressure,3.981,999.80975
pressure,4.134,999.79767
pressure,4.294,999.8049
pressure,4.454,999.80505
pressure,4.617,999.79083
pressure,4.774,999.79254
pressure,4.933,999.8119
pressure,5.094,999.8085
pressure,5.254,999.7987
pressure,5.414,999.8112
pressure,5.574,999.81445
pressure,5.739,999.8017
pressure,5.894,999.79956
pressure,6.057,999.81274
pressure,6.221,999.80273
pressure,6.378,999.79803
pressure,6.533,999.8121
pressure,6.694,999.82184
pressure,6.854,999.80615
pressure,7.014,999.80273
pressure,7.174,999.80743
pressure,7.333,999.7993
pressure,7.493,999.7947
pressure,7.653,999.804
pressure,7.813,999.8
pressure,7.973,999.7966
pressure,8.133,999.8072
pressure,8.294,999.8185
pressure,8.454,999.807
pressure,8.613,999.8095
pressure,8.774,999.8172
pressure,8.933,999.8102
pressure,9.093,999.7957
pressure,9.253,999.8034
pressure,9.413,999.8053
pressure,9.577,999.79486
pressure,9.738,999.7936
pressure,9.899,999.80994
pressure,10.054,999.8034
pressure,10.214,999.79083
pressure,10.374,999.7989
pressure,10.534,999.8102
pressure,10.694,999.79767
pressure,10.855,999.8013
pressure,11.014,999.81976
pressure,11.174,999.82184
pressure,11.339,999.80804
pressure,11.494,999.8072
pressure,11.654,999.8138
pressure,11.814,999.8021
pressure,11.978,999.79315
pressure,12.134,999.7953
pressure,12.294,999.79614
pressure,12.453,999.7987
pressure,12.614,999.8089
pressure,12.779,999.8083
pressure,12.936,999.79254
pressure,13.094,999.78577
pressure,13.254,999.7938
pressure,13.418,999.7951
pressure,13.574,999.79803
pressure,13.734,999.81165
pressure,13.9,999.8195
pressure,14.053,999.8168
pressure,14.214,999.82635
pressure,14.376,999.8276
pressure,14.534,999.8089
pressure,14.696,999.79425
pressure,14.859,999.80975
pressure,15.014,999.8129
pressure,15.174,999.8076
pressure,15.334,999.8093
pressure,15.495,999.8121
pressure,15.654,999.804
pressure,15.814,999.8036
pressure,15.974,999.8072
pressure,16.134,999.80255
pressure,16.295,999.7993
pressure,16.454,999.81696
pressure,16.614,999.8161
pressure,16.781,999.8046
pressure,16.94,999.807
pressure,17.099,999.81866
pressure,17.254,999.80994
pressure,17.414,999.81104
pressure,17.574,999.8244
pressure,17.74,999.82336
pressure,17.895,999.80676
pressure,18.056,999.81165
pressure,18.218,999.8225
pressure,18.378,999.8191
pressure,18.536,999.814
pressure,18.694,999.8138
pressure,18.854,999.8017
pressure,19.014,999.79614
pressure,19.173,999.7934
pressure,19.333,999.7885
pressure,19.493,999.7834
pressure,19.656,999.78656
pressure,19.813,999.7868
pressure,19.973,999.78656
pressure,20.134,999.78937
pressure,20.294,999.7938
pressure,20.454,999.79083
pressure,20.614,999.7874
pressure,20.774,999.79443
pressure,20.933,999.80255
pressure,21.094,999.80145
pressure,21.254,999.8002
pressure,21.413,999.8006
pressure,21.573,999.79443
pressure,21.744,999.7868
pressure,21.894,999.7874
pressure,22.053,999.78534
pressure,22.218,999.7808
pressure,22.374,999.7802
pressure,22.542,999.78656
pressure,22.695,999.79083
pressure,22.854,999.7887
pressure,23.014,999.7915
pressure,23.174,999.7936
pressure,23.339,999.7911
pressure,23.493,999.787
pressure,23.658,999.79065
pressure,23.814,999.79614
pressure,23.974,999.7951
pressure,24.135,999.79126
pressure,24.294,999.7898
pressure,24.454,999.7887
pressure,24.614,999.78723
pressure,24.773,999.7881
pressure,24.933,999.79065
pressure,25.093,999.79297
pressure,25.253,999.7923
pressure,25.413,999.7915
pressure,25.573,999.7898
pressure,25.733,999.78766
pressure,25.893,999.78595
pressure,26.055,999.78827
pressure,26.213,999.7902
pressure,26.373,999.79065
pressure,26.533,999.78827
pressure,26.694,999.7868
pressure,26.854,999.7927
pressure,27.017,999.794
pressure,27.174,999.7911
pressure,27.337,999.8
pressure,27.494,999.8195
pressure,27.662,999.82886
pressure,27.814,999.8359
pressure,27.974,999.84076
pressure,28.134,999.8361
pressure,28.303,999.8174
pressure,28.454,999.8034
pressure,28.614,999.7983
pressure,28.774,999.7911
pressure,28.934,999.7851
pressure,29.102,999.78784
pressure,29.254,999.79785
pressure,29.414,999.8049
pressure,29.579,999.8042
pressure,29.736,999.79913
pressure,29.893,999.79425
pressure,30.053,999.78656
pressure,30.213,999.78235
pressure,30.375,999.7821
pressure,30.534,999.78577
pressure,30.695,999.79193
pressure,30.853,999.80743
pressure,31.015,999.80786
pressure,31.174,999.80145
pressure,31.333,999.8042
pressure,31.494,999.8059
pressure,31.654,999.7989
pressure,31.814,999.8004
pressure,31.981,999.8066
pressure,32.134,999.80145
pressure,32.294,999.7923
pressure,32.454,999.8106
pressure,32.617,999.8214
pressure,32.774,999.81464
pressure,32.934,999.8165
pressure,33.094,999.83905
pressure,33.254,999.81934
pressure,33.416,999.80615
pressure,33.574,999.8208
pressure,33.734,999.8231
pressure,33.894,999.803
pressure,34.062,999.8066
pressure,34.214,999.8191
pressure,34.378,999.81635
pressure,34.534,999.81335
pressure,34.698,999.828
pressure,34.854,999.8255
pressure,35.014,999.81274
pressure,35.174,999.81506
pressure,35.334,999.8278
pressure,35.494,999.8242
pressure,35.654,999.8259
pressure,35.815,999.8344
pressure,35.974,999.82886
pressure,36.134,999.8191
pressure,36.294,999.8214
pressure,36.456,999.8174
pressure,36.614,999.79596
pressure,36.774,999.79956
pressure,36.934,999.8257
pressure,37.093,999.8333
pressure,37.253,999.81635
pressure,37.414,999.82184
pressure,37.581,999.8308
pressure,37.734,999.8191
pressure,37.894,999.814
pressure,38.054,999.8242
pressure,38.214,999.8142
pressure,38.374,999.8042
pressure,38.534,999.81635
pressure,38.694,999.8327
pressure,38.863,999.8221
pressure,39.014,999.8231
pressure,39.181,999.82166
pressure,39.334,999.80914
pressure,39.493,999.8023
pressure,39.654,999.8212
pressure,39.819,999.8227
pressure,39.974,999.8108
pressure,40.134,999.8136
pressure,40.293,999.81525
pressure,40.453,999.801
pressure,40.617,999.79785
pressure,40.774,999.81036
pressure,40.933,999.81696
pressure,41.101,999.8049
pressure,41.254,999.81104
pressure,41.415,999.8185
pressure,41.577,999.8108
pressure,41.734,999.80145
pressure,41.894,999.8046
pressure,42.054,999.8095
pressure,42.22,999.8059
pressure,42.373,999.8093
pressure,42.534,999.8231
pressure,42.693,999.82697
pressure,42.855,999.80786
pressure,43.018,999.80804
pressure,43.174,999.8155
pressure,43.337,999.8095
pressure,43.493,999.8093
pressure,43.654,999.8174
pressure,43.814,999.8138
pressure,43.973,999.8089
pressure,44.134,999.8108
pressure,44.294,999.8149
pressure,44.454,999.8057
pressure,44.614,999.801
pressure,44.774,999.80615
pressure,44.933,999.8136
pressure,45.094,999.80975
pressure,45.255,999.8036
pressure,45.414,999.80255
pressure,45.574,999.8023
pressure,45.733,999.8023
pressure,45.894,999.80316
pressure,46.054,999.79724
pressure,46.222,999.79443
pressure,46.375,999.7964
pressure,46.536,999.79614
pressure,46.694,999.79193
pressure,46.854,999.79803
pressure,47.017,999.8138
pressure,47.177,999.8204
pressure,47.334,999.8206
pressure,47.494,999.8323
pressure,47.662,999.81274
pressure,47.814,999.7887
pressure,47.974,999.7815
pressure,48.134,999.7927
pressure,48.303,999.8059
pressure,48.454,999.79956
pressure,48.614,999.79846
pressure,48.774,999.80316
pressure,48.934,999.80255
pressure,49.094,999.7968
pressure,49.271,999.7974
pressure,49.414,999.8042
pressure,49.574,999.807
pressure,49.734,999.79913
pressure,49.894,999.79193
pressure,50.06,999.79553
pressure,50.219,999.79803
pressure,50.374,999.7951
pressure,50.543,999.79
pressure,50.698,999.79443
pressure,50.855,999.8132
pressure,51.014,999.8087
pressure,51.181,999.80634
pressure,51.335,999.8238
pressure,51.494,999.83057
pressure,51.653,999.8142
pressure,51.814,999.8138
pressure,51.974,999.8123
pressure,52.134,999.7898
pressure,52.294,999.773
pressure,52.454,999.79803
pressure,52.623,999.79956
pressure,52.778,999.79254
pressure,52.934,999.80084
pressure,53.094,999.81696
pressure,53.254,999.80145
pressure,53.417,999.8013
pressure,53.573,999.8225
pressure,53.74,999.8278
pressure,53.893,999.80743
pressure,54.054,999.80994
pressure,54.214,999.81805
pressure,54.374,999.81104
pressure,54.533,999.80634
pressure,54.702,999.8359
pressure,54.856,999.8359
pressure,55.014,999.7953
pressure,55.173,999.77936
pressure,55.334,999.8129
pressure,55.494,999.83185
pressure,55.653,999.82715
pressure,55.814,999.84735
pressure,55.976,999.84674
pressure,56.134,999.8238
pressure,56.296,999.8174
pressure,56.459,999.8304
pressure,56.614,999.8221
pressure,56.774,999.81805
pressure,56.937,999.8359
pressure,57.094,999.8374
pressure,57.254,999.81506
pressure,57.413,999.8165
pressure,57.583,999.8214
pressure,57.734,999.8083
pressure,57.894,999.8072
pressure,58.054,999.8204
pressure,58.223,999.8013
pressure,58.374,999.78723
pressure,58.537,999.8049
pressure,58.694,999.8255
pressure,58.854,999.8112
pressure,59.028,999.8248
pressure,59.174,999.8395
pressure,59.334,999.8202
pressure,59.494,999.7927
pressure,59.654,999.81146
pressure,59.818,999.8251
pressure,59.98,999.81934
pressure,60.136,999.8278
pressure,60.294,999.8516
pressure,60.462,999.8244
pressure,60.614,999.79956
pressure,60.774,999.8106
pressure,60.934,999.82465
pressure,61.094,999.80804
pressure,61.254,999.8149
pressure,61.42,999.8172
pressure,61.574,999.8049
pressure,61.734,999.7951
pressure,61.894,999.8036
pressure,62.062,999.79803
pressure,62.214,999.78424
pressure,62.374,999.79767
pressure,62.534,999.8214
pressure,62.694,999.81635
pressure,62.858,999.801
pressure,63.013,999.7983
pressure,63.174,999.7898
pressure,63.333,999.78577
pressure,63.494,999.80084
pressure,63.659,999.79974
pressure,63.814,999.79083
pressure,63.983,999.78766
pressure,64.135,999.79486
pressure,64.294,999.79767
pressure,64.454,999.7927
pressure,64.614,999.8185
pressure,64.774,999.84143
pressure,64.934,999.8261
pressure,65.094,999.7923
pressure,65.254,999.7957
pressure,65.414,999.80505
pressure,65.574,999.79974
pressure,65.735,999.797
pressure,65.895,999.81146
pressure,66.054,999.80505
pressure,66.219,999.787
pressure,66.374,999.78577
pressure,66.534,999.79724
pressure,66.694,999.7968
pressure,66.858,999.78534
pressure,67.016,999.80786
pressure,67.174,999.8221
pressure,67.333,999.8049
pressure,67.494,999.7989
pressure,67.665,999.8006
pressure,67.815,999.78534
pressure,67.973,999.7783
pressure,68.133,999.79193
pressure,68.298,999.804
pressure,68.455,999.7828
pressure,68.617,999.7647
pressure,68.774,999.77576
pressure,68.934,999.77893
pressure,69.099,999.7558
pressure,69.254,999.77576
pressure,69.414,999.801
pressure,69.577,999.8017
pressure,69.734,999.78955
pressure,69.894,999.7898
pressure,70.054,999.8006
pressure,70.225,999.8038
pressure,70.374,999.8019
pressure,70.538,999.79846
pressure,70.7,999.79193
pressure,70.856,999.78656
pressure,71.014,999.78656
pressure,71.182,999.7851
pressure,71.335,999.7834
pressure,71.495,999.78406
device_yaw,0.034,79.62351448335916
device_yaw,0.084,79.58334255142164
device_yaw,0.134,79.54543931481297
device_yaw,0.184,79.39112014593697
device_yaw,0.234,78.13163563786611
device_yaw,0.284,77.00473064220847
device_yaw,0.334,75.70341808013553
device_yaw,0.384,74.39517591775262
device_yaw,0.434,73.09373007663433
device_yaw,0.484,71.8187473428926
device_yaw,0.534,70.54952822791739
device_yaw,0.584,69.26780974016373
device_yaw,0.634,67.93551519353468
device_yaw,0.684,66.5769353382642
device_yaw,0.734,65.28958793815347
device_yaw,0.784,65.02871719154979
device_yaw,0.834,64.8384076915181
device_yaw,0.884,64.61783917921707
device_yaw,0.934,64.34018082429836
device_yaw,0.984,63.99011375316263
device_yaw,1.034,63.52586211925041
device_yaw,1.084,62.9631603640372
device_yaw,1.134,62.30015750291125
device_yaw,1.184,61.56347653256725
device_yaw,1.234,60.70097691233705
device_yaw,1.284,59.714149906641204
device_yaw,1.334,58.59163773822966
device_yaw,1.384,57.380521647505745
device_yaw,1.434,56.020712393496204
device_yaw,1.484,54.518079951319166
device_yaw,1.534,52.93716302233119
device_yaw,1.584,51.22161559674305
device_yaw,1.634,49.484027483433245
device_yaw,1.684,47.7241290344416
device_yaw,1.734,45.86120414823531
device_yaw,1.784,44.003188892476324
device_yaw,1.834,42.23112246003234
device_yaw,1.884,40.54136359418156
device_yaw,1.934,38.85482130214051
device_yaw,1.984,37.2180180974556
device_yaw,2.034,35.64269066156566
device_yaw,2.084,34.075639446437805
device_yaw,2.134,32.529309786250884
device_yaw,2.184,30.920667224852124
device_yaw,2.234,29.204993532389697
device_yaw,2.284,27.60119773363547
device_yaw,2.334,26.10460675581732
device_yaw,2.384,24.51029508158184
device_yaw,2.434,22.758667248482123
device_yaw,2.484,20.844227046034273
device_yaw,2.534,18.845099891053472
device_yaw,2.584,16.62942695683843
device_yaw,2.634,14.243654496252036
device_yaw,2.684,11.91107011823511
device_yaw,2.734,9.60555895572975
device_yaw,2.784,7.374992924344548
device_yaw,2.834,5.140459359945755
device_yaw,2.884,3.0059867951467143
device_yaw,2.934,1.0793878423205832
device_yaw,2.984,-0.5390424708225243
device_yaw,3.034,-1.7310618035673087
device_yaw,3.084,-2.4752741842842148
device_yaw,3.134,-2.676350586673489
device_yaw,3.184,-2.3975948749258937
device_yaw,3.234,-1.8863677804700714
device_yaw,3.284,-1.2523094734394655
device_yaw,3.334,-0.5591740745755656
device_yaw,3.384,0.10391478167173843
device_yaw,3.434,0.4676126345565658
device_yaw,3.484,0.8896872822371958
device_yaw,3.534,1.1717760891610138
device_yaw,3.584,1.1036788442876329
device_yaw,3.634,0.5760219097145481
device_yaw,3.684,-0.3968253268529175
device_yaw,3.734,-1.7173783812986003
device_yaw,3.784,-3.2756203823261996
device_yaw,3.834,-4.83044087555427
device_yaw,3.884,-6.249755728659187
device_yaw,3.934,-7.486966174781163
device_yaw,3.984,-8.385114018475134
device_yaw,4.034,-9.266657732506665
device_yaw,4.084,-10.035811285677383
device_yaw,4.134,-10.527890791398807
device_yaw,4.184,-10.773695010808456
device_yaw,4.234,-10.822556443760838
device_yaw,4.284,-10.799833156675353
device_yaw,4.334,-10.759070516030663
device_yaw,4.384,-10.815446559586555
device_yaw,4.434,-10.930187282357759
device_yaw,4.484,-11.14980872735381
device_yaw,4.534,-11.492981869016436
device_yaw,4.584,-12.015000895746317
device_yaw,4.634,-12.61307790832353
device_yaw,4.684,-13.268121306327322
device_yaw,4.734,-14.019114449872802
device_yaw,4.784,-14.884544678352176
device_yaw,4.834,-15.75308004962476
device_yaw,4.884,-16.514358689996456
device_yaw,4.934,-17.165988796463413
device_yaw,4.984,-17.790127293471052
device_yaw,5.034,-18.451823773433745
device_yaw,5.084,-18.980534742740147
device_yaw,5.134,-19.3194382513873
device_yaw,5.184,-19.517825261939922
device_yaw,5.234,-19.567590630246823
device_yaw,5.284,-19.38072992865443
device_yaw,5.334,-18.945119157041475
device_yaw,5.384,-18.346072986844476
device_yaw,5.434,-17.710300451305844
device_yaw,5.484,-17.174109763989897
device_yaw,5.534,-16.711745520262394
device_yaw,5.584,-16.255951084646483
device_yaw,5.634,-16.068332057393302
device_yaw,5.684,-16.061519643272224
device_yaw,5.734,-16.223305466184772
device_yaw,5.784,-16.114501335366242
device_yaw,5.834,-15.972200690023458
device_yaw,5.884,-16.076317443669677
device_yaw,5.934,-16.285781504764415
device_yaw,5.984,-16.345631803406146
device_yaw,6.034,-16.20847500669295
device_yaw,6.084,-15.972570302078593
device_yaw,6.134,-15.600391778104676
device_yaw,6.184,-15.029619561983004
device_yaw,6.234,-14.339069605793952
device_yaw,6.284,-13.517594799424442
device_yaw,6.334,-12.913241749166302
device_yaw,6.384,-12.146360712870809
device_yaw,6.434,-10.970373493354026
device_yaw,6.484,-9.65815825961789
device_yaw,6.534,-8.498828393592078
device_yaw,6.584,-7.509471035031679
device_yaw,6.634,-6.523304882901777
device_yaw,6.684,-5.612954752423949
device_yaw,6.734,-4.740704787034645
device_yaw,6.784,-3.947471179851033
device_yaw,6.834,-3.310474027972585
device_yaw,6.884,-3.0897924196674724
device_yaw,6.934,-3.456725215916849
device_yaw,6.984,-4.23514750312774
device_yaw,7.034,-5.230563457172881
device_yaw,7.084,-6.240300217200983
device_yaw,7.134,-7.148143535683625
device_yaw,7.184,-8.108377276874235
device_yaw,7.234,-9.189958837261988
device_yaw,7.284,-10.136691617178444
device_yaw,7.334,-10.872976975061723
device_yaw,7.384,-11.350465586188252
device_yaw,7.434,-11.393654052181118
device_yaw,7.484,-11.069403517783233
device_yaw,7.534,-10.498908591740129
device_yaw,7.584,-9.723681293024239
device_yaw,7.634,-8.973302327998978
device_yaw,7.684,-8.329809471135711
device_yaw,7.734,-7.705289703028814
device_yaw,7.784,-7.007032632436409
device_yaw,7.834,-6.53952445451958
device_yaw,7.884,-6.271201873419875
device_yaw,7.934,-6.16649946575296
device_yaw,7.984,-6.334005499786124
device_yaw,8.034,-6.745532683492761
device_yaw,8.084,-7.442380472615352
device_yaw,8.134,-8.389856159034188
device_yaw,8.184,-9.285384675845597
device_yaw,8.234,-10.086553164930223
device_yaw,8.284,-10.795337696124419
device_yaw,8.334,-11.30655010810027
device_yaw,8.384,-11.48515040892373
device_yaw,8.434,-11.370999825847907
device_yaw,8.484,-10.987093546832536
device_yaw,8.534,-10.235226681619439
device_yaw,8.584,-9.10074682186469
device_yaw,8.634,-7.575374116776811
device_yaw,8.684,-5.7331297456483385
device_yaw,8.734,-3.870132615868314
device_yaw,8.784,-2.070526199504195
device_yaw,8.834,-0.3799513176821428
device_yaw,8.884,1.104875884725123
device_yaw,8.934,2.3542545231866825
device_yaw,8.984,3.2978695806763314
device_yaw,9.034,3.9760406859755117
device_yaw,9.084,4.3074148255492934
device_yaw,9.134,4.307974752920656
device_yaw,9.184,4.034451139966797
device_yaw,9.234,3.5286147173128195
device_yaw,9.284,2.99423264941134
device_yaw,9.334,2.5629673109345656
device_yaw,9.384,2.232826718254925
device_yaw,9.434,2.096164831515704
device_yaw,9.484,2.0364604454160413
device_yaw,9.534,2.212524870441851
device_yaw,9.584,2.470851358793
device_yaw,9.634,2.858028239968242
device_yaw,9.684,3.4776572156193777
device_yaw,9.734,4.294247792308526
device_yaw,9.784,5.221192639443687
device_yaw,9.834,6.143510999496015
device_yaw,9.884,7.021658213697248
device_yaw,9.934,7.795120100290831
device_yaw,9.984,8.462584498295401
device_yaw,10.034,8.944958439377533
device_yaw,10.084,9.153870292786927
device_yaw,10.134,9.25318570652467
device_yaw,10.184,9.267794145035143
device_yaw,10.234,9.136041595409802
device_yaw,10.284,8.86652516840375
device_yaw,10.334,8.441443916062369
device_yaw,10.384,7.793944054160059
device_yaw,10.434,7.019228426942984
device_yaw,10.484,6.301083272090787
device_yaw,10.534,5.657281871144502
device_yaw,10.584,5.161937687170259
device_yaw,10.634,4.679003296539378
device_yaw,10.684,4.3093899911525675
device_yaw,10.734,4.048798782762929
device_yaw,10.784,3.8399052367159077
device_yaw,10.834,3.7494962413604593
device_yaw,10.884,3.8997140481508485
device_yaw,10.934,4.307571649072878
device_yaw,10.984,4.873805119533167
device_yaw,11.034,5.386178933372633
device_yaw,11.084,5.807820600178892
device_yaw,11.134,6.2003970797108
device_yaw,11.184,6.469143283867647
device_yaw,11.234,6.489823923358722
device_yaw,11.284,6.282948568982579
device_yaw,11.334,5.898592585677485
device_yaw,11.384,5.26154510552574
device_yaw,11.434,4.361893960519514
device_yaw,11.484,3.3443087174864585
device_yaw,11.534,2.306514150754212
device_yaw,11.584,1.3719054426120594
device_yaw,11.634,0.6097450612775756
device_yaw,11.684,-0.06737697880668723
device_yaw,11.734,-0.6681414639645316
device_yaw,11.784,-1.0067979609357607
device_yaw,11.834,-1.1033034746832013
device_yaw,11.884,-0.9597442213727877
device_yaw,11.934,-0.5712115245796964
device_yaw,11.984,0.011010366744882528
device_yaw,12.034,0.6708050684852328
device_yaw,12.084,1.315539177810515
device_yaw,12.134,1.8653265704297688
device_yaw,12.184,2.241693228899852
device_yaw,12.234,2.5684089124706992
device_yaw,12.284,3.093043979997039
device_yaw,12.334,3.4995080790410005
device_yaw,12.384,3.763740429453404
device_yaw,12.434,3.879369813873248
device_yaw,12.484,3.8159510847062923
device_yaw,12.534,3.583076803811464
device_yaw,12.584,3.2719236528961573
device_yaw,12.634,2.969463969535568
device_yaw,12.684,2.8209149717493145
device_yaw,12.734,2.934379318289361
device_yaw,12.784,3.2434072436128982
device_yaw,12.834,3.499188727271867
device_yaw,12.884,3.756197263282509
device_yaw,12.934,3.9645418855900685
device_yaw,12.984,4.179926165416442
device_yaw,13.034,4.528827464064095
device_yaw,13.084,5.108608600795412
device_yaw,13.134,5.851592162459348
device_yaw,13.184,6.622054298247336
device_yaw,13.234,7.243984856860709
device_yaw,13.284,7.739696420204089
device_yaw,13.334,8.038360514357693
device_yaw,13.384,8.18304009756264
device_yaw,13.434,8.178827073327493
device_yaw,13.484,8.192890048438414
device_yaw,13.534,8.156977987239873
device_yaw,13.584,7.961314046348
device_yaw,13.634,7.4537221262447595
device_yaw,13.684,6.717498749280861
device_yaw,13.734,5.98374455605487
device_yaw,13.784,5.34409399054495
device_yaw,13.834,4.67270528806235
device_yaw,13.884,3.9525303084931385
device_yaw,13.934,3.3841516008583388
device_yaw,13.984,2.9456316799532583
device_yaw,14.034,2.478713598382006
device_yaw,14.084,2.1382196787902745
device_yaw,14.134,2.108989116978979
device_yaw,14.184,2.3996496524256297
device_yaw,14.234,2.834625276476956
device_yaw,14.284,3.1939433245102946
device_yaw,14.334,3.3529087127762582
device_yaw,14.384,3.4827025756942604
device_yaw,14.434,3.6488235891202305
device_yaw,14.484,3.5481637914764907
device_yaw,14.534,3.2425028433782215
device_yaw,14.584,2.82271269729897
device_yaw,14.634,2.2148924748774643
device_yaw,14.684,1.296371500144591
device_yaw,14.734,0.10678538185550845
device_yaw,14.784,-1.2874570909109513
device_yaw,14.834,-2.72737727560129
device_yaw,14.884,-3.929002644343542
device_yaw,14.934,-4.930919414824993
device_yaw,14.984,-5.8554317590620775
device_yaw,15.034,-6.452636514814349
device_yaw,15.084,-6.6128319818201655
device_yaw,15.134,-6.443483672646687
device_yaw,15.184,-5.957377777332795
device_yaw,15.234,-5.113336091272204
device_yaw,15.284,-3.810677261722949
device_yaw,15.334,-2.0451586013059115
device_yaw,15.384,-0.037158576590392366
device_yaw,15.434,1.869229554770299
device_yaw,15.484,3.528556353588271
device_yaw,15.534,4.993021153530442
device_yaw,15.584,6.25168647372082
device_yaw,15.634,7.16216582610688
device_yaw,15.684,7.8391360111078345
device_yaw,15.734,8.259090577308513
device_yaw,15.784,8.336855938799637
device_yaw,15.834,8.007334607994462
device_yaw,15.884,7.358913228515188
device_yaw,15.934,6.5801273284344255
device_yaw,15.984,5.912999564286827
device_yaw,16.034,5.380387329008086
device_yaw,16.084,4.900510360244319
device_yaw,16.134,4.559063957884848
device_yaw,16.184,4.390389074803256
device_yaw,16.234,4.386751978018654
device_yaw,16.284,4.585933099526551
device_yaw,16.334,5.046290182357614
device_yaw,16.384,5.709241973875261
device_yaw,16.434,6.462612607951959
device_yaw,16.484,7.0668631541909175
device_yaw,16.534,7.437162875936326
device_yaw,16.584,7.5976942053798915
device_yaw,16.634,7.633457226925277
device_yaw,16.684,7.374761947194815
device_yaw,16.734,6.8777654226349885
device_yaw,16.784,6.153882869194663
device_yaw,16.834,5.1621005120030325
device_yaw,16.884,3.789257921347053
device_yaw,16.934,2.0576822709345
device_yaw,16.984,0.14250141003498323
device_yaw,17.034,-1.6308109013576655
device_yaw,17.084,-3.160924236469233
device_yaw,17.134,-4.4273964342599585
device_yaw,17.184,-5.458291552106636
device_yaw,17.234,-6.039770145901733
device_yaw,17.284,-6.334592536754922
device_yaw,17.334,-6.448937964902414
device_yaw,17.384,-6.281404011744969
device_yaw,17.434,-5.7200998450677565
device_yaw,17.484,-4.766449062821508
device_yaw,17.534,-3.5942391477719253
device_yaw,17.584,-2.462795874010771
device_yaw,17.634,-1.5116529744699159
device_yaw,17.684,-0.7101173957190053
device_yaw,17.734,-0.060447658771301004
device_yaw,17.784,0.2669057087904227
device_yaw,17.834,0.3233107289005877
device_yaw,17.884,0.23524856274415676
device_yaw,17.934,-0.1329383259022303
device_yaw,17.984,-0.8255695798300006
device_yaw,18.034,-1.786386841147686
device_yaw,18.084,-2.916899584081277
device_yaw,18.134,-3.9796657943230813
device_yaw,18.184,-4.895026933815293
device_yaw,18.234,-5.738973352626491
device_yaw,18.284,-6.494803085196653
device_yaw,18.334,-7.0675521996100406
device_yaw,18.384,-7.466603024129645
device_yaw,18.434,-7.762317084577307
device_yaw,18.484,-7.882744032065114
device_yaw,18.534,-7.790375009470131
device_yaw,18.584,-7.549503372080742
device_yaw,18.634,-7.203393461534843
device_yaw,18.684,-6.916102133202144
device_yaw,18.734,-6.692105361664369
device_yaw,18.784,-6.560731058626925
device_yaw,18.834,-6.466399971987289
device_yaw,18.884,-6.4065857268301665
device_yaw,18.934,-6.3570575887585905
device_yaw,18.984,-6.287032898333879
device_yaw,19.034,-6.338827127531369
device_yaw,19.084,-6.513196770180245
device_yaw,19.134,-6.687116727201043
device_yaw,19.184,-6.816422660240559
device_yaw,19.234,-6.850615270451769
device_yaw,19.284,-6.842895541565829
device_yaw,19.334,-6.822889669449117
device_yaw,19.384,-6.734840218153317
device_yaw,19.434,-6.584606921752255
device_yaw,19.484,-6.394802782267089
device_yaw,19.534,-6.216768008229675
device_yaw,19.584,-5.979206208589534
device_yaw,19.634,-5.670448055192629
device_yaw,19.684,-5.374354890301469
device_yaw,19.734,-5.116549031565618
device_yaw,19.784,-4.93651340397256
device_yaw,19.834,-4.803007716873261
device_yaw,19.884,-4.655755654531547
device_yaw,19.934,-4.611976145935025
device_yaw,19.984,-4.789254447101105
device_yaw,20.034,-5.1904345464030435
device_yaw,20.084,-5.691055106658002
device_yaw,20.134,-6.292197073206319
device_yaw,20.184,-7.010018510769829
device_yaw,20.234,-7.785503683171924
device_yaw,20.284,-8.565605055196809
device_yaw,20.334,-9.204541408404102
device_yaw,20.384,-9.661942302135767
device_yaw,20.434,-9.953840744053197
device_yaw,20.484,-10.124050580284283
device_yaw,20.534,-10.115656845583757
device_yaw,20.584,-9.93234862780177
device_yaw,20.634,-9.640433081715233
device_yaw,20.684,-9.280269714799404
device_yaw,20.734,-8.825069666490233
device_yaw,20.784,-8.27515252618855
device_yaw,20.834,-7.648347993113746
device_yaw,20.884,-7.083874338705673
device_yaw,20.934,-6.64423377904418
device_yaw,20.984,-6.279498081143695
device_yaw,21.034,-5.902572838167064
device_yaw,21.084,-5.5813898439791405
device_yaw,21.134,-5.275054986550069
device_yaw,21.184,-5.0168859043225815
device_yaw,21.234,-4.784038166237217
device_yaw,21.284,-4.516334479821515
device_yaw,21.334,-4.2835305553529315
device_yaw,21.384,-4.097308913856455
device_yaw,21.434,-3.895386415873051
device_yaw,21.484,-3.6195484189476996
device_yaw,21.534,-3.4177233566073273
device_yaw,21.584,-3.2217091570758147
device_yaw,21.634,-2.928942762746566
device_yaw,21.684,-2.606379359322911
device_yaw,21.734,-2.168073752556781
device_yaw,21.784,-1.5560811361365845
device_yaw,21.834,-0.8552814313401765
device_yaw,21.884,-0.07125998666790173
device_yaw,21.934,0.783482227872292
device_yaw,21.984,1.6871908806774387
device_yaw,22.034,2.652735992903924
device_yaw,22.084,3.740590312275127
device_yaw,22.134,4.997282781398603
device_yaw,22.184,6.394778074661088
device_yaw,22.234,7.983192824592609
device_yaw,22.284,9.793794098015583
device_yaw,22.334,11.65768432513625
device_yaw,22.384,13.609842843610723
device_yaw,22.434,15.706951489566608
device_yaw,22.484,17.901545022137658
device_yaw,22.534,20.17027285507025
device_yaw,22.584,22.427373172050103
device_yaw,22.634,24.723192830221084
device_yaw,22.684,27.033916626888125
device_yaw,22.734,29.299413241006707
device_yaw,22.784,31.588591230577048
device_yaw,22.834,33.70512512714736
device_yaw,22.884,35.8603545364579
device_yaw,22.934,38.074407602649
device_yaw,22.984,40.26693864041624
device_yaw,23.034,42.4394520836345
device_yaw,23.084,44.62237735987864
device_yaw,23.134,46.87401847306625
device_yaw,23.184,49.13178506481006
device_yaw,23.234,51.30921892151252
device_yaw,23.284,53.45380567004251
device_yaw,23.334,55.45725769694107
device_yaw,23.384,57.41634260204636
device_yaw,23.434,59.27404533549475
device_yaw,23.484,60.89188316218181
device_yaw,23.534,62.400058199144
device_yaw,23.584,63.853631220389346
device_yaw,23.634,65.15083531549652
device_yaw,23.684,66.25540311447872
device_yaw,23.734,65.85148663425271
device_yaw,23.784,65.28117958989274
device_yaw,23.834,64.62245366952747
device_yaw,23.884,63.94216829288928
device_yaw,23.934,63.16101210662179
device_yaw,23.984,62.26236339057155
device_yaw,24.034,61.32296308855817
device_yaw,24.084,60.23326712000492
device_yaw,24.134,58.92604641880004
device_yaw,24.184,57.480805219119475
device_yaw,24.234,55.894383977757435
device_yaw,24.284,55.50626613438165
device_yaw,24.334,55.02079672575994
device_yaw,24.384,54.40542975492685
device_yaw,24.434,53.66987165151391
device_yaw,24.484,52.856628076565386
device_yaw,24.534,52.01900908642138
device_yaw,24.584,51.1972918973489
device_yaw,24.634,50.412651440994075
device_yaw,24.684,49.67844282658057
device_yaw,24.734,48.83672397739712
device_yaw,24.784,48.19897248389604
device_yaw,24.834,47.549194942882465
device_yaw,24.884,46.82420623076646
device_yaw,24.934,45.999011042422765
device_yaw,24.984,45.06881843802162
device_yaw,25.034,44.00390808141153
device_yaw,25.084,42.765144941548925
device_yaw,25.134,41.35335185971607
device_yaw,25.184,39.836232783785334
device_yaw,25.234,38.199960763672166
device_yaw,25.284,36.64588465715413
device_yaw,25.334,34.88106189551897
device_yaw,25.384,33.245559957574656
device_yaw,25.434,31.848474225355872
device_yaw,25.484,30.769244166176335
device_yaw,25.534,30.250147259340363
device_yaw,25.584,30.219384020847098
device_yaw,25.634,30.596114129975202
device_yaw,25.684,31.33622651948153
device_yaw,25.734,32.411695187988755
device_yaw,25.784,33.863739573928065
device_yaw,25.834,35.58154635490296
device_yaw,25.884,37.511622751358054
device_yaw,25.934,39.61891292861867
device_yaw,25.984,41.97792235774315
device_yaw,26.034,44.422836881246894
device_yaw,26.084,46.751154577354626
device_yaw,26.134,49.0225617832043
device_yaw,26.184,51.37319652513568
device_yaw,26.234,53.78322199178638
device_yaw,26.284,56.14067495647084
device_yaw,26.334,58.37168622638756
device_yaw,26.384,60.48658665718639
device_yaw,26.434,62.54143816323904
device_yaw,26.484,64.45336730499675
device_yaw,26.534,66.17084374577463
device_yaw,26.584,67.69204591597446
device_yaw,26.634,69.02495654489908
device_yaw,26.684,70.21232749545524
device_yaw,26.734,70.94765939511585
device_yaw,26.784,71.24224959266112
device_yaw,26.834,71.21225260421048
device_yaw,26.884,70.93410440555797
device_yaw,26.934,70.57178686117041
device_yaw,26.984,70.11391660591863
device_yaw,27.034,69.61410096503326
device_yaw,27.084,69.0662951524928
device_yaw,27.134,68.39307086864552
device_yaw,27.184,67.64406295253565
device_yaw,27.234,66.72810512258883
device_yaw,27.284,66.03758999283167
device_yaw,27.334,65.68704402383986
device_yaw,27.384,65.55494538351962
device_yaw,27.434,65.67342326231069
device_yaw,27.484,65.861356378992
device_yaw,27.534,66.06297675967913
device_yaw,27.584,66.1354613889119
device_yaw,27.634,66.17086265569938
device_yaw,27.684,66.36331622382316
device_yaw,27.734,66.58212725938544
device_yaw,27.784,66.88786532677415
device_yaw,27.834,67.22588977503193
device_yaw,27.884,67.44820740584758
device_yaw,27.934,67.64882076849291
device_yaw,27.984,67.81039203864201
device_yaw,28.034,68.02450330006573
device_yaw,28.084,68.37007850661337
device_yaw,28.134,68.93577834552592
device_yaw,28.184,69.5498685117337
device_yaw,28.234,70.08974376984459
device_yaw,28.284,70.6761487580893
device_yaw,28.334,71.19992543765241
device_yaw,28.384,71.67139906292833
device_yaw,28.434,72.1787940477939
device_yaw,28.484,72.68454647762849
device_yaw,28.534,73.155437807132
device_yaw,28.584,73.5349241463442
device_yaw,28.634,73.80380600412845
device_yaw,28.684,73.94143464513168
device_yaw,28.734,73.99344355976858
device_yaw,28.784,74.02954238462199
device_yaw,28.834,74.06897223462985
device_yaw,28.884,74.22886880500772
device_yaw,28.934,74.3511000615979
device_yaw,28.984,74.46620585732457
device_yaw,29.034,74.55773455024558
device_yaw,29.084,74.63062936296362
device_yaw,29.134,74.66553944098196
device_yaw,29.184,74.59853389200697
device_yaw,29.234,74.42412581753666
device_yaw,29.284,74.06839797675029
device_yaw,29.334,73.48160688907261
device_yaw,29.384,72.59572369888726
device_yaw,29.434,71.32962978026211
device_yaw,29.484,69.72446455113119
device_yaw,29.534,67.73923461953414
device_yaw,29.584,65.38241182934657
device_yaw,29.634,62.70816257279433
device_yaw,29.684,59.512418440570734
device_yaw,29.734,55.79002029874621
device_yaw,29.784,51.519507641717524
device_yaw,29.834,46.91533480026958
device_yaw,29.884,41.76438021169985
device_yaw,29.934,35.97554792297484
device_yaw,29.984,29.71509659659997
device_yaw,30.034,23.084265286972325
device_yaw,30.084,16.2373734571767
device_yaw,30.134,9.070745196943031
device_yaw,30.184,1.5850823229909436
device_yaw,30.234,-5.929120986621441
device_yaw,30.284,-13.347950191120264
device_yaw,30.334,-20.45973840743045
device_yaw,30.384,-27.623430500670498
device_yaw,30.434,-34.54519673846989
device_yaw,30.484,-41.16145981533016
device_yaw,30.534,-47.34267170017418
device_yaw,30.584,-53.26171343590868
device_yaw,30.634,-59.09025174052072
device_yaw,30.684,-64.568258915723
device_yaw,30.734,-69.62057179728252
device_yaw,30.784,-74.21206987533917
device_yaw,30.834,-78.38357520479198
device_yaw,30.884,-82.18466285411472
device_yaw,30.934,-85.504093909611
device_yaw,30.984,-88.27088860164899
device_yaw,31.034,-90.54283164954342
device_yaw,31.084,-92.44390214978044
device_yaw,31.134,-93.85552801166813
device_yaw,31.184,-94.78936673512197
device_yaw,31.234,-95.38082289386813
device_yaw,31.284,-95.72687487815656
device_yaw,31.334,-95.95438736821865
device_yaw,31.384,-96.11247033048771
device_yaw,31.434,-96.92898328330544
device_yaw,31.484,-97.9987765193789
device_yaw,31.534,-99.0840445828505
device_yaw,31.584,-100.1446947406519
device_yaw,31.634,-101.40435128183555
device_yaw,31.684,-102.7910421115785
device_yaw,31.734,-104.52384111697612
device_yaw,31.784,-106.59772458982752
device_yaw,31.834,-108.78480919480849
device_yaw,31.884,-111.07036778216117
device_yaw,31.934,-113.30626555967233
device_yaw,31.984,-114.75608411241706
device_yaw,32.034,-115.70776918110352
device_yaw,32.084,-116.49233497871893
device_yaw,32.134,-117.09826128402514
device_yaw,32.184,-117.40196775506038
device_yaw,32.234,-117.42945745787785
device_yaw,32.284,-116.84668006654512
device_yaw,32.334,-115.71050417404355
device_yaw,32.384,-114.32022962237637
device_yaw,32.434,-112.68740581707048
device_yaw,32.484,-111.02242543180454
device_yaw,32.534,-109.47324633823627
device_yaw,32.584,-108.06007556549375
device_yaw,32.634,-106.85911354425936
device_yaw,32.684,-105.92832964644421
device_yaw,32.734,-105.24715996235678
device_yaw,32.784,-104.83377021553495
device_yaw,32.834,-104.826416750229
device_yaw,32.884,-105.13849227358364
device_yaw,32.934,-105.77183046617556
device_yaw,32.984,-106.65046719206308
device_yaw,33.034,-107.524629593479
device_yaw,33.084,-108.2705074565441
device_yaw,33.134,-108.83591092834968
device_yaw,33.184,-109.18928154119713
device_yaw,33.234,-109.06201319113997
device_yaw,33.284,-108.49788582897078
device_yaw,33.334,-107.59649256205702
device_yaw,33.384,-106.17160866725482
device_yaw,33.434,-104.24544979104984
device_yaw,33.484,-101.87592153010077
device_yaw,33.534,-99.20470275658887
device_yaw,33.584,-96.4834218703399
device_yaw,33.634,-93.79869775655384
device_yaw,33.684,-91.08741598490313
device_yaw,33.734,-88.28729016929506
device_yaw,33.784,-85.72400960441809
device_yaw,33.834,-83.40113880649511
device_yaw,33.884,-81.28985461285768
device_yaw,33.934,-79.58516327637622
device_yaw,33.984,-78.3343932234894
device_yaw,34.034,-77.41948998936999
device_yaw,34.084,-76.66271502219605
device_yaw,34.134,-75.74920453869575
device_yaw,34.184,-74.50826550101621
device_yaw,34.234,-73.01310066965299
device_yaw,34.284,-71.52541408709624
device_yaw,34.334,-69.77206467177308
device_yaw,34.384,-67.5284528846065
device_yaw,34.434,-64.90473908097454
device_yaw,34.484,-62.00023877080169
device_yaw,34.534,-58.69358937096681
device_yaw,34.584,-55.06798476767681
device_yaw,34.634,-51.32458655410064
device_yaw,34.684,-47.76530127315335
device_yaw,34.734,-44.63620797629556
device_yaw,34.784,-41.91362736226082
device_yaw,34.834,-39.35558569499074
device_yaw,34.884,-37.201922974134774
device_yaw,34.934,-35.67497412849803
device_yaw,34.984,-34.55151858755082
device_yaw,35.034,-33.65301404077738
device_yaw,35.084,-33.187878800211905
device_yaw,35.134,-33.127232157746214
device_yaw,35.184,-33.28378317140119
device_yaw,35.234,-33.50481275843295
device_yaw,35.284,-33.6052367704509
device_yaw,35.334,-33.60890056738609
device_yaw,35.384,-33.563026925858644
device_yaw,35.434,-31.558123183788666
device_yaw,35.484,-29.23107340727086
device_yaw,35.534,-26.704891141666153
device_yaw,35.584,-24.031843095383497
device_yaw,35.634,-21.082038196763996
device_yaw,35.684,-17.866124592487587
device_yaw,35.734,-14.383317336594768
device_yaw,35.784,-10.906147419451834
device_yaw,35.834,-7.643423832674046
device_yaw,35.884,-4.643945462578682
device_yaw,35.934,-1.813028006439463
device_yaw,35.984,-0.9403192099176497
device_yaw,36.034,-0.3200904825732149
device_yaw,36.084,0.09232052323370259
device_yaw,36.134,0.2335004434778383
device_yaw,36.184,-0.023373648730863762
device_yaw,36.234,-0.6370500784304679
device_yaw,36.284,-1.6824124244748817
device_yaw,36.334,-2.7938483015360247
device_yaw,36.384,-3.7878570969434695
device_yaw,36.434,-4.61452313797631
device_yaw,36.484,-5.275044431812603
device_yaw,36.534,-5.92788282771994
device_yaw,36.584,-6.518821175584932
device_yaw,36.634,-7.075394169775446
device_yaw,36.684,-7.491219009141636
device_yaw,36.734,-7.598696531469448
device_yaw,36.784,-7.3856404050380915
device_yaw,36.834,-6.86399037111388
device_yaw,36.884,-6.218744082100302
device_yaw,36.934,-5.608609724570097
device_yaw,36.984,-5.1273985173852346
device_yaw,37.034,-4.726728447409031
device_yaw,37.084,-4.3259149934992935
device_yaw,37.134,-4.143746654909496
device_yaw,37.184,-4.241649089606846
device_yaw,37.234,-4.621495815962083
device_yaw,37.284,-5.2760828350057265
device_yaw,37.334,-6.251994012884959
device_yaw,37.384,-7.560658477618168
device_yaw,37.434,-9.079239597172359
device_yaw,37.484,-10.585960307580166
device_yaw,37.534,-11.988004861752863
device_yaw,37.584,-13.32945714438709
device_yaw,37.634,-14.672934802725514
device_yaw,37.684,-15.735811436349815
device_yaw,37.734,-16.48230048693513
device_yaw,37.784,-16.90699333739265
device_yaw,37.834,-16.950850476029743
device_yaw,37.884,-16.580947034494354
device_yaw,37.934,-15.838652376496759
device_yaw,37.984,-14.919589883745273
device_yaw,38.034,-14.034459273249553
device_yaw,38.084,-13.26038266276081
device_yaw,38.134,-12.543930813775221
device_yaw,38.184,-11.916844965367256
device_yaw,38.234,-11.619613585962318
device_yaw,38.284,-11.64796421876746
device_yaw,38.334,-11.830962334388799
device_yaw,38.384,-12.312512763560381
device_yaw,38.434,-13.12159027410986
device_yaw,38.484,-14.190058897597094
device_yaw,38.534,-15.33676154615958
device_yaw,38.584,-16.328369998361087
device_yaw,38.634,-17.151861304861878
device_yaw,38.684,-17.84076254750069
device_yaw,38.734,-18.346955317876493
device_yaw,38.784,-18.645749403186258
device_yaw,38.834,-18.532648024725606
device_yaw,38.884,-18.189092059136623
device_yaw,38.934,-17.634879366907978
device_yaw,38.984,-16.860865483263403
device_yaw,39.034,-15.925661122375715
device_yaw,39.084,-14.915211392739815
device_yaw,39.134,-14.064647241599976
device_yaw,39.184,-13.388677757676367
device_yaw,39.234,-12.905933709748961
device_yaw,39.284,-12.525588258242369
device_yaw,39.334,-12.148706186514822
device_yaw,39.384,-11.899652444176343
device_yaw,39.434,-11.718929038454718
device_yaw,39.484,-11.668189881752157
device_yaw,39.534,-11.83506185681825
device_yaw,39.584,-12.166034660129888
device_yaw,39.634,-12.562900796054533
device_yaw,39.684,-12.856143076038029
device_yaw,39.734,-13.049103442517866
device_yaw,39.784,-13.158842170745146
device_yaw,39.834,-13.262450042618035
device_yaw,39.884,-13.337997509336743
device_yaw,39.934,-13.395881046335006
device_yaw,39.984,-13.459931535897484
device_yaw,40.034,-13.399412661776415
device_yaw,40.084,-13.12202378943697
device_yaw,40.134,-12.632247685400442
device_yaw,40.184,-12.031435226963406
device_yaw,40.234,-11.494173945962574
device_yaw,40.284,-11.031106130668304
device_yaw,40.334,-10.612243175993108
device_yaw,40.384,-10.165499987819071
device_yaw,40.434,-9.714679869122767
device_yaw,40.484,-9.31951019260536
device_yaw,40.534,-9.01060884375235
device_yaw,40.584,-8.780377280367473
device_yaw,40.634,-8.68213577388753
device_yaw,40.684,-8.729199127609803
device_yaw,40.734,-8.825064229185283
device_yaw,40.784,-8.836460818259534
device_yaw,40.834,-8.679586646974666
device_yaw,40.884,-8.300733551270598
device_yaw,40.934,-7.66736639127917
device_yaw,40.984,-6.921127890064875
device_yaw,41.034,-6.001004133058705
device_yaw,41.084,-4.769860414102883
device_yaw,41.134,-3.177259786426228
device_yaw,41.184,-1.21270109783347
device_yaw,41.234,1.1107106064761672
device_yaw,41.284,3.6447033903494006
device_yaw,41.334,6.323925561223924
device_yaw,41.384,9.003637169569508
device_yaw,41.434,11.510910052864887
device_yaw,41.484,13.832267342286558
device_yaw,41.534,16.05577958486755
device_yaw,41.584,18.089404617602
device_yaw,41.634,19.710444166188037
device_yaw,41.684,20.893794894120887
device_yaw,41.734,21.76927784113777
device_yaw,41.784,22.318716754892485
device_yaw,41.834,22.625234819582086
device_yaw,41.884,22.726666746941447
device_yaw,41.934,22.81846284050223
device_yaw,41.984,23.092556877253614
device_yaw,42.034,23.521711459982466
device_yaw,42.084,24.13291948774186
device_yaw,42.134,24.926522060654644
device_yaw,42.184,25.985072846819563
device_yaw,42.234,27.290551149322802
device_yaw,42.284,28.778453307515704
device_yaw,42.334,30.44304442020947
device_yaw,42.384,32.25471331729122
device_yaw,42.434,34.137737914611485
device_yaw,42.484,35.969922363434996
device_yaw,42.534,37.58752690826409
device_yaw,42.584,38.89521882193938
device_yaw,42.634,39.94067635332377
device_yaw,42.684,40.797586423573144
device_yaw,42.734,41.2892889362131
device_yaw,42.784,41.39718872521433
device_yaw,42.834,41.31710443722613
device_yaw,42.884,41.154571398126706
device_yaw,42.934,40.85754382350128
device_yaw,42.984,40.43260963645929
device_yaw,43.034,39.97101295120959
device_yaw,43.084,38.930017787967024
device_yaw,43.134,38.01205113663286
device_yaw,43.184,37.20793563434902
device_yaw,43.234,36.58901812319686
device_yaw,43.284,36.20656173909366
device_yaw,43.334,36.18644477354078
device_yaw,43.384,36.36992196469713
device_yaw,43.434,36.774444000661674
device_yaw,43.484,37.385610019889256
device_yaw,43.534,38.121647173559616
device_yaw,43.584,38.86783530702011
device_yaw,43.634,40.254342189184754
device_yaw,43.684,41.630560093907704
device_yaw,43.734,42.87314125853929
device_yaw,43.784,44.02303571854216
device_yaw,43.834,45.09231643427556
device_yaw,43.884,46.04266340626719
device_yaw,43.934,46.79040495623067
device_yaw,43.984,47.334459368162726
device_yaw,44.034,47.677436926202944
device_yaw,44.084,47.91404178561471
device_yaw,44.134,48.10765358931115
device_yaw,44.184,48.24280779920695
device_yaw,44.234,48.41436515567023
device_yaw,44.284,48.72995119017674
device_yaw,44.334,49.09156610556706
device_yaw,44.384,49.61950589153384
device_yaw,44.434,50.15738401683578
device_yaw,44.484,50.7229489457648
device_yaw,44.534,51.247603631507396
device_yaw,44.584,51.881011822909066
device_yaw,44.634,52.57527240160702
device_yaw,44.684,53.29234631449272
device_yaw,44.734,53.98747756100679
device_yaw,44.784,53.7702954385162
device_yaw,44.834,53.48616844355811
device_yaw,44.884,53.10683207269056
device_yaw,44.934,52.59619770494548
device_yaw,44.984,52.038393187154384
device_yaw,45.034,51.46687709116068
device_yaw,45.084,50.91756330207438
device_yaw,45.134,50.23729249725137
device_yaw,45.184,49.49352244801707
device_yaw,45.234,48.713830542931866
device_yaw,45.284,47.890806248658784
device_yaw,45.334,47.89241119509615
device_yaw,45.384,47.86279453512662
device_yaw,45.434,47.81628183961225
device_yaw,45.484,47.83592559627824
device_yaw,45.534,47.871964904270044
device_yaw,45.584,47.96396064128615
device_yaw,45.634,48.06581988758142
device_yaw,45.684,48.224975103681416
device_yaw,45.734,48.42709603298837
device_yaw,45.784,48.67496534363195
device_yaw,45.834,49.01098976604353
device_yaw,45.884,49.404047416029286
device_yaw,45.934,49.8587842396892
device_yaw,45.984,50.42215311358586
device_yaw,46.034,50.98858046885923
device_yaw,46.084,51.75311612505018
device_yaw,46.134,52.53460728386628
device_yaw,46.184,53.39306230548143
device_yaw,46.234,54.387131224715674
device_yaw,46.284,55.532828394845595
device_yaw,46.334,56.7268544412784
device_yaw,46.384,57.89133308112455
device_yaw,46.434,59.017868989934115
device_yaw,46.484,60.08321330979088
device_yaw,46.534,61.02130500257022
device_yaw,46.584,61.87426710496568
device_yaw,46.634,62.44732405099901
device_yaw,46.684,62.879124749723
device_yaw,46.734,63.06891804612738
device_yaw,46.784,63.02244555550729
device_yaw,46.834,62.70536036358451
device_yaw,46.884,62.11239236189995
device_yaw,46.934,61.3374092186576
device_yaw,46.984,60.41705887099894
device_yaw,47.034,59.45511437927735
device_yaw,47.084,58.5237758903693
device_yaw,47.134,57.644093346965626
device_yaw,47.184,56.94418279872357
device_yaw,47.234,56.25480371416368
device_yaw,47.284,55.73770683302143
device_yaw,47.334,55.37156730382265
device_yaw,47.384,55.28120733674163
device_yaw,47.434,55.50502176325835
device_yaw,47.484,55.96246030988009
device_yaw,47.534,56.60117991151287
device_yaw,47.584,57.35269808940678
device_yaw,47.634,58.10088387596329
device_yaw,47.684,58.78343267718704
device_yaw,47.734,59.40798225046858
device_yaw,47.784,60.10865181818971
device_yaw,47.834,60.6992428666055
device_yaw,47.884,61.10322057463389
device_yaw,47.934,61.24183536677242
device_yaw,47.984,61.30462999151936
device_yaw,48.034,61.21177535180818
device_yaw,48.084,60.958724324344075
device_yaw,48.134,60.61513126293489
device_yaw,48.184,60.30429252206598
device_yaw,48.234,60.1242497381968
device_yaw,48.284,59.977180488289015
device_yaw,48.334,59.8935023060707
device_yaw,48.384,59.92114960096726
device_yaw,48.434,60.20171300411326
device_yaw,48.484,60.68363247365542
device_yaw,48.534,61.20819847662256
device_yaw,48.584,61.93546500761884
device_yaw,48.634,62.837413151307025
device_yaw,48.684,63.80361614886824
device_yaw,48.734,64.78292708253292
device_yaw,48.784,65.71094823914918
device_yaw,48.834,66.59008411904384
device_yaw,48.884,67.38133924487607
device_yaw,48.934,68.08343480852177
device_yaw,48.984,68.59610997878657
device_yaw,49.034,68.95876388174183
device_yaw,49.084,69.16852121656535
device_yaw,49.134,69.16278224127555
device_yaw,49.184,69.08622073817072
device_yaw,49.234,68.89865360640424
device_yaw,49.284,68.6465294720691
device_yaw,49.334,68.30937202840404
device_yaw,49.384,67.8774401593542
device_yaw,49.434,67.38070994071656
device_yaw,49.484,66.87684142701681
device_yaw,49.534,66.41386558790465
device_yaw,49.584,66.01151857088608
device_yaw,49.634,65.69106787308195
device_yaw,49.684,65.49374385090091
device_yaw,49.734,65.33517463297945
device_yaw,49.784,65.30118555015999
device_yaw,49.834,65.37100836256487
device_yaw,49.884,65.47065122359582
device_yaw,49.934,65.65825898425923
device_yaw,49.984,66.00225392703804
device_yaw,50.034,66.44245303398831
device_yaw,50.084,66.86392847630252
device_yaw,50.134,67.24646707519884
device_yaw,50.184,67.58096848949464
device_yaw,50.234,67.82074932702757
device_yaw,50.284,67.98763745808272
device_yaw,50.334,68.10998599758234
device_yaw,50.384,68.07138592899355
device_yaw,50.434,67.87348746493112
device_yaw,50.484,67.4866841243122
device_yaw,50.534,66.93374331808181
device_yaw,50.584,66.24423289873268
device_yaw,50.634,65.40359002658131
device_yaw,50.684,64.47476357835612
device_yaw,50.734,63.52638853675017
device_yaw,50.784,62.61625655547011
device_yaw,50.834,61.75170641393109
device_yaw,50.884,60.90448786460206
device_yaw,50.934,60.12041799897557
device_yaw,50.984,59.43342029502221
device_yaw,51.034,58.95664513799074
device_yaw,51.084,58.614200365601725
device_yaw,51.134,58.49070484182785
device_yaw,51.184,58.685025705292425
device_yaw,51.234,59.06455559111673
device_yaw,51.284,59.49157799647707
device_yaw,51.334,59.90035381693511
device_yaw,51.384,60.21116013707835
device_yaw,51.434,60.41868754570496
device_yaw,51.484,60.591915791698284
device_yaw,51.534,60.65527528040115
device_yaw,51.584,60.614489078037174
device_yaw,51.634,60.57429763217928
device_yaw,51.684,60.455310114363144
device_yaw,51.734,60.111113308595606
device_yaw,51.784,59.477427544018774
device_yaw,51.834,58.78146040232918
device_yaw,51.884,58.08626199066011
device_yaw,51.934,57.57431485441012
device_yaw,51.984,57.20113530700575
device_yaw,52.034,56.90494964594644
device_yaw,52.084,56.80926517093042
device_yaw,52.134,56.8942295616011
device_yaw,52.184,56.89325884338961
device_yaw,52.234,56.92220258217023
device_yaw,52.284,57.13146634517675
device_yaw,52.334,57.64125156210761
device_yaw,52.384,58.25485671115353
device_yaw,52.434,58.89367740308505
device_yaw,52.484,59.381747612577435
device_yaw,52.534,59.724526796703095
device_yaw,52.584,60.01567025676717
device_yaw,52.634,60.250034672852685
device_yaw,52.684,60.34266179627303
device_yaw,52.734,60.42373739600004
device_yaw,52.784,60.451339180421
device_yaw,52.834,60.29873712045146
device_yaw,52.884,59.95920790890461
device_yaw,52.934,59.509090505823266
device_yaw,52.984,59.04868480910009
device_yaw,53.034,58.65384297361317
device_yaw,53.084,58.36210607820045
device_yaw,53.134,58.06807829275716
device_yaw,53.184,57.56290143387635
device_yaw,53.234,57.15331433454099
device_yaw,53.284,56.80940597626306
device_yaw,53.334,56.4494207646687
device_yaw,53.384,56.23412955755705
device_yaw,53.434,56.17385241230966
device_yaw,53.484,56.21748617595808
device_yaw,53.534,56.35141468381605
device_yaw,53.584,56.47411849060852
device_yaw,53.634,56.50070665836142
device_yaw,53.684,56.468320098368075
device_yaw,53.734,56.64789151095524
device_yaw,53.784,56.7230232426456
device_yaw,53.834,56.7893467378858
device_yaw,53.884,56.80726978056311
device_yaw,53.934,56.647415502366215
device_yaw,53.984,56.31448621260263
device_yaw,54.034,55.89103318843183
device_yaw,54.084,55.37589670835849
device_yaw,54.134,54.8470535015668
device_yaw,54.184,54.33689479010467
device_yaw,54.234,53.88833031811559
device_yaw,54.284,53.40877506531067
device_yaw,54.334,52.988130558251505
device_yaw,54.384,52.63887994247482
device_yaw,54.434,52.41607312398583
device_yaw,54.484,52.60356454321403
device_yaw,54.534,53.11593578372639
device_yaw,54.584,53.95149170053567
device_yaw,54.634,55.122713909739325
device_yaw,54.684,56.491492691926574
device_yaw,54.734,58.03799796228422
device_yaw,54.784,59.65789318820435
device_yaw,54.834,61.391980475947506
device_yaw,54.884,63.0513414593724
device_yaw,54.934,64.58663322839135
device_yaw,54.984,65.91645929239581
device_yaw,55.034,66.76687225980048
device_yaw,55.084,67.1600585537206
device_yaw,55.134,66.98434685102539
device_yaw,55.184,66.23900483056644
device_yaw,55.234,65.21588722803175
device_yaw,55.284,64.02300033591553
device_yaw,55.334,62.75483690735284
device_yaw,55.384,61.57842969823278
device_yaw,55.434,60.4798257850835
device_yaw,55.484,59.51604445261146
device_yaw,55.534,58.83600541568271
device_yaw,55.584,58.55513880653746
device_yaw,55.634,58.52824852937715
device_yaw,55.684,58.93730475589021
device_yaw,55.734,59.76230421896751
device_yaw,55.784,60.83489663970786
device_yaw,55.834,61.952730092748155
device_yaw,55.884,63.02315109893166
device_yaw,55.934,63.929691459743886
device_yaw,55.984,64.6299257494941
device_yaw,56.034,64.94423503243432
device_yaw,56.084,64.84054988529236
device_yaw,56.134,64.38289415421515
device_yaw,56.184,63.762067806616024
device_yaw,56.234,62.71695536747248
device_yaw,56.284,61.207476586844884
device_yaw,56.334,59.39815931970266
device_yaw,56.384,57.54895767775246
device_yaw,56.434,55.802436455135194
device_yaw,56.484,54.23503193732113
device_yaw,56.534,52.87598893556978
device_yaw,56.584,52.003721937212134
device_yaw,56.634,51.531556854872115
device_yaw,56.684,51.39437878896305
device_yaw,56.734,51.69494863942528
device_yaw,56.784,52.53095965331572
device_yaw,56.834,53.848480480134135
device_yaw,56.884,55.45414845498053
device_yaw,56.934,57.137774755669085
device_yaw,56.984,58.72356405849391
device_yaw,57.034,60.038005229049425
device_yaw,57.084,61.12428187393087
device_yaw,57.134,61.84267796704512
device_yaw,57.184,62.274110256135216
device_yaw,57.234,62.42126357545082
device_yaw,57.284,62.11718737679817
device_yaw,57.334,61.43196033743961
device_yaw,57.384,60.364588743107326
device_yaw,57.434,59.07752814004446
device_yaw,57.484,57.76036977295719
device_yaw,57.534,56.59161588140566
device_yaw,57.584,55.59734671838437
device_yaw,57.634,54.75344495771569
device_yaw,57.684,54.36786876763544
device_yaw,57.734,54.403136828097786
device_yaw,57.784,54.80341391279028
device_yaw,57.834,55.73777089698374
device_yaw,57.884,57.146274577082956
device_yaw,57.934,58.97936381016202
device_yaw,57.984,61.02039971642653
device_yaw,58.034,63.070310617036064
device_yaw,58.084,64.96559771714993
device_yaw,58.134,66.76004872601807
device_yaw,58.184,68.31886608462305
device_yaw,58.234,69.33726673647938
device_yaw,58.284,69.85570055792756
device_yaw,58.334,69.95660336115506
device_yaw,58.384,69.51317027042352
device_yaw,58.434,68.48355987630885
device_yaw,58.484,67.00790174116148
device_yaw,58.534,65.23494440381718
device_yaw,58.584,63.391368776595804
device_yaw,58.634,61.64046084147927
device_yaw,58.684,59.97596087532181
device_yaw,58.734,58.58546401480576
device_yaw,58.784,57.6556313146546
device_yaw,58.834,57.14393648804073
device_yaw,58.884,57.04611822741876
device_yaw,58.934,57.443261951112504
device_yaw,58.984,58.351053504331546
device_yaw,59.034,59.702458793984306
device_yaw,59.084,61.440889016065654
device_yaw,59.134,63.296644151085864
device_yaw,59.184,65.12868793685874
device_yaw,59.234,66.94908740933761
device_yaw,59.284,68.650898564951
device_yaw,59.334,69.86959208488278
device_yaw,59.384,70.6602109603046
device_yaw,59.434,71.06385663800974
device_yaw,59.484,70.98197535066453
device_yaw,59.534,70.33859560774296
device_yaw,59.584,69.22247677177732
device_yaw,59.634,67.72992746732758
device_yaw,59.684,66.17412979076437
device_yaw,59.734,64.73885597478679
device_yaw,59.784,63.52084124965065
device_yaw,59.834,62.47108670406915
device_yaw,59.884,61.839856661144296
device_yaw,59.934,61.677922062145676
device_yaw,59.984,61.86398243734588
device_yaw,60.034,62.47050431553632
device_yaw,60.084,63.47425774526629
device_yaw,60.134,64.76056895749443
device_yaw,60.184,66.13554409258997
device_yaw,60.234,67.35873686511749
device_yaw,60.284,68.21694856011327
device_yaw,60.334,68.69684863948272
device_yaw,60.384,69.03143122977961
device_yaw,60.434,68.95630752404458
device_yaw,60.484,68.4786751333954
device_yaw,60.534,67.63095656429601
device_yaw,60.584,66.42809158379194
device_yaw,60.634,64.92007105940401
device_yaw,60.684,63.09875067266337
device_yaw,60.734,61.18653726309488
device_yaw,60.784,59.43964742534963
device_yaw,60.834,57.91877649624012
device_yaw,60.884,56.57992795249898
device_yaw,60.934,55.32721733990991
device_yaw,60.984,54.28435047513412
device_yaw,61.034,53.48570312049619
device_yaw,61.084,52.88611425162517
device_yaw,61.134,52.426043813240156
device_yaw,61.184,52.332679740558
device_yaw,61.234,52.65178764862184
device_yaw,61.284,53.1910225389206
device_yaw,61.334,53.733348744532535
device_yaw,61.384,54.21392244439819
device_yaw,61.434,54.60678861691829
device_yaw,61.484,54.93683474080899
device_yaw,61.534,55.306019740652594
device_yaw,61.584,55.59375054572976
device_yaw,61.634,55.8735687120817
device_yaw,61.684,56.09025525242907
device_yaw,61.734,56.01897008983814
device_yaw,61.784,55.70790424121496
device_yaw,61.834,55.24270263197969
device_yaw,61.884,54.7634397897828
device_yaw,61.934,54.36622145714895
device_yaw,61.984,53.98908515134246
device_yaw,62.034,53.73864070716666
device_yaw,62.084,53.39529236024857
device_yaw,62.134,53.121344942506994
device_yaw,62.184,52.83521093821601
device_yaw,62.234,52.5755322980611
device_yaw,62.284,52.398269497367096
device_yaw,62.334,52.279124431336875
device_yaw,62.384,52.072995268974545
device_yaw,62.434,51.696489157429504
device_yaw,62.484,51.23086149276144
device_yaw,62.534,50.71370711988236
device_yaw,62.584,50.01086897844882
device_yaw,62.634,49.233815626133854
device_yaw,62.684,48.35161615388452
device_yaw,62.734,47.496636539168556
device_yaw,62.784,46.73969938347134
device_yaw,62.834,45.98241706596378
device_yaw,62.884,45.180623360954606
device_yaw,62.934,44.49865315103203
device_yaw,62.984,43.85755810635826
device_yaw,63.034,43.23761552997457
device_yaw,63.084,42.62181352174043
device_yaw,63.134,42.13708707931557
device_yaw,63.184,41.89017639107212
device_yaw,63.234,41.75756519129145
device_yaw,63.284,41.66046866228547
device_yaw,63.334,41.65318492600067
device_yaw,63.384,41.90862012289651
device_yaw,63.434,42.527541372786985
device_yaw,63.484,43.411017905419776
device_yaw,63.534,44.582354972386845
device_yaw,63.584,45.89335510216217
device_yaw,63.634,47.266924472315615
device_yaw,63.684,48.57264185405216
device_yaw,63.734,49.733624411837994
device_yaw,63.784,50.75111914183149
device_yaw,63.834,51.654915880759866
device_yaw,63.884,52.46578003382238
device_yaw,63.934,53.43277580245896
device_yaw,63.984,54.38452268959738
device_yaw,64.034,55.10462876869793
device_yaw,64.084,55.90021912174917
device_yaw,64.134,56.41897744355924
device_yaw,64.184,56.8593241149377
device_yaw,64.234,57.22071510434425
device_yaw,64.284,57.56914667971951
device_yaw,64.334,57.9536759373679
device_yaw,64.384,58.285339882740026
device_yaw,64.434,58.57176337532556
device_yaw,64.484,58.55522715368054
device_yaw,64.534,58.321155080763035
device_yaw,64.584,58.155246686622036
device_yaw,64.634,57.744091652182185
device_yaw,64.684,57.45354243211782
device_yaw,64.734,57.07581125180291
device_yaw,64.784,56.69360260931415
device_yaw,64.834,56.28004890417927
device_yaw,64.884,55.756318614659286
device_yaw,64.934,55.10408357718288
device_yaw,64.984,54.373782080658
device_yaw,65.034,53.60397473459057
device_yaw,65.084,52.73944528221064
device_yaw,65.134,51.80105347907472
device_yaw,65.184,50.897623344632784
device_yaw,65.234,50.07117997785077
device_yaw,65.284,49.28800584321646
device_yaw,65.334,48.59975368223067
device_yaw,65.384,48.10703408326897
device_yaw,65.434,47.72678353903059
device_yaw,65.484,47.46894175595991
device_yaw,65.534,47.34343693507902
device_yaw,65.584,47.21525002746636
device_yaw,65.634,47.23370080557541
device_yaw,65.684,47.38856356133682
device_yaw,65.734,47.63396549361919
device_yaw,65.784,47.949476864616706
device_yaw,65.834,48.398519655836814
device_yaw,65.884,48.84667581910628
device_yaw,65.934,49.125272651820005
device_yaw,65.984,49.295634443638306
device_yaw,66.034,49.53881111422257
device_yaw,66.084,49.609117608483714
device_yaw,66.134,49.63179938119333
device_yaw,66.184,49.551390817675745
device_yaw,66.234,49.40395042023647
device_yaw,66.284,49.06353687975217
device_yaw,66.334,48.56693545008148
device_yaw,66.384,48.00885483443448
device_yaw,66.434,47.42861608451376
device_yaw,66.484,46.98525495195395
device_yaw,66.534,46.69198004240215
device_yaw,66.584,46.37786557901707
device_yaw,66.634,45.96862562126691
device_yaw,66.684,45.645598478464926
device_yaw,66.734,45.364393374774835
device_yaw,66.784,45.146964608693715
device_yaw,66.834,45.13825011192753
device_yaw,66.884,45.28435896202587
device_yaw,66.934,45.515053723745446
device_yaw,66.984,45.83678903107585
device_yaw,67.034,46.056859350655536
device_yaw,67.084,46.19670491957989
device_yaw,67.134,46.312264356446896
device_yaw,67.184,46.540300762725835
device_yaw,67.234,46.70385947788195
device_yaw,67.284,46.76597432280373
device_yaw,67.334,46.76741736425435
device_yaw,67.384,46.67440810904638
device_yaw,67.434,46.39486854722682
device_yaw,67.484,46.028612419309376
device_yaw,67.534,45.62790084059024
device_yaw,67.584,45.33187471850517
device_yaw,67.634,45.12788448392637
device_yaw,67.684,45.01409731604023
device_yaw,67.734,45.040684357572474
device_yaw,67.784,44.99447760576309
device_yaw,67.834,45.132095497653815
device_yaw,67.884,45.37647748291934
device_yaw,67.934,45.727667643648644
device_yaw,67.984,46.31120680937159
device_yaw,68.034,46.97308937562188
device_yaw,68.084,47.65655605684955
device_yaw,68.134,48.29344915475319
device_yaw,68.184,48.87812322421453
device_yaw,68.234,49.36102636382663
device_yaw,68.284,49.70483968977259
device_yaw,68.334,50.07700806717585
device_yaw,68.384,50.358684167424755
device_yaw,68.434,50.47105578324044
device_yaw,68.484,50.42149143358284
device_yaw,68.534,50.26305121949438
device_yaw,68.584,49.976642760054
device_yaw,68.634,49.5601908568959
device_yaw,68.684,48.96269367888358
device_yaw,68.734,48.22380258534174
device_yaw,68.784,47.33496168141805
device_yaw,68.834,46.32416682464362
device_yaw,68.884,45.138481305597374
device_yaw,68.934,43.64269212807418
device_yaw,68.984,42.15744299282981
device_yaw,69.034,40.54203236529182
device_yaw,69.084,38.72715388687692
device_yaw,69.134,36.90727809988393
device_yaw,69.184,35.11547414452758
device_yaw,69.234,33.3632239077974
device_yaw,69.284,31.53318331522786
device_yaw,69.334,29.73689038370161
device_yaw,69.384,28.043410422380997
device_yaw,69.434,26.504619391664196
device_yaw,69.484,25.199375653828284
device_yaw,69.534,23.855403848424157
device_yaw,69.584,22.61627438576086
device_yaw,69.634,21.574241364177368
device_yaw,69.684,20.484308593506352
device_yaw,69.734,19.343846686885126
device_yaw,69.784,18.28893084914637
device_yaw,69.834,17.375824923444462
device_yaw,69.884,16.56826381313576
device_yaw,69.934,15.75047486715486
device_yaw,69.984,14.910208116245423
device_yaw,70.034,14.031376850756567
device_yaw,70.084,13.109578641179313
device_yaw,70.134,12.132859325869532
device_yaw,70.184,10.986478047237107
device_yaw,70.234,9.808203259154146
device_yaw,70.284,8.587371868054332
device_yaw,70.334,7.263102031306147
device_yaw,70.384,5.899726818693569
device_yaw,70.434,4.428198028063557
device_yaw,70.484,2.8402368770442887
device_yaw,70.534,1.1357950410511075
device_yaw,70.584,-0.6024756454291047
device_yaw,70.634,-2.391201733202597
device_yaw,70.684,-4.222573600758697
device_yaw,70.734,-6.044499990209175
device_yaw,70.784,-7.841156931084959
device_yaw,70.834,-9.609631444712498
device_yaw,70.884,-11.511791615895573
device_yaw,70.934,-13.62049327480264
device_yaw,70.984,-15.869183199602684
device_yaw,71.034,-18.201660696316125
device_yaw,71.084,-20.052201529648553
device_yaw,71.134,-21.447372356248774
device_yaw,71.184,-23.12582223875119
device_yaw,71.234,-25.092758800177418
device_yaw,71.284,-26.107423339554742
device_yaw,71.334,-27.153479371516912
device_yaw,71.384,-28.251108446176232
device_yaw,71.434,-29.189794509221997
device_yaw,71.484,-29.828697963767553
gyro_norm,0.004,0.11353132014263902
gyro_norm,0.034,0.19250462327779247
gyro_norm,0.037,0.15820100651956515
gyro_norm,0.058,0.09893334389084116
gyro_norm,0.08,0.10568291328653673
gyro_norm,0.103,0.11762409287862702
gyro_norm,0.125,0.13434894203103723
gyro_norm,0.149,0.14614947952129684
gyro_norm,0.168,0.12150423246667975
gyro_norm,0.19,0.08408021625305458
gyro_norm,0.212,0.09207101757149448
gyro_norm,0.234,0.05087993779407127
gyro_norm,0.255,0.060452471323971746
gyro_norm,0.277,0.11513565285128345
gyro_norm,0.3,0.09228216852003182
gyro_norm,0.321,0.05305255862190988
gyro_norm,0.344,0.05850326054811922
gyro_norm,0.365,0.07878158214512501
gyro_norm,0.387,0.037434474758173755
gyro_norm,0.409,0.041961118174958324
gyro_norm,0.431,0.06746859028763735
gyro_norm,0.453,0.03746654836848199
gyro_norm,0.479,0.016370578278281447
gyro_norm,0.496,0.03352842214547446
gyro_norm,0.518,0.03815766222532054
gyro_norm,0.54,0.022993298686268208
gyro_norm,0.561,0.03502431990555086
gyro_norm,0.585,0.03605428522057943
gyro_norm,0.605,0.039063417436629506
gyro_norm,0.627,0.017119206276224666
gyro_norm,0.649,0.025896092010335416
gyro_norm,0.671,0.043764580720835076
gyro_norm,0.693,0.055865538908957776
gyro_norm,0.715,0.06432706245350661
gyro_norm,0.737,0.07113198580535447
gyro_norm,0.759,0.0687122763680046
gyro_norm,0.781,0.06184101045485202
gyro_norm,0.803,0.07765044329024032
gyro_norm,0.825,0.08824525118897746
gyro_norm,0.846,0.09913269625089444
gyro_norm,0.868,0.10975918159363844
gyro_norm,0.89,0.1415208691886574
gyro_norm,0.912,0.14141503070853678
gyro_norm,0.935,0.10949016067475657
gyro_norm,0.956,0.09591233804381374
gyro_norm,0.982,0.10823495494011716
gyro_norm,0.999,0.12563457670602773
gyro_norm,1.021,0.11317186732280973
gyro_norm,1.043,0.07479446039571865
gyro_norm,1.065,0.11319989577624112
gyro_norm,1.087,0.1379098248203003
gyro_norm,1.109,0.14636953153123652
gyro_norm,1.131,0.18274322361933926
gyro_norm,1.152,0.21001725133478008
gyro_norm,1.179,0.24123658869694808
gyro_norm,1.196,0.27260610603273655
gyro_norm,1.218,0.27021247625061345
gyro_norm,1.24,0.288074005781572
gyro_norm,1.263,0.3504280765995505
gyro_norm,1.285,0.39765728459541466
gyro_norm,1.306,0.40939000223748
gyro_norm,1.328,0.42294900984969075
gyro_norm,1.35,0.4426188570141104
gyro_norm,1.372,0.46174657703963407
gyro_norm,1.394,0.48817729581965036
gyro_norm,1.415,0.5209832446466997
gyro_norm,1.437,0.543972900802471
gyro_norm,1.459,0.5420428921907934
gyro_norm,1.481,0.5330134043353592
gyro_norm,1.503,0.5484963851975985
gyro_norm,1.525,0.5691708354113718
gyro_norm,1.547,0.5778317055609291
gyro_norm,1.569,0.5740740081072837
gyro_norm,1.59,0.5806640070651965
gyro_norm,1.612,0.61865354452793
gyro_norm,1.634,0.6772149444499527
gyro_norm,1.66,0.7043469757091032
gyro_norm,1.678,0.7167678496680444
gyro_norm,1.7,0.7436275475544321
gyro_norm,1.722,0.7430470740500252
gyro_norm,1.746,0.6725661380178247
gyro_norm,1.765,0.6609566896962072
gyro_norm,1.787,0.7717475104440483
gyro_norm,1.809,0.9187714275910873
gyro_norm,1.831,1.20997825541349
gyro_norm,1.852,1.3105090364950789
gyro_norm,1.875,0.9040706682165924
gyro_norm,1.903,0.30726947159968726
gyro_norm,1.919,0.5335379011309488
gyro_norm,1.94,0.887768301778704
gyro_norm,1.962,1.0282667365778968
gyro_norm,1.987,1.1597792559008684
gyro_norm,2.006,1.2645520514973783
gyro_norm,2.027,1.2055059636015737
gyro_norm,2.049,0.9488022056060328
gyro_norm,2.071,0.6136789397476188
gyro_norm,2.101,0.39496127105515766
gyro_norm,2.116,0.4006260822626744
gyro_norm,2.137,0.5430336380542856
gyro_norm,2.159,0.7218394366835124
gyro_norm,2.188,0.7996294987745675
gyro_norm,2.203,0.7354761882219132
gyro_norm,2.225,0.6100536165336494
gyro_norm,2.246,0.5691802890562494
gyro_norm,2.269,0.6178119491863443
gyro_norm,2.291,0.6759251846556038
gyro_norm,2.312,0.7441417661920912
gyro_norm,2.343,0.8059643961448255
gyro_norm,2.359,0.8199284841296475
gyro_norm,2.378,0.7822738698884731
gyro_norm,2.4,0.6974066035739996
gyro_norm,2.422,0.6543261581943333
gyro_norm,2.444,0.8035804742688855
gyro_norm,2.466,0.9576068692381648
gyro_norm,2.488,1.0825056982465358
gyro_norm,2.509,1.0853271465404788
gyro_norm,2.531,0.8328108517837316
gyro_norm,2.553,0.5014996480363202
gyro_norm,2.581,0.3702995862472771
gyro_norm,2.597,0.6027749855769627
gyro_norm,2.619,0.8200768373574492
gyro_norm,2.64,0.9343362619216663
gyro_norm,2.662,0.9536445370864559
gyro_norm,2.685,0.9548990809172985
gyro_norm,2.706,1.0153929555092966
gyro_norm,2.728,1.1550051108989863
gyro_norm,2.75,1.2902128192614621
gyro_norm,2.772,1.4157822261738722
gyro_norm,2.8,1.5629651525848265
gyro_norm,2.816,1.6702367395750848
gyro_norm,2.837,1.6537923549836888
gyro_norm,2.861,1.4363035034247214
gyro_norm,2.881,1.1272925068975195
gyro_norm,2.903,0.8918555184762584
gyro_norm,2.925,0.8638593741818005
gyro_norm,2.946,0.9509251440186393
gyro_norm,2.968,1.0973801163728596
gyro_norm,2.991,1.2989998994872014
gyro_norm,3.013,1.312126563777901
gyro_norm,3.034,1.0458154467161294
gyro_norm,3.056,0.675758577200901
gyro_norm,3.078,0.4629986630221311
gyro_norm,3.1,0.6749009249058228
gyro_norm,3.122,0.9294207281991835
gyro_norm,3.144,0.8989079466657593
gyro_norm,3.165,0.6235980827477811
gyro_norm,3.191,0.3843708866491184
gyro_norm,3.21,0.32235108016128594
gyro_norm,3.231,0.7036830195302028
gyro_norm,3.253,0.9679636156947837
gyro_norm,3.283,1.0428709694745701
gyro_norm,3.297,1.18044213536145
gyro_norm,3.319,1.272395493196467
gyro_norm,3.341,1.1325354551972755
gyro_norm,3.363,0.876231425835718
gyro_norm,3.385,0.6928676565915856
gyro_norm,3.406,0.6974149928574636
gyro_norm,3.428,0.6827246539385011
gyro_norm,3.45,0.5051315510781651
gyro_norm,3.472,0.37617789096842047
gyro_norm,3.5,0.4048929857019
gyro_norm,3.515,0.49281252618347965
gyro_norm,3.537,0.6322160720295639
gyro_norm,3.56,0.6755486600055443
gyro_norm,3.582,0.526348842847197
gyro_norm,3.603,0.6097425028632533
gyro_norm,3.625,1.4004945874346355
gyro_norm,3.648,1.826421405605833
gyro_norm,3.669,1.6388404198165152
gyro_norm,3.691,1.1751541568699007
gyro_norm,3.713,0.8724604576265023
gyro_norm,3.739,0.8713461964486277
gyro_norm,3.757,0.9633788632032102
gyro_norm,3.778,1.0538471326432282
gyro_norm,3.8,1.041738539029975
gyro_norm,3.823,0.9448017904527237
gyro_norm,3.845,0.845071667707174
gyro_norm,3.865,0.8607828322321918
gyro_norm,3.887,0.9952092956870735
gyro_norm,3.909,1.1945599516536831
gyro_norm,3.931,1.372546213548489
gyro_norm,3.953,1.435949454064764
gyro_norm,3.981,1.3905582752377879
gyro_norm,3.997,1.1616894482031177
gyro_norm,4.018,0.7433758096022464
gyro_norm,4.041,0.43671358535735816
gyro_norm,4.063,0.48797719822369384
gyro_norm,4.085,0.6122568109691806
gyro_norm,4.106,0.5983041370400838
gyro_norm,4.128,0.42683157347774603
gyro_norm,4.151,0.37333146646476767
gyro_norm,4.172,0.2966109131548354
gyro_norm,4.194,0.5013844123209961
gyro_norm,4.224,0.48040229730325057
gyro_norm,4.238,0.8150887318923523
gyro_norm,4.259,0.8581030456590703
gyro_norm,4.281,0.6535741127402774
gyro_norm,4.303,0.25818140246244925
gyro_norm,4.325,0.49223388952807384
gyro_norm,4.347,0.7933191251969949
gyro_norm,4.369,0.9522895031540222
gyro_norm,4.391,0.9973795631412306
gyro_norm,4.415,1.0419501647359126
gyro_norm,4.435,1.2821643435861438
gyro_norm,4.456,1.4536881786698308
gyro_norm,4.478,1.2400167239047557
gyro_norm,4.5,0.742094119070032
gyro_norm,4.523,0.4030234036785612
gyro_norm,4.545,0.486750034494394
gyro_norm,4.566,0.6569581689163722
gyro_norm,4.588,0.8342784877417484
gyro_norm,4.609,0.9442019413763144
gyro_norm,4.631,0.9244104707215153
gyro_norm,4.653,0.8341738563056692
gyro_norm,4.675,0.7248820313416144
gyro_norm,4.697,0.9480681542299845
gyro_norm,4.723,1.6083578871146924
gyro_norm,4.74,1.8165272340410605
gyro_norm,4.763,1.6004780654893063
gyro_norm,4.785,0.985182321881428
gyro_norm,4.806,0.7526348072345526
gyro_norm,4.828,0.5227114811388806
gyro_norm,4.85,0.17120813751447628
gyro_norm,4.872,0.3226537278856939
gyro_norm,4.894,0.6765128938045527
gyro_norm,4.916,0.6838425862998405
gyro_norm,4.943,0.4771012434945506
gyro_norm,4.959,0.4268475347021243
gyro_norm,4.981,0.5915528533725891
gyro_norm,5.004,0.7821429324944473
gyro_norm,5.025,0.9101493057817615
gyro_norm,5.047,0.9616900615107012
gyro_norm,5.069,0.9269014803607102
gyro_norm,5.091,0.7533241554768333
gyro_norm,5.113,0.5062870160766951
gyro_norm,5.134,0.6020813707747834
gyro_norm,5.157,0.847130031534986
gyro_norm,5.179,0.8676562072095545
gyro_norm,5.201,0.7381802273927235
gyro_norm,5.222,0.6356324966453841
gyro_norm,5.246,0.36483856071773346
gyro_norm,5.273,1.3336458578380779
gyro_norm,5.288,1.1050383340307335
gyro_norm,5.31,0.5221749164960228
gyro_norm,5.332,1.1900670768460455
gyro_norm,5.354,1.0954104937363311
gyro_norm,5.378,0.7508791760296498
gyro_norm,5.397,0.5352843325532247
gyro_norm,5.419,0.6966766098444855
gyro_norm,5.441,0.8570116550122894
gyro_norm,5.463,0.9305034196320814
gyro_norm,5.485,0.9517450533934476
gyro_norm,5.507,0.9403602401103555
gyro_norm,5.529,0.8577247568233488
gyro_norm,5.551,0.6727042220941485
gyro_norm,5.572,0.4485681638523043
gyro_norm,5.595,0.4348411738985648
gyro_norm,5.616,0.5438103122910894
gyro_norm,5.638,0.542702282409123
gyro_norm,5.66,0.417082375590385
gyro_norm,5.682,0.298207217797215
gyro_norm,5.704,0.4730202810791826
gyro_norm,5.725,0.678073139952612
gyro_norm,5.75,0.6419659348156799
gyro_norm,5.77,0.4037135142767729
gyro_norm,5.791,0.46637596494574596
gyro_norm,5.813,1.2709935349858785
gyro_norm,5.835,1.5957710776130924
gyro_norm,5.863,1.253754658099067
gyro_norm,5.878,0.6144098012235137
gyro_norm,5.901,0.26687735422162323
gyro_norm,5.923,0.21479662228204915
gyro_norm,5.945,0.25853300987130035
gyro_norm,5.966,0.45434509349547514
gyro_norm,5.989,0.5803991203437966
gyro_norm,6.01,0.5845810656317532
gyro_norm,6.032,0.565119379758497
gyro_norm,6.057,0.6231064201462663
gyro_norm,6.076,0.7069025174074268
gyro_norm,6.098,0.8024602606504433
gyro_norm,6.121,0.9143951387784126
gyro_norm,6.141,0.9418136681394863
gyro_norm,6.163,0.8315015073127761
gyro_norm,6.186,0.669781486240408
gyro_norm,6.207,0.43965700530981233
gyro_norm,6.232,0.4195849173100192
gyro_norm,6.25,0.668895349866839
gyro_norm,6.272,0.7888445743866586
gyro_norm,6.303,0.5971777607554096
gyro_norm,6.316,0.28582726184771773
gyro_norm,6.338,0.6000751181020622
gyro_norm,6.36,0.429164842978926
gyro_norm,6.382,0.9443687893023807
gyro_norm,6.404,0.26412843477972847
gyro_norm,6.425,0.5863828718421115
gyro_norm,6.448,0.48310778574578656
gyro_norm,6.47,0.302712870623165
gyro_norm,6.491,0.5214526938857205
gyro_norm,6.513,0.8204192627008522
gyro_norm,6.541,1.0871111471788035
gyro_norm,6.559,1.3545953554037238
gyro_norm,6.578,1.581032468972793
gyro_norm,6.602,1.688907575270859
gyro_norm,6.623,1.6536183613834643
gyro_norm,6.645,1.4218228398218102
gyro_norm,6.666,0.9975011470147052
gyro_norm,6.688,0.7140158394324135
gyro_norm,6.712,0.7115157977619359
gyro_norm,6.732,0.6644238799203159
gyro_norm,6.754,0.5292714454373795
gyro_norm,6.775,0.3982087355766665
gyro_norm,6.798,0.49981417230442976
gyro_norm,6.82,0.553010886392592
gyro_norm,6.841,0.549896403373286
gyro_norm,6.87,0.9804652111908955
gyro_norm,6.885,1.5928064021985335
gyro_norm,6.907,2.1010516351711637
gyro_norm,6.929,2.24663123681976
gyro_norm,6.952,1.8408913451935904
gyro_norm,6.972,1.1472592364342638
gyro_norm,6.994,0.5746465553203844
gyro_norm,7.016,0.2863117935879432
gyro_norm,7.038,0.6659074935654844
gyro_norm,7.06,0.9694030090654757
gyro_norm,7.082,0.9981090096427253
gyro_norm,7.105,0.8561031485265318
gyro_norm,7.125,0.8026493589400866
gyro_norm,7.148,0.9046040022566446
gyro_norm,7.169,1.0214418919839086
gyro_norm,7.191,1.0513737465019657
gyro_norm,7.213,0.9962584058683589
gyro_norm,7.235,0.7994295105542512
gyro_norm,7.256,0.5216167010836366
gyro_norm,7.279,0.44296388121616653
gyro_norm,7.3,0.5532759712876308
gyro_norm,7.322,0.6682255622708888
gyro_norm,7.345,0.7303952195197403
gyro_norm,7.366,0.700962934251074
gyro_norm,7.388,0.6390245697721958
gyro_norm,7.41,0.39971502080640664
gyro_norm,7.432,1.020187905224847
gyro_norm,7.468,1.219443414296294
gyro_norm,7.488,0.9405852553678657
gyro_norm,7.508,1.4725943542006876
gyro_norm,7.529,1.6091245740517515
gyro_norm,7.55,1.4368654564977181
gyro_norm,7.57,1.314815082765124
gyro_norm,7.591,1.4301171596304754
gyro_norm,7.613,1.5209667593375658
gyro_norm,7.632,1.4865794458172608
gyro_norm,7.654,1.314751730616396
gyro_norm,7.675,1.030204230053353
gyro_norm,7.695,0.879788442625079
gyro_norm,7.716,1.4922890928637487
gyro_norm,7.737,2.0883937543043047
gyro_norm,7.757,1.9481674758743854
gyro_norm,7.778,1.293853950787143
gyro_norm,7.8,0.5737020638291924
gyro_norm,7.819,0.18661275146342518
gyro_norm,7.841,0.09968016590209401
gyro_norm,7.862,0.18793712389988013
gyro_norm,7.905,0.9204245874677449
gyro_norm,7.926,1.0181636249508745
gyro_norm,7.948,0.7119307800641922
gyro_norm,7.97,0.33004919535203286
gyro_norm,7.992,0.694710808530052
gyro_norm,8.013,1.4598419705720274
gyro_norm,8.035,1.7390648250255762
gyro_norm,8.057,1.348204841783603
gyro_norm,8.079,0.5963887981320344
gyro_norm,8.101,0.4471172460723959
gyro_norm,8.123,0.7646890549401761
gyro_norm,8.145,1.0233283491178482
gyro_norm,8.166,1.180498702757364
gyro_norm,8.188,1.1070771218539144
gyro_norm,8.21,0.8557102419971311
gyro_norm,8.232,0.6210498916213149
gyro_norm,8.254,0.5111741932874254
gyro_norm,8.276,0.6152362320006377
gyro_norm,8.298,0.8150054820604489
gyro_norm,8.32,0.8997099769151821
gyro_norm,8.342,0.883215483491073
gyro_norm,8.364,0.8559985812458983
gyro_norm,8.385,0.8069444231613799
gyro_norm,8.407,0.6466209723601588
gyro_norm,8.429,0.5254220254109329
gyro_norm,8.451,0.7828518789918814
gyro_norm,8.473,1.0648971618261576
gyro_norm,8.495,1.1747952069575298
gyro_norm,8.517,1.008998559391287
gyro_norm,8.539,0.7497832464910308
gyro_norm,8.56,0.5936028135342711
gyro_norm,8.582,0.763891236648688
gyro_norm,8.604,0.8368543339835937
gyro_norm,8.626,1.2728505050703662
gyro_norm,8.648,1.2705539906091712
gyro_norm,8.67,1.2501315680859915
gyro_norm,8.692,1.0984009498383258
gyro_norm,8.714,1.135519482995598
gyro_norm,8.735,1.273570653793856
gyro_norm,8.757,1.1961915548338409
gyro_norm,8.779,1.17923078210922
gyro_norm,8.801,1.1975613568046053
gyro_norm,8.823,1.0667692352155136
gyro_norm,8.845,0.8191697268660522
gyro_norm,8.867,0.6940807668871426
gyro_norm,8.889,0.6416733555563009
gyro_norm,8.911,0.5697018545919617
gyro_norm,8.932,0.5090737139773822
gyro_norm,8.954,0.5702420439820307
gyro_norm,8.976,0.5705175457082149
gyro_norm,8.998,0.3811348758537971
gyro_norm,9.02,0.3148178848820132
gyro_norm,9.042,0.4182307593862937
gyro_norm,9.065,0.4701157968253852
gyro_norm,9.085,0.46623944391567085
gyro_norm,9.107,0.4190244746611136
gyro_norm,9.129,0.8231739207587988
gyro_norm,9.151,1.0943332683561835
gyro_norm,9.173,1.0146799984820871
gyro_norm,9.195,0.3942866169654242
gyro_norm,9.217,0.5396185980858738
gyro_norm,9.239,0.616359423996537
gyro_norm,9.26,0.5379588940623746
gyro_norm,9.282,0.5697015882567866
gyro_norm,9.305,0.6288796804303992
gyro_norm,9.326,0.5586391476284321
gyro_norm,9.348,0.3994287368680397
gyro_norm,9.37,0.3557521551431842
gyro_norm,9.392,0.46201222142812237
gyro_norm,9.414,0.6504426511392101
gyro_norm,9.436,0.929563641418928
gyro_norm,9.457,1.158833435257712
gyro_norm,9.48,1.1758684616963824
gyro_norm,9.501,0.9857396165643316
gyro_norm,9.523,0.6752839680903958
gyro_norm,9.545,0.42778457775342077
gyro_norm,9.567,0.5718550656247039
gyro_norm,9.589,0.6266472593475308
gyro_norm,9.611,0.818436133089226
gyro_norm,9.633,1.0107644377191316
gyro_norm,9.656,0.8109390869071278
gyro_norm,9.676,0.9997449047826408
gyro_norm,9.698,1.2442128975652764
gyro_norm,9.72,0.7132282992358131
gyro_norm,9.742,0.7311265928295075
gyro_norm,9.765,1.0465628994498664
gyro_norm,9.786,0.8991409864969406
gyro_norm,9.808,0.8326811924437305
gyro_norm,9.83,0.8555419828243
gyro_norm,9.851,0.9250463698169311
gyro_norm,9.874,0.9016789547037091
gyro_norm,9.899,0.8389637443012622
gyro_norm,9.917,0.7353481757915873
gyro_norm,9.94,0.6496788777784799
gyro_norm,9.961,0.556349639224632
gyro_norm,9.983,0.39554887147525003
gyro_norm,10.005,0.21389482967301937
gyro_norm,10.026,0.15940607975622917
gyro_norm,10.048,0.22928133456906968
gyro_norm,10.07,0.2668707562650717
gyro_norm,10.092,0.16563259292670274
gyro_norm,10.115,0.15044482353200822
gyro_norm,10.136,0.524627117413489
gyro_norm,10.158,0.691582271511457
gyro_norm,10.18,0.6176882381202394
gyro_norm,10.202,0.5672199501475947
gyro_norm,10.234,0.6007270849179247
gyro_norm,10.245,0.9865107629424691
gyro_norm,10.274,1.5073904435128214
gyro_norm,10.289,1.5659887379136468
gyro_norm,10.311,1.2770837967528792
gyro_norm,10.333,0.7508441901223604
gyro_norm,10.355,0.2687703038910949
gyro_norm,10.377,0.5383722335837974
gyro_norm,10.399,1.057731756192866
gyro_norm,10.42,1.347263871909271
gyro_norm,10.442,1.2449537628306815
gyro_norm,10.465,0.8611016741731466
gyro_norm,10.486,0.4275074996401077
gyro_norm,10.508,0.10469171542382623
gyro_norm,10.53,0.3564523393181899
gyro_norm,10.552,0.6940526071707979
gyro_norm,10.579,0.9789481090461171
gyro_norm,10.596,1.100542454639607
gyro_norm,10.617,1.0673436685811606
gyro_norm,10.639,0.9515873386981601
gyro_norm,10.661,0.845506110805484
gyro_norm,10.683,0.8496935056145076
gyro_norm,10.708,0.8821571019075654
gyro_norm,10.727,0.6913012150656888
gyro_norm,10.749,0.3058065021303838
gyro_norm,10.771,0.4565231786063479
gyro_norm,10.794,0.9722587478897344
gyro_norm,10.814,0.5497539135013126
gyro_norm,10.84,1.0155621163912587
gyro_norm,10.858,0.9587066403132005
gyro_norm,10.88,0.2799174294437546
gyro_norm,10.902,0.9096068137409579
gyro_norm,10.925,0.7957174021159121
gyro_norm,10.945,0.799071759031531
gyro_norm,10.967,0.9292519813620284
gyro_norm,10.99,0.8989173405911105
gyro_norm,11.011,0.8357930214861323
gyro_norm,11.033,0.88156763121425
gyro_norm,11.055,0.9148935136774939
gyro_norm,11.077,0.9457477128602082
gyro_norm,11.099,0.9064164405051687
gyro_norm,11.121,0.7167806972099097
gyro_norm,11.143,0.46658339077232397
gyro_norm,11.165,0.41378098884689
gyro_norm,11.187,0.5250680006434602
gyro_norm,11.208,0.5797980569488487
gyro_norm,11.23,0.4109133389741723
gyro_norm,11.252,0.24643781584641625
gyro_norm,11.283,0.4129421239920684
gyro_norm,11.295,0.4734418071501866
gyro_norm,11.318,0.4259360214522427
gyro_norm,11.34,0.37546386582354857
gyro_norm,11.361,0.5318372220143456
gyro_norm,11.383,0.7569758774939354
gyro_norm,11.412,1.2291318101037425
gyro_norm,11.427,1.2936419073204648
gyro_norm,11.449,0.9237225273500129
gyro_norm,11.471,0.5141160470377435
gyro_norm,11.493,0.4356172796469648
gyro_norm,11.523,0.49537671297673097
gyro_norm,11.536,0.5975454065672844
gyro_norm,11.559,0.6635492472598289
gyro_norm,11.58,0.6699478118347063
gyro_norm,11.602,0.6780052732043812
gyro_norm,11.625,0.6655754014600088
gyro_norm,11.645,0.6692326158532207
gyro_norm,11.668,0.7186680653812476
gyro_norm,11.69,0.6340494297605294
gyro_norm,11.711,0.42192488860269883
gyro_norm,11.733,0.3150046919911824
gyro_norm,11.755,0.3774275571355115
gyro_norm,11.777,0.4696400666223671
gyro_norm,11.799,0.5495654264468327
gyro_norm,11.832,0.5868994128384283
gyro_norm,11.845,0.6434137317383078
gyro_norm,11.865,0.7933519761386453
gyro_norm,11.886,1.0167964436111299
gyro_norm,11.908,1.260668778303987
gyro_norm,11.936,0.7772585124221364
gyro_norm,11.952,0.8829561381743318
gyro_norm,11.979,0.9832883128092039
gyro_norm,11.996,0.7173855494636319
gyro_norm,12.018,0.8791443546247034
gyro_norm,12.04,0.7318948267135242
gyro_norm,12.063,0.7100933401405137
gyro_norm,12.083,0.7079463829380533
gyro_norm,12.105,0.6411419482778931
gyro_norm,12.127,0.5603763659067774
gyro_norm,12.149,0.49884565279425863
gyro_norm,12.171,0.41614863414569564
gyro_norm,12.193,0.2690646957041687
gyro_norm,12.215,0.1710730122467227
gyro_norm,12.237,0.2226696965938592
gyro_norm,12.258,0.25060081149099983
gyro_norm,12.28,0.2736436745608405
gyro_norm,12.302,0.3491997264294622
gyro_norm,12.325,0.40860430815416876
gyro_norm,12.346,0.43243383894748405
gyro_norm,12.368,0.38246678473851387
gyro_norm,12.389,0.34393196286896743
gyro_norm,12.412,0.32483238737243286
gyro_norm,12.433,0.27415244680631484
gyro_norm,12.455,0.36351540943969757
gyro_norm,12.477,0.8169250657725273
gyro_norm,12.499,1.267004422723966
gyro_norm,12.521,1.2699542871106524
gyro_norm,12.543,0.85197263282678
gyro_norm,12.565,0.4484154420659764
gyro_norm,12.586,0.39577806502068663
gyro_norm,12.609,0.2964624549929444
gyro_norm,12.63,0.4343660561672252
gyro_norm,12.652,0.49794404963450983
gyro_norm,12.674,0.4568335653316132
gyro_norm,12.696,0.4196765025564787
gyro_norm,12.725,0.4637729240305529
gyro_norm,12.739,0.537499659471032
gyro_norm,12.762,0.8171780194882803
gyro_norm,12.783,1.1115690776531686
gyro_norm,12.805,1.1282108121919043
gyro_norm,12.827,1.0064244499876231
gyro_norm,12.85,0.9252187403795441
gyro_norm,12.872,1.1359341015388082
gyro_norm,12.892,1.527938345932696
gyro_norm,12.92,1.894868422952623
gyro_norm,12.937,2.1082802628296586
gyro_norm,12.96,1.7861440043538945
gyro_norm,12.983,1.2521796948449517
gyro_norm,13.002,1.3611905093403645
gyro_norm,13.025,1.078203330972348
gyro_norm,13.046,0.6590220049905636
gyro_norm,13.068,0.44334393548141987
gyro_norm,13.09,0.5674198378323564
gyro_norm,13.111,0.8091508957269147
gyro_norm,13.133,1.09142987136509
gyro_norm,13.162,1.1538292396251102
gyro_norm,13.179,1.0170108123734034
gyro_norm,13.205,0.7094009782784902
gyro_norm,13.221,0.40045094340579296
gyro_norm,13.243,0.2800042155248704
gyro_norm,13.265,0.37887293975921793
gyro_norm,13.287,0.56189242688347
gyro_norm,13.309,0.6567988319569612
gyro_norm,13.331,0.6031086566298001
gyro_norm,13.352,0.5698371954447642
gyro_norm,13.379,0.547023280538541
gyro_norm,13.396,0.5008625878194862
gyro_norm,13.419,0.48553264384467965
gyro_norm,13.439,0.47063404009932197
gyro_norm,13.462,0.4130309480923237
gyro_norm,13.485,0.4260911424667039
gyro_norm,13.506,0.335554531612873
gyro_norm,13.527,0.5815728862705771
gyro_norm,13.549,0.6145683992268894
gyro_norm,13.571,0.9306204997486125
gyro_norm,13.593,1.0766402792313299
gyro_norm,13.616,0.6940779157879471
gyro_norm,13.636,0.6742768896045329
gyro_norm,13.659,0.9436765348432116
gyro_norm,13.681,0.7218777727662071
gyro_norm,13.706,0.25778000577192384
gyro_norm,13.726,0.4903587005692572
gyro_norm,13.746,0.647814005315297
gyro_norm,13.769,0.6203455997909794
gyro_norm,13.79,0.7603085302514814
gyro_norm,13.812,0.8521080203443661
gyro_norm,13.833,0.9144814376844026
gyro_norm,13.859,1.0494367759036993
gyro_norm,13.877,1.1759310412939077
gyro_norm,13.9,1.172189884201851
gyro_norm,13.921,0.9811943104295169
gyro_norm,13.943,0.6712605743218549
gyro_norm,13.965,0.3365023873377373
gyro_norm,13.987,0.37346405107512554
gyro_norm,14.009,0.7897772658129992
gyro_norm,14.031,0.8662280432535961
gyro_norm,14.052,0.6586466960741262
gyro_norm,14.078,0.5594951572888385
gyro_norm,14.096,0.3946468188130009
gyro_norm,14.118,0.9817191327196839
gyro_norm,14.14,0.5678679257576907
gyro_norm,14.162,0.7570231152172637
gyro_norm,14.186,0.9659499860527315
gyro_norm,14.205,0.6169913492306979
gyro_norm,14.228,0.24197826993224267
gyro_norm,14.249,0.43219600665697894
gyro_norm,14.271,0.7950081064805066
gyro_norm,14.293,0.8155230725688435
gyro_norm,14.315,0.607193852867565
gyro_norm,14.337,0.847439748662341
gyro_norm,14.361,1.2202476601955976
gyro_norm,14.38,1.2777008600509978
gyro_norm,14.402,1.0261618551162095
gyro_norm,14.425,0.6663312920278565
gyro_norm,14.446,0.3651316418704409
gyro_norm,14.468,0.2481369446064734
gyro_norm,14.49,0.26939176174184526
gyro_norm,14.512,0.3104403197310657
gyro_norm,14.535,0.4959342250770597
gyro_norm,14.563,0.7256542735033192
gyro_norm,14.577,0.741317975468332
gyro_norm,14.599,0.5655543490626366
gyro_norm,14.621,0.365244826682363
gyro_norm,14.643,0.6245975637371046
gyro_norm,14.665,0.25595899987868204
gyro_norm,14.688,0.6651752513266419
gyro_norm,14.708,1.226428101389637
gyro_norm,14.731,1.349321096863032
gyro_norm,14.752,1.2778673138030332
gyro_norm,14.775,1.0232706886205247
gyro_norm,14.801,0.775005477955789
gyro_norm,14.818,0.6733566230850891
gyro_norm,14.841,0.6547416896240865
gyro_norm,14.87,0.6503663956591565
gyro_norm,14.885,0.634322507269877
gyro_norm,14.906,0.6645844699498583
gyro_norm,14.927,0.640900066755277
gyro_norm,14.949,0.6502651999373962
gyro_norm,14.971,0.8685779949309054
gyro_norm,14.993,1.0866233864838204
gyro_norm,15.015,1.0741583801653996
gyro_norm,15.042,0.8067631742438157
gyro_norm,15.059,0.3772869355913466
gyro_norm,15.081,0.13286142062842782
gyro_norm,15.103,0.40284905562928575
gyro_norm,15.125,0.6085659053743653
gyro_norm,15.146,0.8334905357429667
gyro_norm,15.169,1.1354220851945915
gyro_norm,15.19,1.2370072204845461
gyro_norm,15.215,1.0905288701183202
gyro_norm,15.233,1.1238913585136585
gyro_norm,15.259,0.47837337491700327
gyro_norm,15.278,1.085827016107334
gyro_norm,15.302,1.4318129093461154
gyro_norm,15.321,1.498173753572859
gyro_norm,15.344,1.4916857074208014
gyro_norm,15.365,1.4037160109955857
gyro_norm,15.387,1.2510715056253559
gyro_norm,15.409,1.0173687474081257
gyro_norm,15.431,0.9812493793597968
gyro_norm,15.452,1.166155011417056
gyro_norm,15.484,1.2728026041993044
gyro_norm,15.496,1.2297458317730692
gyro_norm,15.518,1.0805528641483126
gyro_norm,15.54,1.0049336375565765
gyro_norm,15.563,1.0578639559878713
gyro_norm,15.585,1.135634303090503
gyro_norm,15.606,1.1488764595559209
gyro_norm,15.627,1.0567867506811828
gyro_norm,15.65,0.8584487574378409
gyro_norm,15.671,0.6239555368090459
gyro_norm,15.693,0.4629148558148577
gyro_norm,15.715,0.2937242185934257
gyro_norm,15.737,0.36041883544832937
gyro_norm,15.759,0.9674257520181793
gyro_norm,15.781,1.450458874695885
gyro_norm,15.803,1.5676310878033806
gyro_norm,15.825,1.38131886989329
gyro_norm,15.846,1.099044647025626
gyro_norm,15.869,0.9036829319523675
gyro_norm,15.891,0.7442022067964619
gyro_norm,15.912,0.5913939782590388
gyro_norm,15.934,0.5000936651593733
gyro_norm,15.956,0.43075218241833174
gyro_norm,15.985,0.3784365162453991
gyro_norm,16.0,0.4075483540897512
gyro_norm,16.021,0.44836830820649987
gyro_norm,16.044,0.4953996255251307
gyro_norm,16.065,0.5437450867790797
gyro_norm,16.087,0.5509135438875081
gyro_norm,16.109,0.5319085230846925
gyro_norm,16.131,0.46139123278696925
gyro_norm,16.153,0.3555355411491357
gyro_norm,16.175,0.593759570384164
gyro_norm,16.197,0.9861717746456161
gyro_norm,16.218,1.13703598705778
gyro_norm,16.242,0.9765551834643752
gyro_norm,16.262,0.7447680750913229
gyro_norm,16.285,0.5199134246558833
gyro_norm,16.306,0.6519339924665528
gyro_norm,16.328,0.48874942737464383
gyro_norm,16.35,0.37023012411520045
gyro_norm,16.371,0.7551758101960178
gyro_norm,16.394,0.6553466155514451
gyro_norm,16.415,0.46035710693830045
gyro_norm,16.437,0.43986127422412985
gyro_norm,16.468,0.7731922796456704
gyro_norm,16.481,0.8880293345908187
gyro_norm,16.503,0.7985706914877025
gyro_norm,16.525,0.7463785480069771
gyro_norm,16.547,0.7993061136454355
gyro_norm,16.568,0.7909289678869641
gyro_norm,16.59,0.6397518270079732
gyro_norm,16.612,0.47720507940348916
gyro_norm,16.634,0.3849233297041169
gyro_norm,16.656,0.2984042452049501
gyro_norm,16.678,0.344035289393364
gyro_norm,16.7,0.5495491834091185
gyro_norm,16.725,0.6310865091990947
gyro_norm,16.743,0.6376898546207593
gyro_norm,16.765,0.697118139091939
gyro_norm,16.791,0.7741014251874585
gyro_norm,16.809,0.7057232752297233
gyro_norm,16.831,0.5462974729645447
gyro_norm,16.853,0.8508891566677869
gyro_norm,16.878,1.1690554283320456
gyro_norm,16.896,1.1754018705861509
gyro_norm,16.919,1.1089228533371516
gyro_norm,16.941,0.9491540666418363
gyro_norm,16.962,0.7186392917626581
gyro_norm,16.985,0.6177465314464212
gyro_norm,17.006,0.6647548937800962
gyro_norm,17.028,0.688787699200847
gyro_norm,17.049,0.6730542679529535
gyro_norm,17.072,0.7402965524943463
gyro_norm,17.098,0.8506499470996464
gyro_norm,17.115,0.9094542182390901
gyro_norm,17.138,0.9890827272986835
gyro_norm,17.159,1.0517261096195105
gyro_norm,17.181,1.062569546727337
gyro_norm,17.203,0.9914143662716486
gyro_norm,17.225,0.7592363708957706
gyro_norm,17.247,0.4756890797166394
gyro_norm,17.269,0.37469748437413736
gyro_norm,17.291,0.653465051680013
gyro_norm,17.312,0.9830667486928456
gyro_norm,17.341,1.2232487652714286
gyro_norm,17.36,1.1921165359657664
gyro_norm,17.378,0.9272813187858464
gyro_norm,17.4,0.637902576421992
gyro_norm,17.421,0.39045914384180797
gyro_norm,17.444,0.8464903921824584
gyro_norm,17.465,1.3920160440895182
gyro_norm,17.487,1.0344227315220018
gyro_norm,17.509,0.5257172547831652
gyro_norm,17.531,0.3708334717944034
gyro_norm,17.553,0.5855042197963267
gyro_norm,17.575,0.6428278166301067
gyro_norm,17.597,0.6408365018289355
gyro_norm,17.618,0.7876188027750058
gyro_norm,17.641,0.8894314312098878
gyro_norm,17.663,0.8092575534384194
gyro_norm,17.685,0.6982518542371319
gyro_norm,17.706,0.5971806536935181
gyro_norm,17.728,0.5015512619810906
gyro_norm,17.75,0.4118321707951725
gyro_norm,17.772,0.3200593793529303
gyro_norm,17.794,0.262632950152182
gyro_norm,17.815,0.2690041110326278
gyro_norm,17.837,0.502432881332061
gyro_norm,17.859,0.6572702483289554
gyro_norm,17.882,0.6176798605059184
gyro_norm,17.904,0.33390742347763724
gyro_norm,17.925,0.3242691731569622
gyro_norm,17.947,0.3283961039922664
gyro_norm,17.969,0.8188613261443577
gyro_norm,17.991,1.4097117423797991
gyro_norm,18.012,1.4496865076919774
gyro_norm,18.04,1.295253639928587
gyro_norm,18.056,0.9996905269009313
gyro_norm,18.078,0.5602649607043831
gyro_norm,18.1,0.5236982770366835
gyro_norm,18.122,0.638081558347714
gyro_norm,18.144,0.702359007284478
gyro_norm,18.165,0.7116232171632761
gyro_norm,18.188,0.7443216450547819
gyro_norm,18.21,0.7485189243500854
gyro_norm,18.231,0.6755492308991289
gyro_norm,18.253,0.7191165624715403
gyro_norm,18.275,0.8526960644222251
gyro_norm,18.298,0.7399643646122616
gyro_norm,18.323,0.4137625771542991
gyro_norm,18.34,0.36893413717631357
gyro_norm,18.362,0.6816100068052127
gyro_norm,18.385,0.9766785209428588
gyro_norm,18.406,1.1162306472423011
gyro_norm,18.428,1.110467631559062
gyro_norm,18.451,1.243661570368223
gyro_norm,18.472,1.348346718798759
gyro_norm,18.494,0.8680552116798242
gyro_norm,18.516,0.7400455687357096
gyro_norm,18.547,0.39686861776314775
gyro_norm,18.559,0.6638999086545545
gyro_norm,18.581,0.5770918209466757
gyro_norm,18.603,0.37769941703936494
gyro_norm,18.625,0.6194901837393653
gyro_norm,18.647,0.7556742065596783
gyro_norm,18.669,0.6023268343621055
gyro_norm,18.691,0.35756021804034144
gyro_norm,18.712,0.4375362308644883
gyro_norm,18.74,0.6013359627689863
gyro_norm,18.756,0.6396691257095005
gyro_norm,18.778,0.5369933696234342
gyro_norm,18.8,0.46115986776180246
gyro_norm,18.822,0.5055132553711803
gyro_norm,18.845,0.6700129916083187
gyro_norm,18.873,0.89849486306968
gyro_norm,18.887,1.0254224948330026
gyro_norm,18.91,0.9709767619500229
gyro_norm,18.931,0.8599986923802481
gyro_norm,18.953,0.7760562015023345
gyro_norm,18.975,0.689375259435631
gyro_norm,18.997,0.5574776663211567
gyro_norm,19.019,0.46493856472485356
gyro_norm,19.04,0.1639478623113224
gyro_norm,19.062,0.4024201992154633
gyro_norm,19.086,0.5391010825466738
gyro_norm,19.106,0.4229558491951123
gyro_norm,19.128,0.2508434076472671
gyro_norm,19.15,0.25865575541532615
gyro_norm,19.173,0.269999385314417
gyro_norm,19.193,0.45310856507953357
gyro_norm,19.215,0.4297695466890339
gyro_norm,19.237,0.29916141638680066
gyro_norm,19.259,0.32680715237046626
gyro_norm,19.281,0.4600109203040028
gyro_norm,19.303,0.5062069951693596
gyro_norm,19.325,0.49013617047435015
gyro_norm,19.347,0.4075471976604276
gyro_norm,19.369,0.31529936706762784
gyro_norm,19.39,0.24093529736369854
gyro_norm,19.412,0.28850955621697205
gyro_norm,19.455,0.5619063370928209
gyro_norm,19.476,0.5268735605340726
gyro_norm,19.497,0.43114661125749215
gyro_norm,19.517,0.36022343684578456
gyro_norm,19.538,0.5221352106772036
gyro_norm,19.56,0.5053709933364227
gyro_norm,19.579,0.27121746588656864
gyro_norm,19.601,0.5304150357501632
gyro_norm,19.622,0.6436125640876904
gyro_norm,19.642,0.7666539335684558
gyro_norm,19.663,0.6055194987664368
gyro_norm,19.685,0.6022288099832246
gyro_norm,19.705,0.6525464785414762
gyro_norm,19.725,0.6779334061705415
gyro_norm,19.746,0.6181997494618002
gyro_norm,19.766,0.43284785448079577
gyro_norm,19.788,0.259236853212982
gyro_norm,19.809,0.19052996646638315
gyro_norm,19.829,0.17018622019423119
gyro_norm,19.85,0.13839719050944496
gyro_norm,19.871,0.11209846659431225
gyro_norm,19.905,0.09732635206310765
gyro_norm,19.926,0.11946291687339633
gyro_norm,19.948,0.2413838276176959
gyro_norm,19.97,0.3580810518980334
gyro_norm,19.992,0.3355445624127213
gyro_norm,20.014,0.20442675693695028
gyro_norm,20.036,0.20356381542315238
gyro_norm,20.058,0.27928093325930453
gyro_norm,20.08,0.3277298435018523
gyro_norm,20.102,0.37979145654332264
gyro_norm,20.124,0.2945070757658598
gyro_norm,20.145,0.7675621117263016
gyro_norm,20.167,1.4162798793155793
gyro_norm,20.189,1.433056472500524
gyro_norm,20.211,1.0139525132071392
gyro_norm,20.233,1.0663107735950186
gyro_norm,20.255,1.1016856152912613
gyro_norm,20.277,0.6513173324086688
gyro_norm,20.299,0.5556064840569412
gyro_norm,20.321,0.6116484178542462
gyro_norm,20.342,0.5681505065837249
gyro_norm,20.365,0.5212895425427302
gyro_norm,20.386,0.724851967746217
gyro_norm,20.408,0.9764022903845004
gyro_norm,20.43,1.0788456738978873
gyro_norm,20.452,0.9823946244729013
gyro_norm,20.474,0.7144064678301579
gyro_norm,20.496,0.43835439907950746
gyro_norm,20.518,0.22432762547902874
gyro_norm,20.539,0.2893306537650356
gyro_norm,20.561,0.5871374234407566
gyro_norm,20.583,0.8513417845388596
gyro_norm,20.605,1.0053231364217052
gyro_norm,20.627,1.117752693250051
gyro_norm,20.648,1.211291965926378
gyro_norm,20.67,1.2888404655903871
gyro_norm,20.692,0.7208470439733708
gyro_norm,20.714,0.5247289590214191
gyro_norm,20.736,0.4513854940029806
gyro_norm,20.758,1.0088002535346676
gyro_norm,20.78,0.7790188676275288
gyro_norm,20.802,0.5686124771801304
gyro_norm,20.825,0.416599740141857
gyro_norm,20.845,0.5878076551089397
gyro_norm,20.868,0.5891164552151366
gyro_norm,20.889,0.4754952911580927
gyro_norm,20.912,0.49062276469303967
gyro_norm,20.933,0.4533988422432345
gyro_norm,20.955,0.4525120796125246
gyro_norm,20.977,0.6193213060774916
gyro_norm,20.999,0.6046390624419032
gyro_norm,21.021,0.5206466947464959
gyro_norm,21.042,0.5386587063840452
gyro_norm,21.065,0.6648708292470143
gyro_norm,21.086,0.7418367705731531
gyro_norm,21.108,0.6265303774043296
gyro_norm,21.13,0.3553318273119108
gyro_norm,21.152,0.20023305721599569
gyro_norm,21.174,0.36534237953037907
gyro_norm,21.196,0.6087880100744537
gyro_norm,21.218,0.47958782561108837
gyro_norm,21.24,0.33990138687413984
gyro_norm,21.261,0.8262094035694775
gyro_norm,21.283,0.9957142499905733
gyro_norm,21.305,0.5404479644655701
gyro_norm,21.327,0.24172562172128154
gyro_norm,21.349,0.3965408800662702
gyro_norm,21.371,0.5410432264189797
gyro_norm,21.393,0.6767886867818602
gyro_norm,21.414,0.6989866101455636
gyro_norm,21.436,0.5955264335847568
gyro_norm,21.458,0.4230860927840383
gyro_norm,21.48,0.21319448376632175
gyro_norm,21.502,0.289040913815794
gyro_norm,21.525,0.41197235818930056
gyro_norm,21.546,0.38843488860441966
gyro_norm,21.567,0.36991991087753634
gyro_norm,21.589,0.4243711549596215
gyro_norm,21.612,0.44800184333107157
gyro_norm,21.634,0.44008249463079097
gyro_norm,21.664,0.4312809814922271
gyro_norm,21.677,0.4788840825931311
gyro_norm,21.699,0.5494827300906977
gyro_norm,21.721,0.6199086531095169
gyro_norm,21.744,0.7815756775107084
gyro_norm,21.765,0.6216400777618992
gyro_norm,21.787,0.3461247886076779
gyro_norm,21.809,0.9144979459009446
gyro_norm,21.831,0.9492522436017631
gyro_norm,21.852,0.7623020552520172
gyro_norm,21.877,0.41855975149834074
gyro_norm,21.896,0.3483574321580313
gyro_norm,21.918,0.10351342368546278
gyro_norm,21.94,0.32767661720092583
gyro_norm,21.962,0.43828988798749374
gyro_norm,21.983,0.4451117928015682
gyro_norm,22.005,0.45887154486235715
gyro_norm,22.03,0.49676333059601196
gyro_norm,22.049,0.5298923119789931
gyro_norm,22.071,0.46954308485670204
gyro_norm,22.093,0.38312270264229353
gyro_norm,22.115,0.3336327687919312
gyro_norm,22.144,0.37509164870065875
gyro_norm,22.158,0.408309162598826
gyro_norm,22.18,0.35424353101132516
gyro_norm,22.203,0.4317541752579937
gyro_norm,22.228,0.6784526120084411
gyro_norm,22.246,0.8028906404937179
gyro_norm,22.268,0.7851704726042431
gyro_norm,22.29,0.9181525140387554
gyro_norm,22.312,1.1090654554393713
gyro_norm,22.337,0.9690479327907752
gyro_norm,22.355,0.8246759683383149
gyro_norm,22.377,0.9161628897919685
gyro_norm,22.401,0.9686359945671091
gyro_norm,22.421,0.7794373042866392
gyro_norm,22.443,0.6201642654763967
gyro_norm,22.465,0.6895135638016129
gyro_norm,22.487,1.0377546012179422
gyro_norm,22.509,1.4045936900402134
gyro_norm,22.53,1.3811239093919385
gyro_norm,22.552,0.9142511834304395
gyro_norm,22.574,0.654764504992716
gyro_norm,22.596,0.6189882791193699
gyro_norm,22.618,0.7305491066707009
gyro_norm,22.641,0.8462617038373174
gyro_norm,22.662,0.7490611249560112
gyro_norm,22.685,0.6006444314106713
gyro_norm,22.705,0.5858816178701273
gyro_norm,22.728,0.7124576645322082
gyro_norm,22.749,0.8397284114221123
gyro_norm,22.771,0.9295102069771392
gyro_norm,22.793,0.9757674834204733
gyro_norm,22.815,0.9104134442695072
gyro_norm,22.837,0.7675721012415163
gyro_norm,22.858,0.7320995729162264
gyro_norm,22.88,0.8380678575180484
gyro_norm,22.902,1.1042751801942865
gyro_norm,22.925,1.0399456072456592
gyro_norm,22.946,0.9218407929451314
gyro_norm,22.968,0.9317010101302381
gyro_norm,22.99,1.0902313021570302
gyro_norm,23.011,1.2686996102126815
gyro_norm,23.041,0.9719321991229665
gyro_norm,23.055,0.5680374779671576
gyro_norm,23.077,0.5460009894881042
gyro_norm,23.1,0.8153655966127106
gyro_norm,23.121,0.8881670200229604
gyro_norm,23.143,0.9119040170985028
gyro_norm,23.165,0.9209012072025361
gyro_norm,23.187,0.8574433337820102
gyro_norm,23.208,0.7693200338439113
gyro_norm,23.23,0.7170021918640179
gyro_norm,23.252,0.7437176861714265
gyro_norm,23.284,0.7815560461314001
gyro_norm,23.296,0.7821061805515319
gyro_norm,23.318,0.7660900259912204
gyro_norm,23.342,0.7904566057308968
gyro_norm,23.362,0.9055627676554969
gyro_norm,23.385,0.9751989818133919
gyro_norm,23.405,0.8863139527644894
gyro_norm,23.427,0.7783883220832248
gyro_norm,23.449,0.7478103531098346
gyro_norm,23.471,0.7540739234215155
gyro_norm,23.493,0.7386273966737752
gyro_norm,23.515,0.674673601150309
gyro_norm,23.539,0.636466865894782
gyro_norm,23.558,0.3492660973638698
gyro_norm,23.58,0.21184626127867356
gyro_norm,23.602,0.3163867831393426
gyro_norm,23.625,0.4962152271292441
gyro_norm,23.646,0.6325398235100371
gyro_norm,23.67,0.49374734445843665
gyro_norm,23.69,0.38723317220662234
gyro_norm,23.711,0.6813749890565947
gyro_norm,23.735,0.6151577488273163
gyro_norm,23.756,0.32287266532724707
gyro_norm,23.778,0.32570551115471946
gyro_norm,23.799,0.380850486510775
gyro_norm,23.822,0.3636388540930804
gyro_norm,23.843,0.3151926452799844
gyro_norm,23.865,0.23181317104950502
gyro_norm,23.887,0.16116899047037367
gyro_norm,23.909,0.1522470876376596
gyro_norm,23.931,0.24863965256057183
gyro_norm,23.952,0.29752794304607927
gyro_norm,23.975,0.28948211925307493
gyro_norm,23.997,0.2655046094325393
gyro_norm,24.018,0.24189368153841645
gyro_norm,24.04,0.22672841554693574
gyro_norm,24.062,0.21742865444830378
gyro_norm,24.085,0.21597812276745623
gyro_norm,24.106,0.22578092521945123
gyro_norm,24.128,0.2336707415828082
gyro_norm,24.149,0.18615928364775292
gyro_norm,24.172,0.10534583656197721
gyro_norm,24.193,0.10132003124872574
gyro_norm,24.215,0.15798982496635977
gyro_norm,24.237,0.16389692140540443
gyro_norm,24.258,0.1577064469217156
gyro_norm,24.28,0.2026843695114799
gyro_norm,24.302,0.26306383503929853
gyro_norm,24.324,0.30063875262499173
gyro_norm,24.346,0.35274842504063314
gyro_norm,24.368,0.4532477356453283
gyro_norm,24.39,0.524679622394366
gyro_norm,24.412,0.49068569445471627
gyro_norm,24.434,0.40786321748348536
gyro_norm,24.456,0.34330728276025796
gyro_norm,24.481,0.34017894946629135
gyro_norm,24.502,0.3457902071915511
gyro_norm,24.522,0.3687636843659589
gyro_norm,24.543,0.3757967165620158
gyro_norm,24.565,0.34154526667202956
gyro_norm,24.585,0.2994256355673156
gyro_norm,24.605,0.2872402180119415
gyro_norm,24.627,0.2596833712696939
gyro_norm,24.646,0.23221926670171456
gyro_norm,24.668,0.2769117317903066
gyro_norm,24.689,0.3585412681836056
gyro_norm,24.709,0.43749884317747356
gyro_norm,24.73,0.42152229308514155
gyro_norm,24.752,0.385208416069463
gyro_norm,24.771,0.422282178921683
gyro_norm,24.793,0.5355918244020746
gyro_norm,24.814,0.6277803260581367
gyro_norm,24.834,0.42813707677197826
gyro_norm,24.855,0.23913434958785987
gyro_norm,24.876,0.27559798961592463
gyro_norm,24.896,0.19664758207519994
gyro_norm,24.919,0.25558193698285014
gyro_norm,24.952,0.8105089944992673
gyro_norm,24.974,0.9086552204213753
gyro_norm,24.996,0.7597035502177694
gyro_norm,25.018,0.5565773796868809
gyro_norm,25.04,0.3523855050941497
gyro_norm,25.061,0.43089864907550507
gyro_norm,25.084,0.5573884615434059
gyro_norm,25.105,0.6399143710833933
gyro_norm,25.127,0.692086229543692
gyro_norm,25.149,0.7132245770893277
gyro_norm,25.171,0.7642140944585142
gyro_norm,25.193,0.8002811890461983
gyro_norm,25.215,0.7831203486690322
gyro_norm,25.237,0.7605080038137356
gyro_norm,25.258,0.7707196954282468
gyro_norm,25.28,0.7960964316219092
gyro_norm,25.302,0.8147474700100921
gyro_norm,25.325,0.759287017409546
gyro_norm,25.346,0.7374867163854282
gyro_norm,25.368,0.8281290208415052
gyro_norm,25.39,0.9603830128798118
gyro_norm,25.411,1.147814229517477
gyro_norm,25.434,1.1988602679818205
gyro_norm,25.455,0.961670790531032
gyro_norm,25.477,0.7314415190621463
gyro_norm,25.499,0.6541619793851713
gyro_norm,25.521,0.5189645263942684
gyro_norm,25.543,0.4154753150061175
gyro_norm,25.565,0.5196837261917919
gyro_norm,25.587,0.575547336389869
gyro_norm,25.608,0.6575498744358953
gyro_norm,25.63,0.6734960681181005
gyro_norm,25.652,0.5560753661464127
gyro_norm,25.674,0.5070240802207258
gyro_norm,25.696,0.6361889143688834
gyro_norm,25.718,0.7179195535468866
gyro_norm,25.74,0.6139893276487537
gyro_norm,25.762,0.4479024500311675
gyro_norm,25.785,0.42793777167269215
gyro_norm,25.805,0.6053745713581387
gyro_norm,25.828,0.7322843197325173
gyro_norm,25.849,0.6803051441502591
gyro_norm,25.871,0.5463151072414103
gyro_norm,25.893,0.5284590717094796
gyro_norm,25.915,0.6049727007180772
gyro_norm,25.937,0.6821613601649845
gyro_norm,25.959,0.7130756403845677
gyro_norm,25.98,0.7135412066590324
gyro_norm,26.002,0.7244823987418917
gyro_norm,26.025,0.7202774045730377
gyro_norm,26.046,0.7070692970110659
gyro_norm,26.068,0.7179705793772573
gyro_norm,26.09,0.7529552620099269
gyro_norm,26.112,0.8908491545956481
gyro_norm,26.135,0.9222140815572177
gyro_norm,26.156,0.9001332805352432
gyro_norm,26.178,0.9117234553191286
gyro_norm,26.199,1.086447783281113
gyro_norm,26.221,1.3262764193108958
gyro_norm,26.243,1.0990367540444885
gyro_norm,26.265,0.8368094701468951
gyro_norm,26.287,0.9821531909019964
gyro_norm,26.309,1.11816747859436
gyro_norm,26.33,1.1027309962275496
gyro_norm,26.352,1.05477033050023
gyro_norm,26.374,1.0603228838887815
gyro_norm,26.396,1.0585682225551563
gyro_norm,26.418,0.9804047598596136
gyro_norm,26.44,0.9051649738899818
gyro_norm,26.462,0.8622870224611546
gyro_norm,26.485,0.7663844779943416
gyro_norm,26.506,0.6359964147416252
gyro_norm,26.527,0.5098153241337873
gyro_norm,26.549,0.3932482325283712
gyro_norm,26.571,0.30006126938061184
gyro_norm,26.593,0.24171331682305486
gyro_norm,26.615,0.21371746175112913
gyro_norm,26.637,0.20384523522364875
gyro_norm,26.659,0.22375221483267188
gyro_norm,26.681,0.26451010497159994
gyro_norm,26.703,0.2546426215479322
gyro_norm,26.725,0.5356051193178525
gyro_norm,26.747,0.8760238450036518
gyro_norm,26.769,0.923254346558557
gyro_norm,26.791,0.6188850953977422
gyro_norm,26.812,0.3268152921532971
gyro_norm,26.834,0.3895574924777425
gyro_norm,26.856,0.19429708311506597
gyro_norm,26.878,0.4539400531994679
gyro_norm,26.9,0.6251848643045035
gyro_norm,26.922,0.4291738051274214
gyro_norm,26.944,0.4549436039940648
gyro_norm,26.966,1.0194047789097178
gyro_norm,26.987,1.3078178647618863
gyro_norm,27.009,1.3827165494580416
gyro_norm,27.031,1.5617303992055478
gyro_norm,27.053,1.5915920101892442
gyro_norm,27.076,1.3232709238639522
gyro_norm,27.097,0.9619280399567808
gyro_norm,27.119,0.6825358175284718
gyro_norm,27.14,0.3148923836151985
gyro_norm,27.162,0.019818419698190422
gyro_norm,27.186,0.19038075646328265
gyro_norm,27.206,0.2782042595380249
gyro_norm,27.228,0.17701520173143243
gyro_norm,27.25,0.2666778575289848
gyro_norm,27.272,0.49395199594191397
gyro_norm,27.293,0.7619638521131539
gyro_norm,27.315,0.8905694838502558
gyro_norm,27.338,0.32423096019802505
gyro_norm,27.359,0.6093376473543365
gyro_norm,27.381,0.27514161489789596
gyro_norm,27.403,0.3197720162193906
gyro_norm,27.425,0.46312096827920585
gyro_norm,27.447,0.3750195201030137
gyro_norm,27.469,0.511097472277663
gyro_norm,27.49,0.8762203964867116
gyro_norm,27.512,1.1136139628650492
gyro_norm,27.534,0.7209505992582438
gyro_norm,27.556,0.5518949043713522
gyro_norm,27.578,0.3059826447952504
gyro_norm,27.599,0.10797261309361
gyro_norm,27.621,0.21982995931137705
gyro_norm,27.643,0.41602762333694093
gyro_norm,27.672,0.4334023534053359
gyro_norm,27.687,0.4018724590370762
gyro_norm,27.709,0.4653249492962141
gyro_norm,27.731,0.6236077242616997
gyro_norm,27.753,0.6486502782261548
gyro_norm,27.775,0.530482031049998
gyro_norm,27.796,0.6157665088391817
gyro_norm,27.829,0.6068133366681755
gyro_norm,27.84,0.2871824661068489
gyro_norm,27.862,0.48448725534356635
gyro_norm,27.885,0.3631510793284847
gyro_norm,27.906,0.4894762224258732
gyro_norm,27.928,0.7232677735154913
gyro_norm,27.95,0.6311438427537235
gyro_norm,27.973,0.4593944141302997
gyro_norm,27.993,0.3796817512856268
gyro_norm,28.016,0.15864427226057345
gyro_norm,28.037,0.2986504849803378
gyro_norm,28.059,0.45516641444040584
gyro_norm,28.081,0.4673562102213177
gyro_norm,28.103,0.41384847751907483
gyro_norm,28.125,0.26478809372373663
gyro_norm,28.147,0.14783157071998326
gyro_norm,28.169,0.19642140663174446
gyro_norm,28.191,0.14741583203310119
gyro_norm,28.213,0.14654629191371127
gyro_norm,28.234,0.2562325594059927
gyro_norm,28.256,0.39849683050065415
gyro_norm,28.278,0.42064378040720657
gyro_norm,28.303,0.48574912470752313
gyro_norm,28.322,0.5441013177361235
gyro_norm,28.345,0.5746707843667164
gyro_norm,28.366,0.5449378300844875
gyro_norm,28.387,0.486395893852139
gyro_norm,28.409,0.7225255046254385
gyro_norm,28.431,0.6398246878269777
gyro_norm,28.453,0.20810824501716182
gyro_norm,28.475,0.44263306569563415
gyro_norm,28.497,0.4415468996228392
gyro_norm,28.519,0.34925846676112393
gyro_norm,28.541,0.1408711449761017
gyro_norm,28.563,0.35785174501826267
gyro_norm,28.585,0.39697618948914104
gyro_norm,28.606,0.2587436496263602
gyro_norm,28.628,0.12771174636193572
gyro_norm,28.65,0.25845022789248495
gyro_norm,28.672,0.26531058654480455
gyro_norm,28.694,0.32331503491819524
gyro_norm,28.716,0.1942992397801308
gyro_norm,28.737,0.07766921034332724
gyro_norm,28.759,0.10693274950452317
gyro_norm,28.785,0.12091043933027298
gyro_norm,28.803,0.08099747578778124
gyro_norm,28.825,0.030642723329389263
gyro_norm,28.847,0.09416659287158038
gyro_norm,28.868,0.1259534606396684
gyro_norm,28.891,0.196430661666153
gyro_norm,28.912,0.20892959461454966
gyro_norm,28.935,0.2042959165663056
gyro_norm,28.956,0.26354452858427163
gyro_norm,28.978,0.5719728500127115
gyro_norm,29.0,0.6944471990765596
gyro_norm,29.022,0.4896082445637751
gyro_norm,29.045,0.1869231798622771
gyro_norm,29.065,0.6095259022217027
gyro_norm,29.087,0.8756827370278223
gyro_norm,29.109,0.5653862707845057
gyro_norm,29.131,0.20715269038457404
gyro_norm,29.154,0.26384541302009945
gyro_norm,29.175,0.33235710005758073
gyro_norm,29.199,0.2952466928064485
gyro_norm,29.219,0.3125491712947375
gyro_norm,29.243,0.239547209469808
gyro_norm,29.263,0.361440395767174
gyro_norm,29.285,0.18177058012697475
gyro_norm,29.306,0.3249003180179245
gyro_norm,29.328,0.4278577164445124
gyro_norm,29.35,0.4398592207821721
gyro_norm,29.372,0.43202792874478774
gyro_norm,29.394,0.443648751901909
gyro_norm,29.416,0.5076014342248608
gyro_norm,29.443,0.5936682379631807
gyro_norm,29.459,0.6366711724579152
gyro_norm,29.481,0.6786050038958235
gyro_norm,29.503,0.7823468448978774
gyro_norm,29.525,0.8638403555318743
gyro_norm,29.547,0.9584803503567674
gyro_norm,29.569,1.114555542101704
gyro_norm,29.591,1.1630717790319685
gyro_norm,29.612,1.1588637459567042
gyro_norm,29.641,1.2235442730051662
gyro_norm,29.656,1.3054492706947392
gyro_norm,29.678,1.3603550991002455
gyro_norm,29.7,1.4194000215903098
gyro_norm,29.722,1.457140697260402
gyro_norm,29.745,1.4431464452267873
gyro_norm,29.765,1.434959123983555
gyro_norm,29.787,1.5117703324693605
gyro_norm,29.809,1.6641504547016828
gyro_norm,29.831,1.7813315487861687
gyro_norm,29.853,1.8104093831404993
gyro_norm,29.877,1.8203722044539608
gyro_norm,29.897,1.966244003457522
gyro_norm,29.918,2.201135932731039
gyro_norm,29.94,2.321771992585454
gyro_norm,29.962,2.314091373285403
gyro_norm,29.985,2.4084866982678634
gyro_norm,30.006,2.6178062540510285
gyro_norm,30.028,2.70092383975893
gyro_norm,30.05,2.622001261003891
gyro_norm,30.072,2.623338815183206
gyro_norm,30.093,2.768004160127918
gyro_norm,30.115,2.928719342975053
gyro_norm,30.137,3.002609284035132
gyro_norm,30.159,2.9911037122384454
gyro_norm,30.181,2.9470215722737425
gyro_norm,30.203,2.9315204390310305
gyro_norm,30.225,2.903146328631502
gyro_norm,30.247,2.838931310649762
gyro_norm,30.269,2.8004871350588365
gyro_norm,30.29,2.760733455685732
gyro_norm,30.312,2.7028540286913962
gyro_norm,30.334,2.6225749755647656
gyro_norm,30.356,2.524240611444498
gyro_norm,30.378,2.411801085529634
gyro_norm,30.4,2.3161081570049857
gyro_norm,30.422,2.2670688053078156
gyro_norm,30.445,2.2295320925874775
gyro_norm,30.466,2.1905104664313084
gyro_norm,30.488,2.1749790725712392
gyro_norm,30.509,2.129547703354838
gyro_norm,30.531,2.0290405023549263
gyro_norm,30.553,1.8406857112876034
gyro_norm,30.581,1.7387811216775877
gyro_norm,30.597,1.96909077467082
gyro_norm,30.619,2.197582143554677
gyro_norm,30.641,2.1276044788024175
gyro_norm,30.663,1.958419601538567
gyro_norm,30.685,2.023174042128541
gyro_norm,30.707,2.2132525052072736
gyro_norm,30.728,2.1840215000476415
gyro_norm,30.75,1.955609524809694
gyro_norm,30.772,1.668557148351067
gyro_norm,30.794,1.6309775052779247
gyro_norm,30.816,1.771709602437894
gyro_norm,30.838,1.816437402325254
gyro_norm,30.86,1.72627599143011
gyro_norm,30.881,1.6227612705323222
gyro_norm,30.903,1.5186330662201653
gyro_norm,30.925,1.3533655667840572
gyro_norm,30.948,1.1504842939851765
gyro_norm,30.969,0.9863839927677994
gyro_norm,30.991,0.8478894302685889
gyro_norm,31.013,0.7299038298380971
gyro_norm,31.037,0.6087853200483299
gyro_norm,31.057,0.46961126759137856
gyro_norm,31.078,0.40010201337698603
gyro_norm,31.1,0.38345478116556486
gyro_norm,31.126,0.5560425403432004
gyro_norm,31.145,0.43463152663475624
gyro_norm,31.166,0.5174205514891469
gyro_norm,31.191,0.5562790122259985
gyro_norm,31.21,0.22759596634543197
gyro_norm,31.232,0.4334243303032936
gyro_norm,31.253,0.4668993213257877
gyro_norm,31.275,0.30897172308570553
gyro_norm,31.297,0.3645251309456076
gyro_norm,31.319,0.42686747236012273
gyro_norm,31.341,0.25889467400010374
gyro_norm,31.363,0.27547160957957545
gyro_norm,31.385,0.31786461842532543
gyro_norm,31.406,0.2033836906416409
gyro_norm,31.429,0.08359994628868243
gyro_norm,31.45,0.09962376285463805
gyro_norm,31.473,0.07131535948054847
gyro_norm,31.496,0.2281216433472416
gyro_norm,31.516,0.2730358536945132
gyro_norm,31.538,0.18372722947505324
gyro_norm,31.56,0.20827857145161846
gyro_norm,31.582,0.24980906511125173
gyro_norm,31.604,0.21655269274314895
gyro_norm,31.625,0.2385579997047047
gyro_norm,31.647,0.3634723805643489
gyro_norm,31.67,0.49776592355295873
gyro_norm,31.691,0.6121545139522894
gyro_norm,31.713,0.39679006150566204
gyro_norm,31.735,0.08055630479857748
gyro_norm,31.757,0.4344088395793595
gyro_norm,31.779,0.810110207469332
gyro_norm,31.8,0.8876785222902114
gyro_norm,31.822,0.827252776993421
gyro_norm,31.845,0.8549464477037445
gyro_norm,31.867,0.9033691668104201
gyro_norm,31.888,0.8438153340971702
gyro_norm,31.91,0.8112373859142191
gyro_norm,31.931,0.9680454999586277
gyro_norm,31.954,1.276600721773638
gyro_norm,31.981,1.4342017513815675
gyro_norm,31.998,1.226552259659656
gyro_norm,32.019,0.9815100725911694
gyro_norm,32.041,0.9905570315313519
gyro_norm,32.063,1.092634030027853
gyro_norm,32.086,1.1767492042587642
gyro_norm,32.107,1.0680145935539784
gyro_norm,32.129,0.7487898060832018
gyro_norm,32.151,0.4440285704127614
gyro_norm,32.173,0.4618758126432482
gyro_norm,32.195,0.6537366373871757
gyro_norm,32.216,0.8105570156005723
gyro_norm,32.239,0.8104446503190894
gyro_norm,32.26,0.7497844849287445
gyro_norm,32.282,0.8423114410626106
gyro_norm,32.305,0.7667330876582745
gyro_norm,32.326,0.7340089351161537
gyro_norm,32.347,0.8590198844242258
gyro_norm,32.369,0.5627265379683748
gyro_norm,32.391,0.8869831476272371
gyro_norm,32.413,0.6650929392067041
gyro_norm,32.435,0.48215538759640647
gyro_norm,32.466,0.7587234494285304
gyro_norm,32.479,1.1004910591370238
gyro_norm,32.501,1.3758529010004101
gyro_norm,32.523,1.3639772339911622
gyro_norm,32.545,1.1533357360110295
gyro_norm,32.566,0.9591613649814225
gyro_norm,32.588,0.8687441297148757
gyro_norm,32.61,0.7797124221139723
gyro_norm,32.632,0.7189130734758872
gyro_norm,32.658,0.597095328419309
gyro_norm,32.675,0.39437282880414587
gyro_norm,32.697,0.30117926170667414
gyro_norm,32.72,0.4462288005212552
gyro_norm,32.742,0.6573053787532098
gyro_norm,32.763,0.7888897692106542
gyro_norm,32.785,0.7216644959409971
gyro_norm,32.807,0.4684008294108022
gyro_norm,32.829,0.2955431222668687
gyro_norm,32.851,0.41208530194200754
gyro_norm,32.872,1.2065670284854528
gyro_norm,32.895,1.4817174683258951
gyro_norm,32.916,1.058030135299154
gyro_norm,32.946,0.4794705300863687
gyro_norm,32.96,0.566500493531883
gyro_norm,32.982,0.6154470452818894
gyro_norm,33.005,0.5903482861326955
gyro_norm,33.026,0.7828240824252232
gyro_norm,33.048,0.9245846189423885
gyro_norm,33.07,0.8643134101846556
gyro_norm,33.091,0.7711646382359402
gyro_norm,33.113,0.7228138229194851
gyro_norm,33.135,0.6929439640131873
gyro_norm,33.161,0.721999388890895
gyro_norm,33.179,0.8098907667909924
gyro_norm,33.201,0.8726543068960524
gyro_norm,33.223,0.8230947251747535
gyro_norm,33.245,0.713540183637442
gyro_norm,33.271,0.6798381528711975
gyro_norm,33.288,0.771350092151209
gyro_norm,33.311,0.9391893321707993
gyro_norm,33.332,0.9605376885268557
gyro_norm,33.362,0.8980349535919984
gyro_norm,33.376,0.8547656781363535
gyro_norm,33.398,0.9134378800370759
gyro_norm,33.424,0.9712280570516107
gyro_norm,33.441,0.9728157388958132
gyro_norm,33.463,1.6824577883218674
gyro_norm,33.486,1.5793789197717483
gyro_norm,33.507,1.2809353669031887
gyro_norm,33.529,1.2318121924585597
gyro_norm,33.551,1.4364757356714177
gyro_norm,33.572,1.550610680757715
gyro_norm,33.594,1.5546952669163014
gyro_norm,33.617,1.6058174066409763
gyro_norm,33.638,1.6648139760633975
gyro_norm,33.66,1.6785680902934759
gyro_norm,33.682,1.6218863794811114
gyro_norm,33.705,1.4717348137594257
gyro_norm,33.725,1.24210841493495
gyro_norm,33.748,1.0308060086421462
gyro_norm,33.77,0.9163471613490902
gyro_norm,33.792,0.8894192332464248
gyro_norm,33.813,0.8285938767225962
gyro_norm,33.835,0.7112624258501986
gyro_norm,33.862,0.6712707213212429
gyro_norm,33.879,0.6975383166049769
gyro_norm,33.9,0.808339622201914
gyro_norm,33.923,1.1253082882329115
gyro_norm,33.945,1.3738611945194728
gyro_norm,33.967,1.6005328349906134
gyro_norm,33.989,1.7511502893633566
gyro_norm,34.01,1.4363213253427667
gyro_norm,34.032,0.9099335053828117
gyro_norm,34.062,0.6469815772759202
gyro_norm,34.076,0.6121052936902791
gyro_norm,34.099,0.5062205213025447
gyro_norm,34.12,0.4862401736274084
gyro_norm,34.142,0.5802032772162923
gyro_norm,34.164,0.6428316901064683
gyro_norm,34.185,0.6319217721058816
gyro_norm,34.207,0.5656597714356113
gyro_norm,34.23,0.46685363556982445
gyro_norm,34.251,0.4650366901218181
gyro_norm,34.273,0.5185283706805779
gyro_norm,34.295,0.49876448989306466
gyro_norm,34.316,0.3884342401755077
gyro_norm,34.338,0.5764564667626179
gyro_norm,34.36,1.0051191354092601
gyro_norm,34.383,1.3757896442586761
gyro_norm,34.405,1.6545599591111286
gyro_norm,34.426,1.860111215597687
gyro_norm,34.448,2.0615158303831675
gyro_norm,34.47,2.254029365949543
gyro_norm,34.491,1.9970359606538992
gyro_norm,34.513,1.5950878077125386
gyro_norm,34.546,1.3924315778095966
gyro_norm,34.557,1.5980430312192626
gyro_norm,34.579,2.306016652923608
gyro_norm,34.601,2.379981685646711
gyro_norm,34.623,2.1709848144229866
gyro_norm,34.646,1.9617123987884333
gyro_norm,34.667,1.7158851240659132
gyro_norm,34.688,1.4628227262804232
gyro_norm,34.71,1.3913954714990888
gyro_norm,34.732,1.5293477263759276
gyro_norm,34.758,1.6011860732942453
gyro_norm,34.776,1.508601064148493
gyro_norm,34.798,1.2715322206080515
gyro_norm,34.82,0.9711586311727897
gyro_norm,34.842,0.8038403096946017
gyro_norm,34.864,0.7460176244370612
gyro_norm,34.886,0.7386142463464531
gyro_norm,34.908,0.643748907946863
gyro_norm,34.929,0.5084107418003019
gyro_norm,34.952,0.4164060932444063
gyro_norm,34.973,0.347569316751051
gyro_norm,34.995,0.35278621812671906
gyro_norm,35.026,0.46035893540677963
gyro_norm,35.039,0.527219067870928
gyro_norm,35.06,0.45842210431643193
gyro_norm,35.083,0.9296493475132303
gyro_norm,35.105,1.134357401520231
gyro_norm,35.126,0.8471243946110933
gyro_norm,35.148,0.8718372982505055
gyro_norm,35.17,1.1636053018964305
gyro_norm,35.192,0.8629125347139145
gyro_norm,35.214,0.25871010843091063
gyro_norm,35.236,0.4188810161503943
gyro_norm,35.257,0.5061839616214608
gyro_norm,35.279,0.3395381394396733
gyro_norm,35.301,0.4488631727544649
gyro_norm,35.323,0.652016006203612
gyro_norm,35.353,0.6909282779963869
gyro_norm,35.366,0.6554894737704979
gyro_norm,35.389,0.6153623579073365
gyro_norm,35.41,0.515032407294768
gyro_norm,35.432,0.4055131011587502
gyro_norm,35.455,0.17302691131671114
gyro_norm,35.476,0.2218749732184445
gyro_norm,35.498,0.5223744113502992
gyro_norm,35.52,0.7487488328830559
gyro_norm,35.542,0.8423431341754433
gyro_norm,35.565,0.8977190153233834
gyro_norm,35.586,1.0883841964874676
gyro_norm,35.607,0.7104542772688434
gyro_norm,35.629,1.0769195466104677
gyro_norm,35.651,0.7657052882197718
gyro_norm,35.673,0.6149744735889345
gyro_norm,35.696,0.8271730067715507
gyro_norm,35.717,0.7302467227700462
gyro_norm,35.742,0.8368582533284614
gyro_norm,35.761,1.0027248016138208
gyro_norm,35.783,0.9797020933417534
gyro_norm,35.805,0.8318097747657844
gyro_norm,35.826,0.776830038554014
gyro_norm,35.848,0.854064773753125
gyro_norm,35.87,0.9770720931602674
gyro_norm,35.892,0.9610585117561342
gyro_norm,35.917,0.7720629152783783
gyro_norm,35.937,0.5736973611542074
gyro_norm,35.958,0.5185381625194567
gyro_norm,35.985,0.4676993309795575
gyro_norm,36.001,0.3052231429571326
gyro_norm,36.023,0.2844160224400437
gyro_norm,36.045,0.35400003208494346
gyro_norm,36.067,0.47770216082043643
gyro_norm,36.089,0.6424007923486749
gyro_norm,36.11,0.6445936526237985
gyro_norm,36.133,0.4035444883966327
gyro_norm,36.154,0.34914690156064626
gyro_norm,36.177,0.851287844226391
gyro_norm,36.2,1.2465986359011259
gyro_norm,36.22,1.0080113321413615
gyro_norm,36.242,0.5390600459794098
gyro_norm,36.265,0.47433299519242994
gyro_norm,36.286,0.21981740005191258
gyro_norm,36.308,0.35012980929608467
gyro_norm,36.329,0.6639402544543964
gyro_norm,36.352,0.7817187480868528
gyro_norm,36.373,0.7046601523641007
gyro_norm,36.395,0.807111074431846
gyro_norm,36.417,1.0395856330863034
gyro_norm,36.439,1.2740087658261705
gyro_norm,36.461,1.5058285716586002
gyro_norm,36.483,1.574812675765694
gyro_norm,36.505,1.4105296720456466
gyro_norm,36.526,1.1000739545109348
gyro_norm,36.548,0.7284409254650962
gyro_norm,36.57,0.39714626880838566
gyro_norm,36.592,0.35440628997470147
gyro_norm,36.615,0.5309397571256173
gyro_norm,36.638,0.6891284080968165
gyro_norm,36.658,0.6757724434007105
gyro_norm,36.68,0.5238972625303318
gyro_norm,36.701,0.5842403682780889
gyro_norm,36.723,0.6328625600241805
gyro_norm,36.745,0.7447755852141499
gyro_norm,36.767,0.9464098662027465
gyro_norm,36.789,0.39709979334381096
gyro_norm,36.811,0.996090877120258
gyro_norm,36.833,0.8419589783558591
gyro_norm,36.859,0.39942703946983105
gyro_norm,36.876,0.48068037961197524
gyro_norm,36.898,0.9510430225471757
gyro_norm,36.92,1.2613569079125742
gyro_norm,36.951,1.2836590968939527
gyro_norm,36.965,1.1059755999675591
gyro_norm,36.985,1.019330921978558
gyro_norm,37.007,0.9913409518794841
gyro_norm,37.03,0.8692249837245053
gyro_norm,37.051,0.6798018423258131
gyro_norm,37.074,0.5254676631925479
gyro_norm,37.095,0.4388484416170627
gyro_norm,37.117,0.3722721604173465
gyro_norm,37.14,0.29840233651654574
gyro_norm,37.161,0.09446357624576848
gyro_norm,37.183,0.2626118245308836
gyro_norm,37.205,0.4582289041422913
gyro_norm,37.227,0.5263235979312149
gyro_norm,37.248,0.4365339641362541
gyro_norm,37.27,0.35594420952213746
gyro_norm,37.292,0.5161623077870493
gyro_norm,37.314,0.939751309438562
gyro_norm,37.336,1.653748355128404
gyro_norm,37.358,1.7337312938847176
gyro_norm,37.379,1.335823185668519
gyro_norm,37.402,1.1478722980573286
gyro_norm,37.424,1.1927504514930605
gyro_norm,37.445,1.1265485942028164
gyro_norm,37.467,0.9445590365679414
gyro_norm,37.489,0.8104904076276114
gyro_norm,37.511,0.8257297206158161
gyro_norm,37.532,0.924550188913986
gyro_norm,37.555,1.024934988393554
gyro_norm,37.581,1.0828234558420629
gyro_norm,37.599,1.0282137408537921
gyro_norm,37.62,0.964433228924625
gyro_norm,37.642,0.9337367015064504
gyro_norm,37.665,0.8540023671384216
gyro_norm,37.686,0.5931278638504127
gyro_norm,37.708,0.3731061193320759
gyro_norm,37.73,0.5183586824199719
gyro_norm,37.752,0.7500228959048941
gyro_norm,37.774,0.9026964905741519
gyro_norm,37.799,0.8217553372066024
gyro_norm,37.818,0.6275147073475019
gyro_norm,37.841,0.19748483689316984
gyro_norm,37.86,0.728901615343573
gyro_norm,37.883,0.3091845659887019
gyro_norm,37.908,0.8690378895249571
gyro_norm,37.927,0.9250831274845706
gyro_norm,37.949,0.4646204996818655
gyro_norm,37.97,0.6286223856946661
gyro_norm,37.993,0.9458751694857244
gyro_norm,38.014,1.081192100618781
gyro_norm,38.036,1.185769940962352
gyro_norm,38.066,1.308992264148353
gyro_norm,38.08,1.377427818309127
gyro_norm,38.102,1.300566794177871
gyro_norm,38.124,1.0795148320555674
gyro_norm,38.146,0.8500895505709328
gyro_norm,38.167,0.6520612055433422
gyro_norm,38.19,0.4451337825468091
gyro_norm,38.211,0.18175679043576287
gyro_norm,38.233,0.14500972006370988
gyro_norm,38.255,0.38744506017915303
gyro_norm,38.277,0.588375973611089
gyro_norm,38.299,0.7951602463107228
gyro_norm,38.32,0.9062904501641053
gyro_norm,38.343,0.851208265890618
gyro_norm,38.365,0.59782699357263
gyro_norm,38.39,0.46987590665029644
gyro_norm,38.408,0.9285878792836206
gyro_norm,38.43,1.6241044486352247
gyro_norm,38.451,1.69861684388334
gyro_norm,38.481,1.5033448415582535
gyro_norm,38.496,1.3086154960975744
gyro_norm,38.517,0.8673820860860059
gyro_norm,38.545,0.6451096052799064
gyro_norm,38.561,0.838588336540037
gyro_norm,38.583,0.9902650925501284
gyro_norm,38.605,1.0100290083985575
gyro_norm,38.627,0.9325273674532357
gyro_norm,38.649,0.7927044347585681
gyro_norm,38.671,0.7049781359154028
gyro_norm,38.692,0.7170919183413513
gyro_norm,38.714,0.7690579260510767
gyro_norm,38.736,0.8282583277908379
gyro_norm,38.758,0.8583063216087818
gyro_norm,38.78,0.9536183289380358
gyro_norm,38.803,1.1052495175537675
gyro_norm,38.826,1.1519249569373327
gyro_norm,38.846,1.1664980410750074
gyro_norm,38.872,1.2861108544700843
gyro_norm,38.889,1.470794292006789
gyro_norm,38.911,1.6879837349252211
gyro_norm,38.933,1.7451157004374587
gyro_norm,38.965,1.1380340947099057
gyro_norm,38.977,0.7566894110672786
gyro_norm,38.999,0.6408672741659857
gyro_norm,39.023,0.1384907694702813
gyro_norm,39.043,0.5132192719861693
gyro_norm,39.065,0.8080893246271156
gyro_norm,39.086,0.9584527406256867
gyro_norm,39.108,0.9890551383214654
gyro_norm,39.13,0.8279082530874079
gyro_norm,39.152,0.5982906450387846
gyro_norm,39.181,0.4405295982804296
gyro_norm,39.196,0.3345790525049675
gyro_norm,39.218,0.2766081944656481
gyro_norm,39.24,0.31866508458628867
gyro_norm,39.261,0.31029833762430525
gyro_norm,39.284,0.2547068593376652
gyro_norm,39.305,0.25167815284267664
gyro_norm,39.327,0.21688162134019998
gyro_norm,39.349,0.2024380337611974
gyro_norm,39.371,0.24906176438186095
gyro_norm,39.393,0.29438318922905365
gyro_norm,39.415,0.25725907471252973
gyro_norm,39.436,0.24002176633340433
gyro_norm,39.458,0.522410406880789
gyro_norm,39.48,0.5901967318391571
gyro_norm,39.502,0.6932401110766832
gyro_norm,39.524,1.012780538108637
gyro_norm,39.546,1.1005297802556517
gyro_norm,39.567,0.6040604420451512
gyro_norm,39.59,0.15057545360373709
gyro_norm,39.611,0.38301135455354657
gyro_norm,39.633,0.6304283295986601
gyro_norm,39.655,0.7629309067486516
gyro_norm,39.681,0.7419234146091227
gyro_norm,39.699,0.5613416240383123
gyro_norm,39.721,0.3305705935803771
gyro_norm,39.742,0.5091495862382267
gyro_norm,39.765,0.8287802332829068
gyro_norm,39.787,0.9241432490663646
gyro_norm,39.808,0.8460189100516637
gyro_norm,39.83,0.6949399731039133
gyro_norm,39.852,0.4655994736364991
gyro_norm,39.874,0.11220899919045098
gyro_norm,39.896,0.2688634433381779
gyro_norm,39.918,0.42448798149723566
gyro_norm,39.939,0.47356611881761834
gyro_norm,39.963,0.5836856027729843
gyro_norm,39.989,0.6613925038585893
gyro_norm,40.005,0.6723947355766258
gyro_norm,40.027,0.7090441435414042
gyro_norm,40.049,0.4917585022215799
gyro_norm,40.071,0.33337696356601987
gyro_norm,40.092,0.5423702357381026
gyro_norm,40.122,0.20536643019931197
gyro_norm,40.14,0.4253350268300396
gyro_norm,40.158,0.21767645251565843
gyro_norm,40.18,0.21457233802981412
gyro_norm,40.202,0.3465639661875148
gyro_norm,40.225,0.546733809008555
gyro_norm,40.245,0.49068010728878925
gyro_norm,40.267,0.41116767249547664
gyro_norm,40.289,0.4350912296371966
gyro_norm,40.311,0.45256652032998274
gyro_norm,40.333,0.4530928260417528
gyro_norm,40.355,0.4400992346589289
gyro_norm,40.376,0.41082899157331737
gyro_norm,40.398,0.36847077481336665
gyro_norm,40.42,0.3335197601558632
gyro_norm,40.442,0.3417610022889765
gyro_norm,40.471,0.4324647472346352
gyro_norm,40.486,0.5804515119080632
gyro_norm,40.508,0.6595212727530861
gyro_norm,40.53,0.6641571229225548
gyro_norm,40.552,0.5899959512972867
gyro_norm,40.574,0.4503771770899179
gyro_norm,40.596,0.4576855217836643
gyro_norm,40.618,0.8502371051000623
gyro_norm,40.639,1.4102991468519621
gyro_norm,40.661,1.4852476263103251
gyro_norm,40.683,1.2241197962578125
gyro_norm,40.705,0.5929089320280055
gyro_norm,40.727,0.44194073540523976
gyro_norm,40.749,0.29628098129411645
gyro_norm,40.771,0.1503952157947049
gyro_norm,40.792,0.41262075202264387
gyro_norm,40.814,0.4180083247505711
gyro_norm,40.836,0.27427611838395666
gyro_norm,40.858,0.3129670906467643
gyro_norm,40.88,0.46262336682747307
gyro_norm,40.904,0.4545716149554552
gyro_norm,40.925,0.37192341527544687
gyro_norm,40.946,0.42190896184856386
gyro_norm,40.968,0.5345955176117605
gyro_norm,40.99,0.5079061360291314
gyro_norm,41.012,0.40319094919043375
gyro_norm,41.033,0.4809548903803641
gyro_norm,41.055,0.7497158314561608
gyro_norm,41.077,0.9398363984960451
gyro_norm,41.102,0.9910576929102015
gyro_norm,41.121,1.0466178609226877
gyro_norm,41.143,1.1583149936138795
gyro_norm,41.165,1.3350600861493038
gyro_norm,41.186,1.2716151351997556
gyro_norm,41.208,0.8966340846874952
gyro_norm,41.23,0.7948553375989479
gyro_norm,41.252,0.7786559751506548
gyro_norm,41.28,1.0726514622004542
gyro_norm,41.298,1.1862924327098567
gyro_norm,41.318,1.3476932287450747
gyro_norm,41.34,1.5527409458115702
gyro_norm,41.361,1.6775973204079546
gyro_norm,41.383,1.5367431827621196
gyro_norm,41.405,1.314275939249963
gyro_norm,41.427,1.313505930559046
gyro_norm,41.449,1.4437639380500114
gyro_norm,41.471,1.3821049172480067
gyro_norm,41.493,1.1475465012680481
gyro_norm,41.52,0.9554120862423201
gyro_norm,41.536,0.9172128596562722
gyro_norm,41.558,0.9145896434821336
gyro_norm,41.587,0.8206064766093425
gyro_norm,41.602,0.5906001225330201
gyro_norm,41.625,0.34836826780869695
gyro_norm,41.646,0.21803267318487957
gyro_norm,41.668,0.27696546417393647
gyro_norm,41.69,0.4085080788493987
gyro_norm,41.711,0.47155933689029883
gyro_norm,41.733,0.5191202646643462
gyro_norm,41.756,0.37164563387876826
gyro_norm,41.777,0.31988331635775535
gyro_norm,41.799,0.6956785968764048
gyro_norm,41.821,0.7602348349374455
gyro_norm,41.843,0.5860574862307404
gyro_norm,41.865,0.6346304693897843
gyro_norm,41.887,0.8085495826479564
gyro_norm,41.909,0.6905340824353422
gyro_norm,41.931,0.3193805280784318
gyro_norm,41.952,0.033875122496912775
gyro_norm,41.975,0.17379706027589062
gyro_norm,41.996,0.34411056057861983
gyro_norm,42.018,0.3559946899958495
gyro_norm,42.04,0.28233032262033175
gyro_norm,42.069,0.3058100639608357
gyro_norm,42.083,0.39568581592466007
gyro_norm,42.105,0.3483278719097093
gyro_norm,42.127,0.1907422742131148
gyro_norm,42.149,0.25612203517655624
gyro_norm,42.171,0.41300395387632505
gyro_norm,42.193,0.5333994322120438
gyro_norm,42.22,0.6649286514228594
gyro_norm,42.236,0.8015601023682095
gyro_norm,42.261,0.9383105463039016
gyro_norm,42.28,1.0437645851921877
gyro_norm,42.302,1.0823796604557263
gyro_norm,42.325,0.838834786865539
gyro_norm,42.346,0.8155613497640086
gyro_norm,42.368,0.71791014636529
gyro_norm,42.39,1.0252202756868083
gyro_norm,42.412,1.233610430405881
gyro_norm,42.44,0.8551394807914887
gyro_norm,42.459,0.6899292159364716
gyro_norm,42.477,0.904535334708867
gyro_norm,42.502,1.1351522515046912
gyro_norm,42.521,1.0451221216565476
gyro_norm,42.547,0.8913718227575723
gyro_norm,42.565,0.8670845001187889
gyro_norm,42.587,0.9179298175849284
gyro_norm,42.609,0.8824621646319935
gyro_norm,42.63,0.7536905515559584
gyro_norm,42.653,0.6516995631374617
gyro_norm,42.677,0.5561007392249611
gyro_norm,42.696,0.49068067306021723
gyro_norm,42.718,0.39594538891904024
gyro_norm,42.74,0.30258438246507435
gyro_norm,42.762,0.34975383125639986
gyro_norm,42.785,0.4207326020678708
gyro_norm,42.805,0.46544602984164796
gyro_norm,42.827,0.49463606292335216
gyro_norm,42.85,0.6459092763274983
gyro_norm,42.871,0.11492804822849237
gyro_norm,42.893,0.5694862222269848
gyro_norm,42.915,1.0044415193916503
gyro_norm,42.939,1.2478634817354932
gyro_norm,42.958,1.1085962743108944
gyro_norm,42.98,0.8974186160095424
gyro_norm,43.003,1.0155796829042023
gyro_norm,43.025,0.8480913621920061
gyro_norm,43.046,0.46264007611996627
gyro_norm,43.068,0.2421495757467285
gyro_norm,43.09,0.310259238104166
gyro_norm,43.112,0.3098260371543302
gyro_norm,43.134,0.1899942364745282
gyro_norm,43.155,0.35110385638754327
gyro_norm,43.178,0.45556958689592636
gyro_norm,43.2,0.521869475157254
gyro_norm,43.221,0.4416726405589457
gyro_norm,43.243,0.2840137541491879
gyro_norm,43.265,0.18685155421407948
gyro_norm,43.287,0.4712126606486448
gyro_norm,43.309,0.7531727724196494
gyro_norm,43.33,1.0019915373065975
gyro_norm,43.352,1.235920902914774
gyro_norm,43.374,1.321201631487479
gyro_norm,43.401,1.1990177580368142
gyro_norm,43.418,1.118091015413503
gyro_norm,43.44,1.419505116996232
gyro_norm,43.462,1.1633180149699995
gyro_norm,43.485,0.7012909038411805
gyro_norm,43.506,0.7588691253983143
gyro_norm,43.527,0.4077933677557846
gyro_norm,43.549,0.7478389238891086
gyro_norm,43.572,0.987511667772433
gyro_norm,43.593,0.9334540669043718
gyro_norm,43.622,0.8382250721849197
gyro_norm,43.639,0.8452899262777785
gyro_norm,43.662,0.9258723433815073
gyro_norm,43.68,1.0255043567480402
gyro_norm,43.702,0.9760973819355651
gyro_norm,43.725,0.6652956332707238
gyro_norm,43.746,0.517840535074777
gyro_norm,43.768,0.4283918825164088
gyro_norm,43.79,0.4453324062933203
gyro_norm,43.812,0.3327387715879338
gyro_norm,43.834,0.22571887579036096
gyro_norm,43.856,0.42324333770374284
gyro_norm,43.877,0.698576178326245
gyro_norm,43.899,0.6795765324603309
gyro_norm,43.921,0.533119865891473
gyro_norm,43.943,0.47558492125806956
gyro_norm,43.965,0.5017893836391493
gyro_norm,43.987,0.552614401497855
gyro_norm,44.008,0.786985807846431
gyro_norm,44.03,0.6551414452246932
gyro_norm,44.052,0.2305944747317583
gyro_norm,44.076,0.5012177454013576
gyro_norm,44.096,0.6445599496231776
gyro_norm,44.118,0.4862490010484111
gyro_norm,44.142,0.2866644120635284
gyro_norm,44.162,0.34265175886914484
gyro_norm,44.185,0.3558889211136621
gyro_norm,44.211,0.41317092903879654
gyro_norm,44.228,0.41130837271407217
gyro_norm,44.25,0.2738494281460145
gyro_norm,44.272,0.1256995338612033
gyro_norm,44.293,0.14825234565653286
gyro_norm,44.315,0.07857303677381523
gyro_norm,44.342,0.09500371092766378
gyro_norm,44.359,0.20890821991467992
gyro_norm,44.381,0.27041489034864447
gyro_norm,44.403,0.23555100611203267
gyro_norm,44.425,0.2481740212319507
gyro_norm,44.446,0.29417360224644784
gyro_norm,44.469,0.314381566064644
gyro_norm,44.49,0.4202434769017781
gyro_norm,44.512,0.5218717362808353
gyro_norm,44.542,0.49747037049999
gyro_norm,44.555,0.484930897514239
gyro_norm,44.58,0.6804220472856851
gyro_norm,44.599,0.9049821978431297
gyro_norm,44.621,0.8313888244308818
gyro_norm,44.643,0.5111373071631516
gyro_norm,44.665,0.27019479503548344
gyro_norm,44.687,0.2085625845227179
gyro_norm,44.709,0.3320181734571957
gyro_norm,44.73,0.623704343517335
gyro_norm,44.752,0.6926045875597995
gyro_norm,44.775,0.4306317983471529
gyro_norm,44.807,0.3955549651890116
gyro_norm,44.818,0.41096067939866887
gyro_norm,44.84,0.38690207890836453
gyro_norm,44.862,0.3140051159941338
gyro_norm,44.885,0.3531013768807118
gyro_norm,44.906,0.2967134293621812
gyro_norm,44.928,0.18830854590835322
gyro_norm,44.95,0.15882264241064717
gyro_norm,44.972,0.21077855677622107
gyro_norm,44.993,0.26045494761192867
gyro_norm,45.015,0.2313733548827094
gyro_norm,45.043,0.16712882173414498
gyro_norm,45.059,0.19131591755947805
gyro_norm,45.081,0.1918205931761037
gyro_norm,45.103,0.1284390439713039
gyro_norm,45.125,0.1430208129272841
gyro_norm,45.147,0.21635449128610065
gyro_norm,45.169,0.125497220524381
gyro_norm,45.19,0.09977475823413391
gyro_norm,45.212,0.08887269160727476
gyro_norm,45.237,0.06138563977980144
gyro_norm,45.264,0.05216862024447696
gyro_norm,45.278,0.06299334816097218
gyro_norm,45.3,0.08434276424551901
gyro_norm,45.322,0.11139408648857543
gyro_norm,45.344,0.13262502832473833
gyro_norm,45.365,0.15936583767323498
gyro_norm,45.387,0.1921754778105553
gyro_norm,45.409,0.2052361893013013
gyro_norm,45.431,0.1638416935430136
gyro_norm,45.453,0.1457367838075046
gyro_norm,45.475,0.14244762368284494
gyro_norm,45.497,0.11882301055927258
gyro_norm,45.519,0.09900980813685199
gyro_norm,45.54,0.23346010871369485
gyro_norm,45.562,0.3834678297089351
gyro_norm,45.585,0.4570430812261506
gyro_norm,45.606,0.37449281440285753
gyro_norm,45.628,0.12592938685810576
gyro_norm,45.65,0.3240098894650412
gyro_norm,45.672,0.5041833276170553
gyro_norm,45.694,0.5093867406667826
gyro_norm,45.715,0.43547357476546017
gyro_norm,45.737,0.26045938289027193
gyro_norm,45.759,0.055005185731585915
gyro_norm,45.784,0.23251155811805782
gyro_norm,45.803,0.3671780460551215
gyro_norm,45.825,0.3838484756128788
gyro_norm,45.847,0.33434517148438336
gyro_norm,45.868,0.2571893542675384
gyro_norm,45.892,0.23339642565588725
gyro_norm,45.912,0.22510812999968166
gyro_norm,45.934,0.1829513244546155
gyro_norm,45.957,0.12418043194518207
gyro_norm,45.978,0.08867131660925792
gyro_norm,46.0,0.08952881596678625
gyro_norm,46.022,0.14797955965287646
gyro_norm,46.044,0.20986105780095815
gyro_norm,46.066,0.24558426062040148
gyro_norm,46.087,0.22185889244392915
gyro_norm,46.109,0.20453374121474624
gyro_norm,46.131,0.1922906097271304
gyro_norm,46.153,0.2011944790081495
gyro_norm,46.175,0.25125995518277355
gyro_norm,46.197,0.4102607554394155
gyro_norm,46.223,0.4580327956766107
gyro_norm,46.24,0.5001660162685131
gyro_norm,46.262,1.1303185235746964
gyro_norm,46.285,0.8736932020589723
gyro_norm,46.306,0.9292363853691177
gyro_norm,46.328,0.8863374526724127
gyro_norm,46.35,0.6195784564755624
gyro_norm,46.372,0.5036608413726134
gyro_norm,46.398,0.4770215563080518
gyro_norm,46.416,0.5376412971609555
gyro_norm,46.437,0.5297552556064999
gyro_norm,46.464,0.512393808161023
gyro_norm,46.481,0.5377658489228969
gyro_norm,46.503,0.6188040821450446
gyro_norm,46.525,0.6441219770371504
gyro_norm,46.547,0.5656985895573123
gyro_norm,46.569,0.40871031267996766
gyro_norm,46.591,0.24768670171116897
gyro_norm,46.613,0.1623365265973998
gyro_norm,46.635,0.1262276722859529
gyro_norm,46.666,0.12597355536208305
gyro_norm,46.678,0.10641974219959291
gyro_norm,46.7,0.07607366870340082
gyro_norm,46.721,0.0957288093091855
gyro_norm,46.745,0.20280859485859715
gyro_norm,46.766,0.297236770750712
gyro_norm,46.787,0.2969102093783556
gyro_norm,46.809,0.1922886152302398
gyro_norm,46.831,0.21541636226629948
gyro_norm,46.853,0.3690828163372348
gyro_norm,46.876,0.6135590380955463
gyro_norm,46.896,0.6426821957714761
gyro_norm,46.919,0.47054032318663563
gyro_norm,46.941,0.4607420416248703
gyro_norm,46.964,0.5730985468824185
gyro_norm,46.985,0.634363817062124
gyro_norm,47.006,0.7186649214864904
gyro_norm,47.029,0.8111234920966967
gyro_norm,47.05,0.7834314150853994
gyro_norm,47.072,0.7472518726316891
gyro_norm,47.095,0.7291708050679968
gyro_norm,47.115,0.6855770686367718
gyro_norm,47.137,0.6804891779191345
gyro_norm,47.163,0.6549120353533173
gyro_norm,47.182,0.6142027547147194
gyro_norm,47.203,0.600543091127622
gyro_norm,47.225,0.5541382062645742
gyro_norm,47.247,0.4255501052730789
gyro_norm,47.269,0.2861001286704169
gyro_norm,47.291,0.28461812065021463
gyro_norm,47.313,0.48565566892434275
gyro_norm,47.335,0.6581443250348976
gyro_norm,47.357,0.7773369741329658
gyro_norm,47.378,0.9376643454647569
gyro_norm,47.401,1.277138186768216
gyro_norm,47.422,1.4489862962843443
gyro_norm,47.445,0.9380678287605944
gyro_norm,47.466,0.8826980310064826
gyro_norm,47.488,0.4647802259002008
gyro_norm,47.513,0.515215867792619
gyro_norm,47.532,0.6564058751788084
gyro_norm,47.553,0.4889667229083161
gyro_norm,47.581,0.40912506623477546
gyro_norm,47.597,0.5564087511642914
gyro_norm,47.619,0.6453267704049275
gyro_norm,47.641,0.5738840969571375
gyro_norm,47.671,0.4882414545849806
gyro_norm,47.685,0.43727986241844763
gyro_norm,47.706,0.34526753440903024
gyro_norm,47.728,0.26578352202407224
gyro_norm,47.75,0.25008016930854093
gyro_norm,47.772,0.1709562164106331
gyro_norm,47.794,0.1767955672696318
gyro_norm,47.816,0.26689953928714044
gyro_norm,47.838,0.24457879670570587
gyro_norm,47.859,0.0863285624566467
gyro_norm,47.882,0.24551791618322832
gyro_norm,47.904,0.34975062880723257
gyro_norm,47.925,0.28581721133625265
gyro_norm,47.947,0.19205268872434617
gyro_norm,47.969,0.23422727076776462
gyro_norm,47.991,0.38678400930486695
gyro_norm,48.012,0.18311594682485094
gyro_norm,48.035,0.542977131915528
gyro_norm,48.057,0.9588102218143756
gyro_norm,48.08,1.0386613825511029
gyro_norm,48.1,0.9168597912724984
gyro_norm,48.122,0.9360873688653067
gyro_norm,48.145,0.9074148415947966
gyro_norm,48.166,0.7396842493031732
gyro_norm,48.188,0.3854179769557473
gyro_norm,48.21,0.5126011323372225
gyro_norm,48.232,0.6025464022975756
gyro_norm,48.253,0.3497828423826832
gyro_norm,48.275,0.6371551543810975
gyro_norm,48.303,0.6425537462219998
gyro_norm,48.319,0.40491598157115877
gyro_norm,48.34,0.19424065597614806
gyro_norm,48.363,0.11079610007335133
gyro_norm,48.385,0.14490135939103524
gyro_norm,48.406,0.318026569139813
gyro_norm,48.428,0.5819760911096089
gyro_norm,48.45,0.8594480144632018
gyro_norm,48.472,0.9224794565807926
gyro_norm,48.501,0.8115705889856801
gyro_norm,48.516,0.6452784305113347
gyro_norm,48.538,0.5258932436416981
gyro_norm,48.56,0.535003801584178
gyro_norm,48.582,0.7083015121255726
gyro_norm,48.604,0.5218902313193872
gyro_norm,48.625,0.47391045020556066
gyro_norm,48.647,0.6572384703614621
gyro_norm,48.669,0.5854036298813088
gyro_norm,48.691,0.9587150012495363
gyro_norm,48.713,0.6704121668467125
gyro_norm,48.735,0.43744712914944717
gyro_norm,48.761,0.3039684896213065
gyro_norm,48.779,0.4207805660239305
gyro_norm,48.802,0.4928761300255621
gyro_norm,48.822,0.4326968438541588
gyro_norm,48.845,0.2919266621824212
gyro_norm,48.866,0.20281860488528883
gyro_norm,48.888,0.21283295546039974
gyro_norm,48.91,0.2391844258974221
gyro_norm,48.932,0.19583111932648292
gyro_norm,48.954,0.1967066501295676
gyro_norm,48.976,0.26309547455273724
gyro_norm,48.997,0.1951809863934561
gyro_norm,49.019,0.1514524289475561
gyro_norm,49.041,0.1927857396716681
gyro_norm,49.063,0.2308521899566571
gyro_norm,49.085,0.1959942115550879
gyro_norm,49.107,0.11695867342375954
gyro_norm,49.128,0.030012520318423594
gyro_norm,49.151,0.10421591358064303
gyro_norm,49.172,0.11369974624308876
gyro_norm,49.194,0.29120676880483665
gyro_norm,49.217,0.23795364123832377
gyro_norm,49.238,0.088090110421908
gyro_norm,49.271,0.23877591177428642
gyro_norm,49.282,0.41463826242771673
gyro_norm,49.304,0.3967389881718785
gyro_norm,49.325,0.3096582547815382
gyro_norm,49.348,0.4719209394109858
gyro_norm,49.369,0.5428350984026364
gyro_norm,49.391,0.47674621324975963
gyro_norm,49.413,0.3573049202993639
gyro_norm,49.435,0.1700539888429471
gyro_norm,49.457,0.3132138062618856
gyro_norm,49.478,0.31915202737380644
gyro_norm,49.501,0.2428956351710424
gyro_norm,49.522,0.30125691706439595
gyro_norm,49.545,0.2769535866677816
gyro_norm,49.566,0.2631491029562978
gyro_norm,49.588,0.25252060482464755
gyro_norm,49.61,0.18516716895878269
gyro_norm,49.631,0.1985622350822316
gyro_norm,49.66,0.26528534598040615
gyro_norm,49.675,0.3218581029546667
gyro_norm,49.697,0.32979336567413436
gyro_norm,49.719,0.3145116098771276
gyro_norm,49.752,0.2795165729388016
gyro_norm,49.763,0.18363676790297143
gyro_norm,49.786,0.13488272718951455
gyro_norm,49.807,0.19357890594713745
gyro_norm,49.829,0.2513552673299187
gyro_norm,49.851,0.2875143383979799
gyro_norm,49.873,0.29583527484603284
gyro_norm,49.894,0.3109101136035123
gyro_norm,49.916,0.3111830688007916
gyro_norm,49.939,0.3545227698736555
gyro_norm,49.96,0.3586654913333879
gyro_norm,49.986,0.5104909611434151
gyro_norm,50.004,0.3964628317911484
gyro_norm,50.025,0.28470173589805825
gyro_norm,50.047,0.6292947304465872
gyro_norm,50.071,0.5042877757252698
gyro_norm,50.091,0.35416622998113667
gyro_norm,50.113,0.2627629793043996
gyro_norm,50.135,0.14602327796832976
gyro_norm,50.157,0.17440216342677192
gyro_norm,50.179,0.2564825148539865
gyro_norm,50.201,0.348456290541126
gyro_norm,50.223,0.40711642870565784
gyro_norm,50.245,0.3942679422294977
gyro_norm,50.267,0.3166732914129237
gyro_norm,50.288,0.1540936653836946
gyro_norm,50.31,0.04276980733632334
gyro_norm,50.332,0.1155627751380076
gyro_norm,50.359,0.14861364971096763
gyro_norm,50.375,0.17427453079815008
gyro_norm,50.397,0.19230201359901045
gyro_norm,50.419,0.20158642641866845
gyro_norm,50.441,0.2598478106354037
gyro_norm,50.463,0.4365004518577436
gyro_norm,50.485,0.6432474370255696
gyro_norm,50.507,0.7989437053745567
gyro_norm,50.529,0.8463828385982375
gyro_norm,50.552,0.8483840524635253
gyro_norm,50.573,0.7298563386044506
gyro_norm,50.595,0.6154635122276554
gyro_norm,50.616,0.9667606935341251
gyro_norm,50.643,1.3718510153648438
gyro_norm,50.66,1.3392718629268592
gyro_norm,50.682,1.0624962167478351
gyro_norm,50.705,0.8189885581657119
gyro_norm,50.726,0.6127355287757434
gyro_norm,50.749,0.4216689133156262
gyro_norm,50.769,0.5175038455339962
gyro_norm,50.792,0.636229390169613
gyro_norm,50.814,0.6522715874782427
gyro_norm,50.841,0.6098644655298265
gyro_norm,50.865,0.6019610198060779
gyro_norm,50.879,0.5759210529671297
gyro_norm,50.901,0.5560947657253298
gyro_norm,50.923,0.6538000356016006
gyro_norm,50.945,0.6789698441982899
gyro_norm,50.967,0.5642975071683355
gyro_norm,50.989,0.3470066850903322
gyro_norm,51.01,0.19842558423406143
gyro_norm,51.032,0.3253600972129565
gyro_norm,51.055,0.45670030543287393
gyro_norm,51.076,0.49181524354686407
gyro_norm,51.098,0.5619740810025655
gyro_norm,51.126,0.5371538317242206
gyro_norm,51.141,0.2422142842944316
gyro_norm,51.163,0.38824705040719926
gyro_norm,51.185,0.7087705766127869
gyro_norm,51.207,0.9399540639156188
gyro_norm,51.229,0.15124555595402073
gyro_norm,51.251,0.755920629782259
gyro_norm,51.273,0.7439504142327181
gyro_norm,51.3,0.49105502484456903
gyro_norm,51.316,0.3047517825634536
gyro_norm,51.339,0.6537501877677991
gyro_norm,51.36,0.7729629341822857
gyro_norm,51.382,0.966728626062879
gyro_norm,51.405,1.1044537056629544
gyro_norm,51.426,1.1090534662036535
gyro_norm,51.447,0.9618973889680269
gyro_norm,51.47,0.7554378818832117
gyro_norm,51.491,0.533970798377051
gyro_norm,51.513,0.3813372399942955
gyro_norm,51.535,0.3776366290155314
gyro_norm,51.557,0.4401573378794068
gyro_norm,51.578,0.4819800912130991
gyro_norm,51.6,0.4888023594136631
gyro_norm,51.623,0.5407311338587389
gyro_norm,51.645,0.5928777917682807
gyro_norm,51.666,0.614056023535375
gyro_norm,51.688,0.6603088421066279
gyro_norm,51.71,0.7931241863569113
gyro_norm,51.732,0.7359530568478891
gyro_norm,51.756,0.8144709648623466
gyro_norm,51.778,0.8401636698390249
gyro_norm,51.797,0.48023792203502
gyro_norm,51.82,0.12495376848480358
gyro_norm,51.841,0.36324429065291874
gyro_norm,51.864,0.4036777694888552
gyro_norm,51.885,0.46908481851332856
gyro_norm,51.907,0.6402049694249793
gyro_norm,51.929,0.7313386366898894
gyro_norm,51.951,0.6226212026195331
gyro_norm,51.973,0.7832120164934383
gyro_norm,51.999,1.0151980264828315
gyro_norm,52.016,0.6758392181961256
gyro_norm,52.039,0.801270232728387
gyro_norm,52.061,1.192230631054744
gyro_norm,52.082,1.2059576150455549
gyro_norm,52.105,1.0114359014175143
gyro_norm,52.126,0.709520843176321
gyro_norm,52.148,0.5104095548767634
gyro_norm,52.17,0.473513127157413
gyro_norm,52.192,0.5483909518162278
gyro_norm,52.214,0.5504335202283678
gyro_norm,52.24,0.2536684023817383
gyro_norm,52.257,0.29095040092332947
gyro_norm,52.279,0.08107978766090296
gyro_norm,52.306,0.7475743572724556
gyro_norm,52.322,0.4330960746821638
gyro_norm,52.345,0.8424690726958156
gyro_norm,52.367,1.0844679274801534
gyro_norm,52.389,1.034346423558614
gyro_norm,52.41,0.8565154294494024
gyro_norm,52.432,0.4572877232146362
gyro_norm,52.454,0.8501281990685395
gyro_norm,52.476,0.8248759223048114
gyro_norm,52.498,0.442766594211299
gyro_norm,52.52,0.3382296546491665
gyro_norm,52.542,0.38579593801027984
gyro_norm,52.563,0.4512581554538251
gyro_norm,52.585,0.43547934007945144
gyro_norm,52.607,0.2593371325587364
gyro_norm,52.629,0.2611852815647507
gyro_norm,52.651,0.4107424729818056
gyro_norm,52.673,0.4515189082177926
gyro_norm,52.695,0.38932056759976214
gyro_norm,52.717,0.3056170500132586
gyro_norm,52.74,0.3402306011781459
gyro_norm,52.76,0.39546341137877233
gyro_norm,52.786,0.3977872654519691
gyro_norm,52.805,0.2652636367913295
gyro_norm,52.826,0.09347990343626533
gyro_norm,52.848,0.35647302695195887
gyro_norm,52.87,0.7319358395036537
gyro_norm,52.892,0.5645805344090936
gyro_norm,52.913,0.3794333731581019
gyro_norm,52.935,0.30572523720459993
gyro_norm,52.958,0.4332855936104474
gyro_norm,52.979,0.38388670335590136
gyro_norm,53.001,0.6084146026115582
gyro_norm,53.023,0.6675895707243303
gyro_norm,53.048,0.5190385166838829
gyro_norm,53.067,0.48609343263552995
gyro_norm,53.088,0.6048737743877214
gyro_norm,53.11,0.4908397306570788
gyro_norm,53.132,0.35113763433535017
gyro_norm,53.154,0.3781002016353577
gyro_norm,53.181,0.37488639392158285
gyro_norm,53.198,0.29387509257118016
gyro_norm,53.22,0.18981670871623516
gyro_norm,53.242,0.11294856633481404
gyro_norm,53.275,0.19061245517482583
gyro_norm,53.285,0.32919324956550977
gyro_norm,53.307,0.32689632339391766
gyro_norm,53.329,0.23329841383074254
gyro_norm,53.351,0.2802119003267322
gyro_norm,53.373,0.47136526834233095
gyro_norm,53.395,0.9202393548332616
gyro_norm,53.417,1.7625771857264327
gyro_norm,53.438,1.2781870479074424
gyro_norm,53.46,0.9744963384623645
gyro_norm,53.482,0.5095681630960258
gyro_norm,53.505,0.8109708739299748
gyro_norm,53.526,0.7920277575504673
gyro_norm,53.548,0.5881808381692396
gyro_norm,53.57,0.496472698577395
gyro_norm,53.592,0.5082043543575463
gyro_norm,53.613,0.5550841500363624
gyro_norm,53.636,0.4806182344740189
gyro_norm,53.665,0.33697475006952876
gyro_norm,53.679,0.21173349716715892
gyro_norm,53.701,0.18407972717220553
gyro_norm,53.723,0.20655468466470095
gyro_norm,53.75,0.26129492562902334
gyro_norm,53.767,0.317650263744878
gyro_norm,53.789,0.33620558775218196
gyro_norm,53.811,0.38521584190171526
gyro_norm,53.832,0.35380446942730304
gyro_norm,53.854,0.2995335362455939
gyro_norm,53.88,0.5199522224300984
gyro_norm,53.901,0.6888697072370683
gyro_norm,53.92,0.668993647401277
gyro_norm,53.941,0.6734771994108725
gyro_norm,53.965,0.9552484264869234
gyro_norm,53.988,1.1450030666770932
gyro_norm,54.007,1.092600126205245
gyro_norm,54.029,0.8053040053759689
gyro_norm,54.052,0.43867165867188934
gyro_norm,54.073,0.6243694040784349
gyro_norm,54.102,1.1432300483602862
gyro_norm,54.117,1.3320846489126632
gyro_norm,54.139,1.0356297040373619
gyro_norm,54.161,0.6909174954209283
gyro_norm,54.182,0.6684922841682202
gyro_norm,54.205,0.6374364891157576
gyro_norm,54.226,0.5177648466900662
gyro_norm,54.248,0.49008875734253804
gyro_norm,54.27,0.5374388770416246
gyro_norm,54.292,0.48337503612368987
gyro_norm,54.314,0.4394987646945557
gyro_norm,54.336,0.542514397410933
gyro_norm,54.357,0.6626807714653402
gyro_norm,54.387,0.8060403055204612
gyro_norm,54.402,0.9818032022220589
gyro_norm,54.423,1.1972876544322013
gyro_norm,54.445,1.2923692301782346
gyro_norm,54.467,0.8030817751308023
gyro_norm,54.491,0.28506056575827443
gyro_norm,54.51,0.8026727292823149
gyro_norm,54.532,1.4395312533742601
gyro_norm,54.554,1.1643193366256759
gyro_norm,54.576,0.8460853466618619
gyro_norm,54.598,0.9299505824381907
gyro_norm,54.62,0.5297969650685506
gyro_norm,54.642,0.727485442283216
gyro_norm,54.665,0.64499341709707
gyro_norm,54.686,0.6593982012750438
gyro_norm,54.711,1.1729988804014726
gyro_norm,54.729,1.619517714665899
gyro_norm,54.751,1.7465587945606555
gyro_norm,54.773,1.4917355511249852
gyro_norm,54.8,1.2889956988497848
gyro_norm,54.817,1.2622735368236133
gyro_norm,54.839,1.566878323751573
gyro_norm,54.861,1.772087999974343
gyro_norm,54.883,1.773271650634099
gyro_norm,54.905,1.391791864885763
gyro_norm,54.926,1.0288021755622647
gyro_norm,54.949,0.9144140213815626
gyro_norm,54.97,0.8071253320268817
gyro_norm,54.992,0.5599683971276197
gyro_norm,55.015,0.3973038329969017
gyro_norm,55.036,0.5645802664070397
gyro_norm,55.058,0.6517281115260675
gyro_norm,55.08,1.4740402607258667
gyro_norm,55.103,2.19926089730997
gyro_norm,55.123,2.1210346305914163
gyro_norm,55.145,1.344857083943356
gyro_norm,55.167,0.1919450005432299
gyro_norm,55.188,1.0686036841643372
gyro_norm,55.211,1.562293644984758
gyro_norm,55.233,1.6710101963583814
gyro_norm,55.26,1.418830531633526
gyro_norm,55.277,0.9933199714290506
gyro_norm,55.299,1.0210060510115697
gyro_norm,55.32,1.0689604353115647
gyro_norm,55.342,0.9841512759578582
gyro_norm,55.365,1.2723961763791003
gyro_norm,55.386,1.527434741902723
gyro_norm,55.408,1.3821784903900354
gyro_norm,55.429,1.2043178169815585
gyro_norm,55.452,1.0641494296429466
gyro_norm,55.473,0.8812891835115014
gyro_norm,55.495,0.7159009500053803
gyro_norm,55.518,0.6692305065758409
gyro_norm,55.539,0.7464837106150354
gyro_norm,55.561,0.8684590895884724
gyro_norm,55.583,1.0046537289938604
gyro_norm,55.605,1.2131235369611044
gyro_norm,55.626,1.427846601819496
gyro_norm,55.648,0.921314013281807
gyro_norm,55.67,0.8592927979279271
gyro_norm,55.692,0.34562310033602595
gyro_norm,55.714,0.7510725439038601
gyro_norm,55.736,0.9844861719249839
gyro_norm,55.762,1.0970065147260644
gyro_norm,55.78,1.2934316595857742
gyro_norm,55.801,1.390157052389048
gyro_norm,55.825,1.292002720144794
gyro_norm,55.845,1.1486958953916564
gyro_norm,55.867,1.1010270358986887
gyro_norm,55.889,1.1050864977818728
gyro_norm,55.911,0.9923498321329643
gyro_norm,55.933,0.9670996869189425
gyro_norm,55.954,0.9466686201990562
gyro_norm,55.976,0.78901721365087
gyro_norm,56.002,0.6124343822178396
gyro_norm,56.02,0.6426767979390703
gyro_norm,56.042,0.6207372821701157
gyro_norm,56.065,0.3802904686311522
gyro_norm,56.086,0.3973572719942264
gyro_norm,56.108,0.7549785406365449
gyro_norm,56.13,0.9007646785482113
gyro_norm,56.152,0.7465872067481212
gyro_norm,56.173,0.3793534600071616
gyro_norm,56.195,0.23952156388058238
gyro_norm,56.217,0.7915109042763399
gyro_norm,56.239,1.5331696478333119
gyro_norm,56.261,1.7164059741858497
gyro_norm,56.283,1.3655943785941906
gyro_norm,56.305,1.1687111900646396
gyro_norm,56.327,1.2044009542419385
gyro_norm,56.348,0.8309000182806443
gyro_norm,56.37,0.5793431160700117
gyro_norm,56.392,0.6885791610291688
gyro_norm,56.416,0.7251547383496023
gyro_norm,56.436,0.9153593067041065
gyro_norm,56.459,1.0875534948984582
gyro_norm,56.48,1.1372529555940063
gyro_norm,56.502,1.1155764200314062
gyro_norm,56.524,0.983024670086351
gyro_norm,56.545,0.7992887643487903
gyro_norm,56.567,0.6698980022716985
gyro_norm,56.589,0.6068258757422916
gyro_norm,56.611,0.6858659994310475
gyro_norm,56.633,0.7842365379767982
gyro_norm,56.655,0.8880191463164027
gyro_norm,56.677,0.9677403544898386
gyro_norm,56.702,0.9380005930462793
gyro_norm,56.72,0.9230452114452213
gyro_norm,56.742,0.5382368912735529
gyro_norm,56.765,0.7927935416529199
gyro_norm,56.786,0.615915405350346
gyro_norm,56.808,0.7410870031707493
gyro_norm,56.83,1.1828814933646594
gyro_norm,56.852,0.8692094628242896
gyro_norm,56.884,0.739328065456367
gyro_norm,56.895,0.8506887793226017
gyro_norm,56.918,1.0124663551773148
gyro_norm,56.939,1.1843727532423514
gyro_norm,56.961,1.1802608005852837
gyro_norm,56.983,1.1048675442626121
gyro_norm,57.005,1.0537252220100692
gyro_norm,57.026,0.9524982507271105
gyro_norm,57.048,0.8463619140716107
gyro_norm,57.07,0.858645459326464
gyro_norm,57.092,0.8102822620077871
gyro_norm,57.115,0.6064291189628598
gyro_norm,57.142,0.4940435132454753
gyro_norm,57.158,0.4796855519452589
gyro_norm,57.184,0.2570852792794633
gyro_norm,57.202,0.28126218829605343
gyro_norm,57.226,0.5405002733276502
gyro_norm,57.245,0.6213481929859209
gyro_norm,57.267,0.6580526782346792
gyro_norm,57.289,1.120938282463777
gyro_norm,57.311,1.717187426515804
gyro_norm,57.335,1.5808348872441287
gyro_norm,57.355,1.0038687289118537
gyro_norm,57.377,0.8062931675588166
gyro_norm,57.399,0.7610060507598594
gyro_norm,57.421,0.5116963685073723
gyro_norm,57.443,0.5390690706305872
gyro_norm,57.465,0.6910923488945863
gyro_norm,57.486,0.7980354658017751
gyro_norm,57.509,0.903597494416886
gyro_norm,57.53,0.935143010977861
gyro_norm,57.552,0.8452252508987055
gyro_norm,57.583,0.7739329508296202
gyro_norm,57.596,0.8123824168154511
gyro_norm,57.619,0.836688788613614
gyro_norm,57.64,0.7505072196296202
gyro_norm,57.661,0.5235673036936765
gyro_norm,57.683,0.3112776548653472
gyro_norm,57.705,0.5151958066053087
gyro_norm,57.727,0.712727829843595
gyro_norm,57.751,0.7831990759530647
gyro_norm,57.77,0.8205079226866812
gyro_norm,57.793,0.8377316088827507
gyro_norm,57.818,0.5216287404652655
gyro_norm,57.836,0.9019301292964511
gyro_norm,57.858,0.8620622504106121
gyro_norm,57.88,0.8090253523145141
gyro_norm,57.902,1.4458997285744852
gyro_norm,57.926,1.3570710906026036
gyro_norm,57.946,1.141321419368937
gyro_norm,57.967,1.2543236521146817
gyro_norm,57.99,1.4564646135991646
gyro_norm,58.011,1.4719579035880468
gyro_norm,58.034,1.4351590857871173
gyro_norm,58.055,1.463527499796655
gyro_norm,58.079,1.4741252838907624
gyro_norm,58.099,1.419625770702034
gyro_norm,58.121,1.315289910252512
gyro_norm,58.143,1.0973647299176323
gyro_norm,58.165,0.8202326144138975
gyro_norm,58.186,0.6510112481917452
gyro_norm,58.208,0.5813411228190647
gyro_norm,58.231,0.44982854662735056
gyro_norm,58.252,0.16633682660895993
gyro_norm,58.274,0.33674228903686293
gyro_norm,58.296,0.747529874563788
gyro_norm,58.318,0.9695604793217281
gyro_norm,58.34,0.8576459700212551
gyro_norm,58.362,0.6340173642191208
gyro_norm,58.393,0.7832912283768158
gyro_norm,58.405,1.160751710019702
gyro_norm,58.427,1.689301349766539
gyro_norm,58.449,1.8193200958826714
gyro_norm,58.471,1.5075026449897786
gyro_norm,58.493,1.2379677260620603
gyro_norm,58.524,1.0196485851225763
gyro_norm,58.537,0.7432036789711183
gyro_norm,58.558,0.7826425374694708
gyro_norm,58.58,1.018519897111719
gyro_norm,58.602,1.1360954388791844
gyro_norm,58.625,1.1055165894177172
gyro_norm,58.646,1.0162616778199183
gyro_norm,58.668,0.9288553636524537
gyro_norm,58.689,1.014733116441593
gyro_norm,58.712,1.1444258749571712
gyro_norm,58.733,1.1444276313327753
gyro_norm,58.764,0.9123199316941984
gyro_norm,58.782,0.5562663010677708
gyro_norm,58.799,0.309515413124443
gyro_norm,58.821,0.49388849382098926
gyro_norm,58.843,0.599629220158067
gyro_norm,58.873,0.5239970537178863
gyro_norm,58.887,0.5216324122143196
gyro_norm,58.909,0.6611491764811573
gyro_norm,58.934,0.20798409395808018
gyro_norm,58.952,0.3208361182122315
gyro_norm,58.974,0.4887165072451043
gyro_norm,58.996,1.2470919081649385
gyro_norm,59.028,1.1375113952548614
gyro_norm,59.04,0.8534697304934294
gyro_norm,59.061,0.7409056790205037
gyro_norm,59.083,1.012881555724098
gyro_norm,59.106,1.2429207465507277
gyro_norm,59.128,1.4532729123167847
gyro_norm,59.149,1.6052117099186114
gyro_norm,59.171,1.6403358265117978
gyro_norm,59.193,1.5730238322359018
gyro_norm,59.22,1.433220220460511
gyro_norm,59.237,1.1419318616156438
gyro_norm,59.259,0.8652076540665362
gyro_norm,59.28,0.7834407947813883
gyro_norm,59.302,0.8316296273257557
gyro_norm,59.325,0.7844704738925379
gyro_norm,59.346,0.6326352826408161
gyro_norm,59.368,0.6329466296079846
gyro_norm,59.39,0.5343407945369422
gyro_norm,59.412,0.5518181150094177
gyro_norm,59.434,0.7019624291614547
gyro_norm,59.455,0.6172384651162766
gyro_norm,59.478,0.35235280659203055
gyro_norm,59.505,0.3615035595805033
gyro_norm,59.521,0.991116268072591
gyro_norm,59.543,1.5235928439396766
gyro_norm,59.565,1.5709002407828339
gyro_norm,59.587,1.2861885150941834
gyro_norm,59.608,1.0014446696069563
gyro_norm,59.631,0.7886553703368168
gyro_norm,59.652,0.6037542120089249
gyro_norm,59.676,0.629081328133462
gyro_norm,59.696,0.6850578065091674
gyro_norm,59.718,0.7119764092604345
gyro_norm,59.74,0.8405413005654842
gyro_norm,59.764,0.9972115224217387
gyro_norm,59.784,1.1083831712843986
gyro_norm,59.805,1.1585921882384878
gyro_norm,59.83,1.1476059347120213
gyro_norm,59.849,1.13165864328521
gyro_norm,59.871,0.9992956427663249
gyro_norm,59.893,0.6690179054335246
gyro_norm,59.919,0.5750951623060686
gyro_norm,59.937,0.9137499375717055
gyro_norm,59.962,1.2387485431128182
gyro_norm,59.99,1.3902600825479943
gyro_norm,60.003,1.2757181705636476
gyro_norm,60.025,1.0479774886383293
gyro_norm,60.046,0.6894412550311716
gyro_norm,60.068,0.35540286716210273
gyro_norm,60.09,0.5795717644846645
gyro_norm,60.112,1.7730690751452098
gyro_norm,60.136,2.0303527897235893
gyro_norm,60.158,1.3034426217690975
gyro_norm,60.177,0.927489137631295
gyro_norm,60.199,1.1706555464568773
gyro_norm,60.221,1.5627725524280849
gyro_norm,60.243,1.6942403690770103
gyro_norm,60.265,1.4656734549083092
gyro_norm,60.287,1.2066936158799964
gyro_norm,60.308,1.053157215461649
gyro_norm,60.331,0.7831379659958452
gyro_norm,60.352,0.7949225466468445
gyro_norm,60.374,1.3268663223758013
gyro_norm,60.396,1.5152359043776606
gyro_norm,60.421,1.1482905163657244
gyro_norm,60.44,0.8111625208918259
gyro_norm,60.462,0.751456147646496
gyro_norm,60.484,0.7184546846576056
gyro_norm,60.505,0.9262233896852711
gyro_norm,60.528,1.2394920703135368
gyro_norm,60.549,1.2655105510667992
gyro_norm,60.571,0.9683787495203993
gyro_norm,60.593,0.5950823707562743
gyro_norm,60.615,0.9692834895768639
gyro_norm,60.637,1.9292554037860878
gyro_norm,60.658,1.9392022683613994
gyro_norm,60.68,1.3485225079698797
gyro_norm,60.702,0.8536124787590285
gyro_norm,60.725,0.9740756338558918
gyro_norm,60.746,0.8137075896572552
gyro_norm,60.768,0.6879032189330825
gyro_norm,60.79,0.939213027614198
gyro_norm,60.812,1.0712961573659758
gyro_norm,60.834,0.9838160694222251
gyro_norm,60.863,0.8967551063965886
gyro_norm,60.877,0.8914328721105752
gyro_norm,60.899,0.9627006674796287
gyro_norm,60.921,1.0379651229705502
gyro_norm,60.943,1.0559911679110752
gyro_norm,60.965,0.8711797038020396
gyro_norm,60.987,0.5952324118951353
gyro_norm,61.008,0.7092024473653861
gyro_norm,61.031,1.0835348471603379
gyro_norm,61.053,1.2986244640248084
gyro_norm,61.074,1.2761360538161644
gyro_norm,61.096,1.1886447218537666
gyro_norm,61.118,1.475513907582432
gyro_norm,61.144,1.8069528301192463
gyro_norm,61.162,1.4221209133542154
gyro_norm,61.184,1.110010805848392
gyro_norm,61.205,0.7153739296811246
gyro_norm,61.228,0.6028008297751563
gyro_norm,61.249,1.0568273280368496
gyro_norm,61.271,1.0288205271966278
gyro_norm,61.294,0.8309519203800306
gyro_norm,61.315,0.49373391716797643
gyro_norm,61.337,0.25490216892018436
gyro_norm,61.359,0.3322122423564768
gyro_norm,61.38,0.5650946673522056
gyro_norm,61.403,0.8030566624871356
gyro_norm,61.431,0.8738688355520127
gyro_norm,61.446,0.7783395483151054
gyro_norm,61.468,0.6262873172213772
gyro_norm,61.49,0.5438666600579548
gyro_norm,61.512,0.5068480148243136
gyro_norm,61.534,0.43794982415489825
gyro_norm,61.556,0.29040911754226467
gyro_norm,61.586,0.24779207955979277
gyro_norm,61.601,0.2948273038906309
gyro_norm,61.621,0.2868761771315812
gyro_norm,61.643,0.2683206213625865
gyro_norm,61.665,0.20482453047119403
gyro_norm,61.687,0.32110556145727415
gyro_norm,61.709,0.19328639729159092
gyro_norm,61.731,0.878725783713908
gyro_norm,61.752,1.3900413309232544
gyro_norm,61.774,1.2077712065321837
gyro_norm,61.796,0.43577862030315667
gyro_norm,61.818,0.24658633524682602
gyro_norm,61.84,0.3220231583014013
gyro_norm,61.862,0.44098231944646554
gyro_norm,61.885,0.40627721047255316
gyro_norm,61.906,0.33970872812212366
gyro_norm,61.928,0.45204212727905707
gyro_norm,61.95,0.5640003087712548
gyro_norm,61.971,0.5833778390569354
gyro_norm,61.994,0.6070116239040306
gyro_norm,62.015,0.6547601683999699
gyro_norm,62.037,0.658381205777891
gyro_norm,62.062,0.6669983435160114
gyro_norm,62.081,0.6499099302978185
gyro_norm,62.102,0.49249960285424027
gyro_norm,62.125,0.24924573401956912
gyro_norm,62.146,0.3937894819329256
gyro_norm,62.168,0.6060305778743723
gyro_norm,62.19,0.5865335679735251
gyro_norm,62.212,0.39279281723720444
gyro_norm,62.234,0.12282284621468223
gyro_norm,62.255,0.6592124068358166
gyro_norm,62.277,0.5789801085850121
gyro_norm,62.299,1.4882969819907854
gyro_norm,62.322,1.1048215230301208
gyro_norm,62.343,0.4945356195406657
gyro_norm,62.365,0.7494415448658555
gyro_norm,62.387,0.736768311169837
gyro_norm,62.409,0.43841131480593454
gyro_norm,62.431,0.4890173234614267
gyro_norm,62.453,0.542674047005024
gyro_norm,62.475,0.5136095456947174
gyro_norm,62.496,0.7335885176022444
gyro_norm,62.519,0.862113002846816
gyro_norm,62.54,0.8278694429189265
gyro_norm,62.562,0.7637334260406582
gyro_norm,62.585,0.7682375210524204
gyro_norm,62.606,1.0467751753414791
gyro_norm,62.628,1.3748114981752928
gyro_norm,62.649,1.3128358636992319
gyro_norm,62.671,1.0606900434813604
gyro_norm,62.693,0.844404434439119
gyro_norm,62.718,0.7196181966306584
gyro_norm,62.737,0.7015106738396123
gyro_norm,62.759,0.6043769164100459
gyro_norm,62.781,0.5213714300317208
gyro_norm,62.802,0.571464688111476
gyro_norm,62.825,0.6973263655313782
gyro_norm,62.847,0.7578542871279119
gyro_norm,62.868,0.8760349498863723
gyro_norm,62.89,0.6317040498159822
gyro_norm,62.912,0.45350174583845426
gyro_norm,62.935,0.600313919333957
gyro_norm,62.955,0.6721973775368486
gyro_norm,62.977,0.5985088068677056
gyro_norm,62.999,0.45829054446461687
gyro_norm,63.021,0.3958585577437089
gyro_norm,63.043,0.30514892767447865
gyro_norm,63.065,0.24319889899592903
gyro_norm,63.087,0.4083337766117667
gyro_norm,63.109,0.6363603493072746
gyro_norm,63.131,0.7329559172583066
gyro_norm,63.153,0.8802601527680679
gyro_norm,63.175,1.0767365954765606
gyro_norm,63.197,0.8323627929700742
gyro_norm,63.218,0.5197054075074867
gyro_norm,63.24,0.47830716537097634
gyro_norm,63.263,0.5445667803151863
gyro_norm,63.287,0.6349065050064928
gyro_norm,63.306,0.7189270417669804
gyro_norm,63.327,0.6820391440366432
gyro_norm,63.349,0.48460727294908623
gyro_norm,63.372,0.40673551273739167
gyro_norm,63.393,0.5877890900595559
gyro_norm,63.416,0.34951308929824026
gyro_norm,63.437,0.4697352399854307
gyro_norm,63.459,0.4621453357619299
gyro_norm,63.486,0.7709373174598405
gyro_norm,63.505,0.5963801221806935
gyro_norm,63.525,0.35487553514846243
gyro_norm,63.547,0.4692787973048595
gyro_norm,63.568,0.7480466223159525
gyro_norm,63.591,1.0780476322275052
gyro_norm,63.612,1.1576424024062073
gyro_norm,63.641,1.0811753319711261
gyro_norm,63.659,0.988036260663767
gyro_norm,63.678,0.9244729325676224
gyro_norm,63.699,0.9061840289581099
gyro_norm,63.721,0.8459757504864107
gyro_norm,63.744,0.7232023005653091
gyro_norm,63.765,0.5866584951246139
gyro_norm,63.787,0.5265998116603151
gyro_norm,63.809,0.36344831482142276
gyro_norm,63.831,0.21316495079816145
gyro_norm,63.853,0.21996699386093754
gyro_norm,63.875,0.3562143941946415
gyro_norm,63.897,0.5272654747966941
gyro_norm,63.918,0.7041753897611979
gyro_norm,63.94,0.8942860598146884
gyro_norm,63.962,0.8677825543247614
gyro_norm,63.986,0.8123165199121783
gyro_norm,64.006,1.195179084782968
gyro_norm,64.028,1.6216851161795687
gyro_norm,64.051,1.7194511707019373
gyro_norm,64.071,1.2856440556394144
gyro_norm,64.094,0.5737789613062874
gyro_norm,64.125,0.42691878739246747
gyro_norm,64.137,0.9800205798310211
gyro_norm,64.159,1.7337449000432703
gyro_norm,64.181,2.0869156966733584
gyro_norm,64.203,1.738421594959134
gyro_norm,64.225,1.0436464899939806
gyro_norm,64.247,0.5326531217942007
gyro_norm,64.269,0.5912765987576748
gyro_norm,64.291,1.0162583470910265
gyro_norm,64.313,1.5120684212955622
gyro_norm,64.336,1.9759213240624587
gyro_norm,64.356,2.085036832049
gyro_norm,64.382,1.6105316466620676
gyro_norm,64.4,0.6901329226767572
gyro_norm,64.422,0.3861634450278947
gyro_norm,64.445,0.5703859833348075
gyro_norm,64.467,0.6102673149155392
gyro_norm,64.487,0.4918724122024065
gyro_norm,64.509,0.3432183870231801
gyro_norm,64.531,0.287890560479697
gyro_norm,64.553,0.6652634079159179
gyro_norm,64.575,0.9604932028812453
gyro_norm,64.597,1.3072932081115773
gyro_norm,64.619,0.7867648874230739
gyro_norm,64.642,0.4250096312165463
gyro_norm,64.663,0.822940983692241
gyro_norm,64.685,0.878668101919317
gyro_norm,64.707,0.7820005440375946
gyro_norm,64.728,0.7944860109584727
gyro_norm,64.75,0.8463389236863845
gyro_norm,64.772,0.8867001010738134
gyro_norm,64.794,1.0597486219339662
gyro_norm,64.815,1.1587082396558084
gyro_norm,64.838,1.0834135112185308
gyro_norm,64.86,0.8668809311905664
gyro_norm,64.881,0.6541386976197622
gyro_norm,64.903,0.6657017024335076
gyro_norm,64.925,0.8687027449993867
gyro_norm,64.95,1.0479914073204077
gyro_norm,64.969,1.1443615729990049
gyro_norm,64.991,1.1286315999147547
gyro_norm,65.013,0.9296135529317074
gyro_norm,65.039,0.7048908761911824
gyro_norm,65.056,0.5854712011045798
gyro_norm,65.078,0.531113923804654
gyro_norm,65.107,0.624802962264442
gyro_norm,65.121,0.9585188073059514
gyro_norm,65.145,1.0839343852428993
gyro_norm,65.165,0.8697176259417205
gyro_norm,65.187,0.7836054222522135
gyro_norm,65.209,0.6592331018004554
gyro_norm,65.231,0.5818388028764491
gyro_norm,65.253,0.35584320566320105
gyro_norm,65.275,0.23581002794064274
gyro_norm,65.297,0.33409271051417133
gyro_norm,65.319,0.37636025523946004
gyro_norm,65.341,0.38879000706605216
gyro_norm,65.362,0.21850618498903196
gyro_norm,65.385,0.19830455447325454
gyro_norm,65.406,0.6259917129604495
gyro_norm,65.432,0.8381282888049465
gyro_norm,65.45,0.8248417974155149
gyro_norm,65.472,0.5496384130148396
gyro_norm,65.495,0.37568773483239576
gyro_norm,65.516,0.7145842161185586
gyro_norm,65.537,0.6455026278237463
gyro_norm,65.56,0.26484903218748695
gyro_norm,65.585,0.20909969490388408
gyro_norm,65.603,0.3782428412767958
gyro_norm,65.625,0.3635853582506858
gyro_norm,65.647,0.2698379389797823
gyro_norm,65.668,0.23610719318892417
gyro_norm,65.692,0.20219128180802579
gyro_norm,65.712,0.48726010101103506
gyro_norm,65.735,0.7930413957885815
gyro_norm,65.758,0.6282685916215747
gyro_norm,65.778,0.7177188196016578
gyro_norm,65.8,0.5568471610607846
gyro_norm,65.825,0.4377035601791141
gyro_norm,65.845,0.2661013438011502
gyro_norm,65.867,0.3769479934159807
gyro_norm,65.887,0.40819964514430185
gyro_norm,65.909,0.47713733628269933
gyro_norm,65.933,0.6071720725845697
gyro_norm,65.953,0.6217267180660552
gyro_norm,65.977,0.5792816952044386
gyro_norm,66.0,0.47451617436399973
gyro_norm,66.018,0.43548748858195324
gyro_norm,66.042,0.42305774535555557
gyro_norm,66.063,0.2601093890959419
gyro_norm,66.085,0.28158273388163363
gyro_norm,66.108,0.38826049238105453
gyro_norm,66.128,0.41758895492176434
gyro_norm,66.15,0.40558655666995486
gyro_norm,66.172,0.7239757331643056
gyro_norm,66.195,0.7178149169374728
gyro_norm,66.219,0.5082038984718086
gyro_norm,66.241,0.31155110786753126
gyro_norm,66.259,0.4597970901760493
gyro_norm,66.283,0.1952973281963507
gyro_norm,66.303,0.5896063054684424
gyro_norm,66.326,0.7581790165626966
gyro_norm,66.348,0.5758980207582683
gyro_norm,66.369,0.29270743200755495
gyro_norm,66.392,0.27576815337658805
gyro_norm,66.412,0.349964025155857
gyro_norm,66.434,0.45438243493701175
gyro_norm,66.46,0.45894997785483993
gyro_norm,66.479,0.43567895646355675
gyro_norm,66.5,0.4385348041789637
gyro_norm,66.524,0.4946799124326785
gyro_norm,66.545,0.43513884510009454
gyro_norm,66.565,0.3203391961441417
gyro_norm,66.588,0.24052228477987025
gyro_norm,66.609,0.35258188191466105
gyro_norm,66.633,0.468313269816865
gyro_norm,66.653,0.39130248050382066
gyro_norm,66.675,0.15358951731764517
gyro_norm,66.7,0.27380961111393937
gyro_norm,66.719,0.4179511811736836
gyro_norm,66.741,0.3874837151218242
gyro_norm,66.766,0.22045733966772346
gyro_norm,66.785,0.18911444568522603
gyro_norm,66.806,0.6012742564534196
gyro_norm,66.832,0.45668499200828133
gyro_norm,66.852,1.1733651446802962
gyro_norm,66.874,1.1005369284083548
gyro_norm,66.894,0.24702608643522325
gyro_norm,66.916,0.734424130687279
gyro_norm,66.94,0.8203805592720347
gyro_norm,66.96,0.5361105983407377
gyro_norm,66.982,0.2086361410698816
gyro_norm,67.007,0.36700640542738444
gyro_norm,67.027,0.7371661193929415
gyro_norm,67.048,0.7455882953974633
gyro_norm,67.069,0.5964839471128071
gyro_norm,67.09,0.4511533516843947
gyro_norm,67.115,0.36819744067873
gyro_norm,67.135,0.2917924619609578
gyro_norm,67.157,0.25911801608368035
gyro_norm,67.187,0.34746408204751894
gyro_norm,67.2,0.3664060314472007
gyro_norm,67.223,0.386910729846041
gyro_norm,67.251,0.3030942822987172
gyro_norm,67.266,0.31562629149974974
gyro_norm,67.29,0.3774626869644829
gyro_norm,67.309,0.27090707572513206
gyro_norm,67.332,0.2149285073214361
gyro_norm,67.357,0.18341093542716178
gyro_norm,67.375,0.15713464858904228
gyro_norm,67.398,0.22052409305857174
gyro_norm,67.419,0.3965239991623188
gyro_norm,67.442,0.7418248899169104
gyro_norm,67.463,0.6743641728966854
gyro_norm,67.485,0.328775009963052
gyro_norm,67.507,0.514500595205384
gyro_norm,67.529,0.4252202846820867
gyro_norm,67.55,0.3671231550517995
gyro_norm,67.572,0.6026690600123317
gyro_norm,67.598,0.791609397548123
gyro_norm,67.616,0.6423560701631476
gyro_norm,67.638,0.4675429247582326
gyro_norm,67.665,0.5051456004141701
gyro_norm,67.681,0.388736673008621
gyro_norm,67.708,0.30324937978801425
gyro_norm,67.725,0.3445302062446378
gyro_norm,67.748,0.280164672907907
gyro_norm,67.771,0.18520571324322357
gyro_norm,67.791,0.32601702747039396
gyro_norm,67.815,0.42509919901815485
gyro_norm,67.834,0.29152241615755486
gyro_norm,67.856,0.20685795875355872
gyro_norm,67.882,0.2629472195534512
gyro_norm,67.9,0.28838224760658987
gyro_norm,67.922,0.3532009638871505
gyro_norm,67.946,0.468871659142124
gyro_norm,67.966,0.7211074071302537
gyro_norm,67.989,0.48022726576453206
gyro_norm,68.009,0.8478711171949683
gyro_norm,68.031,1.266336069526744
gyro_norm,68.053,0.5446210963202485
gyro_norm,68.084,0.9181773668692241
gyro_norm,68.1,0.7758605504658563
gyro_norm,68.119,0.3036764925553287
gyro_norm,68.141,0.32918804427275516
gyro_norm,68.163,0.6286266550777806
gyro_norm,68.188,0.6713853890806984
gyro_norm,68.207,0.5914434987558274
gyro_norm,68.232,0.5159387596382792
gyro_norm,68.25,0.43881965017214736
gyro_norm,68.272,0.47607896255943394
gyro_norm,68.298,0.49320634851761075
gyro_norm,68.316,0.3631290777379492
gyro_norm,68.338,0.31110164591919265
gyro_norm,68.363,0.22735102586762412
gyro_norm,68.381,0.13128886568628756
gyro_norm,68.406,0.11355812322006031
gyro_norm,68.425,0.25525538268852294
gyro_norm,68.447,0.3020969914044461
gyro_norm,68.472,0.24450377264760856
gyro_norm,68.492,0.2957159036042301
gyro_norm,68.513,0.4245055761504547
gyro_norm,68.535,0.5532808253789511
gyro_norm,68.562,0.40864371265959176
gyro_norm,68.578,0.35308198588608414
gyro_norm,68.601,0.7559455745375789
gyro_norm,68.623,0.8171939239161592
gyro_norm,68.645,0.4793380480379174
gyro_norm,68.666,0.2075682682094387
gyro_norm,68.689,0.41604626949394213
gyro_norm,68.713,0.3580262149944823
gyro_norm,68.731,0.4710653767748052
gyro_norm,68.753,0.4882476211586835
gyro_norm,68.784,0.4339904285025224
gyro_norm,68.797,0.4374195103330249
gyro_norm,68.82,0.44987470973828053
gyro_norm,68.841,0.5119393156495655
gyro_norm,68.863,0.5967852254992039
gyro_norm,68.886,0.9099131673614417
gyro_norm,68.907,1.105207531487564
gyro_norm,68.929,1.1415447175144326
gyro_norm,68.951,1.0074202379234196
gyro_norm,68.972,0.8416181941896578
gyro_norm,69.0,0.7420147802656295
gyro_norm,69.019,0.7238935246878276
gyro_norm,69.038,0.6965408056515241
gyro_norm,69.06,0.6337225197839278
gyro_norm,69.082,0.6008831077895085
gyro_norm,69.11,0.5641348833050525
gyro_norm,69.125,0.777634113814237
gyro_norm,69.147,1.485993284129269
gyro_norm,69.169,1.9298896802947287
gyro_norm,69.191,1.4666693955678594
gyro_norm,69.213,0.980105091811803
gyro_norm,69.244,0.7769612126613596
gyro_norm,69.257,0.7055322070611224
gyro_norm,69.279,1.1490565965597366
gyro_norm,69.301,0.9947851235725483
gyro_norm,69.323,0.7507392546580584
gyro_norm,69.345,0.6074821146380371
gyro_norm,69.366,0.593499433184025
gyro_norm,69.388,0.8122297102501548
gyro_norm,69.41,1.0263375414899536
gyro_norm,69.432,1.031086238645814
gyro_norm,69.454,0.9097850079804456
gyro_norm,69.478,0.8319431508916217
gyro_norm,69.498,0.9742263465122002
gyro_norm,69.519,1.0318778197530942
gyro_norm,69.541,0.9366241891395609
gyro_norm,69.563,0.6837545903590153
gyro_norm,69.585,0.4686241473945007
gyro_norm,69.607,0.42008137741961077
gyro_norm,69.629,0.41019445938914867
gyro_norm,69.651,0.3919224746562513
gyro_norm,69.673,0.39431505765176017
gyro_norm,69.702,0.4074917406847366
gyro_norm,69.717,0.3791253925400904
gyro_norm,69.738,0.5032780875078796
gyro_norm,69.761,0.6982203856886137
gyro_norm,69.782,0.6112672243648181
gyro_norm,69.805,0.8480072341909133
gyro_norm,69.825,1.0578624342602043
gyro_norm,69.848,1.2844040724859445
gyro_norm,69.869,1.0079571765055997
gyro_norm,69.892,0.5674447223910316
gyro_norm,69.913,1.2024136885461199
gyro_norm,69.941,1.2250093766375236
gyro_norm,69.957,0.6839487143287821
gyro_norm,69.985,0.39396578886919387
gyro_norm,70.001,0.3545207163524062
gyro_norm,70.022,0.2819316443740136
gyro_norm,70.045,0.476417770666973
gyro_norm,70.068,0.5588599141639641
gyro_norm,70.088,0.3947155970387301
gyro_norm,70.11,0.349363453232752
gyro_norm,70.132,0.3938150503710422
gyro_norm,70.154,0.42160827691428415
gyro_norm,70.176,0.5108147738831978
gyro_norm,70.199,0.45859320679280857
gyro_norm,70.225,0.38299713778859473
gyro_norm,70.241,0.41177390001843994
gyro_norm,70.263,0.44913173395931333
gyro_norm,70.285,0.44652806292699887
gyro_norm,70.307,0.43106717140991024
gyro_norm,70.329,0.46834977782271936
gyro_norm,70.351,0.540399951161097
gyro_norm,70.373,0.5881900069167779
gyro_norm,70.395,0.6402164255388865
gyro_norm,70.417,0.6551111626778415
gyro_norm,70.44,0.6677354596382713
gyro_norm,70.46,0.6734438586017478
gyro_norm,70.482,0.6865976889329518
gyro_norm,70.505,0.695440885510807
gyro_norm,70.526,0.6625703052181642
gyro_norm,70.548,0.6350329910176885
gyro_norm,70.569,0.6762307776023189
gyro_norm,70.591,0.7743937072970466
gyro_norm,70.613,0.8435796523180843
gyro_norm,70.643,0.74239397772761
gyro_norm,70.657,0.6462101686450115
gyro_norm,70.683,0.5904882685009971
gyro_norm,70.708,0.6077322351857573
gyro_norm,70.723,0.7891243764888741
gyro_norm,70.745,0.8345833097697958
gyro_norm,70.766,0.7812381641853142
gyro_norm,70.789,0.7290216781981227
gyro_norm,70.81,0.6877678139329898
gyro_norm,70.832,0.696933804568614
gyro_norm,70.856,0.719896890788582
gyro_norm,70.881,0.7769020507255086
gyro_norm,70.899,0.829397524671867
gyro_norm,70.92,0.8026905514398077
gyro_norm,70.942,0.7430782967963376
gyro_norm,70.964,0.6760014025588568
gyro_norm,70.985,0.6237053851131505
gyro_norm,71.007,0.6160774468046677
gyro_norm,71.029,0.6786539413726754
gyro_norm,71.051,0.7786978238943798
gyro_norm,71.073,0.8686201002656858
gyro_norm,71.1,0.9831308818617196
gyro_norm,71.117,1.1305080539902195
gyro_norm,71.138,1.2219990827871556
gyro_norm,71.16,1.253547180163192
gyro_norm,71.185,1.2243751062744297
gyro_norm,71.205,1.1757207815260413
gyro_norm,71.226,1.1604171515126465
gyro_norm,71.248,1.179245858690585
gyro_norm,71.27,1.2194156982038742
gyro_norm,71.291,1.283054135873252
gyro_norm,71.314,1.3160819742163368
gyro_norm,71.335,1.310989033933242
gyro_norm,71.357,1.3542510488636383
gyro_norm,71.379,1.5585338193644371
gyro_norm,71.401,1.7122987096653115
gyro_norm,71.423,1.5391364167763464
gyro_norm,71.445,1.393543789339556
gyro_norm,71.466,1.661375775258617
gyro_norm,71.488,2.109674911301576
gyro_norm,71.51,2.2845808845192628
gyro_norm,71.532,2.0990240351700478
