sensor,time_s,value
dynamic_accel,0.002,-0.17440801444240606
dynamic_accel,0.052,0.2899061670064338
dynamic_accel,0.102,-0.30711054373664304
dynamic_accel,0.152,-0.21178060446587565
dynamic_accel,0.202,-0.19816454311038179
dynamic_accel,0.252,-0.03990058755938897
dynamic_accel,0.302,-0.05496491555532401
dynamic_accel,0.352,-0.10642659359971773
dynamic_accel,0.402,-0.13386982040685247
dynamic_accel,0.452,-0.25981029029616565
dynamic_accel,0.502,0.04061348116114516
dynamic_accel,0.552,0.03341834891974749
dynamic_accel,0.602,-0.05320573691705377
dynamic_accel,0.652,0.7167048019936324
dynamic_accel,0.702,0.520537939744024
dynamic_accel,0.752,1.2810125229082665
dynamic_accel,0.802,1.4906531874675473
dynamic_accel,0.852,0.040742154114258966
dynamic_accel,0.902,-0.8353306603743142
dynamic_accel,0.952,-0.9074986997459611
dynamic_accel,1.002,-0.9627349584450222
dynamic_accel,1.052,-0.2710627599816391
dynamic_accel,1.102,-0.044840916137674824
dynamic_accel,1.152,0.2584670733165506
dynamic_accel,1.202,-0.029707404817829186
dynamic_accel,1.252,-0.5171167765985754
dynamic_accel,1.302,-0.8360539506277966
dynamic_accel,1.352,-0.5346358276789775
dynamic_accel,1.402,-1.156835707638697
dynamic_accel,1.452,-1.7149207847929269
dynamic_accel,1.502,-0.8432526061410073
dynamic_accel,1.552,0.9690604331899166
dynamic_accel,1.602,1.3519555977946975
dynamic_accel,1.652,3.453589746231451
dynamic_accel,1.702,2.3409512037274336
dynamic_accel,1.752,1.2445582884217945
dynamic_accel,1.802,2.1495714204683196
dynamic_accel,1.852,-2.0720065654664666
dynamic_accel,1.902,-2.9290946704971965
dynamic_accel,1.952,0.6139775676387345
dynamic_accel,2.002,-1.3242738047607023
dynamic_accel,2.052,-1.5659001447611285
dynamic_accel,2.102,-1.3168515092866535
dynamic_accel,2.152,0.15287183746746358
dynamic_accel,2.202,-0.8801555260797613
dynamic_accel,2.252,1.3953677130667614
dynamic_accel,2.302,0.615401999748407
dynamic_accel,2.352,0.12253011591443119
dynamic_accel,2.402,3.6980594034835583
dynamic_accel,2.452,3.855932786500226
dynamic_accel,2.502,-0.8014603091975019
dynamic_accel,2.552,-4.201028876838402
dynamic_accel,2.602,-2.422302787978688
dynamic_accel,2.652,-1.8033059691313813
dynamic_accel,2.702,-1.8729322994451127
dynamic_accel,2.752,0.10639228946867085
dynamic_accel,2.802,0.7043220788898363
dynamic_accel,2.852,1.2391090463507393
dynamic_accel,2.902,2.336968827443023
dynamic_accel,2.952,2.8342386711440994
dynamic_accel,3.002,2.596127004045748
dynamic_accel,3.052,2.050986345245887
dynamic_accel,3.102,-1.5639260430497615
dynamic_accel,3.152,-2.4639551922254794
dynamic_accel,3.202,-3.8167064679492517
dynamic_accel,3.252,-2.4413054028422607
dynamic_accel,3.302,-2.0614943443162623
dynamic_accel,3.352,-0.34846455250405306
dynamic_accel,3.402,0.6440349103896494
dynamic_accel,3.452,0.4249588633995369
dynamic_accel,3.502,1.7168848146714648
dynamic_accel,3.552,2.010206029003532
dynamic_accel,3.602,4.457083686048046
dynamic_accel,3.652,1.8563554137439535
dynamic_accel,3.702,0.6336677416465903
dynamic_accel,3.752,-3.4287180643076507
dynamic_accel,3.802,-3.356000766321184
dynamic_accel,3.852,-2.096847683138998
dynamic_accel,3.902,-1.4090382989510655
dynamic_accel,3.952,1.0354908730292927
dynamic_accel,4.002,0.5607793810926349
dynamic_accel,4.052,1.6485027850976248
dynamic_accel,4.102,-1.8002546905748549
dynamic_accel,4.152,5.995034384769751
dynamic_accel,4.202,0.5419282855414824
dynamic_accel,4.252,0.7780521005830661
dynamic_accel,4.302,-1.7062802753603652
dynamic_accel,4.352,-3.1395090296393953
dynamic_accel,4.402,-1.8897515986091058
dynamic_accel,4.452,-0.9231157130744378
dynamic_accel,4.502,-0.5158216074098441
dynamic_accel,4.552,-0.947802409726977
dynamic_accel,4.602,0.5908884768414211
dynamic_accel,4.652,2.342378040670434
dynamic_accel,4.702,1.5313368250150798
dynamic_accel,4.752,2.642632101070875
dynamic_accel,4.802,3.2706641022360614
dynamic_accel,4.852,0.3594120709697659
dynamic_accel,4.902,-2.8359656993969127
dynamic_accel,4.952,-4.181262867346607
dynamic_accel,5.002,-2.4469935442533988
dynamic_accel,5.052,-1.4397640883908416
dynamic_accel,5.102,0.4152578876747075
dynamic_accel,5.152,0.555566264151075
dynamic_accel,5.202,0.25928874075650654
dynamic_accel,5.252,1.7339669130346618
dynamic_accel,5.302,2.723043976277312
dynamic_accel,5.352,0.05881194968324088
dynamic_accel,5.402,4.739175546009559
dynamic_accel,5.452,0.05857362473081551
dynamic_accel,5.502,-1.4644192810290537
dynamic_accel,5.552,-1.7825074020368827
dynamic_accel,5.602,-2.278521108918804
dynamic_accel,5.652,-1.530556844746899
dynamic_accel,5.702,-0.7644291011076891
dynamic_accel,5.752,-0.687618906281342
dynamic_accel,5.802,-0.2681645012515066
dynamic_accel,5.852,0.2227519653592367
dynamic_accel,5.902,0.9531251837773613
dynamic_accel,5.952,1.7091302713121408
dynamic_accel,6.002,-1.8319596645519969
dynamic_accel,6.052,0.5022867037659626
dynamic_accel,6.102,1.8242106052587772
dynamic_accel,6.152,0.33774001347456206
dynamic_accel,6.202,-2.315624032899928
dynamic_accel,6.252,-0.8803069745465741
dynamic_accel,6.302,0.014417432385755546
dynamic_accel,6.352,0.9178140744897352
dynamic_accel,6.402,1.128837133084689
dynamic_accel,6.452,0.4527012978861453
dynamic_accel,6.502,0.3456664963132834
dynamic_accel,6.552,-0.6813605871498503
dynamic_accel,6.602,3.952716852897167
dynamic_accel,6.652,-0.47888838373095766
dynamic_accel,6.702,-2.4496455950924085
dynamic_accel,6.752,0.10627255409556113
dynamic_accel,6.802,-1.0712023587004964
dynamic_accel,6.852,-1.5212503593358218
dynamic_accel,6.902,-1.1104008178002918
dynamic_accel,6.952,0.021419662858690458
dynamic_accel,7.002,0.686561189561262
dynamic_accel,7.052,1.0015910802939079
dynamic_accel,7.102,1.8243484533814307
dynamic_accel,7.152,0.3245110018422359
dynamic_accel,7.202,3.1224176986838224
dynamic_accel,7.252,0.20091434490695725
dynamic_accel,7.302,-1.3961476638010062
dynamic_accel,7.352,-3.339468614865903
dynamic_accel,7.402,-2.3830024328866255
dynamic_accel,7.452,-0.18527770273116317
dynamic_accel,7.502,0.4139460852373773
dynamic_accel,7.552,0.8897181832625822
dynamic_accel,7.602,-0.660906235445827
dynamic_accel,7.652,0.3684740832078681
dynamic_accel,7.702,0.9818628193036893
dynamic_accel,7.752,0.9537192967715544
dynamic_accel,7.802,3.153368222633759
dynamic_accel,7.852,-0.2921359011227551
dynamic_accel,7.902,-0.1636797097632492
dynamic_accel,7.952,-0.9314370357131043
dynamic_accel,8.002,-2.4092935530642494
dynamic_accel,8.052,-2.1173794391308913
dynamic_accel,8.102,-0.7612903415893744
dynamic_accel,8.152,0.0923500066918983
dynamic_accel,8.202,-0.05052830084030013
dynamic_accel,8.252,1.3690074707924804
dynamic_accel,8.302,1.683231569277396
dynamic_accel,8.352,1.0381291942763298
dynamic_accel,8.402,3.0705133357531427
dynamic_accel,8.452,0.8678008827168746
dynamic_accel,8.502,-0.6174287285366091
dynamic_accel,8.552,-2.8759948584086468
dynamic_accel,8.602,-1.921240860074617
dynamic_accel,8.652,-1.1500500572453198
dynamic_accel,8.702,-0.8733526441670953
dynamic_accel,8.752,-0.19689658108406327
dynamic_accel,8.802,0.7167219374047971
dynamic_accel,8.852,2.1866013837833425
dynamic_accel,8.902,0.1662707469807181
dynamic_accel,8.952,2.4561357130441746
dynamic_accel,9.002,-0.4190756214101974
dynamic_accel,9.052,-0.441213229980038
dynamic_accel,9.102,-0.14139122092402445
dynamic_accel,9.152,-1.6564825536732455
dynamic_accel,9.202,-1.1263968410445475
dynamic_accel,9.252,0.5238323657851129
dynamic_accel,9.302,-0.20732954199998765
dynamic_accel,9.352,0.18094114334933842
dynamic_accel,9.402,-0.9976413153964003
dynamic_accel,9.452,-2.0176586127096003
dynamic_accel,9.502,0.012056823114694026
dynamic_accel,9.552,-0.23909271061761572
dynamic_accel,9.602,6.556391948772335
dynamic_accel,9.652,1.664216839838284
dynamic_accel,9.702,-1.0738406568464658
dynamic_accel,9.752,-4.444509585694828
dynamic_accel,9.802,-3.711807675082442
dynamic_accel,9.852,-1.986359813435497
dynamic_accel,9.902,1.0388572870828323
dynamic_accel,9.952,2.0598678254431295
dynamic_accel,10.002,2.7899703273098826
dynamic_accel,10.052,2.3789823500551392
dynamic_accel,10.102,7.17494175289524
dynamic_accel,10.152,2.245009638619477
dynamic_accel,10.202,-1.5938591812292948
dynamic_accel,10.252,-2.841044424111118
dynamic_accel,10.302,-4.429648249847511
dynamic_accel,10.352,-3.4612523894910368
dynamic_accel,10.402,-1.9990912743148321
dynamic_accel,10.452,-1.6899184834897714
dynamic_accel,10.502,-1.055187158068799
dynamic_accel,10.552,-0.6062544897655222
dynamic_accel,10.602,5.133554517194394
dynamic_accel,10.652,2.4669978823719596
dynamic_accel,10.702,3.973201195373626
dynamic_accel,10.752,1.3522246957003219
dynamic_accel,10.802,-4.61632839001523
dynamic_accel,10.852,-2.326582369132673
dynamic_accel,10.902,-2.748317303033997
dynamic_accel,10.952,-1.587534815659172
dynamic_accel,11.002,0.1295437152335701
dynamic_accel,11.052,2.1831430768236757
dynamic_accel,11.102,2.969847874327238
dynamic_accel,11.152,1.3476167607485277
dynamic_accel,11.202,3.8883460467206916
dynamic_accel,11.252,0.26167750803333867
dynamic_accel,11.302,0.9708537804371069
dynamic_accel,11.352,-1.510827229483228
dynamic_accel,11.402,-3.165702969834136
dynamic_accel,11.452,-2.9853385233957965
dynamic_accel,11.502,-2.6370527731730027
dynamic_accel,11.552,-0.7412347834351163
dynamic_accel,11.602,0.3142161410592621
dynamic_accel,11.652,2.8409723027721565
dynamic_accel,11.702,0.27589948380870055
dynamic_accel,11.752,2.3857954205180913
dynamic_accel,11.802,4.019191238447961
dynamic_accel,11.852,-0.32046808669067417
dynamic_accel,11.902,-3.938316504901632
dynamic_accel,11.952,-4.574304422630735
dynamic_accel,12.002,-4.605517866306044
dynamic_accel,12.052,-0.7808127850848869
dynamic_accel,12.102,1.6911505877174964
dynamic_accel,12.152,3.996324811724582
dynamic_accel,12.202,3.084466423464958
dynamic_accel,12.252,2.191776473039413
dynamic_accel,12.302,2.6954546253302034
dynamic_accel,12.352,4.06797659587145
dynamic_accel,12.402,-0.24903847872591633
dynamic_accel,12.452,-2.4231239273617398
dynamic_accel,12.502,-3.26973670939513
dynamic_accel,12.552,-4.049098273347916
dynamic_accel,12.602,-1.73735101570038
dynamic_accel,12.652,-2.930747950809545
dynamic_accel,12.702,-0.5635996964546628
dynamic_accel,12.752,1.7401380338427508
dynamic_accel,12.802,3.7827746351497034
dynamic_accel,12.852,1.756573244625761
dynamic_accel,12.902,4.225000750120895
dynamic_accel,12.952,1.251519684757005
dynamic_accel,13.002,-1.8810371526607312
dynamic_accel,13.052,-5.11373563993333
dynamic_accel,13.102,-3.846915927459321
dynamic_accel,13.152,-3.032583687198711
dynamic_accel,13.202,0.7854551092669002
dynamic_accel,13.252,3.2379618059082667
dynamic_accel,13.302,2.7718841465769284
dynamic_accel,13.352,5.397909527980632
dynamic_accel,13.402,0.42388531894241055
dynamic_accel,13.452,2.4598714339486634
dynamic_accel,13.502,-2.6840822981117807
dynamic_accel,13.552,-1.2291998216900062
dynamic_accel,13.602,-2.862404939727657
dynamic_accel,13.652,-2.1739465554523623
dynamic_accel,13.702,-2.6912144047124418
dynamic_accel,13.752,-1.1281392903544027
dynamic_accel,13.802,-0.6077043875904398
dynamic_accel,13.852,0.9718431559882603
dynamic_accel,13.902,1.6952155448635509
dynamic_accel,13.952,1.4008614922511828
dynamic_accel,14.002,2.904289431050371
dynamic_accel,14.052,2.6287597746454985
dynamic_accel,14.102,1.4967794267295051
dynamic_accel,14.152,-1.7343970556447097
dynamic_accel,14.202,-3.5768382094549853
dynamic_accel,14.252,-1.2735381508554529
dynamic_accel,14.302,0.35706621578442643
dynamic_accel,14.352,0.878872473415985
dynamic_accel,14.402,0.2433323302092969
dynamic_accel,14.452,0.14906782700629684
dynamic_accel,14.502,2.4478483446609296
dynamic_accel,14.552,-1.6018660661275037
dynamic_accel,14.602,2.564304144745501
dynamic_accel,14.652,-0.10988216077786994
dynamic_accel,14.702,-2.23186222520578
dynamic_accel,14.752,-0.6885932539324013
dynamic_accel,14.802,-1.746685306614646
dynamic_accel,14.852,-1.2784737283456504
dynamic_accel,14.902,-1.4140304228641867
dynamic_accel,14.952,-1.9662955845420402
dynamic_accel,15.002,-0.8825513537923637
dynamic_accel,15.052,2.3769710592901667
dynamic_accel,15.102,1.74444231739343
dynamic_accel,15.152,4.284222373282059
dynamic_accel,15.202,3.6599174580694136
dynamic_accel,15.252,1.1083408303848419
dynamic_accel,15.302,-4.388883720509935
dynamic_accel,15.352,-4.675155787953535
dynamic_accel,15.402,-3.002945704767762
dynamic_accel,15.452,-0.7338303857425625
dynamic_accel,15.502,2.649999303988187
dynamic_accel,15.552,2.746307886845969
dynamic_accel,15.602,2.364132311212547
dynamic_accel,15.652,0.24846848596384064
dynamic_accel,15.702,3.4850205052230816
dynamic_accel,15.752,-0.14195331474048345
dynamic_accel,15.802,-0.20432764141162174
dynamic_accel,15.852,-2.5804447040009375
dynamic_accel,15.902,-3.741804328591698
dynamic_accel,15.952,-2.6685034893649675
dynamic_accel,16.002,-0.6387169476544123
dynamic_accel,16.052,0.7372434785155555
dynamic_accel,16.102,0.6304263425800567
dynamic_accel,16.152,2.640224966481531
dynamic_accel,16.202,1.7235968898358163
dynamic_accel,16.252,3.5068469462438934
dynamic_accel,16.302,3.693576422234024
dynamic_accel,16.352,-1.795251584486424
dynamic_accel,16.402,-3.971817661601908
dynamic_accel,16.452,-3.7284306613940768
dynamic_accel,16.502,-3.0208579174402717
dynamic_accel,16.552,-1.339093186417994
dynamic_accel,16.602,0.167899406806578
dynamic_accel,16.652,1.2197850865866222
dynamic_accel,16.702,2.3656817470048477
dynamic_accel,16.752,2.5740190008789163
dynamic_accel,16.802,1.638014466151409
dynamic_accel,16.852,1.2599290291817322
dynamic_accel,16.902,0.4181796547049874
dynamic_accel,16.952,-1.5503475242795872
dynamic_accel,17.002,-1.8014018966970067
dynamic_accel,17.052,-1.7769257564070848
dynamic_accel,17.102,-0.7433370473098115
dynamic_accel,17.152,0.25604112328142037
dynamic_accel,17.202,-0.2863408548440418
dynamic_accel,17.252,0.07906201301757321
dynamic_accel,17.302,0.5544792650788182
dynamic_accel,17.352,0.10084350712546808
dynamic_accel,17.402,2.0538222465427936
dynamic_accel,17.452,1.0148689509540958
dynamic_accel,17.502,-0.4720612578821939
dynamic_accel,17.552,0.12435874471091424
dynamic_accel,17.602,-0.6096961127734328
dynamic_accel,17.652,-0.5310557284619062
dynamic_accel,17.702,-0.3972029990575585
dynamic_accel,17.752,0.6648650395417643
dynamic_accel,17.802,-0.2635118871902762
dynamic_accel,17.852,-0.23299370324758506
dynamic_accel,17.902,0.5999831118904524
dynamic_accel,17.952,-0.14209313812684599
dynamic_accel,18.002,-0.334521542830176
dynamic_accel,18.052,-1.2528699060511421
dynamic_accel,18.102,-2.0287439967859235
dynamic_accel,18.152,-2.069362168883023
dynamic_accel,18.202,-1.0480626997475309
dynamic_accel,18.252,0.5574516682841661
dynamic_accel,18.302,1.2779005914669046
dynamic_accel,18.352,3.230467279329634
dynamic_accel,18.402,3.4610824349225755
dynamic_accel,18.452,0.7218843959981474
dynamic_accel,18.502,3.6470325490484754
dynamic_accel,18.552,-0.17749184088018843
dynamic_accel,18.602,-1.4013613939988137
dynamic_accel,18.652,-2.958326629043384
dynamic_accel,18.702,-2.922064315637292
dynamic_accel,18.752,-2.277917365631099
dynamic_accel,18.802,-0.7703312426037563
dynamic_accel,18.852,-0.17598312930529225
dynamic_accel,18.902,-0.07356424501224268
dynamic_accel,18.952,1.6761720864374396
dynamic_accel,19.002,2.9548196775366353
dynamic_accel,19.052,3.4788777143650105
dynamic_accel,19.102,1.7187842154142086
dynamic_accel,19.152,0.4511549137300257
dynamic_accel,19.202,-3.921282898931417
dynamic_accel,19.252,-4.8825797838693985
dynamic_accel,19.302,-3.2113309275468556
dynamic_accel,19.352,-1.7621271368535716
dynamic_accel,19.402,1.933127977174225
dynamic_accel,19.452,2.1402184215358595
dynamic_accel,19.502,2.6054562241929293
dynamic_accel,19.552,2.439669712360484
dynamic_accel,19.602,2.4026278761068696
dynamic_accel,19.652,2.271827594494768
dynamic_accel,19.702,-0.25071211246766545
dynamic_accel,19.752,-0.8603712679343065
dynamic_accel,19.802,-3.034444980305043
dynamic_accel,19.852,-4.10011442686037
dynamic_accel,19.902,-2.23319985869864
dynamic_accel,19.952,-1.7595855109987024
dynamic_accel,20.002,-0.7514553585712367
dynamic_accel,20.052,1.2768058469162913
dynamic_accel,20.102,3.73630578983661
dynamic_accel,20.152,2.4198937038450463
dynamic_accel,20.202,5.709452908087206
dynamic_accel,20.252,2.3689047675633983
dynamic_accel,20.302,-3.1126333248507567
dynamic_accel,20.352,-5.851626861664518
dynamic_accel,20.402,-5.331070648187244
dynamic_accel,20.452,-2.802955705715773
dynamic_accel,20.502,-0.9176119462480088
dynamic_accel,20.552,2.968809430786811
dynamic_accel,20.602,3.7186299354201786
dynamic_accel,20.652,2.4358924327334357
dynamic_accel,20.702,7.335674877538729
dynamic_accel,20.752,1.5464334405986104
dynamic_accel,20.802,0.6650103374459544
dynamic_accel,20.852,-2.4977669891075305
dynamic_accel,20.902,-5.373375799350975
dynamic_accel,20.952,-5.5575166985831945
dynamic_accel,21.002,-2.4268150547881113
dynamic_accel,21.052,0.0562646719857387
dynamic_accel,21.102,0.21288751126776972
dynamic_accel,21.152,2.429754372017509
dynamic_accel,21.202,3.3050260313614803
dynamic_accel,21.252,2.0472200453465295
dynamic_accel,21.302,5.0963635554054
dynamic_accel,21.352,0.8633272469266604
dynamic_accel,21.402,-1.956353695351373
dynamic_accel,21.452,-5.8338382984207
dynamic_accel,21.502,-5.0631270828394905
dynamic_accel,21.552,-2.3888738022499325
dynamic_accel,21.602,0.4881536771228774
dynamic_accel,21.652,1.5684647860782235
dynamic_accel,21.702,2.26462080033553
dynamic_accel,21.752,2.463417911004928
dynamic_accel,21.802,6.148484230511427
dynamic_accel,21.852,3.1205787043724857
dynamic_accel,21.902,0.26587610694879515
dynamic_accel,21.952,-2.138932299570339
dynamic_accel,22.002,-3.991645420366421
dynamic_accel,22.052,-4.386655738031463
dynamic_accel,22.102,-2.6288282392401072
dynamic_accel,22.152,-1.5177423164457142
dynamic_accel,22.202,0.13128396441134704
dynamic_accel,22.252,0.9406706150086102
dynamic_accel,22.302,3.0954523103455696
dynamic_accel,22.352,4.075556845266954
dynamic_accel,22.402,5.827659923701063
dynamic_accel,22.452,-0.7898113903388246
dynamic_accel,22.502,-1.6999862915615118
dynamic_accel,22.552,-5.542983970736111
dynamic_accel,22.602,-5.958297264489942
dynamic_accel,22.652,-2.6342634360685553
dynamic_accel,22.702,-0.2819426031323857
dynamic_accel,22.752,2.7950267491130774
dynamic_accel,22.802,2.8575733302161233
dynamic_accel,22.852,5.845091683655335
dynamic_accel,22.902,0.855689203729419
dynamic_accel,22.952,2.748652827367893
dynamic_accel,23.002,-0.030346205971497398
dynamic_accel,23.052,-0.12388569808240923
dynamic_accel,23.102,-2.7102555318288806
dynamic_accel,23.152,-5.40194190758323
dynamic_accel,23.202,-3.574194221477053
dynamic_accel,23.252,-0.3992007057392577
dynamic_accel,23.302,1.265979092451058
dynamic_accel,23.352,1.6914203465719755
dynamic_accel,23.402,3.929223688177526
dynamic_accel,23.452,-0.5623566017054955
dynamic_accel,23.502,2.620506115538939
dynamic_accel,23.552,3.6757371017381537
dynamic_accel,23.602,-1.286276124102681
dynamic_accel,23.652,-4.699089569282843
dynamic_accel,23.702,-4.917283766771411
dynamic_accel,23.752,-2.624256082989471
dynamic_accel,23.802,-0.22803639742920545
dynamic_accel,23.852,2.257856059148345
dynamic_accel,23.902,3.0977905427787427
dynamic_accel,23.952,2.9291425703088603
dynamic_accel,24.002,3.7164092642343487
dynamic_accel,24.052,2.289171528466486
dynamic_accel,24.102,-0.4611665798902074
dynamic_accel,24.152,-1.573574174939191
dynamic_accel,24.202,-3.3238639050796497
dynamic_accel,24.252,-4.056967682999022
dynamic_accel,24.302,-2.8505798715964525
dynamic_accel,24.352,-1.6060030863595358
dynamic_accel,24.402,-0.12827522480151288
dynamic_accel,24.452,1.4293786062806149
dynamic_accel,24.502,4.383893497743861
dynamic_accel,24.552,2.8588389256957303
dynamic_accel,24.602,4.534644184333114
dynamic_accel,24.652,0.8643814230033762
dynamic_accel,24.702,-3.085651424399231
dynamic_accel,24.752,-4.650057223093256
dynamic_accel,24.802,-3.762439226803915
dynamic_accel,24.852,-2.216528734349069
dynamic_accel,24.902,-0.1503385498165688
dynamic_accel,24.952,1.2306241801259112
dynamic_accel,25.002,2.3057281744939626
dynamic_accel,25.052,3.3929510437502035
dynamic_accel,25.102,2.7012888400576216
dynamic_accel,25.152,5.417219946158859
dynamic_accel,25.202,-1.6288652294015051
dynamic_accel,25.252,-1.7525829441700473
dynamic_accel,25.302,-3.811073068841714
dynamic_accel,25.352,-2.995999583023206
dynamic_accel,25.402,-2.609057192840911
dynamic_accel,25.452,-0.5888992589341342
dynamic_accel,25.502,1.2150640770213297
dynamic_accel,25.552,0.9315370850365703
dynamic_accel,25.602,2.9995103263378677
dynamic_accel,25.652,0.46688704386772706
dynamic_accel,25.702,5.602983282100672
dynamic_accel,25.752,-0.5827121431345219
dynamic_accel,25.802,-2.126109799419689
dynamic_accel,25.852,-3.6085323378670893
dynamic_accel,25.902,-2.121626285006405
dynamic_accel,25.952,-2.053679328520291
dynamic_accel,26.002,-0.7759904311729091
dynamic_accel,26.052,0.6184564707487183
dynamic_accel,26.102,1.6303276713652775
dynamic_accel,26.152,2.6692359761961573
dynamic_accel,26.202,-0.301413238925333
dynamic_accel,26.252,3.5056916257754
dynamic_accel,26.302,0.17937118088013548
dynamic_accel,26.352,0.41937913136748506
dynamic_accel,26.402,-1.454888130948424
dynamic_accel,26.452,-1.7353893063659704
dynamic_accel,26.502,-1.4457699436567637
dynamic_accel,26.552,-0.6227478524049967
dynamic_accel,26.602,-0.12360647900542254
dynamic_accel,26.652,-0.062429179231662246
dynamic_accel,26.702,0.12170414787049211
dynamic_accel,26.752,0.30736739881787756
dynamic_accel,26.802,0.1687652566331419
dynamic_accel,26.852,0.9061306385874062
dynamic_accel,26.902,1.2998173133193447
dynamic_accel,26.952,0.7972087103323915
dynamic_accel,27.002,-1.1333511048330749
dynamic_accel,27.052,-1.0241808520777056
dynamic_accel,27.102,0.1451586271663654
dynamic_accel,27.152,0.7884479584987893
dynamic_accel,27.202,0.7923582261096165
dynamic_accel,27.252,-0.2885350998418357
dynamic_accel,27.302,-0.521592634842257
dynamic_accel,27.352,-0.5085086957452578
dynamic_accel,27.402,-0.9682215389203535
dynamic_accel,27.452,-1.5071348321436684
dynamic_accel,27.502,-1.6723608094509892
dynamic_accel,27.552,-0.41200319100789784
dynamic_accel,27.602,0.34529786318565314
dynamic_accel,27.652,0.7687959939447904
dynamic_accel,27.702,1.206088270642585
dynamic_accel,27.752,1.2834628928557343
dynamic_accel,27.802,0.9995918178808161
dynamic_accel,27.852,1.4832137101522918
dynamic_accel,27.902,1.4945289895769491
dynamic_accel,27.952,-0.004006878411273007
dynamic_accel,28.002,3.7130997843303817
dynamic_accel,28.052,-1.527221879073835
dynamic_accel,28.102,-2.471620416688922
dynamic_accel,28.152,-1.6965438047566384
dynamic_accel,28.202,-2.86862218210834
dynamic_accel,28.252,-2.0019927869289162
dynamic_accel,28.302,-0.9918091800254345
dynamic_accel,28.352,-0.08769109116150275
dynamic_accel,28.402,0.24779844638930015
dynamic_accel,28.452,2.7678502878381614
dynamic_accel,28.502,1.513642890162103
dynamic_accel,28.552,3.6851950984060515
dynamic_accel,28.602,2.717403986726824
dynamic_accel,28.652,0.2843483872810584
dynamic_accel,28.702,-3.8988270284761946
dynamic_accel,28.752,-5.021064381307089
dynamic_accel,28.802,-3.5776951270788686
dynamic_accel,28.852,-0.7979953554883377
dynamic_accel,28.902,1.0294038943111765
dynamic_accel,28.952,2.144273290392661
dynamic_accel,29.002,2.8360608015502216
dynamic_accel,29.052,3.2742115191673307
dynamic_accel,29.102,3.0493667996612146
dynamic_accel,29.152,-1.0655825293145522
dynamic_accel,29.202,0.44927741128390153
dynamic_accel,29.252,-1.3742415892620112
dynamic_accel,29.302,-2.2671972962277547
dynamic_accel,29.352,-3.094128699660608
dynamic_accel,29.402,-1.927411927422252
dynamic_accel,29.452,-1.2975077257258611
dynamic_accel,29.502,-0.30137937163788386
dynamic_accel,29.552,2.1339342324972588
dynamic_accel,29.602,3.262943581895298
dynamic_accel,29.652,1.5953449276881262
dynamic_accel,29.702,3.6138622483600003
dynamic_accel,29.752,-0.4573734733917938
dynamic_accel,29.802,-1.298286185457929
dynamic_accel,29.852,-4.322692037806591
dynamic_accel,29.902,-4.26046181334054
dynamic_accel,29.952,-2.048714705876172
dynamic_accel,30.002,1.1305792518254876
dynamic_accel,30.052,3.2267572871962535
dynamic_accel,30.102,4.580376143253339
dynamic_accel,30.152,4.92742386361452
dynamic_accel,30.202,-0.3402243422479092
dynamic_accel,30.252,-0.5496362044266903
dynamic_accel,30.302,-2.1012698496750453
dynamic_accel,30.352,-3.1751944267339223
dynamic_accel,30.402,-1.9081156584841725
dynamic_accel,30.452,-3.061668812036377
dynamic_accel,30.502,-1.7557036133549797
dynamic_accel,30.552,0.43442647317242056
dynamic_accel,30.602,0.15543471763130157
dynamic_accel,30.652,1.5392414843522744
dynamic_accel,30.702,2.7811772503394625
dynamic_accel,30.752,3.02907165423459
dynamic_accel,30.802,5.667482431319627
dynamic_accel,30.852,0.37201778464342894
dynamic_accel,30.902,-1.56656887124816
dynamic_accel,30.952,-3.9878325607103937
dynamic_accel,31.002,-3.3159571935232712
dynamic_accel,31.052,-1.9216491002088691
dynamic_accel,31.102,-1.400107966472497
dynamic_accel,31.152,1.111392463761737
dynamic_accel,31.202,1.4525021453791194
dynamic_accel,31.252,3.1502705206574273
dynamic_accel,31.302,-0.7663421118094753
dynamic_accel,31.352,1.9267976679939345
dynamic_accel,31.402,-0.1171245811136572
dynamic_accel,31.452,0.5043676473316836
dynamic_accel,31.502,-1.490270646859516
dynamic_accel,31.552,-2.7930169097972097
dynamic_accel,31.602,-1.6986296022410823
dynamic_accel,31.652,-0.7260782456138415
dynamic_accel,31.702,0.3752309853543938
dynamic_accel,31.752,0.03597101559593341
dynamic_accel,31.802,2.2912022077638046
dynamic_accel,31.852,3.62066849907597
dynamic_accel,31.902,0.3946419021477876
dynamic_accel,31.952,1.1918565582350524
dynamic_accel,32.002,0.584786304957813
dynamic_accel,32.052,-2.9724332393720214
dynamic_accel,32.102,-5.562403705654877
dynamic_accel,32.152,-3.8944027975179347
dynamic_accel,32.202,0.21081352308612544
dynamic_accel,32.252,2.9758607760863462
dynamic_accel,32.302,1.5370883825552717
dynamic_accel,32.352,1.6627081826208023
dynamic_accel,32.402,2.7047507533326467
dynamic_accel,32.452,3.211569056075456
dynamic_accel,32.502,2.8717427223084027
dynamic_accel,32.552,-1.1990717193609104
dynamic_accel,32.602,-1.4078332607379629
dynamic_accel,32.652,-3.6263902719976366
dynamic_accel,32.702,-3.5607669856873203
dynamic_accel,32.752,-1.7571573271503418
dynamic_accel,32.802,-0.7344325568236503
dynamic_accel,32.852,0.33789319973084275
dynamic_accel,32.902,2.671592828175971
dynamic_accel,32.952,2.474837556642104
dynamic_accel,33.002,2.1702017505801905
dynamic_accel,33.052,3.6227869000189052
dynamic_accel,33.102,0.3175270438377815
dynamic_accel,33.152,-4.275746486905811
dynamic_accel,33.202,-5.816703112278473
dynamic_accel,33.252,-4.20179914447825
dynamic_accel,33.302,-1.4209844355467514
dynamic_accel,33.352,1.6286716361208171
dynamic_accel,33.402,2.9369387466704513
dynamic_accel,33.452,3.864081078003247
dynamic_accel,33.502,2.5954195723754427
dynamic_accel,33.552,6.774365312970467
dynamic_accel,33.602,0.8203295909608315
dynamic_accel,33.652,-1.3655339852305985
dynamic_accel,33.702,-4.0037441626445895
dynamic_accel,33.752,-4.461818553834531
dynamic_accel,33.802,-3.198160697410466
dynamic_accel,33.852,-2.301163082031782
dynamic_accel,33.902,0.26299714944145336
dynamic_accel,33.952,1.2694279149342513
dynamic_accel,34.002,2.8524839386905523
dynamic_accel,34.052,1.593236012056007
dynamic_accel,34.102,2.231883350385006
dynamic_accel,34.152,2.8208694251898283
dynamic_accel,34.202,0.7189898471765659
dynamic_accel,34.252,-2.767240454177757
dynamic_accel,34.302,-4.076336161744977
dynamic_accel,34.352,-2.8896935632991507
dynamic_accel,34.402,-1.3369772226252739
dynamic_accel,34.452,0.18856515358079662
dynamic_accel,34.502,1.799610506781482
dynamic_accel,34.552,3.240524228361613
dynamic_accel,34.602,0.25348298564560423
dynamic_accel,34.652,4.341026309157273
dynamic_accel,34.702,-0.21086372613339677
dynamic_accel,34.752,-1.8099772489553079
dynamic_accel,34.802,-2.192526670395658
dynamic_accel,34.852,-2.1029959489738417
dynamic_accel,34.902,-2.8776121931033423
dynamic_accel,34.952,-1.4263799725806336
dynamic_accel,35.002,0.7523792253964849
dynamic_accel,35.052,2.2434902400242223
dynamic_accel,35.102,2.8494718015204636
dynamic_accel,35.152,1.3959157199409677
dynamic_accel,35.202,2.691522265631656
dynamic_accel,35.252,-0.7296229449163629
dynamic_accel,35.302,-0.8829678431585855
dynamic_accel,35.352,-3.4465220066743614
dynamic_accel,35.402,-2.2419080033430046
dynamic_accel,35.452,-0.13317537966121584
dynamic_accel,35.502,1.3207893650935798
dynamic_accel,35.552,0.910911608916253
dynamic_accel,35.602,1.5583590664270446
dynamic_accel,35.652,0.8187962938025546
dynamic_accel,35.702,3.531494083130257
dynamic_accel,35.752,0.6830330939620968
dynamic_accel,35.802,-2.7953212347229517
dynamic_accel,35.852,-0.7817658211103691
dynamic_accel,35.902,-2.1329213870511428
dynamic_accel,35.952,-1.8328486044461894
dynamic_accel,36.002,-0.8158660429630178
dynamic_accel,36.052,-0.5388819558394005
dynamic_accel,36.102,-0.1903484117088361
dynamic_accel,36.152,0.8005915401407506
dynamic_accel,36.202,1.526590941215849
dynamic_accel,36.252,0.9319149221379739
dynamic_accel,36.302,1.2215599949114324
dynamic_accel,36.352,3.179241549003608
dynamic_accel,36.402,-0.7093142305446065
dynamic_accel,36.452,-2.1923112764464694
dynamic_accel,36.502,-0.8999565062836705
dynamic_accel,36.552,-0.4470602914883308
dynamic_accel,36.602,-0.6082326184008533
dynamic_accel,36.652,0.4583553839305381
dynamic_accel,36.702,0.02913448062820656
dynamic_accel,36.752,-0.5775795083740398
dynamic_accel,36.802,-0.3496887179875312
dynamic_accel,36.852,-0.01638819374195144
dynamic_accel,36.902,-0.9242532978056133
dynamic_accel,36.952,-0.6935236479698617
dynamic_accel,37.002,-0.6121808358371368
dynamic_accel,37.052,0.754378858648284
dynamic_accel,37.102,3.2552176697753037
dynamic_accel,37.152,3.2166677970509294
dynamic_accel,37.202,1.1825539215714187
dynamic_accel,37.252,0.18186809278610028
dynamic_accel,37.302,0.22864772121434918
dynamic_accel,37.352,-1.43163919614617
dynamic_accel,37.402,-4.027041124381885
dynamic_accel,37.452,-2.1499826056460414
dynamic_accel,37.502,-3.1058598332773357
dynamic_accel,37.552,-2.9606968902889417
dynamic_accel,37.602,-0.10246544675287694
dynamic_accel,37.652,2.873771980817116
dynamic_accel,37.702,2.0870080342837394
dynamic_accel,37.752,2.6304026502241236
dynamic_accel,37.802,4.2190644202423915
dynamic_accel,37.852,2.5714597534930554
dynamic_accel,37.902,2.5350476093556704
dynamic_accel,37.952,-0.40844652777643375
dynamic_accel,38.002,-3.3243223313004195
dynamic_accel,38.052,-5.4350176955318705
dynamic_accel,38.102,-4.896061033540558
dynamic_accel,38.152,-2.503410516800294
dynamic_accel,38.202,0.15040723608569095
dynamic_accel,38.252,2.634362774235491
dynamic_accel,38.302,2.975173914633526
dynamic_accel,38.352,3.25463981842236
dynamic_accel,38.402,0.3071083783141635
dynamic_accel,38.452,4.993314768043925
dynamic_accel,38.502,1.4149179228003153
dynamic_accel,38.552,-0.6055036151358397
dynamic_accel,38.602,-2.9777775709638856
dynamic_accel,38.652,-3.809343357168058
dynamic_accel,38.702,-2.3989957885051787
dynamic_accel,38.752,-1.2037102810830582
dynamic_accel,38.802,-0.3323863212913487
dynamic_accel,38.852,0.36444588351850626
dynamic_accel,38.902,3.413311864359267
dynamic_accel,38.952,0.16091531509979973
dynamic_accel,39.002,2.291183603575986
dynamic_accel,39.052,1.3368593582680557
dynamic_accel,39.102,-2.6874475716435224
dynamic_accel,39.152,-5.334852790511192
dynamic_accel,39.202,-3.668591317617823
dynamic_accel,39.252,-0.163990524791652
dynamic_accel,39.302,1.5758531061151384
dynamic_accel,39.352,3.7285285485578843
dynamic_accel,39.402,4.400302048716357
dynamic_accel,39.452,2.9153948536802154
dynamic_accel,39.502,4.110027948167664
dynamic_accel,39.552,1.6769874468855281
dynamic_accel,39.602,-2.18046307472179
dynamic_accel,39.652,-4.861823262694515
dynamic_accel,39.702,-5.3219724895757885
dynamic_accel,39.752,-3.4270952806271024
dynamic_accel,39.802,-0.6708365549321922
dynamic_accel,39.852,-0.6648008592255596
dynamic_accel,39.902,0.08669870365063836
dynamic_accel,39.952,2.7586407436315685
dynamic_accel,40.002,2.6181275427896846
dynamic_accel,40.052,5.199725209388641
dynamic_accel,40.102,2.1885782693136218
dynamic_accel,40.152,-0.36702923766724993
dynamic_accel,40.202,-2.029212964054148
dynamic_accel,40.252,-5.452970034986472
dynamic_accel,40.302,-4.3538142679090415
dynamic_accel,40.352,-1.9101916784294506
dynamic_accel,40.402,1.5677617808065776
dynamic_accel,40.452,5.932846157944516
dynamic_accel,40.502,2.7502076181605712
dynamic_accel,40.552,1.7168804644657047
dynamic_accel,40.602,1.4153872916146195
dynamic_accel,40.652,-0.778112512106329
dynamic_accel,40.702,-0.7222335680545751
dynamic_accel,40.752,-2.3170664476780534
dynamic_accel,40.802,-1.4107120471437806
dynamic_accel,40.852,-3.177980430162
dynamic_accel,40.902,-1.2119087697010134
dynamic_accel,40.952,-0.19371927599933159
dynamic_accel,41.002,0.023097175487627908
dynamic_accel,41.052,1.7280420365705087
dynamic_accel,41.102,3.9556919206390226
dynamic_accel,41.152,3.534300533493221
dynamic_accel,41.202,0.10625146292645304
dynamic_accel,41.252,-0.7176687155739572
dynamic_accel,41.302,-3.0333377021190477
dynamic_accel,41.352,-4.042305901823743
dynamic_accel,41.402,-1.722183309704807
dynamic_accel,41.452,-0.42090045182450453
dynamic_accel,41.502,1.0606027330036838
dynamic_accel,41.552,2.587133103253686
dynamic_accel,41.602,4.376259655521549
dynamic_accel,41.652,0.6690447962822859
dynamic_accel,41.702,2.8433801236028344
dynamic_accel,41.752,0.8398113552809559
dynamic_accel,41.802,-1.928337304459406
dynamic_accel,41.852,-3.6387284720421835
dynamic_accel,41.902,-3.241897523878408
dynamic_accel,41.952,-1.905566110289076
dynamic_accel,42.002,-3.00443965465794
dynamic_accel,42.052,-2.4774190470664834
dynamic_accel,42.102,-0.5544508772164729
dynamic_accel,42.152,3.117817866454976
dynamic_accel,42.202,1.5431165276613772
dynamic_accel,42.252,2.904284949479715
dynamic_accel,42.302,6.177350277471813
dynamic_accel,42.352,3.139896267548753
dynamic_accel,42.402,-1.8933425319158275
dynamic_accel,42.452,-4.740765193171232
dynamic_accel,42.502,-3.587237793808237
dynamic_accel,42.552,-1.1272841329750634
dynamic_accel,42.602,1.0763611727088467
dynamic_accel,42.652,0.7157742867797694
dynamic_accel,42.702,1.2204846569184031
dynamic_accel,42.752,0.48421308647720807
dynamic_accel,42.802,3.633387065030119
dynamic_accel,42.852,0.8503187801890668
dynamic_accel,42.902,1.7960314227433951
dynamic_accel,42.952,-1.4051000424630935
dynamic_accel,43.002,-3.3695025010620467
dynamic_accel,43.052,-4.621502484639238
dynamic_accel,43.102,-1.3550875696334916
dynamic_accel,43.152,0.7542295521103934
dynamic_accel,43.202,3.0093431334133367
dynamic_accel,43.252,1.9580982521418981
dynamic_accel,43.302,1.2792922534319988
dynamic_accel,43.352,-0.11465966775890202
dynamic_accel,43.402,2.0380840878303523
dynamic_accel,43.452,0.47338913695362983
dynamic_accel,43.502,-1.5629925725692448
dynamic_accel,43.552,-4.139708302350069
dynamic_accel,43.602,-2.315975634072222
dynamic_accel,43.652,-0.5427014869270792
dynamic_accel,43.702,-0.05138050860634458
dynamic_accel,43.752,-0.07433457636522256
dynamic_accel,43.802,1.1694064893317186
dynamic_accel,43.852,1.7907654046660593
dynamic_accel,43.902,1.6473600747668282
dynamic_accel,43.952,2.395493024020576
dynamic_accel,44.002,0.06596251317966839
dynamic_accel,44.052,-0.32605746701250027
dynamic_accel,44.102,-0.5499149230408449
dynamic_accel,44.152,-0.9662753487248654
dynamic_accel,44.202,-0.9995612850331472
dynamic_accel,44.252,-1.1750808178440124
dynamic_accel,44.302,-0.46555021388046036
dynamic_accel,44.352,-0.6505918893923521
dynamic_accel,44.402,0.3254275879389592
dynamic_accel,44.452,0.7394207589192021
dynamic_accel,44.502,0.4760389895696395
dynamic_accel,44.552,0.7379540550128425
dynamic_accel,44.602,0.24167784008898074
dynamic_accel,44.652,0.26324610705322016
dynamic_accel,44.702,-0.237559028445542
magnetic_norm,0.002,46.84633551730599
magnetic_norm,0.003,46.88229916858286
magnetic_norm,0.035,47.36559260344216
magnetic_norm,0.037,49.470143745622096
magnetic_norm,0.057,56.191214150657075
magnetic_norm,0.077,48.322333248975056
magnetic_norm,0.098,47.635547552484375
magnetic_norm,0.118,48.07113029004528
magnetic_norm,0.137,47.38340596242529
magnetic_norm,0.157,46.545499245308484
magnetic_norm,0.178,47.14584604951961
magnetic_norm,0.197,45.94618645056415
magnetic_norm,0.218,48.13576294113357
magnetic_norm,0.237,46.77595144703112
magnetic_norm,0.257,48.375122983952295
magnetic_norm,0.276,47.9651544134594
magnetic_norm,0.297,45.99346336029719
magnetic_norm,0.317,47.081001517942504
magnetic_norm,0.337,48.475946468957716
magnetic_norm,0.358,46.444098202166664
magnetic_norm,0.377,46.46800310432716
magnetic_norm,0.397,46.03782158760881
magnetic_norm,0.416,47.19010395768907
magnetic_norm,0.437,46.05816477536856
magnetic_norm,0.456,45.293318571837986
magnetic_norm,0.477,45.23542713427165
magnetic_norm,0.498,44.52921816206752
magnetic_norm,0.517,46.98870736278035
magnetic_norm,0.537,46.534092844655305
magnetic_norm,0.556,49.31934006824301
magnetic_norm,0.576,49.2403642564462
magnetic_norm,0.596,47.613877884367916
magnetic_norm,0.617,47.990819832677424
magnetic_norm,0.637,49.25789276065313
magnetic_norm,0.658,45.33218519509625
magnetic_norm,0.677,45.236086859939704
magnetic_norm,0.696,46.379139622598785
magnetic_norm,0.716,44.037975654342965
magnetic_norm,0.736,46.13141079839207
magnetic_norm,0.757,44.184434859093805
magnetic_norm,0.777,43.28284054795854
magnetic_norm,0.797,44.144343224472195
magnetic_norm,0.818,43.712943022490535
magnetic_norm,0.836,42.90772302642615
magnetic_norm,0.857,44.57340617579622
magnetic_norm,0.88,45.27779932235003
magnetic_norm,0.897,44.94438477323952
magnetic_norm,0.918,45.293318571837986
magnetic_norm,0.938,44.16739907018524
magnetic_norm,0.957,44.56017539771361
magnetic_norm,0.976,43.45741401648291
magnetic_norm,0.996,43.331353634666264
magnetic_norm,1.016,44.270799976254146
magnetic_norm,1.046,45.292742020052266
magnetic_norm,1.057,44.54026594456418
magnetic_norm,1.078,44.435537011073805
magnetic_norm,1.097,43.94131259532424
magnetic_norm,1.116,41.20900492240754
magnetic_norm,1.137,43.13044530838976
magnetic_norm,1.157,44.34562599456686
magnetic_norm,1.178,44.680483347052665
magnetic_norm,1.199,44.76407294429875
magnetic_norm,1.217,45.43123456326605
magnetic_norm,1.237,46.35860919883171
magnetic_norm,1.257,44.32495735657852
magnetic_norm,1.277,43.13104444844514
magnetic_norm,1.296,42.695665019326036
magnetic_norm,1.318,45.05444621982395
magnetic_norm,1.338,44.000933051186536
magnetic_norm,1.357,45.84816747469304
magnetic_norm,1.377,43.90014505408838
magnetic_norm,1.397,43.96878957951324
magnetic_norm,1.417,42.6499216412528
magnetic_norm,1.436,44.68029105811089
magnetic_norm,1.458,43.6031862535584
magnetic_norm,1.477,44.4164704987069
magnetic_norm,1.497,43.05229646488099
magnetic_norm,1.521,42.256573597429835
magnetic_norm,1.536,44.03715229263809
magnetic_norm,1.557,44.740233293703426
magnetic_norm,1.576,44.52345421909675
magnetic_norm,1.597,44.06919675629464
magnetic_norm,1.617,44.41844528177455
magnetic_norm,1.637,42.09342937784357
magnetic_norm,1.657,42.390436900614745
magnetic_norm,1.678,43.26909350939768
magnetic_norm,1.696,42.9369654110826
magnetic_norm,1.716,41.829755716923614
magnetic_norm,1.737,41.181004804399926
magnetic_norm,1.757,41.19723856552777
magnetic_norm,1.777,41.16743441423087
magnetic_norm,1.797,42.534990087573796
magnetic_norm,1.817,39.994881618777235
magnetic_norm,1.836,40.78125
magnetic_norm,1.857,41.77743150464152
magnetic_norm,1.877,40.94903223581735
magnetic_norm,1.897,39.90001321663315
magnetic_norm,1.917,40.69053510430906
magnetic_norm,1.939,40.659388616898866
magnetic_norm,1.957,40.45472295511366
magnetic_norm,1.976,41.53575936963841
magnetic_norm,1.996,40.737663729956374
magnetic_norm,2.017,40.83850437470138
magnetic_norm,2.037,40.615440232902856
magnetic_norm,2.057,40.95062858904006
magnetic_norm,2.077,41.18137984544724
magnetic_norm,2.097,39.853668196604
magnetic_norm,2.116,41.24764011522359
magnetic_norm,2.136,39.73122932278844
magnetic_norm,2.162,39.80119924622252
magnetic_norm,2.177,40.039523391425426
magnetic_norm,2.196,39.91523267500772
magnetic_norm,2.218,38.76369788426414
magnetic_norm,2.237,39.94782166667546
magnetic_norm,2.256,39.51164369730148
magnetic_norm,2.276,40.08818987105186
magnetic_norm,2.297,39.084780283219004
magnetic_norm,2.317,40.30202735409235
magnetic_norm,2.337,40.6738683621008
magnetic_norm,2.357,40.11389851145737
magnetic_norm,2.377,41.0982006846103
magnetic_norm,2.396,39.52202130901207
magnetic_norm,2.416,40.786217607790086
magnetic_norm,2.436,40.22274892706862
magnetic_norm,2.462,39.25855398556484
magnetic_norm,2.477,40.9571351000043
magnetic_norm,2.497,38.59346781159994
magnetic_norm,2.517,39.84931401197521
magnetic_norm,2.536,40.250813988353094
magnetic_norm,2.557,40.49390819740676
magnetic_norm,2.576,40.7772598962952
magnetic_norm,2.597,39.65720542915255
magnetic_norm,2.617,40.093531812812515
magnetic_norm,2.644,40.47182267300303
magnetic_norm,2.657,40.0487805530643
magnetic_norm,2.676,39.31829548139776
magnetic_norm,2.696,40.41075423757895
magnetic_norm,2.716,40.27357746230773
magnetic_norm,2.738,41.08269002405403
magnetic_norm,2.757,40.388703085145046
magnetic_norm,2.777,39.305412606758146
magnetic_norm,2.797,40.56845864554139
magnetic_norm,2.817,39.82808341924085
magnetic_norm,2.836,41.98996102433306
magnetic_norm,2.856,40.6811287495505
magnetic_norm,2.879,40.87215805670777
magnetic_norm,2.896,40.94942080405413
magnetic_norm,2.917,42.08773819787071
magnetic_norm,2.936,40.940267881085006
magnetic_norm,2.96,40.65839985584172
magnetic_norm,2.976,41.00838285125379
magnetic_norm,2.996,40.49435788662418
magnetic_norm,3.017,40.40520420595605
magnetic_norm,3.037,41.16284701842803
magnetic_norm,3.057,40.93347327722765
magnetic_norm,3.077,41.86616702332578
magnetic_norm,3.096,43.44816011279995
magnetic_norm,3.116,41.566414509493235
magnetic_norm,3.136,41.79908304152737
magnetic_norm,3.157,42.724362128942424
magnetic_norm,3.177,41.99635447348377
magnetic_norm,3.197,42.6454540351314
magnetic_norm,3.217,43.05734283371425
magnetic_norm,3.237,42.745217660137136
magnetic_norm,3.257,42.68772211904145
magnetic_norm,3.276,41.03211658978246
magnetic_norm,3.297,42.714939318404866
magnetic_norm,3.317,44.05167447995035
magnetic_norm,3.337,43.41407736323842
magnetic_norm,3.357,42.54880699341052
magnetic_norm,3.376,42.07036044072484
magnetic_norm,3.399,42.07087848663854
magnetic_norm,3.416,43.210124422986844
magnetic_norm,3.437,43.83592448516116
magnetic_norm,3.457,42.772732738714524
magnetic_norm,3.477,42.217258407018875
magnetic_norm,3.497,43.343852288992494
magnetic_norm,3.516,42.75349277389515
magnetic_norm,3.536,43.8010838534562
magnetic_norm,3.558,42.761473297233444
magnetic_norm,3.577,43.16278320671647
magnetic_norm,3.598,40.678144691283705
magnetic_norm,3.616,44.780549828999526
magnetic_norm,3.637,42.942089256055084
magnetic_norm,3.656,44.11189651400741
magnetic_norm,3.676,42.76785992015505
magnetic_norm,3.696,43.28363101710623
magnetic_norm,3.717,43.86220113919288
magnetic_norm,3.739,43.29173486908338
magnetic_norm,3.757,45.14896697032512
magnetic_norm,3.777,44.539571195595315
magnetic_norm,3.796,43.62843064634005
magnetic_norm,3.816,42.07222092827419
magnetic_norm,3.836,44.398356969177364
magnetic_norm,3.858,47.17604732263504
magnetic_norm,3.877,46.95860590895463
magnetic_norm,3.897,45.27253847298052
magnetic_norm,3.917,42.010152232823444
magnetic_norm,3.936,42.79106580233776
magnetic_norm,3.957,43.25827234370912
magnetic_norm,3.977,44.65287465676212
magnetic_norm,3.997,42.54613029524543
magnetic_norm,4.016,43.29354126541286
magnetic_norm,4.037,44.149402335280826
magnetic_norm,4.056,44.62035038298118
magnetic_norm,4.076,43.240880781963824
magnetic_norm,4.096,44.10673577385885
magnetic_norm,4.117,46.804946595151684
magnetic_norm,4.136,45.952818933445215
magnetic_norm,4.156,44.1457436528427
magnetic_norm,4.177,43.6553999989692
magnetic_norm,4.196,44.63226529513156
magnetic_norm,4.216,41.85092824911414
magnetic_norm,4.236,45.35752553642561
magnetic_norm,4.256,44.2237002358959
magnetic_norm,4.276,42.74278080448211
magnetic_norm,4.297,43.946236240291384
magnetic_norm,4.317,43.97673063700853
magnetic_norm,4.337,44.47258899451437
magnetic_norm,4.356,45.777555744750615
magnetic_norm,4.376,45.24612071646313
magnetic_norm,4.396,46.33535152869245
magnetic_norm,4.416,44.79668745914708
magnetic_norm,4.437,45.88476007423384
magnetic_norm,4.457,45.588372283949774
magnetic_norm,4.477,44.60471100127771
magnetic_norm,4.496,44.07828131432765
magnetic_norm,4.516,42.97569981459
magnetic_norm,4.536,44.26336530148267
magnetic_norm,4.556,46.95453004551318
magnetic_norm,4.577,45.281081422046505
magnetic_norm,4.597,43.734561518894964
magnetic_norm,4.617,44.43087371482245
magnetic_norm,4.636,45.08681155726145
magnetic_norm,4.656,42.61671657295996
magnetic_norm,4.676,45.438961013374865
magnetic_norm,4.696,43.55884893284601
magnetic_norm,4.717,43.410157761461775
magnetic_norm,4.736,44.18517762638281
magnetic_norm,4.757,43.87430068425598
magnetic_norm,4.777,42.9072045282171
magnetic_norm,4.796,43.305168455249174
magnetic_norm,4.816,42.667230748051836
magnetic_norm,4.836,45.50298969334323
magnetic_norm,4.857,42.831210301017656
magnetic_norm,4.877,44.4383900227326
magnetic_norm,4.897,41.827201633237536
magnetic_norm,4.917,43.70731176316498
magnetic_norm,4.936,42.141633773220654
magnetic_norm,4.956,42.24616754067758
magnetic_norm,4.976,43.668177302814115
magnetic_norm,4.997,42.82575581557204
magnetic_norm,5.017,42.45977450452381
magnetic_norm,5.037,41.41727808656677
magnetic_norm,5.057,41.589281457786754
magnetic_norm,5.076,43.32795687789242
magnetic_norm,5.096,41.699683845474176
magnetic_norm,5.116,41.672110889208646
magnetic_norm,5.137,41.19211563667251
magnetic_norm,5.157,41.42151771649009
magnetic_norm,5.177,41.66017939081636
magnetic_norm,5.197,40.69771823717523
magnetic_norm,5.216,41.187742108544896
magnetic_norm,5.236,41.26815793532588
magnetic_norm,5.256,42.70574072329164
magnetic_norm,5.277,39.309975789232034
magnetic_norm,5.297,38.15758926937092
magnetic_norm,5.317,40.930958568362435
magnetic_norm,5.337,40.02947835751805
magnetic_norm,5.356,41.17153791000527
magnetic_norm,5.377,41.838481629505885
magnetic_norm,5.396,40.70180488488821
magnetic_norm,5.417,40.1997365737639
magnetic_norm,5.437,39.65638160072739
magnetic_norm,5.457,41.16786325399952
magnetic_norm,5.477,41.19029770467798
magnetic_norm,5.496,39.863351060999626
magnetic_norm,5.516,39.39560182977283
magnetic_norm,5.536,38.52607503496834
magnetic_norm,5.557,40.071062087246965
magnetic_norm,5.577,40.0990680417576
magnetic_norm,5.597,40.461357708157806
magnetic_norm,5.617,40.23757889228055
magnetic_norm,5.636,40.198035163130285
magnetic_norm,5.657,40.1824792742434
magnetic_norm,5.677,38.80516722712326
magnetic_norm,5.697,39.71158378249035
magnetic_norm,5.717,38.102825310598746
magnetic_norm,5.737,40.09250329478694
magnetic_norm,5.757,39.56669415341646
magnetic_norm,5.776,40.30888095150374
magnetic_norm,5.796,39.48015262983426
magnetic_norm,5.816,38.86082449492046
magnetic_norm,5.837,39.328959749687
magnetic_norm,5.857,41.14741254501917
magnetic_norm,5.877,38.84917207612024
magnetic_norm,5.897,39.465953046170064
magnetic_norm,5.917,37.24567788750808
magnetic_norm,5.936,39.79203572308798
magnetic_norm,5.957,38.87817393425907
magnetic_norm,5.977,37.99440563727778
magnetic_norm,5.997,39.55711982895752
magnetic_norm,6.017,37.887744532879694
magnetic_norm,6.037,38.41250716823896
magnetic_norm,6.057,37.59364252543241
magnetic_norm,6.077,37.36770369734416
magnetic_norm,6.097,39.05009970441828
magnetic_norm,6.116,37.4983948383962
magnetic_norm,6.138,36.6496269592202
magnetic_norm,6.157,37.40888618530362
magnetic_norm,6.177,36.53718041820556
magnetic_norm,6.197,36.54072600674491
magnetic_norm,6.217,36.062982015842785
magnetic_norm,6.236,36.04102347759432
magnetic_norm,6.256,34.88214273467876
magnetic_norm,6.28,36.30738504681248
magnetic_norm,6.297,36.31367926501672
magnetic_norm,6.317,37.28960219669152
magnetic_norm,6.337,36.266324693853406
magnetic_norm,6.357,35.94436272247715
magnetic_norm,6.377,35.01235289865573
magnetic_norm,6.396,36.88282097518449
magnetic_norm,6.417,34.58961518649786
magnetic_norm,6.438,35.68130194215884
magnetic_norm,6.457,35.80537835001195
magnetic_norm,6.479,36.353006127072916
magnetic_norm,6.496,35.9982909750588
magnetic_norm,6.517,35.73124938044434
magnetic_norm,6.537,35.9882711101826
magnetic_norm,6.558,35.032763125216086
magnetic_norm,6.577,36.18056817080822
magnetic_norm,6.597,35.9383279264632
magnetic_norm,6.618,34.4386884598921
magnetic_norm,6.642,36.47587815940831
magnetic_norm,6.656,36.702560496169816
magnetic_norm,6.676,37.66624867255166
magnetic_norm,6.697,37.054750788023185
magnetic_norm,6.717,36.907713254311815
magnetic_norm,6.737,37.656822076650386
magnetic_norm,6.757,38.251329557774916
magnetic_norm,6.777,38.871770866690646
magnetic_norm,6.797,37.401762766445934
magnetic_norm,6.817,39.330735740639334
magnetic_norm,6.837,39.65029461097999
magnetic_norm,6.857,39.71144699784309
magnetic_norm,6.877,39.10010616098134
magnetic_norm,6.897,39.7185282251873
magnetic_norm,6.917,38.745301353357725
magnetic_norm,6.936,40.88585556674837
magnetic_norm,6.961,40.35075583260499
magnetic_norm,6.977,41.96984687695441
magnetic_norm,6.997,41.23981408329819
magnetic_norm,7.017,41.66487421317878
magnetic_norm,7.038,42.99490070810728
magnetic_norm,7.057,40.65542109908296
magnetic_norm,7.077,43.98292327767687
magnetic_norm,7.096,41.64886332398526
magnetic_norm,7.121,42.281291853194375
magnetic_norm,7.137,43.368965074261354
magnetic_norm,7.157,45.292118260934764
magnetic_norm,7.177,44.234592408134056
magnetic_norm,7.196,45.22243364530218
magnetic_norm,7.22,42.25747725867582
magnetic_norm,7.236,42.70919735387807
magnetic_norm,7.257,43.53827712656995
magnetic_norm,7.277,42.601291518714554
magnetic_norm,7.297,41.73739495224877
magnetic_norm,7.317,42.35874826629678
magnetic_norm,7.338,42.45802844795669
magnetic_norm,7.357,41.60602608096572
magnetic_norm,7.377,42.326604093938364
magnetic_norm,7.397,41.707864084007106
magnetic_norm,7.417,43.27491664593364
magnetic_norm,7.437,42.22385516876095
magnetic_norm,7.462,42.612532744047364
magnetic_norm,7.477,41.66362108608671
magnetic_norm,7.497,40.37399428735196
magnetic_norm,7.516,42.56637156347725
magnetic_norm,7.538,42.944547949070426
magnetic_norm,7.558,43.15878568275526
magnetic_norm,7.582,43.75511284010134
magnetic_norm,7.598,42.81810972012899
magnetic_norm,7.617,42.41672199746238
magnetic_norm,7.637,42.273533113521516
magnetic_norm,7.657,41.53555000886289
magnetic_norm,7.677,43.380490530918685
magnetic_norm,7.697,46.61057672681439
magnetic_norm,7.717,45.512735168302065
magnetic_norm,7.737,44.602728831723454
magnetic_norm,7.763,45.26159321614468
magnetic_norm,7.777,46.956988814778775
magnetic_norm,7.797,44.96277372410425
magnetic_norm,7.818,44.18552171978967
magnetic_norm,7.837,46.11738144609905
magnetic_norm,7.857,45.98835341678914
magnetic_norm,7.88,46.6123190644115
magnetic_norm,7.897,45.330949069316915
magnetic_norm,7.918,47.22351567749377
magnetic_norm,7.937,45.73153060418216
magnetic_norm,7.957,47.27788239824728
magnetic_norm,7.977,48.48208569995216
magnetic_norm,7.997,46.38474880685461
magnetic_norm,8.018,46.391538718606974
magnetic_norm,8.038,49.30510574714862
magnetic_norm,8.056,46.33503251973608
magnetic_norm,8.077,47.78827699726681
magnetic_norm,8.096,48.55475692548054
magnetic_norm,8.117,47.8823533843628
magnetic_norm,8.138,49.088578010508215
magnetic_norm,8.157,47.67607005878316
magnetic_norm,8.177,48.679925598238135
magnetic_norm,8.196,48.29081726490556
magnetic_norm,8.217,47.023689861733565
magnetic_norm,8.236,46.64192459204489
magnetic_norm,8.258,45.912942489019365
magnetic_norm,8.277,47.59485395797795
magnetic_norm,8.297,45.807094283991646
magnetic_norm,8.318,45.49352224932693
magnetic_norm,8.337,47.61521804612471
magnetic_norm,8.356,46.41470397702652
magnetic_norm,8.377,45.14277745711379
magnetic_norm,8.397,43.299933473101326
magnetic_norm,8.417,44.94226401172955
magnetic_norm,8.437,44.909242423887584
magnetic_norm,8.457,43.83797744564639
magnetic_norm,8.476,43.24053302202404
magnetic_norm,8.497,43.5279142871273
magnetic_norm,8.516,42.72956119148521
magnetic_norm,8.537,42.93333005142251
magnetic_norm,8.562,43.843602551925976
magnetic_norm,8.577,44.34676284225829
magnetic_norm,8.597,43.52153080400268
magnetic_norm,8.62,43.17809096162804
magnetic_norm,8.636,41.63095262301847
magnetic_norm,8.656,42.39049910136115
magnetic_norm,8.677,42.32638003315723
magnetic_norm,8.698,41.84898219998915
magnetic_norm,8.717,43.02717521845357
magnetic_norm,8.737,41.21987820669779
magnetic_norm,8.757,41.51208366873444
magnetic_norm,8.777,42.71320181908054
magnetic_norm,8.796,41.88657121656067
magnetic_norm,8.824,41.03126695780316
magnetic_norm,8.837,40.58105170904889
magnetic_norm,8.857,42.84649472748617
magnetic_norm,8.877,40.817154547046826
magnetic_norm,8.897,38.27701745297041
magnetic_norm,8.917,41.87309366317479
magnetic_norm,8.937,39.26150827878375
magnetic_norm,8.957,40.06946980542045
magnetic_norm,8.977,41.236847732246716
magnetic_norm,8.998,41.9413420493432
magnetic_norm,9.018,42.90434754618407
magnetic_norm,9.037,42.082432084600356
magnetic_norm,9.056,42.13562644158741
magnetic_norm,9.076,41.244669080849114
magnetic_norm,9.098,40.324088783474096
magnetic_norm,9.118,40.7065803726806
magnetic_norm,9.137,40.74019949003074
magnetic_norm,9.158,39.33541601067044
magnetic_norm,9.177,40.69504136323011
magnetic_norm,9.202,41.8944701947793
magnetic_norm,9.217,41.613487133980996
magnetic_norm,9.238,39.742165408102835
magnetic_norm,9.257,41.23558136640007
magnetic_norm,9.278,40.13945642756022
magnetic_norm,9.297,39.94347696965051
magnetic_norm,9.317,41.51265904757254
magnetic_norm,9.337,40.900941058611366
magnetic_norm,9.364,40.82233295896379
magnetic_norm,9.377,41.03711999626072
magnetic_norm,9.397,42.286338385612204
magnetic_norm,9.417,42.42606537701801
magnetic_norm,9.438,41.94935153834334
magnetic_norm,9.457,42.29765854335209
magnetic_norm,9.477,41.06913100021112
magnetic_norm,9.497,40.97637371858325
magnetic_norm,9.519,42.43778535529992
magnetic_norm,9.537,40.91214827025711
magnetic_norm,9.557,42.67525383711863
magnetic_norm,9.578,42.28412307356038
magnetic_norm,9.598,41.10310087663704
magnetic_norm,9.617,40.71890965095334
magnetic_norm,9.637,41.39542382317163
magnetic_norm,9.658,41.42353910293645
magnetic_norm,9.679,41.22595364482198
magnetic_norm,9.698,42.11205754442545
magnetic_norm,9.717,41.16188351375579
magnetic_norm,9.737,41.05109164763471
magnetic_norm,9.757,44.03265780886388
magnetic_norm,9.777,41.809935944252544
magnetic_norm,9.798,41.2395761606797
magnetic_norm,9.818,41.37323081610263
magnetic_norm,9.844,42.269763889954554
magnetic_norm,9.857,41.78952095068222
magnetic_norm,9.877,43.766896634328646
magnetic_norm,9.896,41.606158950779246
magnetic_norm,9.917,42.41538212223256
magnetic_norm,9.936,42.67176007121109
magnetic_norm,9.958,42.173907282228456
magnetic_norm,9.977,42.5457048475519
magnetic_norm,9.997,41.45927312586414
magnetic_norm,10.017,44.697331201789936
magnetic_norm,10.036,40.95182468233254
magnetic_norm,10.057,43.65849627363499
magnetic_norm,10.076,43.20500158155887
magnetic_norm,10.097,43.52948521835517
magnetic_norm,10.117,45.230617215416196
magnetic_norm,10.137,44.41353020575488
magnetic_norm,10.16,44.379095595787
magnetic_norm,10.176,44.253077247237954
magnetic_norm,10.196,46.095839227228595
magnetic_norm,10.216,45.11525068422001
magnetic_norm,10.236,48.07411572938707
magnetic_norm,10.257,43.78857920365776
magnetic_norm,10.278,46.267110030776735
magnetic_norm,10.298,43.23494082192094
magnetic_norm,10.319,45.88687388908183
magnetic_norm,10.336,43.32893637310994
magnetic_norm,10.356,46.71026462995055
magnetic_norm,10.377,46.34233123411576
magnetic_norm,10.398,46.09725197517202
magnetic_norm,10.417,44.659749073130726
magnetic_norm,10.437,44.485534726610965
magnetic_norm,10.46,44.93096950406267
magnetic_norm,10.479,44.86308101629893
magnetic_norm,10.496,45.693815639673836
magnetic_norm,10.517,45.19413897246533
magnetic_norm,10.537,47.931663127571625
magnetic_norm,10.557,45.06309554904667
magnetic_norm,10.577,44.3447056742685
magnetic_norm,10.596,45.92650762563498
magnetic_norm,10.617,42.39670831208486
magnetic_norm,10.636,43.40172222605343
magnetic_norm,10.657,43.58095490463702
magnetic_norm,10.677,43.113726072882
magnetic_norm,10.697,42.95076146472857
magnetic_norm,10.717,41.56166634502279
magnetic_norm,10.737,40.68935410475942
magnetic_norm,10.757,42.93007380977235
magnetic_norm,10.776,42.23004937615512
magnetic_norm,10.8,39.249268741914186
magnetic_norm,10.817,40.841564840857956
magnetic_norm,10.837,43.05604543179749
magnetic_norm,10.858,40.771253362816815
magnetic_norm,10.876,41.51190064020805
magnetic_norm,10.897,44.0773326936591
magnetic_norm,10.917,41.38128140415669
magnetic_norm,10.937,41.94004090663241
magnetic_norm,10.958,42.09074949216876
magnetic_norm,10.977,40.29666654777426
magnetic_norm,10.997,41.12955569371617
magnetic_norm,11.017,41.523190965712175
magnetic_norm,11.037,41.38512430254983
magnetic_norm,11.057,40.93334896084134
magnetic_norm,11.077,41.688281698818024
magnetic_norm,11.097,41.47299102277288
magnetic_norm,11.117,41.776999927891005
magnetic_norm,11.137,41.01298163173467
magnetic_norm,11.158,41.749593024363854
magnetic_norm,11.177,44.04947087238966
magnetic_norm,11.197,42.19737384452971
magnetic_norm,11.218,42.36864888467062
magnetic_norm,11.237,42.344299009429946
magnetic_norm,11.257,42.216627739256964
magnetic_norm,11.28,41.9575470182363
magnetic_norm,11.297,45.208213613512754
magnetic_norm,11.317,43.10924178352026
magnetic_norm,11.336,43.195008786751096
magnetic_norm,11.357,43.728676839403775
magnetic_norm,11.378,43.82386866038302
magnetic_norm,11.397,41.78477394368672
magnetic_norm,11.417,44.27054693261091
magnetic_norm,11.443,42.68861568337044
magnetic_norm,11.457,44.410709780552985
magnetic_norm,11.476,45.610842409590504
magnetic_norm,11.498,45.90722244443135
magnetic_norm,11.517,44.935696509985256
magnetic_norm,11.538,45.774206344649045
magnetic_norm,11.558,45.077218134274986
magnetic_norm,11.577,44.34643252900969
magnetic_norm,11.599,46.470996499160634
magnetic_norm,11.616,45.096683220193746
magnetic_norm,11.638,43.66474484338024
magnetic_norm,11.657,43.57350739698378
magnetic_norm,11.678,44.000721318661355
magnetic_norm,11.699,44.55717666310894
magnetic_norm,11.717,42.58489527144573
magnetic_norm,11.736,44.11676180178006
magnetic_norm,11.765,43.90040957135253
magnetic_norm,11.776,43.001775036037756
magnetic_norm,11.797,45.23420542299827
magnetic_norm,11.817,43.06021111609302
magnetic_norm,11.838,42.862965664049725
magnetic_norm,11.857,42.862965664049725
magnetic_norm,11.876,41.669801377766476
magnetic_norm,11.897,42.96450524430027
magnetic_norm,11.924,41.87332213987805
magnetic_norm,11.937,42.51124436163931
magnetic_norm,11.957,43.73175520031187
magnetic_norm,11.978,42.40461220272802
magnetic_norm,11.997,44.48923443066031
magnetic_norm,12.016,40.972645775871
magnetic_norm,12.037,41.03563362783011
magnetic_norm,12.056,43.32183746752324
magnetic_norm,12.081,40.4003187855617
magnetic_norm,12.097,40.538499156974275
magnetic_norm,12.117,41.63906240636616
magnetic_norm,12.138,40.57370502563823
magnetic_norm,12.157,41.70774896706851
magnetic_norm,12.177,40.62863685644031
magnetic_norm,12.196,40.91142379336125
magnetic_norm,12.217,42.87147976321219
magnetic_norm,12.244,41.852039915247964
magnetic_norm,12.257,41.166205037931306
magnetic_norm,12.277,41.47621219521499
magnetic_norm,12.296,43.006181432673145
magnetic_norm,12.317,40.92807379064527
magnetic_norm,12.338,42.098280975741766
magnetic_norm,12.357,41.36239233576207
magnetic_norm,12.377,41.68619656882839
magnetic_norm,12.397,43.483034998160555
magnetic_norm,12.417,42.44579677733121
magnetic_norm,12.437,43.364617498399596
magnetic_norm,12.457,43.658899202238835
magnetic_norm,12.476,43.11163439564493
magnetic_norm,12.497,44.16429468934719
magnetic_norm,12.517,43.42802186368274
magnetic_norm,12.537,44.03125042801993
magnetic_norm,12.559,42.36576088438044
magnetic_norm,12.576,43.39393744767235
magnetic_norm,12.598,41.85476596831608
magnetic_norm,12.617,42.63871232656424
magnetic_norm,12.638,43.13243830416384
magnetic_norm,12.658,45.04433369129241
magnetic_norm,12.677,42.349958183996485
magnetic_norm,12.698,44.11317463913144
magnetic_norm,12.72,41.4322499090383
magnetic_norm,12.737,40.67847421166078
magnetic_norm,12.756,41.81058711992095
magnetic_norm,12.777,42.52547976713492
magnetic_norm,12.797,41.58591935183712
magnetic_norm,12.817,41.92486034547412
magnetic_norm,12.838,42.08907272312494
magnetic_norm,12.857,40.0796809496564
magnetic_norm,12.883,41.72190471407088
magnetic_norm,12.896,39.84431056217438
magnetic_norm,12.917,40.096268919314674
magnetic_norm,12.938,41.04824272258803
magnetic_norm,12.958,39.049117886003586
magnetic_norm,12.978,38.90704969057664
magnetic_norm,12.997,42.26040240491102
magnetic_norm,13.018,40.04649770032956
magnetic_norm,13.036,40.10523602645306
magnetic_norm,13.057,38.250524196163
magnetic_norm,13.078,39.150130208116806
magnetic_norm,13.097,40.37348609979091
magnetic_norm,13.118,40.604576400635004
magnetic_norm,13.137,40.185851932272136
magnetic_norm,13.157,38.90310981303423
magnetic_norm,13.178,38.96750750126636
magnetic_norm,13.198,39.68680404649647
magnetic_norm,13.217,38.26206183594268
magnetic_norm,13.238,39.18765443036562
magnetic_norm,13.257,39.377147266022206
magnetic_norm,13.278,38.2900544711026
magnetic_norm,13.297,37.979309042885454
magnetic_norm,13.316,39.91317356838791
magnetic_norm,13.337,38.83251749606894
magnetic_norm,13.361,40.24538772353311
magnetic_norm,13.377,39.39194912304422
magnetic_norm,13.397,38.78804522443096
magnetic_norm,13.417,41.27115253070237
magnetic_norm,13.437,40.849718385657205
magnetic_norm,13.457,40.8361831899726
magnetic_norm,13.477,40.03151822064711
magnetic_norm,13.497,41.61745050636817
magnetic_norm,13.522,41.509863770855766
magnetic_norm,13.538,42.495583748196715
magnetic_norm,13.557,39.935940287853605
magnetic_norm,13.577,42.26604804361298
magnetic_norm,13.597,40.358875827087395
magnetic_norm,13.617,40.79757432357345
magnetic_norm,13.637,39.41484627364416
magnetic_norm,13.657,41.99527074847239
magnetic_norm,13.677,39.48698807892291
magnetic_norm,13.697,40.45100651182872
magnetic_norm,13.716,40.154362799903204
magnetic_norm,13.737,40.57590543121004
magnetic_norm,13.757,40.54390848974726
magnetic_norm,13.777,41.110673808878396
magnetic_norm,13.797,40.11702829905906
magnetic_norm,13.818,40.324956270435074
magnetic_norm,13.842,40.24271576656762
magnetic_norm,13.856,40.81954271990931
magnetic_norm,13.877,39.890498327437015
magnetic_norm,13.896,41.11618921574566
magnetic_norm,13.917,41.622335580806265
magnetic_norm,13.937,39.09720796409254
magnetic_norm,13.957,41.161428076993445
magnetic_norm,13.977,41.224253328592866
magnetic_norm,13.997,38.413570295046775
magnetic_norm,14.017,40.125595789969275
magnetic_norm,14.036,39.39842645874326
magnetic_norm,14.057,40.24903893681823
magnetic_norm,14.077,39.483114076938165
magnetic_norm,14.097,40.038633486765114
magnetic_norm,14.117,39.81363938041529
magnetic_norm,14.136,40.04276620964141
magnetic_norm,14.157,40.054362473081504
magnetic_norm,14.176,39.58784035556248
magnetic_norm,14.197,40.17796493393489
magnetic_norm,14.22,41.361535334988474
magnetic_norm,14.237,39.82734151600512
magnetic_norm,14.258,40.50969975549067
magnetic_norm,14.276,38.86526166112239
magnetic_norm,14.297,41.42959624848521
magnetic_norm,14.319,39.950143575618114
magnetic_norm,14.337,40.863894707002665
magnetic_norm,14.357,40.289670861462746
magnetic_norm,14.378,41.7336914663981
magnetic_norm,14.397,40.02235730407444
magnetic_norm,14.417,40.81055440223155
magnetic_norm,14.437,42.03190912330775
magnetic_norm,14.456,41.93707780145156
magnetic_norm,14.482,42.09410798533756
magnetic_norm,14.497,41.91125819988587
magnetic_norm,14.518,41.18279665892063
magnetic_norm,14.537,43.36849762053683
magnetic_norm,14.556,42.54261374639551
magnetic_norm,14.577,39.798029714908736
magnetic_norm,14.597,42.03969826625197
magnetic_norm,14.617,43.11688782397218
magnetic_norm,14.637,42.889201825984124
magnetic_norm,14.657,42.18115790409268
magnetic_norm,14.679,44.08876613980737
magnetic_norm,14.697,43.39460162325782
magnetic_norm,14.717,43.33446882069751
magnetic_norm,14.736,42.87262322306636
magnetic_norm,14.757,42.680410967644264
magnetic_norm,14.777,43.601466015204224
magnetic_norm,14.8,43.57013372364731
magnetic_norm,14.817,42.87457186979247
magnetic_norm,14.837,43.32284376933259
magnetic_norm,14.857,43.5420378800476
magnetic_norm,14.877,45.24339555103605
magnetic_norm,14.897,43.52510519938469
magnetic_norm,14.917,44.36158864237168
magnetic_norm,14.937,44.97272220121326
magnetic_norm,14.957,42.26955238203391
magnetic_norm,14.977,43.806797960562015
magnetic_norm,14.997,45.63005222465787
magnetic_norm,15.017,42.51912577121912
magnetic_norm,15.037,44.64556415171622
magnetic_norm,15.058,44.396064549279025
magnetic_norm,15.077,43.10468201245666
magnetic_norm,15.1,43.24503675193548
magnetic_norm,15.123,43.79889924370256
magnetic_norm,15.136,42.599978389959425
magnetic_norm,15.156,40.568989539856794
magnetic_norm,15.177,42.15128028896335
magnetic_norm,15.196,41.3337192584638
magnetic_norm,15.217,43.153588350217184
magnetic_norm,15.237,42.66276461242286
magnetic_norm,15.256,42.63049687285212
magnetic_norm,15.276,42.40799732862905
magnetic_norm,15.296,42.43095172232765
magnetic_norm,15.317,43.91723002825894
magnetic_norm,15.337,42.636093152251995
magnetic_norm,15.357,41.48750129993973
magnetic_norm,15.38,41.9010551223058
magnetic_norm,15.397,42.981515802289955
magnetic_norm,15.417,39.28093095106721
magnetic_norm,15.436,42.69463526697471
magnetic_norm,15.458,41.89738896885473
magnetic_norm,15.477,41.14533603617791
magnetic_norm,15.497,43.072414950725715
magnetic_norm,15.517,41.35463333882615
magnetic_norm,15.536,41.70774896706851
magnetic_norm,15.556,42.003900488526064
magnetic_norm,15.577,43.95957180316369
magnetic_norm,15.597,42.95570578712449
magnetic_norm,15.617,41.42673742847129
magnetic_norm,15.637,42.98602611465731
magnetic_norm,15.656,43.26357270094555
magnetic_norm,15.677,46.345165091274644
magnetic_norm,15.697,43.457798782324545
magnetic_norm,15.717,42.56668877405788
magnetic_norm,15.737,43.08416862047479
magnetic_norm,15.756,41.634703260921654
magnetic_norm,15.777,44.25706117296435
magnetic_norm,15.797,43.05770229485667
magnetic_norm,15.819,43.45815201504201
magnetic_norm,15.836,42.33240150726747
magnetic_norm,15.856,43.40607828821338
magnetic_norm,15.876,42.28661081722565
magnetic_norm,15.897,41.60286996184878
magnetic_norm,15.917,43.06679117661311
magnetic_norm,15.937,41.95912354110248
magnetic_norm,15.957,43.39097479300861
magnetic_norm,15.976,42.261697252802094
magnetic_norm,15.996,42.021764853020024
magnetic_norm,16.016,42.42039342462548
magnetic_norm,16.037,42.35522686635032
magnetic_norm,16.057,42.2182304742276
magnetic_norm,16.077,43.1155657505356
magnetic_norm,16.097,44.17760521307723
magnetic_norm,16.116,44.17760521307723
magnetic_norm,16.136,44.4777270453988
magnetic_norm,16.156,42.88507449088494
magnetic_norm,16.177,43.07580507213428
magnetic_norm,16.197,42.91195365716887
magnetic_norm,16.217,43.486339449877825
magnetic_norm,16.237,44.786046062082775
magnetic_norm,16.256,44.786046062082775
magnetic_norm,16.276,45.57724228296409
magnetic_norm,16.296,44.398691551243985
magnetic_norm,16.316,46.66510762877335
magnetic_norm,16.337,45.97710306963946
magnetic_norm,16.357,44.90936974290555
magnetic_norm,16.377,45.848707814452105
magnetic_norm,16.396,45.848707814452105
magnetic_norm,16.416,46.37053859106027
magnetic_norm,16.436,45.20080979717067
magnetic_norm,16.457,44.713344942743326
magnetic_norm,16.477,47.10988525843064
magnetic_norm,16.497,45.86626575381961
magnetic_norm,16.517,46.83411091621682
magnetic_norm,16.536,46.83411091621682
magnetic_norm,16.556,44.88136714369896
magnetic_norm,16.576,45.43365274446905
magnetic_norm,16.597,45.29364563752299
magnetic_norm,16.617,45.999050601615686
magnetic_norm,16.637,44.587117586669585
magnetic_norm,16.657,44.50196691855317
magnetic_norm,16.676,44.50196691855317
magnetic_norm,16.696,45.09640454764659
magnetic_norm,16.716,45.208349702377994
magnetic_norm,16.737,43.37076032954115
magnetic_norm,16.756,44.866577625513784
magnetic_norm,16.777,43.72598691626359
magnetic_norm,16.797,44.92361096191512
magnetic_norm,16.816,45.727559845458636
magnetic_norm,16.836,45.727559845458636
magnetic_norm,16.856,45.55407242552535
magnetic_norm,16.877,45.29321954967442
magnetic_norm,16.896,44.24587248368485
magnetic_norm,16.916,44.864436430763284
magnetic_norm,16.937,46.83212920119584
magnetic_norm,16.956,46.69306738612285
magnetic_norm,16.976,45.750916438772066
magnetic_norm,16.996,45.60997141951253
magnetic_norm,17.017,45.25096727578051
magnetic_norm,17.036,43.670818987912284
magnetic_norm,17.056,44.528062427726454
magnetic_norm,17.076,45.93819266947167
magnetic_norm,17.096,44.11205792459137
magnetic_norm,17.116,44.98597352172685
magnetic_norm,17.136,44.213700722796325
magnetic_norm,17.157,45.7912851802338
magnetic_norm,17.176,45.593241056652346
magnetic_norm,17.196,44.006045277751426
magnetic_norm,17.217,44.86038502961159
magnetic_norm,17.236,44.91398419827059
magnetic_norm,17.256,44.1531030042907
magnetic_norm,17.276,44.47153264013406
magnetic_norm,17.297,43.807727904731706
magnetic_norm,17.316,44.83978809524259
magnetic_norm,17.336,46.35775037070402
magnetic_norm,17.357,44.29381635694202
magnetic_norm,17.376,45.134646326713366
magnetic_norm,17.396,42.99896679972381
magnetic_norm,17.416,42.75663485934094
magnetic_norm,17.436,42.2457835714259
magnetic_norm,17.456,43.33625577671657
magnetic_norm,17.477,43.18003171716075
magnetic_norm,17.497,43.64554185816118
magnetic_norm,17.516,44.43221883174978
magnetic_norm,17.536,43.0905677759066
magnetic_norm,17.556,43.41049790229318
magnetic_norm,17.576,44.55043011900951
magnetic_norm,17.597,44.347154996121226
magnetic_norm,17.617,45.15802721416205
magnetic_norm,17.638,44.88292980234802
magnetic_norm,17.656,44.466088482825924
magnetic_norm,17.678,43.87010592640226
magnetic_norm,17.696,44.81056021701251
magnetic_norm,17.724,44.60447269473096
magnetic_norm,17.737,43.27861796869222
magnetic_norm,17.758,44.44801204905016
magnetic_norm,17.777,43.10844400027679
magnetic_norm,17.797,44.42550085196002
magnetic_norm,17.816,44.9592002542305
magnetic_norm,17.837,43.170290162549875
magnetic_norm,17.856,44.5418651788826
magnetic_norm,17.877,43.59224190939828
magnetic_norm,17.897,44.814883930523116
magnetic_norm,17.917,43.52919208726489
magnetic_norm,17.937,43.69075504088365
magnetic_norm,17.957,45.15514271998816
magnetic_norm,17.977,44.10559998424237
magnetic_norm,17.996,43.78957236638935
magnetic_norm,18.017,43.22957446138591
magnetic_norm,18.037,44.890202201037155
magnetic_norm,18.057,45.57943784221677
magnetic_norm,18.078,43.215028310473194
magnetic_norm,18.097,41.9817094585399
magnetic_norm,18.117,44.610257801793765
magnetic_norm,18.136,44.95193526840641
magnetic_norm,18.157,44.37235335417201
magnetic_norm,18.177,43.67537428159614
magnetic_norm,18.197,43.49848087011202
magnetic_norm,18.217,44.067189200143616
magnetic_norm,18.236,43.78743558894787
magnetic_norm,18.257,43.464483632041514
magnetic_norm,18.276,43.61851537492428
magnetic_norm,18.297,43.285953715524165
magnetic_norm,18.324,44.03043413660035
magnetic_norm,18.337,44.83153845946518
magnetic_norm,18.358,42.992825066675486
magnetic_norm,18.376,44.71372223673344
magnetic_norm,18.397,43.829287410446234
magnetic_norm,18.417,43.72923733027482
magnetic_norm,18.438,44.79754850583344
magnetic_norm,18.457,44.69714100546589
magnetic_norm,18.481,45.52167955106666
magnetic_norm,18.497,44.44923382551165
magnetic_norm,18.516,43.58645906772538
magnetic_norm,18.537,44.82038263014394
magnetic_norm,18.557,43.770672392882084
magnetic_norm,18.577,45.95054315761677
magnetic_norm,18.598,45.36140105144465
magnetic_norm,18.618,46.05169098076095
magnetic_norm,18.643,44.89383066936936
magnetic_norm,18.657,46.27492296253726
magnetic_norm,18.677,47.112320794485484
magnetic_norm,18.696,45.730116098980666
magnetic_norm,18.717,46.84069217432643
magnetic_norm,18.737,48.01017120556339
magnetic_norm,18.757,48.13173389472381
magnetic_norm,18.777,47.034784198638654
magnetic_norm,18.798,47.79536826997465
magnetic_norm,18.817,47.57321005587073
magnetic_norm,18.837,47.30972976646827
magnetic_norm,18.857,47.97290372895412
magnetic_norm,18.877,48.083750821743344
magnetic_norm,18.897,48.085112554082166
magnetic_norm,18.917,47.77052022018919
magnetic_norm,18.937,47.59066866676712
magnetic_norm,18.96,48.4107091023516
magnetic_norm,18.976,48.753032357613414
magnetic_norm,18.997,47.229330356384516
magnetic_norm,19.018,49.37380840017821
magnetic_norm,19.037,51.29860717370895
magnetic_norm,19.057,48.89586410768813
magnetic_norm,19.078,47.720933364588625
magnetic_norm,19.096,49.96403684684119
magnetic_norm,19.118,48.359582373817176
magnetic_norm,19.137,48.01528321144216
magnetic_norm,19.157,47.867887116194616
magnetic_norm,19.177,49.17207433532523
magnetic_norm,19.198,48.983138679804995
magnetic_norm,19.218,50.269112853222396
magnetic_norm,19.237,48.359625976764015
magnetic_norm,19.257,49.815391240183004
magnetic_norm,19.276,47.1426235282361
magnetic_norm,19.298,50.59117550991486
magnetic_norm,19.317,50.19429633957441
magnetic_norm,19.338,50.031079204830284
magnetic_norm,19.357,49.80885552778241
magnetic_norm,19.376,48.55891364015987
magnetic_norm,19.397,48.94441682383201
magnetic_norm,19.416,49.168470747268515
magnetic_norm,19.442,49.68407407045799
magnetic_norm,19.457,47.64771280292477
magnetic_norm,19.477,49.5804309147017
magnetic_norm,19.497,49.89619106305871
magnetic_norm,19.516,48.61966557217361
magnetic_norm,19.537,49.84227232267307
magnetic_norm,19.556,50.29112555916306
magnetic_norm,19.577,50.42421683868774
magnetic_norm,19.598,50.949273946004375
magnetic_norm,19.617,49.05081664037317
magnetic_norm,19.637,51.56505334587079
magnetic_norm,19.657,50.85147530050145
magnetic_norm,19.676,49.79205391606175
magnetic_norm,19.696,48.16279670595094
magnetic_norm,19.717,46.99279037097078
magnetic_norm,19.737,49.18389929234977
magnetic_norm,19.762,47.923477825044166
magnetic_norm,19.777,49.4899555110884
magnetic_norm,19.797,49.20410853653382
magnetic_norm,19.817,48.282575617731915
magnetic_norm,19.836,48.291468578828706
magnetic_norm,19.857,47.90313835295659
magnetic_norm,19.878,47.131349361253264
magnetic_norm,19.897,47.0266820871407
magnetic_norm,19.919,46.8642591118221
magnetic_norm,19.937,48.378262106291174
magnetic_norm,19.957,47.605101650710715
magnetic_norm,19.976,46.08240871430772
magnetic_norm,19.997,47.97938434999332
magnetic_norm,20.017,45.44977882950488
magnetic_norm,20.037,46.813991815882446
magnetic_norm,20.057,44.83361900725285
magnetic_norm,20.083,46.6727612277761
magnetic_norm,20.097,46.04757108223797
magnetic_norm,20.116,46.36370398140123
magnetic_norm,20.138,46.54723281584524
magnetic_norm,20.164,46.20587779330691
magnetic_norm,20.177,44.011107495438026
magnetic_norm,20.197,43.02234385665198
magnetic_norm,20.216,45.918581577151315
magnetic_norm,20.237,43.28396143954484
magnetic_norm,20.256,41.901656627453285
magnetic_norm,20.277,42.86556182458721
magnetic_norm,20.297,42.500546871481546
magnetic_norm,20.317,41.48543379690637
magnetic_norm,20.337,42.99019867539582
magnetic_norm,20.356,41.760160672643494
magnetic_norm,20.379,42.98417768493425
magnetic_norm,20.396,40.9458162838556
magnetic_norm,20.417,41.785814409916725
magnetic_norm,20.437,41.01129941476495
magnetic_norm,20.457,39.94041535589301
magnetic_norm,20.477,42.76073155478054
magnetic_norm,20.497,40.22465870428548
magnetic_norm,20.517,38.29852261559843
magnetic_norm,20.537,41.51784349078117
magnetic_norm,20.563,40.41773818170682
magnetic_norm,20.577,38.82960759839071
magnetic_norm,20.597,40.441843574075655
magnetic_norm,20.621,39.9881720860369
magnetic_norm,20.637,40.764226005776244
magnetic_norm,20.657,39.837419201047666
magnetic_norm,20.676,38.2154767074153
magnetic_norm,20.697,39.35789360623228
magnetic_norm,20.722,38.9263879766991
magnetic_norm,20.737,39.54458790977604
magnetic_norm,20.758,37.150967131253815
magnetic_norm,20.777,39.308316290894545
magnetic_norm,20.797,37.52890411669395
magnetic_norm,20.816,36.901916359943314
magnetic_norm,20.837,37.96467217638003
magnetic_norm,20.857,36.96951341139074
magnetic_norm,20.877,38.58050906944471
magnetic_norm,20.897,37.47986345119208
magnetic_norm,20.918,38.61355768428365
magnetic_norm,20.936,37.5616489454338
magnetic_norm,20.956,39.43137589423559
magnetic_norm,20.978,38.56413742471754
magnetic_norm,20.998,38.58297167307101
magnetic_norm,21.017,36.80411122904615
magnetic_norm,21.037,39.169032737227504
magnetic_norm,21.057,38.38251402412953
magnetic_norm,21.076,39.762078164533975
magnetic_norm,21.097,37.1612854128965
magnetic_norm,21.118,38.295512828381796
magnetic_norm,21.137,38.585574398990126
magnetic_norm,21.157,38.73496491753289
magnetic_norm,21.178,39.09366537928493
magnetic_norm,21.205,37.963970071371726
magnetic_norm,21.216,37.94028099362207
magnetic_norm,21.236,37.32530876178393
magnetic_norm,21.256,39.53826054168925
magnetic_norm,21.277,40.04499346446138
magnetic_norm,21.297,38.72293722927671
magnetic_norm,21.317,38.15961835835103
magnetic_norm,21.338,39.05898634197385
magnetic_norm,21.363,38.8548690446899
magnetic_norm,21.377,38.30368940967045
magnetic_norm,21.396,38.59875656028319
magnetic_norm,21.418,39.23068777930744
magnetic_norm,21.437,40.08031487666369
magnetic_norm,21.458,38.22124562579698
magnetic_norm,21.477,39.82239599255049
magnetic_norm,21.496,38.820422252823384
magnetic_norm,21.523,37.25852096802829
magnetic_norm,21.536,38.09754297244779
magnetic_norm,21.558,38.436759423597366
magnetic_norm,21.578,39.03130990451775
magnetic_norm,21.597,39.376843706834855
magnetic_norm,21.618,39.52340495595621
magnetic_norm,21.637,39.000691201086475
magnetic_norm,21.657,39.01467722617348
magnetic_norm,21.679,39.586277190460855
magnetic_norm,21.697,40.051384419892464
magnetic_norm,21.717,40.05917422077002
magnetic_norm,21.737,39.959441550621115
magnetic_norm,21.757,38.94978007431494
magnetic_norm,21.781,40.35887786906372
magnetic_norm,21.796,40.30784721405064
magnetic_norm,21.816,41.38931162978553
magnetic_norm,21.837,39.980901986917516
magnetic_norm,21.857,40.10841078681316
magnetic_norm,21.877,40.32951353291109
magnetic_norm,21.897,39.659707785894
magnetic_norm,21.917,43.63747179704049
magnetic_norm,21.937,41.173844834752245
magnetic_norm,21.956,40.63398885369859
magnetic_norm,21.98,40.08040459643278
magnetic_norm,21.999,41.54154222095034
magnetic_norm,22.017,42.63056359805144
magnetic_norm,22.037,41.415329247061415
magnetic_norm,22.057,40.81411610178518
magnetic_norm,22.076,41.70172482538947
magnetic_norm,22.097,41.1152703922156
magnetic_norm,22.117,41.97021547554588
magnetic_norm,22.138,41.557931609832316
magnetic_norm,22.162,42.509744301542206
magnetic_norm,22.177,41.82815745179915
magnetic_norm,22.197,42.035020642406025
magnetic_norm,22.217,41.74942973900961
magnetic_norm,22.236,40.485214665371984
magnetic_norm,22.257,41.782499893735476
magnetic_norm,22.277,40.393549687573895
magnetic_norm,22.297,41.542670895658716
magnetic_norm,22.323,42.16248645523062
magnetic_norm,22.337,41.629848099290506
magnetic_norm,22.357,40.02247834141158
magnetic_norm,22.376,40.313684404786905
magnetic_norm,22.397,39.32834329748713
magnetic_norm,22.417,40.31618878471774
magnetic_norm,22.437,37.581901883935515
magnetic_norm,22.457,39.58622807397795
magnetic_norm,22.479,39.3330853246348
magnetic_norm,22.497,38.47783706645295
magnetic_norm,22.516,39.74376425145208
magnetic_norm,22.537,39.681017037117435
magnetic_norm,22.557,38.73530825832551
magnetic_norm,22.577,38.99702340217788
magnetic_norm,22.598,39.46918208670849
magnetic_norm,22.617,39.09675397796793
magnetic_norm,22.642,38.784959398425364
magnetic_norm,22.656,38.45454963071665
magnetic_norm,22.677,38.999525305284294
magnetic_norm,22.697,36.365421228998585
magnetic_norm,22.717,36.2410926075981
magnetic_norm,22.737,36.65205075282289
magnetic_norm,22.757,38.57622538931854
magnetic_norm,22.776,36.29402132645273
magnetic_norm,22.796,38.528281024787546
magnetic_norm,22.817,37.79426109708986
magnetic_norm,22.837,39.69194417951837
magnetic_norm,22.857,38.88327497115571
magnetic_norm,22.877,38.14442230687208
magnetic_norm,22.897,37.75569194886392
magnetic_norm,22.916,35.051450524193775
magnetic_norm,22.937,36.4817820447755
magnetic_norm,22.957,36.37715525661333
magnetic_norm,22.977,36.75972374216108
magnetic_norm,22.997,36.81461637984294
magnetic_norm,23.017,38.59477883244053
magnetic_norm,23.038,38.258355569731485
magnetic_norm,23.056,37.48530242024868
magnetic_norm,23.077,34.49922823702014
magnetic_norm,23.096,36.61562179674823
magnetic_norm,23.121,36.325391504256416
magnetic_norm,23.138,35.46073230842816
magnetic_norm,23.157,38.38447597532113
magnetic_norm,23.177,37.00707604269757
magnetic_norm,23.197,37.761257117083645
magnetic_norm,23.217,37.025148163613196
magnetic_norm,23.236,37.64055428125363
magnetic_norm,23.257,38.28852379875072
magnetic_norm,23.277,36.77955819142274
magnetic_norm,23.297,37.155640840658364
magnetic_norm,23.318,37.526658569775485
magnetic_norm,23.336,36.69663114800193
magnetic_norm,23.356,37.18899170789672
magnetic_norm,23.376,35.88470884182427
magnetic_norm,23.398,36.44572387005784
magnetic_norm,23.417,36.811121952645024
magnetic_norm,23.445,38.16161416446513
magnetic_norm,23.457,36.76418579065779
magnetic_norm,23.476,37.017311082958216
magnetic_norm,23.497,37.37052506120303
magnetic_norm,23.516,38.36830254112768
magnetic_norm,23.538,37.05343642767839
magnetic_norm,23.558,37.40306926476759
magnetic_norm,23.577,38.27787668288304
magnetic_norm,23.598,37.90232710006081
magnetic_norm,23.617,39.52501101755072
magnetic_norm,23.637,39.51406941030636
magnetic_norm,23.656,39.73274567406588
magnetic_norm,23.677,38.24046369799276
magnetic_norm,23.697,40.13671352670774
magnetic_norm,23.718,39.532358213082986
magnetic_norm,23.737,41.01530281187743
magnetic_norm,23.757,40.09187410093233
magnetic_norm,23.777,39.937658450389904
magnetic_norm,23.796,39.0738778788017
magnetic_norm,23.818,39.73765824630342
magnetic_norm,23.837,39.857006867049165
magnetic_norm,23.859,40.02320799829782
magnetic_norm,23.877,38.94769102832031
magnetic_norm,23.897,40.184198769541254
magnetic_norm,23.918,39.80238802179469
magnetic_norm,23.936,42.25711625691003
magnetic_norm,23.958,42.198888505060275
magnetic_norm,23.977,43.013879744653444
magnetic_norm,23.997,42.55072463146197
magnetic_norm,24.017,43.76386634542248
magnetic_norm,24.037,43.80516277663519
magnetic_norm,24.056,43.32571939737423
magnetic_norm,24.084,42.20408730398644
magnetic_norm,24.097,44.3447056742685
magnetic_norm,24.117,44.83037953985556
magnetic_norm,24.137,45.7093045942235
magnetic_norm,24.157,45.86528656456865
magnetic_norm,24.177,46.63395078789169
magnetic_norm,24.196,45.43472490383872
magnetic_norm,24.216,45.00945882589579
magnetic_norm,24.243,46.311733675360294
magnetic_norm,24.258,45.56127238181578
magnetic_norm,24.277,46.70163376183969
magnetic_norm,24.297,46.67961536534175
magnetic_norm,24.317,47.930624337030125
magnetic_norm,24.336,46.60147603421485
magnetic_norm,24.357,47.1982830539682
magnetic_norm,24.378,46.795385509283975
magnetic_norm,24.403,47.19597548296628
magnetic_norm,24.417,46.786948954195644
magnetic_norm,24.437,45.48474460945669
magnetic_norm,24.457,46.97352146422493
magnetic_norm,24.476,46.182069247707005
magnetic_norm,24.496,45.54116708690621
magnetic_norm,24.517,45.296096168709724
magnetic_norm,24.537,45.63817440175495
magnetic_norm,24.562,44.80246095710034
magnetic_norm,24.577,45.18952005609271
magnetic_norm,24.597,45.345897578777745
magnetic_norm,24.617,45.72717907177867
magnetic_norm,24.637,45.54981092400389
magnetic_norm,24.657,44.61444490969276
magnetic_norm,24.677,44.659749073130726
magnetic_norm,24.697,46.16937296073557
magnetic_norm,24.719,45.14702265100108
magnetic_norm,24.736,45.32844404675728
magnetic_norm,24.756,45.56411322576137
magnetic_norm,24.777,47.214707114415205
magnetic_norm,24.797,44.54363117354713
magnetic_norm,24.817,43.61784672857555
magnetic_norm,24.837,45.21594309519045
magnetic_norm,24.857,43.45824791020698
magnetic_norm,24.88,44.739295910725964
magnetic_norm,24.896,43.095375816756835
magnetic_norm,24.916,44.22234702684266
magnetic_norm,24.936,42.378152860583725
magnetic_norm,24.958,43.4641424542979
magnetic_norm,24.977,44.431734232274856
magnetic_norm,24.997,42.418974989384225
magnetic_norm,25.017,43.145086354792475
magnetic_norm,25.039,41.87154603292671
magnetic_norm,25.056,43.11127968655657
magnetic_norm,25.082,42.65724312030725
magnetic_norm,25.097,42.489067296335335
magnetic_norm,25.117,43.20790943218614
magnetic_norm,25.137,41.09809277052891
magnetic_norm,25.157,40.9473576519292
magnetic_norm,25.176,42.362844249412724
magnetic_norm,25.201,42.163889510456706
magnetic_norm,25.216,42.82800987846628
magnetic_norm,25.237,42.5424414082573
magnetic_norm,25.257,41.522162097336654
magnetic_norm,25.277,42.95759477161761
magnetic_norm,25.298,42.51113365196228
magnetic_norm,25.317,42.27794228924232
magnetic_norm,25.337,42.09479178577209
magnetic_norm,25.356,41.60135344282685
magnetic_norm,25.377,42.8641150741213
magnetic_norm,25.397,42.79436874315359
magnetic_norm,25.417,42.951417268525624
magnetic_norm,25.438,43.18434402289215
magnetic_norm,25.456,43.39296790005277
magnetic_norm,25.476,43.29149502486035
magnetic_norm,25.496,42.80727546034097
magnetic_norm,25.525,43.2999657188086
magnetic_norm,25.537,43.336211410032156
magnetic_norm,25.557,45.29012206996696
magnetic_norm,25.577,44.18549304664377
magnetic_norm,25.596,45.23147533493685
magnetic_norm,25.616,43.5720759995723
magnetic_norm,25.636,45.493721235737574
magnetic_norm,25.657,44.106863642323304
magnetic_norm,25.678,44.26797501185268
magnetic_norm,25.697,45.43532056299924
magnetic_norm,25.717,43.41836127838084
magnetic_norm,25.737,44.35055612672745
magnetic_norm,25.756,43.525468754512055
magnetic_norm,25.776,44.23647641398445
magnetic_norm,25.797,43.67651887699501
magnetic_norm,25.817,42.886419593940246
magnetic_norm,25.841,42.78274270441881
magnetic_norm,25.857,44.09956192001799
magnetic_norm,25.877,43.39380761194505
magnetic_norm,25.896,44.32240408599814
magnetic_norm,25.916,43.98785965326115
magnetic_norm,25.937,44.24591252985976
magnetic_norm,25.957,44.580517483117
magnetic_norm,25.977,43.33349573064128
magnetic_norm,25.997,44.44470168479039
magnetic_norm,26.016,44.13303027665344
magnetic_norm,26.037,43.372921695598336
magnetic_norm,26.057,42.67391953597079
magnetic_norm,26.077,43.53479522864442
magnetic_norm,26.097,44.64157677784804
magnetic_norm,26.117,43.20305128720672
magnetic_norm,26.137,44.48663923584254
magnetic_norm,26.165,43.64017950223749
magnetic_norm,26.177,43.36893239261257
magnetic_norm,26.203,40.9080958330683
magnetic_norm,26.217,43.09059516167663
magnetic_norm,26.237,43.097738906612044
magnetic_norm,26.257,43.13718634296286
magnetic_norm,26.278,44.70034666476315
magnetic_norm,26.297,44.39884214706511
magnetic_norm,26.317,43.022164073445914
magnetic_norm,26.337,42.742458216333326
magnetic_norm,26.357,44.17810828538273
magnetic_norm,26.377,44.85349981119088
magnetic_norm,26.397,44.16606848928269
magnetic_norm,26.417,42.907553691628806
magnetic_norm,26.437,42.91774042587174
magnetic_norm,26.456,42.153686802283396
magnetic_norm,26.481,43.10837043501529
magnetic_norm,26.497,43.87098587107431
magnetic_norm,26.517,42.92183609437631
magnetic_norm,26.537,42.59785736072895
magnetic_norm,26.557,43.100777379010246
magnetic_norm,26.578,43.032099664814176
magnetic_norm,26.597,43.39307095911169
magnetic_norm,26.617,43.416838948154684
magnetic_norm,26.641,43.68090760260721
magnetic_norm,26.657,43.137396001903106
magnetic_norm,26.678,42.063391352219924
magnetic_norm,26.698,43.317852753656894
magnetic_norm,26.717,44.80153108432791
magnetic_norm,26.736,41.64072939247708
magnetic_norm,26.757,44.17863554352385
magnetic_norm,26.776,43.17750746612765
magnetic_norm,26.799,43.82553709131812
magnetic_norm,26.817,42.69885686365039
magnetic_norm,26.837,44.29264769511697
magnetic_norm,26.857,42.26489431860099
magnetic_norm,26.876,42.84805451505358
magnetic_norm,26.896,43.409621824976874
magnetic_norm,26.916,43.649625898740545
magnetic_norm,26.938,43.118824480874956
magnetic_norm,26.958,43.118824480874956
magnetic_norm,26.977,43.30392409730325
magnetic_norm,26.999,45.14762157813522
magnetic_norm,27.016,43.243152381619964
magnetic_norm,27.038,43.530201830166206
magnetic_norm,27.056,43.515229844705004
magnetic_norm,27.087,43.70150610891466
magnetic_norm,27.097,44.07596203927374
magnetic_norm,27.118,43.20154562078784
magnetic_norm,27.137,43.91707847352794
magnetic_norm,27.157,45.435475203440994
magnetic_norm,27.177,44.11907244973554
magnetic_norm,27.196,44.89820544604206
magnetic_norm,27.217,43.43734294921259
magnetic_norm,27.237,44.1984506511542
magnetic_norm,27.257,44.06589110482734
magnetic_norm,27.28,42.33691987822219
magnetic_norm,27.296,44.48816229304723
magnetic_norm,27.316,43.932007914503565
magnetic_norm,27.337,43.24192733751007
magnetic_norm,27.357,44.00399476070331
magnetic_norm,27.377,43.534649734004994
magnetic_norm,27.397,46.0532280578681
magnetic_norm,27.417,44.37380935515347
magnetic_norm,27.437,44.664550866430986
magnetic_norm,27.457,44.5806478515342
magnetic_norm,27.476,43.40742507005572
magnetic_norm,27.498,43.903476335878004
magnetic_norm,27.518,43.598330681489415
magnetic_norm,27.537,45.163479527296275
magnetic_norm,27.557,43.93980105212136
magnetic_norm,27.576,43.691554882208194
magnetic_norm,27.599,44.537664368767715
magnetic_norm,27.617,43.289093034504674
magnetic_norm,27.637,44.32240408599814
magnetic_norm,27.657,44.285278980717784
magnetic_norm,27.677,44.89098545532278
magnetic_norm,27.697,44.13884474926829
magnetic_norm,27.717,44.0650803669982
magnetic_norm,27.737,45.58420040142748
magnetic_norm,27.756,45.8057425788515
magnetic_norm,27.777,45.132640454276554
magnetic_norm,27.797,44.08563066110664
magnetic_norm,27.817,44.8318577436849
magnetic_norm,27.837,45.40443705217588
magnetic_norm,27.857,44.48500677559802
magnetic_norm,27.877,45.92127068377468
magnetic_norm,27.897,45.320988206210835
magnetic_norm,27.918,47.191339152963316
magnetic_norm,27.937,46.246007683636876
magnetic_norm,27.957,48.06693007229609
magnetic_norm,27.978,45.26123031069196
magnetic_norm,27.997,47.0667764491313
magnetic_norm,28.016,45.05896752749396
magnetic_norm,28.038,48.2079010655412
magnetic_norm,28.057,46.015300245597665
magnetic_norm,28.077,46.07899385791209
magnetic_norm,28.097,45.27013379627356
magnetic_norm,28.117,45.95517924566556
magnetic_norm,28.137,47.302311304998625
magnetic_norm,28.157,46.146298693530134
magnetic_norm,28.176,46.242084842840946
magnetic_norm,28.197,47.31658079270421
magnetic_norm,28.218,45.659875938563495
magnetic_norm,28.237,47.673927097130445
magnetic_norm,28.258,46.90659809997416
magnetic_norm,28.277,47.32359911365586
magnetic_norm,28.297,48.88501690855803
magnetic_norm,28.317,47.42942811016711
magnetic_norm,28.337,46.680232868153084
magnetic_norm,28.357,46.616078653856114
magnetic_norm,28.377,45.62267540571255
magnetic_norm,28.4,46.751545193982636
magnetic_norm,28.417,46.146716793979614
magnetic_norm,28.436,45.58001907469993
magnetic_norm,28.456,45.292118260934764
magnetic_norm,28.477,46.78125405731446
magnetic_norm,28.497,44.38166213919327
magnetic_norm,28.517,46.54494834592688
magnetic_norm,28.537,45.53753102085147
magnetic_norm,28.557,47.0854484013971
magnetic_norm,28.576,47.155359350634804
magnetic_norm,28.596,42.812758470606646
magnetic_norm,28.616,42.939880686402766
magnetic_norm,28.637,44.43961229156933
magnetic_norm,28.657,45.46381864969664
magnetic_norm,28.677,43.54374462063994
magnetic_norm,28.697,43.30297784939276
magnetic_norm,28.716,43.52506686166605
magnetic_norm,28.737,43.57268474968006
magnetic_norm,28.756,43.77075979386816
magnetic_norm,28.777,45.48865086013224
magnetic_norm,28.797,42.60172510415513
magnetic_norm,28.817,43.7388172906802
magnetic_norm,28.837,43.042486729741825
magnetic_norm,28.856,42.108183772575615
magnetic_norm,28.876,45.54701232449287
magnetic_norm,28.896,43.01422462401246
magnetic_norm,28.917,42.45681123580173
magnetic_norm,28.937,41.641597254443184
magnetic_norm,28.956,43.18317163939561
magnetic_norm,28.977,43.352070764122786
magnetic_norm,28.996,40.95574333945731
magnetic_norm,29.016,42.60311429382258
magnetic_norm,29.039,44.15386569571232
magnetic_norm,29.057,44.45661396434732
magnetic_norm,29.077,44.41398536297999
magnetic_norm,29.097,43.37573978678933
magnetic_norm,29.117,43.85695943205593
magnetic_norm,29.136,43.53387920818111
magnetic_norm,29.156,45.9162529303079
magnetic_norm,29.176,45.11639211959177
magnetic_norm,29.197,42.97779582179623
magnetic_norm,29.217,42.53123333042437
magnetic_norm,29.237,42.318870830629464
magnetic_norm,29.259,40.954725864712486
magnetic_norm,29.276,42.51000519107239
magnetic_norm,29.296,43.040276830981234
magnetic_norm,29.316,44.20139330586774
magnetic_norm,29.338,43.713814499823734
magnetic_norm,29.357,43.714649501768946
magnetic_norm,29.377,43.134786388801146
magnetic_norm,29.397,44.54637769364643
magnetic_norm,29.416,43.58796211349539
magnetic_norm,29.436,43.71657868260626
magnetic_norm,29.456,44.62083109224333
magnetic_norm,29.477,43.277902075135344
magnetic_norm,29.497,45.67458069101457
magnetic_norm,29.517,43.40143487720194
magnetic_norm,29.537,43.859656772340344
magnetic_norm,29.556,44.42711112738482
magnetic_norm,29.577,45.05968697877294
magnetic_norm,29.596,44.2030506662154
magnetic_norm,29.617,43.02426438243891
magnetic_norm,29.637,44.989548544434285
magnetic_norm,29.657,42.666802560216546
magnetic_norm,29.677,43.519278257155875
magnetic_norm,29.696,43.24690871134612
magnetic_norm,29.716,43.415146539807985
magnetic_norm,29.736,38.45566973296982
magnetic_norm,29.757,42.467806591728994
magnetic_norm,29.777,42.160550054227244
magnetic_norm,29.797,42.539618323217255
magnetic_norm,29.817,41.60602608096572
magnetic_norm,29.837,41.224754435229876
magnetic_norm,29.856,41.80217675073882
magnetic_norm,29.876,42.61810124148111
magnetic_norm,29.897,42.62489315690428
magnetic_norm,29.917,44.47944249060459
magnetic_norm,29.937,42.76369880868587
magnetic_norm,29.957,41.84000498386692
magnetic_norm,29.977,44.18179993291921
magnetic_norm,29.996,42.24292192930077
magnetic_norm,30.016,41.85138634486916
magnetic_norm,30.037,38.31500945458583
magnetic_norm,30.057,40.27245569430801
magnetic_norm,30.077,40.70143051533938
magnetic_norm,30.097,41.416140174317924
magnetic_norm,30.117,40.32407101378778
magnetic_norm,30.136,38.53275091514685
magnetic_norm,30.156,41.67839374739038
magnetic_norm,30.177,41.0468506138108
magnetic_norm,30.197,40.95922802754588
magnetic_norm,30.217,41.278531425094435
magnetic_norm,30.237,40.86865633788013
magnetic_norm,30.257,40.50862764112727
magnetic_norm,30.276,41.201741657665394
magnetic_norm,30.296,39.813862397317095
magnetic_norm,30.317,39.4303051422697
magnetic_norm,30.337,40.97481533683233
magnetic_norm,30.357,39.54752383210926
magnetic_norm,30.377,38.97731505738311
magnetic_norm,30.397,37.050707187684026
magnetic_norm,30.416,39.56270469416242
magnetic_norm,30.436,39.204389347431494
magnetic_norm,30.456,37.317163938159894
magnetic_norm,30.479,37.77641586641725
magnetic_norm,30.497,37.917813064261104
magnetic_norm,30.517,40.32214857045071
magnetic_norm,30.537,38.71915887629147
magnetic_norm,30.556,37.20790300225222
magnetic_norm,30.577,39.32571916062057
magnetic_norm,30.596,37.54300483012793
magnetic_norm,30.617,38.623734809375954
magnetic_norm,30.637,38.88465527251733
magnetic_norm,30.657,37.29337785334685
magnetic_norm,30.677,36.33827619872749
magnetic_norm,30.696,37.12328910790045
magnetic_norm,30.717,36.141367939834545
magnetic_norm,30.736,37.18525886103928
magnetic_norm,30.757,37.24685803460487
magnetic_norm,30.777,35.62424041506009
magnetic_norm,30.797,34.20103319848321
magnetic_norm,30.817,35.775796323946466
magnetic_norm,30.836,34.454246224449605
magnetic_norm,30.857,35.33201074804547
magnetic_norm,30.876,35.20313905807976
magnetic_norm,30.897,36.18301623776686
magnetic_norm,30.917,35.63366367180059
magnetic_norm,30.937,34.11097796146433
magnetic_norm,30.957,34.151651743656565
magnetic_norm,30.976,35.31616660734148
magnetic_norm,30.997,34.56740867041526
magnetic_norm,31.016,35.49292510504741
magnetic_norm,31.037,35.91709724090327
magnetic_norm,31.057,34.36528952016853
magnetic_norm,31.077,34.00576710151535
magnetic_norm,31.097,35.24661703883807
magnetic_norm,31.116,34.94728945712387
magnetic_norm,31.137,34.38583453627745
magnetic_norm,31.156,34.574275237956975
magnetic_norm,31.177,34.56837155334345
magnetic_norm,31.197,33.72153095056631
magnetic_norm,31.217,33.62183175668757
magnetic_norm,31.237,33.714254136344245
magnetic_norm,31.257,32.72372102351754
magnetic_norm,31.277,32.74439901257924
magnetic_norm,31.296,34.2599516987401
magnetic_norm,31.318,33.57350954163871
magnetic_norm,31.337,31.693718329504996
magnetic_norm,31.357,32.374197625192195
magnetic_norm,31.377,32.916082932587834
magnetic_norm,31.396,33.56693800490305
magnetic_norm,31.417,32.109775153681845
magnetic_norm,31.436,33.46011018511447
magnetic_norm,31.457,31.25273707973439
magnetic_norm,31.477,31.31659821486445
magnetic_norm,31.497,31.50381304647906
magnetic_norm,31.517,31.06261813116377
magnetic_norm,31.536,31.6035467939518
magnetic_norm,31.557,30.54457871803931
magnetic_norm,31.577,32.880112482699936
magnetic_norm,31.597,31.779106150818734
magnetic_norm,31.617,31.060731865894596
magnetic_norm,31.637,31.40739923568973
magnetic_norm,31.657,32.078583728887644
magnetic_norm,31.676,32.887163267945446
magnetic_norm,31.696,30.948602140080638
magnetic_norm,31.716,31.111675796113943
magnetic_norm,31.737,32.21500139688426
magnetic_norm,31.757,32.630846685306864
magnetic_norm,31.777,35.32517454882568
magnetic_norm,31.797,32.637761928784286
magnetic_norm,31.817,32.50427745793627
magnetic_norm,31.837,32.725456399796855
magnetic_norm,31.859,32.8179553261169
magnetic_norm,31.877,31.353285568561233
magnetic_norm,31.897,33.00999762250069
magnetic_norm,31.917,33.35206023433935
magnetic_norm,31.937,32.61596412003064
magnetic_norm,31.957,33.60244959066232
magnetic_norm,31.976,34.19694390018654
magnetic_norm,31.997,34.711125185414396
magnetic_norm,32.017,32.7294739675362
magnetic_norm,32.037,33.87267939273482
magnetic_norm,32.057,34.86102075000818
magnetic_norm,32.077,35.10358054654112
magnetic_norm,32.096,34.35455414679399
magnetic_norm,32.116,34.014370814039765
magnetic_norm,32.136,35.433286207939545
magnetic_norm,32.157,32.49700196421973
magnetic_norm,32.177,32.65456723472998
magnetic_norm,32.196,31.48442918931126
magnetic_norm,32.217,34.192122008603896
magnetic_norm,32.236,36.11657433651482
magnetic_norm,32.256,35.584469292972535
magnetic_norm,32.276,35.185118161056394
magnetic_norm,32.296,34.77185442913925
magnetic_norm,32.317,34.93009479947063
magnetic_norm,32.337,35.53240984544962
magnetic_norm,32.357,35.36477191482368
magnetic_norm,32.377,36.97075183379769
magnetic_norm,32.396,34.78313534873978
magnetic_norm,32.416,36.49604826931621
magnetic_norm,32.436,35.95576411004919
magnetic_norm,32.457,36.79624515524654
magnetic_norm,32.477,35.372306215897915
magnetic_norm,32.497,36.323052468501324
magnetic_norm,32.517,36.43752206040499
magnetic_norm,32.536,35.944165769113354
magnetic_norm,32.556,35.42701238605191
magnetic_norm,32.576,36.515057724862004
magnetic_norm,32.597,36.2528474097208
magnetic_norm,32.617,36.004187336787766
magnetic_norm,32.637,36.82704119887666
magnetic_norm,32.657,37.41237931849435
magnetic_norm,32.676,36.38904529095947
magnetic_norm,32.696,36.23499962434455
magnetic_norm,32.724,36.3898926398355
magnetic_norm,32.737,37.123535173121766
magnetic_norm,32.757,36.666460970654214
magnetic_norm,32.777,36.6146677002538
magnetic_norm,32.797,37.51024547540312
magnetic_norm,32.818,37.163739262132246
magnetic_norm,32.836,35.85745706601696
magnetic_norm,32.856,37.15570699868326
magnetic_norm,32.882,35.791813124521
magnetic_norm,32.897,36.16388480290109
magnetic_norm,32.917,35.555011536684376
magnetic_norm,32.937,36.69571603011044
magnetic_norm,32.956,37.116196885692645
magnetic_norm,32.976,34.90291224869352
magnetic_norm,32.996,34.58032967392741
magnetic_norm,33.016,35.17816816899723
magnetic_norm,33.037,37.058387213119516
magnetic_norm,33.057,35.26881488191799
magnetic_norm,33.077,35.57147794852641
magnetic_norm,33.097,36.011348880318394
magnetic_norm,33.116,36.069399042852226
magnetic_norm,33.136,37.06334378548771
magnetic_norm,33.157,34.821060013840885
magnetic_norm,33.177,36.507138904432225
magnetic_norm,33.199,36.73900665154816
magnetic_norm,33.217,36.02574959265253
magnetic_norm,33.237,35.252887251862084
magnetic_norm,33.256,36.5645884449696
magnetic_norm,33.277,35.85049532869107
magnetic_norm,33.297,35.23794010626189
magnetic_norm,33.317,35.37050500752723
magnetic_norm,33.337,34.525804102149515
magnetic_norm,33.357,35.50952011135535
magnetic_norm,33.376,36.4504774766566
magnetic_norm,33.396,34.448509239352575
magnetic_norm,33.416,33.49838498905582
magnetic_norm,33.437,34.60832545952637
magnetic_norm,33.458,34.405905449501084
magnetic_norm,33.481,36.04994127845427
magnetic_norm,33.497,33.361489829592514
magnetic_norm,33.518,35.49161542709771
magnetic_norm,33.537,34.28309199488868
magnetic_norm,33.557,35.13781732941027
magnetic_norm,33.578,34.88960390467338
magnetic_norm,33.597,36.55060656712838
magnetic_norm,33.617,34.53569942592016
magnetic_norm,33.637,36.31335304505768
magnetic_norm,33.657,34.827942353087714
magnetic_norm,33.683,35.82042183953871
magnetic_norm,33.696,35.437258174307196
magnetic_norm,33.717,35.218720040093764
magnetic_norm,33.737,37.764632150829975
magnetic_norm,33.757,38.86845635151981
magnetic_norm,33.778,36.99074711988798
magnetic_norm,33.798,37.81273090227023
magnetic_norm,33.816,37.55143843816108
magnetic_norm,33.837,38.25454759878241
magnetic_norm,33.857,38.15069135898791
magnetic_norm,33.877,38.65856702837677
magnetic_norm,33.898,39.21274898779744
magnetic_norm,33.918,39.777677569366716
magnetic_norm,33.939,40.302160064024484
magnetic_norm,33.957,38.07951436221975
magnetic_norm,33.977,39.07670073064641
magnetic_norm,33.997,38.81104174072116
magnetic_norm,34.017,39.03675285548224
magnetic_norm,34.037,41.29181687241432
magnetic_norm,34.057,40.16595353639076
magnetic_norm,34.077,39.19990543355941
magnetic_norm,34.096,39.47336694516329
magnetic_norm,34.116,39.91738049553102
magnetic_norm,34.136,39.39055050072288
magnetic_norm,34.157,39.70750234133973
magnetic_norm,34.177,39.34468949219832
magnetic_norm,34.198,39.75752329229657
magnetic_norm,34.217,38.57287475270026
magnetic_norm,34.237,40.581991927239116
magnetic_norm,34.257,38.6251322730745
magnetic_norm,34.276,39.10720542985014
magnetic_norm,34.297,40.46009754591553
magnetic_norm,34.323,38.92422191452592
magnetic_norm,34.337,41.60264918902413
magnetic_norm,34.357,38.39349920559469
magnetic_norm,34.377,39.03613589749248
magnetic_norm,34.397,40.24940145331369
magnetic_norm,34.416,40.354308262098854
magnetic_norm,34.438,37.825721676790266
magnetic_norm,34.457,41.728827452164296
magnetic_norm,34.482,39.19527478520216
magnetic_norm,34.497,40.30872587319035
magnetic_norm,34.516,40.60641430303839
magnetic_norm,34.537,39.85590283791099
magnetic_norm,34.556,41.66963268736609
magnetic_norm,34.577,40.523821119497114
magnetic_norm,34.597,40.65099050130883
magnetic_norm,34.617,39.79773519388384
magnetic_norm,34.637,40.35279236422958
magnetic_norm,34.656,39.00506152635836
magnetic_norm,34.676,39.77805633024959
magnetic_norm,34.698,41.248067317315055
magnetic_norm,34.717,40.227791815795705
magnetic_norm,34.737,40.52910435474119
magnetic_norm,34.757,38.65053624425863
magnetic_norm,34.777,41.252309595660826
magnetic_norm,34.802,42.05101678669762
magnetic_norm,34.817,39.37372771297823
magnetic_norm,34.837,40.69543989450784
magnetic_norm,34.858,40.38348455386811
magnetic_norm,34.878,39.499437298563194
magnetic_norm,34.897,38.31049742888702
magnetic_norm,34.917,39.34446137164671
magnetic_norm,34.937,38.88835884085365
magnetic_norm,34.957,39.018834067521276
magnetic_norm,34.976,41.15242726205528
magnetic_norm,34.997,39.82283035295212
magnetic_norm,35.017,39.5175367056197
magnetic_norm,35.038,38.42940464614954
magnetic_norm,35.057,37.89480131322447
magnetic_norm,35.076,36.35563602132412
magnetic_norm,35.097,39.20806776226041
magnetic_norm,35.116,36.50634832544546
magnetic_norm,35.137,36.780699868443236
magnetic_norm,35.157,36.89338085541238
magnetic_norm,35.177,36.514651391872825
magnetic_norm,35.197,36.6291028171248
magnetic_norm,35.216,35.36393662951355
magnetic_norm,35.237,35.26872516522252
magnetic_norm,35.256,36.63156271395794
magnetic_norm,35.279,36.58565133143047
magnetic_norm,35.297,35.599777486488605
magnetic_norm,35.317,33.365339308273946
magnetic_norm,35.338,33.69725865521198
magnetic_norm,35.357,33.63965825729358
magnetic_norm,35.378,33.34645392000106
magnetic_norm,35.396,33.74370781979213
magnetic_norm,35.417,33.736210806305735
magnetic_norm,35.437,34.54789136059898
magnetic_norm,35.457,31.90539456208779
magnetic_norm,35.478,34.54789136059898
magnetic_norm,35.497,35.80667622553103
magnetic_norm,35.517,32.9739368055666
magnetic_norm,35.537,32.931027097556495
magnetic_norm,35.558,34.45954666463998
magnetic_norm,35.578,33.071067910259586
magnetic_norm,35.599,33.185799834304134
magnetic_norm,35.617,31.460004432433795
magnetic_norm,35.637,32.39547170786381
magnetic_norm,35.656,32.58525064026284
magnetic_norm,35.677,31.504337831678114
magnetic_norm,35.697,31.951540456478774
magnetic_norm,35.717,34.07061284456886
magnetic_norm,35.737,33.905252601477564
magnetic_norm,35.757,32.27289168656109
magnetic_norm,35.778,32.70853529661639
magnetic_norm,35.796,33.21609658979369
magnetic_norm,35.816,34.51209557864466
magnetic_norm,35.837,34.510767440394744
magnetic_norm,35.857,34.578538660562295
magnetic_norm,35.878,35.15659528523775
magnetic_norm,35.897,35.35791162066843
magnetic_norm,35.917,35.076404328622395
magnetic_norm,35.936,35.92387489860331
magnetic_norm,35.957,36.16727252054334
magnetic_norm,35.977,37.34302302847227
magnetic_norm,36.005,36.75674877015956
magnetic_norm,36.017,36.54146792156151
magnetic_norm,36.038,38.7690245637545
magnetic_norm,36.057,37.49650579635733
magnetic_norm,36.076,37.85982558299762
magnetic_norm,36.096,39.0858557242899
magnetic_norm,36.116,38.77905483440778
magnetic_norm,36.137,39.64984465962637
magnetic_norm,36.157,40.23707816134895
magnetic_norm,36.177,41.819415067196964
magnetic_norm,36.197,41.6642158481053
magnetic_norm,36.216,40.691604055689425
magnetic_norm,36.241,41.65653397008987
magnetic_norm,36.256,39.7832527926326
magnetic_norm,36.277,41.04637127317105
magnetic_norm,36.297,41.55041352794229
magnetic_norm,36.318,41.65653397008987
magnetic_norm,36.337,42.21308706861546
magnetic_norm,36.356,41.837406005122986
magnetic_norm,36.377,42.91618413653823
magnetic_norm,36.396,42.021812417630215
magnetic_norm,36.417,42.832003851092516
magnetic_norm,36.437,41.79927201070612
magnetic_norm,36.463,42.021812417630215
magnetic_norm,36.477,42.491359875473506
magnetic_norm,36.496,41.66838985730072
magnetic_norm,36.516,42.20666934402973
magnetic_norm,36.536,43.153212382640284
magnetic_norm,36.559,41.8932306903515
magnetic_norm,36.577,42.91956940645492
magnetic_norm,36.598,42.37958354635519
magnetic_norm,36.617,42.43721540616799
magnetic_norm,36.637,43.47497560955901
magnetic_norm,36.657,43.002784702708496
magnetic_norm,36.691,42.6091781538908
magnetic_norm,36.697,42.056028477116094
magnetic_norm,36.717,41.977632157644386
magnetic_norm,36.737,42.77894360003534
magnetic_norm,36.757,42.91407469585305
magnetic_norm,36.777,43.61278405087211
magnetic_norm,36.797,43.55900659938196
magnetic_norm,36.816,41.50063662992123
magnetic_norm,36.837,44.39720278812061
magnetic_norm,36.857,42.49083035270669
magnetic_norm,36.877,43.386011961725735
magnetic_norm,36.897,44.03898075157395
magnetic_norm,36.917,41.58573085461531
magnetic_norm,36.937,43.342498033093925
magnetic_norm,36.957,43.28583217982532
magnetic_norm,36.978,42.96061075988688
magnetic_norm,36.997,42.198122658626765
magnetic_norm,37.017,42.37594993404278
magnetic_norm,37.037,43.913925273197805
magnetic_norm,37.057,42.854334317546005
magnetic_norm,37.077,42.084005087149606
magnetic_norm,37.097,42.29860370035872
magnetic_norm,37.117,43.152430574056424
magnetic_norm,37.137,42.29480104353844
magnetic_norm,37.163,42.600555111700196
magnetic_norm,37.177,42.127944441308905
magnetic_norm,37.197,43.95602294481384
magnetic_norm,37.217,44.06276146858598
magnetic_norm,37.237,42.089707714149085
magnetic_norm,37.258,43.93359069065207
magnetic_norm,37.278,43.016431271956996
magnetic_norm,37.298,42.528194168398564
magnetic_norm,37.317,43.110795429204956
magnetic_norm,37.337,42.09366648111091
magnetic_norm,37.357,44.20407636420542
magnetic_norm,37.376,43.443847108221206
magnetic_norm,37.397,42.870007305698394
magnetic_norm,37.417,42.56311949245203
magnetic_norm,37.437,42.88428744194224
magnetic_norm,37.458,42.51665546841619
magnetic_norm,37.477,42.271154757825116
magnetic_norm,37.497,44.45776842619859
magnetic_norm,37.518,42.68734719937513
magnetic_norm,37.537,43.66196276151016
magnetic_norm,37.558,41.69764549063297
magnetic_norm,37.577,42.25081088073932
magnetic_norm,37.598,42.07869301974576
magnetic_norm,37.617,41.01728013471888
magnetic_norm,37.636,42.35863103577605
magnetic_norm,37.657,40.079031830465915
magnetic_norm,37.685,40.595053385541945
magnetic_norm,37.697,42.110471434890755
magnetic_norm,37.717,39.09601912158077
magnetic_norm,37.737,41.32127791572702
magnetic_norm,37.758,40.074465909479066
magnetic_norm,37.776,41.14633585964856
magnetic_norm,37.796,41.53345377809927
magnetic_norm,37.818,39.67999738319044
magnetic_norm,37.841,39.56172983193491
magnetic_norm,37.858,38.8376051543636
magnetic_norm,37.877,38.659449181377376
magnetic_norm,37.897,37.88406300636193
magnetic_norm,37.917,38.49864500766553
magnetic_norm,37.937,37.5697039680911
magnetic_norm,37.957,37.770717900743016
magnetic_norm,37.977,37.26066122601691
magnetic_norm,37.997,37.643066156830265
magnetic_norm,38.017,37.04409745492526
magnetic_norm,38.037,36.19331918429493
magnetic_norm,38.058,35.92605879650597
magnetic_norm,38.076,37.70192570778057
magnetic_norm,38.097,35.47677410098755
magnetic_norm,38.117,35.55467263806546
magnetic_norm,38.137,33.26645983475705
magnetic_norm,38.157,34.50898671541951
magnetic_norm,38.177,35.74908833313102
magnetic_norm,38.196,36.04160393853893
magnetic_norm,38.216,34.32526914042336
magnetic_norm,38.236,31.82309263471264
magnetic_norm,38.257,34.168094777877286
magnetic_norm,38.277,32.91968986450215
magnetic_norm,38.297,32.98102256033012
magnetic_norm,38.317,33.67660458760658
magnetic_norm,38.336,31.389232627805747
magnetic_norm,38.362,32.3134387543326
magnetic_norm,38.376,31.784989121635718
magnetic_norm,38.397,33.78218367442374
magnetic_norm,38.417,33.228328395926
magnetic_norm,38.437,32.76221895243827
magnetic_norm,38.457,32.90721844329908
magnetic_norm,38.484,33.138481452459494
magnetic_norm,38.496,35.27808182976377
magnetic_norm,38.516,33.0720949092661
magnetic_norm,38.537,33.466691951289434
magnetic_norm,38.559,32.58588711486155
magnetic_norm,38.577,34.26886300364379
magnetic_norm,38.597,34.50044920685818
magnetic_norm,38.616,37.025003466070075
magnetic_norm,38.638,34.6188492984675
magnetic_norm,38.656,37.12285244293608
magnetic_norm,38.677,36.05953747363523
magnetic_norm,38.698,35.61632953699047
magnetic_norm,38.717,37.06837567539885
magnetic_norm,38.737,37.31950062668312
magnetic_norm,38.757,36.78099382068824
magnetic_norm,38.777,37.01581721254451
magnetic_norm,38.803,38.709705683620236
magnetic_norm,38.817,39.47792975860062
magnetic_norm,38.837,38.07159431699053
magnetic_norm,38.858,38.896634678818955
magnetic_norm,38.877,40.136005281417894
magnetic_norm,38.897,40.03037795256253
magnetic_norm,38.917,37.71318643011355
magnetic_norm,38.936,40.67376839161823
magnetic_norm,38.958,40.739090832086596
magnetic_norm,38.977,38.94218396177211
magnetic_norm,38.997,39.85156928215006
magnetic_norm,39.017,41.45172759683853
magnetic_norm,39.037,39.63289274737591
magnetic_norm,39.057,40.23567216864295
magnetic_norm,39.077,39.99248449896557
magnetic_norm,39.098,41.01432995064044
magnetic_norm,39.125,39.82763938993874
magnetic_norm,39.137,41.749547956983925
magnetic_norm,39.158,39.85610577549569
magnetic_norm,39.177,41.341758003258704
magnetic_norm,39.197,41.33046980588292
magnetic_norm,39.218,41.3706296670718
magnetic_norm,39.237,41.337266321081295
magnetic_norm,39.257,41.314648362294086
magnetic_norm,39.283,43.083952674690906
magnetic_norm,39.298,42.33273815515011
magnetic_norm,39.317,42.27142401256445
magnetic_norm,39.337,41.08919081172687
magnetic_norm,39.356,40.27703008943189
magnetic_norm,39.377,41.58796286442154
magnetic_norm,39.398,41.98156853563837
magnetic_norm,39.417,41.61966632404687
magnetic_norm,39.441,43.1180296097236
magnetic_norm,39.457,42.98210081824761
magnetic_norm,39.477,42.62421490171403
magnetic_norm,39.5,42.46588597848279
magnetic_norm,39.517,44.05001152809157
magnetic_norm,39.537,42.48679029592615
magnetic_norm,39.558,41.892103316884196
magnetic_norm,39.577,42.93611267715095
magnetic_norm,39.598,42.57048658548549
magnetic_norm,39.616,43.365712998635324
magnetic_norm,39.636,43.72172352037943
magnetic_norm,39.657,43.65210817787045
magnetic_norm,39.677,43.00138275081977
magnetic_norm,39.697,43.70599460448766
magnetic_norm,39.717,43.90669423435063
magnetic_norm,39.737,43.836942746885875
magnetic_norm,39.76,43.53423148971398
magnetic_norm,39.776,44.689908151897114
magnetic_norm,39.796,44.61666817849581
magnetic_norm,39.817,45.2579248930505
magnetic_norm,39.837,43.823052215372385
magnetic_norm,39.857,44.69307053147334
magnetic_norm,39.877,44.37647318986999
magnetic_norm,39.896,43.843085347777475
magnetic_norm,39.925,44.42152008171264
magnetic_norm,39.936,43.162832795415646
magnetic_norm,39.957,42.473071161178126
magnetic_norm,39.977,44.05878975315255
magnetic_norm,39.997,45.149306992189814
magnetic_norm,40.017,42.78065102379813
magnetic_norm,40.037,43.66480499569991
magnetic_norm,40.056,43.49812497303763
magnetic_norm,40.076,44.044580132662176
magnetic_norm,40.097,44.1903798621658
magnetic_norm,40.117,45.57567519866002
magnetic_norm,40.137,44.395894300543155
magnetic_norm,40.158,43.23654866689755
magnetic_norm,40.176,43.55028695346054
magnetic_norm,40.196,43.87737974315467
magnetic_norm,40.216,44.76538080978426
magnetic_norm,40.243,44.224000571663574
magnetic_norm,40.257,45.0706478880657
magnetic_norm,40.277,43.82604435166097
magnetic_norm,40.297,42.75554963802956
magnetic_norm,40.317,43.26497799193361
magnetic_norm,40.336,42.115177682903166
magnetic_norm,40.356,42.9909697989008
magnetic_norm,40.377,41.22661747008847
magnetic_norm,40.398,43.580812596399575
magnetic_norm,40.416,42.809735023707034
magnetic_norm,40.437,42.61383233440768
magnetic_norm,40.458,43.205614869481956
magnetic_norm,40.476,44.49070390963712
magnetic_norm,40.496,43.868949972959236
magnetic_norm,40.517,41.30315187214833
magnetic_norm,40.538,42.705514366633714
magnetic_norm,40.559,42.57666636709019
magnetic_norm,40.576,42.28375570921129
magnetic_norm,40.596,41.16561316129191
magnetic_norm,40.616,41.168348172488656
magnetic_norm,40.636,43.0110562474349
magnetic_norm,40.657,41.487568732995186
magnetic_norm,40.677,40.49924045917405
magnetic_norm,40.697,41.25457222714835
magnetic_norm,40.723,41.010815082746774
magnetic_norm,40.737,39.467313435044
magnetic_norm,40.757,37.296792976910346
magnetic_norm,40.776,40.30638188075804
magnetic_norm,40.797,40.06724084663804
magnetic_norm,40.817,39.22542124979348
magnetic_norm,40.836,40.0744351371607
magnetic_norm,40.857,39.87796642006712
magnetic_norm,40.876,40.88461043796003
magnetic_norm,40.896,38.628925780398156
magnetic_norm,40.916,38.960345361020664
magnetic_norm,40.938,39.41527163137411
magnetic_norm,40.957,38.49585806293008
magnetic_norm,40.977,39.32288718233956
magnetic_norm,40.997,38.53479000293112
magnetic_norm,41.017,39.14932201280758
magnetic_norm,41.041,37.478708017853286
magnetic_norm,41.056,39.3638977861378
magnetic_norm,41.077,38.204576217663494
magnetic_norm,41.097,36.474610752309616
magnetic_norm,41.123,36.77418057061231
magnetic_norm,41.137,37.65239511256223
magnetic_norm,41.158,33.06197855581248
magnetic_norm,41.177,36.26867525367104
magnetic_norm,41.197,37.0179375538738
magnetic_norm,41.217,37.94460081488872
magnetic_norm,41.237,38.13549695339638
magnetic_norm,41.257,37.90672002463752
magnetic_norm,41.278,36.02523245825424
magnetic_norm,41.297,36.494427029102674
magnetic_norm,41.317,36.387919987030045
magnetic_norm,41.337,35.93620323849092
magnetic_norm,41.364,35.28853907503127
magnetic_norm,41.377,36.1953858081387
magnetic_norm,41.397,33.54582512183893
magnetic_norm,41.417,35.687006502542474
magnetic_norm,41.437,36.58317496831718
magnetic_norm,41.456,35.95599365163269
magnetic_norm,41.477,37.767743257292395
magnetic_norm,41.497,33.837600121130066
magnetic_norm,41.517,35.28482021583433
magnetic_norm,41.537,36.41099195883379
magnetic_norm,41.558,35.857084725162764
magnetic_norm,41.582,35.229199314985856
magnetic_norm,41.597,35.036554102287354
magnetic_norm,41.617,34.744761857904564
magnetic_norm,41.637,36.806388499484704
magnetic_norm,41.657,38.30883801937877
magnetic_norm,41.677,35.761878489880814
magnetic_norm,41.697,35.949058900947044
magnetic_norm,41.717,36.12969995118288
magnetic_norm,41.736,36.22672546511772
magnetic_norm,41.756,37.30416050020426
magnetic_norm,41.776,37.06997537377796
magnetic_norm,41.797,37.25177062769983
magnetic_norm,41.817,37.14032354655112
magnetic_norm,41.839,36.03288055055965
magnetic_norm,41.857,36.76360558718364
magnetic_norm,41.876,37.269383069149406
magnetic_norm,41.897,36.93274776135341
magnetic_norm,41.916,37.4579485568484
magnetic_norm,41.937,37.931491271343404
magnetic_norm,41.957,38.07128043453497
magnetic_norm,41.977,38.27235387391281
magnetic_norm,41.998,36.230439226967704
magnetic_norm,42.016,36.867034921457964
magnetic_norm,42.037,37.156752786169314
magnetic_norm,42.056,37.77352123180999
magnetic_norm,42.077,35.58382024389738
magnetic_norm,42.098,37.778691275861796
magnetic_norm,42.117,36.6561467308009
magnetic_norm,42.137,37.717903210710176
magnetic_norm,42.162,37.73566926349327
magnetic_norm,42.177,37.81637015318234
magnetic_norm,42.196,35.62517450430951
magnetic_norm,42.217,36.048347806765044
magnetic_norm,42.237,37.13930645566098
magnetic_norm,42.257,37.80371174534326
magnetic_norm,42.282,36.27514169303828
magnetic_norm,42.298,37.169808938673654
magnetic_norm,42.317,36.69852224255773
magnetic_norm,42.336,33.736462230426625
magnetic_norm,42.357,36.60768994777605
magnetic_norm,42.377,36.35503640315878
magnetic_norm,42.397,34.83484863215295
magnetic_norm,42.417,36.3250677891691
magnetic_norm,42.436,35.15874991581043
magnetic_norm,42.456,37.379763147624516
magnetic_norm,42.476,37.38295797385488
magnetic_norm,42.497,36.143262635656015
magnetic_norm,42.517,35.52427097527837
magnetic_norm,42.538,33.65781681589731
magnetic_norm,42.558,35.36333286452944
magnetic_norm,42.577,34.9905612170983
magnetic_norm,42.597,34.535856047302495
magnetic_norm,42.617,35.93232547291161
magnetic_norm,42.637,33.992366390044175
magnetic_norm,42.657,35.10763638886133
magnetic_norm,42.677,34.347098335412554
magnetic_norm,42.697,34.4175556901925
magnetic_norm,42.717,34.44703692318834
magnetic_norm,42.737,33.04969269902521
magnetic_norm,42.757,35.64026047874096
magnetic_norm,42.777,33.519950332854016
magnetic_norm,42.797,32.89024215245308
magnetic_norm,42.818,31.986950464212747
magnetic_norm,42.837,32.960437996369286
magnetic_norm,42.857,33.63918486722375
magnetic_norm,42.877,32.869308106670786
magnetic_norm,42.897,30.8734403219013
magnetic_norm,42.917,31.376758608701984
magnetic_norm,42.937,29.101240238390254
magnetic_norm,42.958,29.66396469468471
magnetic_norm,42.977,28.164212266056804
magnetic_norm,42.997,28.522405895716464
magnetic_norm,43.017,28.616714206561177
magnetic_norm,43.037,29.16898737027909
magnetic_norm,43.058,30.63186153758051
magnetic_norm,43.078,30.148007982825398
magnetic_norm,43.097,31.497021953095093
magnetic_norm,43.118,31.105777277902956
magnetic_norm,43.137,31.419262334195626
magnetic_norm,43.157,32.31372171926354
magnetic_norm,43.177,32.21139420395373
magnetic_norm,43.197,31.66309341133617
magnetic_norm,43.219,32.50335916659244
magnetic_norm,43.237,32.08973626776948
magnetic_norm,43.257,33.770920610804346
magnetic_norm,43.277,35.741833148689366
magnetic_norm,43.297,35.908056417599376
magnetic_norm,43.316,35.662645947756154
magnetic_norm,43.337,36.048083129533396
magnetic_norm,43.357,35.01441186581261
magnetic_norm,43.377,34.98131476677942
magnetic_norm,43.397,35.37348384560107
magnetic_norm,43.419,35.41231744128729
magnetic_norm,43.438,37.20945885757747
magnetic_norm,43.457,36.44788284900784
magnetic_norm,43.476,38.073111205613344
magnetic_norm,43.497,38.529657821702756
magnetic_norm,43.517,39.257421193578274
magnetic_norm,43.537,38.84099048872209
magnetic_norm,43.558,37.09544756033077
magnetic_norm,43.576,37.3917218641874
magnetic_norm,43.596,40.48090989806194
magnetic_norm,43.616,41.170974068753836
magnetic_norm,43.637,37.99172004239872
magnetic_norm,43.657,39.537818147408046
magnetic_norm,43.677,39.724284180209075
magnetic_norm,43.698,40.80765530470355
magnetic_norm,43.716,40.0382956997736
magnetic_norm,43.737,40.32175502342079
magnetic_norm,43.756,39.90698429073856
magnetic_norm,43.777,41.28301449658207
magnetic_norm,43.797,41.22609961010743
magnetic_norm,43.817,41.36854934503392
magnetic_norm,43.837,40.52482187777029
magnetic_norm,43.859,41.23029530954758
magnetic_norm,43.876,39.126854797728235
magnetic_norm,43.896,41.40496930955274
magnetic_norm,43.917,40.84335111389006
magnetic_norm,43.937,39.870194165723596
magnetic_norm,43.957,41.15893641574087
magnetic_norm,43.977,41.35000802977552
magnetic_norm,43.997,43.37324068838412
magnetic_norm,44.017,40.32152079302689
magnetic_norm,44.036,43.529440825147304
magnetic_norm,44.057,42.164459521616195
magnetic_norm,44.077,40.335469094985136
magnetic_norm,44.097,42.76033650957979
magnetic_norm,44.117,41.40676986179321
magnetic_norm,44.137,43.09016391895603
magnetic_norm,44.156,39.81045434556107
magnetic_norm,44.176,41.96153651708907
magnetic_norm,44.197,44.29479334442152
magnetic_norm,44.217,42.8962537201678
magnetic_norm,44.238,43.305507137227956
magnetic_norm,44.257,41.58246982653869
magnetic_norm,44.277,42.75780796591426
magnetic_norm,44.297,42.535178601952644
magnetic_norm,44.317,42.83842851546962
magnetic_norm,44.337,42.815602616920046
magnetic_norm,44.357,42.60132452826438
magnetic_norm,44.377,42.488085938148686
magnetic_norm,44.398,43.46920283042356
magnetic_norm,44.416,43.05680941703659
magnetic_norm,44.437,42.95433965808929
magnetic_norm,44.456,40.293868250640834
magnetic_norm,44.477,44.446637486288004
magnetic_norm,44.497,41.41886883188023
magnetic_norm,44.517,39.195174556633894
magnetic_norm,44.537,40.719798528326486
magnetic_norm,44.557,40.06508805447088
magnetic_norm,44.579,41.90974952770542
magnetic_norm,44.596,41.562936697254734
magnetic_norm,44.617,40.660077206179885
magnetic_norm,44.637,41.604682906044374
magnetic_norm,44.657,40.0424257290003
magnetic_norm,44.677,38.927756644681
magnetic_norm,44.697,42.23127542976898
pressure,0.065,999.7966
pressure,0.226,999.79486
pressure,0.386,999.7966
pressure,0.545,999.8006
pressure,0.706,999.8046
pressure,0.866,999.8149
pressure,1.026,999.82654
pressure,1.196,999.8255
pressure,1.346,999.8174
pressure,1.506,999.8055
pressure,1.666,999.79065
pressure,1.827,999.7953
pressure,1.991,999.8017
pressure,2.146,999.79254
pressure,2.307,999.7838
pressure,2.466,999.8036
pressure,2.626,999.83124
pressure,2.786,999.8374
pressure,2.946,999.82886
pressure,3.106,999.8308
pressure,3.266,999.83124
pressure,3.431,999.8251
pressure,3.593,999.8291
pressure,3.745,999.84564
pressure,3.905,999.85095
pressure,4.065,999.83545
pressure,4.229,999.83716
pressure,4.385,999.841
pressure,4.545,999.83167
pressure,4.705,999.81976
pressure,4.865,999.8287
pressure,5.025,999.83124
pressure,5.185,999.8195
pressure,5.345,999.8132
pressure,5.505,999.8149
pressure,5.665,999.8083
pressure,5.825,999.8
pressure,5.985,999.79956
pressure,6.146,999.80084
pressure,6.306,999.79486
pressure,6.471,999.7968
pressure,6.631,999.8076
pressure,6.788,999.81445
pressure,6.95,999.81506
pressure,7.106,999.814
pressure,7.27,999.81866
pressure,7.426,999.8212
pressure,7.598,999.8125
pressure,7.746,999.8046
pressure,7.906,999.804
pressure,8.066,999.8034
pressure,8.226,999.79767
pressure,8.386,999.79846
pressure,8.546,999.8095
pressure,8.706,999.81445
pressure,8.866,999.8095
pressure,9.026,999.81464
pressure,9.194,999.81525
pressure,9.354,999.8087
pressure,9.506,999.8017
pressure,9.666,999.80975
pressure,9.835,999.8291
pressure,9.986,999.8346
pressure,10.15,999.8376
pressure,10.306,999.8497
pressure,10.466,999.8287
pressure,10.629,999.81445
pressure,10.786,999.81976
pressure,10.946,999.82294
pressure,11.106,999.80994
pressure,11.271,999.8227
pressure,11.426,999.8327
pressure,11.586,999.82294
pressure,11.746,999.8136
pressure,11.906,999.8255
pressure,12.072,999.8189
pressure,12.233,999.81165
pressure,12.386,999.8287
pressure,12.546,999.84564
pressure,12.711,999.83356
pressure,12.866,999.8242
pressure,13.026,999.84033
pressure,13.188,999.8393
pressure,13.352,999.82465
pressure,13.506,999.8357
pressure,13.666,999.83527
pressure,13.826,999.8189
pressure,13.986,999.8165
pressure,14.155,999.8321
pressure,14.306,999.8397
pressure,14.466,999.82886
pressure,14.626,999.8267
pressure,14.791,999.82294
pressure,14.946,999.81506
pressure,15.106,999.8085
pressure,15.265,999.82355
pressure,15.426,999.83167
pressure,15.585,999.82715
pressure,15.745,999.8376
pressure,15.905,999.85223
pressure,16.065,999.83545
pressure,16.225,999.8274
pressure,16.385,999.8344
pressure,16.545,999.8278
pressure,16.705,999.8057
pressure,16.865,999.8161
pressure,17.025,999.82526
pressure,17.185,999.82336
pressure,17.345,999.8206
pressure,17.505,999.82336
pressure,17.666,999.8255
pressure,17.826,999.82465
pressure,17.986,999.8212
pressure,18.146,999.81805
pressure,18.307,999.8125
pressure,18.466,999.81934
pressure,18.626,999.841
pressure,18.786,999.84546
pressure,18.946,999.83417
pressure,19.106,999.8357
pressure,19.266,999.84247
pressure,19.426,999.8287
pressure,19.59,999.8244
pressure,19.746,999.837
pressure,19.906,999.83527
pressure,20.073,999.8214
pressure,20.227,999.8259
pressure,20.386,999.8357
pressure,20.546,999.8204
pressure,20.706,999.8057
pressure,20.866,999.8321
pressure,21.026,999.83185
pressure,21.186,999.8227
pressure,21.347,999.83417
pressure,21.513,999.8505
pressure,21.67,999.83374
pressure,21.826,999.834
pressure,21.986,999.84717
pressure,22.146,999.83905
pressure,22.306,999.81635
pressure,22.466,999.83374
pressure,22.633,999.8501
pressure,22.788,999.8427
pressure,22.946,999.8448
pressure,23.106,999.86523
pressure,23.266,999.84503
pressure,23.426,999.82715
pressure,23.586,999.83356
pressure,23.746,999.84076
pressure,23.906,999.8276
pressure,24.066,999.83887
pressure,24.226,999.8489
pressure,24.386,999.8363
pressure,24.546,999.8274
pressure,24.706,999.841
pressure,24.871,999.8333
pressure,25.027,999.81696
pressure,25.19,999.82715
pressure,25.346,999.84357
pressure,25.506,999.8314
pressure,25.671,999.8278
pressure,25.825,999.84015
pressure,25.985,999.8361
pressure,26.146,999.8214
pressure,26.306,999.82355
pressure,26.466,999.8321
pressure,26.626,999.8261
pressure,26.786,999.8178
pressure,26.946,999.81525
pressure,27.106,999.81464
pressure,27.266,999.8155
pressure,27.426,999.8155
pressure,27.586,999.8112
pressure,27.746,999.80786
pressure,27.913,999.8121
pressure,28.066,999.81976
pressure,28.226,999.8267
pressure,28.386,999.8225
pressure,28.545,999.8185
pressure,28.705,999.8287
pressure,28.865,999.8212
pressure,29.025,999.8085
pressure,29.185,999.8155
pressure,29.346,999.8242
pressure,29.505,999.81506
pressure,29.665,999.8138
pressure,29.825,999.8284
pressure,29.987,999.8284
pressure,30.146,999.8165
pressure,30.306,999.8251
pressure,30.466,999.82294
pressure,30.625,999.8087
pressure,30.786,999.80743
pressure,30.945,999.82166
pressure,31.106,999.8251
pressure,31.266,999.8095
pressure,31.427,999.8112
pressure,31.586,999.81635
pressure,31.746,999.8108
pressure,31.905,999.8017
pressure,32.066,999.8112
pressure,32.225,999.80786
pressure,32.385,999.80255
pressure,32.546,999.8142
pressure,32.706,999.8293
pressure,32.866,999.8204
pressure,33.026,999.8168
pressure,33.186,999.8208
pressure,33.346,999.8042
pressure,33.505,999.7855
pressure,33.666,999.8172
pressure,33.826,999.8221
pressure,33.986,999.80743
pressure,34.146,999.80804
pressure,34.306,999.81824
pressure,34.466,999.8038
pressure,34.626,999.79767
pressure,34.787,999.80804
pressure,34.946,999.8087
pressure,35.106,999.7989
pressure,35.266,999.80994
pressure,35.426,999.81696
pressure,35.591,999.81165
pressure,35.746,999.8112
pressure,35.906,999.81464
pressure,36.066,999.80316
pressure,36.226,999.7974
pressure,36.386,999.8023
pressure,36.549,999.80914
pressure,36.706,999.8055
pressure,36.866,999.8038
pressure,37.026,999.8004
pressure,37.186,999.79846
pressure,37.346,999.8042
pressure,37.506,999.80615
pressure,37.666,999.79803
pressure,37.826,999.8055
pressure,37.987,999.82184
pressure,38.146,999.8206
pressure,38.305,999.8013
pressure,38.475,999.81464
pressure,38.625,999.8259
pressure,38.786,999.8142
pressure,38.946,999.8002
pressure,39.106,999.8055
pressure,39.266,999.79846
pressure,39.427,999.78784
pressure,39.586,999.80084
pressure,39.75,999.8121
pressure,39.906,999.7966
pressure,40.069,999.79974
pressure,40.233,999.8212
pressure,40.386,999.82355
pressure,40.552,999.8142
pressure,40.705,999.82715
pressure,40.865,999.8136
pressure,41.026,999.7968
pressure,41.186,999.8034
pressure,41.346,999.8208
pressure,41.506,999.81506
pressure,41.666,999.81146
pressure,41.826,999.8259
pressure,41.986,999.8251
pressure,42.152,999.8106
pressure,42.307,999.8076
pressure,42.466,999.8251
pressure,42.626,999.82184
pressure,42.786,999.8212
pressure,42.946,999.835
pressure,43.108,999.8333
pressure,43.267,999.82355
pressure,43.426,999.83716
pressure,43.586,999.83673
pressure,43.747,999.81274
pressure,43.906,999.79596
pressure,44.066,999.803
pressure,44.231,999.80505
pressure,44.386,999.79913
pressure,44.545,999.79956
pressure,44.708,999.8066
device_yaw,0.002,76.59143274593136
device_yaw,0.052,76.47982034316554
device_yaw,0.102,76.408526649288
device_yaw,0.152,76.35915810985118
device_yaw,0.202,76.35028515799104
device_yaw,0.252,76.36937311388948
device_yaw,0.302,76.38328558850694
device_yaw,0.352,76.49632462151841
device_yaw,0.402,76.62399343542226
device_yaw,0.452,76.82913574455792
device_yaw,0.502,77.06764567141248
device_yaw,0.552,77.37553082923036
device_yaw,0.602,77.74615264908977
device_yaw,0.652,78.09141334110623
device_yaw,0.702,78.4670911053384
device_yaw,0.752,78.88712957324985
device_yaw,0.802,79.27754771870201
device_yaw,0.852,79.63221511444638
device_yaw,0.902,79.98148679576865
device_yaw,0.952,80.28516169716188
device_yaw,1.002,80.54988144386762
device_yaw,1.052,80.7652647676589
device_yaw,1.102,80.88233092637088
device_yaw,1.152,80.95188648953693
device_yaw,1.202,81.04775932865742
device_yaw,1.252,81.20693395645031
device_yaw,1.302,81.51155773999857
device_yaw,1.352,82.3673913978967
device_yaw,1.402,83.84473576285617
device_yaw,1.452,85.84923713374656
device_yaw,1.502,88.23814976811357
device_yaw,1.552,90.86065058057363
device_yaw,1.602,93.91759105424829
device_yaw,1.652,97.26330810545727
device_yaw,1.702,100.73121459651283
device_yaw,1.752,104.35816164447566
device_yaw,1.802,108.02619268475397
device_yaw,1.852,111.5580959898196
device_yaw,1.902,114.55667180512637
device_yaw,1.952,117.08451101291634
device_yaw,2.002,119.23655072537882
device_yaw,2.052,121.30456773362512
device_yaw,2.102,123.29031435470156
device_yaw,2.152,125.00000497841324
device_yaw,2.202,126.61395144431096
device_yaw,2.252,128.1528725340988
device_yaw,2.302,129.6327994309739
device_yaw,2.352,131.1013443418771
device_yaw,2.402,132.51193502416174
device_yaw,2.452,133.9134511667295
device_yaw,2.502,135.20893676327105
device_yaw,2.552,136.45886928669117
device_yaw,2.602,137.45612814590024
device_yaw,2.652,138.43085962834812
device_yaw,2.702,139.39007079897968
device_yaw,2.752,140.38425876799133
device_yaw,2.802,141.52645289286883
device_yaw,2.852,142.82388982110663
device_yaw,2.902,144.16486632467974
device_yaw,2.952,145.65606846013932
device_yaw,3.002,147.39755680962577
device_yaw,3.052,149.30200906406543
device_yaw,3.102,151.24313796617105
device_yaw,3.152,153.25882906668951
device_yaw,3.202,155.19871788571047
device_yaw,3.252,157.06850363409754
device_yaw,3.302,158.77597797004947
device_yaw,3.352,160.22968739929775
device_yaw,3.402,161.41565465265543
device_yaw,3.452,162.392917651027
device_yaw,3.502,163.243203469729
device_yaw,3.552,163.83207290868756
device_yaw,3.602,164.31040397598213
device_yaw,3.652,165.00921044704936
device_yaw,3.702,165.62544689423802
device_yaw,3.752,166.34597573100191
device_yaw,3.802,167.31912689789917
device_yaw,3.852,168.58340728677268
device_yaw,3.902,170.10036347936781
device_yaw,3.952,171.88341272093388
device_yaw,4.002,173.91025371456763
device_yaw,4.052,176.07634973738084
device_yaw,4.102,178.41518030919408
device_yaw,4.152,180.71047472405144
device_yaw,4.202,182.62118147088097
device_yaw,4.252,184.45860417494737
device_yaw,4.302,186.06086321600526
device_yaw,4.352,187.27166746533183
device_yaw,4.402,188.10797096213574
device_yaw,4.452,188.672088397022
device_yaw,4.502,188.78504421405498
device_yaw,4.552,188.47959736577485
device_yaw,4.602,187.77986888631264
device_yaw,4.652,186.7715013407718
device_yaw,4.702,185.45796821519937
device_yaw,4.752,183.73731311847718
device_yaw,4.802,181.6752119565242
device_yaw,4.852,179.40350812709227
device_yaw,4.902,176.82219125577762
device_yaw,4.952,174.22985874319969
device_yaw,5.002,171.654806605418
device_yaw,5.052,169.2435236098313
device_yaw,5.102,167.10149472124797
device_yaw,5.152,165.1753654988892
device_yaw,5.202,163.45323832213123
device_yaw,5.252,162.0155406463284
device_yaw,5.302,161.00857801780796
device_yaw,5.352,160.42085251368965
device_yaw,5.402,160.10783091501733
device_yaw,5.452,160.21185102852266
device_yaw,5.502,160.41972346822152
device_yaw,5.552,161.01585115154376
device_yaw,5.602,161.70006657822267
device_yaw,5.652,162.39854369965863
device_yaw,5.702,163.2425472403974
device_yaw,5.752,164.04281309229293
device_yaw,5.802,164.8523309714083
device_yaw,5.852,165.59902886522187
device_yaw,5.902,166.16329867712622
device_yaw,5.952,166.64993062957052
device_yaw,6.002,167.0417393607462
device_yaw,6.052,167.4075438809329
device_yaw,6.102,167.45846309040152
device_yaw,6.152,167.5122937653902
device_yaw,6.202,167.6570639967495
device_yaw,6.252,167.78443527086978
device_yaw,6.302,168.0141866783866
device_yaw,6.352,168.2852425415039
device_yaw,6.402,168.8397141016014
device_yaw,6.452,169.78679740358663
device_yaw,6.502,170.96268940015153
device_yaw,6.552,172.3929205585305
device_yaw,6.602,174.03806618262846
device_yaw,6.652,175.85079099805313
device_yaw,6.702,177.73523703544285
device_yaw,6.752,179.55330482367143
device_yaw,6.802,181.3233334521973
device_yaw,6.852,183.03070041304352
device_yaw,6.902,184.66330639574082
device_yaw,6.952,186.11192291402148
device_yaw,7.002,187.37647345409502
device_yaw,7.052,188.5298453189699
device_yaw,7.102,189.5746300929848
device_yaw,7.152,190.41561986202498
device_yaw,7.202,191.03326350321683
device_yaw,7.252,191.47958041866977
device_yaw,7.302,191.88334914687474
device_yaw,7.352,192.32337330492348
device_yaw,7.402,192.79804287732242
device_yaw,7.452,193.20108119352426
device_yaw,7.502,193.39455915151683
device_yaw,7.552,193.43932670067542
device_yaw,7.602,193.53307727529946
device_yaw,7.652,193.59045956930942
device_yaw,7.702,193.73054756246572
device_yaw,7.752,193.96081785195463
device_yaw,7.802,194.23166710525413
device_yaw,7.852,194.41167610748815
device_yaw,7.902,194.41205480043283
device_yaw,7.952,194.25754531615848
device_yaw,8.002,194.03990518420935
device_yaw,8.052,193.8285194251757
device_yaw,8.102,193.5399859644989
device_yaw,8.152,193.02827233558847
device_yaw,8.202,192.37445755604432
device_yaw,8.252,191.54461323820988
device_yaw,8.302,190.62064460098273
device_yaw,8.352,189.5810099544948
device_yaw,8.402,188.50325208889123
device_yaw,8.452,187.3973285218147
device_yaw,8.502,186.30586103946368
device_yaw,8.552,185.2999231361394
device_yaw,8.602,184.44922421851732
device_yaw,8.652,183.73005614774618
device_yaw,8.702,183.0081728636276
device_yaw,8.752,182.3887415813995
device_yaw,8.802,181.7971031284975
device_yaw,8.852,181.2283919466498
device_yaw,8.902,180.70060941636655
device_yaw,8.952,180.19988677255193
device_yaw,9.002,179.688958473116
device_yaw,9.052,179.14548427328998
device_yaw,9.102,178.54773725848682
device_yaw,9.152,177.81601884933366
device_yaw,9.202,177.05481262939864
device_yaw,9.252,176.35176237596787
device_yaw,9.302,175.55858445856026
device_yaw,9.352,174.73932505140766
device_yaw,9.402,173.7810029967018
device_yaw,9.452,172.57682375251173
device_yaw,9.502,171.1544803326449
device_yaw,9.552,169.63568398874747
device_yaw,9.602,167.99806397135697
device_yaw,9.652,166.3210896825406
device_yaw,9.702,164.70728987424184
device_yaw,9.752,163.26537533098858
device_yaw,9.802,162.05689468814464
device_yaw,9.852,161.11690286751252
device_yaw,9.902,160.45379299881563
device_yaw,9.952,160.1730622674659
device_yaw,10.002,160.28019012459325
device_yaw,10.052,160.7343992217699
device_yaw,10.102,161.57315496230677
device_yaw,10.152,162.749958859599
device_yaw,10.202,164.16245442870022
device_yaw,10.252,165.62927523283085
device_yaw,10.302,166.91323908525163
device_yaw,10.352,167.911083769647
device_yaw,10.402,168.69230725960563
device_yaw,10.452,169.18937267568296
device_yaw,10.502,169.3707208248179
device_yaw,10.552,169.4402223145868
device_yaw,10.602,169.39243515147584
device_yaw,10.652,169.08328691348356
device_yaw,10.702,168.54710177007001
device_yaw,10.752,167.81149229482358
device_yaw,10.802,166.99588095873466
device_yaw,10.852,166.23770256511048
device_yaw,10.902,165.68198617507474
device_yaw,10.952,165.24749042958626
device_yaw,11.002,165.084296501861
device_yaw,11.052,165.10490391130395
device_yaw,11.102,165.26779647824972
device_yaw,11.152,165.6158140892635
device_yaw,11.202,166.1370518580886
device_yaw,11.252,166.86261941126511
device_yaw,11.302,167.71346181435476
device_yaw,11.352,168.62057410161688
device_yaw,11.402,169.50996886712903
device_yaw,11.452,170.39979499462146
device_yaw,11.502,171.2830654204952
device_yaw,11.552,172.042689385551
device_yaw,11.602,172.72322133373072
device_yaw,11.652,173.26955052671647
device_yaw,11.702,173.58112470711995
device_yaw,11.752,173.66314799989118
device_yaw,11.802,173.47375990398822
device_yaw,11.852,173.13308816660955
device_yaw,11.902,172.81018727770996
device_yaw,11.952,172.63873337986195
device_yaw,12.002,172.5544521722766
device_yaw,12.052,172.6677687612477
device_yaw,12.102,172.88219541208872
device_yaw,12.152,173.2676032547264
device_yaw,12.202,173.79636109155834
device_yaw,12.252,174.44507295247638
device_yaw,12.302,175.33507341673555
device_yaw,12.352,176.4546560377128
device_yaw,12.402,177.65869996679646
device_yaw,12.452,178.79976201636902
device_yaw,12.502,179.66669606351354
device_yaw,12.552,180.28974339166723
device_yaw,12.602,180.64375750927056
device_yaw,12.652,180.7755532146902
device_yaw,12.702,180.70218403516196
device_yaw,12.752,180.44577284399213
device_yaw,12.802,180.1379191697011
device_yaw,12.852,179.66184619745488
device_yaw,12.902,178.9861704016316
device_yaw,12.952,178.14213759405882
device_yaw,13.002,177.34311845460633
device_yaw,13.052,176.8155062286467
device_yaw,13.102,176.5048679338371
device_yaw,13.152,176.4128348777904
device_yaw,13.202,176.4048921750821
device_yaw,13.252,176.46731642229972
device_yaw,13.302,176.61180286847951
device_yaw,13.352,176.79247722352787
device_yaw,13.402,177.09696075279763
device_yaw,13.452,177.58222161329516
device_yaw,13.502,178.28903854753298
device_yaw,13.552,178.98559571472603
device_yaw,13.602,179.4697772133225
device_yaw,13.652,179.64758728701815
device_yaw,13.702,179.5742532683326
device_yaw,13.752,179.45154219417617
device_yaw,13.802,179.13025490701287
device_yaw,13.852,178.6383311025738
device_yaw,13.902,177.9880419568971
device_yaw,13.952,177.16380735633442
device_yaw,14.002,176.17715068532115
device_yaw,14.052,174.98939351680093
device_yaw,14.102,173.71568525218066
device_yaw,14.152,172.51776168028562
device_yaw,14.202,171.45675327554343
device_yaw,14.252,170.45742502752987
device_yaw,14.302,169.67212619170945
device_yaw,14.352,169.0960036901796
device_yaw,14.402,168.79807749900215
device_yaw,14.452,168.76587232025474
device_yaw,14.502,168.96695167459896
device_yaw,14.552,169.4076985145699
device_yaw,14.602,170.12020916423944
device_yaw,14.652,170.97317384059306
device_yaw,14.702,171.8659420179619
device_yaw,14.752,172.75797531574074
device_yaw,14.802,173.63563494999173
device_yaw,14.852,174.3692658342092
device_yaw,14.902,175.00753660048204
device_yaw,14.952,175.38130094441098
device_yaw,15.002,175.4098274334169
device_yaw,15.052,175.15437985630294
device_yaw,15.102,174.61648933490997
device_yaw,15.152,173.8636908634326
device_yaw,15.202,172.94056097801192
device_yaw,15.252,171.9444233096518
device_yaw,15.302,171.0701741803978
device_yaw,15.352,170.36553291744812
device_yaw,15.402,169.84115929352512
device_yaw,15.452,169.48886682319161
device_yaw,15.502,169.43747878022882
device_yaw,15.552,169.7762136997799
device_yaw,15.602,170.39934676556874
device_yaw,15.652,171.28793708133782
device_yaw,15.702,172.37470662703433
device_yaw,15.752,173.60158816982548
device_yaw,15.802,174.79491643756754
device_yaw,15.852,175.7333194586033
device_yaw,15.902,176.3183810174773
device_yaw,15.952,176.5661369169517
device_yaw,16.002,176.50990964945387
device_yaw,16.052,176.09326720260034
device_yaw,16.102,175.37469796446695
device_yaw,16.152,174.5034967526807
device_yaw,16.202,173.42352753349536
device_yaw,16.252,172.10067863444326
device_yaw,16.302,170.66522650011783
device_yaw,16.352,169.27375388680215
device_yaw,16.402,168.0568679258775
device_yaw,16.452,167.09196686583434
device_yaw,16.502,166.38920330131532
device_yaw,16.552,165.94837154075373
device_yaw,16.602,165.74096334240647
device_yaw,16.652,165.6370361316701
device_yaw,16.702,165.5528190886714
device_yaw,16.752,165.56721026090412
device_yaw,16.802,165.75180687974407
device_yaw,16.852,166.01408878894995
device_yaw,16.902,166.29540368588926
device_yaw,16.952,166.53861487169942
device_yaw,17.002,166.6844404592747
device_yaw,17.052,166.67917555835902
device_yaw,17.102,166.59322084886324
device_yaw,17.152,166.36005950504017
device_yaw,17.202,166.122231330882
device_yaw,17.252,165.8323440649098
device_yaw,17.302,165.53490050173886
device_yaw,17.352,165.23804720971097
device_yaw,17.402,164.97220562118386
device_yaw,17.452,164.74646386322863
device_yaw,17.502,164.56422568860418
device_yaw,17.552,164.43639612907364
device_yaw,17.602,164.336153401058
device_yaw,17.652,164.2152828024059
device_yaw,17.702,164.19507112319525
device_yaw,17.752,164.169165666442
device_yaw,17.802,164.18272768673
device_yaw,17.852,164.19800006501225
device_yaw,17.902,164.19706451167738
device_yaw,17.952,164.21682681517277
device_yaw,18.002,164.17721526361453
device_yaw,18.052,164.10764955810083
device_yaw,18.102,164.06675831425875
device_yaw,18.152,164.1273138201295
device_yaw,18.202,164.33461581153816
device_yaw,18.252,164.53877008140216
device_yaw,18.302,164.79767779880342
device_yaw,18.352,165.11482070063755
device_yaw,18.402,165.59612922361507
device_yaw,18.452,166.27374990594515
device_yaw,18.502,167.05850886499536
device_yaw,18.552,167.95122431639894
device_yaw,18.602,168.93535976866036
device_yaw,18.652,169.86834551745213
device_yaw,18.702,170.6310046158785
device_yaw,18.752,171.18501859651585
device_yaw,18.802,171.66690381563282
device_yaw,18.852,171.97965100056504
device_yaw,18.902,172.1049246418071
device_yaw,18.952,172.06625825507155
device_yaw,19.002,171.84635740899668
device_yaw,19.052,171.4510648462528
device_yaw,19.102,170.8754562301496
device_yaw,19.152,170.179861729783
device_yaw,19.202,169.53362985942064
device_yaw,19.252,169.02856609319008
device_yaw,19.302,168.74611421992122
device_yaw,19.352,168.68161689573265
device_yaw,19.402,168.86432533692914
device_yaw,19.452,169.3000914339973
device_yaw,19.502,169.84132711796866
device_yaw,19.552,170.4617895602194
device_yaw,19.602,171.19955878839326
device_yaw,19.652,172.05864997937715
device_yaw,19.702,172.94146043265494
device_yaw,19.752,173.75273432179364
device_yaw,19.802,174.40793318910386
device_yaw,19.852,174.88511073668633
device_yaw,19.902,175.19930184233664
device_yaw,19.952,175.24384592872877
device_yaw,20.002,174.98663459209584
device_yaw,20.052,174.49707599773058
device_yaw,20.102,173.77489756946343
device_yaw,20.152,172.83122870633653
device_yaw,20.202,171.64394925356953
device_yaw,20.252,170.29301841052916
device_yaw,20.302,168.99677809590685
device_yaw,20.352,167.93307110982192
device_yaw,20.402,167.03876339228566
device_yaw,20.452,166.18732880409837
device_yaw,20.502,165.42068917405788
device_yaw,20.552,164.85268749639692
device_yaw,20.602,164.4753795352632
device_yaw,20.652,164.33431198038792
device_yaw,20.702,164.47689251293107
device_yaw,20.752,164.9656986754955
device_yaw,20.802,165.69768220476902
device_yaw,20.852,166.41350722506314
device_yaw,20.902,166.91485499666805
device_yaw,20.952,167.25214027178362
device_yaw,21.002,167.54482897323877
device_yaw,21.052,167.859586468302
device_yaw,21.102,168.16613799308087
device_yaw,21.152,168.39604196012706
device_yaw,21.202,168.50902482418448
device_yaw,21.252,168.3912382550069
device_yaw,21.302,168.0738284970049
device_yaw,21.352,167.59156934199413
device_yaw,21.402,167.1296309898138
device_yaw,21.452,166.92616484191205
device_yaw,21.502,166.97575952001037
device_yaw,21.552,167.2233953338912
device_yaw,21.602,167.62888638843245
device_yaw,21.652,168.1967049112664
device_yaw,21.702,168.90102225533886
device_yaw,21.752,169.7169110643946
device_yaw,21.802,170.72053978427527
device_yaw,21.852,171.90872563333008
device_yaw,21.902,173.2350138189883
device_yaw,21.952,174.5516446492959
device_yaw,22.002,175.66181451921963
device_yaw,22.052,176.5989696145987
device_yaw,22.102,177.39368598725162
device_yaw,22.152,178.02032004393342
device_yaw,22.202,178.4489345446386
device_yaw,22.252,178.70799031817205
device_yaw,22.302,178.8422838800592
device_yaw,22.352,178.75075868767448
device_yaw,22.402,178.42159577985296
device_yaw,22.452,177.96472433155407
device_yaw,22.502,177.4624409651562
device_yaw,22.552,177.1635831946871
device_yaw,22.602,176.99443916804697
device_yaw,22.652,176.93109463648705
device_yaw,22.702,177.03233723989985
device_yaw,22.752,177.2907464095417
device_yaw,22.802,177.59770279011096
device_yaw,22.852,178.00910432045603
device_yaw,22.902,178.69431241919824
device_yaw,22.952,179.62002991744512
device_yaw,23.002,180.71038386226172
device_yaw,23.052,181.7543944200796
device_yaw,23.102,182.4931281375236
device_yaw,23.152,182.9821221946284
device_yaw,23.202,183.3467886955127
device_yaw,23.252,183.51293393378995
device_yaw,23.302,183.48819230073065
device_yaw,23.352,183.4906054603057
device_yaw,23.402,183.48457916341692
device_yaw,23.452,183.34245927494078
device_yaw,23.502,183.0190226615856
device_yaw,23.552,182.50627968679726
device_yaw,23.602,181.9762391757899
device_yaw,23.652,181.56970954845613
device_yaw,23.702,181.34171547142634
device_yaw,23.752,181.2843280294388
device_yaw,23.802,181.42311526250685
device_yaw,23.852,181.7459539969923
device_yaw,23.902,182.09362194427737
device_yaw,23.952,182.45754294940411
device_yaw,24.002,182.90629476972885
device_yaw,24.052,183.4967180119969
device_yaw,24.102,184.17487088191092
device_yaw,24.152,184.89619475348616
device_yaw,24.202,185.4832544413245
device_yaw,24.252,185.8117951950944
device_yaw,24.302,185.8706581007991
device_yaw,24.352,185.77749365756745
device_yaw,24.402,185.5047301943407
device_yaw,24.452,185.10337868504973
device_yaw,24.502,184.54158900427868
device_yaw,24.552,183.69324967569707
device_yaw,24.602,182.62011007067719
device_yaw,24.652,181.35190196485314
device_yaw,24.702,180.0174929591514
device_yaw,24.752,178.87349495441651
device_yaw,24.802,178.0038976332568
device_yaw,24.852,177.362795439474
device_yaw,24.902,176.79344239735585
device_yaw,24.952,176.47786223313605
device_yaw,25.002,176.2460164793366
device_yaw,25.052,176.04482918113948
device_yaw,25.102,175.9762953311971
device_yaw,25.152,176.0860715664867
device_yaw,25.202,176.39974545884027
device_yaw,25.252,176.7512809794715
device_yaw,25.302,176.88820674791512
device_yaw,25.352,176.71674890826122
device_yaw,25.402,176.26545206296376
device_yaw,25.452,175.75601365056258
device_yaw,25.502,175.02508717751587
device_yaw,25.552,174.2308980833546
device_yaw,25.602,173.47243657154297
device_yaw,25.652,172.6497471979902
device_yaw,25.702,171.73347199446826
device_yaw,25.752,170.76783532184845
device_yaw,25.802,169.796660799391
device_yaw,25.852,169.00152746726445
device_yaw,25.902,168.42581554030613
device_yaw,25.952,168.05879836180054
device_yaw,26.002,167.76975642617552
device_yaw,26.052,167.61448638579327
device_yaw,26.102,167.47948278732008
device_yaw,26.152,167.38957881130025
device_yaw,26.202,167.4518354931797
device_yaw,26.252,167.63215988575655
device_yaw,26.302,167.87714481859254
device_yaw,26.352,168.1847773478282
device_yaw,26.402,168.3972933791359
device_yaw,26.452,168.53300133733475
device_yaw,26.502,168.53766632151957
device_yaw,26.552,168.4321944524766
device_yaw,26.602,168.09818695061233
device_yaw,26.652,167.75608999333133
device_yaw,26.702,167.33928943114577
device_yaw,26.752,166.82890785792185
device_yaw,26.802,166.2096163230049
device_yaw,26.852,165.54902967868875
device_yaw,26.902,164.85656545306054
device_yaw,26.952,164.1718607376114
device_yaw,27.002,163.50873926328882
device_yaw,27.052,162.8868945298229
device_yaw,27.102,162.31868661178927
device_yaw,27.152,161.86713469643877
device_yaw,27.202,161.45966669905076
device_yaw,27.252,161.11266241071684
device_yaw,27.302,160.83109952086608
device_yaw,27.352,160.63818779957649
device_yaw,27.402,160.52661829513562
device_yaw,27.452,160.53528875538234
device_yaw,27.502,160.70949972992864
device_yaw,27.552,160.98433835072709
device_yaw,27.602,161.3825635143055
device_yaw,27.652,161.9510994888374
device_yaw,27.702,162.60926922186448
device_yaw,27.752,163.35227888396818
device_yaw,27.802,164.25747304576782
device_yaw,27.852,165.2559667321783
device_yaw,27.902,166.34980246443916
device_yaw,27.952,167.4747140126132
device_yaw,28.002,168.58624716861962
device_yaw,28.052,169.61883696582478
device_yaw,28.102,170.58742404983707
device_yaw,28.152,171.41860907588668
device_yaw,28.202,172.06647350323664
device_yaw,28.252,172.64330223643324
device_yaw,28.302,173.10009384193552
device_yaw,28.352,173.28422722910494
device_yaw,28.402,173.2804373766462
device_yaw,28.452,173.18632974752515
device_yaw,28.502,172.9724445392092
device_yaw,28.552,172.6049304304192
device_yaw,28.602,172.13826577790525
device_yaw,28.652,171.60354866338992
device_yaw,28.702,171.15528239495907
device_yaw,28.752,170.8028025788495
device_yaw,28.802,170.50879825641962
device_yaw,28.852,170.348158409432
device_yaw,28.902,170.36086974251305
device_yaw,28.952,170.51895136528302
device_yaw,29.002,170.66163827865157
device_yaw,29.052,170.93322275641083
device_yaw,29.102,171.32771305417901
device_yaw,29.152,171.7844970640119
device_yaw,29.202,172.2880082748909
device_yaw,29.252,172.70584327265033
device_yaw,29.302,172.97883497625398
device_yaw,29.352,173.08852844282063
device_yaw,29.402,172.98062825868857
device_yaw,29.452,172.7220150028622
device_yaw,29.502,172.37761436862414
device_yaw,29.552,172.01658727088676
device_yaw,29.602,171.49370967581606
device_yaw,29.652,170.79661088757337
device_yaw,29.702,169.9926252040671
device_yaw,29.752,169.00761105539826
device_yaw,29.802,167.9921098548743
device_yaw,29.852,167.10087345125748
device_yaw,29.902,166.30347507832593
device_yaw,29.952,165.67178129988864
device_yaw,30.002,165.16904145594054
device_yaw,30.052,164.81519175440283
device_yaw,30.102,164.5987352331216
device_yaw,30.152,164.55033711685869
device_yaw,30.202,164.67404194811763
device_yaw,30.252,164.9292612751741
device_yaw,30.302,165.29800649616132
device_yaw,30.352,165.6697331559949
device_yaw,30.402,165.94196762341232
device_yaw,30.452,166.10445251659087
device_yaw,30.502,166.10404108781756
device_yaw,30.552,165.9579500733065
device_yaw,30.602,165.62298690910706
device_yaw,30.652,165.03986634218109
device_yaw,30.702,164.1834136774937
device_yaw,30.752,163.12526951064777
device_yaw,30.802,161.8528043759287
device_yaw,30.852,160.52855485022394
device_yaw,30.902,159.16330611918627
device_yaw,30.952,157.8593949786353
device_yaw,31.002,156.69283081400124
device_yaw,31.052,155.71225323697672
device_yaw,31.102,154.81604855010605
device_yaw,31.152,154.09212687953524
device_yaw,31.202,153.50790777875596
device_yaw,31.252,153.24231154690895
device_yaw,31.302,153.23596593111358
device_yaw,31.352,153.50431310439637
device_yaw,31.402,153.95307595163194
device_yaw,31.452,154.5813023753729
device_yaw,31.502,155.25756353694686
device_yaw,31.552,155.88893153715097
device_yaw,31.602,156.41519903654813
device_yaw,31.652,156.89370510152705
device_yaw,31.702,157.26445705570293
device_yaw,31.752,157.58894256778407
device_yaw,31.802,157.79241684775593
device_yaw,31.852,157.87620740839716
device_yaw,31.902,157.73952615726895
device_yaw,31.952,157.50903423051687
device_yaw,32.002,157.16145548361794
device_yaw,32.052,156.7628385908694
device_yaw,32.102,156.54694521435732
device_yaw,32.152,156.47155208936312
device_yaw,32.202,156.43648662573474
device_yaw,32.252,156.44815960041862
device_yaw,32.302,156.5925285883188
device_yaw,32.352,156.90264532946136
device_yaw,32.402,157.41306671983688
device_yaw,32.452,158.20027173570568
device_yaw,32.502,159.08890163683392
device_yaw,32.552,160.06192764402473
device_yaw,32.602,161.07189386120302
device_yaw,32.652,161.89760702615098
device_yaw,32.702,162.63590731884773
device_yaw,32.752,163.33961726322988
device_yaw,32.802,163.9211984309551
device_yaw,32.852,164.47313172407786
device_yaw,32.902,165.01368661415862
device_yaw,32.952,165.37030523692098
device_yaw,33.002,165.48378401010808
device_yaw,33.052,165.3774960362762
device_yaw,33.102,165.1033010890903
device_yaw,33.152,164.80195605952215
device_yaw,33.202,164.55384820418905
device_yaw,33.252,164.32880350536882
device_yaw,33.302,164.04776036413747
device_yaw,33.352,163.93137460637524
device_yaw,33.402,163.7263092903548
device_yaw,33.452,163.41249533584914
device_yaw,33.502,163.16487369302084
device_yaw,33.552,163.10761411488008
device_yaw,33.602,163.2751787416587
device_yaw,33.652,163.64161785108564
device_yaw,33.702,164.06338814129683
device_yaw,33.752,164.47097340730087
device_yaw,33.802,164.81785455425842
device_yaw,33.852,165.17910962343822
device_yaw,33.902,165.4587377738717
device_yaw,33.952,165.70717092484915
device_yaw,34.002,165.98705374032485
device_yaw,34.052,166.21847543722012
device_yaw,34.102,166.30586097634094
device_yaw,34.152,166.27988338903916
device_yaw,34.202,166.1726516306815
device_yaw,34.252,166.0834813863022
device_yaw,34.302,166.070742707654
device_yaw,34.352,166.16688152720155
device_yaw,34.402,166.4151201756265
device_yaw,34.452,166.88136142976168
device_yaw,34.502,167.436799559365
device_yaw,34.552,167.96107364798112
device_yaw,34.602,168.54670750617458
device_yaw,34.652,169.25139081982286
device_yaw,34.702,169.96518394540723
device_yaw,34.752,170.5951422357537
device_yaw,34.802,171.05826164579554
device_yaw,34.852,171.35907427195602
device_yaw,34.902,171.44272603095789
device_yaw,34.952,171.38234909942727
device_yaw,35.002,171.0604323006873
device_yaw,35.052,170.69984510591846
device_yaw,35.102,170.31456961334405
device_yaw,35.152,169.83777617736263
device_yaw,35.202,169.29252451107106
device_yaw,35.252,168.78433410914351
device_yaw,35.302,168.46648904011425
device_yaw,35.352,168.41306410103223
device_yaw,35.402,168.58790219368464
device_yaw,35.452,168.96456901463534
device_yaw,35.502,169.59291945970116
device_yaw,35.552,170.35785941486708
device_yaw,35.602,171.19501232721848
device_yaw,35.652,172.1076429730614
device_yaw,35.702,173.05725988483226
device_yaw,35.752,174.03355548080964
device_yaw,35.802,174.98415557299757
device_yaw,35.852,175.7745152527324
device_yaw,35.902,176.29387477611843
device_yaw,35.952,176.51434221548018
device_yaw,36.002,176.56607013224323
device_yaw,36.052,176.2643893108007
device_yaw,36.102,175.77798988936527
device_yaw,36.152,175.14506576347276
device_yaw,36.202,174.31940384957443
device_yaw,36.252,173.39998039405202
device_yaw,36.302,172.3872681096784
device_yaw,36.352,171.3481084727502
device_yaw,36.402,170.3173145447246
device_yaw,36.452,169.3806391542764
device_yaw,36.502,168.59580858633447
device_yaw,36.552,167.87344386651466
device_yaw,36.602,167.3342992834063
device_yaw,36.652,166.88401915079504
device_yaw,36.702,166.50064420973104
device_yaw,36.752,166.2109551776104
device_yaw,36.802,165.9759263778532
device_yaw,36.852,165.79534567355157
device_yaw,36.902,165.73596423478173
device_yaw,36.952,165.78742251326923
device_yaw,37.002,165.88933264057167
device_yaw,37.052,165.9780083539574
device_yaw,37.102,166.11866415148427
device_yaw,37.152,166.24018429118152
device_yaw,37.202,166.33089850509103
device_yaw,37.252,166.5207589110474
device_yaw,37.302,166.86212541238
device_yaw,37.352,167.3252773680961
device_yaw,37.402,167.84679099388066
device_yaw,37.452,168.25183800010123
device_yaw,37.502,168.47912239410073
device_yaw,37.552,168.53431151141706
device_yaw,37.602,168.49777957587418
device_yaw,37.652,168.34392999572097
device_yaw,37.702,168.0655565786653
device_yaw,37.752,167.706088349158
device_yaw,37.802,167.1376915394694
device_yaw,37.852,166.3071287076209
device_yaw,37.902,165.25363138971832
device_yaw,37.952,164.07861651415044
device_yaw,38.002,162.9514004493373
device_yaw,38.052,162.01688877881205
device_yaw,38.102,161.29296934003935
device_yaw,38.152,160.82946363422172
device_yaw,38.202,160.54324325873588
device_yaw,38.252,160.49169584060553
device_yaw,38.302,160.70127667659963
device_yaw,38.352,161.17209968796544
device_yaw,38.402,161.86331155456872
device_yaw,38.452,162.7735615840287
device_yaw,38.502,163.79432679139262
device_yaw,38.552,164.7717058563395
device_yaw,38.602,165.5911893681682
device_yaw,38.652,166.2472092332105
device_yaw,38.702,166.63662427380217
device_yaw,38.752,166.8322767133468
device_yaw,38.802,166.9007450961892
device_yaw,38.852,166.89213342879765
device_yaw,38.902,166.7236961963001
device_yaw,38.952,166.2902667304593
device_yaw,39.002,165.62441700432112
device_yaw,39.052,164.8478559862435
device_yaw,39.102,164.04869583454558
device_yaw,39.152,163.37824759762415
device_yaw,39.202,162.8300070508211
device_yaw,39.252,162.40526975124732
device_yaw,39.302,162.1718661073543
device_yaw,39.352,162.02728764427928
device_yaw,39.402,161.88245733585097
device_yaw,39.452,161.8512190730839
device_yaw,39.502,162.02053786385324
device_yaw,39.552,162.39214155102522
device_yaw,39.602,162.88544360481706
device_yaw,39.652,163.39798505811976
device_yaw,39.702,163.85339366367768
device_yaw,39.752,164.2092003561456
device_yaw,39.802,164.37676806826042
device_yaw,39.852,164.2846058361173
device_yaw,39.902,164.02818072251569
device_yaw,39.952,163.71262200256888
device_yaw,40.002,163.20548946022856
device_yaw,40.052,162.48451111660341
device_yaw,40.102,161.57888253303463
device_yaw,40.152,160.5319946974652
device_yaw,40.202,159.40849052275217
device_yaw,40.252,158.22009617347635
device_yaw,40.302,157.17683021630296
device_yaw,40.352,156.3018323214241
device_yaw,40.402,155.71362278753165
device_yaw,40.452,155.35310100318245
device_yaw,40.502,155.1891714425837
device_yaw,40.552,155.19321647650307
device_yaw,40.602,155.38644726924406
device_yaw,40.652,155.6533213604306
device_yaw,40.702,155.9693875809921
device_yaw,40.752,156.42304625443504
device_yaw,40.802,156.8910198757223
device_yaw,40.852,157.30060433154674
device_yaw,40.902,157.7979212811883
device_yaw,40.952,158.28383585889176
device_yaw,41.002,158.6184288038938
device_yaw,41.052,158.72835402330094
device_yaw,41.102,158.70101829227926
device_yaw,41.152,158.48272901357072
device_yaw,41.202,158.21614543673152
device_yaw,41.252,157.96301001203528
device_yaw,41.302,157.73997331275459
device_yaw,41.352,157.64795411037565
device_yaw,41.402,157.6204162695363
device_yaw,41.452,157.55697283830494
device_yaw,41.502,157.60739659641675
device_yaw,41.552,157.82867858703074
device_yaw,41.602,158.21061634828695
device_yaw,41.652,158.80408509902023
device_yaw,41.702,159.69369130848682
device_yaw,41.752,160.77913924144306
device_yaw,41.802,161.9748873970392
device_yaw,41.852,163.24157244139798
device_yaw,41.902,164.51665680962782
device_yaw,41.952,165.6871652174562
device_yaw,42.002,166.63943755653187
device_yaw,42.052,167.2836500177369
device_yaw,42.102,167.71221023220238
device_yaw,42.152,167.83660257176618
device_yaw,42.202,167.46843247238905
device_yaw,42.252,166.67829978110876
device_yaw,42.302,165.6312894430078
device_yaw,42.352,164.38967508800826
device_yaw,42.402,163.04916732471114
device_yaw,42.452,161.69909531858835
device_yaw,42.502,160.46366131681054
device_yaw,42.552,159.46960576405652
device_yaw,42.602,158.82972583251885
device_yaw,42.652,158.52752386316152
device_yaw,42.702,158.52927102536748
device_yaw,42.752,158.9189647242253
device_yaw,42.802,159.55958074246243
device_yaw,42.852,160.25733740203788
device_yaw,42.902,161.10539374882896
device_yaw,42.952,161.97919523441294
device_yaw,43.002,162.69662802447263
device_yaw,43.052,163.18053748195385
device_yaw,43.102,163.49292896019443
device_yaw,43.152,163.48197293613288
device_yaw,43.202,163.42739335808656
device_yaw,43.252,163.3309544121197
device_yaw,43.302,163.3253349240441
device_yaw,43.352,163.46088520724385
device_yaw,43.402,163.80052717090553
device_yaw,43.452,164.1830851890071
device_yaw,43.502,164.70744913485746
device_yaw,43.552,165.54256666499896
device_yaw,43.602,166.75789883401555
device_yaw,43.652,168.22762147678839
device_yaw,43.702,169.97885349100298
device_yaw,43.752,171.77579050839336
device_yaw,43.802,173.75492272794838
device_yaw,43.852,175.8954834089566
device_yaw,43.902,178.10958367642644
device_yaw,43.952,180.41582462486292
device_yaw,44.002,182.89283461384792
device_yaw,44.052,185.41621017646173
device_yaw,44.102,187.90075813757477
device_yaw,44.152,190.26690445909017
device_yaw,44.202,192.72306826279203
device_yaw,44.252,195.20131230795994
device_yaw,44.302,197.65893978700214
device_yaw,44.352,199.9987177450317
device_yaw,44.402,202.21697520132713
device_yaw,44.452,203.35374709460166
device_yaw,44.502,204.50403433513443
device_yaw,44.552,205.61832318628706
device_yaw,44.602,206.68257368793147
device_yaw,44.652,207.7867429012033
gyro_norm,0.003,0.22168337860875717
gyro_norm,0.035,0.43144067132691366
gyro_norm,0.036,0.29677205317611555
gyro_norm,0.057,0.15696861903058495
gyro_norm,0.079,0.1629533338688058
gyro_norm,0.1,0.1336668966116787
gyro_norm,0.122,0.11665318393192223
gyro_norm,0.144,0.1655981653353044
gyro_norm,0.166,0.1282490578606065
gyro_norm,0.188,0.08757258265961639
gyro_norm,0.21,0.11415675458040563
gyro_norm,0.236,0.18251118408540873
gyro_norm,0.254,0.2293169830518667
gyro_norm,0.276,0.21966821495909336
gyro_norm,0.297,0.1596667394130521
gyro_norm,0.32,0.18214926739463708
gyro_norm,0.341,0.2293594446034087
gyro_norm,0.363,0.21941793806130275
gyro_norm,0.385,0.18719442195322225
gyro_norm,0.407,0.19107091508882365
gyro_norm,0.429,0.2088990637529508
gyro_norm,0.451,0.24124905535578264
gyro_norm,0.473,0.2553433981326761
gyro_norm,0.497,0.23047991085516714
gyro_norm,0.517,0.2342762440973831
gyro_norm,0.538,0.30078850015481695
gyro_norm,0.56,0.3329279467591982
gyro_norm,0.581,0.31199544973765836
gyro_norm,0.604,0.26730144611774714
gyro_norm,0.625,0.2935376029934307
gyro_norm,0.647,0.3096465659251606
gyro_norm,0.672,0.29074906011571094
gyro_norm,0.691,0.24422486075207794
gyro_norm,0.713,0.16013470731295915
gyro_norm,0.735,0.18176774934558063
gyro_norm,0.757,0.28092383386687586
gyro_norm,0.778,0.3186191858383645
gyro_norm,0.801,0.25480426148830343
gyro_norm,0.822,0.2942351677003864
gyro_norm,0.845,0.36576971538215053
gyro_norm,0.867,0.38352439948373257
gyro_norm,0.888,0.2870704655309477
gyro_norm,0.91,0.20417241360070346
gyro_norm,0.932,0.2523700019073455
gyro_norm,0.954,0.2524946076193952
gyro_norm,0.976,0.2913540906147553
gyro_norm,0.998,0.3172018675325941
gyro_norm,1.02,0.23359593205009324
gyro_norm,1.047,0.2063137489702024
gyro_norm,1.063,0.11448510729537384
gyro_norm,1.086,0.18092848122553257
gyro_norm,1.107,0.40394543894474005
gyro_norm,1.129,0.2654443830842563
gyro_norm,1.155,0.10107239985331114
gyro_norm,1.172,0.1809636025358034
gyro_norm,1.196,0.2797207050643547
gyro_norm,1.217,0.36880767764956984
gyro_norm,1.238,0.3803400968334072
gyro_norm,1.26,0.28730741340759886
gyro_norm,1.282,0.18080803933430437
gyro_norm,1.304,0.3810649204415703
gyro_norm,1.326,0.4792798574867761
gyro_norm,1.349,0.4555124799275599
gyro_norm,1.369,0.3789849008983941
gyro_norm,1.392,0.2681926017656408
gyro_norm,1.414,0.19762756082909236
gyro_norm,1.435,0.22309097344196926
gyro_norm,1.458,0.33611477893846275
gyro_norm,1.479,0.5278653387978575
gyro_norm,1.501,0.7585556635271927
gyro_norm,1.522,1.0441016789934343
gyro_norm,1.544,1.5689378598307004
gyro_norm,1.57,2.110847275194307
gyro_norm,1.588,2.452193375708517
gyro_norm,1.61,2.574076383862334
gyro_norm,1.632,2.6022970240269196
gyro_norm,1.654,2.5647968379428416
gyro_norm,1.678,2.155433226218701
gyro_norm,1.697,2.0572525729603877
gyro_norm,1.719,1.9972397222545824
gyro_norm,1.741,1.770213909998559
gyro_norm,1.763,1.664153236375601
gyro_norm,1.785,1.6280445190607
gyro_norm,1.812,1.6228931145019656
gyro_norm,1.833,1.405684041140364
gyro_norm,1.851,1.319310812127037
gyro_norm,1.872,1.0655086215585177
gyro_norm,1.894,0.6274362068172752
gyro_norm,1.917,0.49769473622214455
gyro_norm,1.939,0.6551035050429779
gyro_norm,1.96,0.8030992388433137
gyro_norm,1.982,0.9331208421006826
gyro_norm,2.004,0.825630567720343
gyro_norm,2.026,0.6554484368318308
gyro_norm,2.049,0.7915840474394911
gyro_norm,2.07,0.73738936437985
gyro_norm,2.096,0.47658042872307094
gyro_norm,2.113,0.6101252273069198
gyro_norm,2.135,0.7879876574809576
gyro_norm,2.162,0.7530066236772611
gyro_norm,2.179,0.9642747881732529
gyro_norm,2.201,1.1267500273113138
gyro_norm,2.223,1.1368639440821633
gyro_norm,2.244,1.1132649291248333
gyro_norm,2.269,1.1449905879389528
gyro_norm,2.288,1.2636151534168663
gyro_norm,2.316,0.9244047723553791
gyro_norm,2.332,0.5638187839345825
gyro_norm,2.354,0.6691376392275685
gyro_norm,2.377,1.0659962098649363
gyro_norm,2.398,1.3802660625570227
gyro_norm,2.42,1.2982427745379597
gyro_norm,2.442,0.9888345826755223
gyro_norm,2.463,0.4065683277029652
gyro_norm,2.485,0.4150582601265708
gyro_norm,2.507,0.7635031210412547
gyro_norm,2.529,0.8869655724449003
gyro_norm,2.551,0.9897392861337025
gyro_norm,2.572,0.8701986139833767
gyro_norm,2.594,0.6558018613145605
gyro_norm,2.617,0.3714784576083993
gyro_norm,2.644,0.20541401749015284
gyro_norm,2.66,0.42975906708607164
gyro_norm,2.682,0.3617857346429056
gyro_norm,2.704,0.1354337783507841
gyro_norm,2.726,0.4477673149701856
gyro_norm,2.748,0.518217747765844
gyro_norm,2.77,0.57673443789413
gyro_norm,2.797,0.7205465662210868
gyro_norm,2.813,0.8526827764686171
gyro_norm,2.836,0.9320475454636983
gyro_norm,2.857,0.8413311710462014
gyro_norm,2.879,0.7331693217566211
gyro_norm,2.9,0.6801849772416028
gyro_norm,2.922,0.6814508653430087
gyro_norm,2.944,0.686330088572453
gyro_norm,2.968,0.7364713808005942
gyro_norm,2.988,0.5456476351193815
gyro_norm,3.01,0.6019077715293689
gyro_norm,3.032,0.6713972141870184
gyro_norm,3.054,0.9603510069878455
gyro_norm,3.077,1.1637509799899806
gyro_norm,3.097,0.9172976587184654
gyro_norm,3.12,0.6718923309128191
gyro_norm,3.141,0.6264097626486699
gyro_norm,3.163,0.7479362703895472
gyro_norm,3.185,0.9260427734338613
gyro_norm,3.208,1.0422296860652205
gyro_norm,3.232,1.012585910114009
gyro_norm,3.251,0.9006104193450368
gyro_norm,3.273,0.8536028898066028
gyro_norm,3.295,0.8400915595589326
gyro_norm,3.317,0.8448806683708552
gyro_norm,3.338,0.9032833863826286
gyro_norm,3.36,0.8910308168716712
gyro_norm,3.383,0.7290771250819008
gyro_norm,3.404,0.5143829910773692
gyro_norm,3.431,0.3687546252102296
gyro_norm,3.448,0.2740035895767327
gyro_norm,3.47,0.2511275623261095
gyro_norm,3.492,0.2381158512735578
gyro_norm,3.513,0.19162943748493494
gyro_norm,3.535,0.280458673421456
gyro_norm,3.557,0.25360757971722175
gyro_norm,3.593,0.5049460780695543
gyro_norm,3.602,0.8364212861007656
gyro_norm,3.622,0.6853807833023684
gyro_norm,3.644,0.3819589886896486
gyro_norm,3.666,0.17911448568053429
gyro_norm,3.688,0.20731688874586812
gyro_norm,3.71,0.22826346179314774
gyro_norm,3.732,0.4911264610197003
gyro_norm,3.754,0.5740441736159402
gyro_norm,3.777,0.41098664451745914
gyro_norm,3.798,0.24285740538950712
gyro_norm,3.819,0.2753491365872212
gyro_norm,3.842,0.21543600843340246
gyro_norm,3.867,0.149141411782808
gyro_norm,3.888,0.22246472908666218
gyro_norm,3.908,0.29333664548072613
gyro_norm,3.929,0.35159929631125864
gyro_norm,3.95,0.3718982978312497
gyro_norm,3.97,0.5006047965147619
gyro_norm,3.991,0.8161910391375361
gyro_norm,4.012,1.0581298247947366
gyro_norm,4.032,1.1162387048319975
gyro_norm,4.054,1.089089511443489
gyro_norm,4.075,1.1467204825259267
gyro_norm,4.095,1.2317710289835075
gyro_norm,4.117,0.9887688220293142
gyro_norm,4.137,1.3284429624720087
gyro_norm,4.157,1.265437408011955
gyro_norm,4.178,0.9765924951771972
gyro_norm,4.199,1.1822222898634307
gyro_norm,4.219,1.0035205577889517
gyro_norm,4.241,0.7492650035918421
gyro_norm,4.262,0.7124744408765465
gyro_norm,4.282,0.8595227354234967
gyro_norm,4.314,0.948543725608008
gyro_norm,4.337,0.8512838459262099
gyro_norm,4.358,0.6248240217117497
gyro_norm,4.379,0.37962936522241725
gyro_norm,4.402,0.24440585820256128
gyro_norm,4.423,0.2266697168761273
gyro_norm,4.445,0.19331788953265144
gyro_norm,4.467,0.26218293240695245
gyro_norm,4.489,0.3474065663514786
gyro_norm,4.511,0.37023574664366027
gyro_norm,4.533,0.386252691943875
gyro_norm,4.555,0.39709599751270125
gyro_norm,4.577,0.41350857600573976
gyro_norm,4.598,0.41991560073720474
gyro_norm,4.62,0.40447585960827614
gyro_norm,4.642,0.3715777187979151
gyro_norm,4.664,0.3448228091437067
gyro_norm,4.686,0.44682632929938987
gyro_norm,4.707,0.5959359592799833
gyro_norm,4.73,0.6767516040278854
gyro_norm,4.751,0.9746186686430353
gyro_norm,4.773,1.0323693076588654
gyro_norm,4.796,0.8307395539515889
gyro_norm,4.817,0.8437802078047518
gyro_norm,4.839,0.9471056588825791
gyro_norm,4.861,0.9671571934141663
gyro_norm,4.883,1.0770748203502545
gyro_norm,4.905,1.2386659722785023
gyro_norm,4.927,1.2945938631012477
gyro_norm,4.948,1.3228719242311522
gyro_norm,4.97,1.4110547618561706
gyro_norm,4.992,1.46555859021477
gyro_norm,5.014,1.4488588653989458
gyro_norm,5.037,1.379849823467256
gyro_norm,5.058,1.2496150350803292
gyro_norm,5.08,1.050015666586907
gyro_norm,5.101,0.8309085755668034
gyro_norm,5.124,0.6382281916207911
gyro_norm,5.145,0.5339881584349272
gyro_norm,5.167,0.5947460949674511
gyro_norm,5.189,0.6155963979606545
gyro_norm,5.211,0.5223967331145009
gyro_norm,5.233,0.3981503531944255
gyro_norm,5.255,0.3109524181964772
gyro_norm,5.277,0.3558843695563802
gyro_norm,5.298,0.4379388530372077
gyro_norm,5.32,0.4999021505643783
gyro_norm,5.342,0.59834173198094
gyro_norm,5.364,0.28422704017812184
gyro_norm,5.386,0.6170806591796858
gyro_norm,5.408,0.6439955733746932
gyro_norm,5.43,0.320576326057778
gyro_norm,5.452,0.8146342291820361
gyro_norm,5.473,0.7338012986621429
gyro_norm,5.496,0.5135161507654209
gyro_norm,5.517,0.424678740891
gyro_norm,5.539,0.5386490938097097
gyro_norm,5.561,0.6858591379050093
gyro_norm,5.583,0.757138620992661
gyro_norm,5.605,0.6911688139928576
gyro_norm,5.627,0.5428894321853447
gyro_norm,5.649,0.38235401253594764
gyro_norm,5.671,0.21211977875059693
gyro_norm,5.692,0.09143939023112202
gyro_norm,5.714,0.08598165939880434
gyro_norm,5.737,0.19088094228813474
gyro_norm,5.758,0.27904898455496485
gyro_norm,5.78,0.17300432687029058
gyro_norm,5.802,0.12398297653081458
gyro_norm,5.823,0.15492362716138855
gyro_norm,5.846,0.13268717264832502
gyro_norm,5.868,0.13486232277651866
gyro_norm,5.889,0.3089748116821618
gyro_norm,5.911,0.3656279994566603
gyro_norm,5.933,0.26011441763425286
gyro_norm,5.957,0.09096925372406303
gyro_norm,5.977,0.31039986677630416
gyro_norm,5.999,0.22219083255318164
gyro_norm,6.02,0.5754153436740486
gyro_norm,6.043,1.2374510927102154
gyro_norm,6.064,1.4923068388211036
gyro_norm,6.09,1.3752078398043122
gyro_norm,6.109,1.141498542800576
gyro_norm,6.13,0.8007323986420765
gyro_norm,6.156,0.3849005901373279
gyro_norm,6.174,0.24341917129746785
gyro_norm,6.197,0.33415893843667055
gyro_norm,6.217,0.40670810383599343
gyro_norm,6.24,0.4584747240156031
gyro_norm,6.261,0.4404356699516923
gyro_norm,6.284,0.40337446405245453
gyro_norm,6.305,0.3178284298850708
gyro_norm,6.327,0.1930290512516148
gyro_norm,6.349,0.06355452884602235
gyro_norm,6.371,0.12142013157768752
gyro_norm,6.393,0.4191497590956198
gyro_norm,6.415,0.6953116586484248
gyro_norm,6.437,0.7655025530906122
gyro_norm,6.458,0.7245189111466327
gyro_norm,6.481,0.7034669533773333
gyro_norm,6.502,0.7218527457020946
gyro_norm,6.524,0.7379879133927747
gyro_norm,6.555,0.7293653309529888
gyro_norm,6.568,0.47000327890057647
gyro_norm,6.591,1.0952635205167285
gyro_norm,6.612,1.3178930290299462
gyro_norm,6.642,1.1735654531142858
gyro_norm,6.655,1.4771847627417702
gyro_norm,6.677,1.1236440829401673
gyro_norm,6.699,0.8591737711115864
gyro_norm,6.721,0.8830549020206968
gyro_norm,6.743,0.851513318534033
gyro_norm,6.764,0.8142698543959745
gyro_norm,6.788,0.7582714796695756
gyro_norm,6.811,0.7102991784281742
gyro_norm,6.83,0.7149478334937713
gyro_norm,6.853,0.6941502723075753
gyro_norm,6.874,0.626673577269655
gyro_norm,6.897,0.5731371091538711
gyro_norm,6.918,0.5401873362054632
gyro_norm,6.94,0.5153924753599098
gyro_norm,6.962,0.4820356788776392
gyro_norm,6.984,0.4724296158982869
gyro_norm,7.005,0.5037059005723382
gyro_norm,7.027,0.5129164143714855
gyro_norm,7.054,0.48772412339623294
gyro_norm,7.071,0.4538506982729356
gyro_norm,7.093,0.46547730548308636
gyro_norm,7.121,0.5299428916473681
gyro_norm,7.137,0.37747321630654607
gyro_norm,7.159,0.11039532723475742
gyro_norm,7.18,0.45064121134646795
gyro_norm,7.202,0.5869301427923066
gyro_norm,7.224,0.5218724732523222
gyro_norm,7.246,0.4083386638558265
gyro_norm,7.27,0.2339181960027934
gyro_norm,7.29,0.5201312839124298
gyro_norm,7.312,0.7009566618439484
gyro_norm,7.334,0.5841328832143718
gyro_norm,7.356,0.4371750762910754
gyro_norm,7.378,0.3040611511130791
gyro_norm,7.399,0.18414216772010294
gyro_norm,7.421,0.21162133953192383
gyro_norm,7.443,0.3221002858069631
gyro_norm,7.465,0.30871518609591786
gyro_norm,7.487,0.2754499744471117
gyro_norm,7.508,0.42152741100487096
gyro_norm,7.53,0.34435280921368083
gyro_norm,7.553,0.4476589951837821
gyro_norm,7.575,0.6855512285411
gyro_norm,7.598,0.7301559390450009
gyro_norm,7.618,0.6237398526758006
gyro_norm,7.64,0.4969715859428933
gyro_norm,7.662,0.4381727027834007
gyro_norm,7.684,0.4027541499125823
gyro_norm,7.705,0.37303212689510384
gyro_norm,7.727,0.38131293254981335
gyro_norm,7.749,0.45850962414595187
gyro_norm,7.775,0.2136875607442001
gyro_norm,7.793,0.7007862894958062
gyro_norm,7.815,0.7468055247934802
gyro_norm,7.837,0.9310539839864336
gyro_norm,7.858,0.634804517588625
gyro_norm,7.881,0.5812034937080786
gyro_norm,7.902,0.5339152193761134
gyro_norm,7.924,0.4613141937940181
gyro_norm,7.946,0.5579589993606539
gyro_norm,7.971,0.3061921628290623
gyro_norm,7.99,0.1513827379712243
gyro_norm,8.012,0.1353325746499898
gyro_norm,8.034,0.06871363521790376
gyro_norm,8.056,0.0755310880060644
gyro_norm,8.078,0.1553731790113958
gyro_norm,8.099,0.2560602121533334
gyro_norm,8.122,0.25930693023188395
gyro_norm,8.143,0.22502662733983791
gyro_norm,8.165,0.23958230408528047
gyro_norm,8.187,0.33114086333604753
gyro_norm,8.21,0.404552943180634
gyro_norm,8.23,0.40435556449472215
gyro_norm,8.252,0.370956441177009
gyro_norm,8.274,0.41952353255896463
gyro_norm,8.297,0.5462977651291567
gyro_norm,8.318,0.6396040373773888
gyro_norm,8.34,0.6989013008304547
gyro_norm,8.362,0.7113073176386373
gyro_norm,8.383,0.7938034932812906
gyro_norm,8.406,0.8870246013489697
gyro_norm,8.428,0.7705439361574312
gyro_norm,8.45,0.5399804903575719
gyro_norm,8.471,0.4716098089426946
gyro_norm,8.493,0.2645614915501417
gyro_norm,8.515,0.28814227088687805
gyro_norm,8.537,0.3864440747448915
gyro_norm,8.562,0.5115860752871012
gyro_norm,8.58,0.4978104961034378
gyro_norm,8.603,0.395863550721104
gyro_norm,8.624,0.4182041036358247
gyro_norm,8.646,0.49465361576023015
gyro_norm,8.668,0.45899527156430764
gyro_norm,8.693,0.387235467415782
gyro_norm,8.712,0.34675569586204835
gyro_norm,8.734,0.25353942103019145
gyro_norm,8.757,0.1729986001879115
gyro_norm,8.777,0.21024139808139145
gyro_norm,8.803,0.19297164265558261
gyro_norm,8.824,0.2052906146592675
gyro_norm,8.843,0.20973783439718507
gyro_norm,8.865,0.09713062226910087
gyro_norm,8.887,0.2641462682974563
gyro_norm,8.909,0.5964431180485973
gyro_norm,8.931,0.866169235095274
gyro_norm,8.953,0.8406855312876769
gyro_norm,8.974,0.5488738560884107
gyro_norm,8.997,0.11166102391067559
gyro_norm,9.018,0.6512962621340421
gyro_norm,9.04,0.6468267768477095
gyro_norm,9.062,0.3072334967295266
gyro_norm,9.084,0.21970898469771805
gyro_norm,9.106,0.22006414731420212
gyro_norm,9.131,0.2507517095229885
gyro_norm,9.149,0.2357432064763382
gyro_norm,9.171,0.20704001657846852
gyro_norm,9.194,0.23410889585451766
gyro_norm,9.215,0.3898538055652487
gyro_norm,9.237,0.4476346055079125
gyro_norm,9.259,0.33130869495909004
gyro_norm,9.281,0.29430865351684393
gyro_norm,9.302,0.35316729174488093
gyro_norm,9.325,0.42774116091224834
gyro_norm,9.354,0.42063850544911147
gyro_norm,9.368,0.359394309579261
gyro_norm,9.391,0.3026263791002055
gyro_norm,9.412,0.2563119708935864
gyro_norm,9.436,0.22183944811714176
gyro_norm,9.457,0.3186730458130706
gyro_norm,9.478,0.6086506897000832
gyro_norm,9.499,0.8472778337852362
gyro_norm,9.522,0.8500938068566518
gyro_norm,9.543,1.2363192921760522
gyro_norm,9.565,1.8503117373107305
gyro_norm,9.593,1.8474256554680697
gyro_norm,9.609,1.3094962329081168
gyro_norm,9.633,0.5644144970679382
gyro_norm,9.653,0.8042645905433838
gyro_norm,9.679,1.1259291106005387
gyro_norm,9.697,1.0945023689797027
gyro_norm,9.718,0.9641602058687134
gyro_norm,9.74,0.8503669423290405
gyro_norm,9.762,0.8961734152103383
gyro_norm,9.784,0.9836208564830827
gyro_norm,9.808,0.933641237726497
gyro_norm,9.835,0.7506072207529961
gyro_norm,9.85,0.5859922883040224
gyro_norm,9.871,0.5892900278708895
gyro_norm,9.894,0.627293181176239
gyro_norm,9.915,0.5112459735343672
gyro_norm,9.937,0.3194286503482948
gyro_norm,9.96,0.36090203811082033
gyro_norm,9.981,0.5453006944994537
gyro_norm,10.003,0.7839030283377111
gyro_norm,10.024,0.9696032375493232
gyro_norm,10.046,1.0676236071759364
gyro_norm,10.068,0.9393467989927633
gyro_norm,10.09,0.857584905962888
gyro_norm,10.112,0.7041986165476646
gyro_norm,10.134,0.9266810153896554
gyro_norm,10.16,1.3210436272845547
gyro_norm,10.177,1.1218604725489645
gyro_norm,10.199,0.8090278953290764
gyro_norm,10.221,0.6818212525499083
gyro_norm,10.243,0.7245800106305759
gyro_norm,10.265,0.7930191000638276
gyro_norm,10.294,0.8728103812391921
gyro_norm,10.318,0.9172353661321669
gyro_norm,10.331,0.8142113078917598
gyro_norm,10.353,0.7394716925951202
gyro_norm,10.374,0.6734965578514309
gyro_norm,10.397,0.6350785199789252
gyro_norm,10.418,0.6359643214680836
gyro_norm,10.44,0.604413628449702
gyro_norm,10.462,0.5376637917773538
gyro_norm,10.484,0.46433984212968415
gyro_norm,10.506,0.3858879588662351
gyro_norm,10.528,0.27960684392368385
gyro_norm,10.55,0.5136739438277017
gyro_norm,10.571,0.932933806551735
gyro_norm,10.594,1.1334525297775364
gyro_norm,10.615,0.7671236192582277
gyro_norm,10.637,0.21662488909612695
gyro_norm,10.659,0.23484126297065913
gyro_norm,10.682,0.5811607482063541
gyro_norm,10.703,0.9177660291577927
gyro_norm,10.725,0.8700517431270983
gyro_norm,10.747,0.5049178132037005
gyro_norm,10.768,0.39517207744099536
gyro_norm,10.791,0.6718511897093601
gyro_norm,10.812,0.522811670369415
gyro_norm,10.834,0.3397599315643488
gyro_norm,10.857,0.41539953995438117
gyro_norm,10.878,0.43345207917757794
gyro_norm,10.9,0.37130484334978164
gyro_norm,10.922,0.37538811465764654
gyro_norm,10.943,0.4305220400079925
gyro_norm,10.965,0.4470973596865492
gyro_norm,10.991,0.34969614730030113
gyro_norm,11.009,0.32829041611756093
gyro_norm,11.031,0.5121584766648188
gyro_norm,11.053,0.7470804279671344
gyro_norm,11.075,0.7685493991841873
gyro_norm,11.097,0.451225317480143
gyro_norm,11.119,0.2876552493665857
gyro_norm,11.141,0.6867625499975617
gyro_norm,11.163,0.6114513174912022
gyro_norm,11.184,0.7308239146515667
gyro_norm,11.209,0.6296527126285537
gyro_norm,11.228,0.6840052121458614
gyro_norm,11.25,0.622572018524032
gyro_norm,11.272,0.5627376459802406
gyro_norm,11.293,0.41109203209347006
gyro_norm,11.316,0.39120180087644396
gyro_norm,11.337,0.720900765314272
gyro_norm,11.359,0.9109696414111419
gyro_norm,11.383,0.8568558337665848
gyro_norm,11.403,0.8523575444092533
gyro_norm,11.425,0.8686577812975548
gyro_norm,11.448,0.8194901366211371
gyro_norm,11.469,0.7171617801799968
gyro_norm,11.491,0.6118078434003201
gyro_norm,11.513,0.46102148355354194
gyro_norm,11.536,0.24407487967922917
gyro_norm,11.557,0.20420770425894816
gyro_norm,11.578,0.31536591910422435
gyro_norm,11.6,0.3902925220823911
gyro_norm,11.621,0.5149306161194466
gyro_norm,11.644,0.6750045308209118
gyro_norm,11.665,0.8765697618034819
gyro_norm,11.687,0.9682500321607613
gyro_norm,11.71,0.9058789730708607
gyro_norm,11.731,1.0149403114335318
gyro_norm,11.764,1.31392320654568
gyro_norm,11.775,1.1929088999158703
gyro_norm,11.797,1.004982005711654
gyro_norm,11.819,0.8298460912626705
gyro_norm,11.841,0.45795062509413303
gyro_norm,11.862,0.24753613737391758
gyro_norm,11.885,0.3270118385101812
gyro_norm,11.907,0.2885608405539288
gyro_norm,11.929,0.29207644834037066
gyro_norm,11.95,0.3947964423590359
gyro_norm,11.972,0.4658311897699192
gyro_norm,11.994,0.46017982713575667
gyro_norm,12.015,0.5894287467474316
gyro_norm,12.038,0.8262939832327699
gyro_norm,12.059,0.935397495662643
gyro_norm,12.081,0.7728186923899512
gyro_norm,12.103,0.553181371523304
gyro_norm,12.125,0.6016613450535218
gyro_norm,12.148,0.8123826236719074
gyro_norm,12.169,0.8219869851589423
gyro_norm,12.191,0.6718677054511705
gyro_norm,12.212,0.6348547976147482
gyro_norm,12.244,0.7500084995430186
gyro_norm,12.257,0.9907631622514906
gyro_norm,12.278,1.1172691535194987
gyro_norm,12.3,0.9444973155450822
gyro_norm,12.322,1.541540220574165
gyro_norm,12.344,1.2509962860692236
gyro_norm,12.37,1.0901196825743718
gyro_norm,12.387,0.9070631206307532
gyro_norm,12.41,0.733779017835768
gyro_norm,12.431,0.5250248788292443
gyro_norm,12.453,0.3726747605208582
gyro_norm,12.475,0.36532123649669523
gyro_norm,12.497,0.39856225095709996
gyro_norm,12.519,0.5137057302159868
gyro_norm,12.541,0.6716155601280165
gyro_norm,12.563,0.6493211716371592
gyro_norm,12.584,0.5243488041301229
gyro_norm,12.607,0.4998701891534891
gyro_norm,12.629,0.46384241684628813
gyro_norm,12.65,0.27519373946704695
gyro_norm,12.672,0.25845441271528735
gyro_norm,12.694,0.5184833443722571
gyro_norm,12.72,0.7392866607052713
gyro_norm,12.738,0.9012379914907738
gyro_norm,12.76,0.8392533240225593
gyro_norm,12.781,0.6186288101091514
gyro_norm,12.803,0.4186460017517638
gyro_norm,12.825,0.08111027290048858
gyro_norm,12.847,0.16531350160332048
gyro_norm,12.869,0.458604505946165
gyro_norm,12.891,0.8886260428586947
gyro_norm,12.913,0.7631299312582535
gyro_norm,12.935,0.3755563450030059
gyro_norm,12.957,0.5027678983575815
gyro_norm,12.978,0.534300075185501
gyro_norm,13.0,0.3233778234416274
gyro_norm,13.022,0.46156321210943335
gyro_norm,13.044,0.517977021375065
gyro_norm,13.066,0.34169968568841996
gyro_norm,13.088,0.27147223249705466
gyro_norm,13.117,0.4136342220321792
gyro_norm,13.131,0.6279696794622699
gyro_norm,13.153,0.7556222790353838
gyro_norm,13.176,0.8510135828784381
gyro_norm,13.197,0.8292114544249779
gyro_norm,13.219,0.6463743616850954
gyro_norm,13.241,0.331423457905168
gyro_norm,13.263,0.7091438477960725
gyro_norm,13.284,1.351113400275948
gyro_norm,13.316,1.9294290630338737
gyro_norm,13.329,1.8898914586581834
gyro_norm,13.353,1.383580062797283
gyro_norm,13.372,1.2605675758256636
gyro_norm,13.394,1.0865961148831906
gyro_norm,13.417,0.6962560702596823
gyro_norm,13.438,0.9161661630064577
gyro_norm,13.459,0.6946893257571776
gyro_norm,13.482,0.5639930153969244
gyro_norm,13.504,0.23577683278129813
gyro_norm,13.526,0.3396577405441999
gyro_norm,13.547,0.26336035285426396
gyro_norm,13.569,0.2706348619468856
gyro_norm,13.591,0.4251966510544282
gyro_norm,13.613,0.43938031932701865
gyro_norm,13.635,0.40401481781738824
gyro_norm,13.657,0.39576570354569957
gyro_norm,13.679,0.3978704989153818
gyro_norm,13.7,0.30095247482711235
gyro_norm,13.722,0.24607076686305784
gyro_norm,13.744,0.3616967571845525
gyro_norm,13.766,0.43554756310563864
gyro_norm,13.788,0.32822801750253716
gyro_norm,13.81,0.3723045690739058
gyro_norm,13.842,0.4399895651512936
gyro_norm,13.853,0.561633687412136
gyro_norm,13.875,0.7279645824668718
gyro_norm,13.897,0.8115079932737563
gyro_norm,13.919,0.6627813677266587
gyro_norm,13.94,0.3276577257820287
gyro_norm,13.963,0.1032733024396638
gyro_norm,13.984,0.40625178170479864
gyro_norm,14.006,0.8314680899140787
gyro_norm,14.031,0.8470370724170214
gyro_norm,14.053,0.620342795596165
gyro_norm,14.072,0.6233078418789311
gyro_norm,14.095,0.7192038618727281
gyro_norm,14.117,0.6527892978120728
gyro_norm,14.138,0.6569714486916165
gyro_norm,14.165,0.6478792289940247
gyro_norm,14.181,0.6911753607400835
gyro_norm,14.204,0.7896459394393541
gyro_norm,14.225,0.9147448844383157
gyro_norm,14.247,1.0888062424524498
gyro_norm,14.27,1.1461108930169215
gyro_norm,14.291,1.0185675343336298
gyro_norm,14.319,0.8679054230431288
gyro_norm,14.335,0.7777756638681039
gyro_norm,14.357,0.8842875925875452
gyro_norm,14.379,1.0406947399550115
gyro_norm,14.401,1.2059988060120124
gyro_norm,14.422,1.2525473231546875
gyro_norm,14.445,1.0882697111424058
gyro_norm,14.467,0.8264767253467408
gyro_norm,14.488,0.7073024885566734
gyro_norm,14.51,0.9639834161292695
gyro_norm,14.532,1.1960124862179957
gyro_norm,14.553,0.6785309941711639
gyro_norm,14.575,0.3894108518106857
gyro_norm,14.597,0.4112087026369482
gyro_norm,14.619,0.38021796511229883
gyro_norm,14.641,0.44502541346658425
gyro_norm,14.663,0.5258998808325119
gyro_norm,14.685,0.6513936407349583
gyro_norm,14.707,0.6185311475967177
gyro_norm,14.729,0.47528736415453765
gyro_norm,14.75,0.4189801473939076
gyro_norm,14.772,0.5132510848946823
gyro_norm,14.799,0.5263280924171692
gyro_norm,14.817,0.4662486051081232
gyro_norm,14.838,0.35173517723262615
gyro_norm,14.86,0.24698704342248745
gyro_norm,14.882,0.20281837589391752
gyro_norm,14.903,0.23807828062467962
gyro_norm,14.926,0.22178313628292368
gyro_norm,14.947,0.04600282162441266
gyro_norm,14.97,0.3012484027371795
gyro_norm,14.991,0.4614173868754719
gyro_norm,15.013,0.6008851424651565
gyro_norm,15.035,0.7547009852473255
gyro_norm,15.057,0.7915482026770865
gyro_norm,15.079,0.6494340286366062
gyro_norm,15.1,0.7558410336360494
gyro_norm,15.123,1.1967115916885618
gyro_norm,15.144,1.4070954115684995
gyro_norm,15.166,1.2944517129062758
gyro_norm,15.188,1.171766432868393
gyro_norm,15.209,1.317497593077843
gyro_norm,15.231,1.1061045880089935
gyro_norm,15.253,0.8096209133438076
gyro_norm,15.276,0.7148123814042209
gyro_norm,15.297,0.6603934812398258
gyro_norm,15.319,0.6435763329790786
gyro_norm,15.341,0.6818495576398015
gyro_norm,15.367,0.6692907525737788
gyro_norm,15.386,0.6155960867530321
gyro_norm,15.408,0.5969327593533248
gyro_norm,15.427,0.638340938916101
gyro_norm,15.449,0.6895887573264672
gyro_norm,15.47,0.6904147864162048
gyro_norm,15.49,0.5513463161699352
gyro_norm,15.511,0.3205200408846811
gyro_norm,15.532,0.4215721156130928
gyro_norm,15.552,0.7983591470750617
gyro_norm,15.573,0.9240659115430919
gyro_norm,15.595,0.7990560358204185
gyro_norm,15.614,0.7603135978931566
gyro_norm,15.637,0.9262657398886547
gyro_norm,15.657,0.7670714460677757
gyro_norm,15.677,0.6551160699747653
gyro_norm,15.698,0.47820866113085553
gyro_norm,15.72,0.5250854563730569
gyro_norm,15.739,0.6217318740642365
gyro_norm,15.76,0.6293378199932184
gyro_norm,15.782,0.6658759586353307
gyro_norm,15.801,0.7926534138429805
gyro_norm,15.824,0.9203174216749394
gyro_norm,15.855,0.7255645431435098
gyro_norm,15.877,0.6262762004714815
gyro_norm,15.899,0.6236544203092148
gyro_norm,15.921,0.6399708334650744
gyro_norm,15.942,0.5813750063840545
gyro_norm,15.965,0.4604893614836593
gyro_norm,15.986,0.33121731031468943
gyro_norm,16.008,0.3660667096663276
gyro_norm,16.03,0.4345326755871708
gyro_norm,16.052,0.46539252588750213
gyro_norm,16.074,0.5548024061724163
gyro_norm,16.097,0.6733016504202968
gyro_norm,16.118,0.7238610142333881
gyro_norm,16.139,0.7003924949007723
gyro_norm,16.161,0.6454283342314954
gyro_norm,16.183,0.7674961440601917
gyro_norm,16.205,1.0028486220783137
gyro_norm,16.227,0.8221823634104617
gyro_norm,16.249,0.7798219180376643
gyro_norm,16.271,0.8271856301427356
gyro_norm,16.293,0.7610950589639666
gyro_norm,16.314,0.7685983913130386
gyro_norm,16.337,0.6620285200053744
gyro_norm,16.358,0.5043905686998902
gyro_norm,16.38,0.4958224457423752
gyro_norm,16.402,0.5707357531127036
gyro_norm,16.424,0.7353882077604249
gyro_norm,16.446,0.7939336944362457
gyro_norm,16.467,0.7039484799457236
gyro_norm,16.49,0.6098950624409718
gyro_norm,16.511,0.5312353824851217
gyro_norm,16.533,0.43891032685715015
gyro_norm,16.555,0.37962144241769485
gyro_norm,16.577,0.3651462871722955
gyro_norm,16.599,0.38700216147316563
gyro_norm,16.62,0.3137640688912369
gyro_norm,16.643,0.21070790566159905
gyro_norm,16.665,0.3262450087815375
gyro_norm,16.686,0.37366389587386545
gyro_norm,16.708,0.44977613590500026
gyro_norm,16.73,0.676395132743616
gyro_norm,16.752,0.9268691470979816
gyro_norm,16.774,0.7751262722052774
gyro_norm,16.797,0.5970021571650239
gyro_norm,16.817,0.621173125967161
gyro_norm,16.839,0.4357725081662713
gyro_norm,16.861,0.4337962877266745
gyro_norm,16.883,0.387038796132962
gyro_norm,16.905,0.254732905806905
gyro_norm,16.927,0.13890510038573062
gyro_norm,16.949,0.12294943576994737
gyro_norm,16.97,0.05990778279097858
gyro_norm,16.992,0.2572122026578423
gyro_norm,17.014,0.3358571466524899
gyro_norm,17.036,0.24241044246997193
gyro_norm,17.058,0.09522047860875048
gyro_norm,17.08,0.1464519584343001
gyro_norm,17.102,0.23418609076108107
gyro_norm,17.124,0.22038010397652505
gyro_norm,17.146,0.22052589096552824
gyro_norm,17.167,0.18310818205232524
gyro_norm,17.189,0.11475969174744854
gyro_norm,17.211,0.09867995192587298
gyro_norm,17.233,0.1310424120836707
gyro_norm,17.255,0.22534836560845461
gyro_norm,17.277,0.23070064556937458
gyro_norm,17.299,0.19617005679368024
gyro_norm,17.321,0.3536178478121883
gyro_norm,17.342,0.46689088041230664
gyro_norm,17.364,0.5383134214161729
gyro_norm,17.386,0.8156849212377072
gyro_norm,17.408,0.8964214625858603
gyro_norm,17.43,0.630945330198091
gyro_norm,17.452,0.6243618082148021
gyro_norm,17.474,0.2806907881183621
gyro_norm,17.497,0.40283069862762005
gyro_norm,17.517,0.3318689804288194
gyro_norm,17.539,0.39657275195727376
gyro_norm,17.562,0.367919168416712
gyro_norm,17.583,0.12185527677371188
gyro_norm,17.605,0.2872019979453927
gyro_norm,17.627,0.1911774935283288
gyro_norm,17.653,0.06439989445103021
gyro_norm,17.671,0.10973112732611316
gyro_norm,17.693,0.10609939860586386
gyro_norm,17.724,0.08100712468381298
gyro_norm,17.737,0.12352975498104585
gyro_norm,17.758,0.1307141797290938
gyro_norm,17.781,0.11696047207383997
gyro_norm,17.803,0.09740970655918922
gyro_norm,17.824,0.02619828407478364
gyro_norm,17.846,0.07188716446477897
gyro_norm,17.869,0.16679874202082956
gyro_norm,17.89,0.2080110595984651
gyro_norm,17.912,0.19693261332660125
gyro_norm,17.934,0.09416882135343037
gyro_norm,17.955,0.11563560741131548
gyro_norm,17.978,0.20749230477312383
gyro_norm,18.0,0.23265629260126836
gyro_norm,18.021,0.20291580682048377
gyro_norm,18.043,0.19160869074127249
gyro_norm,18.065,0.2173827996412239
gyro_norm,18.087,0.2487842095770324
gyro_norm,18.109,0.24681403379559028
gyro_norm,18.131,0.35198075896833897
gyro_norm,18.153,0.49962444747907975
gyro_norm,18.175,0.5190845055920511
gyro_norm,18.197,0.4260637835986868
gyro_norm,18.218,0.3775328196251062
gyro_norm,18.24,0.475709277669824
gyro_norm,18.262,0.49975444692350846
gyro_norm,18.284,0.41241093707617865
gyro_norm,18.305,0.4559409470784617
gyro_norm,18.331,0.5324252305550474
gyro_norm,18.349,0.6092952463929523
gyro_norm,18.371,0.5586358558179065
gyro_norm,18.393,0.47764336936352525
gyro_norm,18.415,0.6470736590723255
gyro_norm,18.437,0.5684506904046314
gyro_norm,18.459,0.4303406105482866
gyro_norm,18.482,0.8112296375408362
gyro_norm,18.502,0.6266423136041057
gyro_norm,18.524,0.471714859610562
gyro_norm,18.547,0.485218968649213
gyro_norm,18.568,0.6245705879000171
gyro_norm,18.59,0.7243433618037868
gyro_norm,18.612,0.7073651045918207
gyro_norm,18.643,0.6666201371384933
gyro_norm,18.657,0.6715980573828079
gyro_norm,18.678,0.6659256837134354
gyro_norm,18.699,0.6719147732952157
gyro_norm,18.721,0.6474650068084687
gyro_norm,18.743,0.5520466506314249
gyro_norm,18.765,0.43185797823003585
gyro_norm,18.787,0.331549427788339
gyro_norm,18.809,0.38890654002092967
gyro_norm,18.831,0.43025942042177173
gyro_norm,18.853,0.367965400993139
gyro_norm,18.875,0.2770526857274698
gyro_norm,18.897,0.2024789948494304
gyro_norm,18.919,0.1541200068431513
gyro_norm,18.94,0.2770042785602103
gyro_norm,18.962,0.532306044531797
gyro_norm,18.984,0.5546660938456517
gyro_norm,19.006,0.4086243207959224
gyro_norm,19.029,0.4173748343372577
gyro_norm,19.049,0.46020994319441916
gyro_norm,19.072,0.5160671114793887
gyro_norm,19.093,0.6361630435239705
gyro_norm,19.118,0.7791572918617831
gyro_norm,19.137,0.6545400533545803
gyro_norm,19.159,0.47404914727333547
gyro_norm,19.181,0.4260601861217234
gyro_norm,19.203,0.5691224439704163
gyro_norm,19.225,0.49181028953923683
gyro_norm,19.247,0.2867137081732802
gyro_norm,19.268,0.25293905681725426
gyro_norm,19.29,0.243270184106742
gyro_norm,19.312,0.30837955647196474
gyro_norm,19.334,0.48032000412606296
gyro_norm,19.357,0.5008948515479412
gyro_norm,19.377,0.4970628746556981
gyro_norm,19.4,0.45860066703756514
gyro_norm,19.422,0.2746073705273347
gyro_norm,19.443,0.5024661466165115
gyro_norm,19.465,0.6744915965196452
gyro_norm,19.488,0.710952681128503
gyro_norm,19.509,0.601223734225134
gyro_norm,19.532,0.5448527122466063
gyro_norm,19.553,0.7720546121235247
gyro_norm,19.575,0.7712159676200157
gyro_norm,19.598,0.8125513054759899
gyro_norm,19.618,1.0239117574391237
gyro_norm,19.641,0.49896092749319293
gyro_norm,19.662,0.5728919585760411
gyro_norm,19.684,0.5127155865856192
gyro_norm,19.706,0.5628883021954938
gyro_norm,19.732,0.6990494069824614
gyro_norm,19.749,0.6145547922348104
gyro_norm,19.772,0.3952831129716104
gyro_norm,19.793,0.4702026750545991
gyro_norm,19.816,0.5384448588410651
gyro_norm,19.838,0.5619668473931773
gyro_norm,19.859,0.48208768345790304
gyro_norm,19.881,0.25567286393857525
gyro_norm,19.903,0.12628447563390371
gyro_norm,19.925,0.15946225986621285
gyro_norm,19.947,0.16379045477897092
gyro_norm,19.969,0.11353398852984135
gyro_norm,19.991,0.08562463215501918
gyro_norm,20.016,0.23518066234123097
gyro_norm,20.034,0.4416044667962024
gyro_norm,20.057,0.6083679042609644
gyro_norm,20.083,0.6752855326517472
gyro_norm,20.1,0.45121196650580503
gyro_norm,20.122,0.29022820317303255
gyro_norm,20.144,0.495422455004083
gyro_norm,20.165,1.2432520210595492
gyro_norm,20.188,1.3513322534646224
gyro_norm,20.209,1.0390813138612767
gyro_norm,20.237,0.7621021302313966
gyro_norm,20.253,0.5890943953435024
gyro_norm,20.275,0.5429136440402036
gyro_norm,20.297,0.6497101527660435
gyro_norm,20.319,0.7654788347646571
gyro_norm,20.34,0.786238354090502
gyro_norm,20.362,0.7720387547598462
gyro_norm,20.384,0.7537338693507626
gyro_norm,20.409,0.761920704187894
gyro_norm,20.428,0.8357171233577946
gyro_norm,20.453,0.8902376395376891
gyro_norm,20.472,0.8198436176068735
gyro_norm,20.494,0.626239979752411
gyro_norm,20.515,0.3935615669319517
gyro_norm,20.537,0.5045970680532634
gyro_norm,20.564,0.5489811061804751
gyro_norm,20.581,0.7743642515484501
gyro_norm,20.603,1.0489688937616155
gyro_norm,20.625,1.3334637543353143
gyro_norm,20.65,1.327659202190901
gyro_norm,20.669,1.0061193842170486
gyro_norm,20.69,1.455790752287989
gyro_norm,20.722,1.5476051353738403
gyro_norm,20.734,0.707068748553662
gyro_norm,20.757,0.7833350332489286
gyro_norm,20.779,0.5119863071881287
gyro_norm,20.8,0.4076226106490599
gyro_norm,20.822,0.1534122940857783
gyro_norm,20.843,0.5526417834824533
gyro_norm,20.866,0.7099698559191341
gyro_norm,20.887,0.6202272455526516
gyro_norm,20.91,0.5855954620156553
gyro_norm,20.932,0.571299531233309
gyro_norm,20.953,0.4987736655105958
gyro_norm,20.975,0.4461128663414128
gyro_norm,20.998,0.4517317527834819
gyro_norm,21.018,0.3986563243750985
gyro_norm,21.041,0.3753229013224803
gyro_norm,21.062,0.34788896519956397
gyro_norm,21.085,0.2462392323179182
gyro_norm,21.107,0.1847664713612535
gyro_norm,21.128,0.4013249703602174
gyro_norm,21.15,0.55737690221487
gyro_norm,21.172,0.5284902819519277
gyro_norm,21.194,0.26605305671964624
gyro_norm,21.216,0.12045436312009872
gyro_norm,21.237,0.16625379829317571
gyro_norm,21.259,0.8419741966024129
gyro_norm,21.281,0.9561158171765125
gyro_norm,21.303,0.6290300399257339
gyro_norm,21.325,0.25297270342400485
gyro_norm,21.347,0.25680275308653955
gyro_norm,21.369,0.23958640625902036
gyro_norm,21.391,0.36855201070200333
gyro_norm,21.413,0.6808153589882446
gyro_norm,21.434,0.8022470161436455
gyro_norm,21.457,0.6618643937538629
gyro_norm,21.478,0.44464668976190086
gyro_norm,21.5,0.4015966085735068
gyro_norm,21.523,0.41505963484117664
gyro_norm,21.544,0.4532079450534398
gyro_norm,21.571,0.5165838417467512
gyro_norm,21.587,0.4990146783802438
gyro_norm,21.611,0.3664076804319522
gyro_norm,21.631,0.27093028391603885
gyro_norm,21.653,0.38853009412610423
gyro_norm,21.679,0.7018752008008664
gyro_norm,21.697,0.9718386785715772
gyro_norm,21.719,1.0496834952205236
gyro_norm,21.741,0.9863256242231553
gyro_norm,21.763,1.0612584236990872
gyro_norm,21.784,0.8514057949462767
gyro_norm,21.807,1.1337909304876281
gyro_norm,21.828,0.5666310853057637
gyro_norm,21.85,0.7098354401450099
gyro_norm,21.872,0.8567041015568327
gyro_norm,21.894,0.5751239685448176
gyro_norm,21.917,0.5083273742016357
gyro_norm,21.938,0.7673150934063968
gyro_norm,21.96,0.8913766209970003
gyro_norm,21.981,0.6627898804960611
gyro_norm,22.003,0.5657256045296339
gyro_norm,22.025,0.6915320405108804
gyro_norm,22.051,0.6416078573942293
gyro_norm,22.069,0.5377357066358684
gyro_norm,22.094,0.4709986621053669
gyro_norm,22.112,0.41891030027950826
gyro_norm,22.135,0.39720989635559656
gyro_norm,22.162,0.36800268654215285
gyro_norm,22.178,0.22010923786784545
gyro_norm,22.2,0.10876341965043423
gyro_norm,22.222,0.30896392062362205
gyro_norm,22.244,0.4797808564265686
gyro_norm,22.266,0.511090625151749
gyro_norm,22.288,0.47686136394495077
gyro_norm,22.31,0.3695553296357711
gyro_norm,22.331,0.23766604684542772
gyro_norm,22.353,0.9688812427615998
gyro_norm,22.375,1.1493411881376896
gyro_norm,22.397,0.5098857244810141
gyro_norm,22.419,0.41433862907829083
gyro_norm,22.441,0.3213939445702675
gyro_norm,22.462,0.2346303827960476
gyro_norm,22.484,0.25974384491415037
gyro_norm,22.507,0.3197812131031808
gyro_norm,22.529,0.4011619671032359
gyro_norm,22.55,0.4265109492821212
gyro_norm,22.572,0.4631452549187956
gyro_norm,22.595,0.554484961540641
gyro_norm,22.617,0.6867554346748075
gyro_norm,22.642,0.7986659394041253
gyro_norm,22.659,0.7422057465554482
gyro_norm,22.682,0.7500317475090476
gyro_norm,22.704,0.872728629188543
gyro_norm,22.725,0.8550998963591168
gyro_norm,22.747,0.7045923398105495
gyro_norm,22.769,0.8105248059463387
gyro_norm,22.791,1.0335621082956212
gyro_norm,22.812,1.120252481374498
gyro_norm,22.834,1.0048496508284794
gyro_norm,22.857,0.6580197871286667
gyro_norm,22.878,0.6308547220823714
gyro_norm,22.9,0.6456002243255614
gyro_norm,22.923,0.44434745068162296
gyro_norm,22.944,0.5297884361665581
gyro_norm,22.966,0.7216721135092673
gyro_norm,22.994,0.6620278746508576
gyro_norm,23.01,0.7000343143141613
gyro_norm,23.032,0.4395309151339665
gyro_norm,23.053,0.29577673456609765
gyro_norm,23.076,0.5520494522925775
gyro_norm,23.097,0.6112082601883958
gyro_norm,23.121,0.6302658629476499
gyro_norm,23.14,0.7237459259997459
gyro_norm,23.162,0.7416499176181052
gyro_norm,23.185,0.6148603890961931
gyro_norm,23.211,0.4449498365275179
gyro_norm,23.228,0.3414943768242917
gyro_norm,23.251,0.30516892090271136
gyro_norm,23.275,0.240989883416348
gyro_norm,23.294,0.31795555206446363
gyro_norm,23.318,0.4870684530466174
gyro_norm,23.338,0.5809733542511178
gyro_norm,23.36,0.5500540645769758
gyro_norm,23.382,0.37423491198365505
gyro_norm,23.403,0.1960769490486197
gyro_norm,23.425,0.508507778209936
gyro_norm,23.447,0.605682864760645
gyro_norm,23.469,0.3645391399961893
gyro_norm,23.494,0.8065362836419308
gyro_norm,23.513,0.9312289252165248
gyro_norm,23.536,0.7420640329841419
gyro_norm,23.557,0.6291529176920635
gyro_norm,23.578,0.5560759562618148
gyro_norm,23.601,0.6793419809542602
gyro_norm,23.622,0.8339055179234794
gyro_norm,23.644,0.7988394360021606
gyro_norm,23.667,0.6711082750274562
gyro_norm,23.694,0.4852158874099364
gyro_norm,23.71,0.35048752269369504
gyro_norm,23.735,0.3879049661329811
gyro_norm,23.754,0.5147053862695461
gyro_norm,23.775,0.5432843084706195
gyro_norm,23.798,0.557476624515645
gyro_norm,23.819,0.5546051327620299
gyro_norm,23.842,0.3336973320137921
gyro_norm,23.862,0.0965781139545547
gyro_norm,23.884,0.22466110021501565
gyro_norm,23.907,0.4182246655734219
gyro_norm,23.928,0.6364396052862421
gyro_norm,23.95,0.7636042607292083
gyro_norm,23.975,0.8315303691024419
gyro_norm,23.994,0.5849961516071079
gyro_norm,24.017,1.0473494608590954
gyro_norm,24.038,0.5520311245579759
gyro_norm,24.06,0.8230831587577387
gyro_norm,24.085,0.6928103574442138
gyro_norm,24.104,0.4014679971118119
gyro_norm,24.125,0.3799673796234853
gyro_norm,24.147,0.44180933090881647
gyro_norm,24.177,0.5216581452773382
gyro_norm,24.191,0.4955185827319562
gyro_norm,24.213,0.5119245973373228
gyro_norm,24.243,0.5641476061959777
gyro_norm,24.258,0.5409318953805247
gyro_norm,24.278,0.4250408108824749
gyro_norm,24.301,0.2453666911821861
gyro_norm,24.323,0.1823302875435836
gyro_norm,24.344,0.2772902984496878
gyro_norm,24.375,0.44926942631439076
gyro_norm,24.39,0.5625645431916471
gyro_norm,24.41,0.6221965434740198
gyro_norm,24.431,0.6461325522136813
gyro_norm,24.453,0.770180931271111
gyro_norm,24.476,0.8544852226484617
gyro_norm,24.497,0.7940598156079758
gyro_norm,24.519,0.6912016974225654
gyro_norm,24.541,0.8290115819324944
gyro_norm,24.567,1.046395722520338
gyro_norm,24.584,0.9963622516459736
gyro_norm,24.607,0.5958598527322563
gyro_norm,24.628,0.2092216929432737
gyro_norm,24.652,0.5088981731735784
gyro_norm,24.672,0.35226691226910073
gyro_norm,24.694,0.3299554231530223
gyro_norm,24.719,0.4098714238219068
gyro_norm,24.738,0.45480416309194927
gyro_norm,24.76,0.6617962208111168
gyro_norm,24.783,0.8295297990960047
gyro_norm,24.803,0.8119615400276943
gyro_norm,24.825,0.710618387856191
gyro_norm,24.85,0.696775497956038
gyro_norm,24.872,0.7678242988297063
gyro_norm,24.891,0.8020415880496984
gyro_norm,24.913,0.6902611238461112
gyro_norm,24.935,0.45173298268092194
gyro_norm,24.957,0.1389228080972604
gyro_norm,24.978,0.25797509102808375
gyro_norm,25.001,0.6030356492891049
gyro_norm,25.022,0.7821385844144426
gyro_norm,25.044,0.739750291806491
gyro_norm,25.073,0.7117807350842849
gyro_norm,25.088,0.5002514865691273
gyro_norm,25.11,0.5983895835807826
gyro_norm,25.132,0.63794138306029
gyro_norm,25.153,0.4427679069410306
gyro_norm,25.175,1.2120522469019992
gyro_norm,25.201,1.0540978390574802
gyro_norm,25.219,0.5908823524871131
gyro_norm,25.241,0.2831604171689951
gyro_norm,25.263,0.31917601060476036
gyro_norm,25.285,0.409172951874425
gyro_norm,25.307,0.37104269788933897
gyro_norm,25.335,0.38125709302458166
gyro_norm,25.354,0.5235307820751794
gyro_norm,25.372,0.6159971434649356
gyro_norm,25.395,0.5343340699139284
gyro_norm,25.417,0.40819691489995963
gyro_norm,25.438,0.40549307791476863
gyro_norm,25.46,0.5195713247884507
gyro_norm,25.482,0.6176777837897948
gyro_norm,25.504,0.7284682589762311
gyro_norm,25.525,0.8432436861121322
gyro_norm,25.547,0.8645187213741831
gyro_norm,25.569,0.7696732766234892
gyro_norm,25.591,0.7260060839131646
gyro_norm,25.613,0.7874821391798295
gyro_norm,25.635,0.6798287747898637
gyro_norm,25.657,0.6309766825555332
gyro_norm,25.678,0.8080633645404331
gyro_norm,25.701,0.49227716277026135
gyro_norm,25.723,0.38739666696827235
gyro_norm,25.744,0.6255759651957271
gyro_norm,25.766,0.44615351218119975
gyro_norm,25.793,0.3425392889000275
gyro_norm,25.81,0.5783823389676296
gyro_norm,25.841,0.5404827678578714
gyro_norm,25.853,0.39147260682402474
gyro_norm,25.877,0.544548060836779
gyro_norm,25.898,0.5320912954296851
gyro_norm,25.919,0.4869669546716387
gyro_norm,25.943,0.5556584249580608
gyro_norm,25.963,0.5689881290849224
gyro_norm,25.985,0.5042449218444208
gyro_norm,26.013,0.4238411673123733
gyro_norm,26.029,0.35341343833180183
gyro_norm,26.051,0.30274163442446594
gyro_norm,26.073,0.3024786406710784
gyro_norm,26.095,0.3600730844091135
gyro_norm,26.117,0.44671035160461425
gyro_norm,26.139,0.49399288047180834
gyro_norm,26.165,0.5750413700529703
gyro_norm,26.182,0.7494453558298113
gyro_norm,26.204,0.48524983251283277
gyro_norm,26.226,0.6654573149601396
gyro_norm,26.249,0.6004563171603955
gyro_norm,26.27,0.5440732055809359
gyro_norm,26.291,0.38471644153117796
gyro_norm,26.315,0.29066099660481604
gyro_norm,26.335,0.3075021966832525
gyro_norm,26.357,0.1528271070546962
gyro_norm,26.379,0.17489632107341194
gyro_norm,26.401,0.2619029695693682
gyro_norm,26.423,0.22728951117498822
gyro_norm,26.445,0.28837771966981984
gyro_norm,26.467,0.3135696825656237
gyro_norm,26.488,0.27116380461643713
gyro_norm,26.511,0.18716314626386601
gyro_norm,26.532,0.09902924328652692
gyro_norm,26.555,0.04159827691522155
gyro_norm,26.577,0.11901374671129802
gyro_norm,26.598,0.16259204610000436
gyro_norm,26.62,0.31677719882879923
gyro_norm,26.642,0.48058991334888207
gyro_norm,26.663,0.5129283308733987
gyro_norm,26.685,0.4816205145112864
gyro_norm,26.713,0.40483906902273814
gyro_norm,26.729,0.35183351739482877
gyro_norm,26.751,0.35991200393313116
gyro_norm,26.773,0.36134322207180153
gyro_norm,26.799,0.3543686436589736
gyro_norm,26.817,0.39812817793686395
gyro_norm,26.838,0.5798561963095764
gyro_norm,26.86,0.6810341204006525
gyro_norm,26.882,0.7131700986692441
gyro_norm,26.904,0.6121314953961909
gyro_norm,26.926,0.30211189560056223
gyro_norm,26.955,0.32855756055873564
gyro_norm,26.97,0.32059115800002125
gyro_norm,26.992,0.3670968527043855
gyro_norm,27.013,0.3051514122020177
gyro_norm,27.035,0.22563506892976254
gyro_norm,27.057,0.2718733461296013
gyro_norm,27.087,0.30116601583614794
gyro_norm,27.101,0.3898011494348425
gyro_norm,27.123,0.4075606820534828
gyro_norm,27.144,0.423045244497202
gyro_norm,27.166,0.4015100265778208
gyro_norm,27.189,0.27492694049424354
gyro_norm,27.21,0.08685189065538791
gyro_norm,27.232,0.05863287905038445
gyro_norm,27.254,0.11346916160236907
gyro_norm,27.28,0.15036319090213307
gyro_norm,27.298,0.165519072144921
gyro_norm,27.32,0.15654535538780479
gyro_norm,27.341,0.19280695503534262
gyro_norm,27.364,0.21593389549151648
gyro_norm,27.385,0.2344265280493191
gyro_norm,27.407,0.2683213132844564
gyro_norm,27.429,0.2690737110807187
gyro_norm,27.451,0.2776078357451614
gyro_norm,27.473,0.35864922950298067
gyro_norm,27.495,0.4501371015192266
gyro_norm,27.517,0.5378687390472293
gyro_norm,27.539,0.6417322802027999
gyro_norm,27.56,0.6734985076393606
gyro_norm,27.582,0.6375703122179371
gyro_norm,27.604,0.5667456147405618
gyro_norm,27.627,0.4589998551181754
gyro_norm,27.653,0.3579882672770263
gyro_norm,27.67,0.322357019916149
gyro_norm,27.691,0.38958688116726414
gyro_norm,27.714,0.43069123275768223
gyro_norm,27.735,0.410138686612545
gyro_norm,27.757,0.4039868507453341
gyro_norm,27.779,0.43573976398072944
gyro_norm,27.802,0.45961525283818694
gyro_norm,27.823,0.4887155166785376
gyro_norm,27.845,0.5285043191703573
gyro_norm,27.87,0.5716086593870955
gyro_norm,27.888,0.6367099378560618
gyro_norm,27.913,0.714561509258858
gyro_norm,27.932,0.5653121249934978
gyro_norm,27.954,0.7560774362133957
gyro_norm,27.977,1.0090282447985046
gyro_norm,27.998,0.752541873069893
gyro_norm,28.02,0.9085722591019051
gyro_norm,28.042,0.9065949920435631
gyro_norm,28.063,0.8497623258945869
gyro_norm,28.086,0.5962594395405058
gyro_norm,28.11,0.5191647523057697
gyro_norm,28.129,0.4319212460430415
gyro_norm,28.152,0.32324320097435155
gyro_norm,28.173,0.28794212690553184
gyro_norm,28.195,0.3581985214682629
gyro_norm,28.217,0.3500981309882227
gyro_norm,28.239,0.2616884141671322
gyro_norm,28.261,0.17234379812014292
gyro_norm,28.282,0.1253637183624312
gyro_norm,28.304,0.1343643893740832
gyro_norm,28.326,0.11736973033725903
gyro_norm,28.348,0.10948462298731755
gyro_norm,28.37,0.15160196240748136
gyro_norm,28.392,0.2526048259423821
gyro_norm,28.413,0.3709004022888249
gyro_norm,28.435,0.4563456526700744
gyro_norm,28.457,0.4166747387904587
gyro_norm,28.479,0.1671966137682193
gyro_norm,28.501,0.22851538006680513
gyro_norm,28.523,0.16693451721444535
gyro_norm,28.544,0.5946271373373168
gyro_norm,28.567,0.7612677123930064
gyro_norm,28.589,0.5390869847633928
gyro_norm,28.611,0.654599690923957
gyro_norm,28.632,0.5336803662838975
gyro_norm,28.654,0.25246910490386304
gyro_norm,28.677,0.5456757274323875
gyro_norm,28.698,0.5451570591790587
gyro_norm,28.72,0.36775817068227223
gyro_norm,28.741,0.39462914635237195
gyro_norm,28.764,0.4198310106340031
gyro_norm,28.785,0.4323874377817213
gyro_norm,28.807,0.4576881953774234
gyro_norm,28.829,0.4040860816750692
gyro_norm,28.851,0.41439933135623624
gyro_norm,28.873,0.39026935088535636
gyro_norm,28.895,0.2741467153947793
gyro_norm,28.917,0.21058611016379333
gyro_norm,28.938,0.3421939147297948
gyro_norm,28.96,0.5354832256642615
gyro_norm,28.982,0.6492388092374146
gyro_norm,29.004,0.5795242678120502
gyro_norm,29.03,0.3893141679656959
gyro_norm,29.048,0.4045443215743285
gyro_norm,29.07,0.5718053164564418
gyro_norm,29.092,0.4264663475523118
gyro_norm,29.113,0.712919540827545
gyro_norm,29.136,0.6462214818570818
gyro_norm,29.157,0.640881838273301
gyro_norm,29.179,0.3835794397341367
gyro_norm,29.201,0.5333249352428497
gyro_norm,29.223,0.48937172053353784
gyro_norm,29.245,0.5939102310127614
gyro_norm,29.266,0.7045060110681602
gyro_norm,29.288,0.526172212262234
gyro_norm,29.31,0.3322150804817856
gyro_norm,29.332,0.498591440577252
gyro_norm,29.354,0.5922500306736818
gyro_norm,29.377,0.5874058129804808
gyro_norm,29.398,0.5178548777844325
gyro_norm,29.419,0.3696226930043103
gyro_norm,29.442,0.23233735025332178
gyro_norm,29.463,0.22307237396978416
gyro_norm,29.486,0.3012762277288174
gyro_norm,29.507,0.33358397553000685
gyro_norm,29.529,0.3923777533261755
gyro_norm,29.551,0.4680973081448397
gyro_norm,29.573,0.4649616673131006
gyro_norm,29.595,0.34156059845764636
gyro_norm,29.617,0.47078249355208984
gyro_norm,29.639,0.5825194284426786
gyro_norm,29.66,1.198609768757543
gyro_norm,29.682,1.363077571001194
gyro_norm,29.704,1.0444573311318295
gyro_norm,29.726,0.5349768522966452
gyro_norm,29.748,0.2692865426971125
gyro_norm,29.77,0.21976380519798097
gyro_norm,29.792,0.19117537119325753
gyro_norm,29.814,0.37738602970541807
gyro_norm,29.837,0.6656238224342909
gyro_norm,29.857,0.6793535361384129
gyro_norm,29.879,0.6220463452113676
gyro_norm,29.901,0.67444116476052
gyro_norm,29.923,0.7497095246816501
gyro_norm,29.945,0.7812771441283696
gyro_norm,29.967,0.7687272665581086
gyro_norm,29.988,0.706482232826173
gyro_norm,30.011,0.6083493168415524
gyro_norm,30.033,0.6196507574707196
gyro_norm,30.054,0.8357175470848536
gyro_norm,30.077,1.1270843170021718
gyro_norm,30.098,1.2512526143167684
gyro_norm,30.12,1.183666421284354
gyro_norm,30.142,1.0817321010066347
gyro_norm,30.164,1.0480998952008356
gyro_norm,30.186,1.0288437418735519
gyro_norm,30.208,0.6110569052596411
gyro_norm,30.229,0.28009578045094297
gyro_norm,30.251,0.46034904963633533
gyro_norm,30.273,0.5032643835632229
gyro_norm,30.295,0.49601912005224374
gyro_norm,30.317,0.8044943672017566
gyro_norm,30.339,1.1466786449782973
gyro_norm,30.361,1.210553873487589
gyro_norm,30.382,0.9131233825001139
gyro_norm,30.404,0.5046667555842153
gyro_norm,30.426,0.19990141952202534
gyro_norm,30.448,0.23670098745408472
gyro_norm,30.47,0.28881976333285564
gyro_norm,30.492,0.1442645120066266
gyro_norm,30.514,0.21381685295452413
gyro_norm,30.537,0.28965150528942385
gyro_norm,30.558,0.29956537326729776
gyro_norm,30.579,0.35977112770125147
gyro_norm,30.601,0.3385478593101238
gyro_norm,30.623,0.328471691385282
gyro_norm,30.645,0.4155798643429868
gyro_norm,30.667,0.4768904349568706
gyro_norm,30.689,0.37674128298835424
gyro_norm,30.711,0.4399960352426619
gyro_norm,30.732,0.5569493585346841
gyro_norm,30.755,1.2845675597077515
gyro_norm,30.777,1.413999592939585
gyro_norm,30.798,0.7508140914039516
gyro_norm,30.82,0.5210363679703788
gyro_norm,30.842,0.7502538392515702
gyro_norm,30.864,0.8332207549921257
gyro_norm,30.886,0.9388201264408342
gyro_norm,30.908,1.125624166413462
gyro_norm,30.93,1.2490222170325704
gyro_norm,30.951,1.1828033786381895
gyro_norm,30.973,1.0648902321600757
gyro_norm,30.995,1.0363780652349068
gyro_norm,31.017,1.024861025721414
gyro_norm,31.039,1.0311916181333272
gyro_norm,31.061,0.918088452706522
gyro_norm,31.083,0.787948455856283
gyro_norm,31.104,0.6275745075533506
gyro_norm,31.127,0.5308153117433422
gyro_norm,31.148,0.49436571276464136
gyro_norm,31.17,0.3579077633141972
gyro_norm,31.192,0.25152213576336246
gyro_norm,31.214,0.24611929665556123
gyro_norm,31.237,0.09218253681552109
gyro_norm,31.258,0.1807392106561634
gyro_norm,31.28,0.6449788586359211
gyro_norm,31.301,0.5992607545374785
gyro_norm,31.323,0.5140867417812599
gyro_norm,31.345,0.5364911427177446
gyro_norm,31.367,0.45526819665649004
gyro_norm,31.389,0.4261486900527384
gyro_norm,31.411,0.7179259332198092
gyro_norm,31.433,0.780241136438716
gyro_norm,31.454,0.578681177502951
gyro_norm,31.477,0.6991668388657029
gyro_norm,31.498,0.6108040761418068
gyro_norm,31.521,0.43947427931124544
gyro_norm,31.542,0.394036519109983
gyro_norm,31.564,0.3855635136603704
gyro_norm,31.586,0.3547626021227907
gyro_norm,31.608,0.25908467439493543
gyro_norm,31.63,0.22315578011695783
gyro_norm,31.652,0.23811785428080404
gyro_norm,31.673,0.29381337705176375
gyro_norm,31.696,0.3814129690808098
gyro_norm,31.717,0.4459300825916838
gyro_norm,31.739,0.37102479859101845
gyro_norm,31.761,0.15781472589670928
gyro_norm,31.783,0.2828495263305617
gyro_norm,31.805,0.4073605332915748
gyro_norm,31.826,0.3577392760104495
gyro_norm,31.849,0.1556087342301756
gyro_norm,31.87,0.30421238294472813
gyro_norm,31.892,0.31700099600529724
gyro_norm,31.914,0.5536660278361153
gyro_norm,31.937,0.8529273731055519
gyro_norm,31.958,0.9345180395300767
gyro_norm,31.98,0.8552645135016351
gyro_norm,32.002,0.7343440005823266
gyro_norm,32.023,0.43778011689126706
gyro_norm,32.045,0.27776154383146345
gyro_norm,32.067,0.32549639638453975
gyro_norm,32.089,0.36466868946452136
gyro_norm,32.111,0.4206664704696048
gyro_norm,32.132,0.5756117984084322
gyro_norm,32.154,0.7586639002048947
gyro_norm,32.177,1.1580020482708657
gyro_norm,32.198,1.5504287669664536
gyro_norm,32.22,1.4986904329010702
gyro_norm,32.242,1.0205042279270977
gyro_norm,32.264,0.4807546056870408
gyro_norm,32.286,0.05696048027585435
gyro_norm,32.308,0.45078843268550917
gyro_norm,32.329,0.6883979231681904
gyro_norm,32.351,0.6482240383991187
gyro_norm,32.373,0.40440162295682175
gyro_norm,32.395,0.43684748564294373
gyro_norm,32.417,0.29844674791527115
gyro_norm,32.439,0.9064406028042838
gyro_norm,32.461,1.2515873294766313
gyro_norm,32.483,1.0120024900950297
gyro_norm,32.505,0.7662665763513221
gyro_norm,32.533,0.566248102499965
gyro_norm,32.552,0.9182847122166197
gyro_norm,32.57,0.701295985756269
gyro_norm,32.592,0.737569910479274
gyro_norm,32.614,0.7770741591593351
gyro_norm,32.637,0.6923341919552182
gyro_norm,32.658,0.6501098132202117
gyro_norm,32.68,0.6241883368160912
gyro_norm,32.701,0.5819950339936025
gyro_norm,32.724,0.4479982257763356
gyro_norm,32.748,0.28569056950447763
gyro_norm,32.767,0.20060781603978795
gyro_norm,32.789,0.17356825307040694
gyro_norm,32.811,0.14063329462387353
gyro_norm,32.833,0.1376728697264666
gyro_norm,32.855,0.11041518372039406
gyro_norm,32.882,0.09064153588975872
gyro_norm,32.899,0.14171289814169166
gyro_norm,32.92,0.10956054142171681
gyro_norm,32.942,0.4190530151825861
gyro_norm,32.964,0.48975426482802525
gyro_norm,32.986,0.3636701306259434
gyro_norm,33.008,0.753675333045324
gyro_norm,33.03,0.8940896785390817
gyro_norm,33.052,0.7024330265221224
gyro_norm,33.076,0.4810900912326852
gyro_norm,33.097,0.5439187000774265
gyro_norm,33.117,0.7411734299576334
gyro_norm,33.139,0.8518197860478667
gyro_norm,33.161,0.7528787397425688
gyro_norm,33.183,0.5901156897631821
gyro_norm,33.205,0.45796258472035484
gyro_norm,33.229,0.4227246593146049
gyro_norm,33.248,0.5412719711546886
gyro_norm,33.273,0.6649933204108908
gyro_norm,33.293,0.7732400578918367
gyro_norm,33.315,0.8262485706059164
gyro_norm,33.337,0.7731519773324533
gyro_norm,33.358,0.5926798545967448
gyro_norm,33.38,0.28876472125548897
gyro_norm,33.402,0.176646168301359
gyro_norm,33.424,0.37377253976228875
gyro_norm,33.446,0.404540847701279
gyro_norm,33.476,0.3545240545150743
gyro_norm,33.489,0.17779490401137804
gyro_norm,33.511,0.6452726262071031
gyro_norm,33.533,0.9029590878942733
gyro_norm,33.555,0.41416227996109234
gyro_norm,33.577,0.7605942353219874
gyro_norm,33.599,0.6871590092612354
gyro_norm,33.621,0.44591170468192814
gyro_norm,33.643,0.5681175769819417
gyro_norm,33.664,0.861479551759994
gyro_norm,33.687,0.8561392073998715
gyro_norm,33.708,0.7167686355879919
gyro_norm,33.73,0.6885610548522911
gyro_norm,33.753,0.6595577787766604
gyro_norm,33.774,0.6107382652579265
gyro_norm,33.798,0.5464615330649759
gyro_norm,33.818,0.4587841715083735
gyro_norm,33.84,0.3389859673974433
gyro_norm,33.861,0.33332809971723104
gyro_norm,33.883,0.3400013283760115
gyro_norm,33.905,0.23806539256496062
gyro_norm,33.928,0.25256843728997275
gyro_norm,33.957,0.21463401966788226
gyro_norm,33.971,0.15082964683932779
gyro_norm,33.993,0.19845984664106714
gyro_norm,34.014,0.2511416729313956
gyro_norm,34.037,0.40397209753491153
gyro_norm,34.058,0.4546540738695026
gyro_norm,34.08,0.39664524791310923
gyro_norm,34.102,0.5004605188891228
gyro_norm,34.124,0.7595537150073862
gyro_norm,34.147,0.7736909716293043
gyro_norm,34.168,0.6135850106723707
gyro_norm,34.19,0.3256829128634852
gyro_norm,34.212,0.42558235499587826
gyro_norm,34.233,0.6048394820351173
gyro_norm,34.255,0.5842979305443757
gyro_norm,34.277,0.5526124512563124
gyro_norm,34.299,0.5574510099450091
gyro_norm,34.323,0.4935715767126974
gyro_norm,34.342,0.3820214786277643
gyro_norm,34.365,0.27615487581593867
gyro_norm,34.389,0.187572788470769
gyro_norm,34.408,0.16614266390925395
gyro_norm,34.43,0.12077997695593072
gyro_norm,34.452,0.0870758268871007
gyro_norm,34.482,0.2123806200381607
gyro_norm,34.497,0.29929870947451714
gyro_norm,34.518,0.3706636008557624
gyro_norm,34.539,0.49384879818880945
gyro_norm,34.562,0.6179740846851512
gyro_norm,34.583,0.6947317725074875
gyro_norm,34.605,0.5634117643238021
gyro_norm,34.627,0.5059748474356912
gyro_norm,34.652,0.9681289922271987
gyro_norm,34.671,0.9701082355011167
gyro_norm,34.693,0.9652049249758564
gyro_norm,34.715,0.6184264767283416
gyro_norm,34.737,0.5137121149615774
gyro_norm,34.759,0.4023052944212628
gyro_norm,34.78,0.32490786053756654
gyro_norm,34.803,0.5903437519019017
gyro_norm,34.824,0.5471855981330317
gyro_norm,34.846,0.3453911022210691
gyro_norm,34.873,0.2489261787458093
gyro_norm,34.89,0.16717583294596344
gyro_norm,34.912,0.15034488662756007
gyro_norm,34.933,0.41723274220886897
gyro_norm,34.956,0.7351903507747705
gyro_norm,34.977,0.7919235448189841
gyro_norm,35.0,0.6518779533904612
gyro_norm,35.021,0.5540640605881124
gyro_norm,35.043,0.538015237747179
gyro_norm,35.065,0.44675426918582456
gyro_norm,35.096,0.2980135219604465
gyro_norm,35.108,0.4336998771826546
gyro_norm,35.13,0.5390498701559098
gyro_norm,35.153,0.6828731364720715
gyro_norm,35.174,0.7168087729262373
gyro_norm,35.197,0.6244878840630673
gyro_norm,35.218,0.21923478015209016
gyro_norm,35.24,0.29708697685303
gyro_norm,35.262,0.2031089808530723
gyro_norm,35.284,0.36783410923076987
gyro_norm,35.306,0.31703668421710446
gyro_norm,35.327,0.222578335228842
gyro_norm,35.349,0.450560574929303
gyro_norm,35.371,0.47059777237852335
gyro_norm,35.394,0.3153923709237208
gyro_norm,35.415,0.2010891897650072
gyro_norm,35.437,0.2190411315366392
gyro_norm,35.459,0.21269814543270674
gyro_norm,35.481,0.19600795668147442
gyro_norm,35.502,0.14551561461496199
gyro_norm,35.524,0.3708785313225555
gyro_norm,35.546,0.6932089695776453
gyro_norm,35.573,0.8224014723116123
gyro_norm,35.591,0.8041956619419283
gyro_norm,35.611,0.8512065252727591
gyro_norm,35.633,0.899866604011924
gyro_norm,35.655,0.7286545438472257
gyro_norm,35.677,0.5041653641205108
gyro_norm,35.699,0.566637797645159
gyro_norm,35.721,0.6516460434899753
gyro_norm,35.743,0.9281693738232929
gyro_norm,35.765,1.0687006648488706
gyro_norm,35.793,0.9987956853991099
gyro_norm,35.809,0.627889119219596
gyro_norm,35.831,0.3052594650487629
gyro_norm,35.854,0.6159825290517342
gyro_norm,35.875,0.4999745235858982
gyro_norm,35.897,0.4608923332263696
gyro_norm,35.918,0.4441671707317359
gyro_norm,35.94,0.2963234527231112
gyro_norm,35.962,0.12058449896573978
gyro_norm,35.984,0.08960498261139174
gyro_norm,36.006,0.13520904897346883
gyro_norm,36.027,0.14845357400039913
gyro_norm,36.054,0.23275606288813544
gyro_norm,36.076,0.29607267065465986
gyro_norm,36.093,0.34097842195040723
gyro_norm,36.115,0.3831257180751901
gyro_norm,36.137,0.39854750501396713
gyro_norm,36.159,0.45682367867062296
gyro_norm,36.181,0.5372093108346762
gyro_norm,36.203,0.56911133164982
gyro_norm,36.224,0.511359892762456
gyro_norm,36.247,0.48800879585878737
gyro_norm,36.268,0.5831223653516311
gyro_norm,36.291,0.8129746932833091
gyro_norm,36.312,0.9918148903294637
gyro_norm,36.334,0.8930836956377144
gyro_norm,36.356,0.47610379745918036
gyro_norm,36.377,0.20197397481309584
gyro_norm,36.4,0.5740909272451507
gyro_norm,36.421,0.549339876206243
gyro_norm,36.443,0.4102349651636342
gyro_norm,36.465,0.3855881035579036
gyro_norm,36.487,0.3602669973007067
gyro_norm,36.511,0.3564896213010047
gyro_norm,36.531,0.2955714887458711
gyro_norm,36.558,0.21644394347944684
gyro_norm,36.574,0.1652039187566379
gyro_norm,36.597,0.18972459197599414
gyro_norm,36.618,0.21309579819713081
gyro_norm,36.64,0.38313510534580214
gyro_norm,36.662,0.262998969322433
gyro_norm,36.691,0.17747304991353208
gyro_norm,36.705,0.16293243751457345
gyro_norm,36.727,0.12402491885676216
gyro_norm,36.749,0.05526322040417994
gyro_norm,36.771,0.15526567021856374
gyro_norm,36.794,0.23292043317884678
gyro_norm,36.815,0.23611114023715982
gyro_norm,36.837,0.1996515929308505
gyro_norm,36.859,0.10124392346055418
gyro_norm,36.881,0.026532213862789908
gyro_norm,36.903,0.09338866843212146
gyro_norm,36.925,0.1486929506251457
gyro_norm,36.947,0.18138847044205902
gyro_norm,36.968,0.14295785623409957
gyro_norm,36.991,0.04625132801862085
gyro_norm,37.012,0.03303791745768662
gyro_norm,37.036,0.06515185155192736
gyro_norm,37.057,0.13791430660510906
gyro_norm,37.078,0.23116500640124735
gyro_norm,37.1,0.2955264125081005
gyro_norm,37.121,0.4635426789088282
gyro_norm,37.143,0.672551421057968
gyro_norm,37.165,0.7244555074599157
gyro_norm,37.187,0.6387647752182875
gyro_norm,37.209,0.47596797726281675
gyro_norm,37.231,0.3766225568514366
gyro_norm,37.253,0.2886946539755542
gyro_norm,37.275,0.22578975233236384
gyro_norm,37.297,0.528464076041781
gyro_norm,37.318,0.5015575603080537
gyro_norm,37.34,0.2367692567072221
gyro_norm,37.362,0.2999703010998622
gyro_norm,37.384,0.5850406758635959
gyro_norm,37.406,0.8041226791003041
gyro_norm,37.427,0.9462413645664556
gyro_norm,37.45,1.1409100629234266
gyro_norm,37.472,1.1358108921260106
gyro_norm,37.493,0.9756561003857975
gyro_norm,37.518,0.8474691931757121
gyro_norm,37.537,0.8163251561028929
gyro_norm,37.559,0.8318388287387992
gyro_norm,37.581,0.8655905837020414
gyro_norm,37.603,0.9054365171140561
gyro_norm,37.624,0.8552627476074603
gyro_norm,37.647,0.61835781892089
gyro_norm,37.668,0.2947934255914136
gyro_norm,37.69,0.2600484623427779
gyro_norm,37.712,0.4143042920174206
gyro_norm,37.734,0.5294743009500126
gyro_norm,37.757,0.6156954280805944
gyro_norm,37.778,0.6398582206442603
gyro_norm,37.8,0.5321239079342341
gyro_norm,37.821,0.5168917987591016
gyro_norm,37.843,0.6243169808930993
gyro_norm,37.866,0.5803588779870152
gyro_norm,37.887,0.46180695851992637
gyro_norm,37.909,0.4285340966228006
gyro_norm,37.935,0.5316123659372258
gyro_norm,37.953,0.5725375909665527
gyro_norm,37.975,0.500875599507194
gyro_norm,37.997,0.4844110872913325
gyro_norm,38.018,0.5300859400787797
gyro_norm,38.041,0.5935945882320794
gyro_norm,38.062,0.6179131384345532
gyro_norm,38.084,0.5831249449594373
gyro_norm,38.108,0.5316753811617199
gyro_norm,38.129,0.5840807086753964
gyro_norm,38.15,0.637326026909398
gyro_norm,38.172,0.6447560899014495
gyro_norm,38.193,0.6651544640449555
gyro_norm,38.215,0.6068742554136637
gyro_norm,38.237,0.35299822982678647
gyro_norm,38.259,0.2092877305773827
gyro_norm,38.281,0.5747809944532994
gyro_norm,38.302,0.8164061332221862
gyro_norm,38.325,0.8137989505986168
gyro_norm,38.35,0.6867344337520421
gyro_norm,38.368,0.7840654629779975
gyro_norm,38.39,0.8131272096842681
gyro_norm,38.412,0.33497053178368025
gyro_norm,38.434,0.6198923350900364
gyro_norm,38.457,0.2938761120049535
gyro_norm,38.484,0.4941640839612776
gyro_norm,38.499,0.4912673011713943
gyro_norm,38.522,0.5391239398150913
gyro_norm,38.543,0.7461574728579435
gyro_norm,38.565,1.0571416297395773
gyro_norm,38.587,1.0960925221078173
gyro_norm,38.609,0.9945672769955597
gyro_norm,38.631,0.9914798174149455
gyro_norm,38.653,0.9830557995241752
gyro_norm,38.675,0.8697084337618363
gyro_norm,38.697,0.7969073798906715
gyro_norm,38.719,0.7208054777214592
gyro_norm,38.74,0.516614688093784
gyro_norm,38.763,0.391035184127191
gyro_norm,38.784,0.4781510866001834
gyro_norm,38.806,0.5168014652106998
gyro_norm,38.828,0.3955094092268341
gyro_norm,38.858,0.31079100052149317
gyro_norm,38.872,0.32373762135921397
gyro_norm,38.894,0.4599459320477896
gyro_norm,38.916,0.6984968928670044
gyro_norm,38.937,0.5714186592681499
gyro_norm,38.959,0.5177085538801705
gyro_norm,38.981,1.3574400463931913
gyro_norm,39.003,1.837607874284324
gyro_norm,39.025,1.6821389649665341
gyro_norm,39.049,1.2135576053019073
gyro_norm,39.069,0.8118277017559857
gyro_norm,39.09,0.5570000484046135
gyro_norm,39.112,0.3496977245005236
gyro_norm,39.137,0.2986549896177245
gyro_norm,39.157,0.38636258939131013
gyro_norm,39.178,0.5612350031412131
gyro_norm,39.2,0.6895114825991855
gyro_norm,39.221,0.7225124504588245
gyro_norm,39.243,0.6048804011114354
gyro_norm,39.265,0.4520404058424075
gyro_norm,39.293,0.39788551341685796
gyro_norm,39.309,0.36365244065304236
gyro_norm,39.331,0.30022302395986233
gyro_norm,39.353,0.2247769154221293
gyro_norm,39.375,0.08798361225965756
gyro_norm,39.397,0.3318742195963629
gyro_norm,39.419,0.3910637093785812
gyro_norm,39.441,0.7393822569736984
gyro_norm,39.462,0.8626494221001958
gyro_norm,39.485,0.32774152149790864
gyro_norm,39.509,0.7501998039968507
gyro_norm,39.528,0.33923907671075065
gyro_norm,39.55,0.6777376742089187
gyro_norm,39.573,0.6578164657535475
gyro_norm,39.598,0.5691243642654348
gyro_norm,39.615,0.5232903314555049
gyro_norm,39.637,0.6990639743544284
gyro_norm,39.659,0.6917125332158469
gyro_norm,39.681,0.5741483397230063
gyro_norm,39.703,0.4675580614844503
gyro_norm,39.725,0.36881668007144824
gyro_norm,39.75,0.35900626468626384
gyro_norm,39.768,0.3918061666466285
gyro_norm,39.79,0.33632922629756923
gyro_norm,39.812,0.2199499200631994
gyro_norm,39.834,0.1808650450701677
gyro_norm,39.857,0.09479826663118385
gyro_norm,39.878,0.22253537045179514
gyro_norm,39.9,0.3512567354806269
gyro_norm,39.925,0.44893101661621526
gyro_norm,39.943,0.5329149184945636
gyro_norm,39.965,0.4937044237298849
gyro_norm,39.988,0.41309957811952686
gyro_norm,40.009,0.5582858072716298
gyro_norm,40.031,0.8265296903717888
gyro_norm,40.053,1.1584987825046418
gyro_norm,40.075,0.9797494331158257
gyro_norm,40.097,0.8648089685722851
gyro_norm,40.119,0.9241456718967713
gyro_norm,40.141,0.604598166848272
gyro_norm,40.162,0.9467816752435911
gyro_norm,40.184,1.1479630739741624
gyro_norm,40.206,0.7952796424233687
gyro_norm,40.233,0.5291136526431086
gyro_norm,40.25,0.7099445573907429
gyro_norm,40.272,0.6082160897358573
gyro_norm,40.294,0.516070171534657
gyro_norm,40.317,0.5819917046854667
gyro_norm,40.337,0.6331169480896532
gyro_norm,40.359,0.6349160331545334
gyro_norm,40.381,0.6645286750659118
gyro_norm,40.403,0.6619576848112324
gyro_norm,40.425,0.7690154533515262
gyro_norm,40.457,1.5790377125723616
gyro_norm,40.471,2.0811510793576273
gyro_norm,40.49,1.6445180222953772
gyro_norm,40.515,1.1968321204985168
gyro_norm,40.534,1.06005081540239
gyro_norm,40.559,0.8738143245939569
gyro_norm,40.578,0.8012212182353171
gyro_norm,40.599,0.7864286286587295
gyro_norm,40.622,0.5061865892762644
gyro_norm,40.643,0.6239980320791663
gyro_norm,40.665,0.7109423092570585
gyro_norm,40.687,0.9014825922572044
gyro_norm,40.709,1.1561185996745231
gyro_norm,40.731,1.231271572079049
gyro_norm,40.753,0.8178823837736221
gyro_norm,40.775,0.39214621258415605
gyro_norm,40.797,0.20042154696293607
gyro_norm,40.818,0.3685207956298206
gyro_norm,40.84,0.7789370399546018
gyro_norm,40.862,0.6322308285800127
gyro_norm,40.884,0.3710755258884
gyro_norm,40.907,0.4481527790317393
gyro_norm,40.928,0.3491698645593066
gyro_norm,40.956,0.4155148407870079
gyro_norm,40.972,0.48474967631952726
gyro_norm,40.994,0.537937517435848
gyro_norm,41.017,0.46322491916459885
gyro_norm,41.041,0.3795053607746034
gyro_norm,41.059,0.33746958729733845
gyro_norm,41.081,0.2636582112304929
gyro_norm,41.103,0.3598665991088219
gyro_norm,41.125,0.5609342878582976
gyro_norm,41.154,0.45171296920042925
gyro_norm,41.169,0.41452081069952956
gyro_norm,41.191,0.48139268009720676
gyro_norm,41.212,0.41199052056657515
gyro_norm,41.234,0.41297568077814356
gyro_norm,41.257,0.5961111269271926
gyro_norm,41.279,0.5554130852318577
gyro_norm,41.3,0.5124636866917519
gyro_norm,41.322,0.5006017513940889
gyro_norm,41.344,0.5760605921824739
gyro_norm,41.369,0.663075675447292
gyro_norm,41.387,0.5623585433448631
gyro_norm,41.41,0.4787680849760673
gyro_norm,41.431,0.45287161566865947
gyro_norm,41.453,0.3886052177247694
gyro_norm,41.475,0.3722677347113801
gyro_norm,41.497,0.3974500806362273
gyro_norm,41.519,0.36990804908431313
gyro_norm,41.541,0.3383233243807178
gyro_norm,41.563,0.41116125965421135
gyro_norm,41.585,0.41798800402849895
gyro_norm,41.607,0.549587466225503
gyro_norm,41.629,1.009704070778796
gyro_norm,41.651,0.7527531825252431
gyro_norm,41.676,0.6460517119948567
gyro_norm,41.694,0.6050154342044933
gyro_norm,41.717,0.9018682959740377
gyro_norm,41.738,0.9449384850410203
gyro_norm,41.76,0.7495199370339897
gyro_norm,41.781,0.5456380945326673
gyro_norm,41.804,0.7054907898300056
gyro_norm,41.825,0.7537521203719784
gyro_norm,41.847,0.6426532112907726
gyro_norm,41.869,0.6120025708806451
gyro_norm,41.891,0.6153996992374813
gyro_norm,41.913,0.6045903666639021
gyro_norm,41.934,0.5587438266428434
gyro_norm,41.957,0.49993545813010637
gyro_norm,41.978,0.43366123161015624
gyro_norm,42.001,0.3731869478508857
gyro_norm,42.022,0.5148093149181671
gyro_norm,42.044,0.7392060518788703
gyro_norm,42.066,0.9482302512375597
gyro_norm,42.097,1.288630370509059
gyro_norm,42.11,1.848339600244731
gyro_norm,42.131,2.0172121802088174
gyro_norm,42.162,1.5325871161568554
gyro_norm,42.176,1.1310950423561557
gyro_norm,42.197,1.0251665562714678
gyro_norm,42.219,1.583429126885201
gyro_norm,42.241,1.9741122589954492
gyro_norm,42.263,2.0900817988625975
gyro_norm,42.286,2.0326071049413112
gyro_norm,42.307,1.6249993465658994
gyro_norm,42.329,1.107573720131948
gyro_norm,42.35,0.6966868983114289
gyro_norm,42.372,0.44068001014058605
gyro_norm,42.394,0.7121933245973131
gyro_norm,42.417,1.1288031887551162
gyro_norm,42.438,1.3094599966302978
gyro_norm,42.459,1.312058958047383
gyro_norm,42.482,1.170978878112799
gyro_norm,42.503,0.9172094740823197
gyro_norm,42.525,0.8153375116497569
gyro_norm,42.551,0.846915239096882
gyro_norm,42.57,0.7519853259129676
gyro_norm,42.591,0.44145446702309477
gyro_norm,42.613,0.13474882819866374
gyro_norm,42.635,0.3479765422660388
gyro_norm,42.657,0.5647902686338869
gyro_norm,42.679,0.655985919330262
gyro_norm,42.701,0.6614675486254306
gyro_norm,42.723,0.872231285050122
gyro_norm,42.744,1.3265173211754653
gyro_norm,42.767,1.1703415344330488
gyro_norm,42.788,0.5260658148293059
gyro_norm,42.811,1.042962072231249
gyro_norm,42.832,1.5320420092997122
gyro_norm,42.853,1.8378217057188575
gyro_norm,42.875,1.456677127052519
gyro_norm,42.897,1.3994773401619727
gyro_norm,42.92,1.4845038702623916
gyro_norm,42.941,1.47424176180038
gyro_norm,42.963,1.3423448875822008
gyro_norm,42.985,0.9627791932393455
gyro_norm,43.007,0.6171320369779464
gyro_norm,43.029,0.6322227697388424
gyro_norm,43.051,0.8131691833940431
gyro_norm,43.072,0.8474085361265796
gyro_norm,43.094,0.6148459957089162
gyro_norm,43.117,0.18025603200638213
gyro_norm,43.138,0.49233508719738306
gyro_norm,43.16,0.9128605648666246
gyro_norm,43.182,0.46518146407583444
gyro_norm,43.204,0.34976010259402696
gyro_norm,43.226,0.7135818603481983
gyro_norm,43.251,1.0473065781501747
gyro_norm,43.273,1.2714636670652595
gyro_norm,43.291,1.4046498143508397
gyro_norm,43.313,1.7488788028863302
gyro_norm,43.335,1.498728684534981
gyro_norm,43.357,0.8211174365234808
gyro_norm,43.378,1.1860243632245713
gyro_norm,43.401,1.1565824955142052
gyro_norm,43.423,1.3263004210208231
gyro_norm,43.445,1.1167379645341382
gyro_norm,43.466,0.42102567401253616
gyro_norm,43.491,0.4386022971283597
gyro_norm,43.51,0.8410943021959174
gyro_norm,43.532,1.0601611933382442
gyro_norm,43.554,0.8834123731469455
gyro_norm,43.576,0.5574318509980932
gyro_norm,43.597,0.4631349408508328
gyro_norm,43.619,0.6256803585658406
gyro_norm,43.641,0.6785305985310905
gyro_norm,43.663,0.5100620539925
gyro_norm,43.685,0.4229456669698264
gyro_norm,43.707,0.5961360593787907
gyro_norm,43.737,0.7410069462336047
gyro_norm,43.752,0.6834519975225153
gyro_norm,43.772,0.6786211431084338
gyro_norm,43.794,0.8926813742136174
gyro_norm,43.817,1.0766058320334184
gyro_norm,43.841,1.025870696575209
gyro_norm,43.861,0.821331803591997
gyro_norm,43.882,0.6680312043891828
gyro_norm,43.903,0.7927560073802957
gyro_norm,43.929,0.9137512792641314
gyro_norm,43.948,0.9307682972424335
gyro_norm,43.97,1.110943847003296
gyro_norm,43.991,1.0817009663385482
gyro_norm,44.013,0.9258410209187342
gyro_norm,44.035,0.9925680967106302
gyro_norm,44.057,1.2280666454600053
gyro_norm,44.079,1.3705980981114507
gyro_norm,44.1,1.2022797530119582
gyro_norm,44.123,1.0244729922724818
gyro_norm,44.144,0.8102493043551912
gyro_norm,44.166,0.7347129088909532
gyro_norm,44.191,0.8241546437525271
gyro_norm,44.21,0.8881930906529167
gyro_norm,44.232,0.8702222816357303
gyro_norm,44.254,0.8215359831666063
gyro_norm,44.277,0.8136826146504095
gyro_norm,44.297,0.8406723570077873
gyro_norm,44.32,0.8192969230403966
gyro_norm,44.341,0.6177081428912271
gyro_norm,44.363,0.5840135914085947
gyro_norm,44.385,0.7094312364391933
gyro_norm,44.407,0.8244893942522653
gyro_norm,44.43,0.9512447347066579
gyro_norm,44.451,0.9786067188372491
gyro_norm,44.472,0.891442080300881
gyro_norm,44.494,0.8271134772124836
gyro_norm,44.517,0.8632284957484169
gyro_norm,44.538,0.9094735842795999
gyro_norm,44.56,0.8847706382272389
gyro_norm,44.582,0.7235266390440762
gyro_norm,44.604,0.6511672686652301
gyro_norm,44.633,0.7289666488215342
gyro_norm,44.649,0.8373420023829324
gyro_norm,44.669,0.7502885387391803
gyro_norm,44.691,0.6544552090621596
