sensor,time_s,value
dynamic_accel,0.001,-1.3534145477520791
dynamic_accel,0.051,0.7092323936583877
dynamic_accel,0.101,0.46122971490300557
dynamic_accel,0.151,-0.24159160224719933
dynamic_accel,0.201,0.41849082520190706
dynamic_accel,0.251,-0.5391059114884769
dynamic_accel,0.301,0.13539446665328292
dynamic_accel,0.351,0.23637160407188063
dynamic_accel,0.401,-0.19452044789198553
dynamic_accel,0.451,-0.2404583063536112
dynamic_accel,0.501,-0.1066548576961921
dynamic_accel,0.551,0.6067526873671589
dynamic_accel,0.601,0.2596779968188496
dynamic_accel,0.651,0.03898361053625976
dynamic_accel,0.701,-0.14347487642591084
dynamic_accel,0.751,-0.5557875272415327
dynamic_accel,0.801,0.13347542994586092
dynamic_accel,0.851,-0.025644110400557807
dynamic_accel,0.901,0.10572002710602213
dynamic_accel,0.951,-0.0810822417879642
dynamic_accel,1.001,0.3528239833481521
dynamic_accel,1.051,0.05759601126294456
dynamic_accel,1.101,-0.4891330209822282
dynamic_accel,1.151,-0.3805881383683829
dynamic_accel,1.201,0.39318037858391186
dynamic_accel,1.251,-0.16731929931740552
dynamic_accel,1.301,-0.39210592256888255
dynamic_accel,1.351,1.0374170057073009
dynamic_accel,1.401,0.11597726434995792
dynamic_accel,1.451,0.42774768488340165
dynamic_accel,1.501,-0.47106895703301177
dynamic_accel,1.551,0.10775327495540843
dynamic_accel,1.601,-0.1512187365716695
dynamic_accel,1.651,-0.0807667711442015
dynamic_accel,1.701,-0.14399879688425266
dynamic_accel,1.751,-0.17665742338241408
dynamic_accel,1.801,-0.146260507641216
dynamic_accel,1.851,0.17000131398099327
dynamic_accel,1.901,0.025113515817471566
dynamic_accel,1.951,0.13162509939823686
dynamic_accel,2.001,-0.11137795899414371
dynamic_accel,2.051,0.09311270589441101
dynamic_accel,2.101,-0.1896133371431432
dynamic_accel,2.151,0.3357085822206649
dynamic_accel,2.201,0.014549586398734604
dynamic_accel,2.251,0.05710064799026071
dynamic_accel,2.301,-0.28267574891845193
dynamic_accel,2.351,0.010558503658366192
dynamic_accel,2.401,-0.02990963003690794
dynamic_accel,2.451,0.09900177436713697
dynamic_accel,2.501,0.04106860476939822
dynamic_accel,2.551,0.010192071152493654
dynamic_accel,2.601,0.04276937810667292
dynamic_accel,2.651,-0.01806567079496979
dynamic_accel,2.701,0.022888269882036738
dynamic_accel,2.751,-0.07603950869542508
dynamic_accel,2.801,-0.3656537827555528
dynamic_accel,2.851,-0.17143704185422948
dynamic_accel,2.901,-0.02087983715695252
dynamic_accel,2.951,-0.12975420178152142
dynamic_accel,3.001,0.26163403515873007
dynamic_accel,3.051,0.03616908074493708
dynamic_accel,3.101,-0.036821014075789193
dynamic_accel,3.151,0.38607360536189006
dynamic_accel,3.201,1.6568647137378036
dynamic_accel,3.251,-0.3006868280826964
dynamic_accel,3.301,0.27430027837130133
dynamic_accel,3.351,-0.6885844851320844
dynamic_accel,3.401,-1.0056697140568502
dynamic_accel,3.451,-0.728689554190618
dynamic_accel,3.501,-0.6870200103298405
dynamic_accel,3.551,-0.21432750196439443
dynamic_accel,3.601,-0.14969648896314425
dynamic_accel,3.651,0.919966834864832
dynamic_accel,3.701,-0.43692204546665536
dynamic_accel,3.751,0.05857925971857547
dynamic_accel,3.801,-0.3388408221925179
dynamic_accel,3.851,-0.14724454797146436
dynamic_accel,3.901,0.8783734481932246
dynamic_accel,3.951,0.9948516243936893
dynamic_accel,4.001,1.4360452627977764
dynamic_accel,4.051,2.2805301255644572
dynamic_accel,4.101,1.8764975718594492
dynamic_accel,4.151,-1.5496796018984575
dynamic_accel,4.201,-1.4843037742979828
dynamic_accel,4.251,-2.5821995003965004
dynamic_accel,4.301,-2.551849252468835
dynamic_accel,4.351,-1.1500062680615795
dynamic_accel,4.401,0.008743779123889794
dynamic_accel,4.451,0.16097139536905125
dynamic_accel,4.501,0.830823660007141
dynamic_accel,4.551,0.8058322969157814
dynamic_accel,4.601,2.035079585936792
dynamic_accel,4.651,1.2055293762924677
dynamic_accel,4.701,2.2677425905298048
dynamic_accel,4.751,1.8451964583341205
dynamic_accel,4.801,-0.9750650393692304
dynamic_accel,4.851,-3.429030511456304
dynamic_accel,4.901,-4.914575218583132
dynamic_accel,4.951,-3.409136936988112
dynamic_accel,5.001,-1.0975872393727943
dynamic_accel,5.051,2.075542255710758
dynamic_accel,5.101,3.458185007804939
dynamic_accel,5.151,3.443293403493925
dynamic_accel,5.201,2.975200973421682
dynamic_accel,5.251,4.7570509952434
dynamic_accel,5.301,-0.39236614444977924
dynamic_accel,5.351,-1.3365374527795382
dynamic_accel,5.401,-2.659527099430571
dynamic_accel,5.451,-2.8532068894315055
dynamic_accel,5.501,-3.222160223579059
dynamic_accel,5.551,-1.5272948845311518
dynamic_accel,5.601,-1.2798096950433937
dynamic_accel,5.651,-0.7650347258336208
dynamic_accel,5.701,2.94281332856848
dynamic_accel,5.751,3.636858355069057
dynamic_accel,5.801,1.6930546946298577
dynamic_accel,5.851,1.243166547808384
dynamic_accel,5.901,-0.4456055077230676
dynamic_accel,5.951,-2.6502548656004183
dynamic_accel,6.001,-2.817711838055179
dynamic_accel,6.051,-2.862880049035505
dynamic_accel,6.101,0.35200972698495825
dynamic_accel,6.151,0.9310093445783565
dynamic_accel,6.201,2.4555809601487013
dynamic_accel,6.251,3.4390312850698415
dynamic_accel,6.301,0.9013021239243582
dynamic_accel,6.351,3.471803699352815
dynamic_accel,6.401,-1.8922842582912462
dynamic_accel,6.451,-1.6269375380562643
dynamic_accel,6.501,-3.2498444514356857
dynamic_accel,6.551,-2.546752874532575
dynamic_accel,6.601,-2.2973930442084765
dynamic_accel,6.651,-0.6305016842308984
dynamic_accel,6.701,0.4775852219584191
dynamic_accel,6.751,1.3084016021151506
dynamic_accel,6.801,4.04112047557841
dynamic_accel,6.851,1.8179393299884872
dynamic_accel,6.901,3.9162966834887705
dynamic_accel,6.951,-0.2172242473330641
dynamic_accel,7.001,-1.6008923864230766
dynamic_accel,7.051,-3.413294330930259
dynamic_accel,7.101,-3.3033466778723826
dynamic_accel,7.151,-2.350020291639468
dynamic_accel,7.201,0.2394779928635309
dynamic_accel,7.251,1.0364438961146902
dynamic_accel,7.301,2.9480196434687613
dynamic_accel,7.351,3.6343839530673545
dynamic_accel,7.401,1.1892651575017918
dynamic_accel,7.451,1.607672387125037
dynamic_accel,7.501,-0.6764843025492109
dynamic_accel,7.551,-2.633966668929297
dynamic_accel,7.601,-2.9123782940360057
dynamic_accel,7.651,-3.0061240009177377
dynamic_accel,7.701,-1.8715290935477693
dynamic_accel,7.751,0.025428069194980196
dynamic_accel,7.801,0.6881796848169053
dynamic_accel,7.851,0.6770534599029521
dynamic_accel,7.901,3.490449491335072
dynamic_accel,7.951,0.9241801725222558
dynamic_accel,8.001,2.3742078247662377
dynamic_accel,8.051,3.2136698665040875
dynamic_accel,8.101,1.3030531516822474
dynamic_accel,8.151,-3.3889446612765175
dynamic_accel,8.201,-4.151750319884191
dynamic_accel,8.251,-3.4781908652645797
dynamic_accel,8.301,-3.0277817749823894
dynamic_accel,8.351,-1.7646027086855405
dynamic_accel,8.401,1.0640428672367808
dynamic_accel,8.451,3.5023541186355214
dynamic_accel,8.501,4.401139111310176
dynamic_accel,8.551,4.885854527134443
dynamic_accel,8.601,1.554815797567148
dynamic_accel,8.651,-2.48170741254253
dynamic_accel,8.701,1.4484354576195848
dynamic_accel,8.751,-2.127710142831665
dynamic_accel,8.801,-4.003826350826324
dynamic_accel,8.851,-3.3580485175820485
dynamic_accel,8.901,-1.5470488006467065
dynamic_accel,8.951,0.5900987072934445
dynamic_accel,9.001,1.4546261092395802
dynamic_accel,9.051,3.5537763293069293
dynamic_accel,9.101,1.7754423749857882
dynamic_accel,9.151,5.423552751768177
dynamic_accel,9.201,1.4370449856592504
dynamic_accel,9.251,-3.8106384290452118
dynamic_accel,9.301,-6.834523433575378
dynamic_accel,9.351,-4.769726126958821
dynamic_accel,9.401,-2.90764392995991
dynamic_accel,9.451,0.08243287831177426
dynamic_accel,9.501,1.7993385032445346
dynamic_accel,9.551,4.501954621762151
dynamic_accel,9.601,6.442272953501188
dynamic_accel,9.651,2.0942806427857263
dynamic_accel,9.701,3.3666340754303565
dynamic_accel,9.751,-2.5667503562303615
dynamic_accel,9.801,-1.4258835219298387
dynamic_accel,9.851,-3.507159060526787
dynamic_accel,9.901,-4.417784056001352
dynamic_accel,9.951,-3.4714024632347504
dynamic_accel,10.001,-0.42976049563183594
dynamic_accel,10.051,3.094124107795942
dynamic_accel,10.101,3.291645123525292
dynamic_accel,10.151,4.480020062469142
dynamic_accel,10.201,-0.517664015057802
dynamic_accel,10.251,1.9025524849783935
dynamic_accel,10.301,-0.1658744546522417
dynamic_accel,10.351,-2.3829688093419223
dynamic_accel,10.401,-4.457385801653729
dynamic_accel,10.451,-4.375297631082041
dynamic_accel,10.501,-2.924191404127183
dynamic_accel,10.551,-1.3385465247888249
dynamic_accel,10.601,2.3629509844778998
dynamic_accel,10.651,3.503803806619249
dynamic_accel,10.701,4.886237829509252
dynamic_accel,10.751,1.4815679383765712
dynamic_accel,10.801,7.9480902205022055
dynamic_accel,10.851,-1.2923551394523862
dynamic_accel,10.901,-1.3585046834850711
dynamic_accel,10.951,-2.481674067005809
dynamic_accel,11.001,-2.724395701881827
dynamic_accel,11.051,-4.066273413889421
dynamic_accel,11.101,-2.077467375164833
dynamic_accel,11.151,-0.6783719122523788
dynamic_accel,11.201,0.5733639039180485
dynamic_accel,11.251,2.1363734714953413
dynamic_accel,11.301,3.3197509456668293
dynamic_accel,11.351,2.6876588434482294
dynamic_accel,11.401,2.115314751577001
dynamic_accel,11.451,-1.7363382725641952
dynamic_accel,11.501,-3.209060766129003
dynamic_accel,11.551,-3.9706755406266367
dynamic_accel,11.601,-3.1673801909922403
dynamic_accel,11.651,-0.5084779263223815
dynamic_accel,11.701,1.0555964796058461
dynamic_accel,11.751,1.6629548060440662
dynamic_accel,11.801,3.424059216981176
dynamic_accel,11.851,4.163502647329182
dynamic_accel,11.901,1.0011556750804633
dynamic_accel,11.951,2.997047326957155
dynamic_accel,12.001,-1.5092375454862506
dynamic_accel,12.051,-3.4502599391340283
dynamic_accel,12.101,-4.085501783361196
dynamic_accel,12.151,-4.545774806478878
dynamic_accel,12.201,-2.2691174367581954
dynamic_accel,12.251,0.6249163366330244
dynamic_accel,12.301,1.8129313169904187
dynamic_accel,12.351,1.335752296035377
dynamic_accel,12.401,4.257586389441238
dynamic_accel,12.451,3.509061790972723
dynamic_accel,12.501,5.792941205729621
dynamic_accel,12.551,1.9447742529877967
dynamic_accel,12.601,-2.3386200833336392
dynamic_accel,12.651,-6.646171376462459
dynamic_accel,12.701,-6.28097206105231
dynamic_accel,12.751,-4.176297786431533
dynamic_accel,12.801,-1.9144433375192413
dynamic_accel,12.851,-0.6825042217421711
dynamic_accel,12.901,2.10740843727228
dynamic_accel,12.951,5.143496030718152
dynamic_accel,13.001,8.886399157498795
dynamic_accel,13.051,6.314289828679275
dynamic_accel,13.101,0.07773107647104638
dynamic_accel,13.151,-2.253719257771129
dynamic_accel,13.201,-4.945893869357621
dynamic_accel,13.251,-6.262074967146278
dynamic_accel,13.301,-4.278394577939631
dynamic_accel,13.351,-2.2837383605557875
dynamic_accel,13.401,0.07965412462795207
dynamic_accel,13.451,1.8167668331149969
dynamic_accel,13.501,4.239681708680475
dynamic_accel,13.551,3.7679903069706526
dynamic_accel,13.601,5.545306689967964
dynamic_accel,13.651,1.2365184896654355
dynamic_accel,13.701,-4.8737168649883875
dynamic_accel,13.751,-3.3317638178873885
dynamic_accel,13.801,-1.586831682277431
dynamic_accel,13.851,-3.525704522600119
dynamic_accel,13.901,-1.469433059560286
dynamic_accel,13.951,-1.5987931558586936
dynamic_accel,14.001,-0.06878710846096858
dynamic_accel,14.051,3.9754405482287556
dynamic_accel,14.101,7.287465082941809
dynamic_accel,14.151,7.175723156691184
dynamic_accel,14.201,-1.7136561776063548
dynamic_accel,14.251,-1.5582557023793449
dynamic_accel,14.301,-2.1244388602474977
dynamic_accel,14.351,-5.544016916543347
dynamic_accel,14.401,-4.741491046726573
dynamic_accel,14.451,-2.668681240032596
dynamic_accel,14.501,-0.571869826481878
dynamic_accel,14.551,3.6729414047074815
dynamic_accel,14.601,4.4980259003247784
dynamic_accel,14.651,3.102642685131194
dynamic_accel,14.701,3.3666674809271875
dynamic_accel,14.751,3.682871782601863
dynamic_accel,14.801,-0.11859809008058875
dynamic_accel,14.851,-4.37348187809283
dynamic_accel,14.901,-6.068241332865262
dynamic_accel,14.951,-5.4052295425909
dynamic_accel,15.001,-1.6635036693918686
dynamic_accel,15.051,1.091316997765622
dynamic_accel,15.101,2.4390267467521856
dynamic_accel,15.151,3.5647787284901202
dynamic_accel,15.201,4.073619745646798
dynamic_accel,15.251,2.32342421024417
dynamic_accel,15.301,0.40645436110823496
dynamic_accel,15.351,-1.8150360703102493
dynamic_accel,15.401,-4.548801731963847
dynamic_accel,15.451,-3.770069003608654
dynamic_accel,15.501,-2.366807479673154
dynamic_accel,15.551,-1.5089707660919807
dynamic_accel,15.601,1.198485773316774
dynamic_accel,15.651,2.077799793819988
dynamic_accel,15.701,3.430157429714283
dynamic_accel,15.751,3.8663806225285384
dynamic_accel,15.801,4.346697370181468
dynamic_accel,15.851,3.482764044579678
dynamic_accel,15.901,-3.9222116187756066
dynamic_accel,15.951,-4.215699715160751
dynamic_accel,16.001,-3.442013778417973
dynamic_accel,16.051,-2.7405602534764277
dynamic_accel,16.101,-1.4972056976377974
dynamic_accel,16.151,0.45347399361782337
dynamic_accel,16.201,1.6031344084218357
dynamic_accel,16.251,2.5228619516965782
dynamic_accel,16.301,4.34291467462176
dynamic_accel,16.351,1.9261050796224204
dynamic_accel,16.401,0.08443483074261593
dynamic_accel,16.451,-1.8169258903973162
dynamic_accel,16.501,-2.957145106627677
dynamic_accel,16.551,-3.938857329909724
dynamic_accel,16.601,-1.937128253251327
dynamic_accel,16.651,-0.21532099296444507
dynamic_accel,16.701,1.0589998748018647
dynamic_accel,16.751,1.4110510466534762
dynamic_accel,16.801,2.0643425965089754
dynamic_accel,16.851,3.9203522500116303
dynamic_accel,16.901,1.0678494209970602
dynamic_accel,16.951,1.242689643056842
dynamic_accel,17.001,-0.055271359448800794
dynamic_accel,17.051,-2.957920199370089
dynamic_accel,17.101,-3.8846548161629384
dynamic_accel,17.151,-3.470868595879481
dynamic_accel,17.201,-1.4971998697331816
dynamic_accel,17.251,0.982177524867506
dynamic_accel,17.301,1.4817447404388524
dynamic_accel,17.351,2.4689385065312806
dynamic_accel,17.401,2.557580167702133
dynamic_accel,17.451,2.8147038380411296
dynamic_accel,17.501,3.606636437758519
dynamic_accel,17.551,-0.5029574258804352
dynamic_accel,17.601,-2.996372136826211
dynamic_accel,17.651,-3.8402680380420193
dynamic_accel,17.701,-3.393365056611106
dynamic_accel,17.751,-2.4921238410591737
dynamic_accel,17.801,-0.860374813878412
dynamic_accel,17.851,0.4948011224458142
dynamic_accel,17.901,1.234613647864382
dynamic_accel,17.951,2.008508074106441
dynamic_accel,18.001,5.34529539230005
dynamic_accel,18.051,3.4238071100541596
dynamic_accel,18.101,1.6892974574180908
dynamic_accel,18.151,-1.124162441948501
dynamic_accel,18.201,-4.118638363391319
dynamic_accel,18.251,-5.249471922248318
dynamic_accel,18.301,-2.8524397058307933
dynamic_accel,18.351,-0.3321457089583806
dynamic_accel,18.401,0.5601776838406778
dynamic_accel,18.451,2.389469063229331
dynamic_accel,18.501,3.4194821234329833
dynamic_accel,18.551,3.271518230635392
dynamic_accel,18.601,3.8804525069629356
dynamic_accel,18.651,-0.47708136201256046
dynamic_accel,18.701,-3.5309873286199256
dynamic_accel,18.751,-3.776852144648201
dynamic_accel,18.801,-3.3703998379008917
dynamic_accel,18.851,-1.6553809974751257
dynamic_accel,18.901,0.39822584880374556
dynamic_accel,18.951,1.4958000837040544
dynamic_accel,19.001,2.413402127330942
dynamic_accel,19.051,3.532880902065111
dynamic_accel,19.101,2.2456575441201707
dynamic_accel,19.151,1.8556330166830293
dynamic_accel,19.201,-0.5867311863356761
dynamic_accel,19.251,-3.270135008781174
dynamic_accel,19.301,-6.727004311263568
dynamic_accel,19.351,-5.3664209854994125
dynamic_accel,19.401,-2.226941544948887
dynamic_accel,19.451,3.675945012714177
dynamic_accel,19.501,4.883129410131238
dynamic_accel,19.551,5.29303441817391
dynamic_accel,19.601,5.599360461670269
dynamic_accel,19.651,0.9160806588543977
dynamic_accel,19.701,0.792412812196714
dynamic_accel,19.751,-3.6880044254444995
dynamic_accel,19.801,-4.066387811070464
dynamic_accel,19.851,-4.846048529596982
dynamic_accel,19.901,-3.9500784669340154
dynamic_accel,19.951,-1.2027358908894978
dynamic_accel,20.001,1.467439678004716
dynamic_accel,20.051,1.6629205436515004
dynamic_accel,20.101,3.363884119171768
dynamic_accel,20.151,2.8934808849368494
dynamic_accel,20.201,3.908236398452937
dynamic_accel,20.251,4.718073398559634
dynamic_accel,20.301,-1.4410964935369233
dynamic_accel,20.351,-5.042138114399591
dynamic_accel,20.401,-5.854353688262182
dynamic_accel,20.451,-3.4478530304745156
dynamic_accel,20.501,-2.056179748466075
dynamic_accel,20.551,0.5242936607304518
dynamic_accel,20.601,1.9736329055051716
dynamic_accel,20.651,4.879960484018511
dynamic_accel,20.701,2.442013726851739
dynamic_accel,20.751,3.201139051337531
dynamic_accel,20.801,1.2943843460962512
dynamic_accel,20.851,-0.2762568220384498
dynamic_accel,20.901,-2.337033036328757
dynamic_accel,20.951,-4.551819884239212
dynamic_accel,21.001,-4.426063475975784
dynamic_accel,21.051,-1.7914432926992152
dynamic_accel,21.101,1.5980459656200576
dynamic_accel,21.151,1.8696316493425051
dynamic_accel,21.201,2.527066941387302
dynamic_accel,21.251,2.619841124571181
dynamic_accel,21.301,4.706699583617805
dynamic_accel,21.351,1.698605436876326
dynamic_accel,21.401,-2.216480103560471
dynamic_accel,21.451,-4.368448389582676
dynamic_accel,21.501,-4.11850914613717
dynamic_accel,21.551,-2.727166281285106
dynamic_accel,21.601,0.7141739191508307
dynamic_accel,21.651,2.0005732777683445
dynamic_accel,21.701,2.630894912499386
dynamic_accel,21.751,2.991939030095354
dynamic_accel,21.801,0.5054558297259213
dynamic_accel,21.851,3.2612184456460973
dynamic_accel,21.901,-1.0064656911258023
dynamic_accel,21.951,-2.167530446477074
dynamic_accel,22.001,-2.4060345796276463
dynamic_accel,22.051,-3.852334468776405
dynamic_accel,22.101,-3.7758268838922495
dynamic_accel,22.151,-0.8079475115680221
dynamic_accel,22.201,0.16902734692831878
dynamic_accel,22.251,2.87245685838478
dynamic_accel,22.301,5.300831067020493
dynamic_accel,22.351,1.2622083384577767
dynamic_accel,22.401,1.2622124705711801
dynamic_accel,22.451,0.6592052267420456
dynamic_accel,22.501,-1.0462876282326015
dynamic_accel,22.551,-3.489877526012064
dynamic_accel,22.601,-4.199522941349944
dynamic_accel,22.651,-1.8571991644049515
dynamic_accel,22.701,0.16190799329721095
dynamic_accel,22.751,2.7028052519181642
dynamic_accel,22.801,3.019288581440412
dynamic_accel,22.851,3.3591912770791232
dynamic_accel,22.901,2.2598239938828755
dynamic_accel,22.951,2.0012853320174386
dynamic_accel,23.001,-1.4654012149273985
dynamic_accel,23.051,-0.7318962273978489
dynamic_accel,23.101,-2.606876134065848
dynamic_accel,23.151,-2.8157634230827195
dynamic_accel,23.201,-2.1550633585054335
dynamic_accel,23.251,-0.9989403533203411
dynamic_accel,23.301,1.0172312144040347
dynamic_accel,23.351,0.8050589485451027
dynamic_accel,23.401,0.7596980453664308
dynamic_accel,23.451,0.807336937692952
dynamic_accel,23.501,2.2448624122981773
dynamic_accel,23.551,0.8318224574741873
dynamic_accel,23.601,0.16272961405184105
dynamic_accel,23.651,-1.4447373083346484
dynamic_accel,23.701,-3.009408845947288
dynamic_accel,23.751,-2.1186871119231325
dynamic_accel,23.801,-0.39197983664616487
dynamic_accel,23.851,0.6390042429902678
dynamic_accel,23.901,0.1451408837422168
dynamic_accel,23.951,1.5211526186297917
dynamic_accel,24.001,2.6951462544224274
dynamic_accel,24.051,0.9097122664361095
dynamic_accel,24.101,3.7732669747984264
dynamic_accel,24.151,-1.9401117394113552
dynamic_accel,24.201,-0.6057711343986707
dynamic_accel,24.251,-2.5215758852545402
dynamic_accel,24.301,-2.4217068385688982
dynamic_accel,24.351,-1.3199975178181376
dynamic_accel,24.401,-0.8951063637855263
dynamic_accel,24.451,-0.06599351691648536
dynamic_accel,24.501,1.1877882527789385
dynamic_accel,24.551,2.4671351070607965
dynamic_accel,24.601,2.073354934810016
dynamic_accel,24.651,1.0799430644378951
dynamic_accel,24.701,0.7427841788981375
dynamic_accel,24.751,-1.1871664347358202
dynamic_accel,24.801,-0.2886426956268817
dynamic_accel,24.851,-1.7343997339025368
dynamic_accel,24.901,-1.6452871868299361
dynamic_accel,24.951,0.16756594688578552
dynamic_accel,25.001,0.5733849865678469
dynamic_accel,25.051,0.08128053902710164
dynamic_accel,25.101,0.34475574171618817
dynamic_accel,25.151,-0.42745244806312854
dynamic_accel,25.201,-0.21820243465383804
dynamic_accel,25.251,-0.5037145927397919
dynamic_accel,25.301,-0.48689406805647373
dynamic_accel,25.351,-0.08854495250325733
dynamic_accel,25.401,-0.0557786603763013
dynamic_accel,25.451,0.7840044095054424
dynamic_accel,25.501,0.9862880660175666
dynamic_accel,25.551,2.8434777261913062
dynamic_accel,25.601,0.924302078336332
dynamic_accel,25.651,1.1188813130334179
dynamic_accel,25.701,-1.7451348773210178
dynamic_accel,25.751,-0.6977158902886345
dynamic_accel,25.801,-1.1866579354437672
dynamic_accel,25.851,-2.680564447631472
dynamic_accel,25.901,-1.2070074691501897
dynamic_accel,25.951,-0.4239082089740389
dynamic_accel,26.001,0.2942726554727759
dynamic_accel,26.051,0.7685517649454443
dynamic_accel,26.101,0.7881643968847882
dynamic_accel,26.151,0.03262292583761628
dynamic_accel,26.201,4.185942423677858
dynamic_accel,26.251,1.6909276446902481
dynamic_accel,26.301,0.35256799607930134
dynamic_accel,26.351,-1.442180153288259
dynamic_accel,26.401,-3.4643831736617106
dynamic_accel,26.451,-2.0177631245853807
dynamic_accel,26.501,-1.4952775694658662
dynamic_accel,26.551,-0.2910090104164951
dynamic_accel,26.601,0.43784872701232125
dynamic_accel,26.651,0.9973319737000512
dynamic_accel,26.701,1.5602157412936748
dynamic_accel,26.751,2.4313118345736964
dynamic_accel,26.801,1.2540325776501628
dynamic_accel,26.851,1.5990877566256163
dynamic_accel,26.901,-1.3899253592031027
dynamic_accel,26.951,-1.077950369258856
dynamic_accel,27.001,-1.6380166098479503
dynamic_accel,27.051,-1.3159718014309885
dynamic_accel,27.101,-0.6521159717778815
dynamic_accel,27.151,-0.3548491910034599
dynamic_accel,27.201,-0.3554474653384698
dynamic_accel,27.251,0.5986346993420142
dynamic_accel,27.301,0.7702516684746517
dynamic_accel,27.351,1.151235532260383
dynamic_accel,27.401,0.6977631461830516
dynamic_accel,27.451,0.566541745221123
dynamic_accel,27.501,0.4076414995065658
dynamic_accel,27.551,0.14430955485074826
dynamic_accel,27.601,-0.7829117014942213
dynamic_accel,27.651,-0.7273608861920149
dynamic_accel,27.701,-1.3359047869061502
dynamic_accel,27.751,-0.025262334819569077
dynamic_accel,27.801,-0.8248618922597029
dynamic_accel,27.851,0.5876334291999328
dynamic_accel,27.901,0.45452641881957945
dynamic_accel,27.951,-0.020392895308582126
dynamic_accel,28.001,0.569595371233536
dynamic_accel,28.051,0.09836532232021078
dynamic_accel,28.101,1.508224958145986
dynamic_accel,28.151,-1.004529479917517
dynamic_accel,28.201,-0.7938418208112754
dynamic_accel,28.251,0.30181440291762307
dynamic_accel,28.301,-0.007365085858719311
dynamic_accel,28.351,0.10682532518275423
dynamic_accel,28.401,-0.4321561479655003
dynamic_accel,28.451,0.43191062380014067
dynamic_accel,28.501,-0.4291887531614744
dynamic_accel,28.551,-0.7810920372876637
dynamic_accel,28.601,0.751000899634894
dynamic_accel,28.651,0.3882086175198989
dynamic_accel,28.701,-1.0513574209186665
dynamic_accel,28.751,1.0221633730369923
dynamic_accel,28.801,-0.14613656342067394
dynamic_accel,28.851,0.6190916115388045
dynamic_accel,28.901,-0.2523240079745044
dynamic_accel,28.951,0.28990371553272354
dynamic_accel,29.001,-0.01126688659713615
dynamic_accel,29.051,0.6878954315641117
dynamic_accel,29.101,0.7201004702513139
dynamic_accel,29.151,0.8210655404879965
dynamic_accel,29.201,-0.282732815443433
dynamic_accel,29.251,-0.9046226260939623
dynamic_accel,29.301,-2.285431836461802
dynamic_accel,29.351,-1.3557819917757463
dynamic_accel,29.401,-3.2269884515109393
dynamic_accel,29.451,-1.168918770866945
dynamic_accel,29.501,0.3113422350399073
dynamic_accel,29.551,-1.6397454460200223
dynamic_accel,29.601,10.944521538317877
dynamic_accel,29.651,-1.8125325057187656
dynamic_accel,29.701,0.22732572314480848
dynamic_accel,29.751,0.6841903544082122
dynamic_accel,29.801,1.1793464351480125
dynamic_accel,29.851,-0.18534269183545327
dynamic_accel,29.901,-0.3856125896624203
dynamic_accel,29.951,-1.0334651040324179
dynamic_accel,30.001,-0.8364116275742663
dynamic_accel,30.051,0.11582514616956274
dynamic_accel,30.101,0.10372171558137566
dynamic_accel,30.151,-0.26878327488187104
dynamic_accel,30.201,-0.5190587390060468
dynamic_accel,30.251,-0.5148447821285131
dynamic_accel,30.301,0.371340487693379
dynamic_accel,30.351,-0.2666209060647873
dynamic_accel,30.401,-0.2860657987820012
dynamic_accel,30.451,-0.09790211164879992
dynamic_accel,30.501,-0.1362128584119322
dynamic_accel,30.551,-0.08687143792232987
dynamic_accel,30.601,0.28069431638732567
dynamic_accel,30.651,0.02814349289623408
dynamic_accel,30.701,0.1396363090368702
dynamic_accel,30.751,-0.09811504809513494
dynamic_accel,30.801,0.20733439522795827
dynamic_accel,30.851,0.18290680352827593
dynamic_accel,30.901,0.34120901575822415
dynamic_accel,30.951,0.5066893325818391
dynamic_accel,31.001,0.4724654204892236
dynamic_accel,31.051,-0.12268067920248349
dynamic_accel,31.101,-0.003940509300798922
dynamic_accel,31.151,-0.7320353315028036
dynamic_accel,31.201,-0.6743755468460364
dynamic_accel,31.251,-1.7023272120127473
dynamic_accel,31.301,-1.3074895595710263
dynamic_accel,31.351,-0.5290317295952978
dynamic_accel,31.401,-0.4178480325361651
dynamic_accel,31.451,1.7786490010961717
dynamic_accel,31.501,2.012487009840086
dynamic_accel,31.551,3.14105642563862
dynamic_accel,31.601,-1.3759788388188916
dynamic_accel,31.651,-0.628417130250984
dynamic_accel,31.701,-0.08973651782410386
dynamic_accel,31.751,-0.3331755709036237
dynamic_accel,31.801,0.29619837152855766
dynamic_accel,31.851,0.6433541164312118
dynamic_accel,31.901,-0.5616702503462836
dynamic_accel,31.951,-0.6781008967733282
dynamic_accel,32.001,0.23092094931058327
dynamic_accel,32.051,-0.7799126806347214
dynamic_accel,32.101,-0.46187720534463317
dynamic_accel,32.151,0.8878061246445998
dynamic_accel,32.201,-0.4584953424245768
dynamic_accel,32.251,0.017361028251794863
dynamic_accel,32.301,0.6378804697937408
dynamic_accel,32.351,0.3463291590559727
dynamic_accel,32.401,-0.04868434070259653
dynamic_accel,32.451,-0.01430082189405546
dynamic_accel,32.501,-0.05046312661303887
dynamic_accel,32.551,-0.4359439800270888
dynamic_accel,32.601,0.006135315197862923
dynamic_accel,32.651,-0.2838546002795308
dynamic_accel,32.701,-0.15500609001948007
dynamic_accel,32.751,0.0007888786124876646
dynamic_accel,32.801,0.46986893258668516
dynamic_accel,32.851,0.0331688415716318
dynamic_accel,32.901,0.06061040511845306
dynamic_accel,32.951,0.00392396679902518
dynamic_accel,33.001,0.03501433288526101
dynamic_accel,33.051,-0.36175613878171475
dynamic_accel,33.101,-0.12995387366507316
dynamic_accel,33.151,-0.3527523320652044
dynamic_accel,33.201,-0.15144272528024239
dynamic_accel,33.251,0.061746956895119
dynamic_accel,33.301,0.47876301238653873
dynamic_accel,33.351,0.04626245581631672
dynamic_accel,33.401,-0.032927006328922204
dynamic_accel,33.451,0.18229328907551512
dynamic_accel,33.501,0.32285477508185245
dynamic_accel,33.551,0.7007347922185083
dynamic_accel,33.601,0.6660613360495624
dynamic_accel,33.651,1.318864348820286
dynamic_accel,33.701,0.8888026893415333
dynamic_accel,33.751,-0.8593324164527338
dynamic_accel,33.801,-1.0707928954947832
dynamic_accel,33.851,-1.4348345191206686
dynamic_accel,33.901,-3.379258433997327
dynamic_accel,33.951,-2.838288673502303
dynamic_accel,34.001,-2.2225845848033163
dynamic_accel,34.051,1.911095238400451
dynamic_accel,34.101,0.25872902048852353
dynamic_accel,34.151,1.6770569331878793
dynamic_accel,34.201,2.8697155247017214
dynamic_accel,34.251,4.641202397840441
dynamic_accel,34.301,1.344288268281371
dynamic_accel,34.351,-0.6578627577044571
dynamic_accel,34.401,1.4536586147873525
dynamic_accel,34.451,0.7166967822074088
dynamic_accel,34.501,-0.3846364934898965
dynamic_accel,34.551,-3.8246709163249566
dynamic_accel,34.601,-3.329879479468782
dynamic_accel,34.651,0.04453737518244694
dynamic_accel,34.701,0.1368445165999539
dynamic_accel,34.751,-2.313962690804278
dynamic_accel,34.801,-0.19012320737676447
dynamic_accel,34.851,-0.10458112580024626
dynamic_accel,34.901,1.0779637555280601
dynamic_accel,34.951,1.0857165075553805
dynamic_accel,35.001,1.9621221817793995
dynamic_accel,35.051,3.0946438179109013
dynamic_accel,35.101,-0.23552954482139477
dynamic_accel,35.151,2.623759087976328
dynamic_accel,35.201,-1.7064952432606635
dynamic_accel,35.251,-3.017355585224098
dynamic_accel,35.301,-2.075699602218771
dynamic_accel,35.351,-1.8869396456836487
dynamic_accel,35.401,-1.474888398181374
dynamic_accel,35.451,-0.4554745412362031
dynamic_accel,35.501,0.6940530721695808
dynamic_accel,35.551,1.059309918481727
dynamic_accel,35.601,1.6131258435227434
dynamic_accel,35.651,1.2602098827232062
dynamic_accel,35.701,2.7372915763075483
dynamic_accel,35.751,0.5787228023998772
dynamic_accel,35.801,0.5486368390412473
dynamic_accel,35.851,0.8897880710598063
dynamic_accel,35.901,-2.4040963791787906
dynamic_accel,35.951,-1.8235824318355522
dynamic_accel,36.001,-1.7053301142607378
dynamic_accel,36.051,-0.866911154792529
dynamic_accel,36.101,-0.6249867676743488
dynamic_accel,36.151,0.12549149088884448
dynamic_accel,36.201,0.1882386444360371
dynamic_accel,36.251,0.3834215940219341
dynamic_accel,36.301,1.5351028991789217
dynamic_accel,36.351,2.050694773746578
dynamic_accel,36.401,0.5168865544463941
dynamic_accel,36.451,2.3297755903544264
dynamic_accel,36.501,-0.6810912780753675
dynamic_accel,36.551,-1.039863707880155
dynamic_accel,36.601,-1.4933256144576585
dynamic_accel,36.651,-1.4349383134389502
dynamic_accel,36.701,-0.9623257580415601
dynamic_accel,36.751,-1.0410661750462378
dynamic_accel,36.801,-0.09247656149286954
dynamic_accel,36.851,-0.10880086023801461
dynamic_accel,36.901,0.3540462576968171
dynamic_accel,36.951,0.4352856191616681
dynamic_accel,37.001,2.242094708603874
dynamic_accel,37.051,-0.08950547293166977
dynamic_accel,37.101,1.4764355143286156
dynamic_accel,37.151,1.0376460523781112
dynamic_accel,37.201,-1.1844878808127959
dynamic_accel,37.251,-1.2310908206115396
dynamic_accel,37.301,-1.5050344060110188
dynamic_accel,37.351,-0.940754683712818
dynamic_accel,37.401,-0.6539624457144981
dynamic_accel,37.451,0.17213678291061107
dynamic_accel,37.501,0.8246556472782451
dynamic_accel,37.551,0.6474193410883871
dynamic_accel,37.601,0.7819696511250296
dynamic_accel,37.651,1.2583035041725665
dynamic_accel,37.701,0.7881855757423875
dynamic_accel,37.751,0.5008447269171743
dynamic_accel,37.801,0.048225740561610664
dynamic_accel,37.851,-0.606415364386562
dynamic_accel,37.901,-0.9242587197624719
dynamic_accel,37.951,-1.1525545116651106
dynamic_accel,38.001,-0.760786096019995
dynamic_accel,38.051,0.12686206892335683
dynamic_accel,38.101,0.48509210138167447
dynamic_accel,38.151,1.3464786511378524
dynamic_accel,38.201,-0.8947261968289784
dynamic_accel,38.251,1.1326336718574481
dynamic_accel,38.301,0.15198412052501098
dynamic_accel,38.351,-1.344314851977856
dynamic_accel,38.401,-1.695798917402426
dynamic_accel,38.451,-1.788857429041812
dynamic_accel,38.501,-0.31088419090901986
dynamic_accel,38.551,0.5655240292798815
dynamic_accel,38.601,1.3008673631694236
dynamic_accel,38.651,0.7688478503705252
dynamic_accel,38.701,0.7205658149624519
dynamic_accel,38.751,2.4127802395543743
dynamic_accel,38.801,0.8445547812573668
dynamic_accel,38.851,2.281988123414166
dynamic_accel,38.901,-0.6475986711229353
dynamic_accel,38.951,-1.025387808046034
dynamic_accel,39.001,-3.2161260016695703
dynamic_accel,39.051,-2.283072215071787
dynamic_accel,39.101,-2.040520400001121
dynamic_accel,39.151,-1.5843757561000036
dynamic_accel,39.201,-0.42039152333013874
dynamic_accel,39.251,1.6768338004386951
dynamic_accel,39.301,5.835619709919776
dynamic_accel,39.351,1.0029353434903587
dynamic_accel,39.401,7.222258739716144
dynamic_accel,39.451,0.04090525621584007
dynamic_accel,39.501,-2.897558394881634
dynamic_accel,39.551,-4.235364764261724
dynamic_accel,39.601,-4.74811483455223
dynamic_accel,39.651,-4.06511237232861
dynamic_accel,39.701,-0.6965758861574507
dynamic_accel,39.751,1.205855388185455
dynamic_accel,39.801,1.2450819007469498
dynamic_accel,39.851,3.5735392137906494
dynamic_accel,39.901,1.3071966904791772
dynamic_accel,39.951,3.9959569062366533
dynamic_accel,40.001,2.3041778279364706
dynamic_accel,40.051,-0.9319146795341648
dynamic_accel,40.101,-2.3746619123359487
dynamic_accel,40.151,-3.9418276383255932
dynamic_accel,40.201,-4.151002835704467
dynamic_accel,40.251,-1.4278646858057193
dynamic_accel,40.301,0.7301930669693384
dynamic_accel,40.351,0.7761903590922561
dynamic_accel,40.401,2.2021286894572736
dynamic_accel,40.451,1.6494917958317803
dynamic_accel,40.501,5.9822100036467525
dynamic_accel,40.551,1.4892944586486632
dynamic_accel,40.601,-0.45304762576104984
dynamic_accel,40.651,-1.296677268972374
dynamic_accel,40.701,-2.460952957125162
dynamic_accel,40.751,-2.839924237565019
dynamic_accel,40.801,-2.157409654983507
dynamic_accel,40.851,-2.2199978065746606
dynamic_accel,40.901,-0.8484172058308204
dynamic_accel,40.951,0.6388795484212508
dynamic_accel,41.001,4.67278166218736
dynamic_accel,41.051,3.788774813425361
dynamic_accel,41.101,1.810684759444646
dynamic_accel,41.151,0.7940115337992744
dynamic_accel,41.201,-1.6509223880176336
dynamic_accel,41.251,-3.670897026007302
dynamic_accel,41.301,-3.750437602096425
dynamic_accel,41.351,-4.283344502509062
dynamic_accel,41.401,-1.115447397336574
dynamic_accel,41.451,0.8146879374587161
dynamic_accel,41.501,1.1658973620262074
dynamic_accel,41.551,3.010694707692645
dynamic_accel,41.601,4.917488227928587
dynamic_accel,41.651,2.9179073494232846
dynamic_accel,41.701,2.853240511438349
dynamic_accel,41.751,3.4015944775569693
dynamic_accel,41.801,-2.486786707159082
dynamic_accel,41.851,-4.3210759495708775
dynamic_accel,41.901,-2.1408168920093082
dynamic_accel,41.951,-2.9407439614282858
dynamic_accel,42.001,-3.223555170670231
dynamic_accel,42.051,-1.8346657008361529
dynamic_accel,42.101,0.9627192176845476
dynamic_accel,42.151,2.500653928043249
dynamic_accel,42.201,4.30149132201028
dynamic_accel,42.251,1.3063391133626627
dynamic_accel,42.301,-1.7816488715579037
dynamic_accel,42.351,-2.455612927420071
dynamic_accel,42.401,-1.9394320158298317
dynamic_accel,42.451,-1.7314774476611028
dynamic_accel,42.501,0.6929812677149361
dynamic_accel,42.551,1.428656866914709
dynamic_accel,42.601,1.1900802371511805
dynamic_accel,42.651,2.096327616603334
dynamic_accel,42.701,1.1396257465158204
dynamic_accel,42.751,5.112226247932522
dynamic_accel,42.801,0.2552045576420685
dynamic_accel,42.851,-0.40125208071261476
dynamic_accel,42.901,-3.683549159820486
dynamic_accel,42.951,-1.9543516606413487
dynamic_accel,43.001,-1.70371159813579
dynamic_accel,43.051,-0.7509747784376568
dynamic_accel,43.101,-4.285726631508744
dynamic_accel,43.151,-1.4908503284781496
dynamic_accel,43.201,2.764489840513546
dynamic_accel,43.251,2.7487437634722447
dynamic_accel,43.301,7.874775407822815
dynamic_accel,43.351,1.6477665204529632
dynamic_accel,43.401,-1.4763813392775038
dynamic_accel,43.451,-2.222468559355905
dynamic_accel,43.501,-4.807706361484047
dynamic_accel,43.551,-3.6722813258313476
dynamic_accel,43.601,-1.3235494529017462
dynamic_accel,43.651,-0.7660859648835903
dynamic_accel,43.701,4.2646141915064835
dynamic_accel,43.751,5.135008653063505
dynamic_accel,43.801,3.3461503666111856
dynamic_accel,43.851,0.7873262603430113
dynamic_accel,43.901,-1.3185569173889604
dynamic_accel,43.951,-1.994357377745759
dynamic_accel,44.001,-2.471063216970821
dynamic_accel,44.051,-2.592191526242326
dynamic_accel,44.101,-2.50762690763343
dynamic_accel,44.151,-0.4109475746677269
dynamic_accel,44.201,0.2959817414318415
dynamic_accel,44.251,0.7157334761237308
dynamic_accel,44.301,1.7170565493107723
dynamic_accel,44.351,3.4363036145828403
dynamic_accel,44.401,1.991452606701376
dynamic_accel,44.451,1.5941890260995244
dynamic_accel,44.501,-0.9604850503707514
dynamic_accel,44.551,-2.604505601502848
dynamic_accel,44.601,-3.525775203656827
dynamic_accel,44.651,-2.1318898453863913
dynamic_accel,44.701,-0.611865688649404
dynamic_accel,44.751,0.23851638477968962
dynamic_accel,44.801,1.316114380864427
dynamic_accel,44.851,2.607223207978988
dynamic_accel,44.901,2.134732316182424
dynamic_accel,44.951,0.03610987192663728
dynamic_accel,45.001,3.6551530575470057
dynamic_accel,45.051,-1.7456371881051762
dynamic_accel,45.101,-1.444445660874429
dynamic_accel,45.151,-2.680636346246736
dynamic_accel,45.201,-2.6569937491696614
dynamic_accel,45.251,-0.9974320652548467
dynamic_accel,45.301,0.49673370741034795
dynamic_accel,45.351,0.09396281909782367
dynamic_accel,45.401,1.5300353205947044
dynamic_accel,45.451,1.3235490406045738
dynamic_accel,45.501,0.49572877425306316
dynamic_accel,45.551,2.607482478958655
dynamic_accel,45.601,1.5337206842771796
dynamic_accel,45.651,0.7919742463359842
dynamic_accel,45.701,-2.6247855365122996
dynamic_accel,45.751,-2.5960966998771395
dynamic_accel,45.801,-1.879707851262891
dynamic_accel,45.851,-0.6950499618707244
dynamic_accel,45.901,-0.17583251837686298
dynamic_accel,45.951,0.3089847087896693
dynamic_accel,46.001,2.194182678645298
dynamic_accel,46.051,1.861235188193735
dynamic_accel,46.101,3.2408372876355003
dynamic_accel,46.151,0.13841766309039194
dynamic_accel,46.201,-0.40621851372646667
dynamic_accel,46.251,-1.041335352835036
dynamic_accel,46.301,-2.908580554894371
dynamic_accel,46.351,-2.2982211680158384
dynamic_accel,46.401,-1.8284664071986825
dynamic_accel,46.451,-0.544875084672066
dynamic_accel,46.501,0.5707365964670892
dynamic_accel,46.551,1.1962882751660082
dynamic_accel,46.601,1.9923954838724
dynamic_accel,46.651,3.1998486265085084
dynamic_accel,46.701,2.3566683103919637
dynamic_accel,46.751,-0.4341893688195384
dynamic_accel,46.801,-1.8402784015781908
dynamic_accel,46.851,-2.907278914134542
dynamic_accel,46.901,-2.8063530858046066
dynamic_accel,46.951,-1.0622727253810513
dynamic_accel,47.001,-0.940167220903886
dynamic_accel,47.051,0.4653047746540935
dynamic_accel,47.101,2.772269385635001
dynamic_accel,47.151,2.9163404908706134
dynamic_accel,47.201,1.3414714276205189
dynamic_accel,47.251,3.617979783464852
dynamic_accel,47.301,-0.4407589326676309
dynamic_accel,47.351,-2.04744035544468
dynamic_accel,47.401,-1.424921389843341
dynamic_accel,47.451,-1.148748547819407
dynamic_accel,47.501,-2.0059571361073605
dynamic_accel,47.551,-1.2129335390083966
dynamic_accel,47.601,-0.2380482056285942
dynamic_accel,47.651,0.3011899543988523
dynamic_accel,47.701,1.3568582450267375
dynamic_accel,47.751,0.8163840837398233
dynamic_accel,47.801,3.1726124328410688
dynamic_accel,47.851,1.7448272847388502
dynamic_accel,47.901,-1.8068326227557456
dynamic_accel,47.951,-3.224833241844463
dynamic_accel,48.001,-2.573983536313081
dynamic_accel,48.051,-1.812711578452669
dynamic_accel,48.101,-0.5099939775248252
dynamic_accel,48.151,1.036986245169329
dynamic_accel,48.201,1.3690006529682428
dynamic_accel,48.251,1.3293500493184567
dynamic_accel,48.301,1.174462019144153
dynamic_accel,48.351,1.9156653022828394
dynamic_accel,48.401,-1.2890250178939482
dynamic_accel,48.451,4.500939055108576
dynamic_accel,48.501,-1.706043154548933
dynamic_accel,48.551,-1.6364809065143575
dynamic_accel,48.601,-0.36584408635159527
dynamic_accel,48.651,-1.0577610589757445
dynamic_accel,48.701,-1.8470283463380994
dynamic_accel,48.751,-0.6110086310128189
dynamic_accel,48.801,-0.21747034606510773
dynamic_accel,48.851,0.25362553292195145
dynamic_accel,48.901,0.5748283598936723
dynamic_accel,48.951,0.9502158769732478
dynamic_accel,49.001,1.2232443909053448
dynamic_accel,49.051,0.3328157419115847
dynamic_accel,49.101,1.6026743230776521
dynamic_accel,49.151,0.8773458700669927
dynamic_accel,49.201,0.8227787650772456
dynamic_accel,49.251,-2.2775346617317496
dynamic_accel,49.301,-2.76593718712412
dynamic_accel,49.351,-1.7318031827544864
dynamic_accel,49.401,-0.2778331673528083
dynamic_accel,49.451,0.8244774284745997
dynamic_accel,49.501,0.6734513781182603
dynamic_accel,49.551,0.09154225860986998
dynamic_accel,49.601,1.324941999686006
dynamic_accel,49.651,-0.22504127341915137
dynamic_accel,49.701,2.77299295999064
dynamic_accel,49.751,1.1938082836643158
dynamic_accel,49.801,-0.8549658402129356
dynamic_accel,49.851,-2.2887354451436908
dynamic_accel,49.901,-0.4987762358910146
dynamic_accel,49.951,-1.4025644917910824
dynamic_accel,50.001,-0.8496689780018176
dynamic_accel,50.051,-0.9767540845505334
dynamic_accel,50.101,-0.5352952408404903
dynamic_accel,50.151,0.9762554626596405
dynamic_accel,50.201,1.8501452757673906
dynamic_accel,50.251,2.1142153421118053
dynamic_accel,50.301,-0.9502643859561299
dynamic_accel,50.351,1.4507630400141451
dynamic_accel,50.401,-0.25282968613099044
dynamic_accel,50.451,0.01874149005190162
dynamic_accel,50.501,-0.5904871628459532
dynamic_accel,50.551,0.3323135055836488
dynamic_accel,50.601,-1.2054460621031833
dynamic_accel,50.651,-1.183282801817084
dynamic_accel,50.701,0.08785047735587526
dynamic_accel,50.751,-1.2596681856586116
dynamic_accel,50.801,0.2213299189172382
dynamic_accel,50.851,0.29515999746860366
dynamic_accel,50.901,1.0339220541983902
dynamic_accel,50.951,1.0953650512151718
dynamic_accel,51.001,1.6107591351062442
dynamic_accel,51.051,1.0505002596269737
dynamic_accel,51.101,1.362743465913704
dynamic_accel,51.151,-0.735119118125235
dynamic_accel,51.201,-2.7042280777060883
dynamic_accel,51.251,-1.52595936050351
dynamic_accel,51.301,-1.3963755008086434
dynamic_accel,51.351,-0.8840553981303074
dynamic_accel,51.401,0.418064591795444
dynamic_accel,51.451,0.18871602474630578
dynamic_accel,51.501,0.197749657531066
dynamic_accel,51.551,1.2320882279313725
dynamic_accel,51.601,2.2321743676899803
dynamic_accel,51.651,-0.5335141256796785
dynamic_accel,51.701,1.7818380448890725
dynamic_accel,51.751,-0.39604562850395375
dynamic_accel,51.801,-0.6508296971119574
dynamic_accel,51.851,-0.8491394681509572
dynamic_accel,51.901,-1.5724505450999207
dynamic_accel,51.951,-1.100943761703288
dynamic_accel,52.001,-0.2803240232487205
dynamic_accel,52.051,0.3048950288417398
dynamic_accel,52.101,0.6380776660754535
dynamic_accel,52.151,1.4817278809667087
dynamic_accel,52.201,-0.4948197984304237
dynamic_accel,52.251,2.3808596069664354
dynamic_accel,52.301,0.36631604182888644
dynamic_accel,52.351,-1.707590334601262
dynamic_accel,52.401,-0.4997982645034025
dynamic_accel,52.451,-0.12489462961500841
dynamic_accel,52.501,-0.8619764256164171
dynamic_accel,52.551,0.027976514169303357
dynamic_accel,52.601,-0.027485385651710104
dynamic_accel,52.651,-0.05720949253839436
dynamic_accel,52.701,1.0434268454027542
dynamic_accel,52.751,-0.12495637781326607
dynamic_accel,52.801,-0.34631547498327286
dynamic_accel,52.851,0.1574092114825678
dynamic_accel,52.901,-0.2573910483408923
dynamic_accel,52.951,-0.321382861262391
dynamic_accel,53.001,-0.07535762276472546
dynamic_accel,53.051,0.2679913851933833
dynamic_accel,53.101,-0.6379374464617538
dynamic_accel,53.151,2.18554372468358
dynamic_accel,53.201,-0.983291838350052
magnetic_norm,0.008,60.534597881253
magnetic_norm,0.023,69.10891372062652
magnetic_norm,0.043,58.4591742617231
magnetic_norm,0.064,59.46596337023398
magnetic_norm,0.084,57.39744254799171
magnetic_norm,0.103,66.71197778795056
magnetic_norm,0.124,65.626378206728
magnetic_norm,0.143,68.58065819437543
magnetic_norm,0.164,58.864399921557
magnetic_norm,0.184,57.01580270251836
magnetic_norm,0.203,58.36271887857868
magnetic_norm,0.224,56.12790784609746
magnetic_norm,0.243,55.040480786985434
magnetic_norm,0.265,60.635458512635246
magnetic_norm,0.284,55.58531765763345
magnetic_norm,0.303,56.49298914655255
magnetic_norm,0.323,60.114513270715285
magnetic_norm,0.343,55.81535197080638
magnetic_norm,0.364,64.87740061575757
magnetic_norm,0.384,57.58794780062503
magnetic_norm,0.404,58.4391622028949
magnetic_norm,0.423,58.98342926592816
magnetic_norm,0.444,55.711047601620315
magnetic_norm,0.463,58.926779123120355
magnetic_norm,0.483,65.28175284267806
magnetic_norm,0.504,55.14354604773573
magnetic_norm,0.524,60.19716335976721
magnetic_norm,0.544,70.47743370274637
magnetic_norm,0.563,62.2453391444894
magnetic_norm,0.583,54.91959823387276
magnetic_norm,0.603,54.94184183098753
magnetic_norm,0.624,53.623089148472346
magnetic_norm,0.644,55.2262145497951
magnetic_norm,0.663,58.79194580335813
magnetic_norm,0.684,53.428050656010825
magnetic_norm,0.703,52.69785490444559
magnetic_norm,0.724,54.95451954798622
magnetic_norm,0.744,53.55892126317519
magnetic_norm,0.764,53.61030825131729
magnetic_norm,0.784,51.08919479775053
magnetic_norm,0.804,52.8324230172628
magnetic_norm,0.824,52.09071606097386
magnetic_norm,0.843,51.63828294613407
magnetic_norm,0.863,55.358400839100334
magnetic_norm,0.883,52.40344916486891
magnetic_norm,0.904,53.92716775284745
magnetic_norm,0.924,52.67741552885837
magnetic_norm,0.944,54.120511487328024
magnetic_norm,0.964,53.44391737782234
magnetic_norm,0.983,55.72744045100231
magnetic_norm,1.004,52.13511933039954
magnetic_norm,1.023,51.72270143811375
magnetic_norm,1.044,51.14625620419357
magnetic_norm,1.064,59.62593735835529
magnetic_norm,1.084,53.53892020355379
magnetic_norm,1.104,52.09410274313696
magnetic_norm,1.123,52.56502773042177
magnetic_norm,1.143,52.59274487691974
magnetic_norm,1.163,52.98688653555013
magnetic_norm,1.184,52.30418616731361
magnetic_norm,1.204,54.54035021786634
magnetic_norm,1.224,52.89799367060154
magnetic_norm,1.244,52.463221235571474
magnetic_norm,1.264,55.67503016950238
magnetic_norm,1.283,52.92127508412859
magnetic_norm,1.304,57.206700087642744
magnetic_norm,1.324,54.287608675230935
magnetic_norm,1.344,54.765017204187934
magnetic_norm,1.364,60.90388352913141
magnetic_norm,1.384,53.26764453805424
magnetic_norm,1.404,60.6491842870743
magnetic_norm,1.423,56.91218867298998
magnetic_norm,1.443,57.267279434038514
magnetic_norm,1.467,60.575977602511706
magnetic_norm,1.484,50.94852670060739
magnetic_norm,1.504,55.69941306378375
magnetic_norm,1.524,52.617842206327815
magnetic_norm,1.544,51.9239246084356
magnetic_norm,1.563,56.49244772445255
magnetic_norm,1.583,52.2382215901346
magnetic_norm,1.603,52.864408515087014
magnetic_norm,1.624,51.396730413324974
magnetic_norm,1.644,54.02210942486885
magnetic_norm,1.666,54.14909633698894
magnetic_norm,1.684,50.393172803218185
magnetic_norm,1.703,54.77355347737409
magnetic_norm,1.724,54.00688654630082
magnetic_norm,1.743,51.63666062371534
magnetic_norm,1.766,53.766471207203224
magnetic_norm,1.784,52.286687306139534
magnetic_norm,1.806,54.60152416450941
magnetic_norm,1.824,56.04094907012193
magnetic_norm,1.843,52.42759386422868
magnetic_norm,1.863,53.480062055218305
magnetic_norm,1.883,50.52986393189931
magnetic_norm,1.904,51.71054895405785
magnetic_norm,1.924,50.47711037564453
magnetic_norm,1.944,53.61350442309293
magnetic_norm,1.964,52.51982524104605
magnetic_norm,1.983,52.66732712844851
magnetic_norm,2.004,54.277507799847484
magnetic_norm,2.023,52.49449550589817
magnetic_norm,2.044,51.731883388945974
magnetic_norm,2.065,52.795005978312005
magnetic_norm,2.084,50.920908046388554
magnetic_norm,2.107,55.79565885331044
magnetic_norm,2.123,53.33146589772317
magnetic_norm,2.144,54.15536995395764
magnetic_norm,2.163,55.90248815392754
magnetic_norm,2.184,50.69071366944352
magnetic_norm,2.204,52.02187077626582
magnetic_norm,2.224,50.41853040926521
magnetic_norm,2.244,52.0548461555214
magnetic_norm,2.264,53.03798486662653
magnetic_norm,2.29,49.68470510780971
magnetic_norm,2.303,50.39316513655403
magnetic_norm,2.324,51.60624619098941
magnetic_norm,2.344,52.47740939108946
magnetic_norm,2.364,53.7308539867924
magnetic_norm,2.384,52.07124819988235
magnetic_norm,2.405,50.85652964263783
magnetic_norm,2.429,50.516112064617566
magnetic_norm,2.443,52.119898332283014
magnetic_norm,2.464,53.457740905445625
magnetic_norm,2.485,50.01745164190195
magnetic_norm,2.505,51.9276468898192
magnetic_norm,2.524,52.892856067313105
magnetic_norm,2.544,51.62986930656041
magnetic_norm,2.566,51.9098437629368
magnetic_norm,2.583,51.26018191540096
magnetic_norm,2.604,52.19854995820051
magnetic_norm,2.628,50.69747936596552
magnetic_norm,2.644,50.70790093644198
magnetic_norm,2.664,54.52075436658285
magnetic_norm,2.683,52.35065948338191
magnetic_norm,2.706,55.756622660945034
magnetic_norm,2.724,52.722827559156045
magnetic_norm,2.744,59.01204225908051
magnetic_norm,2.765,59.35997535629557
magnetic_norm,2.784,59.086501088763924
magnetic_norm,2.805,59.89027794521426
magnetic_norm,2.825,53.4313187214437
magnetic_norm,2.843,53.979651113868826
magnetic_norm,2.865,53.62774031459838
magnetic_norm,2.885,52.75160294685371
magnetic_norm,2.908,53.87118098413102
magnetic_norm,2.924,51.39371237685599
magnetic_norm,2.944,53.786740350201555
magnetic_norm,2.963,55.22252028544382
magnetic_norm,2.983,50.76742347294433
magnetic_norm,3.003,53.179541362139524
magnetic_norm,3.024,51.16232210450382
magnetic_norm,3.047,50.07976881924227
magnetic_norm,3.067,51.93465147567667
magnetic_norm,3.084,51.519398045906094
magnetic_norm,3.106,54.58689988353437
magnetic_norm,3.123,52.96769160960305
magnetic_norm,3.143,54.23435695330736
magnetic_norm,3.165,53.28880119301573
magnetic_norm,3.184,52.70583325769087
magnetic_norm,3.204,54.22921229109367
magnetic_norm,3.224,51.50872573554897
magnetic_norm,3.244,50.201192604359555
magnetic_norm,3.264,51.06418525748991
magnetic_norm,3.283,51.958662211668326
magnetic_norm,3.304,53.73103789722016
magnetic_norm,3.324,51.569938112673746
magnetic_norm,3.344,49.705777596397226
magnetic_norm,3.371,48.97049534222111
magnetic_norm,3.384,48.9746727665179
magnetic_norm,3.403,52.286749248064794
magnetic_norm,3.423,52.03365331350476
magnetic_norm,3.444,51.687671015073846
magnetic_norm,3.464,49.93226521581516
magnetic_norm,3.485,49.96910378036121
magnetic_norm,3.504,52.21124422042635
magnetic_norm,3.524,50.8406345081127
magnetic_norm,3.544,49.988547911184114
magnetic_norm,3.563,49.505868170349345
magnetic_norm,3.583,48.72758707588042
magnetic_norm,3.605,50.30289892864028
magnetic_norm,3.626,50.35929361312075
magnetic_norm,3.644,49.84666473619382
magnetic_norm,3.664,49.326747234259265
magnetic_norm,3.683,49.68234879215152
magnetic_norm,3.703,48.53343966819424
magnetic_norm,3.723,50.828909561021646
magnetic_norm,3.746,49.85055913064078
magnetic_norm,3.764,50.580158721614886
magnetic_norm,3.784,53.0021721814187
magnetic_norm,3.804,50.26737996178554
magnetic_norm,3.823,48.93069277368245
magnetic_norm,3.848,50.003022955492405
magnetic_norm,3.863,48.90588484068151
magnetic_norm,3.884,50.159484024222756
magnetic_norm,3.904,51.57538970097564
magnetic_norm,3.924,50.935512985907124
magnetic_norm,3.945,49.56552991205183
magnetic_norm,3.963,49.440024664739006
magnetic_norm,3.987,49.53582155559248
magnetic_norm,4.004,48.81829813251385
magnetic_norm,4.024,50.656616348212644
magnetic_norm,4.044,51.28689197226727
magnetic_norm,4.064,51.4261300925173
magnetic_norm,4.084,52.08760259277158
magnetic_norm,4.103,50.72204940377262
magnetic_norm,4.123,50.511265772226544
magnetic_norm,4.143,51.43208393417965
magnetic_norm,4.171,50.38086736214953
magnetic_norm,4.184,50.652554002611836
magnetic_norm,4.204,51.69835063031508
magnetic_norm,4.228,50.225893715542824
magnetic_norm,4.243,49.123759394640224
magnetic_norm,4.263,51.090657568140585
magnetic_norm,4.283,50.62031332380316
magnetic_norm,4.304,51.273672802179924
magnetic_norm,4.324,51.33267589405165
magnetic_norm,4.344,50.1049464264758
magnetic_norm,4.364,50.96838077475093
magnetic_norm,4.384,51.32940961451832
magnetic_norm,4.403,50.25915728128557
magnetic_norm,4.423,49.82691500497
magnetic_norm,4.444,50.509152623311756
magnetic_norm,4.463,49.55547690429902
magnetic_norm,4.485,48.506905919415225
magnetic_norm,4.505,49.55330156684829
magnetic_norm,4.523,49.28261970613982
magnetic_norm,4.544,49.02847029711417
magnetic_norm,4.564,49.42901715579125
magnetic_norm,4.585,47.729483300943045
magnetic_norm,4.604,49.371787317885314
magnetic_norm,4.624,48.4468418641763
magnetic_norm,4.644,48.32679161177065
magnetic_norm,4.663,47.279380689551274
magnetic_norm,4.683,48.78450973464837
magnetic_norm,4.704,49.86123266188377
magnetic_norm,4.724,46.78573660289
magnetic_norm,4.744,47.05275081092498
magnetic_norm,4.764,47.6432512020329
magnetic_norm,4.784,46.44944762750149
magnetic_norm,4.804,45.90244656960031
magnetic_norm,4.823,45.34731620366305
magnetic_norm,4.843,44.833348264991336
magnetic_norm,4.864,44.39360629048965
magnetic_norm,4.884,45.576976318367265
magnetic_norm,4.904,46.4348654776237
magnetic_norm,4.924,46.314179432707256
magnetic_norm,4.944,45.0416606042395
magnetic_norm,4.963,44.73556699009191
magnetic_norm,4.984,45.6122534165711
magnetic_norm,5.004,44.925638155108615
magnetic_norm,5.024,48.10952247372656
magnetic_norm,5.044,46.174977054271515
magnetic_norm,5.064,43.46478724525182
magnetic_norm,5.084,45.22365130401901
magnetic_norm,5.103,43.62443713891906
magnetic_norm,5.125,41.473291968084716
magnetic_norm,5.144,44.78311443473981
magnetic_norm,5.164,42.68049669257617
magnetic_norm,5.184,43.33735118664962
magnetic_norm,5.204,40.21055459125441
magnetic_norm,5.224,42.42072647406573
magnetic_norm,5.246,40.603424857378165
magnetic_norm,5.263,41.045129338631654
magnetic_norm,5.284,41.13862143061255
magnetic_norm,5.304,40.055031755401906
magnetic_norm,5.324,42.206847485331146
magnetic_norm,5.344,42.79606920982931
magnetic_norm,5.364,42.55711860649757
magnetic_norm,5.383,39.98306600565426
magnetic_norm,5.403,42.70367364115182
magnetic_norm,5.424,40.203471748407495
magnetic_norm,5.454,38.956711501678384
magnetic_norm,5.464,40.265270302628664
magnetic_norm,5.484,40.48616808763221
magnetic_norm,5.504,41.1968907555534
magnetic_norm,5.524,39.65353279390753
magnetic_norm,5.543,39.30501369497917
magnetic_norm,5.563,40.46840786212129
magnetic_norm,5.586,41.589773945947336
magnetic_norm,5.604,40.9807362853878
magnetic_norm,5.624,41.58368311925364
magnetic_norm,5.644,39.30885068515105
magnetic_norm,5.664,42.330879176288136
magnetic_norm,5.684,42.74145358856854
magnetic_norm,5.704,39.230856743162015
magnetic_norm,5.724,40.80527744333446
magnetic_norm,5.744,40.482030246765156
magnetic_norm,5.764,40.74799938526123
magnetic_norm,5.783,40.91885407174791
magnetic_norm,5.803,42.69724953496712
magnetic_norm,5.824,42.06867019985003
magnetic_norm,5.846,41.24601546583015
magnetic_norm,5.864,42.93735674176975
magnetic_norm,5.886,42.85374750790472
magnetic_norm,5.904,41.66493020328967
magnetic_norm,5.924,40.720318585443366
magnetic_norm,5.943,41.60535857593947
magnetic_norm,5.963,41.71020297876778
magnetic_norm,5.985,42.183590308480845
magnetic_norm,6.004,42.52461147428334
magnetic_norm,6.026,41.78089772874691
magnetic_norm,6.044,42.571563166684506
magnetic_norm,6.064,41.831203791637414
magnetic_norm,6.086,42.51597957927113
magnetic_norm,6.103,41.238620655885185
magnetic_norm,6.123,42.650730688992994
magnetic_norm,6.144,42.8444474779113
magnetic_norm,6.164,40.47656011054423
magnetic_norm,6.186,43.152686071741286
magnetic_norm,6.204,41.57759749403824
magnetic_norm,6.223,41.43797511039843
magnetic_norm,6.244,40.90905277773654
magnetic_norm,6.263,41.75482489754932
magnetic_norm,6.29,43.6403893298686
magnetic_norm,6.304,44.398283754372244
magnetic_norm,6.327,42.85082273100191
magnetic_norm,6.344,43.82736596936325
magnetic_norm,6.363,43.758422850041114
magnetic_norm,6.386,43.29526643026353
magnetic_norm,6.404,42.39870765271046
magnetic_norm,6.426,43.754972045200184
magnetic_norm,6.444,42.88485918961061
magnetic_norm,6.464,43.28026803940221
magnetic_norm,6.486,43.71569937349463
magnetic_norm,6.503,44.65355904006985
magnetic_norm,6.527,43.77745969939896
magnetic_norm,6.544,42.710717972092496
magnetic_norm,6.564,42.95147425438387
magnetic_norm,6.584,43.70393633442826
magnetic_norm,6.604,42.98281179461594
magnetic_norm,6.624,45.56936676650225
magnetic_norm,6.649,41.25433984184276
magnetic_norm,6.663,42.5058612854745
magnetic_norm,6.686,42.739904235532634
magnetic_norm,6.704,43.50530743440971
magnetic_norm,6.727,44.45144164890774
magnetic_norm,6.743,42.59125955668604
magnetic_norm,6.764,43.33850475451944
magnetic_norm,6.785,43.73222160101753
magnetic_norm,6.803,42.811463755362986
magnetic_norm,6.826,44.280311387370574
magnetic_norm,6.844,41.7092095840505
magnetic_norm,6.864,42.90338327262209
magnetic_norm,6.886,42.168966762459334
magnetic_norm,6.904,42.399293368227255
magnetic_norm,6.924,44.158861387749795
magnetic_norm,6.943,45.03493475336823
magnetic_norm,6.963,43.24363844202405
magnetic_norm,6.985,43.20824302984617
magnetic_norm,7.004,44.17616589081153
magnetic_norm,7.026,43.87572515426383
magnetic_norm,7.044,44.19554979970273
magnetic_norm,7.063,44.90628914741509
magnetic_norm,7.084,44.9731903212904
magnetic_norm,7.103,42.584263437228195
magnetic_norm,7.127,45.12232792644075
magnetic_norm,7.144,44.26393319026225
magnetic_norm,7.164,46.28266698398013
magnetic_norm,7.188,44.29519046967186
magnetic_norm,7.205,44.450286926098684
magnetic_norm,7.226,42.50424841484966
magnetic_norm,7.243,44.39082400386232
magnetic_norm,7.264,45.912519443774855
magnetic_norm,7.284,42.670374037849726
magnetic_norm,7.304,42.79118493115726
magnetic_norm,7.324,42.90551073656069
magnetic_norm,7.344,43.277550834942126
magnetic_norm,7.364,42.2699153353925
magnetic_norm,7.383,43.78046305502604
magnetic_norm,7.404,42.159200839200025
magnetic_norm,7.424,44.98050358905512
magnetic_norm,7.444,45.4335095395348
magnetic_norm,7.466,43.65717763323695
magnetic_norm,7.484,44.92623646578912
magnetic_norm,7.503,45.30961073257527
magnetic_norm,7.524,43.527809008954264
magnetic_norm,7.544,45.26739992657529
magnetic_norm,7.565,46.185229480105484
magnetic_norm,7.584,47.2620037559904
magnetic_norm,7.605,46.36457978982987
magnetic_norm,7.628,46.65745268893277
magnetic_norm,7.643,45.353620448992324
magnetic_norm,7.664,45.633611613398564
magnetic_norm,7.683,45.57329733861431
magnetic_norm,7.704,44.43503948884259
magnetic_norm,7.724,47.366949839458215
magnetic_norm,7.744,46.715462258897745
magnetic_norm,7.764,45.724092344654586
magnetic_norm,7.784,44.75458666117367
magnetic_norm,7.804,44.6508525995585
magnetic_norm,7.823,45.49117297784269
magnetic_norm,7.851,45.42003003706079
magnetic_norm,7.864,45.125641074310515
magnetic_norm,7.884,45.83921575278099
magnetic_norm,7.904,47.6686624274271
magnetic_norm,7.926,45.91376464076441
magnetic_norm,7.943,46.960066562585915
magnetic_norm,7.964,48.22218157510616
magnetic_norm,7.984,45.728270966930296
magnetic_norm,8.008,44.01998880125369
magnetic_norm,8.024,44.57432459280796
magnetic_norm,8.045,47.061041628001654
magnetic_norm,8.063,45.200679497602735
magnetic_norm,8.084,43.275559410595825
magnetic_norm,8.103,43.53738912699067
magnetic_norm,8.125,44.59008042449021
magnetic_norm,8.144,45.83005163440796
magnetic_norm,8.168,44.21090968166116
magnetic_norm,8.184,46.825480762401256
magnetic_norm,8.203,46.6616946756116
magnetic_norm,8.223,48.4353252829741
magnetic_norm,8.243,48.264010784046
magnetic_norm,8.263,47.784760342943024
magnetic_norm,8.284,39.33319662629139
magnetic_norm,8.304,41.818458667704434
magnetic_norm,8.324,53.20584975632388
magnetic_norm,8.343,41.96200569430935
magnetic_norm,8.364,46.69042159533367
magnetic_norm,8.383,45.75096250712934
magnetic_norm,8.404,44.94448532876976
magnetic_norm,8.431,43.65660586007579
magnetic_norm,8.444,44.81957092038598
magnetic_norm,8.465,43.51765140470301
magnetic_norm,8.491,43.88037442211501
magnetic_norm,8.504,44.39437193076398
magnetic_norm,8.523,45.282619402895726
magnetic_norm,8.544,43.77016722680529
magnetic_norm,8.564,45.78867286507663
magnetic_norm,8.584,45.506547437882496
magnetic_norm,8.604,44.59238046750532
magnetic_norm,8.624,44.024600722209854
magnetic_norm,8.648,45.41138525519674
magnetic_norm,8.663,45.744426644875595
magnetic_norm,8.684,46.058465914802255
magnetic_norm,8.705,43.87729561302178
magnetic_norm,8.724,47.66715604087372
magnetic_norm,8.744,42.17543769734351
magnetic_norm,8.764,44.717307372411746
magnetic_norm,8.784,46.45827033278091
magnetic_norm,8.804,48.0407092601681
magnetic_norm,8.824,49.14525590054446
magnetic_norm,8.844,48.4060459943539
magnetic_norm,8.864,47.83949972956448
magnetic_norm,8.884,46.27981561118204
magnetic_norm,8.904,48.91445232858077
magnetic_norm,8.923,47.355694801998254
magnetic_norm,8.944,49.02055470501636
magnetic_norm,8.965,53.88286009321522
magnetic_norm,8.983,54.32863849619287
magnetic_norm,9.004,55.05244820339516
magnetic_norm,9.024,51.691069877204214
magnetic_norm,9.043,49.42042609716149
magnetic_norm,9.063,57.83580603181744
magnetic_norm,9.083,51.91614148340576
magnetic_norm,9.111,51.73811391759479
magnetic_norm,9.124,62.0571587021796
magnetic_norm,9.144,57.0840726537403
magnetic_norm,9.164,55.91435484850916
magnetic_norm,9.183,53.92700144060487
magnetic_norm,9.203,51.436019699720205
magnetic_norm,9.224,59.51385487651178
magnetic_norm,9.244,63.325227016667796
magnetic_norm,9.264,56.44906240762556
magnetic_norm,9.284,51.37919675303911
magnetic_norm,9.303,60.06571498939724
magnetic_norm,9.324,57.00771319128682
magnetic_norm,9.344,53.32864903643491
magnetic_norm,9.364,55.63065192668073
magnetic_norm,9.383,53.43968384263944
magnetic_norm,9.403,58.99796468141938
magnetic_norm,9.424,51.960520069460095
magnetic_norm,9.443,53.974608757150854
magnetic_norm,9.464,60.19601012826765
magnetic_norm,9.484,61.42923827075346
magnetic_norm,9.503,62.78450611357073
magnetic_norm,9.523,61.252556735311124
magnetic_norm,9.543,61.017341165647466
magnetic_norm,9.563,62.489097514486545
magnetic_norm,9.584,59.892598392560174
magnetic_norm,9.603,57.05110574180413
magnetic_norm,9.623,61.291321240347735
magnetic_norm,9.644,58.314630167105186
magnetic_norm,9.663,68.91639466139388
magnetic_norm,9.684,62.20940266400656
magnetic_norm,9.704,54.5080386128276
magnetic_norm,9.724,52.65859369046534
magnetic_norm,9.743,54.907490628499446
magnetic_norm,9.763,54.2714992260442
magnetic_norm,9.783,53.82846992054952
magnetic_norm,9.804,59.75796297670308
magnetic_norm,9.824,56.74322836019732
magnetic_norm,9.844,55.417268215444516
magnetic_norm,9.864,54.09768167375576
magnetic_norm,9.883,56.566517910222345
magnetic_norm,9.903,57.0532822167687
magnetic_norm,9.923,56.989422373147605
magnetic_norm,9.943,56.544535828517645
magnetic_norm,9.964,57.302776552493526
magnetic_norm,9.984,56.77906913225169
magnetic_norm,10.004,59.63586716723015
magnetic_norm,10.024,58.424186583779274
magnetic_norm,10.043,58.670143517742495
magnetic_norm,10.064,56.648002059869825
magnetic_norm,10.083,56.235801613051635
magnetic_norm,10.104,60.32869527679186
magnetic_norm,10.124,60.18425256790601
magnetic_norm,10.144,56.16381528940595
magnetic_norm,10.164,60.36278797239247
magnetic_norm,10.183,58.610861728160124
magnetic_norm,10.203,58.76801913813329
magnetic_norm,10.223,58.553169421048494
magnetic_norm,10.244,58.9497395617657
magnetic_norm,10.264,56.6539700740381
magnetic_norm,10.284,57.966188285715326
magnetic_norm,10.304,60.40297032565949
magnetic_norm,10.323,58.168343655441184
magnetic_norm,10.343,58.47888445738342
magnetic_norm,10.363,59.01981250902111
magnetic_norm,10.384,60.80864933841656
magnetic_norm,10.404,62.03321658121975
magnetic_norm,10.424,60.931941236924345
magnetic_norm,10.444,59.96962023860498
magnetic_norm,10.463,59.96962023860498
magnetic_norm,10.483,58.55532472948132
magnetic_norm,10.503,61.08213026675649
magnetic_norm,10.524,57.6272002829827
magnetic_norm,10.544,59.05333862115672
magnetic_norm,10.564,61.017901180104566
magnetic_norm,10.584,61.71995652177666
magnetic_norm,10.603,61.71995652177666
magnetic_norm,10.623,58.071915372880596
magnetic_norm,10.643,56.85071132932288
magnetic_norm,10.664,55.13773131044203
magnetic_norm,10.684,57.32851693457194
magnetic_norm,10.704,57.91266563801062
magnetic_norm,10.724,58.910077130317866
magnetic_norm,10.743,58.910077130317866
magnetic_norm,10.763,56.22362839902145
magnetic_norm,10.783,56.04406661603446
magnetic_norm,10.804,55.958629738294164
magnetic_norm,10.824,56.94880324104714
magnetic_norm,10.844,54.87920969046475
magnetic_norm,10.865,54.96456859866644
magnetic_norm,10.883,54.96456859866644
magnetic_norm,10.903,55.75005726302006
magnetic_norm,10.923,54.42352681646519
magnetic_norm,10.944,55.90809427041853
magnetic_norm,10.964,57.55128864490134
magnetic_norm,10.984,56.8237396761358
magnetic_norm,11.004,57.02841081912601
magnetic_norm,11.023,56.85436889617631
magnetic_norm,11.043,56.85436889617631
magnetic_norm,11.063,59.62699292292041
magnetic_norm,11.084,58.96353528611989
magnetic_norm,11.104,60.93911445738282
magnetic_norm,11.124,62.403706248647644
magnetic_norm,11.144,58.354166150434445
magnetic_norm,11.164,57.269777847264336
magnetic_norm,11.184,57.269777847264336
magnetic_norm,11.204,60.2343053419832
magnetic_norm,11.224,56.953772382477005
magnetic_norm,11.244,56.87129990425758
magnetic_norm,11.264,58.852429990082044
magnetic_norm,11.284,58.39337944739541
magnetic_norm,11.304,58.06884785015986
magnetic_norm,11.323,58.06884785015986
magnetic_norm,11.343,57.80186586459615
magnetic_norm,11.364,57.64496539187096
magnetic_norm,11.384,57.73710689362522
magnetic_norm,11.404,57.72417639360486
magnetic_norm,11.425,56.54463150848739
magnetic_norm,11.444,56.44568138975854
magnetic_norm,11.464,54.81083308042307
magnetic_norm,11.483,56.65227717056152
magnetic_norm,11.503,56.02448215724541
magnetic_norm,11.527,56.51538534760915
magnetic_norm,11.544,57.859081228943694
magnetic_norm,11.564,55.678153461474594
magnetic_norm,11.584,54.46932443759056
magnetic_norm,11.603,57.02484142544918
magnetic_norm,11.624,55.80416126116851
magnetic_norm,11.644,57.41233460665929
magnetic_norm,11.664,54.97527378482102
magnetic_norm,11.684,55.99628405884403
magnetic_norm,11.704,56.5105900168279
magnetic_norm,11.724,56.65440865155715
magnetic_norm,11.743,55.99737633464521
magnetic_norm,11.764,54.40662957820038
magnetic_norm,11.783,55.05345884569848
magnetic_norm,11.804,54.43526379455241
magnetic_norm,11.824,54.322046256333664
magnetic_norm,11.851,55.513949897188006
magnetic_norm,11.864,51.86775286955768
magnetic_norm,11.883,55.52202137947173
magnetic_norm,11.904,56.329347161803675
magnetic_norm,11.924,54.44432188024768
magnetic_norm,11.945,54.340324072616646
magnetic_norm,11.964,54.9140607016855
magnetic_norm,11.984,55.111701202117686
magnetic_norm,12.011,55.448830817571164
magnetic_norm,12.023,56.09195609944888
magnetic_norm,12.044,54.51815530783071
magnetic_norm,12.063,55.6115873525924
magnetic_norm,12.084,56.09220980069343
magnetic_norm,12.104,52.86604612059624
magnetic_norm,12.124,54.176570807937956
magnetic_norm,12.144,54.33953353130669
magnetic_norm,12.164,53.30804716347946
magnetic_norm,12.183,53.05847889619072
magnetic_norm,12.203,55.527845694165016
magnetic_norm,12.226,53.895894478035196
magnetic_norm,12.244,53.00606429794142
magnetic_norm,12.265,51.52762886430448
magnetic_norm,12.284,52.23838163667353
magnetic_norm,12.303,52.67582903216869
magnetic_norm,12.328,52.54332810286193
magnetic_norm,12.343,53.25234770952841
magnetic_norm,12.364,52.94825045799436
magnetic_norm,12.385,52.30767179534366
magnetic_norm,12.405,51.88477758419386
magnetic_norm,12.424,51.64215282523579
magnetic_norm,12.444,52.945863451808016
magnetic_norm,12.464,54.05912849040868
magnetic_norm,12.483,51.08565421189691
magnetic_norm,12.504,53.53119762102867
magnetic_norm,12.524,51.3325253320226
magnetic_norm,12.544,49.159046291875576
magnetic_norm,12.565,50.857070918747425
magnetic_norm,12.583,49.444123292106205
magnetic_norm,12.604,49.485910637725965
magnetic_norm,12.623,50.291759406039915
magnetic_norm,12.651,49.43761024829695
magnetic_norm,12.664,52.623944896631976
magnetic_norm,12.684,50.75676900850278
magnetic_norm,12.704,52.09719009127321
magnetic_norm,12.724,49.8278721553924
magnetic_norm,12.744,50.96629944817707
magnetic_norm,12.764,50.07268861445329
magnetic_norm,12.784,51.09596752398866
magnetic_norm,12.804,52.08015960120994
magnetic_norm,12.824,50.76501327341503
magnetic_norm,12.844,51.59989636650935
magnetic_norm,12.864,52.91609737005138
magnetic_norm,12.884,49.97136933982803
magnetic_norm,12.904,49.92713812359468
magnetic_norm,12.924,49.601398678616064
magnetic_norm,12.944,48.2735811998914
magnetic_norm,12.964,48.47973420533575
magnetic_norm,12.984,50.520272320228095
magnetic_norm,13.006,50.365047878662836
magnetic_norm,13.024,49.525125309028766
magnetic_norm,13.044,49.56808882423751
magnetic_norm,13.064,49.24284630418418
magnetic_norm,13.084,48.115364561644974
magnetic_norm,13.105,49.106944726662654
magnetic_norm,13.128,48.258222436350216
magnetic_norm,13.144,47.8086361415226
magnetic_norm,13.164,47.47902086475931
magnetic_norm,13.184,47.58823876495116
magnetic_norm,13.205,48.411592513957864
magnetic_norm,13.225,49.284908690186384
magnetic_norm,13.245,49.65922504970763
magnetic_norm,13.264,48.8195374835988
magnetic_norm,13.285,50.310659164025665
magnetic_norm,13.303,49.180517497068905
magnetic_norm,13.324,47.570006603165936
magnetic_norm,13.345,49.783954348765924
magnetic_norm,13.364,48.63587294233042
magnetic_norm,13.384,49.300453614812206
magnetic_norm,13.404,49.08621799319031
magnetic_norm,13.424,48.646295486912564
magnetic_norm,13.45,46.741042340351164
magnetic_norm,13.464,48.92320387516035
magnetic_norm,13.484,50.64357687678681
magnetic_norm,13.504,47.93870501966549
magnetic_norm,13.524,48.816455461248
magnetic_norm,13.545,48.564921790964526
magnetic_norm,13.564,47.340438002964234
magnetic_norm,13.583,48.521457370298826
magnetic_norm,13.608,48.26020565331235
magnetic_norm,13.623,47.860721202418524
magnetic_norm,13.644,48.16927914267558
magnetic_norm,13.664,45.99321519786914
magnetic_norm,13.685,44.97129186311531
magnetic_norm,13.705,47.03569705120251
magnetic_norm,13.723,47.325318880257
magnetic_norm,13.744,48.39498497068162
magnetic_norm,13.768,49.213605527760365
magnetic_norm,13.784,48.16650963264051
magnetic_norm,13.804,46.450327551993645
magnetic_norm,13.826,46.811695085182784
magnetic_norm,13.844,48.538600538509556
magnetic_norm,13.864,48.86950049088645
magnetic_norm,13.883,49.68312009054987
magnetic_norm,13.903,46.010047592754134
magnetic_norm,13.925,46.75609825987944
magnetic_norm,13.944,48.14682298132462
magnetic_norm,13.964,47.76550085077099
magnetic_norm,13.984,47.67597083732277
magnetic_norm,14.003,46.72226748631223
magnetic_norm,14.024,45.250665459471435
magnetic_norm,14.043,44.0655916468564
magnetic_norm,14.064,45.92133993704621
magnetic_norm,14.086,45.69926037361004
magnetic_norm,14.104,44.402414946993595
magnetic_norm,14.124,44.81011774889694
magnetic_norm,14.144,45.79238197069474
magnetic_norm,14.164,46.23293234738097
magnetic_norm,14.184,46.48011766591717
magnetic_norm,14.204,45.746355478380785
magnetic_norm,14.224,47.56176197836084
magnetic_norm,14.251,46.49987463345208
magnetic_norm,14.264,47.220954941106406
magnetic_norm,14.283,46.27291291853427
magnetic_norm,14.305,46.50019307782497
magnetic_norm,14.323,43.54149723760658
magnetic_norm,14.344,49.195062193069745
magnetic_norm,14.365,47.13774555274159
magnetic_norm,14.385,46.10427057402069
magnetic_norm,14.408,47.197865583360866
magnetic_norm,14.423,48.50448880440088
magnetic_norm,14.443,47.7415902493571
magnetic_norm,14.464,47.53557497707642
magnetic_norm,14.484,47.00722426453464
magnetic_norm,14.504,46.718306926327074
magnetic_norm,14.524,47.44773020321943
magnetic_norm,14.544,46.40395640958327
magnetic_norm,14.566,45.42988829738084
magnetic_norm,14.584,47.37527514199791
magnetic_norm,14.604,46.60344115674293
magnetic_norm,14.624,45.947195616081956
magnetic_norm,14.645,45.71803221774215
magnetic_norm,14.672,45.7540015845063
magnetic_norm,14.684,43.443875431411506
magnetic_norm,14.704,46.801294006149064
magnetic_norm,14.725,46.25722879106308
magnetic_norm,14.744,48.093489982221186
magnetic_norm,14.764,46.209206671939306
magnetic_norm,14.784,45.74113899844428
magnetic_norm,14.804,46.88939244268106
magnetic_norm,14.824,46.09257244312255
magnetic_norm,14.844,47.924149053478246
magnetic_norm,14.864,46.79697631488198
magnetic_norm,14.884,47.02143381724977
magnetic_norm,14.905,47.68923280312343
magnetic_norm,14.924,46.35622882744297
magnetic_norm,14.944,46.300227371876915
magnetic_norm,14.965,46.47718642140469
magnetic_norm,14.984,48.87542339381838
magnetic_norm,15.004,47.704370377618446
magnetic_norm,15.024,47.64878220177825
magnetic_norm,15.045,47.68784485458532
magnetic_norm,15.064,47.1821462237174
magnetic_norm,15.084,47.26250206847391
magnetic_norm,15.104,47.45136408538484
magnetic_norm,15.124,47.71788264681287
magnetic_norm,15.144,45.48948825918472
magnetic_norm,15.166,46.37009576539604
magnetic_norm,15.185,48.35393374421577
magnetic_norm,15.211,46.47862360195818
magnetic_norm,15.224,45.520234160261175
magnetic_norm,15.244,47.25192260683695
magnetic_norm,15.264,46.708316142577864
magnetic_norm,15.283,45.27874217432227
magnetic_norm,15.304,46.160630298123095
magnetic_norm,15.324,48.29648789074885
magnetic_norm,15.344,47.013537792453995
magnetic_norm,15.364,48.47128174014502
magnetic_norm,15.385,44.796681320746295
magnetic_norm,15.405,45.28094721728997
magnetic_norm,15.424,44.68746941993359
magnetic_norm,15.444,44.77131344747996
magnetic_norm,15.463,45.269686075783696
magnetic_norm,15.484,44.373461605671565
magnetic_norm,15.504,45.5609780837177
magnetic_norm,15.531,44.81975428927801
magnetic_norm,15.544,47.26250206847391
magnetic_norm,15.564,47.74121524604029
magnetic_norm,15.584,44.68049664241104
magnetic_norm,15.604,43.502380053423515
magnetic_norm,15.624,45.55336142157217
magnetic_norm,15.644,44.70926299493466
magnetic_norm,15.664,44.84811870106147
magnetic_norm,15.69,45.51788710908054
magnetic_norm,15.703,44.499991660813826
magnetic_norm,15.723,42.81893291874518
magnetic_norm,15.746,46.48056927698391
magnetic_norm,15.764,43.72569950183187
magnetic_norm,15.784,45.503393452164694
magnetic_norm,15.805,44.33609078513238
magnetic_norm,15.824,41.893923151305714
magnetic_norm,15.848,43.44672790311717
magnetic_norm,15.864,43.428642981907686
magnetic_norm,15.883,44.011083044495734
magnetic_norm,15.905,43.87006783248688
magnetic_norm,15.924,42.94189662477078
magnetic_norm,15.944,42.801354861236575
magnetic_norm,15.964,42.875674648674625
magnetic_norm,15.99,42.31286790632845
magnetic_norm,16.004,45.92589266624684
magnetic_norm,16.023,45.619789525476314
magnetic_norm,16.045,45.77340080640066
magnetic_norm,16.065,44.01236908884252
magnetic_norm,16.084,44.632404898571174
magnetic_norm,16.104,44.01997287749619
magnetic_norm,16.124,44.40522761108769
magnetic_norm,16.144,45.090849734258725
magnetic_norm,16.172,44.74142412085816
magnetic_norm,16.184,45.46740848536455
magnetic_norm,16.205,44.99682317661446
magnetic_norm,16.224,45.72412224287918
magnetic_norm,16.245,42.98129049458613
magnetic_norm,16.264,44.6361284866447
magnetic_norm,16.284,44.87491117757236
magnetic_norm,16.313,45.87576339148211
magnetic_norm,16.324,46.66907772797744
magnetic_norm,16.344,45.161721189313084
magnetic_norm,16.365,46.767972072936935
magnetic_norm,16.384,46.70163190027464
magnetic_norm,16.404,47.490837113239536
magnetic_norm,16.425,46.01246565389916
magnetic_norm,16.444,47.10135298219951
magnetic_norm,16.466,46.98808733715919
magnetic_norm,16.485,48.05101172863065
magnetic_norm,16.507,49.73029471358489
magnetic_norm,16.524,48.52477902770398
magnetic_norm,16.543,48.428393498803985
magnetic_norm,16.565,48.00690259392393
magnetic_norm,16.583,47.970847413950366
magnetic_norm,16.608,49.557944938097556
magnetic_norm,16.624,51.47127003601144
magnetic_norm,16.643,49.013142379398005
magnetic_norm,16.665,49.941312481752064
magnetic_norm,16.683,47.93722703580694
magnetic_norm,16.707,47.97593224466831
magnetic_norm,16.724,47.632492055990525
magnetic_norm,16.744,49.4383452688802
magnetic_norm,16.765,49.75226557341384
magnetic_norm,16.784,47.938589447255374
magnetic_norm,16.804,49.80678376039754
magnetic_norm,16.826,49.29921224821963
magnetic_norm,16.843,50.315334160124586
magnetic_norm,16.865,48.969566036595786
magnetic_norm,16.884,48.98476889210053
magnetic_norm,16.907,50.97994320686323
magnetic_norm,16.924,52.25780272529887
magnetic_norm,16.945,50.01034502355487
magnetic_norm,16.966,50.06092389653846
magnetic_norm,16.983,49.48831183029484
magnetic_norm,17.003,49.415488414438535
magnetic_norm,17.024,48.70651241030309
magnetic_norm,17.044,47.54716455639074
magnetic_norm,17.064,51.15428187447998
magnetic_norm,17.084,48.21062386536296
magnetic_norm,17.104,48.25933421597587
magnetic_norm,17.123,49.06932880686524
magnetic_norm,17.147,50.093358216312126
magnetic_norm,17.164,48.415617190706186
magnetic_norm,17.184,50.89273356090499
magnetic_norm,17.204,50.06083766798159
magnetic_norm,17.224,50.41886164082099
magnetic_norm,17.244,48.58117243486673
magnetic_norm,17.263,49.73118244936973
magnetic_norm,17.289,51.42832969733223
magnetic_norm,17.304,50.22483511670297
magnetic_norm,17.324,50.278182042760896
magnetic_norm,17.344,50.31304596436694
magnetic_norm,17.364,50.0338642317007
magnetic_norm,17.383,51.793728751138545
magnetic_norm,17.403,49.989731384564415
magnetic_norm,17.423,51.85865934821068
magnetic_norm,17.443,50.82707788628768
magnetic_norm,17.465,49.435405340087485
magnetic_norm,17.484,52.89377664668596
magnetic_norm,17.504,50.540699192692756
magnetic_norm,17.526,49.8816179408934
magnetic_norm,17.543,51.80383755788031
magnetic_norm,17.563,52.2900623930781
magnetic_norm,17.584,51.47550166939852
magnetic_norm,17.604,52.59137031181423
magnetic_norm,17.624,51.85159524740054
magnetic_norm,17.644,50.80681592418236
magnetic_norm,17.663,52.124154191986804
magnetic_norm,17.684,51.660285714475584
magnetic_norm,17.703,51.15519295120502
magnetic_norm,17.723,52.57024940377414
magnetic_norm,17.744,52.637545268425086
magnetic_norm,17.764,52.8304799275475
magnetic_norm,17.783,52.8065587456948
magnetic_norm,17.804,52.84870422193448
magnetic_norm,17.823,52.184514136140045
magnetic_norm,17.843,51.97079598733793
magnetic_norm,17.863,50.349897854787244
magnetic_norm,17.884,52.574795704917
magnetic_norm,17.904,51.853900453456724
magnetic_norm,17.93,53.277912702990804
magnetic_norm,17.944,50.143932546595394
magnetic_norm,17.964,52.03701382842808
magnetic_norm,17.983,51.28881171550737
magnetic_norm,18.003,51.80939152603039
magnetic_norm,18.024,52.657167351285224
magnetic_norm,18.044,50.593024624200915
magnetic_norm,18.063,57.07708808598245
magnetic_norm,18.084,57.37767756418875
magnetic_norm,18.103,54.51340897258674
magnetic_norm,18.123,53.034862056717145
magnetic_norm,18.143,54.770460652743736
magnetic_norm,18.164,55.09236601343919
magnetic_norm,18.183,54.25597209351704
magnetic_norm,18.204,57.81312899296764
magnetic_norm,18.224,57.15492104813023
magnetic_norm,18.243,59.10534955160577
magnetic_norm,18.263,59.42811345914083
magnetic_norm,18.283,59.111461848710015
magnetic_norm,18.304,55.392866217027525
magnetic_norm,18.323,57.364202387737066
magnetic_norm,18.344,63.82834071885702
magnetic_norm,18.364,61.2229210713194
magnetic_norm,18.383,57.70970482711306
magnetic_norm,18.404,58.01253032429718
magnetic_norm,18.424,61.15492093083564
magnetic_norm,18.444,57.73122963387118
magnetic_norm,18.464,58.743413870152324
magnetic_norm,18.483,58.155700532084694
magnetic_norm,18.503,59.873265634557285
magnetic_norm,18.524,56.97253957905953
magnetic_norm,18.544,63.98673966324976
magnetic_norm,18.564,58.554547883426686
magnetic_norm,18.584,63.54342634419787
magnetic_norm,18.603,62.73404242226663
magnetic_norm,18.624,62.01809506339262
magnetic_norm,18.644,60.72543484817544
magnetic_norm,18.664,57.93478347806268
magnetic_norm,18.683,59.7821573155403
magnetic_norm,18.703,59.11015542087505
magnetic_norm,18.724,60.68259481351514
magnetic_norm,18.743,58.34526207306825
magnetic_norm,18.764,59.525553861497166
magnetic_norm,18.784,68.28556164885993
magnetic_norm,18.804,60.92805792256656
magnetic_norm,18.823,58.3498704426583
magnetic_norm,18.843,66.20224872190899
magnetic_norm,18.864,61.14506668315523
magnetic_norm,18.885,64.7165532643697
magnetic_norm,18.904,63.910026172053
magnetic_norm,18.924,60.900608141120024
magnetic_norm,18.944,66.99260574029813
magnetic_norm,18.963,61.62191822908888
magnetic_norm,18.984,62.718312778745094
magnetic_norm,19.004,60.00654656607273
magnetic_norm,19.024,59.536401388520325
magnetic_norm,19.044,65.59524504022949
magnetic_norm,19.064,62.74010286740452
magnetic_norm,19.084,63.855235750974245
magnetic_norm,19.103,58.846963887219864
magnetic_norm,19.123,59.72998130144735
magnetic_norm,19.144,65.03301475360516
magnetic_norm,19.164,60.40458223253845
magnetic_norm,19.184,60.58032928238757
magnetic_norm,19.204,59.24987246885009
magnetic_norm,19.224,60.132284836745555
magnetic_norm,19.243,60.706014281216476
magnetic_norm,19.263,59.46722639929493
magnetic_norm,19.283,69.00982101492899
magnetic_norm,19.304,63.42207686532552
magnetic_norm,19.324,60.06455422761844
magnetic_norm,19.344,60.92561533491078
magnetic_norm,19.364,60.71113060314813
magnetic_norm,19.383,59.87790116206793
magnetic_norm,19.403,59.8287919443997
magnetic_norm,19.423,59.21497979291233
magnetic_norm,19.444,58.985529222704315
magnetic_norm,19.464,58.04019414983041
magnetic_norm,19.484,59.69939640310445
magnetic_norm,19.504,59.13562342247695
magnetic_norm,19.523,59.2939938016703
magnetic_norm,19.543,60.999865230763014
magnetic_norm,19.563,58.98419514890204
magnetic_norm,19.584,62.13504847330543
magnetic_norm,19.604,59.73685858732872
magnetic_norm,19.624,59.72878748455401
magnetic_norm,19.644,59.257027867123064
magnetic_norm,19.663,57.79423430492981
magnetic_norm,19.683,62.506307003073736
magnetic_norm,19.704,57.80707714143875
magnetic_norm,19.724,60.012039861108285
magnetic_norm,19.744,58.20119300990531
magnetic_norm,19.764,59.00976217812404
magnetic_norm,19.784,57.52036124376959
magnetic_norm,19.803,59.03292419131047
magnetic_norm,19.824,57.98192067284318
magnetic_norm,19.844,59.34142771279185
magnetic_norm,19.864,57.41789454172802
magnetic_norm,19.884,57.74135794941526
magnetic_norm,19.904,60.19101625256464
magnetic_norm,19.924,58.723980290093294
magnetic_norm,19.943,56.65467956290121
magnetic_norm,19.963,59.648005597945186
magnetic_norm,19.983,57.5833440972844
magnetic_norm,20.004,57.74791588771854
magnetic_norm,20.024,57.18758084230365
magnetic_norm,20.044,58.64845646750859
magnetic_norm,20.064,57.18514437122201
magnetic_norm,20.083,56.321187104565865
magnetic_norm,20.103,56.891424172579605
magnetic_norm,20.123,56.12494539163268
magnetic_norm,20.144,58.79796114131
magnetic_norm,20.164,58.7404633448433
magnetic_norm,20.184,58.669277314025344
magnetic_norm,20.204,57.23367596227333
magnetic_norm,20.223,56.88700251100862
magnetic_norm,20.244,58.07922892008174
magnetic_norm,20.263,59.00726290417562
magnetic_norm,20.284,57.6096580062536
magnetic_norm,20.304,58.61581297034961
magnetic_norm,20.324,57.429026931182676
magnetic_norm,20.344,59.231173900710985
magnetic_norm,20.363,57.83509553966792
magnetic_norm,20.384,58.11845225413569
magnetic_norm,20.404,58.0664311251562
magnetic_norm,20.424,58.99630614813962
magnetic_norm,20.444,59.41172161234276
magnetic_norm,20.464,57.53232098720691
magnetic_norm,20.484,58.13326953261148
magnetic_norm,20.503,57.94662852843555
magnetic_norm,20.524,58.41531642918667
magnetic_norm,20.544,58.72497223741366
magnetic_norm,20.564,56.70088683268103
magnetic_norm,20.584,56.549309928017685
magnetic_norm,20.604,57.15862987106592
magnetic_norm,20.624,57.91232376748498
magnetic_norm,20.652,58.32052410772737
magnetic_norm,20.664,57.35230355138333
magnetic_norm,20.683,57.43747212073317
magnetic_norm,20.704,57.37702508681066
magnetic_norm,20.724,57.76249743183301
magnetic_norm,20.744,56.18775405330232
magnetic_norm,20.765,56.65531783568512
magnetic_norm,20.784,58.36203493628813
magnetic_norm,20.81,56.82645351913593
magnetic_norm,20.824,56.2077531111145
magnetic_norm,20.844,56.44697076954174
magnetic_norm,20.867,55.84117032698642
magnetic_norm,20.884,56.60088898495769
magnetic_norm,20.905,55.715472981434885
magnetic_norm,20.925,57.31865493816127
magnetic_norm,20.944,57.71156800114905
magnetic_norm,20.967,57.71050405840349
magnetic_norm,20.984,56.96116382231406
magnetic_norm,21.004,60.35534137706869
magnetic_norm,21.024,56.653729121965206
magnetic_norm,21.045,58.631002273605354
magnetic_norm,21.067,58.26493144412655
magnetic_norm,21.083,59.96111933776344
magnetic_norm,21.103,57.3599265278034
magnetic_norm,21.125,58.512157161525124
magnetic_norm,21.144,56.8786435752691
magnetic_norm,21.164,60.130775543154726
magnetic_norm,21.184,59.03535689002397
magnetic_norm,21.204,59.07601643306706
magnetic_norm,21.229,58.79834380639475
magnetic_norm,21.243,58.204569612488335
magnetic_norm,21.263,58.41419795520606
magnetic_norm,21.284,60.07219679789478
magnetic_norm,21.304,59.68263538341798
magnetic_norm,21.324,59.01012558769045
magnetic_norm,21.344,57.604400638438655
magnetic_norm,21.363,59.95095472623853
magnetic_norm,21.383,60.57973442585816
magnetic_norm,21.403,58.20658108545374
magnetic_norm,21.424,58.409009770175864
magnetic_norm,21.449,60.57973442585816
magnetic_norm,21.464,61.880622089037296
magnetic_norm,21.483,59.234609353928384
magnetic_norm,21.503,60.593113617081116
magnetic_norm,21.524,59.0554452050148
magnetic_norm,21.543,60.788446578071195
magnetic_norm,21.564,60.589354158403964
magnetic_norm,21.584,60.50918993452572
magnetic_norm,21.604,60.76214290993612
magnetic_norm,21.624,60.93445665477374
magnetic_norm,21.643,60.389805999377984
magnetic_norm,21.663,61.0825331774559
magnetic_norm,21.683,59.57360787163864
magnetic_norm,21.704,59.02709203652819
magnetic_norm,21.724,62.49816704252227
magnetic_norm,21.744,61.659011264777874
magnetic_norm,21.768,61.023404041912485
magnetic_norm,21.784,61.1014350352143
magnetic_norm,21.803,62.216042898817584
magnetic_norm,21.823,62.537102957264516
magnetic_norm,21.844,61.857028640143234
magnetic_norm,21.864,59.591459533330074
magnetic_norm,21.884,62.12580447688392
magnetic_norm,21.904,60.87557826460464
magnetic_norm,21.924,62.569868340619905
magnetic_norm,21.943,61.82178962044855
magnetic_norm,21.963,62.35487541333478
magnetic_norm,21.984,62.5022391602894
magnetic_norm,22.004,63.27757238528515
magnetic_norm,22.024,63.33466476158626
magnetic_norm,22.045,63.43577640781672
magnetic_norm,22.064,63.62417482470808
magnetic_norm,22.085,63.471380358493114
magnetic_norm,22.103,62.421107642767794
magnetic_norm,22.124,61.99169816908969
magnetic_norm,22.144,61.531744587346985
magnetic_norm,22.164,63.74703957685028
magnetic_norm,22.184,61.87020249583006
magnetic_norm,22.203,62.731903562103106
magnetic_norm,22.223,64.01907809499072
magnetic_norm,22.248,61.278784690339734
magnetic_norm,22.264,62.012727433003626
magnetic_norm,22.284,62.181646484463236
magnetic_norm,22.304,60.78822063761616
magnetic_norm,22.324,61.713385582809416
magnetic_norm,22.343,61.53621516976815
magnetic_norm,22.363,60.96245029416684
magnetic_norm,22.383,59.720916365729856
magnetic_norm,22.404,59.79645458267154
magnetic_norm,22.424,59.996587160281464
magnetic_norm,22.444,59.825360320519735
magnetic_norm,22.464,61.59470923356568
magnetic_norm,22.488,59.19326363626611
magnetic_norm,22.504,59.62564268521557
magnetic_norm,22.523,60.47011424507577
magnetic_norm,22.544,62.29792960123153
magnetic_norm,22.564,62.86033066946913
magnetic_norm,22.583,62.595616477374044
magnetic_norm,22.604,60.43908339291938
magnetic_norm,22.623,60.35221969606838
magnetic_norm,22.643,60.48282136468586
magnetic_norm,22.663,62.126053210498974
magnetic_norm,22.684,61.20782696242787
magnetic_norm,22.703,63.8679276906649
magnetic_norm,22.723,66.2811888008206
magnetic_norm,22.744,62.255282513815686
magnetic_norm,22.763,62.91788924781254
magnetic_norm,22.783,61.600497176808695
magnetic_norm,22.803,59.330875291558854
magnetic_norm,22.824,66.1581468197606
magnetic_norm,22.844,62.64622207783164
magnetic_norm,22.864,62.43197353415957
magnetic_norm,22.885,61.47564892723786
magnetic_norm,22.904,65.50864286842246
magnetic_norm,22.923,66.05347456672891
magnetic_norm,22.944,61.53321797259184
magnetic_norm,22.964,65.27035092693325
magnetic_norm,22.984,62.94467022353853
magnetic_norm,23.003,63.68485747108577
magnetic_norm,23.023,62.67671378201411
magnetic_norm,23.044,64.24621907668977
magnetic_norm,23.063,69.43927267943373
magnetic_norm,23.084,62.93354406147413
magnetic_norm,23.104,63.97550329520676
magnetic_norm,23.123,63.50003306829848
magnetic_norm,23.144,63.2676504983985
magnetic_norm,23.164,67.91178047238932
magnetic_norm,23.184,64.79018236855026
magnetic_norm,23.204,65.3843794619556
magnetic_norm,23.223,64.69608568118711
magnetic_norm,23.244,72.91347065486426
magnetic_norm,23.264,68.19712421209564
magnetic_norm,23.284,63.81839529575309
magnetic_norm,23.304,63.65173450287907
magnetic_norm,23.324,65.31775038705022
magnetic_norm,23.343,63.16826608066355
magnetic_norm,23.364,65.66441160409877
magnetic_norm,23.383,64.55728780345028
magnetic_norm,23.404,65.74288579306517
magnetic_norm,23.424,63.663410269753925
magnetic_norm,23.444,62.05506684610859
magnetic_norm,23.464,63.61829540450621
magnetic_norm,23.483,61.53702605210542
magnetic_norm,23.503,65.85612100423924
magnetic_norm,23.523,63.643347580187054
magnetic_norm,23.544,63.533945466675526
magnetic_norm,23.564,64.91238645224044
magnetic_norm,23.584,64.51721088835522
magnetic_norm,23.604,62.96756543620308
magnetic_norm,23.623,61.77174623411985
magnetic_norm,23.644,63.178697458083136
magnetic_norm,23.663,62.750146494350915
magnetic_norm,23.684,62.30090071746556
magnetic_norm,23.704,63.244831317171695
magnetic_norm,23.724,65.29660249153474
magnetic_norm,23.744,63.52474379228157
magnetic_norm,23.763,66.11681571909324
magnetic_norm,23.784,64.3570800641235
magnetic_norm,23.803,64.67226200095371
magnetic_norm,23.824,63.398793016744456
magnetic_norm,23.844,63.326064687062306
magnetic_norm,23.864,66.13697525735888
magnetic_norm,23.884,64.7790386693489
magnetic_norm,23.903,65.25903496318537
magnetic_norm,23.924,64.54402781280392
magnetic_norm,23.943,63.6560430836107
magnetic_norm,23.964,62.98174679768338
magnetic_norm,23.984,63.30383799502215
magnetic_norm,24.004,65.40741758967424
magnetic_norm,24.023,65.85519768273826
magnetic_norm,24.043,64.61178027506877
magnetic_norm,24.063,65.29785691113837
magnetic_norm,24.083,64.08013162037048
magnetic_norm,24.104,66.45756754412004
magnetic_norm,24.124,64.95787214594377
magnetic_norm,24.144,64.78837515085172
magnetic_norm,24.164,67.6223812926423
magnetic_norm,24.183,67.61562246228678
magnetic_norm,24.203,62.97432350271828
magnetic_norm,24.223,63.76020987300786
magnetic_norm,24.244,63.69691820580883
magnetic_norm,24.264,63.743367576223214
magnetic_norm,24.284,64.12843040795178
magnetic_norm,24.304,64.67991544889534
magnetic_norm,24.323,64.3643914518249
magnetic_norm,24.343,63.97603598926712
magnetic_norm,24.363,62.65061155776945
magnetic_norm,24.384,63.038919394757635
magnetic_norm,24.404,63.000150712557826
magnetic_norm,24.424,62.381506616785146
magnetic_norm,24.444,62.853350567252974
magnetic_norm,24.463,64.33465103630006
magnetic_norm,24.484,63.10198155391006
magnetic_norm,24.503,62.71564469412717
magnetic_norm,24.524,64.11720646289113
magnetic_norm,24.544,62.11564127234796
magnetic_norm,24.564,64.35878284760375
magnetic_norm,24.584,63.95681203007242
magnetic_norm,24.604,64.82997492884766
magnetic_norm,24.623,72.88390569537627
magnetic_norm,24.643,66.50409808190413
magnetic_norm,24.664,63.557176598850816
magnetic_norm,24.684,64.51183783601272
magnetic_norm,24.703,67.24511532808536
magnetic_norm,24.724,65.18006686829192
magnetic_norm,24.743,68.383134451687
magnetic_norm,24.763,73.34322516210172
magnetic_norm,24.783,70.03132009233458
magnetic_norm,24.804,72.38585573047058
magnetic_norm,24.824,72.16052661893828
magnetic_norm,24.844,68.98617050561676
magnetic_norm,24.863,72.8327506820421
magnetic_norm,24.884,74.3213037050113
magnetic_norm,24.907,75.72959065674065
magnetic_norm,24.924,66.99533009387696
magnetic_norm,24.944,67.1509783517709
magnetic_norm,24.963,73.72217789664813
magnetic_norm,24.984,67.2303547668018
magnetic_norm,25.004,71.93881453386292
magnetic_norm,25.024,71.96527238701317
magnetic_norm,25.044,69.76465299580458
magnetic_norm,25.063,73.09340480790661
magnetic_norm,25.084,72.58667082624423
magnetic_norm,25.104,72.04003517662957
magnetic_norm,25.124,74.82924317735039
magnetic_norm,25.144,76.04168886094676
magnetic_norm,25.164,74.06913260989721
magnetic_norm,25.183,72.05561146893768
magnetic_norm,25.204,73.98084977287196
magnetic_norm,25.223,69.40233443146924
magnetic_norm,25.244,70.8594855006486
magnetic_norm,25.264,77.23477791650939
magnetic_norm,25.283,68.06856342688617
magnetic_norm,25.305,67.83160497271903
magnetic_norm,25.323,75.08232855364504
magnetic_norm,25.343,66.76098363483909
magnetic_norm,25.364,66.87984896009431
magnetic_norm,25.384,66.36716606848978
magnetic_norm,25.404,73.66645746267432
magnetic_norm,25.424,66.30227500706519
magnetic_norm,25.443,73.08528031544725
magnetic_norm,25.463,67.12355005864212
magnetic_norm,25.483,65.55562583123589
magnetic_norm,25.503,68.10862048825042
magnetic_norm,25.523,66.09894622771058
magnetic_norm,25.543,67.66603018224876
magnetic_norm,25.563,65.958348148358
magnetic_norm,25.583,66.85676078929866
magnetic_norm,25.603,70.2095097201939
magnetic_norm,25.623,65.61777013745971
magnetic_norm,25.643,68.82111578629048
magnetic_norm,25.664,64.13908761599673
magnetic_norm,25.684,66.23720931556359
magnetic_norm,25.703,68.47507444779633
magnetic_norm,25.724,64.11474551949821
magnetic_norm,25.743,68.50170260977113
magnetic_norm,25.763,65.12512298411613
magnetic_norm,25.783,63.821565573313464
magnetic_norm,25.804,66.0692823800329
magnetic_norm,25.823,63.792606405836786
magnetic_norm,25.844,66.93426200535306
magnetic_norm,25.863,63.34710464600967
magnetic_norm,25.883,64.95364813853799
magnetic_norm,25.903,67.20501690653384
magnetic_norm,25.923,64.60211484299488
magnetic_norm,25.943,69.3843465238558
magnetic_norm,25.964,64.04358319092164
magnetic_norm,25.983,66.20871915834613
magnetic_norm,26.004,64.01887328149802
magnetic_norm,26.023,65.87565410307161
magnetic_norm,26.043,66.3178326215885
magnetic_norm,26.063,64.05756873977695
magnetic_norm,26.084,66.98892688207899
magnetic_norm,26.103,64.4660339956244
magnetic_norm,26.124,62.194216638345964
magnetic_norm,26.144,66.84670381047248
magnetic_norm,26.163,64.541902559016
magnetic_norm,26.183,67.03498746162361
magnetic_norm,26.203,64.79734724691674
magnetic_norm,26.223,64.79600962676058
magnetic_norm,26.244,65.81654104055075
magnetic_norm,26.263,64.3327923350527
magnetic_norm,26.284,64.20961289386511
magnetic_norm,26.303,63.164634520434056
magnetic_norm,26.323,62.85612605227924
magnetic_norm,26.343,62.99788544665615
magnetic_norm,26.364,61.37126204391196
magnetic_norm,26.383,63.13620807587359
magnetic_norm,26.404,63.14618099141078
magnetic_norm,26.424,62.62941072281869
magnetic_norm,26.444,63.868076501390746
magnetic_norm,26.463,61.53681562934515
magnetic_norm,26.483,63.29160859515672
magnetic_norm,26.504,63.19082150023847
magnetic_norm,26.524,61.720802392507906
magnetic_norm,26.544,62.59765795908423
magnetic_norm,26.564,64.47472902705758
magnetic_norm,26.583,64.19555876869521
magnetic_norm,26.603,62.74033927227375
magnetic_norm,26.623,61.664705363258726
magnetic_norm,26.644,63.02184068529339
magnetic_norm,26.664,62.91854955811919
magnetic_norm,26.685,65.10216302109325
magnetic_norm,26.704,65.32866963917914
magnetic_norm,26.724,61.40746967002468
magnetic_norm,26.744,65.11427100784056
magnetic_norm,26.763,63.42365398857519
magnetic_norm,26.785,62.480204338154216
magnetic_norm,26.804,63.25842921846463
magnetic_norm,26.827,61.862023473210165
magnetic_norm,26.844,64.39451042214313
magnetic_norm,26.863,60.67627760552307
magnetic_norm,26.884,62.87842560848082
magnetic_norm,26.903,63.336539083000936
magnetic_norm,26.923,61.393933092061346
magnetic_norm,26.944,63.56502144497401
magnetic_norm,26.964,61.659880825886326
magnetic_norm,26.985,63.45025598795891
magnetic_norm,27.004,62.58932400397864
magnetic_norm,27.023,60.426726659132456
magnetic_norm,27.044,62.65406809068758
magnetic_norm,27.063,63.461252326715076
magnetic_norm,27.085,61.730678485366994
magnetic_norm,27.104,61.3625856207388
magnetic_norm,27.127,60.5369344240564
magnetic_norm,27.144,61.62734366628597
magnetic_norm,27.163,61.3519122681805
magnetic_norm,27.185,61.80924921623793
magnetic_norm,27.203,62.115716758421954
magnetic_norm,27.226,60.79373813148864
magnetic_norm,27.244,62.30548479782904
magnetic_norm,27.264,60.80931149308064
magnetic_norm,27.285,62.01405420013677
magnetic_norm,27.303,60.54066284541742
magnetic_norm,27.326,60.77443701096712
magnetic_norm,27.343,63.76894213114253
magnetic_norm,27.364,60.95733715579282
magnetic_norm,27.384,63.389890416966345
magnetic_norm,27.404,60.94664295594965
magnetic_norm,27.426,59.10846147200501
magnetic_norm,27.443,62.52195020800695
magnetic_norm,27.465,61.042610304913275
magnetic_norm,27.483,60.72936570865038
magnetic_norm,27.504,62.26198984021083
magnetic_norm,27.526,59.634168264930224
magnetic_norm,27.544,61.057838834583755
magnetic_norm,27.564,61.03159679870761
magnetic_norm,27.585,60.94827885439014
magnetic_norm,27.603,60.09884372390219
magnetic_norm,27.627,60.515336992265865
magnetic_norm,27.644,59.29964637658055
magnetic_norm,27.664,59.136462678283436
magnetic_norm,27.687,60.47400558556131
magnetic_norm,27.704,61.223762471364054
magnetic_norm,27.728,60.8007689697466
magnetic_norm,27.743,59.818450137269565
magnetic_norm,27.763,58.289740101711004
magnetic_norm,27.784,59.85347355302368
magnetic_norm,27.804,59.617632409275544
magnetic_norm,27.827,60.8066725221213
magnetic_norm,27.846,59.201655548747254
magnetic_norm,27.864,57.71598125465337
magnetic_norm,27.884,61.856764551664035
magnetic_norm,27.903,60.143386525140905
magnetic_norm,27.924,58.954216453850876
magnetic_norm,27.944,59.01487961205208
magnetic_norm,27.964,58.81525955470656
magnetic_norm,27.986,60.15947385647169
magnetic_norm,28.003,58.48354945495365
magnetic_norm,28.025,58.852531671649515
magnetic_norm,28.043,59.827219894041676
magnetic_norm,28.07,59.22057928668045
magnetic_norm,28.086,60.38896305244872
magnetic_norm,28.104,59.39231146516358
magnetic_norm,28.124,60.20713989002888
magnetic_norm,28.144,60.363308241845104
magnetic_norm,28.168,59.54899068980935
magnetic_norm,28.184,60.80799632922474
magnetic_norm,28.204,59.442770189065136
magnetic_norm,28.226,58.81651682945877
magnetic_norm,28.244,58.21439321266478
magnetic_norm,28.268,59.44079573859621
magnetic_norm,28.284,59.080610318656994
magnetic_norm,28.303,57.51354580813992
magnetic_norm,28.327,58.3103687311485
magnetic_norm,28.344,59.06645723117737
magnetic_norm,28.366,59.34911225852512
magnetic_norm,28.384,60.49342448038262
magnetic_norm,28.405,58.349885562130716
magnetic_norm,28.424,56.19835441596578
magnetic_norm,28.443,60.58923765632805
magnetic_norm,28.467,58.69795234397023
magnetic_norm,28.484,60.01142176442331
magnetic_norm,28.504,58.89040696433511
magnetic_norm,28.524,59.757173892355816
magnetic_norm,28.544,60.05619168614092
magnetic_norm,28.567,59.13314266540805
magnetic_norm,28.583,57.187972293623545
magnetic_norm,28.603,57.787741481650045
magnetic_norm,28.625,58.6971788573672
magnetic_norm,28.644,57.871956250955435
magnetic_norm,28.666,59.98602097249409
magnetic_norm,28.684,57.586014266334715
magnetic_norm,28.703,56.40165820301741
magnetic_norm,28.727,59.4040316646313
magnetic_norm,28.744,58.91397114744941
magnetic_norm,28.764,60.551280135002145
magnetic_norm,28.784,58.671007028109855
magnetic_norm,28.805,58.263784906342266
magnetic_norm,28.826,59.04584592977308
magnetic_norm,28.844,59.49332752948015
magnetic_norm,28.866,59.06728849636235
magnetic_norm,28.884,59.01647340058962
magnetic_norm,28.903,57.21355349150234
magnetic_norm,28.925,58.22168664864068
magnetic_norm,28.944,57.4157085912689
magnetic_norm,28.966,58.613225701841465
magnetic_norm,28.984,58.99748303120664
magnetic_norm,29.003,58.09908984280662
magnetic_norm,29.024,57.985511968335814
magnetic_norm,29.043,58.030365502144654
magnetic_norm,29.064,59.462213984702224
magnetic_norm,29.084,56.63093298818691
magnetic_norm,29.109,59.08618909631084
magnetic_norm,29.128,59.592307312060036
magnetic_norm,29.143,59.592452838782364
magnetic_norm,29.166,59.3879873228164
magnetic_norm,29.183,58.794230193000246
magnetic_norm,29.207,58.30937110576654
magnetic_norm,29.225,58.80110924773239
magnetic_norm,29.244,59.020596176250336
magnetic_norm,29.266,59.79308891544241
magnetic_norm,29.286,59.784989064981865
magnetic_norm,29.304,59.364057609855564
magnetic_norm,29.323,57.16908621541031
magnetic_norm,29.344,58.20095934099802
magnetic_norm,29.364,58.39621599138523
magnetic_norm,29.385,58.24928873246009
magnetic_norm,29.404,58.09993310290899
magnetic_norm,29.423,59.53649707011659
magnetic_norm,29.444,59.04583714253276
magnetic_norm,29.463,59.51708099098527
magnetic_norm,29.485,58.34124185814019
magnetic_norm,29.504,57.84616371139071
magnetic_norm,29.524,57.46846139783981
magnetic_norm,29.544,57.2939491839562
magnetic_norm,29.563,57.35577791338906
magnetic_norm,29.583,57.65271929287038
magnetic_norm,29.604,57.65729047841665
magnetic_norm,29.624,59.05761310893796
magnetic_norm,29.644,56.75238545931365
magnetic_norm,29.664,57.69531080599199
magnetic_norm,29.684,57.086800685447415
magnetic_norm,29.704,59.150092958506846
magnetic_norm,29.724,57.9720679070965
magnetic_norm,29.743,57.04398894153971
magnetic_norm,29.767,58.44891399938497
magnetic_norm,29.784,55.35248343825686
magnetic_norm,29.804,55.231390498859575
magnetic_norm,29.824,55.5668453025273
magnetic_norm,29.844,58.9182226074201
magnetic_norm,29.864,57.22265305977156
magnetic_norm,29.883,55.06836695855889
magnetic_norm,29.904,56.436468935963816
magnetic_norm,29.93,57.35848107792452
magnetic_norm,29.944,57.97839066249179
magnetic_norm,29.964,56.794235944339015
magnetic_norm,29.984,56.76045265649315
magnetic_norm,30.004,56.133823777424965
magnetic_norm,30.024,55.19552648724818
magnetic_norm,30.044,58.878614546369924
magnetic_norm,30.064,57.378014629559985
magnetic_norm,30.087,56.123299923806194
magnetic_norm,30.104,56.139121975132014
magnetic_norm,30.124,56.91571578735968
magnetic_norm,30.144,56.24836446422246
magnetic_norm,30.163,58.08965963577343
magnetic_norm,30.185,57.375377740586735
magnetic_norm,30.204,53.81390332671943
magnetic_norm,30.224,57.24528539663769
magnetic_norm,30.249,55.25185856285746
magnetic_norm,30.264,56.19599367225849
magnetic_norm,30.284,56.85141601897448
magnetic_norm,30.304,56.40948951916247
magnetic_norm,30.325,56.39810080206606
magnetic_norm,30.344,57.09715400187434
magnetic_norm,30.364,55.911188876478555
magnetic_norm,30.385,55.08156771155392
magnetic_norm,30.405,56.69191085254146
magnetic_norm,30.423,54.71459229817047
magnetic_norm,30.444,56.32558983546022
magnetic_norm,30.464,55.6340913641426
magnetic_norm,30.485,56.65667140108052
magnetic_norm,30.504,56.68119102398528
magnetic_norm,30.524,56.7994942365797
magnetic_norm,30.544,55.26230122753229
magnetic_norm,30.571,58.9179391585237
magnetic_norm,30.584,56.96941824870823
magnetic_norm,30.605,56.44512297149776
magnetic_norm,30.624,56.23250044451607
magnetic_norm,30.644,54.64913873731223
magnetic_norm,30.664,58.61856576827861
magnetic_norm,30.684,55.97971397659393
magnetic_norm,30.704,58.43119349200395
magnetic_norm,30.73,56.16818722473166
magnetic_norm,30.743,54.51070231378885
magnetic_norm,30.764,56.60640517882017
magnetic_norm,30.784,55.8766925079232
magnetic_norm,30.804,57.566817834799586
magnetic_norm,30.824,56.68862120859221
magnetic_norm,30.844,56.425532429111826
magnetic_norm,30.864,57.4000099019373
magnetic_norm,30.89,54.125459496490734
magnetic_norm,30.904,57.60126036218738
magnetic_norm,30.924,56.32962577033746
magnetic_norm,30.944,55.65683262974112
magnetic_norm,30.964,55.35722136930285
magnetic_norm,30.984,54.08294092959212
magnetic_norm,31.005,56.12306912313339
magnetic_norm,31.023,56.96697218783894
magnetic_norm,31.044,57.0269312738947
magnetic_norm,31.064,55.76117271009469
magnetic_norm,31.084,56.04172784575362
magnetic_norm,31.104,55.87949624889272
magnetic_norm,31.124,57.80015980681858
magnetic_norm,31.144,56.466950259875546
magnetic_norm,31.164,55.739423280453025
magnetic_norm,31.184,55.82603235505372
magnetic_norm,31.206,55.16924566358281
magnetic_norm,31.224,56.94196154056782
magnetic_norm,31.245,54.67926370035094
magnetic_norm,31.264,57.30611673831162
magnetic_norm,31.284,56.039851034665574
magnetic_norm,31.304,56.08842092910094
magnetic_norm,31.324,54.169869278156
magnetic_norm,31.346,56.14674585683929
magnetic_norm,31.367,55.2557589111873
magnetic_norm,31.384,56.16885710231249
magnetic_norm,31.404,56.46342935418029
magnetic_norm,31.424,55.860385043758875
magnetic_norm,31.444,53.118395610720476
magnetic_norm,31.464,55.8759091814621
magnetic_norm,31.487,58.688910726277754
magnetic_norm,31.506,56.31194089622556
magnetic_norm,31.53,57.198053284847504
magnetic_norm,31.547,57.616984527719914
magnetic_norm,31.563,57.40062838985309
magnetic_norm,31.583,56.4875099624798
magnetic_norm,31.606,57.94747180995051
magnetic_norm,31.624,57.39672475792948
magnetic_norm,31.646,56.95965054229182
magnetic_norm,31.664,58.3710307094411
magnetic_norm,31.684,58.29324944749713
magnetic_norm,31.704,57.698482428591795
magnetic_norm,31.723,57.62351201727476
magnetic_norm,31.746,58.419776724153955
magnetic_norm,31.764,59.650627416691975
magnetic_norm,31.784,55.659662452028634
magnetic_norm,31.805,58.02275381181305
magnetic_norm,31.824,59.78317168892514
magnetic_norm,31.843,60.62395030423736
magnetic_norm,31.863,59.20245422224923
magnetic_norm,31.884,57.462294639437296
magnetic_norm,31.906,59.905243536146315
magnetic_norm,31.924,59.0923467880994
magnetic_norm,31.946,58.816753632043486
magnetic_norm,31.963,59.81489925544694
magnetic_norm,31.983,60.13430401708126
magnetic_norm,32.006,60.60731532826718
magnetic_norm,32.024,57.97059043612895
magnetic_norm,32.045,60.06441360631115
magnetic_norm,32.064,60.90807970909949
magnetic_norm,32.087,59.69257432964341
magnetic_norm,32.104,60.54389512308412
magnetic_norm,32.123,60.426603096732315
magnetic_norm,32.146,60.653468425927734
magnetic_norm,32.164,60.16382830675353
magnetic_norm,32.187,59.55298126983233
magnetic_norm,32.204,59.249816072182874
magnetic_norm,32.224,57.706178427010784
magnetic_norm,32.244,58.43365206411464
magnetic_norm,32.263,59.66328448101492
magnetic_norm,32.287,59.349525039696026
magnetic_norm,32.304,59.92304822416
magnetic_norm,32.324,60.953654491589006
magnetic_norm,32.344,61.30263682134725
magnetic_norm,32.364,61.593264755683784
magnetic_norm,32.386,60.76668455366813
magnetic_norm,32.404,60.17202196500879
magnetic_norm,32.423,61.90020584634597
magnetic_norm,32.444,61.82745412031781
magnetic_norm,32.463,59.60469878447084
magnetic_norm,32.486,63.09566990214154
magnetic_norm,32.504,63.198115726954356
magnetic_norm,32.524,59.26189342693164
magnetic_norm,32.545,62.75271576961839
magnetic_norm,32.564,60.36780713541576
magnetic_norm,32.587,61.181477753483556
magnetic_norm,32.604,61.49554670339967
magnetic_norm,32.624,59.35370824630515
magnetic_norm,32.644,60.155590442825925
magnetic_norm,32.663,61.715279527135806
magnetic_norm,32.684,60.94690659397737
magnetic_norm,32.703,60.225248092577424
magnetic_norm,32.723,59.15577636387256
magnetic_norm,32.744,59.90623279843259
magnetic_norm,32.764,58.949409216187306
magnetic_norm,32.784,58.03231994942574
magnetic_norm,32.808,59.51256510992036
magnetic_norm,32.823,58.72465618545587
magnetic_norm,32.843,58.065602736796805
magnetic_norm,32.863,60.303457424201646
magnetic_norm,32.884,59.13087332244473
magnetic_norm,32.904,59.95335924418666
magnetic_norm,32.923,59.172617585121245
magnetic_norm,32.945,60.86165840576482
magnetic_norm,32.97,59.31155927831441
magnetic_norm,32.986,59.725450390516265
magnetic_norm,33.003,60.28444672892424
magnetic_norm,33.024,60.23420524730945
magnetic_norm,33.044,61.12875563615703
magnetic_norm,33.064,58.61697297679675
magnetic_norm,33.086,61.083800531933214
magnetic_norm,33.103,60.199094698134836
magnetic_norm,33.123,59.968075739200614
magnetic_norm,33.144,62.51488822522603
magnetic_norm,33.164,60.370723114975206
magnetic_norm,33.186,60.07691725124148
magnetic_norm,33.204,60.827269114271544
magnetic_norm,33.224,59.934088996267434
magnetic_norm,33.245,60.365257230049224
magnetic_norm,33.263,59.948894213425795
magnetic_norm,33.285,61.49257272528952
magnetic_norm,33.304,58.90274657008805
magnetic_norm,33.324,59.702233489627545
magnetic_norm,33.344,60.64104624200513
magnetic_norm,33.364,60.51766842212285
magnetic_norm,33.386,58.79180179072596
magnetic_norm,33.403,58.635079211701566
magnetic_norm,33.428,59.26291936236352
magnetic_norm,33.445,58.79189795903004
magnetic_norm,33.464,58.253964079708815
magnetic_norm,33.484,59.34661772091567
magnetic_norm,33.504,59.44958357486633
magnetic_norm,33.527,57.815185627891125
magnetic_norm,33.544,58.13775464898004
magnetic_norm,33.564,59.30563590292247
magnetic_norm,33.584,57.51652076392925
magnetic_norm,33.605,58.951346472218155
magnetic_norm,33.626,56.5197185748037
magnetic_norm,33.645,57.941408032598005
magnetic_norm,33.664,58.31988418359135
magnetic_norm,33.686,61.09223761217557
magnetic_norm,33.703,58.192492125273375
magnetic_norm,33.727,59.09237742562491
magnetic_norm,33.744,58.5357379078158
magnetic_norm,33.764,57.7895598273382
magnetic_norm,33.785,60.023862093441714
magnetic_norm,33.804,59.63135147743177
magnetic_norm,33.825,59.38374158176635
magnetic_norm,33.843,57.799915522213354
magnetic_norm,33.864,56.11225062129928
magnetic_norm,33.885,58.89323117823061
magnetic_norm,33.904,57.14442705931624
magnetic_norm,33.926,58.91397481667658
magnetic_norm,33.943,58.764743141296115
magnetic_norm,33.963,59.146315819119295
magnetic_norm,33.983,58.49400691417032
magnetic_norm,34.004,55.79971047505534
magnetic_norm,34.024,57.52293843600572
magnetic_norm,34.044,57.43631857490086
magnetic_norm,34.064,57.47953121612087
magnetic_norm,34.091,57.15916203626065
magnetic_norm,34.103,57.31978058412734
magnetic_norm,34.123,54.77864725705172
magnetic_norm,34.144,56.34256990544546
magnetic_norm,34.164,54.20618854095456
magnetic_norm,34.184,56.0199357650917
magnetic_norm,34.204,56.266841290519416
magnetic_norm,34.223,56.856064911647806
magnetic_norm,34.25,55.83110194304792
magnetic_norm,34.263,56.862917477693784
magnetic_norm,34.284,58.474017703100415
magnetic_norm,34.304,56.15174230656161
magnetic_norm,34.325,57.323857228142856
magnetic_norm,34.344,55.55325378488195
magnetic_norm,34.364,56.44212209245858
magnetic_norm,34.383,53.97040286606171
magnetic_norm,34.403,55.337037972094336
magnetic_norm,34.424,53.94589085949921
magnetic_norm,34.445,54.022836967920334
magnetic_norm,34.465,53.906424266848795
magnetic_norm,34.484,54.94532606816981
magnetic_norm,34.504,53.961418783469746
magnetic_norm,34.523,54.4185994672318
magnetic_norm,34.543,55.30159831178037
magnetic_norm,34.567,54.654400697702286
magnetic_norm,34.583,54.199756862923365
magnetic_norm,34.604,54.19440625920263
magnetic_norm,34.625,53.822693938639866
magnetic_norm,34.644,53.54217972834603
magnetic_norm,34.663,53.408012238099666
magnetic_norm,34.683,54.36380590533108
magnetic_norm,34.703,54.417483018902196
magnetic_norm,34.724,55.233179099840136
magnetic_norm,34.744,54.067760547298434
magnetic_norm,34.764,54.42483543498325
magnetic_norm,34.784,55.33470789737219
magnetic_norm,34.803,54.91812384142875
magnetic_norm,34.823,55.281655594894225
magnetic_norm,34.843,55.03475539295605
magnetic_norm,34.864,53.86423374350565
magnetic_norm,34.891,54.15674669327917
magnetic_norm,34.904,54.71160070748251
magnetic_norm,34.924,55.44750632523981
magnetic_norm,34.943,55.27988445176057
magnetic_norm,34.964,54.841792749690484
magnetic_norm,34.983,53.69486281049155
magnetic_norm,35.004,52.3018347264224
magnetic_norm,35.024,54.2909276046653
magnetic_norm,35.05,52.99855425811168
magnetic_norm,35.064,52.62439615971867
magnetic_norm,35.084,52.964931667330646
magnetic_norm,35.104,54.51990753522977
magnetic_norm,35.123,53.88939890669605
magnetic_norm,35.144,53.018239789717775
magnetic_norm,35.164,54.06835475430624
magnetic_norm,35.184,52.10241809443686
magnetic_norm,35.205,53.335765412971384
magnetic_norm,35.224,52.27804425676714
magnetic_norm,35.243,50.9317761658918
magnetic_norm,35.263,53.020950302922756
magnetic_norm,35.284,52.248452035323616
magnetic_norm,35.305,52.536778466137456
magnetic_norm,35.324,54.9507509323122
magnetic_norm,35.344,53.52172788935822
magnetic_norm,35.363,52.621420231332614
magnetic_norm,35.383,50.596848540571266
magnetic_norm,35.403,52.94814693782975
magnetic_norm,35.424,52.408951218756556
magnetic_norm,35.444,52.643252678762174
magnetic_norm,35.464,53.33873006889561
magnetic_norm,35.484,51.13569427293434
magnetic_norm,35.507,51.10413683670829
magnetic_norm,35.524,52.47439474448471
magnetic_norm,35.543,52.959609892115076
magnetic_norm,35.564,51.33298758693092
magnetic_norm,35.584,51.96925941277696
magnetic_norm,35.604,53.73658735268271
magnetic_norm,35.625,51.980607311164746
magnetic_norm,35.644,50.74400303521098
magnetic_norm,35.664,52.26610663912613
magnetic_norm,35.683,51.98140517891951
magnetic_norm,35.704,51.4453977077882
magnetic_norm,35.724,52.72840386380962
magnetic_norm,35.744,53.41027169047176
magnetic_norm,35.765,52.02740024893141
magnetic_norm,35.784,50.55507216874986
magnetic_norm,35.803,52.722126972576724
magnetic_norm,35.823,52.71532924610265
magnetic_norm,35.844,51.31086096651468
magnetic_norm,35.864,51.40086509741354
magnetic_norm,35.884,52.406307547732276
magnetic_norm,35.904,50.01764735358418
magnetic_norm,35.926,51.16261206572144
magnetic_norm,35.943,52.139743336537514
magnetic_norm,35.963,51.07637080025365
magnetic_norm,35.985,51.328895219700584
magnetic_norm,36.008,50.14188034305758
magnetic_norm,36.024,50.034491468386136
magnetic_norm,36.044,52.25359624119199
magnetic_norm,36.063,52.738671456887324
magnetic_norm,36.083,50.73978676812705
magnetic_norm,36.103,51.207377348630196
magnetic_norm,36.125,52.16641345672044
magnetic_norm,36.144,52.59899038063849
magnetic_norm,36.164,53.238177264652
magnetic_norm,36.184,52.932769255207155
magnetic_norm,36.204,49.81658018007159
magnetic_norm,36.223,52.24359273621511
magnetic_norm,36.244,50.822965791190356
magnetic_norm,36.264,51.081411061657356
magnetic_norm,36.284,50.92455363537815
magnetic_norm,36.304,51.13791006863211
magnetic_norm,36.331,51.57777728222689
magnetic_norm,36.345,50.79766047479463
magnetic_norm,36.363,52.551678077274694
magnetic_norm,36.383,49.68631567230058
magnetic_norm,36.403,50.83595343086427
magnetic_norm,36.427,49.489196851813034
magnetic_norm,36.444,50.375374145632904
magnetic_norm,36.464,49.54493484630901
magnetic_norm,36.489,50.069796931134086
magnetic_norm,36.503,49.80145931935634
magnetic_norm,36.523,51.872484477442505
magnetic_norm,36.543,51.70218239167956
magnetic_norm,36.565,51.49765351086401
magnetic_norm,36.584,50.703415227058436
magnetic_norm,36.604,52.68858564219583
magnetic_norm,36.624,48.91074965434499
magnetic_norm,36.648,51.47861538748405
magnetic_norm,36.663,49.34936270675135
magnetic_norm,36.683,49.28710281541715
magnetic_norm,36.704,50.19689228677413
magnetic_norm,36.724,50.365031249121664
magnetic_norm,36.745,49.08877976139257
magnetic_norm,36.766,50.76373351739409
magnetic_norm,36.783,50.753328277192864
magnetic_norm,36.804,49.72624893416458
magnetic_norm,36.824,47.967447457885434
magnetic_norm,36.844,50.09202940488641
magnetic_norm,36.864,50.503614319794075
magnetic_norm,36.884,50.556917346813236
magnetic_norm,36.904,50.807749254665964
magnetic_norm,36.924,49.21805028455009
magnetic_norm,36.944,49.69058122257691
magnetic_norm,36.967,49.79336386281811
magnetic_norm,36.985,49.22215587758737
magnetic_norm,37.004,51.28673522035209
magnetic_norm,37.024,50.61113132627056
magnetic_norm,37.044,50.27210705426023
magnetic_norm,37.064,52.03677992487631
magnetic_norm,37.094,51.959917555145346
magnetic_norm,37.103,50.69140544572131
magnetic_norm,37.124,51.182989879329135
magnetic_norm,37.144,50.248353648403295
magnetic_norm,37.164,53.25600218954202
magnetic_norm,37.184,52.85877743159124
magnetic_norm,37.203,50.927357730398704
magnetic_norm,37.223,50.65296046345672
magnetic_norm,37.243,49.60528930026011
magnetic_norm,37.264,51.49697344055778
magnetic_norm,37.284,49.60528930026011
magnetic_norm,37.304,52.014626742749044
magnetic_norm,37.324,53.6415095918031
magnetic_norm,37.343,49.99984146854868
magnetic_norm,37.363,50.38147776316217
magnetic_norm,37.391,52.03556668399998
magnetic_norm,37.404,50.05992375955545
magnetic_norm,37.424,53.352480121827554
magnetic_norm,37.444,52.292150892007726
magnetic_norm,37.463,56.195145586273846
magnetic_norm,37.483,53.06160607119804
magnetic_norm,37.503,53.32801547486564
magnetic_norm,37.523,50.23150374732479
magnetic_norm,37.544,50.419643483641416
magnetic_norm,37.564,51.9786795289184
magnetic_norm,37.584,52.12505912190896
magnetic_norm,37.604,51.17429057932811
magnetic_norm,37.624,52.13123165526593
magnetic_norm,37.643,49.31891989427081
magnetic_norm,37.664,50.795579846405026
magnetic_norm,37.684,50.88330212161951
magnetic_norm,37.704,50.362172678013046
magnetic_norm,37.724,50.928141012374
magnetic_norm,37.744,51.03622909721829
magnetic_norm,37.764,50.7257608370737
magnetic_norm,37.783,50.6590236516778
magnetic_norm,37.803,50.3845815697869
magnetic_norm,37.824,51.115423486898756
magnetic_norm,37.846,51.53343461676123
magnetic_norm,37.864,52.372751204109
magnetic_norm,37.884,50.0553055727489
magnetic_norm,37.905,50.63500789789614
magnetic_norm,37.923,51.40530268990983
magnetic_norm,37.944,53.069231231642135
magnetic_norm,37.964,51.76769398977272
magnetic_norm,37.984,51.5881285395439
magnetic_norm,38.004,52.13195618620127
magnetic_norm,38.024,51.15219452726348
magnetic_norm,38.044,51.12067461600068
magnetic_norm,38.063,53.58494763648658
magnetic_norm,38.085,51.36331413628311
magnetic_norm,38.104,50.755640995090545
magnetic_norm,38.124,51.21807465997721
magnetic_norm,38.144,51.58489287038164
magnetic_norm,38.164,52.51694257868122
magnetic_norm,38.183,51.307191366561945
magnetic_norm,38.203,53.93016643706934
magnetic_norm,38.223,52.66291909165072
magnetic_norm,38.243,52.77759278700819
magnetic_norm,38.264,51.0936812540822
magnetic_norm,38.284,52.573723465458635
magnetic_norm,38.304,51.112957462883124
magnetic_norm,38.324,51.60410821218598
magnetic_norm,38.344,50.91964947959678
magnetic_norm,38.364,49.767455129331346
magnetic_norm,38.383,51.425521679974246
magnetic_norm,38.404,51.36422492479581
magnetic_norm,38.424,50.826773472747654
magnetic_norm,38.444,52.029069701706234
magnetic_norm,38.464,52.58533045263195
magnetic_norm,38.483,50.61175810261395
magnetic_norm,38.503,51.74025411780465
magnetic_norm,38.523,51.35874390403259
magnetic_norm,38.544,51.46926298287179
magnetic_norm,38.566,51.703971105951
magnetic_norm,38.584,51.768487347758246
magnetic_norm,38.604,52.55165282391225
magnetic_norm,38.623,51.773873327070184
magnetic_norm,38.644,50.916421659298805
magnetic_norm,38.663,52.445966167332685
magnetic_norm,38.685,51.69757572803826
magnetic_norm,38.704,52.508590851295466
magnetic_norm,38.724,51.1881110271224
magnetic_norm,38.745,51.639715776352894
magnetic_norm,38.764,52.457199163580135
magnetic_norm,38.786,52.25018465876461
magnetic_norm,38.803,52.130399270723046
magnetic_norm,38.824,52.29217229423545
magnetic_norm,38.844,53.11444435214879
magnetic_norm,38.864,53.64180134384489
magnetic_norm,38.884,53.60482063711715
magnetic_norm,38.904,53.838309190227264
magnetic_norm,38.923,54.082170916694125
magnetic_norm,38.943,53.96775587295163
magnetic_norm,38.964,54.62825564657459
magnetic_norm,38.984,54.075770408867044
magnetic_norm,39.004,53.7629112391853
magnetic_norm,39.027,53.94101596304059
magnetic_norm,39.043,54.19593816306736
magnetic_norm,39.063,54.42650068050497
magnetic_norm,39.084,56.81922639586886
magnetic_norm,39.104,55.84311025912254
magnetic_norm,39.124,53.703371489832925
magnetic_norm,39.144,54.58930646655999
magnetic_norm,39.164,56.51761139989923
magnetic_norm,39.184,55.62755968076886
magnetic_norm,39.204,54.470905723262035
magnetic_norm,39.223,54.57992312025091
magnetic_norm,39.244,55.81578945423965
magnetic_norm,39.269,56.288261986847665
magnetic_norm,39.284,54.04208036659952
magnetic_norm,39.304,56.52340430631368
magnetic_norm,39.323,56.23319200081038
magnetic_norm,39.352,56.44418450314438
magnetic_norm,39.363,57.23590369580094
magnetic_norm,39.384,56.424369802860966
magnetic_norm,39.404,55.34753159841463
magnetic_norm,39.424,54.72360558125259
magnetic_norm,39.444,56.65915290610601
magnetic_norm,39.463,56.2617518973814
magnetic_norm,39.483,55.13238141872717
magnetic_norm,39.503,56.153624598061384
magnetic_norm,39.529,56.00279048337689
magnetic_norm,39.544,56.022107194057895
magnetic_norm,39.564,55.137456440585915
magnetic_norm,39.584,56.500950006172474
magnetic_norm,39.604,57.298480931434895
magnetic_norm,39.623,56.42727731037978
magnetic_norm,39.643,56.15649000783441
magnetic_norm,39.664,56.72994651504619
magnetic_norm,39.685,58.12411105739607
magnetic_norm,39.703,56.69283574480557
magnetic_norm,39.724,54.942708797437355
magnetic_norm,39.744,56.48594128376108
magnetic_norm,39.763,54.85368879175326
magnetic_norm,39.783,56.643117159655866
magnetic_norm,39.804,55.80198257499464
magnetic_norm,39.824,55.58541808694086
magnetic_norm,39.851,56.754517345207894
magnetic_norm,39.867,54.69362432827532
magnetic_norm,39.884,55.53431291496727
magnetic_norm,39.904,54.095781594778735
magnetic_norm,39.923,55.953560411179424
magnetic_norm,39.944,54.37912018321007
magnetic_norm,39.969,55.2173301087395
magnetic_norm,39.984,55.044326732870665
magnetic_norm,40.004,54.358905423237836
magnetic_norm,40.024,55.69879488283391
magnetic_norm,40.043,56.46817467919445
magnetic_norm,40.063,56.40685829378379
magnetic_norm,40.084,56.16980512728801
magnetic_norm,40.105,56.34282672721081
magnetic_norm,40.123,55.582090444449896
magnetic_norm,40.144,55.00357492154497
magnetic_norm,40.169,55.39508838301927
magnetic_norm,40.183,57.42624586295452
magnetic_norm,40.204,54.150434987865054
magnetic_norm,40.223,58.62806645818209
magnetic_norm,40.244,57.65696063627098
magnetic_norm,40.264,57.63491478457312
magnetic_norm,40.284,57.4468045318885
magnetic_norm,40.304,56.55778846697426
magnetic_norm,40.326,56.04171167420759
magnetic_norm,40.343,56.116790174599416
magnetic_norm,40.363,57.02465955071543
magnetic_norm,40.384,56.152573632247744
magnetic_norm,40.404,56.61087123335956
magnetic_norm,40.427,55.443531239000286
magnetic_norm,40.444,57.33487318083562
magnetic_norm,40.463,58.276137175198045
magnetic_norm,40.487,55.16705863998465
magnetic_norm,40.503,58.73082167024824
magnetic_norm,40.524,56.24541110548491
magnetic_norm,40.544,55.25369322418642
magnetic_norm,40.564,56.26057743915806
magnetic_norm,40.584,56.23844304977247
magnetic_norm,40.604,55.70025895316832
magnetic_norm,40.624,56.099853514514656
magnetic_norm,40.651,56.45746211750936
magnetic_norm,40.665,55.62881159671222
magnetic_norm,40.684,55.27882609994096
magnetic_norm,40.704,55.81736916632675
magnetic_norm,40.724,56.5068772000365
magnetic_norm,40.744,55.34550949060819
magnetic_norm,40.764,55.47326241352676
magnetic_norm,40.784,55.19559920398999
magnetic_norm,40.809,55.328892022952246
magnetic_norm,40.824,55.38416846987958
magnetic_norm,40.844,57.08092865265947
magnetic_norm,40.864,54.951837470074686
magnetic_norm,40.885,55.04066891285934
magnetic_norm,40.903,55.572751093161656
magnetic_norm,40.923,55.671111856262584
magnetic_norm,40.944,54.936314594378324
magnetic_norm,40.97,54.7657351104457
magnetic_norm,40.984,56.19444131206395
magnetic_norm,41.004,53.89371445899329
magnetic_norm,41.024,54.45940324280555
magnetic_norm,41.043,55.67298836004331
magnetic_norm,41.063,55.04052519791667
magnetic_norm,41.084,53.68017555089597
magnetic_norm,41.108,54.10110680406641
magnetic_norm,41.124,54.32414172964451
magnetic_norm,41.144,54.05186636752241
magnetic_norm,41.164,53.48934025252135
magnetic_norm,41.183,55.089190543495086
magnetic_norm,41.203,54.32184686546473
magnetic_norm,41.224,53.803885025734985
magnetic_norm,41.244,53.98458603238061
magnetic_norm,41.264,53.32426851854136
magnetic_norm,41.291,53.258303616666254
magnetic_norm,41.303,53.012992111368355
magnetic_norm,41.323,53.492363283813695
magnetic_norm,41.343,53.2431432645322
magnetic_norm,41.364,53.91128623152584
magnetic_norm,41.384,51.3167461702318
magnetic_norm,41.404,53.0175157108479
magnetic_norm,41.424,51.9525996472987
magnetic_norm,41.444,50.83458993970061
magnetic_norm,41.464,52.28588069223386
magnetic_norm,41.483,50.05195564048926
magnetic_norm,41.504,51.566713464210615
magnetic_norm,41.524,53.34109467697023
magnetic_norm,41.544,51.513503647223466
magnetic_norm,41.564,49.1385895165399
magnetic_norm,41.583,50.805933616311
magnetic_norm,41.604,48.6470769218203
magnetic_norm,41.623,49.81915950076337
magnetic_norm,41.644,50.538537434813065
magnetic_norm,41.664,49.62448851260347
magnetic_norm,41.684,48.6162976273133
magnetic_norm,41.704,49.339861705572304
magnetic_norm,41.724,46.68845902296153
magnetic_norm,41.743,46.6824361610044
magnetic_norm,41.764,47.03522136449991
magnetic_norm,41.784,46.885202639665536
magnetic_norm,41.804,47.61707952090304
magnetic_norm,41.824,46.723273207658515
magnetic_norm,41.844,46.76608596916146
magnetic_norm,41.864,45.13491494259184
magnetic_norm,41.883,48.10898922342893
magnetic_norm,41.903,44.81221018345615
magnetic_norm,41.923,45.26943349902342
magnetic_norm,41.944,43.41058740359316
magnetic_norm,41.964,45.69292367779724
magnetic_norm,41.984,44.878916036375074
magnetic_norm,42.003,43.22350789173656
magnetic_norm,42.023,44.698729796181006
magnetic_norm,42.043,44.72823012720825
magnetic_norm,42.064,44.57125520556948
magnetic_norm,42.09,44.822535660109175
magnetic_norm,42.103,44.88742818365191
magnetic_norm,42.124,44.734099080287784
magnetic_norm,42.144,43.74211629996889
magnetic_norm,42.163,43.41045245898457
magnetic_norm,42.183,43.017427788862655
magnetic_norm,42.203,44.38706394111352
magnetic_norm,42.224,42.27539632028896
magnetic_norm,42.249,43.37236565386422
magnetic_norm,42.264,41.27759349171781
magnetic_norm,42.29,41.83958628352161
magnetic_norm,42.303,42.13486478217895
magnetic_norm,42.323,42.177624802968744
magnetic_norm,42.343,41.84038122705151
magnetic_norm,42.364,40.8797269444312
magnetic_norm,42.385,41.32647172969161
magnetic_norm,42.404,42.71647295648957
magnetic_norm,42.424,39.850229016139416
magnetic_norm,42.443,41.83677850020255
magnetic_norm,42.463,40.77111947313319
magnetic_norm,42.483,40.56422912539447
magnetic_norm,42.509,40.45362367222187
magnetic_norm,42.524,39.8185084511588
magnetic_norm,42.544,39.73713390245012
magnetic_norm,42.564,40.71896542569261
magnetic_norm,42.584,41.78276861518399
magnetic_norm,42.603,40.59290345075732
magnetic_norm,42.623,40.641157096286086
magnetic_norm,42.644,40.350004837825004
magnetic_norm,42.664,41.09333621981794
magnetic_norm,42.684,41.64730876275202
magnetic_norm,42.704,42.198559471710745
magnetic_norm,42.731,42.08310254336067
magnetic_norm,42.743,42.17888684919863
magnetic_norm,42.763,41.90584755869401
magnetic_norm,42.784,42.49957274770542
magnetic_norm,42.804,42.23843440724347
magnetic_norm,42.824,42.075715579476544
magnetic_norm,42.844,43.88676558613657
magnetic_norm,42.864,43.26777782888789
magnetic_norm,42.886,46.34073431617696
magnetic_norm,42.903,45.25127113200799
magnetic_norm,42.924,47.754336144611
magnetic_norm,42.944,45.33538716499508
magnetic_norm,42.966,44.45198366200884
magnetic_norm,42.984,45.6532689042363
magnetic_norm,43.004,44.485907496363396
magnetic_norm,43.024,44.51729180450563
magnetic_norm,43.043,45.85027462281452
magnetic_norm,43.064,46.15292218876829
magnetic_norm,43.084,47.35920044919994
magnetic_norm,43.104,46.97240661534707
magnetic_norm,43.124,47.25105101439019
magnetic_norm,43.144,47.560294679753625
magnetic_norm,43.163,47.489437975275095
magnetic_norm,43.183,47.413397079438425
magnetic_norm,43.207,46.678849291729605
magnetic_norm,43.224,47.37488361463277
magnetic_norm,43.244,47.01456253664923
magnetic_norm,43.264,46.748777557546894
magnetic_norm,43.285,46.49542789180061
magnetic_norm,43.306,48.28344028041607
magnetic_norm,43.323,48.76958260545707
magnetic_norm,43.344,48.384101614709145
magnetic_norm,43.364,46.07178171424462
magnetic_norm,43.384,46.34392342902152
magnetic_norm,43.404,44.820528057883365
magnetic_norm,43.424,46.45270223026594
magnetic_norm,43.448,47.677106092049044
magnetic_norm,43.463,46.59795292593336
magnetic_norm,43.484,47.13024257973854
magnetic_norm,43.504,47.393374805979015
magnetic_norm,43.531,45.88806911838577
magnetic_norm,43.544,47.47153720120098
magnetic_norm,43.564,47.737161232105116
magnetic_norm,43.583,45.93080121321099
magnetic_norm,43.603,46.027880865704745
magnetic_norm,43.624,47.52412497989841
magnetic_norm,43.644,47.572304175854356
magnetic_norm,43.664,46.664629228597754
magnetic_norm,43.689,47.28883845322278
magnetic_norm,43.704,47.71771507836478
magnetic_norm,43.724,47.06362449620727
magnetic_norm,43.743,46.864870155453325
magnetic_norm,43.765,46.42513252202411
magnetic_norm,43.784,47.22488564464715
magnetic_norm,43.807,49.71284540596641
magnetic_norm,43.824,48.827980903089774
magnetic_norm,43.844,48.681308608399696
magnetic_norm,43.863,50.33276067210103
magnetic_norm,43.883,47.791572801724165
magnetic_norm,43.903,46.8586510745348
magnetic_norm,43.924,49.74282809549047
magnetic_norm,43.944,49.76257461185078
magnetic_norm,43.964,50.00649200841335
magnetic_norm,43.984,48.90205093245072
magnetic_norm,44.004,48.297065968648745
magnetic_norm,44.024,48.48036490425789
magnetic_norm,44.043,50.46440100717048
magnetic_norm,44.064,51.855116068535175
magnetic_norm,44.084,48.97214853406479
magnetic_norm,44.104,50.79225843258498
magnetic_norm,44.124,47.918800998459886
magnetic_norm,44.143,46.92393828508537
magnetic_norm,44.168,50.033056123876825
magnetic_norm,44.183,50.109921856492306
magnetic_norm,44.204,51.3895517229792
magnetic_norm,44.224,47.78537033856449
magnetic_norm,44.245,49.39875593942127
magnetic_norm,44.265,47.74142515057024
magnetic_norm,44.285,49.161363072475424
magnetic_norm,44.304,48.18305312166302
magnetic_norm,44.33,48.44664229231996
magnetic_norm,44.35,49.41959674107032
magnetic_norm,44.364,45.924464987357226
magnetic_norm,44.384,49.233404995249415
magnetic_norm,44.404,48.150372439330624
magnetic_norm,44.424,48.471310408464824
magnetic_norm,44.444,47.54150041294185
magnetic_norm,44.464,46.71661374079087
magnetic_norm,44.49,48.784610355162215
magnetic_norm,44.504,48.528702104720985
magnetic_norm,44.525,48.39620541550753
magnetic_norm,44.544,47.1175003198785
magnetic_norm,44.564,48.91573875841241
magnetic_norm,44.584,47.948985389083056
magnetic_norm,44.605,48.35227235625808
magnetic_norm,44.624,47.30883617532511
magnetic_norm,44.647,47.522198843540565
magnetic_norm,44.664,47.99129807871423
magnetic_norm,44.684,48.12564563748734
magnetic_norm,44.704,47.084206896394676
magnetic_norm,44.724,45.55795119749954
magnetic_norm,44.744,46.40652276881451
magnetic_norm,44.764,45.682422348234866
magnetic_norm,44.784,47.28237656622189
magnetic_norm,44.812,48.163396216953494
magnetic_norm,44.825,47.357826393005084
magnetic_norm,44.844,45.62106191634518
magnetic_norm,44.864,47.93656530569858
magnetic_norm,44.883,45.95489214452581
magnetic_norm,44.904,47.162109476914836
magnetic_norm,44.924,47.88526081295789
magnetic_norm,44.944,49.254667463728794
magnetic_norm,44.965,46.78820842068544
magnetic_norm,44.984,46.252286261059574
magnetic_norm,45.004,47.03976593533932
magnetic_norm,45.023,47.34305197505227
magnetic_norm,45.045,46.74142217428776
magnetic_norm,45.064,47.27489228525548
magnetic_norm,45.085,48.22345848453858
magnetic_norm,45.105,46.13676117948143
magnetic_norm,45.13,45.8817127369392
magnetic_norm,45.144,45.96855714211074
magnetic_norm,45.164,46.64150796508947
magnetic_norm,45.185,46.300007200944364
magnetic_norm,45.204,47.342933161270224
magnetic_norm,45.225,46.98515806214767
magnetic_norm,45.245,45.35442844626641
magnetic_norm,45.265,46.04093329921213
magnetic_norm,45.284,45.16541482954629
magnetic_norm,45.303,45.7682853520044
magnetic_norm,45.325,48.122034874135366
magnetic_norm,45.345,46.68602789317699
magnetic_norm,45.364,46.47799957723282
magnetic_norm,45.385,47.49339676370816
magnetic_norm,45.405,46.83597545277037
magnetic_norm,45.424,45.41007885734184
magnetic_norm,45.444,46.47395820747357
magnetic_norm,45.463,47.052794560884045
magnetic_norm,45.489,46.83445443420906
magnetic_norm,45.504,46.204778567806166
magnetic_norm,45.524,48.21803967647903
magnetic_norm,45.544,45.25935713972591
magnetic_norm,45.563,45.7291618839391
magnetic_norm,45.584,47.51466822665135
magnetic_norm,45.608,46.995060044567445
magnetic_norm,45.624,46.672535513083076
magnetic_norm,45.644,44.46288831711228
magnetic_norm,45.664,45.06414592902545
magnetic_norm,45.685,46.241408260292
magnetic_norm,45.703,45.364159638061196
magnetic_norm,45.723,46.239705111246124
magnetic_norm,45.743,46.119702467004274
magnetic_norm,45.77,45.31823802904853
magnetic_norm,45.784,45.583909144154205
magnetic_norm,45.804,46.53552469450088
magnetic_norm,45.824,46.19962731505527
magnetic_norm,45.843,47.48357093011225
magnetic_norm,45.864,46.22598707631888
magnetic_norm,45.884,47.38684803989658
magnetic_norm,45.904,45.916091355863514
magnetic_norm,45.929,46.416508399086894
magnetic_norm,45.944,49.01048393412893
magnetic_norm,45.964,45.995713747111914
magnetic_norm,45.984,46.421368794661795
magnetic_norm,46.004,47.30431773699416
magnetic_norm,46.024,44.39180007684415
magnetic_norm,46.044,47.42576691162991
magnetic_norm,46.064,45.70584997691771
magnetic_norm,46.084,47.76199538466751
magnetic_norm,46.106,48.64586454886228
magnetic_norm,46.123,49.56349981733029
magnetic_norm,46.144,49.79547113254879
magnetic_norm,46.163,47.4113653770644
magnetic_norm,46.184,46.917801913825855
magnetic_norm,46.204,47.704206492588305
magnetic_norm,46.224,46.89793226571944
magnetic_norm,46.245,47.25012654935435
magnetic_norm,46.264,45.8326501718617
magnetic_norm,46.284,48.288110908250545
magnetic_norm,46.303,46.62310694883493
magnetic_norm,46.324,46.852849452034455
magnetic_norm,46.344,48.00752138337284
magnetic_norm,46.364,48.71334106133043
magnetic_norm,46.384,47.91859406784339
magnetic_norm,46.403,47.22362923592917
magnetic_norm,46.424,47.20093806999496
magnetic_norm,46.444,48.53639457360847
magnetic_norm,46.466,45.26472915749359
magnetic_norm,46.484,47.89340214215315
magnetic_norm,46.505,48.63136674436573
magnetic_norm,46.524,47.57641562082
magnetic_norm,46.544,46.386247610013726
magnetic_norm,46.569,46.56090425708578
magnetic_norm,46.584,48.378245147664266
magnetic_norm,46.605,46.08420459536543
magnetic_norm,46.626,48.045515035953194
magnetic_norm,46.652,48.23381932886933
magnetic_norm,46.664,46.49772362581323
magnetic_norm,46.684,48.6695267970627
magnetic_norm,46.704,48.60918641681839
magnetic_norm,46.724,46.44881807349894
magnetic_norm,46.744,48.19133758571141
magnetic_norm,46.766,46.8071155771348
magnetic_norm,46.784,45.56903533500025
magnetic_norm,46.804,47.202706431888096
magnetic_norm,46.824,48.34669540697699
magnetic_norm,46.844,47.14271318745879
magnetic_norm,46.864,47.88358318946588
magnetic_norm,46.886,49.29433666216135
magnetic_norm,46.904,48.307984103303255
magnetic_norm,46.924,48.4479145867756
magnetic_norm,46.944,48.00114628545343
magnetic_norm,46.964,47.34014657732382
magnetic_norm,46.984,44.9978323460003
magnetic_norm,47.004,48.08709050384522
magnetic_norm,47.025,47.144144818047124
magnetic_norm,47.052,47.05417784745581
magnetic_norm,47.063,48.74009755196434
magnetic_norm,47.084,47.36688667333964
magnetic_norm,47.104,47.24378679387375
magnetic_norm,47.123,45.950206529065255
magnetic_norm,47.143,47.84554657990657
magnetic_norm,47.165,48.01087893385467
magnetic_norm,47.184,47.14555078345147
magnetic_norm,47.205,48.71197679311013
magnetic_norm,47.225,49.975736243588756
magnetic_norm,47.245,47.80965747746484
magnetic_norm,47.263,48.05543090796295
magnetic_norm,47.283,46.40596881854218
magnetic_norm,47.304,47.7954447181372
magnetic_norm,47.324,49.149143925657555
magnetic_norm,47.344,47.00108916623635
magnetic_norm,47.364,47.720470258029735
magnetic_norm,47.384,46.85298050778098
magnetic_norm,47.41,45.93960770103517
magnetic_norm,47.424,47.22115936481759
magnetic_norm,47.444,46.70323748735204
magnetic_norm,47.464,46.66624078618032
magnetic_norm,47.485,45.43419852668803
magnetic_norm,47.504,46.38435311039711
magnetic_norm,47.524,46.32429725613768
magnetic_norm,47.543,47.560307377002985
magnetic_norm,47.563,45.91713673360422
magnetic_norm,47.583,44.75455552334874
magnetic_norm,47.604,45.85890689072849
magnetic_norm,47.624,46.222692223841804
magnetic_norm,47.644,46.4774476204724
magnetic_norm,47.664,46.20986896581185
magnetic_norm,47.684,46.93155371216151
magnetic_norm,47.703,47.542114179575044
magnetic_norm,47.724,46.67604151556235
magnetic_norm,47.744,44.469320094729355
magnetic_norm,47.764,46.097932237438854
magnetic_norm,47.784,44.46063088612779
magnetic_norm,47.804,46.182763920861305
magnetic_norm,47.823,48.43546005394705
magnetic_norm,47.845,45.20583580946717
magnetic_norm,47.863,46.45916146851454
magnetic_norm,47.884,46.562656878930355
magnetic_norm,47.905,45.09324120324192
magnetic_norm,47.924,46.56447116245126
magnetic_norm,47.944,45.8041355450575
magnetic_norm,47.963,44.564738723569334
magnetic_norm,47.984,46.07473476990948
magnetic_norm,48.004,44.78135982805794
magnetic_norm,48.024,44.45354757581227
magnetic_norm,48.044,45.29483918284732
magnetic_norm,48.064,44.73676562096327
magnetic_norm,48.084,46.4882901074293
magnetic_norm,48.104,46.25335038540452
magnetic_norm,48.124,45.164930064293294
magnetic_norm,48.143,44.841482532026085
magnetic_norm,48.165,46.11388585610629
magnetic_norm,48.184,45.90125994081617
magnetic_norm,48.204,47.836898187455674
magnetic_norm,48.224,45.817496316909335
magnetic_norm,48.244,46.32500464070403
magnetic_norm,48.263,44.19777690351071
magnetic_norm,48.283,45.59874513651669
magnetic_norm,48.304,44.25733294155898
magnetic_norm,48.324,47.22982771737062
magnetic_norm,48.344,45.18609178303651
magnetic_norm,48.365,44.81703428943062
magnetic_norm,48.383,44.40661028875667
magnetic_norm,48.404,45.850764727128656
magnetic_norm,48.424,46.19452119591674
magnetic_norm,48.444,45.53946176806441
magnetic_norm,48.464,45.43033299734881
magnetic_norm,48.492,45.53056404177858
magnetic_norm,48.504,46.903264526176685
magnetic_norm,48.524,46.85288478311661
magnetic_norm,48.543,47.89098705058578
magnetic_norm,48.564,47.63688517336124
magnetic_norm,48.584,46.66257241154307
magnetic_norm,48.604,47.03984414754165
magnetic_norm,48.624,46.248653293501434
magnetic_norm,48.644,47.419264304447076
magnetic_norm,48.663,47.99761855115844
magnetic_norm,48.683,50.91583696466656
magnetic_norm,48.703,49.736401958299204
magnetic_norm,48.724,47.47262555310174
magnetic_norm,48.744,44.698541931211295
magnetic_norm,48.764,45.36278028888332
magnetic_norm,48.785,45.90970332484191
magnetic_norm,48.804,45.474846700951076
magnetic_norm,48.823,45.456784154155734
magnetic_norm,48.844,46.83960961510035
magnetic_norm,48.864,45.48055014715091
magnetic_norm,48.884,44.72971442740842
magnetic_norm,48.904,46.57285093721454
magnetic_norm,48.924,46.39547602204875
magnetic_norm,48.944,46.17530793075451
magnetic_norm,48.968,48.05239450004027
magnetic_norm,48.983,46.16315674967435
magnetic_norm,49.004,47.20866219548594
magnetic_norm,49.024,46.55190444721356
magnetic_norm,49.049,45.62378570295064
magnetic_norm,49.064,46.36517379173196
magnetic_norm,49.084,45.86017442836436
magnetic_norm,49.104,45.483594679428144
magnetic_norm,49.124,45.771890294972614
magnetic_norm,49.144,46.25344418648744
magnetic_norm,49.164,46.28006332906752
magnetic_norm,49.184,46.08408173206351
magnetic_norm,49.204,44.731624173229044
magnetic_norm,49.224,44.982170094383
magnetic_norm,49.243,45.59916321148353
magnetic_norm,49.263,45.485943572300485
magnetic_norm,49.284,46.3185506233734
magnetic_norm,49.304,45.12848460443249
magnetic_norm,49.324,47.21553609372136
magnetic_norm,49.344,44.30258842720142
magnetic_norm,49.364,45.60214718320564
magnetic_norm,49.383,46.29593968110226
magnetic_norm,49.403,46.66725092678752
magnetic_norm,49.423,46.08021815532683
magnetic_norm,49.448,46.72191009767268
magnetic_norm,49.463,46.849526828587074
magnetic_norm,49.484,46.44513143888173
magnetic_norm,49.504,47.56411590781963
magnetic_norm,49.524,45.50268237519085
magnetic_norm,49.543,44.77909313075142
magnetic_norm,49.563,45.80947892794683
magnetic_norm,49.584,45.34859774546517
magnetic_norm,49.609,46.51524341035959
magnetic_norm,49.625,46.90751639356427
magnetic_norm,49.644,47.52390415728973
magnetic_norm,49.663,48.29858374158097
magnetic_norm,49.683,46.84495389847239
magnetic_norm,49.703,47.726271375417674
magnetic_norm,49.724,46.36690049121788
magnetic_norm,49.744,44.48237449400605
magnetic_norm,49.766,45.60978135052292
magnetic_norm,49.784,45.796375061242564
magnetic_norm,49.804,45.49370499269663
magnetic_norm,49.824,46.65175764843972
magnetic_norm,49.844,46.22780774401388
magnetic_norm,49.864,45.704989120034945
magnetic_norm,49.885,44.94075312661671
magnetic_norm,49.904,46.36850742686247
magnetic_norm,49.928,45.122045168077356
magnetic_norm,49.944,46.15849779043941
magnetic_norm,49.963,48.36199538958773
magnetic_norm,49.984,45.02606454621595
magnetic_norm,50.005,45.400023253435684
magnetic_norm,50.024,46.27593667001788
magnetic_norm,50.044,45.57759703338373
magnetic_norm,50.064,47.704897301666
magnetic_norm,50.084,46.35172064160626
magnetic_norm,50.104,46.91644591758311
magnetic_norm,50.123,46.059290588056186
magnetic_norm,50.144,45.31984244359758
magnetic_norm,50.163,46.749059566075765
magnetic_norm,50.184,47.67962514376559
magnetic_norm,50.204,47.40964908473277
magnetic_norm,50.224,45.97348978424957
magnetic_norm,50.243,45.203452772437736
magnetic_norm,50.263,45.774638559741845
magnetic_norm,50.284,47.86752103984501
magnetic_norm,50.304,46.91347897100048
magnetic_norm,50.324,45.69216524703662
magnetic_norm,50.345,47.65520518330083
magnetic_norm,50.364,46.99295359732149
magnetic_norm,50.383,44.44674745552255
magnetic_norm,50.403,46.11229245683845
magnetic_norm,50.424,45.31676790245527
magnetic_norm,50.444,45.734432546086104
magnetic_norm,50.464,43.7359550766015
magnetic_norm,50.484,44.929687255477305
magnetic_norm,50.505,45.556131505127865
magnetic_norm,50.524,43.77342810213178
magnetic_norm,50.543,45.62796608509413
magnetic_norm,50.564,45.2766140438418
magnetic_norm,50.584,45.49138822458602
magnetic_norm,50.604,46.906751746150576
magnetic_norm,50.624,45.64371346979235
magnetic_norm,50.644,45.01016870816536
magnetic_norm,50.663,45.22258154064196
magnetic_norm,50.684,42.30121935698195
magnetic_norm,50.704,44.91423217199648
magnetic_norm,50.725,45.04799948596502
magnetic_norm,50.744,46.17047841938618
magnetic_norm,50.764,44.87110651814266
magnetic_norm,50.784,45.27616110369232
magnetic_norm,50.803,45.75081976765558
magnetic_norm,50.823,45.29225114975521
magnetic_norm,50.844,46.832360850965095
magnetic_norm,50.864,44.88690084186588
magnetic_norm,50.885,44.90875657472053
magnetic_norm,50.904,45.20495352765564
magnetic_norm,50.924,46.111566454361586
magnetic_norm,50.944,45.440381682348395
magnetic_norm,50.963,45.31791689925191
magnetic_norm,50.984,46.72831867869313
magnetic_norm,51.004,45.39470007886388
magnetic_norm,51.028,45.61650436314144
magnetic_norm,51.044,44.72725160369236
magnetic_norm,51.064,47.974259723314134
magnetic_norm,51.086,46.895749067746046
magnetic_norm,51.106,47.743263682298725
magnetic_norm,51.123,53.92002511439987
magnetic_norm,51.144,51.552270337978385
magnetic_norm,51.166,46.878772609385805
magnetic_norm,51.185,48.676391610307405
magnetic_norm,51.205,47.03034649989307
magnetic_norm,51.223,51.44426561410912
magnetic_norm,51.243,48.089325333305574
magnetic_norm,51.263,49.79183053059517
magnetic_norm,51.284,46.0783657632571
magnetic_norm,51.304,51.43492580776226
magnetic_norm,51.324,51.76050955240881
magnetic_norm,51.344,52.95023389962507
magnetic_norm,51.364,47.58249892988494
magnetic_norm,51.383,46.523681915101065
magnetic_norm,51.403,49.503252984021174
magnetic_norm,51.424,45.40707804585651
magnetic_norm,51.444,44.292004692579674
magnetic_norm,51.464,48.99133041786586
magnetic_norm,51.484,48.68773097339319
magnetic_norm,51.503,51.70277048028967
magnetic_norm,51.523,49.297650126806325
magnetic_norm,51.543,51.325494913712255
magnetic_norm,51.564,50.416118392087704
magnetic_norm,51.584,46.85044365464965
magnetic_norm,51.604,48.56502947350602
magnetic_norm,51.624,47.254424570218866
magnetic_norm,51.643,47.47589726482275
magnetic_norm,51.664,44.92509418771429
magnetic_norm,51.683,50.88617352729521
magnetic_norm,51.704,49.45942732685049
magnetic_norm,51.724,49.94461386613685
magnetic_norm,51.744,50.43138671130312
magnetic_norm,51.764,49.18483059325821
magnetic_norm,51.783,48.369314150735114
magnetic_norm,51.804,48.38255303205909
magnetic_norm,51.823,47.8227025890947
magnetic_norm,51.844,48.094345204504144
magnetic_norm,51.864,47.530295239720644
magnetic_norm,51.884,48.462948501922625
magnetic_norm,51.904,48.63473058615117
magnetic_norm,51.923,47.91803191988382
magnetic_norm,51.944,45.91939471168479
magnetic_norm,51.963,47.84809913073882
magnetic_norm,51.984,46.237007437360226
magnetic_norm,52.004,49.67462451103682
magnetic_norm,52.024,47.468700074496525
magnetic_norm,52.044,49.0145463107638
magnetic_norm,52.063,48.59328133150205
magnetic_norm,52.084,47.54663815915386
magnetic_norm,52.103,49.851285480542025
magnetic_norm,52.124,47.31375599429305
magnetic_norm,52.144,50.621456743040376
magnetic_norm,52.164,49.43387325850076
magnetic_norm,52.184,50.89321820193733
magnetic_norm,52.203,50.10029907508042
magnetic_norm,52.223,51.142148269064776
magnetic_norm,52.245,50.659581678716144
magnetic_norm,52.264,50.09175171285692
magnetic_norm,52.284,50.41671281529575
magnetic_norm,52.304,49.408637726363196
magnetic_norm,52.324,51.519099938760654
magnetic_norm,52.343,50.31431455522873
magnetic_norm,52.363,50.22654706278345
magnetic_norm,52.383,50.50855319732998
magnetic_norm,52.404,52.12090781058984
magnetic_norm,52.424,52.224784340746766
magnetic_norm,52.444,49.63360664295418
magnetic_norm,52.464,50.893306879809856
magnetic_norm,52.484,52.82463600146723
magnetic_norm,52.503,49.714961270225366
magnetic_norm,52.524,50.31822725327772
magnetic_norm,52.544,50.65508134062169
magnetic_norm,52.564,50.091281808439525
magnetic_norm,52.584,51.40835201903003
magnetic_norm,52.604,50.98948718302153
magnetic_norm,52.624,51.442247004772376
magnetic_norm,52.643,50.5505678213658
magnetic_norm,52.663,51.44013303200143
magnetic_norm,52.684,51.484629734635405
magnetic_norm,52.704,48.932133326424676
magnetic_norm,52.724,51.776770543483146
magnetic_norm,52.744,52.180106427282304
magnetic_norm,52.764,50.82479325462131
magnetic_norm,52.783,49.28649979964087
magnetic_norm,52.803,52.31353761121503
magnetic_norm,52.823,50.76239047858169
magnetic_norm,52.844,48.969550890961955
magnetic_norm,52.864,49.184084220660246
magnetic_norm,52.884,51.52965811513312
magnetic_norm,52.904,48.298930015322284
magnetic_norm,52.923,49.569505790480754
magnetic_norm,52.943,46.89368210231004
magnetic_norm,52.963,48.41651604605087
magnetic_norm,52.984,48.90097159924334
magnetic_norm,53.004,49.170426277514615
magnetic_norm,53.024,49.405581477830026
magnetic_norm,53.044,49.21927385473608
magnetic_norm,53.063,50.10646594689651
magnetic_norm,53.083,50.175847718175255
magnetic_norm,53.103,49.32705049285846
magnetic_norm,53.124,48.8805744797972
magnetic_norm,53.144,51.29031227056919
magnetic_norm,53.164,50.415630662523746
magnetic_norm,53.184,51.97137433241496
magnetic_norm,53.203,51.136269324961525
magnetic_norm,53.223,50.255613438699655
pressure,0.152,999.794
pressure,0.312,999.7936
pressure,0.472,999.7934
pressure,0.633,999.79596
pressure,0.793,999.8021
pressure,0.952,999.80786
pressure,1.113,999.8138
pressure,1.273,999.8202
pressure,1.432,999.82294
pressure,1.592,999.81934
pressure,1.753,999.82294
pressure,1.913,999.8308
pressure,2.073,999.83246
pressure,2.233,999.8295
pressure,2.393,999.82697
pressure,2.553,999.8189
pressure,2.715,999.81274
pressure,2.873,999.80786
pressure,3.033,999.7983
pressure,3.192,999.7964
pressure,3.353,999.807
pressure,3.513,999.80316
pressure,3.677,999.79846
pressure,3.834,999.8013
pressure,3.993,999.8072
pressure,4.161,999.81525
pressure,4.32,999.82166
pressure,4.473,999.81824
pressure,4.633,999.8159
pressure,4.793,999.8227
pressure,4.959,999.82355
pressure,5.113,999.80975
pressure,5.273,999.8136
pressure,5.433,999.828
pressure,5.593,999.8261
pressure,5.76,999.82526
pressure,5.913,999.83844
pressure,6.072,999.8361
pressure,6.235,999.8185
pressure,6.394,999.82166
pressure,6.552,999.84186
pressure,6.713,999.84015
pressure,6.872,999.8255
pressure,7.034,999.8251
pressure,7.196,999.8344
pressure,7.353,999.8191
pressure,7.512,999.8202
pressure,7.678,999.8231
pressure,7.833,999.814
pressure,7.993,999.8191
pressure,8.153,999.8429
pressure,8.316,999.8489
pressure,8.481,999.841
pressure,8.633,999.8493
pressure,8.793,999.87225
pressure,8.953,999.85394
pressure,9.113,999.8382
pressure,9.272,999.84186
pressure,9.432,999.83417
pressure,9.592,999.8119
pressure,9.753,999.8346
pressure,9.912,999.8476
pressure,10.073,999.8386
pressure,10.232,999.83655
pressure,10.393,999.8499
pressure,10.553,999.8374
pressure,10.712,999.8287
pressure,10.872,999.8427
pressure,11.033,999.85394
pressure,11.193,999.83673
pressure,11.353,999.83124
pressure,11.513,999.8406
pressure,11.673,999.8359
pressure,11.834,999.8257
pressure,12.002,999.83527
pressure,12.157,999.84076
pressure,12.318,999.82697
pressure,12.473,999.8259
pressure,12.642,999.84845
pressure,12.794,999.85504
pressure,12.953,999.8374
pressure,13.118,999.8535
pressure,13.273,999.8627
pressure,13.433,999.838
pressure,13.596,999.8225
pressure,13.758,999.837
pressure,13.913,999.8321
pressure,14.083,999.82715
pressure,14.242,999.8465
pressure,14.398,999.8654
pressure,14.553,999.84143
pressure,14.713,999.837
pressure,14.873,999.8446
pressure,15.033,999.82697
pressure,15.198,999.79596
pressure,15.353,999.80994
pressure,15.522,999.8165
pressure,15.681,999.8123
pressure,15.833,999.8172
pressure,15.993,999.83124
pressure,16.153,999.8202
pressure,16.314,999.8129
pressure,16.474,999.81824
pressure,16.635,999.82465
pressure,16.793,999.8308
pressure,16.954,999.8329
pressure,17.113,999.82697
pressure,17.273,999.81464
pressure,17.433,999.8121
pressure,17.593,999.8255
pressure,17.762,999.8255
pressure,17.913,999.8157
pressure,18.072,999.81464
pressure,18.232,999.8293
pressure,18.393,999.83124
pressure,18.552,999.824
pressure,18.712,999.837
pressure,18.873,999.8374
pressure,19.032,999.8284
pressure,19.193,999.8346
pressure,19.353,999.8287
pressure,19.513,999.80316
pressure,19.672,999.8066
pressure,19.833,999.83167
pressure,19.993,999.8278
pressure,20.153,999.8276
pressure,20.312,999.84314
pressure,20.473,999.84186
pressure,20.633,999.8242
pressure,20.8,999.8323
pressure,20.953,999.848
pressure,21.113,999.83124
pressure,21.273,999.821
pressure,21.438,999.8346
pressure,21.598,999.83484
pressure,21.753,999.821
pressure,21.915,999.8287
pressure,22.073,999.8304
pressure,22.233,999.8136
pressure,22.393,999.8059
pressure,22.553,999.8274
pressure,22.713,999.8244
pressure,22.873,999.8248
pressure,23.033,999.84076
pressure,23.192,999.8448
pressure,23.353,999.82697
pressure,23.512,999.8204
pressure,23.672,999.8202
pressure,23.833,999.8132
pressure,23.993,999.8023
pressure,24.153,999.8168
pressure,24.313,999.8276
pressure,24.473,999.8244
pressure,24.632,999.8206
pressure,24.793,999.8287
pressure,24.953,999.83167
pressure,25.112,999.83124
pressure,25.272,999.8278
pressure,25.432,999.82166
pressure,25.593,999.8161
pressure,25.752,999.8178
pressure,25.912,999.8178
pressure,26.072,999.8132
pressure,26.232,999.8112
pressure,26.394,999.814
pressure,26.552,999.80786
pressure,26.712,999.8059
pressure,26.872,999.8185
pressure,27.033,999.83167
pressure,27.194,999.831
pressure,27.353,999.8297
pressure,27.513,999.8259
pressure,27.673,999.8112
pressure,27.835,999.7989
pressure,27.996,999.79974
pressure,28.153,999.841
pressure,28.313,999.84735
pressure,28.474,999.82166
pressure,28.633,999.8087
pressure,28.793,999.80084
pressure,28.953,999.80914
pressure,29.117,999.7951
pressure,29.274,999.78577
pressure,29.434,999.78424
pressure,29.594,999.7611
pressure,29.754,999.7392
pressure,29.913,999.7292
pressure,30.072,999.73944
pressure,30.233,999.76154
pressure,30.393,999.7828
pressure,30.553,999.79767
pressure,30.713,999.81036
pressure,30.873,999.81696
pressure,31.033,999.81805
pressure,31.194,999.8174
pressure,31.353,999.80975
pressure,31.521,999.79974
pressure,31.673,999.7749
pressure,31.834,999.7524
pressure,31.998,999.766
pressure,32.157,999.8006
pressure,32.314,999.814
pressure,32.477,999.81146
pressure,32.633,999.79724
pressure,32.792,999.7768
pressure,32.958,999.7798
pressure,33.112,999.7936
pressure,33.273,999.8055
pressure,33.436,999.8055
pressure,33.597,999.7934
pressure,33.752,999.797
pressure,33.912,999.8072
pressure,34.083,999.79913
pressure,34.233,999.79126
pressure,34.393,999.79254
pressure,34.553,999.79297
pressure,34.714,999.807
pressure,34.873,999.82227
pressure,35.033,999.828
pressure,35.193,999.83484
pressure,35.353,999.83246
pressure,35.513,999.81934
pressure,35.673,999.81696
pressure,35.841,999.8242
pressure,35.993,999.8255
pressure,36.154,999.8106
pressure,36.313,999.8049
pressure,36.473,999.8112
pressure,36.633,999.81995
pressure,36.792,999.8221
pressure,36.955,999.8136
pressure,37.117,999.81165
pressure,37.273,999.81445
pressure,37.432,999.8121
pressure,37.593,999.80634
pressure,37.761,999.81274
pressure,37.914,999.8161
pressure,38.073,999.8085
pressure,38.233,999.797
pressure,38.393,999.7934
pressure,38.563,999.7915
pressure,38.712,999.79315
pressure,38.873,999.8055
pressure,39.033,999.81805
pressure,39.201,999.8168
pressure,39.353,999.81146
pressure,39.519,999.8293
pressure,39.673,999.8267
pressure,39.833,999.7968
pressure,39.993,999.7968
pressure,40.159,999.8165
pressure,40.313,999.80914
pressure,40.476,999.804
pressure,40.633,999.81824
pressure,40.793,999.8259
pressure,40.959,999.81036
pressure,41.113,999.8095
pressure,41.273,999.8165
pressure,41.432,999.8085
pressure,41.593,999.7983
pressure,41.753,999.824
pressure,41.914,999.83484
pressure,42.081,999.8221
pressure,42.236,999.8132
pressure,42.393,999.8238
pressure,42.557,999.82294
pressure,42.722,999.828
pressure,42.878,999.84143
pressure,43.034,999.8382
pressure,43.193,999.8123
pressure,43.353,999.8136
pressure,43.522,999.8323
pressure,43.673,999.8206
pressure,43.832,999.80273
pressure,43.993,999.8168
pressure,44.153,999.80145
pressure,44.313,999.78296
pressure,44.479,999.78577
pressure,44.633,999.7968
pressure,44.793,999.79
pressure,44.958,999.7938
pressure,45.119,999.8121
pressure,45.274,999.8142
pressure,45.436,999.8087
pressure,45.593,999.81696
pressure,45.753,999.8251
pressure,45.919,999.81696
pressure,46.073,999.8083
pressure,46.233,999.81635
pressure,46.393,999.8174
pressure,46.553,999.801
pressure,46.713,999.7989
pressure,46.873,999.8006
pressure,47.033,999.7947
pressure,47.192,999.7966
pressure,47.353,999.81274
pressure,47.513,999.81976
pressure,47.673,999.81525
pressure,47.836,999.80975
pressure,47.993,999.81036
pressure,48.153,999.80255
pressure,48.313,999.8006
pressure,48.483,999.80975
pressure,48.637,999.81866
pressure,48.793,999.8208
pressure,48.953,999.81464
pressure,49.113,999.814
pressure,49.273,999.8142
pressure,49.433,999.8042
pressure,49.598,999.78937
pressure,49.753,999.7934
pressure,49.913,999.7993
pressure,50.073,999.8
pressure,50.236,999.79767
pressure,50.393,999.8023
pressure,50.553,999.8038
pressure,50.719,999.79956
pressure,50.877,999.7936
pressure,51.033,999.79
pressure,51.193,999.79
pressure,51.352,999.7836
pressure,51.515,999.77765
pressure,51.672,999.78253
pressure,51.833,999.7951
pressure,51.995,999.8023
pressure,52.153,999.79767
pressure,52.312,999.8013
pressure,52.472,999.8066
pressure,52.632,999.803
pressure,52.795,999.7951
pressure,52.953,999.794
pressure,53.113,999.7936
device_yaw,0.009,82.87966977170016
device_yaw,0.059,82.98350968314354
device_yaw,0.109,83.06179635227386
device_yaw,0.159,83.08561834203527
device_yaw,0.209,83.06166298111923
device_yaw,0.259,82.98251073139483
device_yaw,0.309,82.99541720812311
device_yaw,0.359,82.5556260841215
device_yaw,0.409,81.12282076139742
device_yaw,0.459,79.65368371135752
device_yaw,0.509,78.1664212069629
device_yaw,0.559,76.67180477107705
device_yaw,0.609,75.20629931167305
device_yaw,0.659,73.73584830031835
device_yaw,0.709,72.28594112780033
device_yaw,0.759,70.85508871693042
device_yaw,0.809,69.45520288633116
device_yaw,0.859,68.0811324924659
device_yaw,0.909,67.10088331289957
device_yaw,0.959,67.0256385700899
device_yaw,1.009,66.92206859852182
device_yaw,1.059,66.98280850277693
device_yaw,1.109,67.0438457860895
device_yaw,1.159,67.00707481050368
device_yaw,1.209,66.97719682374156
device_yaw,1.259,66.98604341816853
device_yaw,1.309,66.99667921804586
device_yaw,1.359,67.04308263988634
device_yaw,1.409,67.08592692267908
device_yaw,1.459,67.11140766380701
device_yaw,1.509,67.12440094185204
device_yaw,1.559,67.13489609604174
device_yaw,1.609,66.95573519491111
device_yaw,1.659,66.76128165823256
device_yaw,1.709,66.60235167659052
device_yaw,1.759,66.42404674493959
device_yaw,1.809,66.20323392360454
device_yaw,1.859,66.03696426982569
device_yaw,1.909,65.8886819028159
device_yaw,1.959,65.77648269474665
device_yaw,2.009,65.67548067111464
device_yaw,2.059,65.60347241626596
device_yaw,2.109,65.55210925112301
device_yaw,2.159,65.52877361179812
device_yaw,2.209,65.51486216662688
device_yaw,2.259,65.53297340342834
device_yaw,2.309,65.58943232970522
device_yaw,2.359,65.69540870113664
device_yaw,2.409,65.75648421419778
device_yaw,2.459,65.77017086692507
device_yaw,2.509,65.73535247582828
device_yaw,2.559,65.68557715589594
device_yaw,2.609,65.60174114082984
device_yaw,2.659,65.47950452375859
device_yaw,2.709,65.29547152995899
device_yaw,2.759,65.03875704014474
device_yaw,2.809,64.73280491471355
device_yaw,2.859,64.3687010146156
device_yaw,2.909,63.88514141378658
device_yaw,2.959,63.39444702935521
device_yaw,3.009,62.96503587496211
device_yaw,3.059,62.59538466257598
device_yaw,3.109,62.25736305614226
device_yaw,3.159,61.91412945025179
device_yaw,3.209,61.59119411506637
device_yaw,3.259,61.28919838235749
device_yaw,3.309,61.05690660057709
device_yaw,3.359,60.770277575304334
device_yaw,3.409,60.41946101878707
device_yaw,3.459,60.05495115275087
device_yaw,3.509,59.587775196391064
device_yaw,3.559,58.94880290663958
device_yaw,3.609,58.08746002737216
device_yaw,3.659,57.011836839147755
device_yaw,3.709,55.797329902930144
device_yaw,3.759,54.496092084783164
device_yaw,3.809,53.02607041751592
device_yaw,3.859,51.42682589485032
device_yaw,3.909,49.78097790412789
device_yaw,3.959,48.10856757569638
device_yaw,4.009,46.44930904819726
device_yaw,4.059,44.765205307528966
device_yaw,4.109,43.03839149571518
device_yaw,4.159,41.31318487923963
device_yaw,4.209,39.59451246414363
device_yaw,4.259,37.86026651569267
device_yaw,4.309,36.00890381339341
device_yaw,4.359,34.14711233152332
device_yaw,4.409,32.175410954193175
device_yaw,4.459,30.155418709810295
device_yaw,4.509,28.11888563302899
device_yaw,4.559,26.06412850264836
device_yaw,4.609,23.97702794796901
device_yaw,4.659,21.789255680923368
device_yaw,4.709,19.59445871454195
device_yaw,4.759,17.298833313818854
device_yaw,4.809,14.945638271337184
device_yaw,4.859,12.65590609157919
device_yaw,4.909,10.529264297466472
device_yaw,4.959,8.649167577548104
device_yaw,5.009,6.90981260800126
device_yaw,5.059,5.397054856440657
device_yaw,5.109,3.8721264376281783
device_yaw,5.159,2.4643528474083727
device_yaw,5.209,1.2792484584685662
device_yaw,5.259,0.2043972593849911
device_yaw,5.309,-0.6826415577469912
device_yaw,5.359,-1.4650069673590813
device_yaw,5.409,-2.1017324941708377
device_yaw,5.459,-2.611747592448253
device_yaw,5.509,-3.0118620715992903
device_yaw,5.559,-3.4315419454027793
device_yaw,5.609,-4.020376709215534
device_yaw,5.659,-4.624489170883163
device_yaw,5.709,-5.283469731383559
device_yaw,5.759,-5.92545272281595
device_yaw,5.809,-7.203432289731598
device_yaw,5.859,-8.90479694606676
device_yaw,5.909,-10.4744079973069
device_yaw,5.959,-11.981930187482305
device_yaw,6.009,-13.502159710401033
device_yaw,6.059,-15.178163221629857
device_yaw,6.109,-16.89066788361073
device_yaw,6.159,-18.36111735233344
device_yaw,6.209,-19.535674600866436
device_yaw,6.259,-20.638306497815464
device_yaw,6.309,-21.58542772057298
device_yaw,6.359,-21.676854346471917
device_yaw,6.409,-21.12475083462377
device_yaw,6.459,-20.570755228846235
device_yaw,6.509,-20.09578488621281
device_yaw,6.559,-19.568039151931256
device_yaw,6.609,-18.964692869224688
device_yaw,6.659,-18.227159638344883
device_yaw,6.709,-17.547300501867728
device_yaw,6.759,-17.020344503253163
device_yaw,6.809,-16.423149128736956
device_yaw,6.859,-15.984197433554783
device_yaw,6.909,-15.707934658853214
device_yaw,6.959,-15.553245422643217
device_yaw,7.009,-15.324971412774323
device_yaw,7.059,-15.000692165146107
device_yaw,7.109,-14.787897675831886
device_yaw,7.159,-14.367479019603644
device_yaw,7.209,-13.870057166239912
device_yaw,7.259,-13.430788004564038
device_yaw,7.309,-13.017547371241
device_yaw,7.359,-12.540894713282462
device_yaw,7.409,-11.884181271870775
device_yaw,7.459,-11.125553996822012
device_yaw,7.509,-10.355427722125103
device_yaw,7.559,-9.681231135289483
device_yaw,7.609,-9.064618038134938
device_yaw,7.659,-8.440015424740544
device_yaw,7.709,-8.046772514618766
device_yaw,7.759,-7.810264929482219
device_yaw,7.809,-7.628900200313788
device_yaw,7.859,-7.422357245688096
device_yaw,7.909,-7.328195702380705
device_yaw,7.959,-7.4621727087744345
device_yaw,8.009,-7.819657117541649
device_yaw,8.059,-8.366234047058496
device_yaw,8.109,-9.071705099474398
device_yaw,8.159,-9.907631138930244
device_yaw,8.209,-10.781495102686158
device_yaw,8.259,-11.54869354349704
device_yaw,8.309,-12.124764564356367
device_yaw,8.359,-12.516693409895725
device_yaw,8.409,-12.812355507864975
device_yaw,8.459,-12.964086373756244
device_yaw,8.509,-12.870374531978685
device_yaw,8.559,-12.412232859791448
device_yaw,8.609,-11.583366283340537
device_yaw,8.659,-10.46194599235618
device_yaw,8.709,-9.185837514419118
device_yaw,8.759,-7.904182143853503
device_yaw,8.809,-6.734494896843743
device_yaw,8.859,-5.797317983481597
device_yaw,8.909,-5.123541967657946
device_yaw,8.959,-4.662267654835501
device_yaw,9.009,-4.357409831062032
device_yaw,9.059,-4.263906820350612
device_yaw,9.109,-4.486868453118398
device_yaw,9.159,-5.046742304756368
device_yaw,9.209,-5.929294974413227
device_yaw,9.259,-7.0188500538384835
device_yaw,9.309,-8.147565892360822
device_yaw,9.359,-9.267881865707482
device_yaw,9.409,-10.243167583505823
device_yaw,9.459,-11.07133666758451
device_yaw,9.509,-11.684931555191787
device_yaw,9.559,-12.146554401316367
device_yaw,9.609,-12.31473017894407
device_yaw,9.659,-12.110061034765812
device_yaw,9.709,-11.568229112978528
device_yaw,9.759,-10.63006518177403
device_yaw,9.809,-9.463057754009983
device_yaw,9.859,-8.260900461349708
device_yaw,9.909,-7.075022477956111
device_yaw,9.959,-5.948443349173007
device_yaw,10.009,-5.045085216230056
device_yaw,10.059,-4.302678320319732
device_yaw,10.109,-3.680420433949806
device_yaw,10.159,-3.282471120003299
device_yaw,10.209,-3.2312862861580838
device_yaw,10.259,-3.484768310796977
device_yaw,10.309,-4.1821978151552095
device_yaw,10.359,-5.196483793606681
device_yaw,10.409,-6.292463337118195
device_yaw,10.459,-7.471797265962028
device_yaw,10.509,-8.648092045026829
device_yaw,10.559,-9.731671685452275
device_yaw,10.609,-10.646477065461147
device_yaw,10.659,-11.420513847183203
device_yaw,10.709,-11.995486229001962
device_yaw,10.759,-12.269253282753242
device_yaw,10.809,-12.13204447424846
device_yaw,10.859,-11.517939971348438
device_yaw,10.909,-10.525146136819929
device_yaw,10.959,-9.41080608597002
device_yaw,11.009,-8.274643510162038
device_yaw,11.059,-7.198081877818182
device_yaw,11.109,-6.108122697188431
device_yaw,11.159,-5.109323008911475
device_yaw,11.209,-4.269205927618889
device_yaw,11.259,-3.6384597760402926
device_yaw,11.309,-3.271516103443781
device_yaw,11.359,-3.304902265562892
device_yaw,11.409,-3.629997526591653
device_yaw,11.459,-4.100608047841586
device_yaw,11.509,-4.592337938658357
device_yaw,11.559,-5.018448281237718
device_yaw,11.609,-5.369504941901069
device_yaw,11.659,-5.671711952095115
device_yaw,11.709,-5.905118137754232
device_yaw,11.759,-6.010426751775461
device_yaw,11.809,-5.999592074887272
device_yaw,11.859,-5.749758133074622
device_yaw,11.909,-5.236698687313983
device_yaw,11.959,-4.561543409526755
device_yaw,12.009,-3.8284502136921295
device_yaw,12.059,-3.0815524029835357
device_yaw,12.109,-2.370228578441385
device_yaw,12.159,-1.7607486236227639
device_yaw,12.209,-1.307344261356904
device_yaw,12.259,-1.0114069956454885
device_yaw,12.309,-0.8278406464231842
device_yaw,12.359,-0.7450752946998147
device_yaw,12.409,-0.9070932407916171
device_yaw,12.459,-1.3843377468666467
device_yaw,12.509,-2.072708848260282
device_yaw,12.559,-2.98095044267204
device_yaw,12.609,-3.9966962126947436
device_yaw,12.659,-4.978142940454249
device_yaw,12.709,-5.779072048684872
device_yaw,12.759,-6.336786615329616
device_yaw,12.809,-6.807784126953266
device_yaw,12.859,-7.204667418333327
device_yaw,12.909,-7.54970563764945
device_yaw,12.959,-7.756738220613499
device_yaw,13.009,-7.65258457694378
device_yaw,13.059,-7.269269070300305
device_yaw,13.109,-6.564276649204293
device_yaw,13.159,-5.699382087274176
device_yaw,13.209,-4.846283147858199
device_yaw,13.259,-4.177739004444306
device_yaw,13.309,-3.7721050249903403
device_yaw,13.359,-3.5579335908013845
device_yaw,13.409,-3.3919612442339346
device_yaw,13.459,-3.1897388615698685
device_yaw,13.509,-2.950742453125024
device_yaw,13.559,-2.9241723034450255
device_yaw,13.609,-3.2514699508701743
device_yaw,13.659,-3.8409327592103453
device_yaw,13.709,-4.5843125366883575
device_yaw,13.759,-5.312906498647186
device_yaw,13.809,-5.847722732116458
device_yaw,13.859,-6.1677632819668124
device_yaw,13.909,-6.363151133739958
device_yaw,13.959,-6.4669244064424865
device_yaw,14.009,-6.495529782028688
device_yaw,14.059,-6.373105559861679
device_yaw,14.109,-5.9754228372157945
device_yaw,14.159,-5.210158060632296
device_yaw,14.209,-4.1241134532590635
device_yaw,14.259,-2.9030466759819173
device_yaw,14.309,-1.7604184334653978
device_yaw,14.359,-0.7438837495596403
device_yaw,14.409,0.2840889322586302
device_yaw,14.459,1.2412431452374408
device_yaw,14.509,2.002910470178593
device_yaw,14.559,2.5442865410729962
device_yaw,14.609,2.8251712684834462
device_yaw,14.659,2.8320765122492007
device_yaw,14.709,2.530565117320134
device_yaw,14.759,1.9781947678924199
device_yaw,14.809,1.307632014487413
device_yaw,14.859,0.6322363389837327
device_yaw,14.909,-0.010416039939095588
device_yaw,14.959,-0.6321511264051779
device_yaw,15.009,-1.1857933198936512
device_yaw,15.059,-1.5790957001277777
device_yaw,15.109,-1.8851643346675973
device_yaw,15.159,-2.117033318236807
device_yaw,15.209,-2.290050533831293
device_yaw,15.259,-2.4121429623803823
device_yaw,15.309,-2.5105149185403097
device_yaw,15.359,-2.5920733327807484
device_yaw,15.409,-2.5718474666224638
device_yaw,15.459,-2.4653261758525535
device_yaw,15.509,-2.356783386198126
device_yaw,15.559,-2.3012315306319464
device_yaw,15.609,-2.3207814333551133
device_yaw,15.659,-2.3895051805204433
device_yaw,15.709,-2.5804620994628977
device_yaw,15.759,-2.8212142494844845
device_yaw,15.809,-3.1051616299309903
device_yaw,15.859,-3.4318311594291813
device_yaw,15.909,-3.7202033056065287
device_yaw,15.959,-4.006544784306967
device_yaw,16.009,-4.345791357196257
device_yaw,16.059,-4.662747060107614
device_yaw,16.109,-4.867178307279473
device_yaw,16.159,-4.994936321128633
device_yaw,16.209,-5.1245162286319195
device_yaw,16.259,-5.117981381313089
device_yaw,16.309,-4.969641931216644
device_yaw,16.359,-4.660874782274118
device_yaw,16.409,-4.268797783205407
device_yaw,16.459,-3.8720976721135547
device_yaw,16.509,-3.5234840532282465
device_yaw,16.559,-3.28403096661936
device_yaw,16.609,-3.1227989519959434
device_yaw,16.659,-3.023225436338364
device_yaw,16.709,-3.018030899332732
device_yaw,16.759,-3.0082872409003327
device_yaw,16.809,-3.1244068579517204
device_yaw,16.859,-3.367551330582053
device_yaw,16.909,-3.7133700581905162
device_yaw,16.959,-4.129978096766163
device_yaw,17.009,-4.5639326007490215
device_yaw,17.059,-4.980230842320805
device_yaw,17.109,-5.334086977332619
device_yaw,17.159,-5.7067591423552555
device_yaw,17.209,-6.033952706209539
device_yaw,17.259,-6.389903603960547
device_yaw,17.309,-6.6520801670709595
device_yaw,17.359,-6.887365737078556
device_yaw,17.409,-7.032627372805445
device_yaw,17.459,-7.005529967616216
device_yaw,17.509,-6.818565876081269
device_yaw,17.559,-6.574777452292502
device_yaw,17.609,-6.3385469380391894
device_yaw,17.659,-6.08858176187342
device_yaw,17.709,-5.844267759403156
device_yaw,17.759,-5.648756916279826
device_yaw,17.809,-5.551831120339371
device_yaw,17.859,-5.6088658366923925
device_yaw,17.909,-5.678001406341119
device_yaw,17.959,-5.770219897403794
device_yaw,18.009,-6.047145454340009
device_yaw,18.059,-6.553312773804862
device_yaw,18.109,-7.2132709643618345
device_yaw,18.159,-7.935616766968622
device_yaw,18.209,-8.664162712248727
device_yaw,18.259,-9.33252416761024
device_yaw,18.309,-9.890271295005254
device_yaw,18.359,-10.386482312867276
device_yaw,18.409,-10.768006512902852
device_yaw,18.459,-11.111770437304328
device_yaw,18.509,-11.361974346529093
device_yaw,18.559,-11.418314530617932
device_yaw,18.609,-11.248707595899205
device_yaw,18.659,-10.8948839786017
device_yaw,18.709,-10.459993979460533
device_yaw,18.759,-10.034162317945363
device_yaw,18.809,-9.638893316318109
device_yaw,18.859,-9.31358408022381
device_yaw,18.909,-8.863535660819645
device_yaw,18.959,-8.505232022294173
device_yaw,19.009,-8.170585903396798
device_yaw,19.059,-8.039700714780457
device_yaw,19.109,-8.207814832663438
device_yaw,19.159,-8.566461006740356
device_yaw,19.209,-9.075666810646156
device_yaw,19.259,-9.697947731739244
device_yaw,19.309,-10.363084529415145
device_yaw,19.359,-10.984793452346848
device_yaw,19.409,-11.599618224156957
device_yaw,19.459,-12.200334038277056
device_yaw,19.509,-12.630903760985564
device_yaw,19.559,-12.940148451556768
device_yaw,19.609,-13.060852496080019
device_yaw,19.659,-12.898368564995604
device_yaw,19.709,-12.562758124747718
device_yaw,19.759,-12.11406420208135
device_yaw,19.809,-11.550182608607336
device_yaw,19.859,-10.977071743241938
device_yaw,19.909,-10.495536325917426
device_yaw,19.959,-10.135294893587142
device_yaw,20.009,-9.93390644747504
device_yaw,20.059,-9.96247120800099
device_yaw,20.109,-10.204887040788124
device_yaw,20.159,-10.68750582047238
device_yaw,20.209,-11.472313116862734
device_yaw,20.259,-12.486277314327355
device_yaw,20.309,-13.648093413443398
device_yaw,20.359,-14.881217162073597
device_yaw,20.409,-16.12520954469973
device_yaw,20.459,-17.238859867209435
device_yaw,20.509,-18.066925071908344
device_yaw,20.559,-18.63798470338146
device_yaw,20.609,-18.97020235838938
device_yaw,20.659,-19.14515847431001
device_yaw,20.709,-19.08311727428597
device_yaw,20.759,-18.635688274514077
device_yaw,20.809,-17.92743599558925
device_yaw,20.859,-17.049022496181262
device_yaw,20.909,-16.091591782750893
device_yaw,20.959,-15.045582918722216
device_yaw,21.009,-14.032395719630843
device_yaw,21.059,-13.297508342977387
device_yaw,21.109,-12.828626578195827
device_yaw,21.159,-12.667509365563506
device_yaw,21.209,-12.698499169778547
device_yaw,21.259,-13.104572666188501
device_yaw,21.309,-13.901582947714184
device_yaw,21.359,-14.98657609403935
device_yaw,21.409,-16.174273333227873
device_yaw,21.459,-17.253466201774277
device_yaw,21.509,-18.30980604313996
device_yaw,21.559,-19.37413494893867
device_yaw,21.609,-20.277366508243997
device_yaw,21.659,-20.903719769499887
device_yaw,21.709,-21.23898189897095
device_yaw,21.759,-21.25847452171054
device_yaw,21.809,-20.879173801265395
device_yaw,21.859,-20.14798208340443
device_yaw,21.909,-19.145125873565323
device_yaw,21.959,-18.032317494005383
device_yaw,22.009,-17.077226089873186
device_yaw,22.059,-16.21816976772091
device_yaw,22.109,-15.353933687407107
device_yaw,22.159,-14.642435439799902
device_yaw,22.209,-14.247207061228409
device_yaw,22.259,-14.137870899363628
device_yaw,22.309,-14.41179905597853
device_yaw,22.359,-14.963116136265716
device_yaw,22.409,-15.723150853876517
device_yaw,22.459,-16.693248784830704
device_yaw,22.509,-17.77417700450607
device_yaw,22.559,-18.831453246884035
device_yaw,22.609,-19.78969113145291
device_yaw,22.659,-20.60707850214472
device_yaw,22.709,-21.230419072395243
device_yaw,22.759,-21.578027436547256
device_yaw,22.809,-21.678339514942248
device_yaw,22.859,-21.402793203745517
device_yaw,22.909,-20.721126609577478
device_yaw,22.959,-19.793904733111066
device_yaw,23.009,-18.661435456286153
device_yaw,23.059,-17.453374847833068
device_yaw,23.109,-16.18574399857296
device_yaw,23.159,-14.932530252268629
device_yaw,23.209,-13.797671563263076
device_yaw,23.259,-12.688274840205478
device_yaw,23.309,-11.63441050401276
device_yaw,23.359,-10.660644738032806
device_yaw,23.409,-9.777769097553488
device_yaw,23.459,-9.074751137375902
device_yaw,23.509,-8.468584359019415
device_yaw,23.559,-7.9055132693508305
device_yaw,23.609,-7.339391769373363
device_yaw,23.659,-6.7428024574405105
device_yaw,23.709,-6.051257231411866
device_yaw,23.759,-5.338793976810258
device_yaw,23.809,-4.538849451239741
device_yaw,23.859,-3.53908797971271
device_yaw,23.909,-2.2575268710745253
device_yaw,23.959,-0.842924723093888
device_yaw,24.009,0.6755047077216794
device_yaw,24.059,2.2842295894914106
device_yaw,24.109,4.085883000886733
device_yaw,24.159,6.070364515904652
device_yaw,24.209,8.179975769883516
device_yaw,24.259,10.345278884219372
device_yaw,24.309,12.534501653673294
device_yaw,24.359,14.660627970694106
device_yaw,24.409,16.531625742912293
device_yaw,24.459,18.249331542270962
device_yaw,24.509,19.814901894764436
device_yaw,24.559,21.287323014263446
device_yaw,24.609,22.628527114535334
device_yaw,24.659,23.786144610641063
device_yaw,24.709,24.781529921519795
device_yaw,24.759,25.545579892541117
device_yaw,24.809,26.112487479187454
device_yaw,24.859,26.530776857833825
device_yaw,24.909,26.822482488116055
device_yaw,24.959,27.045342694352485
device_yaw,25.009,27.017693676680747
device_yaw,25.059,26.76764225006476
device_yaw,25.109,26.21434186884924
device_yaw,25.159,25.406656242004452
device_yaw,25.209,24.30314851859075
device_yaw,25.259,22.974275958137685
device_yaw,25.309,21.44195305584103
device_yaw,25.359,19.66922962812745
device_yaw,25.409,17.619124732022016
device_yaw,25.459,15.368851537519099
device_yaw,25.509,12.598837811010936
device_yaw,25.559,9.71938154157654
device_yaw,25.609,6.830762184401692
device_yaw,25.659,4.006670364542688
device_yaw,25.709,1.2842811086972714
device_yaw,25.759,-1.289522225145034
device_yaw,25.809,-3.8537186023554386
device_yaw,25.859,-6.36937506658216
device_yaw,25.909,-8.813759043474892
device_yaw,25.959,-11.104872172935542
device_yaw,26.009,-13.201379943380573
device_yaw,26.059,-14.82868917380024
device_yaw,26.109,-16.246210967189896
device_yaw,26.159,-17.591149768738816
device_yaw,26.209,-18.870055084963226
device_yaw,26.259,-20.09336154870757
device_yaw,26.309,-21.272189801026222
device_yaw,26.359,-22.27993209644959
device_yaw,26.409,-23.05851441520237
device_yaw,26.459,-23.624461083811774
device_yaw,26.509,-23.996072133575794
device_yaw,26.559,-24.465225567864103
device_yaw,26.609,-25.328931372238085
device_yaw,26.659,-26.09955442015249
device_yaw,26.709,-26.762257498004704
device_yaw,26.759,-27.27250165277764
device_yaw,26.809,-27.68156083147327
device_yaw,26.859,-28.03149024619394
device_yaw,26.909,-28.372938629870873
device_yaw,26.959,-28.799310317107587
device_yaw,27.009,-29.318988153611475
device_yaw,27.059,-29.937486815122217
device_yaw,27.109,-30.451445127718163
device_yaw,27.159,-30.526046266008446
device_yaw,27.209,-30.812670764552344
device_yaw,27.259,-31.232639541068444
device_yaw,27.309,-31.735807590489127
device_yaw,27.359,-32.312544482342226
device_yaw,27.409,-32.92811981963685
device_yaw,27.459,-33.52541402513912
device_yaw,27.509,-34.12685534177624
device_yaw,27.559,-34.68093043393436
device_yaw,27.609,-35.137080372841105
device_yaw,27.659,-35.524287667199765
device_yaw,27.709,-35.86510421104984
device_yaw,27.759,-35.99845223561658
device_yaw,27.809,-36.04936016359743
device_yaw,27.859,-36.0413693790014
device_yaw,27.909,-35.875737957168944
device_yaw,27.959,-35.590441079088244
device_yaw,28.009,-35.196708077834444
device_yaw,28.059,-34.714211640961146
device_yaw,28.109,-34.200944940404604
device_yaw,28.159,-33.74817088703315
device_yaw,28.209,-33.345444480813065
device_yaw,28.259,-32.9471623421371
device_yaw,28.309,-32.65103451388707
device_yaw,28.359,-32.286154233847704
device_yaw,28.409,-31.965766534517613
device_yaw,28.459,-31.772997610873677
device_yaw,28.509,-31.650522520866673
device_yaw,28.559,-31.63255842902134
device_yaw,28.609,-31.648435123887012
device_yaw,28.659,-31.66086237485952
device_yaw,28.709,-31.53348250981379
device_yaw,28.759,-31.40327187567613
device_yaw,28.809,-31.235855444199945
device_yaw,28.859,-31.061233564871348
device_yaw,28.909,-30.907281486328568
device_yaw,28.959,-30.761217873694456
device_yaw,29.009,-30.595631344612187
device_yaw,29.059,-30.456523516946774
device_yaw,29.109,-30.35110149518655
device_yaw,29.159,-30.277318720867026
device_yaw,29.209,-30.162049812510908
device_yaw,29.259,-30.37134238879655
device_yaw,29.309,-31.11087348521327
device_yaw,29.359,-32.24648522587295
device_yaw,29.409,-33.32305354052263
device_yaw,29.459,-34.3151581247351
device_yaw,29.509,-35.1957885175887
device_yaw,29.559,-35.89196935973144
device_yaw,29.609,-36.50137153821346
device_yaw,29.659,-37.07676924981413
device_yaw,29.709,-37.57972553448063
device_yaw,29.759,-38.035347940219175
device_yaw,29.809,-38.13776732714656
device_yaw,29.859,-37.66168627441153
device_yaw,29.909,-36.836076270501216
device_yaw,29.959,-36.081896988864344
device_yaw,30.009,-35.38153579779502
device_yaw,30.059,-34.738119045640715
device_yaw,30.109,-34.25827933669481
device_yaw,30.159,-33.79739436619469
device_yaw,30.209,-33.3089683112911
device_yaw,30.259,-32.867854100950744
device_yaw,30.309,-32.53341162233431
device_yaw,30.359,-32.3404111077548
device_yaw,30.409,-32.18306365544548
device_yaw,30.459,-31.996292947949634
device_yaw,30.509,-31.776826179875048
device_yaw,30.559,-31.60527828561771
device_yaw,30.609,-31.472476985109793
device_yaw,30.659,-31.34349718430061
device_yaw,30.709,-31.2597189332606
device_yaw,30.759,-31.203138041253045
device_yaw,30.809,-31.141427179654332
device_yaw,30.859,-31.075138847854507
device_yaw,30.909,-31.015269781476704
device_yaw,30.959,-30.919026904043996
device_yaw,31.009,-30.787909759174816
device_yaw,31.059,-30.616457138341936
device_yaw,31.109,-30.408489498940572
device_yaw,31.159,-30.241760672723306
device_yaw,31.209,-30.06316198510915
device_yaw,31.259,-29.786181700230305
device_yaw,31.309,-29.384996630873786
device_yaw,31.359,-28.694582052332866
device_yaw,31.409,-27.627877246610716
device_yaw,31.459,-26.302976334272344
device_yaw,31.509,-24.675959668426323
device_yaw,31.559,-22.75769135207755
device_yaw,31.609,-20.546979160603886
device_yaw,31.659,-18.015009142385306
device_yaw,31.709,-15.037819923297985
device_yaw,31.759,-11.774519403164275
device_yaw,31.809,-8.370262618544707
device_yaw,31.859,-4.8930637257063765
device_yaw,31.909,-1.4694090555944639
device_yaw,31.959,1.90676081831024
device_yaw,32.009,5.252134502920067
device_yaw,32.059,8.486971906583317
device_yaw,32.109,11.613632019088998
device_yaw,32.159,14.689975854029855
device_yaw,32.209,17.623230150669944
device_yaw,32.259,20.344159952799135
device_yaw,32.309,22.981783250727553
device_yaw,32.359,25.64741289630952
device_yaw,32.409,28.335674451030535
device_yaw,32.459,30.95200203648244
device_yaw,32.509,33.358651978402186
device_yaw,32.559,35.70993058091777
device_yaw,32.609,38.11450273305263
device_yaw,32.659,40.448385155520015
device_yaw,32.709,42.63579218864699
device_yaw,32.759,44.773737104554705
device_yaw,32.809,46.87733028089611
device_yaw,32.859,48.88032984849637
device_yaw,32.909,50.72500265698099
device_yaw,32.959,52.384358602110176
device_yaw,33.009,53.92620268128883
device_yaw,33.059,55.380088248596614
device_yaw,33.109,56.70220477919406
device_yaw,33.159,57.7580375081892
device_yaw,33.209,58.66039302484608
device_yaw,33.259,59.463266651253186
device_yaw,33.309,60.16598432432114
device_yaw,33.359,61.08514870719517
device_yaw,33.409,62.04843003061146
device_yaw,33.459,62.946923770773125
device_yaw,33.509,63.87714456193817
device_yaw,33.559,64.78498908294752
device_yaw,33.609,65.75269633122387
device_yaw,33.659,66.79262821621668
device_yaw,33.709,67.96500313625698
device_yaw,33.759,69.33141325956932
device_yaw,33.809,70.78981735635675
device_yaw,33.859,72.21567320462756
device_yaw,33.909,73.27780909618255
device_yaw,33.959,74.17879658148338
device_yaw,34.009,74.86068590627316
device_yaw,34.059,75.39732586728762
device_yaw,34.109,75.91558435761242
device_yaw,34.159,76.42044654385855
device_yaw,34.209,76.9320226033331
device_yaw,34.259,77.36452962705489
device_yaw,34.309,77.71616329926472
device_yaw,34.359,78.00811191201548
device_yaw,34.409,78.35879339996607
device_yaw,34.459,78.61168731253473
device_yaw,34.509,78.66050673671815
device_yaw,34.559,78.78920521637063
device_yaw,34.609,78.96963498377623
device_yaw,34.659,80.32061846268277
device_yaw,34.709,81.4477878655208
device_yaw,34.759,82.41202748824428
device_yaw,34.809,83.35589190642922
device_yaw,34.859,84.22256755835632
device_yaw,34.909,84.94077446161789
device_yaw,34.959,85.7300106237289
device_yaw,35.009,86.65254310390513
device_yaw,35.059,87.84765376908635
device_yaw,35.109,89.2031727976869
device_yaw,35.159,90.5639864118634
device_yaw,35.209,90.62576664993122
device_yaw,35.259,90.71921095904639
device_yaw,35.309,90.7971257150121
device_yaw,35.359,90.7525858194947
device_yaw,35.409,90.5697265660313
device_yaw,35.459,90.41631315103015
device_yaw,35.509,90.0258760069159
device_yaw,35.559,89.58355877684713
device_yaw,35.609,89.10624443974365
device_yaw,35.659,88.6022612105149
device_yaw,35.709,88.12814089191141
device_yaw,35.759,87.6757467317083
device_yaw,35.809,87.1393520922942
device_yaw,35.859,86.50969277177784
device_yaw,35.909,85.80786924090067
device_yaw,35.959,85.20433752797722
device_yaw,36.009,84.66958778611854
device_yaw,36.059,84.19614034100846
device_yaw,36.109,83.73031970419369
device_yaw,36.159,83.24478790649545
device_yaw,36.209,82.65023551388104
device_yaw,36.259,82.13655807330143
device_yaw,36.309,81.68935575599627
device_yaw,36.359,81.47646798491142
device_yaw,36.409,81.41426945316142
device_yaw,36.459,81.45347825436438
device_yaw,36.509,81.44908285966987
device_yaw,36.559,81.334617968998
device_yaw,36.609,81.15798581988108
device_yaw,36.659,80.91440910778378
device_yaw,36.709,80.58585335385034
device_yaw,36.759,80.26023573525482
device_yaw,36.809,79.74814843345753
device_yaw,36.859,79.13301067191759
device_yaw,36.909,78.4531423426211
device_yaw,36.959,77.67909450687667
device_yaw,37.009,76.77572558598962
device_yaw,37.059,75.80213511231848
device_yaw,37.109,74.76523341478506
device_yaw,37.159,73.69951439714227
device_yaw,37.209,72.50785244259352
device_yaw,37.259,71.13283169652969
device_yaw,37.309,69.59138357187368
device_yaw,37.359,67.83140882108715
device_yaw,37.409,65.92309719710381
device_yaw,37.459,63.675419978696226
device_yaw,37.509,61.10344967398321
device_yaw,37.559,58.224904781253464
device_yaw,37.609,55.007601937824845
device_yaw,37.659,51.50197344025921
device_yaw,37.709,47.49780743314969
device_yaw,37.759,43.08979374103682
device_yaw,37.809,38.384319486289456
device_yaw,37.859,33.48987255151426
device_yaw,37.909,28.229790146080052
device_yaw,37.959,22.677852644458955
device_yaw,38.009,16.871463503923284
device_yaw,38.059,11.008767738455179
device_yaw,38.109,5.2692756021220255
device_yaw,38.159,-0.5617559284641541
device_yaw,38.209,-6.523451668714955
device_yaw,38.259,-12.368913886949922
device_yaw,38.309,-18.012490344517094
device_yaw,38.359,-23.43831469920468
device_yaw,38.409,-28.75752266066524
device_yaw,38.459,-33.62431655657026
device_yaw,38.509,-38.1301744620107
device_yaw,38.559,-42.216909072204494
device_yaw,38.609,-46.124093083190914
device_yaw,38.659,-49.97126369736279
device_yaw,38.709,-53.55163340132311
device_yaw,38.759,-56.81630050084322
device_yaw,38.809,-59.821763356932586
device_yaw,38.859,-62.68968016666979
device_yaw,38.909,-65.42978008725508
device_yaw,38.959,-67.96354533319048
device_yaw,39.009,-72.24238242157001
device_yaw,39.059,-76.34691851349018
device_yaw,39.109,-80.2167731788395
device_yaw,39.159,-83.60795185158359
device_yaw,39.209,-86.44218825057898
device_yaw,39.259,-88.79017546487151
device_yaw,39.309,-90.59633262544152
device_yaw,39.359,-91.9330554768468
device_yaw,39.409,-92.74141795377093
device_yaw,39.459,-93.17205194694884
device_yaw,39.509,-93.38945104598392
device_yaw,39.559,-91.60517459127364
device_yaw,39.609,-89.8137221350345
device_yaw,39.659,-88.01637397536024
device_yaw,39.709,-86.33334382904792
device_yaw,39.759,-84.91167437926126
device_yaw,39.809,-83.80619426813529
device_yaw,39.859,-83.03828814235034
device_yaw,39.909,-82.59918452066505
device_yaw,39.959,-82.54237128252463
device_yaw,40.009,-82.79929888965144
device_yaw,40.059,-83.301346321315
device_yaw,40.109,-83.88820162013789
device_yaw,40.159,-84.49966244291254
device_yaw,40.209,-85.17110047688504
device_yaw,40.259,-85.93938752480184
device_yaw,40.309,-86.6952807821741
device_yaw,40.359,-87.34692945230334
device_yaw,40.409,-87.94332867854196
device_yaw,40.459,-88.39048793549306
device_yaw,40.509,-88.62382209933615
device_yaw,40.559,-88.67378806318538
device_yaw,40.609,-88.58279761359194
device_yaw,40.659,-88.50529220099575
device_yaw,40.709,-88.49582121237792
device_yaw,40.759,-88.61852880063967
device_yaw,40.809,-88.85097544754154
device_yaw,40.859,-89.27498372876424
device_yaw,40.909,-89.8739514089806
device_yaw,40.959,-90.68348823670998
device_yaw,41.009,-91.61807503845326
device_yaw,41.059,-92.6915745497567
device_yaw,41.109,-93.87787649020127
device_yaw,41.159,-95.139698779217
device_yaw,41.209,-96.29563986165962
device_yaw,41.259,-97.11707732274402
device_yaw,41.309,-97.53603198339142
device_yaw,41.359,-97.59877721766044
device_yaw,41.409,-97.12691866445533
device_yaw,41.459,-96.08401787313933
device_yaw,41.509,-94.48514038178986
device_yaw,41.559,-92.41285754943921
device_yaw,41.609,-90.00576884314943
device_yaw,41.659,-87.15211125872648
device_yaw,41.709,-83.95196447028566
device_yaw,41.759,-80.6039122800827
device_yaw,41.809,-77.38602948160865
device_yaw,41.859,-74.42943908366432
device_yaw,41.909,-71.73562031107656
device_yaw,41.959,-69.51881460910928
device_yaw,42.009,-67.78575267653633
device_yaw,42.059,-66.45683771261828
device_yaw,42.109,-65.61569525193092
device_yaw,42.159,-65.19495891779049
device_yaw,42.209,-65.19521772784366
device_yaw,42.259,-65.35401260682426
device_yaw,42.309,-65.56791311386574
device_yaw,42.359,-65.6148040601779
device_yaw,42.409,-65.40219635875641
device_yaw,42.459,-64.84123659832434
device_yaw,42.509,-63.998207283153306
device_yaw,42.559,-62.7842588615272
device_yaw,42.609,-61.157864029162354
device_yaw,42.659,-58.42064807744896
device_yaw,42.709,-55.35122937693534
device_yaw,42.759,-52.02040471257191
device_yaw,42.809,-48.53987211949725
device_yaw,42.859,-45.0675477938385
device_yaw,42.909,-41.64851315367677
device_yaw,42.959,-38.35670165793843
device_yaw,43.009,-35.38549316050508
device_yaw,43.059,-32.695352959089725
device_yaw,43.109,-30.458666543101913
device_yaw,43.159,-28.743803739311918
device_yaw,43.209,-28.2309711742093
device_yaw,43.259,-28.07974875147297
device_yaw,43.309,-28.197673685962915
device_yaw,43.359,-28.659003249965295
device_yaw,43.409,-29.313133483404613
device_yaw,43.459,-30.211522421541705
device_yaw,43.509,-31.282546237986192
device_yaw,43.559,-32.27588535739111
device_yaw,43.609,-33.014680957693265
device_yaw,43.659,-33.55038706871167
device_yaw,43.709,-33.05533921091051
device_yaw,43.759,-32.086253779742904
device_yaw,43.809,-30.945008205809483
device_yaw,43.859,-29.787274062574603
device_yaw,43.909,-28.49878619687033
device_yaw,43.959,-27.184482955773095
device_yaw,44.009,-25.815710795135058
device_yaw,44.059,-24.36600925393426
device_yaw,44.109,-22.99038113080937
device_yaw,44.159,-21.751989436227962
device_yaw,44.209,-20.522804174550213
device_yaw,44.259,-20.199119104738358
device_yaw,44.309,-20.2182880506567
device_yaw,44.359,-20.328611045629156
device_yaw,44.409,-20.531681906515292
device_yaw,44.459,-20.856435612452824
device_yaw,44.509,-21.110288628940655
device_yaw,44.559,-21.326506661260815
device_yaw,44.609,-21.474754780868473
device_yaw,44.659,-21.37678464329577
device_yaw,44.709,-21.099006434794607
device_yaw,44.759,-20.623938307837086
device_yaw,44.809,-19.880524789657017
device_yaw,44.859,-18.93702225258997
device_yaw,44.909,-17.565335746152783
device_yaw,44.959,-15.831607462556748
device_yaw,45.009,-13.893685335794911
device_yaw,45.059,-11.912296998740784
device_yaw,45.109,-9.876941566665984
device_yaw,45.159,-7.857955824052195
device_yaw,45.209,-5.978143810061477
device_yaw,45.259,-4.209730007111715
device_yaw,45.309,-2.5852680684388005
device_yaw,45.359,-1.1467837397217033
device_yaw,45.409,0.08145135003680683
device_yaw,45.459,0.9541755240031148
device_yaw,45.509,1.5975701467098842
device_yaw,45.559,2.1755175781719682
device_yaw,45.609,2.799480811042032
device_yaw,45.659,3.481742108878265
device_yaw,45.709,4.315069348422633
device_yaw,45.759,5.239795615791939
device_yaw,45.809,6.327274517369102
device_yaw,45.859,7.565173838524774
device_yaw,45.909,9.052823881224212
device_yaw,45.959,10.791863785991968
device_yaw,46.009,12.671083195464565
device_yaw,46.059,14.802401637567838
device_yaw,46.109,17.055701815235473
device_yaw,46.159,19.266390536355605
device_yaw,46.209,21.350519394372714
device_yaw,46.259,23.183623485294337
device_yaw,46.309,24.821401782241306
device_yaw,46.359,26.272642753023533
device_yaw,46.409,27.517370046863586
device_yaw,46.459,28.562560111256175
device_yaw,46.509,29.459320928554153
device_yaw,46.559,30.338510163286582
device_yaw,46.609,31.12258293659806
device_yaw,46.659,31.878626988663143
device_yaw,46.709,32.5319285657131
device_yaw,46.759,33.117006776656574
device_yaw,46.809,33.76074861332896
device_yaw,46.859,34.72519854073089
device_yaw,46.909,35.916815202821844
device_yaw,46.959,37.25145335978167
device_yaw,47.009,38.64437230559186
device_yaw,47.059,40.17072157616081
device_yaw,47.109,41.68722477634045
device_yaw,47.159,43.10706893267349
device_yaw,47.209,44.477427995424854
device_yaw,47.259,45.949193625137774
device_yaw,47.309,47.50211281633485
device_yaw,47.359,49.04510113974845
device_yaw,47.409,50.264321597142185
device_yaw,47.459,51.16468378979849
device_yaw,47.509,51.9329838995103
device_yaw,47.559,52.5695309663367
device_yaw,47.609,53.12753523018568
device_yaw,47.659,53.60918199739958
device_yaw,47.709,53.976170114524045
device_yaw,47.759,54.201466636106986
device_yaw,47.809,54.31632709216415
device_yaw,47.859,54.36133307566762
device_yaw,47.909,54.318722609218156
device_yaw,47.959,54.267164129595656
device_yaw,48.009,54.29142474002942
device_yaw,48.059,54.30239296688865
device_yaw,48.109,54.327963993929025
device_yaw,48.159,54.33039797395308
device_yaw,48.209,54.26270986546417
device_yaw,48.259,54.44326183674507
device_yaw,48.309,54.81812300644829
device_yaw,48.359,55.38677679999821
device_yaw,48.409,56.23446118083359
device_yaw,48.459,57.33137350832287
device_yaw,48.509,58.55411683542802
device_yaw,48.559,59.86084205004129
device_yaw,48.609,61.25765102656756
device_yaw,48.659,62.712280638477836
device_yaw,48.709,64.12740325080125
device_yaw,48.759,65.65397969264778
device_yaw,48.809,67.02339054471726
device_yaw,48.859,68.20977945090779
device_yaw,48.909,69.18793406853541
device_yaw,48.959,69.87631380686172
device_yaw,49.009,70.4066099631781
device_yaw,49.059,70.81555740985031
device_yaw,49.109,71.06636946781612
device_yaw,49.159,71.16418331907275
device_yaw,49.209,71.10195151188793
device_yaw,49.259,70.92513724238661
device_yaw,49.309,70.61333547265532
device_yaw,49.359,70.18050560143128
device_yaw,49.409,69.74122733244604
device_yaw,49.459,69.32317562092531
device_yaw,49.509,68.88022584912427
device_yaw,49.559,68.36898191212482
device_yaw,49.609,67.83448504827271
device_yaw,49.659,67.23318252803853
device_yaw,49.709,66.63550715206165
device_yaw,49.759,66.02662487920773
device_yaw,49.809,65.4617397748638
device_yaw,49.859,65.07437436524266
device_yaw,49.909,64.94039119747059
device_yaw,49.959,64.99777443052865
device_yaw,50.009,65.37453338577382
device_yaw,50.059,66.21178800029789
device_yaw,50.109,67.43909840781852
device_yaw,50.159,69.18897182450566
device_yaw,50.209,71.4887086068933
device_yaw,50.259,74.43904721592881
device_yaw,50.309,78.13746583105632
device_yaw,50.359,82.52429644399547
device_yaw,50.409,87.30998701133923
device_yaw,50.459,92.32657302109118
device_yaw,50.509,97.69693294673806
device_yaw,50.559,103.10517473800573
device_yaw,50.609,108.37858841031529
device_yaw,50.659,113.41581040463797
device_yaw,50.709,118.1076747239981
device_yaw,50.759,122.5000113631741
device_yaw,50.809,126.38157524234276
device_yaw,50.859,129.60170968609444
device_yaw,50.909,132.1443740478336
device_yaw,50.959,134.19247020796604
device_yaw,51.009,135.86306958302526
device_yaw,51.059,137.0398899786912
device_yaw,51.109,137.88726342877555
device_yaw,51.159,138.45992393770769
device_yaw,51.209,138.86046393990654
device_yaw,51.259,139.11232643398606
device_yaw,51.309,139.23886880874306
device_yaw,51.359,139.27325093253364
device_yaw,51.409,139.36375789980113
device_yaw,51.459,139.49262840638346
device_yaw,51.509,139.5952517353281
device_yaw,51.559,139.5813919386136
device_yaw,51.609,137.391533537597
device_yaw,51.659,135.10668466421635
device_yaw,51.709,132.73346824606708
device_yaw,51.759,130.25830016036727
device_yaw,51.809,127.65516357030916
device_yaw,51.859,124.89228270565009
device_yaw,51.909,121.89608753263836
device_yaw,51.959,118.58512997104413
device_yaw,52.009,115.01347391553077
device_yaw,52.059,111.37135230346435
device_yaw,52.109,107.62679452270801
device_yaw,52.159,105.84206398328338
device_yaw,52.209,104.0494260179859
device_yaw,52.259,102.24308699152503
device_yaw,52.309,100.49322688775564
device_yaw,52.359,98.76936995947439
device_yaw,52.409,97.58981149637549
device_yaw,52.459,96.90267892225364
device_yaw,52.509,96.48350482577162
device_yaw,52.559,96.28222301832598
device_yaw,52.609,96.09880707244396
device_yaw,52.659,96.06245737633999
device_yaw,52.709,96.20241478642915
device_yaw,52.759,96.39301315384996
device_yaw,52.809,96.60545292127034
device_yaw,52.859,96.82018071810099
device_yaw,52.909,97.17444425210469
device_yaw,52.959,97.22353173803593
device_yaw,53.009,97.0896787169278
device_yaw,53.059,96.9038163587557
device_yaw,53.109,96.69071194541189
device_yaw,53.159,96.48364909821579
device_yaw,53.209,96.26664825774276
gyro_norm,0.009,0.5288146650718784
gyro_norm,0.031,0.6815355670919067
gyro_norm,0.052,0.6640456629116385
gyro_norm,0.076,0.45156072031257966
gyro_norm,0.103,0.1852135825959978
gyro_norm,0.124,0.18892388431182466
gyro_norm,0.144,0.2340701889003926
gyro_norm,0.166,0.20941989919025028
gyro_norm,0.186,0.13067099563219203
gyro_norm,0.206,0.09712233960032218
gyro_norm,0.227,0.07294672526518332
gyro_norm,0.248,0.07607458721610476
gyro_norm,0.268,0.07925146432198926
gyro_norm,0.289,0.1855733686247409
gyro_norm,0.311,0.22276336297179125
gyro_norm,0.33,0.1063801753991482
gyro_norm,0.352,0.04578099432782943
gyro_norm,0.373,0.1386708462271113
gyro_norm,0.393,0.15193143037054327
gyro_norm,0.414,0.14815210201527304
gyro_norm,0.435,0.1385603909660391
gyro_norm,0.455,0.14039204707534278
gyro_norm,0.476,0.20024774041832216
gyro_norm,0.498,0.2467026005571056
gyro_norm,0.52,0.2740238401493684
gyro_norm,0.555,0.19343433189454887
gyro_norm,0.578,0.1533396016702274
gyro_norm,0.599,0.14855652288044688
gyro_norm,0.621,0.1260917985918216
gyro_norm,0.644,0.09731952405066017
gyro_norm,0.665,0.06537680050837676
gyro_norm,0.687,0.08842913977110539
gyro_norm,0.709,0.10909624361253592
gyro_norm,0.731,0.1279482857373519
gyro_norm,0.753,0.08511006642216684
gyro_norm,0.775,0.11168075853058415
gyro_norm,0.796,0.1617797978244762
gyro_norm,0.818,0.11403268512961814
gyro_norm,0.84,0.06420131271289992
gyro_norm,0.862,0.04949348055439064
gyro_norm,0.884,0.13182354148668732
gyro_norm,0.906,0.11014818794613027
gyro_norm,0.928,0.0849877634787506
gyro_norm,0.949,0.09872378459098002
gyro_norm,0.972,0.12532492178190777
gyro_norm,0.994,0.14262761458912177
gyro_norm,1.016,0.16120191714297455
gyro_norm,1.037,0.13436474062486706
gyro_norm,1.059,0.12085110797742254
gyro_norm,1.081,0.13634897428203052
gyro_norm,1.104,0.10138400096822967
gyro_norm,1.125,0.13686310813047517
gyro_norm,1.146,0.25109705051879605
gyro_norm,1.169,0.3006320983634565
gyro_norm,1.19,0.21157124181038206
gyro_norm,1.212,0.2606973740401021
gyro_norm,1.234,0.25702349812144787
gyro_norm,1.256,0.3339495348432306
gyro_norm,1.278,0.24885715830339536
gyro_norm,1.3,0.3114964487346629
gyro_norm,1.323,0.4189566705800951
gyro_norm,1.344,0.24654969374808222
gyro_norm,1.365,0.26943767108060857
gyro_norm,1.387,0.7681084448644395
gyro_norm,1.409,0.770453054304658
gyro_norm,1.431,0.1959758282312161
gyro_norm,1.453,0.3377378237419924
gyro_norm,1.475,0.3633782230152402
gyro_norm,1.499,0.19125123305008362
gyro_norm,1.519,0.2394364948493107
gyro_norm,1.541,0.16876141020135121
gyro_norm,1.562,0.26745909237722176
gyro_norm,1.584,0.17165144047886757
gyro_norm,1.608,0.12812323683277815
gyro_norm,1.628,0.16311927230839435
gyro_norm,1.65,0.11410680017230135
gyro_norm,1.674,0.09844937019720544
gyro_norm,1.694,0.09404565480488185
gyro_norm,1.716,0.11683867052667042
gyro_norm,1.741,0.14375113211250626
gyro_norm,1.759,0.13096773706828224
gyro_norm,1.782,0.11708004590932168
gyro_norm,1.806,0.1200909701976053
gyro_norm,1.825,0.12120644970171883
gyro_norm,1.847,0.1141796431746219
gyro_norm,1.868,0.1132563292846556
gyro_norm,1.89,0.10122180880797313
gyro_norm,1.912,0.09680159076145121
gyro_norm,1.934,0.07779642472612061
gyro_norm,1.956,0.10113502249318106
gyro_norm,1.978,0.13185652744947549
gyro_norm,2.0,0.15942846266264527
gyro_norm,2.022,0.0783518880526385
gyro_norm,2.044,0.06904630213888738
gyro_norm,2.065,0.14215941870463242
gyro_norm,2.091,0.28885047883285214
gyro_norm,2.109,0.21370410028888934
gyro_norm,2.132,0.07007160985218043
gyro_norm,2.153,0.08838692955026776
gyro_norm,2.175,0.02188535509612929
gyro_norm,2.197,0.0463669108457431
gyro_norm,2.219,0.03697214644473764
gyro_norm,2.241,0.03251241364288102
gyro_norm,2.263,0.036264871480027695
gyro_norm,2.29,0.06824927607429081
gyro_norm,2.308,0.05303123362764733
gyro_norm,2.328,0.040480453189579185
gyro_norm,2.351,0.051151717358015235
gyro_norm,2.372,0.03652631708771572
gyro_norm,2.394,0.008526160186716448
gyro_norm,2.417,0.016556857677459007
gyro_norm,2.441,0.021169792343688973
gyro_norm,2.46,0.04204856703449823
gyro_norm,2.482,0.024764992744441376
gyro_norm,2.505,0.015364493632703856
gyro_norm,2.525,0.012097398035843726
gyro_norm,2.547,0.023191250181789917
gyro_norm,2.569,0.028000421000535385
gyro_norm,2.591,0.03831259401374371
gyro_norm,2.618,0.019976072486409674
gyro_norm,2.634,0.023455238998557972
gyro_norm,2.656,0.042758896181414756
gyro_norm,2.682,0.058971791163098225
gyro_norm,2.7,0.09925248847268524
gyro_norm,2.724,0.1169213766363156
gyro_norm,2.744,0.12854204264645758
gyro_norm,2.766,0.1447653631883073
gyro_norm,2.789,0.0715302181233506
gyro_norm,2.81,0.12379868341562221
gyro_norm,2.831,0.15609103582438175
gyro_norm,2.857,0.12906696502173137
gyro_norm,2.875,0.14520483460789735
gyro_norm,2.899,0.22876300581375303
gyro_norm,2.919,0.23529720466634685
gyro_norm,2.942,0.20699135082490938
gyro_norm,2.963,0.2321033949343754
gyro_norm,2.985,0.20145598454260644
gyro_norm,3.006,0.22268555962776337
gyro_norm,3.029,0.15687878720873938
gyro_norm,3.055,0.10212626120210389
gyro_norm,3.075,0.07020478393457294
gyro_norm,3.093,0.11164316392819186
gyro_norm,3.117,0.2028556908430518
gyro_norm,3.14,0.33206080734318466
gyro_norm,3.159,0.42999290465838225
gyro_norm,3.181,0.4127003774957112
gyro_norm,3.204,0.245960281829732
gyro_norm,3.225,0.11379703777558287
gyro_norm,3.248,0.24240659466474776
gyro_norm,3.269,0.25310436771687267
gyro_norm,3.291,0.23258776339907186
gyro_norm,3.313,0.15036342590653526
gyro_norm,3.334,0.24059471100969435
gyro_norm,3.357,0.26379904994376296
gyro_norm,3.379,0.24972372005743887
gyro_norm,3.4,0.2107719222036999
gyro_norm,3.422,0.25571755624943526
gyro_norm,3.444,0.3204472650730975
gyro_norm,3.466,0.27322275728667994
gyro_norm,3.488,0.21334211252329585
gyro_norm,3.509,0.20243164332232555
gyro_norm,3.531,0.2149880585374118
gyro_norm,3.553,0.26087111926785966
gyro_norm,3.575,0.3740431456463843
gyro_norm,3.598,0.5349003110400453
gyro_norm,3.619,0.6659038855238296
gyro_norm,3.641,0.6734446050783282
gyro_norm,3.664,0.5258372365636871
gyro_norm,3.685,0.36667857588275826
gyro_norm,3.706,0.4158947548086723
gyro_norm,3.728,0.4740103579129051
gyro_norm,3.75,0.5410168549434523
gyro_norm,3.772,0.6356371236925203
gyro_norm,3.794,0.6955530275684112
gyro_norm,3.82,0.6980922172474329
gyro_norm,3.837,0.7002837635369582
gyro_norm,3.859,0.7441816496480232
gyro_norm,3.882,0.7824980591310234
gyro_norm,3.904,0.762251222666638
gyro_norm,3.925,0.7484982948870577
gyro_norm,3.947,0.726842287686918
gyro_norm,3.969,0.6832277092868766
gyro_norm,3.991,0.6222899604884866
gyro_norm,4.014,0.657030908072833
gyro_norm,4.035,0.7862264403985578
gyro_norm,4.058,0.8413911484413025
gyro_norm,4.078,0.5906220736496992
gyro_norm,4.103,0.5965259497069153
gyro_norm,4.122,0.8535426526814782
gyro_norm,4.144,0.9081425247675641
gyro_norm,4.171,0.7575791287935016
gyro_norm,4.188,0.5240494697975263
gyro_norm,4.21,0.43484391914751713
gyro_norm,4.231,0.5111024527863298
gyro_norm,4.253,0.544125924451594
gyro_norm,4.278,0.5322834313508927
gyro_norm,4.297,0.5597129272346013
gyro_norm,4.32,0.6308948909044746
gyro_norm,4.341,0.6772784314171449
gyro_norm,4.364,0.7360609153361228
gyro_norm,4.385,0.77326061980557
gyro_norm,4.407,0.7736503442502962
gyro_norm,4.428,0.7666031912029074
gyro_norm,4.45,0.7885803615369483
gyro_norm,4.472,0.8293963156608009
gyro_norm,4.502,0.8589033941579193
gyro_norm,4.517,0.8477477970086684
gyro_norm,4.538,0.8086969650598586
gyro_norm,4.56,0.7691495448370071
gyro_norm,4.581,0.7828220417329866
gyro_norm,4.604,0.8117903208804653
gyro_norm,4.626,0.8429545637471749
gyro_norm,4.647,1.1022462960521295
gyro_norm,4.669,1.2625516458893764
gyro_norm,4.691,1.188344033356546
gyro_norm,4.719,0.9780098298089609
gyro_norm,4.735,0.8352186698910794
gyro_norm,4.761,0.7374851501642223
gyro_norm,4.779,0.5351041578718623
gyro_norm,4.803,0.40113625275798137
gyro_norm,4.822,0.5204607586077592
gyro_norm,4.844,0.7893607959543287
gyro_norm,4.866,1.0772740156556138
gyro_norm,4.888,1.196056351928807
gyro_norm,4.91,1.139328649324633
gyro_norm,4.932,1.0311050707680407
gyro_norm,4.959,0.9934045822865516
gyro_norm,4.975,1.059084129019786
gyro_norm,4.998,1.168440210678285
gyro_norm,5.019,1.2008253584343214
gyro_norm,5.041,1.0790947219403517
gyro_norm,5.064,0.8919697042048983
gyro_norm,5.085,0.7008912802796533
gyro_norm,5.107,0.5850360524721799
gyro_norm,5.129,0.4678997868130365
gyro_norm,5.151,0.22691416891406643
gyro_norm,5.172,0.1658135016458827
gyro_norm,5.194,0.4304920329183477
gyro_norm,5.216,0.3121145454639875
gyro_norm,5.245,0.6296967808049717
gyro_norm,5.26,0.3934943891778014
gyro_norm,5.282,0.8894064270440811
gyro_norm,5.304,0.9995026922828062
gyro_norm,5.325,0.80219816229081
gyro_norm,5.348,0.8055191167559905
gyro_norm,5.369,0.5047781428486717
gyro_norm,5.392,0.24096897578471363
gyro_norm,5.413,0.31220909057977697
gyro_norm,5.435,0.5519374546710778
gyro_norm,5.464,0.86711125955054
gyro_norm,5.478,1.0486776475685455
gyro_norm,5.501,1.05788153413579
gyro_norm,5.522,1.103469993242718
gyro_norm,5.544,1.3162490795431008
gyro_norm,5.566,1.6441316798489094
gyro_norm,5.588,1.5229376013548521
gyro_norm,5.61,0.9236408676118927
gyro_norm,5.632,0.6016437606675179
gyro_norm,5.66,1.0055723483506942
gyro_norm,5.676,1.3269934201649336
gyro_norm,5.701,1.1325633564672637
gyro_norm,5.719,0.7600266467378254
gyro_norm,5.741,0.6259105186610628
gyro_norm,5.764,0.7029822114785522
gyro_norm,5.785,0.37927896260844257
gyro_norm,5.807,0.6428122285487239
gyro_norm,5.831,0.7233510629747781
gyro_norm,5.853,0.8106772958947335
gyro_norm,5.872,0.8270048185819131
gyro_norm,5.895,0.7485707690346074
gyro_norm,5.921,0.6796108255049416
gyro_norm,5.938,0.5207347820621147
gyro_norm,5.961,0.30600399526652
gyro_norm,5.981,0.46422073191894997
gyro_norm,6.004,0.8322667692472473
gyro_norm,6.026,1.0401812153661845
gyro_norm,6.047,0.6904714252562786
gyro_norm,6.069,0.563501478034581
gyro_norm,6.094,0.5219850375212056
gyro_norm,6.113,0.34913020052748683
gyro_norm,6.135,0.28713674940044664
gyro_norm,6.157,0.3817924757922877
gyro_norm,6.178,0.4054137131714156
gyro_norm,6.203,0.3851212118684635
gyro_norm,6.223,0.40425063545167533
gyro_norm,6.244,0.4150659197671113
gyro_norm,6.266,0.4387494956593105
gyro_norm,6.29,0.3526100880161077
gyro_norm,6.312,0.8207400403634089
gyro_norm,6.335,1.164270063753215
gyro_norm,6.354,0.3807622734982714
gyro_norm,6.377,0.8708949948608402
gyro_norm,6.397,1.1264129887802534
gyro_norm,6.419,0.2926721579449205
gyro_norm,6.444,0.515504701447118
gyro_norm,6.464,0.5348640439214393
gyro_norm,6.486,0.396532245070089
gyro_norm,6.509,0.2975501780218439
gyro_norm,6.529,0.3263022530750405
gyro_norm,6.551,0.2830438104630011
gyro_norm,6.572,0.23432601845844864
gyro_norm,6.596,0.24332209381448539
gyro_norm,6.616,0.16916605127641024
gyro_norm,6.642,0.09353327307816241
gyro_norm,6.662,0.13963789399355248
gyro_norm,6.685,0.15753125218552064
gyro_norm,6.704,0.1039731507259048
gyro_norm,6.727,0.08533583171656708
gyro_norm,6.747,0.4221133086858298
gyro_norm,6.77,0.5632372293198119
gyro_norm,6.794,0.279801622731628
gyro_norm,6.814,0.18109770969751882
gyro_norm,6.835,0.2294044212260616
gyro_norm,6.858,0.45906687787603334
gyro_norm,6.879,0.7798849240738943
gyro_norm,6.902,0.6492751777396918
gyro_norm,6.924,0.41106959736252946
gyro_norm,6.944,0.21812027720988506
gyro_norm,6.966,0.3049565099763982
gyro_norm,6.988,0.35929775002955155
gyro_norm,7.013,0.3210422058807966
gyro_norm,7.034,0.35160010099840794
gyro_norm,7.054,0.4279146491545684
gyro_norm,7.076,0.5053418093511974
gyro_norm,7.101,0.545407568592781
gyro_norm,7.119,0.48858611532233176
gyro_norm,7.143,0.3346706283773058
gyro_norm,7.164,0.2794849398020609
gyro_norm,7.188,0.36601972026618196
gyro_norm,7.209,0.3783150265215763
gyro_norm,7.229,0.27027099162681034
gyro_norm,7.251,0.3566838646613671
gyro_norm,7.273,0.2524258724053352
gyro_norm,7.295,0.2323842738115045
gyro_norm,7.317,0.25875630801316923
gyro_norm,7.338,0.18171513245397472
gyro_norm,7.364,0.15982404517955895
gyro_norm,7.382,0.8346414770668493
gyro_norm,7.404,1.1528018148508887
gyro_norm,7.426,0.691266192582067
gyro_norm,7.448,0.5895111114146635
gyro_norm,7.469,0.7041719361767202
gyro_norm,7.491,0.5652798885902
gyro_norm,7.516,0.5769754639558886
gyro_norm,7.535,0.6927311800614325
gyro_norm,7.557,0.6829920625405227
gyro_norm,7.579,0.5527267094774431
gyro_norm,7.601,0.6730427557422656
gyro_norm,7.627,0.806422316191782
gyro_norm,7.645,0.7890465576024148
gyro_norm,7.666,0.6963684578230338
gyro_norm,7.689,0.5389416121269699
gyro_norm,7.71,0.480446325314302
gyro_norm,7.732,0.49684625993783693
gyro_norm,7.754,0.47210408343392113
gyro_norm,7.776,0.40839144165684793
gyro_norm,7.798,0.36772420754023744
gyro_norm,7.82,0.3175007950389335
gyro_norm,7.85,0.32842518284642525
gyro_norm,7.864,0.44943390748525663
gyro_norm,7.885,0.48987428944930617
gyro_norm,7.907,0.3196104764152455
gyro_norm,7.929,0.19191030402230552
gyro_norm,7.951,0.3529379899798986
gyro_norm,7.973,0.46892997346444265
gyro_norm,7.995,0.9000905849497222
gyro_norm,8.016,1.0587651860420813
gyro_norm,8.038,0.9203845089387972
gyro_norm,8.06,0.8708720147813952
gyro_norm,8.082,0.7090522082471639
gyro_norm,8.104,0.2402267034048973
gyro_norm,8.126,0.34181014174240065
gyro_norm,8.148,0.6727020910301238
gyro_norm,8.17,0.8590444585046042
gyro_norm,8.191,0.905144159670439
gyro_norm,8.214,0.8776695539758551
gyro_norm,8.235,0.8566754080652628
gyro_norm,8.257,0.8509207426894413
gyro_norm,8.279,0.8652887621860172
gyro_norm,8.301,0.8653113486448113
gyro_norm,8.324,0.8318928270539154
gyro_norm,8.344,0.7774039062768336
gyro_norm,8.367,0.7288510846325219
gyro_norm,8.389,0.5884698749545961
gyro_norm,8.411,0.4889357347537397
gyro_norm,8.432,0.6546845380748619
gyro_norm,8.454,0.8244440976410395
gyro_norm,8.482,0.8591040830676367
gyro_norm,8.498,0.9254098906744591
gyro_norm,8.52,0.9953184866617563
gyro_norm,8.542,0.8963489581271292
gyro_norm,8.564,0.8626054052946631
gyro_norm,8.585,0.7149628264281485
gyro_norm,8.607,1.1822834406690257
gyro_norm,8.629,0.9006514471766403
gyro_norm,8.651,1.1067972538072637
gyro_norm,8.673,1.3300313740649616
gyro_norm,8.697,1.2332811762028686
gyro_norm,8.72,1.2295155804874929
gyro_norm,8.739,1.0472431401589835
gyro_norm,8.76,0.8706633257509717
gyro_norm,8.782,0.9174983886341351
gyro_norm,8.804,0.9943769336438569
gyro_norm,8.826,1.064742561077047
gyro_norm,8.848,0.9382668567806882
gyro_norm,8.87,0.6619049414380564
gyro_norm,8.892,0.5001861004163956
gyro_norm,8.914,0.3813820179059703
gyro_norm,8.936,0.36673814224447715
gyro_norm,8.959,0.42462158135155614
gyro_norm,8.979,0.3459589805577338
gyro_norm,9.001,0.22611761722740648
gyro_norm,9.024,0.1680593002259187
gyro_norm,9.044,0.3304248318395285
gyro_norm,9.066,0.4887208534357421
gyro_norm,9.088,0.5476162831738076
gyro_norm,9.111,0.7946927348415042
gyro_norm,9.132,0.8492358851928803
gyro_norm,9.154,0.6092822216232802
gyro_norm,9.176,0.49619437209606404
gyro_norm,9.198,0.7106606678224829
gyro_norm,9.233,0.8169801933212301
gyro_norm,9.255,0.8730849599397457
gyro_norm,9.274,0.8427326811569271
gyro_norm,9.296,0.673825227181371
gyro_norm,9.317,0.5043246000692025
gyro_norm,9.337,0.5303237327231503
gyro_norm,9.358,0.7008043005291064
gyro_norm,9.38,0.7957887431964593
gyro_norm,9.399,0.8491381739438615
gyro_norm,9.42,0.9180529468475672
gyro_norm,9.442,1.0429816826708458
gyro_norm,9.461,1.035149138841172
gyro_norm,9.484,0.8816674072395214
gyro_norm,9.504,0.7012604160773012
gyro_norm,9.524,0.6020842071627629
gyro_norm,9.545,0.5789150071269333
gyro_norm,9.566,0.4965923291192699
gyro_norm,9.586,0.2786819928513934
gyro_norm,9.607,0.3239810164431034
gyro_norm,9.629,0.7597596411491954
gyro_norm,9.668,0.275073287205751
gyro_norm,9.69,0.3602866310362871
gyro_norm,9.712,0.9436556103539872
gyro_norm,9.734,1.0832004631006626
gyro_norm,9.755,0.598172971418697
gyro_norm,9.777,0.41048211224736453
gyro_norm,9.799,0.7250726521456479
gyro_norm,9.821,1.0903438718707277
gyro_norm,9.844,1.2133745889413499
gyro_norm,9.865,1.1024655900639435
gyro_norm,9.887,1.0429576899112365
gyro_norm,9.909,1.0413933070791668
gyro_norm,9.931,0.9761883724519879
gyro_norm,9.953,0.8537818472113228
gyro_norm,9.975,0.687877510492119
gyro_norm,9.996,0.5600045264625751
gyro_norm,10.018,0.5107475737869205
gyro_norm,10.04,0.3863322043021137
gyro_norm,10.062,0.23773639788145545
gyro_norm,10.084,0.1411406700208445
gyro_norm,10.106,0.2560742331740619
gyro_norm,10.128,0.31466955553207654
gyro_norm,10.149,0.31767939023952707
gyro_norm,10.171,0.633216010616572
gyro_norm,10.193,0.7065884061129378
gyro_norm,10.215,0.7719538376769624
gyro_norm,10.237,1.1430462391178395
gyro_norm,10.259,1.0708605495368502
gyro_norm,10.281,0.6066328796644748
gyro_norm,10.304,0.10453655009194503
gyro_norm,10.325,0.6056647581559086
gyro_norm,10.346,0.5307228939430048
gyro_norm,10.368,0.1784483968799847
gyro_norm,10.39,0.05348861426781103
gyro_norm,10.412,0.17073260142995572
gyro_norm,10.434,0.435002369483589
gyro_norm,10.456,0.6713513412980316
gyro_norm,10.478,0.8877632091662134
gyro_norm,10.5,1.091217022435392
gyro_norm,10.521,1.2674193672477798
gyro_norm,10.544,1.467383361606692
gyro_norm,10.565,1.5258070558612091
gyro_norm,10.587,1.3452898460673643
gyro_norm,10.609,1.0056976923486352
gyro_norm,10.631,0.7743584698005863
gyro_norm,10.653,0.9088400891239388
gyro_norm,10.675,1.0459825935552693
gyro_norm,10.697,0.9951283086856958
gyro_norm,10.721,0.7378214626641113
gyro_norm,10.74,0.596603862329258
gyro_norm,10.762,0.46685982188264963
gyro_norm,10.784,0.9036828059140775
gyro_norm,10.806,0.3739582857227445
gyro_norm,10.828,1.2203500252938406
gyro_norm,10.85,1.332042929074602
gyro_norm,10.871,0.9034131361773031
gyro_norm,10.893,0.7054528106255854
gyro_norm,10.915,0.8477586682866329
gyro_norm,10.937,0.8886865303782332
gyro_norm,10.959,0.8391008909241847
gyro_norm,10.981,0.8889558325398853
gyro_norm,11.004,1.1012249725754222
gyro_norm,11.024,1.2513343081019386
gyro_norm,11.047,1.1468246096465842
gyro_norm,11.068,0.8504630684100867
gyro_norm,11.09,0.6370815049080254
gyro_norm,11.112,0.4399469556373852
gyro_norm,11.134,0.3153694499568261
gyro_norm,11.156,0.26508330228559457
gyro_norm,11.178,0.29207489964188793
gyro_norm,11.2,0.36434977753284276
gyro_norm,11.222,0.36285583234944907
gyro_norm,11.244,0.46219400358681617
gyro_norm,11.265,0.5745398625735824
gyro_norm,11.287,0.5710293052349122
gyro_norm,11.309,0.6728342527672071
gyro_norm,11.332,0.597079228825167
gyro_norm,11.353,0.3768778738805624
gyro_norm,11.375,0.2841209724599799
gyro_norm,11.397,0.4190369772795668
gyro_norm,11.419,0.17457064409008005
gyro_norm,11.441,0.2536649216922659
gyro_norm,11.463,0.219941747218077
gyro_norm,11.484,0.23275431038265093
gyro_norm,11.506,0.24649402401004958
gyro_norm,11.528,0.2786399756043057
gyro_norm,11.55,0.40985956970265036
gyro_norm,11.572,0.5295195449358363
gyro_norm,11.602,0.5818759331674127
gyro_norm,11.616,0.47836799874115343
gyro_norm,11.638,0.3231887881344871
gyro_norm,11.66,0.24884690193681977
gyro_norm,11.681,0.21104742508605526
gyro_norm,11.704,0.17159001262062656
gyro_norm,11.725,0.2105798429292904
gyro_norm,11.747,0.29594759466135806
gyro_norm,11.769,0.24167796078137044
gyro_norm,11.791,0.1267226069585763
gyro_norm,11.813,0.25326759445092395
gyro_norm,11.834,0.45579602067354347
gyro_norm,11.857,0.6705253194608618
gyro_norm,11.878,0.4897801222445855
gyro_norm,11.902,0.45599137821590313
gyro_norm,11.922,0.854636820453046
gyro_norm,11.945,0.7269751227668013
gyro_norm,11.966,0.8216404965193009
gyro_norm,11.987,0.48967703906430815
gyro_norm,12.011,0.43532382031864625
gyro_norm,12.031,0.71875256890868
gyro_norm,12.058,0.9369664934278888
gyro_norm,12.075,0.8938594024602315
gyro_norm,12.097,0.7207716160841833
gyro_norm,12.119,0.6554429848710356
gyro_norm,12.141,0.6370929307705079
gyro_norm,12.164,0.630307468901624
gyro_norm,12.184,0.6504441701825739
gyro_norm,12.207,0.66613092903954
gyro_norm,12.228,0.6653386350950734
gyro_norm,12.25,0.6065021983377245
gyro_norm,12.272,0.5540737458718586
gyro_norm,12.294,0.41196819428657233
gyro_norm,12.318,0.244525574989088
gyro_norm,12.337,0.29689768743367334
gyro_norm,12.36,0.37893799215208046
gyro_norm,12.382,0.470356417581188
gyro_norm,12.405,0.4766300039987354
gyro_norm,12.425,0.5905463544921138
gyro_norm,12.447,0.9405899651881431
gyro_norm,12.469,1.1646626675460305
gyro_norm,12.491,0.9334315176148636
gyro_norm,12.513,0.4601132643504085
gyro_norm,12.535,0.14292832284164736
gyro_norm,12.556,0.1066904838410407
gyro_norm,12.578,0.4589786485084172
gyro_norm,12.6,0.7491083305253136
gyro_norm,12.622,0.8422543305435817
gyro_norm,12.651,0.8168008917568536
gyro_norm,12.666,0.7133521402644725
gyro_norm,12.688,0.6618678458880048
gyro_norm,12.709,0.6731512773292186
gyro_norm,12.731,0.7269006724254456
gyro_norm,12.759,0.8121768842553259
gyro_norm,12.776,0.8679159388048473
gyro_norm,12.797,0.8118087570354761
gyro_norm,12.819,0.6177944577467483
gyro_norm,12.841,0.4596072948391631
gyro_norm,12.864,0.5604715559410077
gyro_norm,12.885,0.7633087265400036
gyro_norm,12.906,0.9489268980602708
gyro_norm,12.929,1.0014908330230736
gyro_norm,12.95,0.9386851391315725
gyro_norm,12.972,1.0864496718085828
gyro_norm,13.001,1.6669335266791199
gyro_norm,13.015,1.5735549539901708
gyro_norm,13.038,0.38652615061882034
gyro_norm,13.06,0.7886503113492148
gyro_norm,13.082,0.9248495960315768
gyro_norm,13.104,0.6533843247361933
gyro_norm,13.128,0.36488989747413536
gyro_norm,13.147,0.6562754164195584
gyro_norm,13.169,0.9339113300126468
gyro_norm,13.191,0.9650387419120385
gyro_norm,13.217,0.9468605587314676
gyro_norm,13.235,1.0143800350740315
gyro_norm,13.257,1.0179871085040972
gyro_norm,13.281,0.8233828744277127
gyro_norm,13.3,0.6224074837554328
gyro_norm,13.322,0.5688173382062862
gyro_norm,13.344,0.5166295703192542
gyro_norm,13.366,0.5078434683705455
gyro_norm,13.388,0.5166236296516958
gyro_norm,13.41,0.35953377804061387
gyro_norm,13.432,0.2913150064102807
gyro_norm,13.454,0.616493662331834
gyro_norm,13.476,0.7964853107402484
gyro_norm,13.501,0.8192975701091819
gyro_norm,13.519,0.7663634501758352
gyro_norm,13.541,0.9073642523694142
gyro_norm,13.564,1.2921294411111663
gyro_norm,13.584,1.235607223817454
gyro_norm,13.608,0.7749629647821684
gyro_norm,13.628,0.13873633323682202
gyro_norm,13.651,0.5237314565808372
gyro_norm,13.672,0.6787815111184627
gyro_norm,13.7,0.5047641971518968
gyro_norm,13.717,0.5829303772878048
gyro_norm,13.738,1.0873964019228095
gyro_norm,13.768,1.075718168849136
gyro_norm,13.781,0.7074322034382988
gyro_norm,13.804,0.5872536806632412
gyro_norm,13.826,0.8541160029971429
gyro_norm,13.847,0.9390530528073278
gyro_norm,13.869,0.9203800991246726
gyro_norm,13.891,0.995208272409285
gyro_norm,13.914,0.9595197751211293
gyro_norm,13.935,0.6867412783029454
gyro_norm,13.957,0.33821469979522256
gyro_norm,13.979,0.3135599843972989
gyro_norm,14.001,0.7660232142493684
gyro_norm,14.023,1.0528798402107897
gyro_norm,14.044,1.1139305841012639
gyro_norm,14.066,0.9736278652199256
gyro_norm,14.088,0.8282557990545166
gyro_norm,14.11,1.2124580563060914
gyro_norm,14.132,0.6915412773383411
gyro_norm,14.155,0.8187241620052745
gyro_norm,14.176,1.4955900118203551
gyro_norm,14.198,1.2201933875409914
gyro_norm,14.22,0.7854237734902304
gyro_norm,14.242,0.9882157442324544
gyro_norm,14.264,1.3260361611289686
gyro_norm,14.285,1.3253886683700538
gyro_norm,14.307,1.3399133016510476
gyro_norm,14.328,1.4511428111778004
gyro_norm,14.35,1.4100906772907371
gyro_norm,14.373,1.0996266287238683
gyro_norm,14.398,0.8877564759892499
gyro_norm,14.416,0.8549084053778452
gyro_norm,14.438,0.696393257322637
gyro_norm,14.46,0.44510671015058006
gyro_norm,14.483,0.26484749378209305
gyro_norm,14.504,0.21070280126368623
gyro_norm,14.525,0.4545242855942875
gyro_norm,14.547,0.6424235880212704
gyro_norm,14.57,0.5900983872750839
gyro_norm,14.591,0.6388284275512855
gyro_norm,14.614,1.01105801720791
gyro_norm,14.635,1.2429340544242948
gyro_norm,14.657,1.1391361260144819
gyro_norm,14.678,0.8641662278745517
gyro_norm,14.701,0.5733209987355705
gyro_norm,14.725,0.4200101187135667
gyro_norm,14.744,0.3183776175472592
gyro_norm,14.766,0.4827645105862118
gyro_norm,14.788,0.8473924519523623
gyro_norm,14.811,1.060667025615412
gyro_norm,14.832,1.2836823084916458
gyro_norm,14.854,1.4726664356206485
gyro_norm,14.876,1.549503980673417
gyro_norm,14.899,1.4820949957519098
gyro_norm,14.919,1.2465724491748003
gyro_norm,14.941,1.0078128238813044
gyro_norm,14.965,0.9266949626633629
gyro_norm,14.985,0.8775104476887323
gyro_norm,15.007,0.6379248594676767
gyro_norm,15.029,0.30654464155375105
gyro_norm,15.051,0.3968021128566419
gyro_norm,15.073,0.598480016108011
gyro_norm,15.095,0.7383871978575927
gyro_norm,15.116,0.7417507121411914
gyro_norm,15.139,0.6114169972848738
gyro_norm,15.162,0.4325621775911175
gyro_norm,15.182,0.4978370545789596
gyro_norm,15.211,0.6273169679956104
gyro_norm,15.225,0.55968802069167
gyro_norm,15.248,0.5037779760930835
gyro_norm,15.269,0.4651582632545262
gyro_norm,15.292,0.7314261121223598
gyro_norm,15.313,0.622380406853481
gyro_norm,15.34,0.5053106833876205
gyro_norm,15.363,0.2269012165144623
gyro_norm,15.379,0.40975538209467427
gyro_norm,15.401,0.5921764754695665
gyro_norm,15.423,0.45298893262159273
gyro_norm,15.445,0.2632152992493888
gyro_norm,15.466,0.5226341887385425
gyro_norm,15.488,0.47462436254144924
gyro_norm,15.51,0.37966153174128764
gyro_norm,15.532,0.5321610783018789
gyro_norm,15.554,0.749836450898651
gyro_norm,15.582,0.770391350441352
gyro_norm,15.598,0.6372644782270149
gyro_norm,15.623,0.4574220918012273
gyro_norm,15.641,0.351518890309746
gyro_norm,15.664,0.6250825949853712
gyro_norm,15.69,0.8563626714883952
gyro_norm,15.707,0.8417147446295484
gyro_norm,15.729,0.5238673200554057
gyro_norm,15.75,0.2574545509791227
gyro_norm,15.773,0.4300576316950417
gyro_norm,15.795,0.8591462885903887
gyro_norm,15.816,0.6445906420491979
gyro_norm,15.847,0.364961487585992
gyro_norm,15.861,0.5592183938959839
gyro_norm,15.882,0.8398693525985179
gyro_norm,15.904,0.8851285572612368
gyro_norm,15.926,0.45927745543322673
gyro_norm,15.948,0.3030891801875455
gyro_norm,15.97,0.6784469956005522
gyro_norm,15.991,0.7194811037153838
gyro_norm,16.019,0.5140439404630721
gyro_norm,16.035,0.6113304391268803
gyro_norm,16.062,0.5684999801172905
gyro_norm,16.079,0.37094737863506044
gyro_norm,16.101,0.280526861132567
gyro_norm,16.124,0.336528633783139
gyro_norm,16.145,0.2269529063511422
gyro_norm,16.172,0.18402199905243227
gyro_norm,16.189,0.2308306105380799
gyro_norm,16.21,0.29244968250992687
gyro_norm,16.232,0.33243622015771174
gyro_norm,16.254,0.39098242378342796
gyro_norm,16.276,0.47438619418934297
gyro_norm,16.298,0.8087555574661227
gyro_norm,16.319,0.8192708624230094
gyro_norm,16.341,0.7172822389953157
gyro_norm,16.364,0.4076892882912177
gyro_norm,16.385,0.5809822400791402
gyro_norm,16.407,0.3910425219435783
gyro_norm,16.432,0.35301913676366625
gyro_norm,16.451,0.3454946934009368
gyro_norm,16.474,0.5585098367457291
gyro_norm,16.498,0.6595632116917088
gyro_norm,16.517,0.5394093201517567
gyro_norm,16.54,0.3567286438821007
gyro_norm,16.56,0.3050263928093951
gyro_norm,16.582,0.3881148221035301
gyro_norm,16.608,0.42235866685909096
gyro_norm,16.625,0.35829920370864643
gyro_norm,16.648,0.34082702436100704
gyro_norm,16.669,0.28826036273049754
gyro_norm,16.691,0.2558025282263855
gyro_norm,16.716,0.19768514022828715
gyro_norm,16.735,0.23008249176404277
gyro_norm,16.757,0.362155428833531
gyro_norm,16.779,0.5748994696388302
gyro_norm,16.804,0.47605253487786114
gyro_norm,16.826,0.18269982227608111
gyro_norm,16.847,0.21140002967739835
gyro_norm,16.866,0.5170892185235476
gyro_norm,16.891,0.7457986238021121
gyro_norm,16.91,0.6062265555862981
gyro_norm,16.932,0.26203546716054676
gyro_norm,16.954,0.5888312160684773
gyro_norm,16.976,0.5742016134115812
gyro_norm,16.998,0.30329187528503104
gyro_norm,17.02,0.32091315856631447
gyro_norm,17.041,0.15079895515047242
gyro_norm,17.064,0.2351712894730439
gyro_norm,17.085,0.3263945959070039
gyro_norm,17.107,0.421327850090181
gyro_norm,17.129,0.5298916891940809
gyro_norm,17.151,0.5094672153129878
gyro_norm,17.174,0.39712417214849366
gyro_norm,17.195,0.3680199787984117
gyro_norm,17.221,0.3721593711329316
gyro_norm,17.238,0.35717113327503275
gyro_norm,17.26,0.22873058530165005
gyro_norm,17.289,0.08346677321938302
gyro_norm,17.304,0.23193929785426876
gyro_norm,17.326,0.20623008591428482
gyro_norm,17.348,0.1996671838885921
gyro_norm,17.37,0.23854376723053913
gyro_norm,17.391,0.2608745794988025
gyro_norm,17.413,0.2461468567292334
gyro_norm,17.435,0.23693143556792925
gyro_norm,17.457,0.20779191710304545
gyro_norm,17.479,0.2794436755830863
gyro_norm,17.501,0.5939801532315279
gyro_norm,17.526,0.38647310268819396
gyro_norm,17.545,0.74247149472506
gyro_norm,17.566,0.5725136309518855
gyro_norm,17.589,0.46942926487706105
gyro_norm,17.61,0.23311520803337266
gyro_norm,17.632,0.4404080251574135
gyro_norm,17.654,0.5710146776808835
gyro_norm,17.68,0.49990644501746817
gyro_norm,17.697,0.4497271376584609
gyro_norm,17.72,0.4322027300151787
gyro_norm,17.742,0.46700397156023943
gyro_norm,17.764,0.42279503723692996
gyro_norm,17.785,0.3380807547158696
gyro_norm,17.807,0.38502057186717875
gyro_norm,17.829,0.2306453978986758
gyro_norm,17.851,0.27352980435904933
gyro_norm,17.877,0.30169350307144205
gyro_norm,17.895,0.3051676594205476
gyro_norm,17.916,0.448761090491624
gyro_norm,17.938,0.6183754704003683
gyro_norm,17.96,0.7640400184616101
gyro_norm,17.982,0.7600057617911652
gyro_norm,18.004,0.5561109614299344
gyro_norm,18.026,0.8571197320301138
gyro_norm,18.048,0.8262148975672648
gyro_norm,18.069,0.4735304770190285
gyro_norm,18.091,0.30368360977802317
gyro_norm,18.113,0.315271625323882
gyro_norm,18.135,0.2851532374582534
gyro_norm,18.157,0.355973184704794
gyro_norm,18.179,0.6094939731461595
gyro_norm,18.201,0.7099053561177329
gyro_norm,18.224,0.6119935796843965
gyro_norm,18.246,0.563514043941777
gyro_norm,18.266,0.6375306772078314
gyro_norm,18.288,0.6076198101659721
gyro_norm,18.311,0.5832824331327063
gyro_norm,18.346,0.5989183307207195
gyro_norm,18.366,0.545337825796344
gyro_norm,18.386,0.44205736934473744
gyro_norm,18.407,0.3473665417723707
gyro_norm,18.428,0.2297921020330466
gyro_norm,18.448,0.1329927431977312
gyro_norm,18.469,0.260085099165035
gyro_norm,18.491,0.4219157666809851
gyro_norm,18.51,0.5000061729947074
gyro_norm,18.532,0.5608704749037874
gyro_norm,18.553,0.7610636960249713
gyro_norm,18.573,0.7106792172370382
gyro_norm,18.594,0.8169939251948919
gyro_norm,18.615,0.4193195292152442
gyro_norm,18.635,0.6737481606038839
gyro_norm,18.656,0.6365945657055124
gyro_norm,18.678,0.4010802110156198
gyro_norm,18.697,0.24174321894129996
gyro_norm,18.719,0.673778437033184
gyro_norm,18.74,0.8629981762852686
gyro_norm,18.76,0.7300050172438945
gyro_norm,18.793,0.44716882389790674
gyro_norm,18.816,0.33116639665070197
gyro_norm,18.837,0.3250244125750964
gyro_norm,18.86,0.3742976559584029
gyro_norm,18.881,0.3502322998742407
gyro_norm,18.904,0.25244213521259995
gyro_norm,18.927,0.24931525742128874
gyro_norm,18.947,0.3084536382358944
gyro_norm,18.969,0.30731498974185345
gyro_norm,18.99,0.21349183192122598
gyro_norm,19.013,0.1331799029956999
gyro_norm,19.035,0.1696055467168223
gyro_norm,19.057,0.22051806355434583
gyro_norm,19.078,0.3473036953362421
gyro_norm,19.1,0.2960590439568308
gyro_norm,19.122,0.32934316236590994
gyro_norm,19.144,0.6590653255303363
gyro_norm,19.166,0.4986000969617559
gyro_norm,19.188,0.35016440977525487
gyro_norm,19.21,0.42682164765822045
gyro_norm,19.231,0.2981282218676511
gyro_norm,19.253,0.46666599732274566
gyro_norm,19.275,0.5440100658380195
gyro_norm,19.297,0.6529126612505933
gyro_norm,19.319,0.8785936938185461
gyro_norm,19.341,1.072856530877179
gyro_norm,19.364,1.0867334575146512
gyro_norm,19.384,1.0829753667138093
gyro_norm,19.406,1.1651349180788624
gyro_norm,19.428,1.299893834562733
gyro_norm,19.45,1.2995042003638266
gyro_norm,19.472,0.9611313951984928
gyro_norm,19.494,0.5960126230593638
gyro_norm,19.516,0.4226772921977041
gyro_norm,19.538,0.4050823574912203
gyro_norm,19.56,0.586701586020377
gyro_norm,19.581,0.7365972683523584
gyro_norm,19.604,0.9575401153766407
gyro_norm,19.625,1.236801825364546
gyro_norm,19.647,1.0776497320232425
gyro_norm,19.669,0.8402875485269993
gyro_norm,19.691,0.4905930921281523
gyro_norm,19.713,0.9254991415518419
gyro_norm,19.735,0.6080824089775064
gyro_norm,19.757,0.3698742420882241
gyro_norm,19.778,0.5247005769814712
gyro_norm,19.8,0.6417553070360953
gyro_norm,19.822,0.5952475975343886
gyro_norm,19.844,0.43226773683566816
gyro_norm,19.866,0.30205739133865206
gyro_norm,19.888,0.2934487210567061
gyro_norm,19.909,0.38897414144205655
gyro_norm,19.932,0.4829303911813863
gyro_norm,19.954,0.46405409538600706
gyro_norm,19.975,0.35727424013781517
gyro_norm,19.997,0.14944627484302697
gyro_norm,20.019,0.10437936752365448
gyro_norm,20.041,0.22933524295415694
gyro_norm,20.064,0.18178141697878825
gyro_norm,20.085,0.21793971225813275
gyro_norm,20.106,0.2740435445423973
gyro_norm,20.128,0.24582450908686326
gyro_norm,20.15,0.44403067618119824
gyro_norm,20.172,0.5075912613454171
gyro_norm,20.194,0.9095193650409874
gyro_norm,20.216,1.0296622229300072
gyro_norm,20.238,0.7424032256725744
gyro_norm,20.26,0.310028377312294
gyro_norm,20.281,0.6136330746017525
gyro_norm,20.304,0.5857325737851216
gyro_norm,20.325,0.6393093992897736
gyro_norm,20.347,0.7379310150530101
gyro_norm,20.369,0.7057923294761391
gyro_norm,20.391,0.7162098006332293
gyro_norm,20.413,0.874250914541525
gyro_norm,20.435,0.8666682124470806
gyro_norm,20.457,0.7208270068278484
gyro_norm,20.478,0.5955025039803403
gyro_norm,20.5,0.5641877599300008
gyro_norm,20.523,0.5794973548943755
gyro_norm,20.545,0.6488713376999179
gyro_norm,20.566,0.5721846478612392
gyro_norm,20.588,0.31417711716665714
gyro_norm,20.61,0.6007816439393592
gyro_norm,20.632,1.5698000999666968
gyro_norm,20.663,2.1978019177326353
gyro_norm,20.675,1.896453525748634
gyro_norm,20.7,1.1080547600906896
gyro_norm,20.719,1.0767385236902476
gyro_norm,20.742,0.6726886839798657
gyro_norm,20.764,0.7124961843651794
gyro_norm,20.785,0.7667344399681564
gyro_norm,20.81,0.8429130660621337
gyro_norm,20.829,0.7490433751017623
gyro_norm,20.851,0.9830850742852373
gyro_norm,20.873,1.2292665612323652
gyro_norm,20.895,1.037057286362807
gyro_norm,20.916,0.6309928333207415
gyro_norm,20.938,0.6450543694303505
gyro_norm,20.967,0.8751847137403638
gyro_norm,20.982,0.7782587168608059
gyro_norm,21.004,0.6008918117299853
gyro_norm,21.026,0.4651895670143002
gyro_norm,21.048,0.351798320039242
gyro_norm,21.07,0.30745023584531284
gyro_norm,21.091,0.2267691038080598
gyro_norm,21.114,0.22172251346147714
gyro_norm,21.135,0.121353361350209
gyro_norm,21.157,0.38790245103672444
gyro_norm,21.179,0.6508495923634701
gyro_norm,21.201,0.5021826778952484
gyro_norm,21.223,0.320575336901212
gyro_norm,21.244,0.45587995046347385
gyro_norm,21.273,0.3747628289895579
gyro_norm,21.288,0.7771328537780159
gyro_norm,21.31,0.6586932449669848
gyro_norm,21.332,0.5962580075133104
gyro_norm,21.355,0.7926768341574845
gyro_norm,21.376,0.8309494592367777
gyro_norm,21.397,0.7352519760939524
gyro_norm,21.419,0.7425730529497861
gyro_norm,21.448,0.7929150515010356
gyro_norm,21.464,0.9050411200394799
gyro_norm,21.485,1.1367740736986713
gyro_norm,21.507,1.3195494315277707
gyro_norm,21.529,1.2416408468175737
gyro_norm,21.551,1.1596876807941725
gyro_norm,21.582,0.8707825724065034
gyro_norm,21.598,0.6101350920785749
gyro_norm,21.616,0.46472784710377096
gyro_norm,21.638,0.42896208209424175
gyro_norm,21.66,0.5682534171899059
gyro_norm,21.682,0.9192040176640053
gyro_norm,21.704,1.0957230762004202
gyro_norm,21.726,1.0330940008837883
gyro_norm,21.747,0.8436633547570868
gyro_norm,21.77,0.7831563186638092
gyro_norm,21.795,0.8548653236744684
gyro_norm,21.813,0.3556525668738125
gyro_norm,21.835,0.412291141524969
gyro_norm,21.857,0.7120675559068099
gyro_norm,21.879,0.9827824531219446
gyro_norm,21.901,0.5801572592466757
gyro_norm,21.923,0.3493449864110945
gyro_norm,21.944,0.6442034694537611
gyro_norm,21.967,0.8291122602160536
gyro_norm,21.988,0.7912360885357574
gyro_norm,22.01,0.7834621516764461
gyro_norm,22.032,0.710752981317418
gyro_norm,22.057,0.5797540105568408
gyro_norm,22.076,0.48141737300461407
gyro_norm,22.098,0.5337923800175803
gyro_norm,22.119,0.7443839961614556
gyro_norm,22.141,0.8852784055914946
gyro_norm,22.164,0.8166774710110563
gyro_norm,22.185,0.692623398278388
gyro_norm,22.208,0.6237911609030886
gyro_norm,22.229,0.7561298658388867
gyro_norm,22.25,0.864066017618213
gyro_norm,22.272,0.8858701151027478
gyro_norm,22.299,0.5975374522197878
gyro_norm,22.32,0.23946858303809312
gyro_norm,22.338,0.3683738763358751
gyro_norm,22.36,0.2707289467104621
gyro_norm,22.382,0.7279946418606821
gyro_norm,22.404,0.8340280421076659
gyro_norm,22.426,0.900963077274618
gyro_norm,22.448,0.9929276032193787
gyro_norm,22.469,1.1436042374666473
gyro_norm,22.491,1.0923494066542223
gyro_norm,22.514,0.9552750072522302
gyro_norm,22.537,0.8005327206065693
gyro_norm,22.561,0.7026728260268701
gyro_norm,22.578,0.5715038134859651
gyro_norm,22.6,0.48766735030672137
gyro_norm,22.623,0.4780858175016153
gyro_norm,22.644,0.5340090376582826
gyro_norm,22.666,0.5296191820350415
gyro_norm,22.688,0.6283725426465527
gyro_norm,22.71,0.6592502446973321
gyro_norm,22.732,0.4215937137977003
gyro_norm,22.754,0.21185094084355618
gyro_norm,22.776,0.23159450477087606
gyro_norm,22.798,0.4187530547262582
gyro_norm,22.824,0.5559205725721506
gyro_norm,22.845,0.6888907649464195
gyro_norm,22.866,0.9891410645278256
gyro_norm,22.886,1.409983479544067
gyro_norm,22.907,1.712724559240627
gyro_norm,22.927,1.1286734906459752
gyro_norm,22.948,0.5122677227772906
gyro_norm,22.97,0.6079769846132071
gyro_norm,22.989,0.9300352422203526
gyro_norm,23.011,0.7069345481535354
gyro_norm,23.032,0.4117478615629281
gyro_norm,23.052,0.4328636858264442
gyro_norm,23.073,0.5980303792706085
gyro_norm,23.094,0.9063064143165834
gyro_norm,23.115,1.1344221574984938
gyro_norm,23.135,1.080428733024447
gyro_norm,23.157,0.7137069270932552
gyro_norm,23.177,0.618305925534134
gyro_norm,23.198,0.6571936133603434
gyro_norm,23.219,0.9552711907621093
gyro_norm,23.24,1.1305349621827803
gyro_norm,23.268,0.6687572597186788
gyro_norm,23.29,0.28004189971428384
gyro_norm,23.312,0.2534095462520729
gyro_norm,23.334,0.40709245278552236
gyro_norm,23.356,0.49556886835565134
gyro_norm,23.377,0.47742283603565516
gyro_norm,23.399,0.35405083904407064
gyro_norm,23.421,0.3094976008053617
gyro_norm,23.444,0.43729122559506667
gyro_norm,23.465,0.3836216546114305
gyro_norm,23.487,0.3277488369730761
gyro_norm,23.508,0.4927567341189993
gyro_norm,23.531,0.5750872165543297
gyro_norm,23.552,0.4612829460695163
gyro_norm,23.574,0.3938718786084781
gyro_norm,23.596,0.3952327695689902
gyro_norm,23.618,0.20656049886482633
gyro_norm,23.64,0.38115325940484895
gyro_norm,23.662,0.562247637766877
gyro_norm,23.684,0.5007396701059049
gyro_norm,23.705,0.3110215265123085
gyro_norm,23.728,0.3187102440749769
gyro_norm,23.749,0.41483904855874415
gyro_norm,23.771,0.39948163206622644
gyro_norm,23.793,0.395867850536256
gyro_norm,23.815,0.2987617640706413
gyro_norm,23.837,0.17842500550696905
gyro_norm,23.859,0.42698732421811153
gyro_norm,23.881,0.5399717172914786
gyro_norm,23.903,0.5935685013969781
gyro_norm,23.925,0.6158552123107933
gyro_norm,23.946,0.5633543580190816
gyro_norm,23.968,0.5357397135607546
gyro_norm,23.99,0.5424336003995641
gyro_norm,24.012,0.6777008026068344
gyro_norm,24.033,0.8071501249589613
gyro_norm,24.055,1.1539503639966442
gyro_norm,24.078,1.49406494310706
gyro_norm,24.099,1.4043578279169993
gyro_norm,24.121,1.3805429278463932
gyro_norm,24.144,1.1302868634931718
gyro_norm,24.165,0.7858996013873779
gyro_norm,24.187,0.8471921371351367
gyro_norm,24.209,1.0251905644998094
gyro_norm,24.23,0.996585321228303
gyro_norm,24.255,0.7904808838468661
gyro_norm,24.275,0.5941869240203119
gyro_norm,24.296,0.548439410459525
gyro_norm,24.318,0.7396501890903935
gyro_norm,24.34,0.9413876947876478
gyro_norm,24.362,0.9968052996764761
gyro_norm,24.384,0.8817288181517142
gyro_norm,24.406,0.7953561773527557
gyro_norm,24.427,0.8383573371594802
gyro_norm,24.45,0.9512964923837061
gyro_norm,24.471,1.0167684986375392
gyro_norm,24.494,0.86919160306698
gyro_norm,24.515,0.5569427174119239
gyro_norm,24.537,0.41273810741339084
gyro_norm,24.559,0.45801403684754693
gyro_norm,24.581,0.493832584099843
gyro_norm,24.604,0.5923022591363547
gyro_norm,24.624,0.44463335778047736
gyro_norm,24.646,0.13997828137882698
gyro_norm,24.668,0.6295613239055071
gyro_norm,24.69,0.8985260732149288
gyro_norm,24.712,0.6467367968858182
gyro_norm,24.733,0.2731727669251517
gyro_norm,24.755,0.28233594384324195
gyro_norm,24.777,0.40512642053115167
gyro_norm,24.799,0.4867375866160393
gyro_norm,24.821,0.5167438154501929
gyro_norm,24.844,0.4415174314212738
gyro_norm,24.879,0.24744367995352823
gyro_norm,24.9,0.5403013863446076
gyro_norm,24.92,0.5085876791660019
gyro_norm,24.941,0.45232135800779916
gyro_norm,24.963,0.3866774337843208
gyro_norm,24.982,0.37086202547243424
gyro_norm,25.004,0.2188555173715917
gyro_norm,25.024,0.15442529729976634
gyro_norm,25.045,0.1974404269406643
gyro_norm,25.066,0.2936208268556517
gyro_norm,25.087,0.35999819242462444
gyro_norm,25.107,0.3463355764265798
gyro_norm,25.128,0.29710541075521923
gyro_norm,25.149,0.2647516591862552
gyro_norm,25.169,0.2969498072222073
gyro_norm,25.191,0.37957732445010545
gyro_norm,25.212,0.47843919410378366
gyro_norm,25.231,0.5436837684633747
gyro_norm,25.253,0.5675260113627508
gyro_norm,25.274,0.636054779466173
gyro_norm,25.294,0.7349559230893657
gyro_norm,25.335,0.8528839623109011
gyro_norm,25.357,0.8626532389921571
gyro_norm,25.379,0.8923918346532649
gyro_norm,25.401,0.9339531266133945
gyro_norm,25.424,0.9886870524515076
gyro_norm,25.444,1.0371769175754202
gyro_norm,25.466,1.0557213508175527
gyro_norm,25.488,1.0054954249383434
gyro_norm,25.51,0.9783773700643137
gyro_norm,25.532,1.052162286567427
gyro_norm,25.554,1.0535246304491663
gyro_norm,25.576,0.9634298652937359
gyro_norm,25.598,1.1585460453342968
gyro_norm,25.62,1.40247762305536
gyro_norm,25.641,1.3716063540751233
gyro_norm,25.664,1.0460699908364905
gyro_norm,25.686,0.8911923819085745
gyro_norm,25.707,0.861603524658046
gyro_norm,25.729,0.9443348563061079
gyro_norm,25.751,0.919328220419836
gyro_norm,25.773,0.7051746516210545
gyro_norm,25.795,0.5037363068264492
gyro_norm,25.817,0.47481222476132445
gyro_norm,25.839,0.5207748194706363
gyro_norm,25.86,0.536948621862134
gyro_norm,25.883,0.5516794311654577
gyro_norm,25.904,0.5001240243751324
gyro_norm,25.926,0.47421656417979213
gyro_norm,25.948,0.5033394854559787
gyro_norm,25.97,0.4979423601225769
gyro_norm,25.991,0.5179066472084052
gyro_norm,26.014,0.5653669923558701
gyro_norm,26.035,0.6766847598605948
gyro_norm,26.057,0.8065636133627461
gyro_norm,26.079,0.8536912920890269
gyro_norm,26.101,0.7366803859078648
gyro_norm,26.124,0.6312964265239116
gyro_norm,26.145,0.6578257480783856
gyro_norm,26.167,0.8642806021360279
gyro_norm,26.188,1.01998445697931
gyro_norm,26.211,0.8322050299871542
gyro_norm,26.234,0.5781159956853773
gyro_norm,26.254,0.25973828249858
gyro_norm,26.276,0.49760583445709605
gyro_norm,26.298,0.4547172105920832
gyro_norm,26.32,0.1413008659551449
gyro_norm,26.342,0.3082106743605865
gyro_norm,26.364,0.5401706704674475
gyro_norm,26.385,0.6063994922349719
gyro_norm,26.408,0.5873148322218019
gyro_norm,26.429,0.495728959802501
gyro_norm,26.451,0.36496183358975787
gyro_norm,26.473,0.2991118113006869
gyro_norm,26.495,0.3088819141547939
gyro_norm,26.517,0.34047870951857073
gyro_norm,26.539,0.33336494073333206
gyro_norm,26.561,0.29881799827961136
gyro_norm,26.583,0.1662986793262704
gyro_norm,26.604,0.021941761738229208
gyro_norm,26.626,0.10417460854165361
gyro_norm,26.648,0.15695339300001038
gyro_norm,26.67,0.17066060744242856
gyro_norm,26.693,0.18260220829745885
gyro_norm,26.714,0.1898165325122971
gyro_norm,26.736,0.2637506068651248
gyro_norm,26.76,0.3778052154416062
gyro_norm,26.779,0.3852093633435331
gyro_norm,26.801,0.3801204774844434
gyro_norm,26.827,0.41948073216407983
gyro_norm,26.845,0.6161691548124727
gyro_norm,26.868,0.7335549801910617
gyro_norm,26.889,0.5439755259908258
gyro_norm,26.911,0.2347894074986034
gyro_norm,26.933,0.11801800257700308
gyro_norm,26.954,0.17429368026311634
gyro_norm,26.977,0.3257843135011355
gyro_norm,27.0,0.3365564570175427
gyro_norm,27.02,0.22453030855306755
gyro_norm,27.044,0.1262601873010179
gyro_norm,27.064,0.12846454637247595
gyro_norm,27.086,0.1342859132580868
gyro_norm,27.11,0.12457083590167156
gyro_norm,27.13,0.12209122713764121
gyro_norm,27.152,0.06331849838044412
gyro_norm,27.177,0.16216856845044572
gyro_norm,27.195,0.21034858093281475
gyro_norm,27.218,0.2298505152773956
gyro_norm,27.239,0.1990119456458982
gyro_norm,27.261,0.18335365381055596
gyro_norm,27.285,0.20867370299798516
gyro_norm,27.304,0.18720850230087174
gyro_norm,27.327,0.24368668042446184
gyro_norm,27.351,0.33133895072049063
gyro_norm,27.37,0.2766997474075907
gyro_norm,27.392,0.38783709695044594
gyro_norm,27.417,0.39757012175677703
gyro_norm,27.436,0.3129976084137261
gyro_norm,27.461,0.2895560782364672
gyro_norm,27.479,0.3610781242672454
gyro_norm,27.501,0.3041665828349355
gyro_norm,27.526,0.2362628153925581
gyro_norm,27.545,0.3137488985992865
gyro_norm,27.568,0.3078759966704062
gyro_norm,27.589,0.28228108844277766
gyro_norm,27.611,0.25291613989648815
gyro_norm,27.635,0.14153125605609895
gyro_norm,27.658,0.20946918254774977
gyro_norm,27.676,0.19599682109916688
gyro_norm,27.699,0.13067822325125839
gyro_norm,27.721,0.2700287125268907
gyro_norm,27.743,0.5045766393778335
gyro_norm,27.764,0.35350529045075973
gyro_norm,27.786,0.3469059247122353
gyro_norm,27.808,0.29054041718562157
gyro_norm,27.829,0.24561350851986752
gyro_norm,27.852,0.5150215262581594
gyro_norm,27.876,0.4981301846302597
gyro_norm,27.896,0.2952459516717823
gyro_norm,27.917,0.10054583731778521
gyro_norm,27.939,0.4516038933103765
gyro_norm,27.961,0.4363636147437512
gyro_norm,27.986,0.3042238960485999
gyro_norm,28.005,0.732748871546454
gyro_norm,28.026,0.4170835898573243
gyro_norm,28.049,0.4055453383592041
gyro_norm,28.07,0.2877814213074049
gyro_norm,28.094,0.6565046872722475
gyro_norm,28.116,0.8991086678626239
gyro_norm,28.136,0.7938795548496194
gyro_norm,28.162,0.248469290591209
gyro_norm,28.18,0.4542247137117973
gyro_norm,28.202,0.49778425156084605
gyro_norm,28.226,0.5402184767379828
gyro_norm,28.245,0.62043736968613
gyro_norm,28.268,0.5197639752323584
gyro_norm,28.291,0.3745924102622441
gyro_norm,28.311,0.24848421408278343
gyro_norm,28.333,0.19897907218334746
gyro_norm,28.358,0.16617886888611366
gyro_norm,28.377,0.2059587279384303
gyro_norm,28.401,0.09663086007792264
gyro_norm,28.42,0.05944133279179395
gyro_norm,28.442,0.2749368285733372
gyro_norm,28.467,0.2621448164675559
gyro_norm,28.486,0.2317188358133091
gyro_norm,28.508,0.4596998999678104
gyro_norm,28.533,0.490813142056159
gyro_norm,28.552,0.07098428933223142
gyro_norm,28.575,0.4025101108605965
gyro_norm,28.596,0.5148583602723291
gyro_norm,28.617,0.3296578558098675
gyro_norm,28.644,0.1629083884293987
gyro_norm,28.661,0.3674640693548915
gyro_norm,28.684,0.4187498324531171
gyro_norm,28.705,0.16981368305705916
gyro_norm,28.728,0.17901744648849197
gyro_norm,28.75,0.1945830293920251
gyro_norm,28.771,0.1376022023844527
gyro_norm,28.792,0.3743892983081609
gyro_norm,28.815,0.406783330534553
gyro_norm,28.836,0.4311945537792434
gyro_norm,28.858,0.2228512845187167
gyro_norm,28.882,0.46688778693105476
gyro_norm,28.902,0.44022192019561496
gyro_norm,28.925,0.5706681271227518
gyro_norm,28.945,0.8985069691478473
gyro_norm,28.968,0.4692960235018172
gyro_norm,28.991,0.3378107830896621
gyro_norm,29.011,0.21401424027837396
gyro_norm,29.034,0.3246359837736951
gyro_norm,29.055,0.19853557840112102
gyro_norm,29.077,0.03938686669746699
gyro_norm,29.1,0.15573061880649774
gyro_norm,29.121,0.12349878812324573
gyro_norm,29.142,0.1684747596522773
gyro_norm,29.166,0.06892239245292382
gyro_norm,29.186,0.1729159475626587
gyro_norm,29.208,0.37697476586371625
gyro_norm,29.233,0.3214170498977463
gyro_norm,29.252,0.2510305393788212
gyro_norm,29.274,0.22714772451160017
gyro_norm,29.298,0.262455567032996
gyro_norm,29.317,0.13504197394387255
gyro_norm,29.339,0.22884056300663702
gyro_norm,29.362,0.38280868723273137
gyro_norm,29.384,0.31809654781899943
gyro_norm,29.405,0.7937912615185065
gyro_norm,29.427,2.06051522720873
gyro_norm,29.449,2.591582750577934
gyro_norm,29.471,1.8650914542683128
gyro_norm,29.496,1.595871340996529
gyro_norm,29.519,1.5501339064032544
gyro_norm,29.537,2.29265940582565
gyro_norm,29.558,3.3075155826340765
gyro_norm,29.58,4.221662198838212
gyro_norm,29.603,2.984853718357806
gyro_norm,29.624,1.0503028985508192
gyro_norm,29.646,0.8771933731849381
gyro_norm,29.667,1.0343951956266653
gyro_norm,29.69,1.7920438238139522
gyro_norm,29.711,2.2292064379669037
gyro_norm,29.738,2.687661732122065
gyro_norm,29.755,2.4308006888653058
gyro_norm,29.777,1.6145378860537147
gyro_norm,29.799,1.08752823647121
gyro_norm,29.821,1.2108714786733723
gyro_norm,29.843,1.0668107983014181
gyro_norm,29.864,0.5873318296756804
gyro_norm,29.887,0.4064937624310357
gyro_norm,29.908,0.5864055334454821
gyro_norm,29.93,0.6631023759674449
gyro_norm,29.952,0.5011156819042062
gyro_norm,29.974,0.46435042147566713
gyro_norm,29.996,0.6149420906386452
gyro_norm,30.023,0.7087408471264591
gyro_norm,30.04,0.6032094749957284
gyro_norm,30.061,0.4946126925735772
gyro_norm,30.087,0.46321642382401573
gyro_norm,30.105,0.5468763731167622
gyro_norm,30.127,0.6535989492727139
gyro_norm,30.149,0.5939624620203197
gyro_norm,30.171,0.6555637461844279
gyro_norm,30.193,0.7055052320481512
gyro_norm,30.215,0.6311435183281069
gyro_norm,30.236,0.44502082430161266
gyro_norm,30.259,0.3855014721607839
gyro_norm,30.28,0.38423587937580683
gyro_norm,30.302,0.35681603822626107
gyro_norm,30.325,0.34249449122985176
gyro_norm,30.346,0.3763402331949808
gyro_norm,30.368,0.4070547025159449
gyro_norm,30.39,0.3408268548094633
gyro_norm,30.412,0.2804305438650761
gyro_norm,30.433,0.21170293636894194
gyro_norm,30.456,0.14167264523443174
gyro_norm,30.477,0.07826597154029145
gyro_norm,30.499,0.09091566122900822
gyro_norm,30.521,0.05592770597196943
gyro_norm,30.544,0.046694460476164296
gyro_norm,30.571,0.09660515463629178
gyro_norm,30.586,0.1279120985760209
gyro_norm,30.609,0.09942094136392882
gyro_norm,30.63,0.052682659428288724
gyro_norm,30.652,0.04036621667450643
gyro_norm,30.674,0.06861071527857157
gyro_norm,30.696,0.03693712063838611
gyro_norm,30.718,0.039629189272750595
gyro_norm,30.74,0.017343879889553982
gyro_norm,30.762,0.07148373971359508
gyro_norm,30.784,0.07272450308119222
gyro_norm,30.806,0.004657217880035347
gyro_norm,30.827,0.0524321663161769
gyro_norm,30.85,0.0774620454805591
gyro_norm,30.871,0.08641172884726321
gyro_norm,30.893,0.05723985686370902
gyro_norm,30.917,0.032922650773619555
gyro_norm,30.937,0.038198592268962356
gyro_norm,30.959,0.12113234323380934
gyro_norm,30.98,0.10005008837657198
gyro_norm,31.004,0.04610992269880613
gyro_norm,31.024,0.07583477706287725
gyro_norm,31.046,0.05443406081517906
gyro_norm,31.068,0.03167563605204388
gyro_norm,31.09,0.08678070202257297
gyro_norm,31.112,0.04119913892772413
gyro_norm,31.134,0.024851949980960374
gyro_norm,31.156,0.09474916551207256
gyro_norm,31.178,0.11987015151054432
gyro_norm,31.2,0.1271403349405769
gyro_norm,31.221,0.15560521182860135
gyro_norm,31.244,0.2294491078832564
gyro_norm,31.265,0.26567483175276957
gyro_norm,31.287,0.4964711394021745
gyro_norm,31.309,0.9202425684100949
gyro_norm,31.331,0.831855583230884
gyro_norm,31.353,0.6217013628783792
gyro_norm,31.374,0.7430201001502756
gyro_norm,31.396,1.2419017122820306
gyro_norm,31.418,1.6073330595919284
gyro_norm,31.44,1.2787200120687978
gyro_norm,31.462,0.9533019937832599
gyro_norm,31.487,0.6648564092558074
gyro_norm,31.506,0.6195688302825345
gyro_norm,31.53,0.5242926275170267
gyro_norm,31.549,0.6742220910748542
gyro_norm,31.571,1.3054570056074004
gyro_norm,31.597,1.9600335774163176
gyro_norm,31.616,1.9969555374653474
gyro_norm,31.638,1.4584955908970916
gyro_norm,31.659,0.9422212364085877
gyro_norm,31.682,0.9096234452266474
gyro_norm,31.704,1.0869432811000916
gyro_norm,31.724,1.2374630234959354
gyro_norm,31.746,1.3923647874388367
gyro_norm,31.771,1.5470109694769814
gyro_norm,31.79,1.5040081947377195
gyro_norm,31.812,1.4693106948081918
gyro_norm,31.835,1.3536930253173416
gyro_norm,31.855,1.3054945848419324
gyro_norm,31.877,1.3558733534922427
gyro_norm,31.899,1.4118200241066077
gyro_norm,31.921,1.456616459577129
gyro_norm,31.945,1.4538304622327483
gyro_norm,31.964,1.3745318380999103
gyro_norm,31.987,1.2653607891904457
gyro_norm,32.009,1.1907383034611843
gyro_norm,32.03,1.1336054367377357
gyro_norm,32.053,0.999006939497666
gyro_norm,32.074,0.8594679619768479
gyro_norm,32.097,0.7005802255633998
gyro_norm,32.12,0.6631073388404357
gyro_norm,32.14,0.8720309035380566
gyro_norm,32.164,1.2154056172590395
gyro_norm,32.187,1.3282035066103726
gyro_norm,32.205,1.1550191609909546
gyro_norm,32.227,0.9670282869641862
gyro_norm,32.249,0.9362445847669953
gyro_norm,32.271,0.9817617307000246
gyro_norm,32.297,0.9292060223378084
gyro_norm,32.315,0.7465688920434955
gyro_norm,32.336,0.6617204333900886
gyro_norm,32.361,0.7565002738672919
gyro_norm,32.38,0.9214762169789541
gyro_norm,32.404,1.0037335778562906
gyro_norm,32.424,0.9221291334244204
gyro_norm,32.446,0.7857073232327247
gyro_norm,32.477,0.7381744518290363
gyro_norm,32.489,0.7925933746256467
gyro_norm,32.511,0.8961815926583995
gyro_norm,32.535,0.9716233863933562
gyro_norm,32.557,0.9646564228356799
gyro_norm,32.579,0.9307362378198907
gyro_norm,32.599,0.9007085495254311
gyro_norm,32.621,0.8512982906528749
gyro_norm,32.644,0.8072138491434621
gyro_norm,32.665,0.7465770802385874
gyro_norm,32.686,0.6594311442466648
gyro_norm,32.711,0.5982735340908696
gyro_norm,32.73,0.5913004512433152
gyro_norm,32.757,0.6289863150797589
gyro_norm,32.774,0.6852225125019324
gyro_norm,32.796,0.7161650326532409
gyro_norm,32.818,0.7043732041303913
gyro_norm,32.84,0.6508629414895708
gyro_norm,32.862,0.6035627424254174
gyro_norm,32.884,0.5443732886275806
gyro_norm,32.906,0.5713051188989423
gyro_norm,32.927,0.6213166428016446
gyro_norm,32.958,0.6553715372033607
gyro_norm,32.975,0.6707580918155103
gyro_norm,32.996,0.6407882160106064
gyro_norm,33.015,0.643855180904512
gyro_norm,33.037,0.6349147223706759
gyro_norm,33.059,0.5753783712286666
gyro_norm,33.081,0.5047625312055857
gyro_norm,33.102,0.502469541679153
gyro_norm,33.124,0.5283161420793793
gyro_norm,33.146,0.5209676700144672
gyro_norm,33.169,0.4499713544340882
gyro_norm,33.19,0.3767315373641288
gyro_norm,33.212,0.3481073740502649
gyro_norm,33.236,0.3393982437818593
gyro_norm,33.255,0.3060896216749029
gyro_norm,33.279,0.23243570291578472
gyro_norm,33.302,0.19231929136692683
gyro_norm,33.321,0.19526262585786558
gyro_norm,33.344,0.24640008261844562
gyro_norm,33.367,0.3379996490052858
gyro_norm,33.387,0.3536481346285815
gyro_norm,33.412,0.3779321331272532
gyro_norm,33.43,0.3795023651143779
gyro_norm,33.454,0.36285585198397113
gyro_norm,33.477,0.337957673985246
gyro_norm,33.496,0.3651236039458774
gyro_norm,33.519,0.376320484228089
gyro_norm,33.54,0.372140242717855
gyro_norm,33.564,0.4389413568715851
gyro_norm,33.584,0.37297091262643584
gyro_norm,33.606,0.22513671771258464
gyro_norm,33.627,0.20499064725772076
gyro_norm,33.65,0.2090814226896768
gyro_norm,33.671,0.18582579571748087
gyro_norm,33.693,0.15353484914820878
gyro_norm,33.718,0.30679341942214833
gyro_norm,33.737,0.42668407028367766
gyro_norm,33.762,0.33983279237770814
gyro_norm,33.78,0.2413623814687454
gyro_norm,33.803,0.21146980291772374
gyro_norm,33.825,0.21764780243496348
gyro_norm,33.846,0.37654830978518883
gyro_norm,33.87,0.5090500327452009
gyro_norm,33.894,0.7060231154651143
gyro_norm,33.912,0.9668616291659067
gyro_norm,33.936,1.2134455540073181
gyro_norm,33.955,1.416511824661465
gyro_norm,33.977,1.743878331085939
gyro_norm,34.0,2.014928089019857
gyro_norm,34.021,2.1637571948394347
gyro_norm,34.044,1.9850789501194706
gyro_norm,34.069,1.5906258549025931
gyro_norm,34.091,1.4959445441431591
gyro_norm,34.109,1.6897891813407078
gyro_norm,34.131,1.5787892978008378
gyro_norm,34.154,1.4095096514223757
gyro_norm,34.183,1.2758874927070363
gyro_norm,34.197,0.9251540741702481
gyro_norm,34.218,0.6127060516233609
gyro_norm,34.25,0.8318592987154009
gyro_norm,34.262,1.5146973129636536
gyro_norm,34.284,1.6437391857694017
gyro_norm,34.306,1.8086500310609708
gyro_norm,34.328,1.6487636392708376
gyro_norm,34.349,1.0439580282662144
gyro_norm,34.371,0.6913635774951765
gyro_norm,34.394,0.8411641511680614
gyro_norm,34.416,1.0713762099904847
gyro_norm,34.437,0.8040079708238284
gyro_norm,34.459,0.7287488963190774
gyro_norm,34.481,0.9739203005715531
gyro_norm,34.504,1.0349209371536574
gyro_norm,34.525,1.0546693047041988
gyro_norm,34.547,0.857079863746857
gyro_norm,34.568,0.36066457014847586
gyro_norm,34.59,0.6845078437316324
gyro_norm,34.613,1.1221110500649154
gyro_norm,34.64,1.2132369687888171
gyro_norm,34.656,0.8812484158516523
gyro_norm,34.68,0.2268629284900001
gyro_norm,34.7,0.781018546361856
gyro_norm,34.722,1.38308244158637
gyro_norm,34.744,1.3960147732801789
gyro_norm,34.765,0.8911644411753086
gyro_norm,34.787,0.4154073068423029
gyro_norm,34.809,0.19484598948513077
gyro_norm,34.831,0.11615289371745867
gyro_norm,34.853,0.2543548102319895
gyro_norm,34.875,0.32017900993567927
gyro_norm,34.903,0.34997341704918816
gyro_norm,34.918,0.2960678662405823
gyro_norm,34.94,0.26137348926839354
gyro_norm,34.962,0.17916734734932904
gyro_norm,34.984,0.16080377156622797
gyro_norm,35.006,0.1718135951765392
gyro_norm,35.028,0.15740099452411624
gyro_norm,35.05,0.40112105534525433
gyro_norm,35.072,0.823448868844225
gyro_norm,35.094,0.8168207772297911
gyro_norm,35.115,0.4418050145404665
gyro_norm,35.137,0.597540554546761
gyro_norm,35.159,0.18499763843653852
gyro_norm,35.181,0.6983762594321484
gyro_norm,35.204,0.8570284216206764
gyro_norm,35.225,0.43476803585337565
gyro_norm,35.247,0.16007352759642404
gyro_norm,35.269,0.41864434634087166
gyro_norm,35.29,0.5689580198757213
gyro_norm,35.313,0.5563104651573094
gyro_norm,35.337,0.45349917925927663
gyro_norm,35.357,0.3353698314543252
gyro_norm,35.378,0.26840773925944794
gyro_norm,35.4,0.3266168556451066
gyro_norm,35.421,0.472040809071268
gyro_norm,35.444,0.5916048315035911
gyro_norm,35.466,0.5922446120869399
gyro_norm,35.487,0.488743879827879
gyro_norm,35.509,0.3833254296608991
gyro_norm,35.531,0.3435677573886223
gyro_norm,35.553,0.33230585776747196
gyro_norm,35.582,0.311194147352061
gyro_norm,35.597,0.36790909036634717
gyro_norm,35.619,0.47837687262281703
gyro_norm,35.641,0.459287574267211
gyro_norm,35.662,0.2937457439803864
gyro_norm,35.684,0.17942210277921977
gyro_norm,35.706,0.24217100306494863
gyro_norm,35.729,0.4025316277450297
gyro_norm,35.75,0.4302947805683961
gyro_norm,35.772,0.25535663504513606
gyro_norm,35.794,0.32396677609981267
gyro_norm,35.816,0.4957901035025639
gyro_norm,35.841,0.4051690380878368
gyro_norm,35.859,0.2807568354542422
gyro_norm,35.881,0.2622632517499012
gyro_norm,35.904,0.2812422365324798
gyro_norm,35.926,0.1426965904002037
gyro_norm,35.946,0.37898982062505754
gyro_norm,35.969,0.7736360163842907
gyro_norm,35.99,0.905794626516624
gyro_norm,36.012,1.0246101066798181
gyro_norm,36.035,1.1002613640665446
gyro_norm,36.056,0.7913935719413161
gyro_norm,36.078,0.5895652915352158
gyro_norm,36.1,0.6384283243767735
gyro_norm,36.122,0.6816743743025276
gyro_norm,36.144,0.6080734601511428
gyro_norm,36.165,0.4516190088622971
gyro_norm,36.187,0.2289992442169873
gyro_norm,36.209,0.2727585262764552
gyro_norm,36.232,0.32180059100594177
gyro_norm,36.253,0.2234867883196674
gyro_norm,36.275,0.1111019493744202
gyro_norm,36.297,0.12574933746833777
gyro_norm,36.319,0.20051304529283853
gyro_norm,36.341,0.3107410336875554
gyro_norm,36.363,0.47649308928979633
gyro_norm,36.385,0.6093978759480856
gyro_norm,36.406,0.49985950837469845
gyro_norm,36.428,0.6481568551375861
gyro_norm,36.45,0.9239821775238796
gyro_norm,36.472,0.2941875289595468
gyro_norm,36.493,0.793095898304124
gyro_norm,36.518,0.4429429587002615
gyro_norm,36.538,0.39581273055209654
gyro_norm,36.559,0.3702067358274814
gyro_norm,36.582,0.05087672938636032
gyro_norm,36.604,0.2857934530684839
gyro_norm,36.625,0.2796296503994755
gyro_norm,36.648,0.23595210111329873
gyro_norm,36.669,0.28487964430352725
gyro_norm,36.691,0.342012058488734
gyro_norm,36.713,0.23778308896751046
gyro_norm,36.734,0.15572335621460842
gyro_norm,36.765,0.25830267941681306
gyro_norm,36.778,0.385909120432393
gyro_norm,36.8,0.35872479671945245
gyro_norm,36.822,0.2722243132724116
gyro_norm,36.844,0.24998134388161486
gyro_norm,36.866,0.23197489173181096
gyro_norm,36.888,0.20235587905772592
gyro_norm,36.909,0.23484061317928512
gyro_norm,36.931,0.2605395661194279
gyro_norm,36.955,0.30638011813285965
gyro_norm,36.975,0.31892911848019084
gyro_norm,36.997,0.455444816584822
gyro_norm,37.019,0.8126509671310559
gyro_norm,37.041,0.7973004809451754
gyro_norm,37.064,0.4887174143147897
gyro_norm,37.094,0.6343416476030366
gyro_norm,37.106,0.7553181285749739
gyro_norm,37.129,0.4612800017622677
gyro_norm,37.15,0.03886949639451733
gyro_norm,37.172,0.3420878927896679
gyro_norm,37.194,0.6206486209661256
gyro_norm,37.215,0.8468047043765784
gyro_norm,37.238,0.75411588977379
gyro_norm,37.259,0.5293487512270535
gyro_norm,37.281,0.41219073217069774
gyro_norm,37.304,0.5070394353615029
gyro_norm,37.325,0.6864450027397263
gyro_norm,37.347,0.6652975424761036
gyro_norm,37.369,0.5828375827132675
gyro_norm,37.391,0.5460330336129616
gyro_norm,37.416,0.5796909918411072
gyro_norm,37.434,0.7013763949388961
gyro_norm,37.456,0.8631715971843741
gyro_norm,37.478,0.9439470364647843
gyro_norm,37.5,0.9456554362283931
gyro_norm,37.522,0.9114961448834444
gyro_norm,37.544,0.938686120368744
gyro_norm,37.566,1.0197509258029138
gyro_norm,37.588,1.1829772319608947
gyro_norm,37.61,1.4137755426462895
gyro_norm,37.631,1.5336292138260947
gyro_norm,37.662,1.4806732535732154
gyro_norm,37.678,1.4307979559115438
gyro_norm,37.697,1.4734981337502004
gyro_norm,37.719,1.5557972798971593
gyro_norm,37.741,1.7115957635427936
gyro_norm,37.764,1.8706229556026506
gyro_norm,37.784,2.00741138944665
gyro_norm,37.806,2.0757889746983786
gyro_norm,37.828,2.083776198903072
gyro_norm,37.85,2.1084450127239007
gyro_norm,37.872,2.133396579372035
gyro_norm,37.904,2.141618392101606
gyro_norm,37.919,2.192097889396693
gyro_norm,37.937,2.2324672110774335
gyro_norm,37.959,2.193234437164473
gyro_norm,37.981,2.13356846649334
gyro_norm,38.004,2.1297254891876376
gyro_norm,38.025,2.1186079581127073
gyro_norm,38.047,2.0392411632025347
gyro_norm,38.069,2.015598340347277
gyro_norm,38.091,2.1847503174047684
gyro_norm,38.118,2.437076079403224
gyro_norm,38.135,2.4234242816516365
gyro_norm,38.159,2.1362595346037483
gyro_norm,38.178,1.865751708697754
gyro_norm,38.2,1.8288985635667394
gyro_norm,38.222,2.130837787349257
gyro_norm,38.244,2.4021298382925327
gyro_norm,38.266,2.2509929878064585
gyro_norm,38.288,1.869952452423567
gyro_norm,38.31,1.5735401311677
gyro_norm,38.332,1.6261898122130931
gyro_norm,38.361,1.800381852502347
gyro_norm,38.378,1.967761810397633
gyro_norm,38.398,2.0682000423536406
gyro_norm,38.419,2.0938352291186404
gyro_norm,38.441,2.053795812550369
gyro_norm,38.464,2.013653789142674
gyro_norm,38.484,1.9454640120372892
gyro_norm,38.507,1.8062651096781255
gyro_norm,38.528,1.6615426523100265
gyro_norm,38.551,1.5777021301328633
gyro_norm,38.572,1.4985281864375033
gyro_norm,38.6,1.3824835037038157
gyro_norm,38.617,1.2176309448538578
gyro_norm,38.638,1.0483088780398713
gyro_norm,38.66,0.9075817079017913
gyro_norm,38.681,0.8010702046868385
gyro_norm,38.704,0.7734054883931603
gyro_norm,38.725,0.8137657987022907
gyro_norm,38.747,0.9000784492811917
gyro_norm,38.769,0.9827994387874772
gyro_norm,38.791,1.042650672084038
gyro_norm,38.815,1.0775051481006281
gyro_norm,38.834,1.1317763473240743
gyro_norm,38.856,1.0353074935959437
gyro_norm,38.882,0.9919042539514653
gyro_norm,38.901,1.084531783627746
gyro_norm,38.922,1.1019859655209236
gyro_norm,38.944,1.017314893828276
gyro_norm,38.966,0.9665310202973381
gyro_norm,38.988,1.0171654220662685
gyro_norm,39.01,1.1117242631937996
gyro_norm,39.032,1.1323628022553636
gyro_norm,39.056,1.0478350954827242
gyro_norm,39.075,0.935333316475621
gyro_norm,39.097,0.8494511242603937
gyro_norm,39.119,0.7981987857454794
gyro_norm,39.141,0.7188515639182036
gyro_norm,39.164,0.6327922837119124
gyro_norm,39.185,0.5336627178012323
gyro_norm,39.207,0.4801625067602119
gyro_norm,39.229,0.5557515608404752
gyro_norm,39.251,0.7412810911477351
gyro_norm,39.273,0.8386659232468741
gyro_norm,39.294,0.9000316096811017
gyro_norm,39.316,1.23706208529962
gyro_norm,39.352,1.2045660025479312
gyro_norm,39.36,1.164675999045315
gyro_norm,39.381,1.0962620647284436
gyro_norm,39.404,0.9140382636828858
gyro_norm,39.426,1.1471934315684584
gyro_norm,39.448,1.2101791800247848
gyro_norm,39.469,1.0418410877131368
gyro_norm,39.491,1.159339200408348
gyro_norm,39.519,1.3769257759520928
gyro_norm,39.535,1.2855295658386277
gyro_norm,39.557,1.053867972129289
gyro_norm,39.579,0.8832908926133122
gyro_norm,39.601,0.8797047040108321
gyro_norm,39.622,0.9986438734616426
gyro_norm,39.644,1.0638348885467173
gyro_norm,39.666,1.0416465747893897
gyro_norm,39.688,1.0029754236862407
gyro_norm,39.71,0.918777819740002
gyro_norm,39.732,0.7568876166413778
gyro_norm,39.759,0.5683986352351754
gyro_norm,39.775,0.3946497903908208
gyro_norm,39.797,0.3418810757783291
gyro_norm,39.819,0.510278027124138
gyro_norm,39.851,0.5572790764603756
gyro_norm,39.866,0.5597801830382841
gyro_norm,39.885,0.6081173334650313
gyro_norm,39.907,0.8208811531681643
gyro_norm,39.928,1.0965655795895213
gyro_norm,39.951,1.1726958100413605
gyro_norm,39.973,0.8848911431915141
gyro_norm,39.994,0.2870685396948831
gyro_norm,40.016,0.2960215433194574
gyro_norm,40.04,0.49065412865406893
gyro_norm,40.06,0.4385363407583049
gyro_norm,40.082,0.3971717450397132
gyro_norm,40.104,0.5093299657197864
gyro_norm,40.125,0.6390175764111441
gyro_norm,40.148,0.7321320801735557
gyro_norm,40.17,0.7705871757440315
gyro_norm,40.191,0.6365098101945047
gyro_norm,40.218,0.43553993627745896
gyro_norm,40.235,0.5230334316677152
gyro_norm,40.257,0.7174648093585608
gyro_norm,40.279,0.7680214319731185
gyro_norm,40.3,0.6092316768454309
gyro_norm,40.325,0.48856020860083205
gyro_norm,40.344,0.5572256288938036
gyro_norm,40.367,0.5270984120389518
gyro_norm,40.388,0.3987409421401566
gyro_norm,40.41,0.347501296532086
gyro_norm,40.432,0.30970545836613833
gyro_norm,40.454,0.7923519628161871
gyro_norm,40.476,1.3138976280266537
gyro_norm,40.497,1.4587992898708622
gyro_norm,40.519,0.6046153099542244
gyro_norm,40.541,0.2917191586729868
gyro_norm,40.564,0.22761379106477717
gyro_norm,40.585,0.16163564552734097
gyro_norm,40.607,0.1527005374433252
gyro_norm,40.629,0.24936169957431945
gyro_norm,40.651,0.22112678083212015
gyro_norm,40.672,0.2899780127035346
gyro_norm,40.695,0.4801310134862877
gyro_norm,40.717,0.6250862344755406
gyro_norm,40.739,0.6343294856408478
gyro_norm,40.76,0.5577803805851278
gyro_norm,40.782,0.4121473986502398
gyro_norm,40.809,0.2509021556747023
gyro_norm,40.826,0.19907098663755127
gyro_norm,40.848,0.21597983877928867
gyro_norm,40.87,0.12073545439940177
gyro_norm,40.891,0.2250659998036054
gyro_norm,40.913,0.49305645703704204
gyro_norm,40.935,0.7981841083966734
gyro_norm,40.959,1.1466050061699171
gyro_norm,40.979,1.2729614110424563
gyro_norm,41.0,0.9876951751013698
gyro_norm,41.024,0.5611556813643568
gyro_norm,41.045,0.5278951929561766
gyro_norm,41.067,0.6697899588584398
gyro_norm,41.089,0.6670717030284671
gyro_norm,41.11,0.8306034260092388
gyro_norm,41.132,0.9066406922747313
gyro_norm,41.155,0.8822901755527702
gyro_norm,41.176,0.7747852778029075
gyro_norm,41.198,0.5636241539469521
gyro_norm,41.22,0.400871911990972
gyro_norm,41.242,0.38551087460478606
gyro_norm,41.264,0.33425225238771306
gyro_norm,41.291,0.24581226622468705
gyro_norm,41.307,0.2164062307827836
gyro_norm,41.329,0.23162777392870948
gyro_norm,41.351,0.33813277000803693
gyro_norm,41.373,0.6445970535616365
gyro_norm,41.394,0.9068840389141947
gyro_norm,41.416,0.8927977188571741
gyro_norm,41.438,0.69526793942511
gyro_norm,41.46,0.6628550838560552
gyro_norm,41.482,0.8817220542439299
gyro_norm,41.504,1.0268076481288513
gyro_norm,41.526,1.027794259420047
gyro_norm,41.548,1.028964902205712
gyro_norm,41.57,1.131288984318965
gyro_norm,41.592,1.1350515426067562
gyro_norm,41.613,1.1438846513867755
gyro_norm,41.637,1.2878106229278456
gyro_norm,41.657,1.729698739722689
gyro_norm,41.679,1.580612351763685
gyro_norm,41.701,1.3782081809614553
gyro_norm,41.724,1.3427954403022968
gyro_norm,41.744,1.4722195735199302
gyro_norm,41.766,1.872741793750845
gyro_norm,41.788,2.1602556607852077
gyro_norm,41.81,2.1854213502226147
gyro_norm,41.832,2.059750575718461
gyro_norm,41.857,1.8860189485693801
gyro_norm,41.876,1.636778995332044
gyro_norm,41.898,1.4592287374217479
gyro_norm,41.92,1.3774820101767216
gyro_norm,41.941,1.2862447657418048
gyro_norm,41.964,1.132967115951741
gyro_norm,41.986,0.9924920114072846
gyro_norm,42.007,0.8185430452019842
gyro_norm,42.029,0.6166935388093066
gyro_norm,42.051,0.5691508133934305
gyro_norm,42.081,0.6797497074345178
gyro_norm,42.095,0.7488958185275828
gyro_norm,42.116,0.660083844241065
gyro_norm,42.139,0.8020212723550245
gyro_norm,42.161,1.2281665273878275
gyro_norm,42.182,1.4769816429569085
gyro_norm,42.204,1.428617021759109
gyro_norm,42.226,1.064909461354403
gyro_norm,42.249,0.6697866698624982
gyro_norm,42.27,0.6082724442440715
gyro_norm,42.292,0.6080110636330462
gyro_norm,42.314,0.6192019088432682
gyro_norm,42.336,0.7915050846943027
gyro_norm,42.357,1.0023362563207965
gyro_norm,42.384,1.009733103992533
gyro_norm,42.402,0.8137828081296917
gyro_norm,42.424,0.6236839674297496
gyro_norm,42.445,0.47456803633205424
gyro_norm,42.467,0.44822747037846733
gyro_norm,42.489,0.7474073465337535
gyro_norm,42.51,1.0418390904084214
gyro_norm,42.532,0.9499692285734089
gyro_norm,42.557,0.8394274256454318
gyro_norm,42.58,0.9522103473229645
gyro_norm,42.598,1.131250100321465
gyro_norm,42.62,1.2719512387124685
gyro_norm,42.641,1.3191379483454782
gyro_norm,42.664,1.36469534727789
gyro_norm,42.685,1.5783407800530147
gyro_norm,42.708,1.3326342206782686
gyro_norm,42.731,1.1035662331544487
gyro_norm,42.751,1.4750762734272576
gyro_norm,42.781,1.8236926646015013
gyro_norm,42.796,1.6670760963895936
gyro_norm,42.818,1.5504211446030245
gyro_norm,42.838,1.8213166817359916
gyro_norm,42.86,2.093778311968288
gyro_norm,42.886,2.028697886255586
gyro_norm,42.904,1.7916950861217669
gyro_norm,42.926,1.624288862916152
gyro_norm,42.948,1.501756637371658
gyro_norm,42.97,1.4474383350310585
gyro_norm,42.991,1.7887545295714304
gyro_norm,43.023,2.0006379619980748
gyro_norm,43.035,1.534241197772612
gyro_norm,43.057,0.8011384675271479
gyro_norm,43.079,0.8364802132869001
gyro_norm,43.101,0.9047713051551647
gyro_norm,43.124,0.8548750979808861
gyro_norm,43.145,0.8062552902213533
gyro_norm,43.167,0.5701068179668141
gyro_norm,43.188,0.5412936093660856
gyro_norm,43.21,0.8598393387515308
gyro_norm,43.232,0.5792728939491706
gyro_norm,43.254,0.9403848234186652
gyro_norm,43.276,1.4470243826368088
gyro_norm,43.298,1.0754048462145824
gyro_norm,43.32,0.9595021589374332
gyro_norm,43.341,1.4682645103151757
gyro_norm,43.364,1.6324403481874914
gyro_norm,43.385,1.704798039942464
gyro_norm,43.407,1.8335295839688759
gyro_norm,43.429,1.822564017218747
gyro_norm,43.451,1.5142168214342686
gyro_norm,43.478,1.144789989394139
gyro_norm,43.495,1.0703763248068094
gyro_norm,43.522,1.0086000892515699
gyro_norm,43.538,0.9014295399163917
gyro_norm,43.56,0.7635408094097172
gyro_norm,43.583,0.5955534448080912
gyro_norm,43.604,0.5195258132310389
gyro_norm,43.626,0.7268972058352968
gyro_norm,43.648,0.9034006969892585
gyro_norm,43.67,0.8643086421275135
gyro_norm,43.692,0.7214388398972068
gyro_norm,43.713,0.2697429726908179
gyro_norm,43.736,0.5860115310890249
gyro_norm,43.765,0.8981072166794287
gyro_norm,43.779,1.1039461301812168
gyro_norm,43.801,1.3304949775929458
gyro_norm,43.824,1.298718307010775
gyro_norm,43.845,1.0600668009710645
gyro_norm,43.867,0.7999819733903618
gyro_norm,43.889,0.6998656781769105
gyro_norm,43.911,0.48201093940843376
gyro_norm,43.933,0.1904616381577811
gyro_norm,43.954,0.22612627472099708
gyro_norm,43.976,0.3064916977321622
gyro_norm,44.001,0.3690165919683743
gyro_norm,44.02,0.33324186117003746
gyro_norm,44.042,0.2800224543991512
gyro_norm,44.064,0.22059720095331212
gyro_norm,44.086,0.19650562789063777
gyro_norm,44.107,0.30045803885171307
gyro_norm,44.129,0.31464554548572093
gyro_norm,44.151,0.1951179941163403
gyro_norm,44.173,0.17575192739839995
gyro_norm,44.195,0.2815620388142281
gyro_norm,44.217,0.3482630605222118
gyro_norm,44.239,0.31936566833271995
gyro_norm,44.262,0.26213795873285234
gyro_norm,44.284,0.16103189863528625
gyro_norm,44.304,0.0472586933093438
gyro_norm,44.33,0.10529779068821207
gyro_norm,44.35,0.16127907729481752
gyro_norm,44.37,0.3183344901536637
gyro_norm,44.392,0.2757808312251897
gyro_norm,44.414,0.18235131931516965
gyro_norm,44.436,0.2507148362830132
gyro_norm,44.458,0.4694677824886629
gyro_norm,44.49,0.3287282682100064
gyro_norm,44.501,0.3540044912359341
gyro_norm,44.524,0.315808417168556
gyro_norm,44.546,0.06913912716754701
gyro_norm,44.568,0.11791608862938935
gyro_norm,44.589,0.178208807883307
gyro_norm,44.612,0.3157378048423467
gyro_norm,44.633,0.4274270929561106
gyro_norm,44.654,0.44108582617611153
gyro_norm,44.677,0.44435687451243105
gyro_norm,44.699,0.5837269683621022
gyro_norm,44.721,0.6595570638052
gyro_norm,44.742,0.49366107188371433
gyro_norm,44.764,0.3360128703384319
gyro_norm,44.786,0.3021902825995351
gyro_norm,44.812,0.40281364621179916
gyro_norm,44.829,0.5016698280904339
gyro_norm,44.852,0.7088700417799351
gyro_norm,44.879,0.9073759231193017
gyro_norm,44.895,0.976088152186556
gyro_norm,44.917,1.0009902884611417
gyro_norm,44.939,0.8174158884926718
gyro_norm,44.962,1.2482921419825117
gyro_norm,44.984,1.430212795197311
gyro_norm,45.005,1.3351182807349737
gyro_norm,45.026,1.2634104414139586
gyro_norm,45.049,1.1042877670604676
gyro_norm,45.07,1.07936782628396
gyro_norm,45.092,1.2322901249501879
gyro_norm,45.12,1.3816619062193942
gyro_norm,45.136,1.4006098299154734
gyro_norm,45.158,1.282948011072631
gyro_norm,45.18,1.061539504722051
gyro_norm,45.203,0.8245136329597182
gyro_norm,45.224,0.7063093096824054
gyro_norm,45.245,0.6951574362485855
gyro_norm,45.267,0.6942099241723302
gyro_norm,45.289,0.6615615377260206
gyro_norm,45.311,0.5453071130596578
gyro_norm,45.337,0.41744440796623267
gyro_norm,45.355,0.4016413925838631
gyro_norm,45.378,0.4368696893213331
gyro_norm,45.398,0.4370375035656635
gyro_norm,45.42,0.32800682998105757
gyro_norm,45.443,0.24011964510093944
gyro_norm,45.464,0.30917486650247317
gyro_norm,45.489,0.40578876548170484
gyro_norm,45.507,0.5660124585296257
gyro_norm,45.53,0.811422263762657
gyro_norm,45.552,1.041097090411659
gyro_norm,45.574,0.8884659243121938
gyro_norm,45.595,0.5821589899384169
gyro_norm,45.618,0.6487798502450476
gyro_norm,45.639,0.5080953088907763
gyro_norm,45.661,0.13327364378071452
gyro_norm,45.684,0.39660241220767833
gyro_norm,45.705,0.5240850318103502
gyro_norm,45.727,0.49033538819657035
gyro_norm,45.748,0.3964616400306294
gyro_norm,45.771,0.36738454059627157
gyro_norm,45.792,0.42571014519656786
gyro_norm,45.817,0.462834088623539
gyro_norm,45.836,0.4596344783590081
gyro_norm,45.861,0.47287539732178363
gyro_norm,45.88,0.5516917853142003
gyro_norm,45.902,0.6660670329713455
gyro_norm,45.929,0.8135971958823123
gyro_norm,45.945,0.9341340320796115
gyro_norm,45.967,1.008459037587558
gyro_norm,45.989,0.9738710605283095
gyro_norm,46.011,0.8433070498119716
gyro_norm,46.036,0.8678662050075614
gyro_norm,46.055,1.077042921170604
gyro_norm,46.083,0.9681070205346007
gyro_norm,46.1,0.9196642776433771
gyro_norm,46.12,0.8693461797921878
gyro_norm,46.142,1.1337808589600242
gyro_norm,46.164,1.1975835122136673
gyro_norm,46.186,0.9985064259804004
gyro_norm,46.208,0.7516501173002841
gyro_norm,46.23,0.6425803371344921
gyro_norm,46.252,0.8131615895982641
gyro_norm,46.277,1.0240693335493916
gyro_norm,46.296,1.0303014022194148
gyro_norm,46.318,0.8737982005078834
gyro_norm,46.339,0.676505093595297
gyro_norm,46.361,0.5045397695006245
gyro_norm,46.384,0.371067741322224
gyro_norm,46.405,0.3523345969671995
gyro_norm,46.427,0.378025195790961
gyro_norm,46.449,0.33174416110680566
gyro_norm,46.471,0.2937100856013518
gyro_norm,46.493,0.28068925217386254
gyro_norm,46.515,0.24696139805641001
gyro_norm,46.537,0.2515927835127571
gyro_norm,46.569,0.32201781059369583
gyro_norm,46.58,0.32880439377109116
gyro_norm,46.602,0.2870233764206488
gyro_norm,46.625,0.4755358334388741
gyro_norm,46.652,0.8077027052174119
gyro_norm,46.667,0.8607429611302285
gyro_norm,46.689,0.746968276561522
gyro_norm,46.711,0.5680971927109114
gyro_norm,46.733,0.27439892396468
gyro_norm,46.755,0.3187934730392824
gyro_norm,46.778,0.5913051676374677
gyro_norm,46.799,0.77553986927991
gyro_norm,46.821,0.6374237827334744
gyro_norm,46.843,0.252387439833301
gyro_norm,46.864,0.1688547408402281
gyro_norm,46.887,0.12032262986348702
gyro_norm,46.908,0.2099707696938188
gyro_norm,46.93,0.2606644857931504
gyro_norm,46.952,0.2212710122322792
gyro_norm,46.974,0.35039258770060483
gyro_norm,46.996,0.538187254820077
gyro_norm,47.017,0.8014672613114906
gyro_norm,47.039,0.7846080238822817
gyro_norm,47.062,0.9104523613875877
gyro_norm,47.084,1.1267685836106143
gyro_norm,47.105,1.2719020579402565
gyro_norm,47.127,1.329078321789842
gyro_norm,47.149,1.2680062395655605
gyro_norm,47.173,1.3033053356064845
gyro_norm,47.192,1.4233279619681225
gyro_norm,47.215,1.399293686231421
gyro_norm,47.242,1.4955182709426387
gyro_norm,47.259,1.4381279463796386
gyro_norm,47.28,1.0883472386799782
gyro_norm,47.302,1.5894593146307174
gyro_norm,47.324,1.4925520994308674
gyro_norm,47.346,0.7325463765516651
gyro_norm,47.368,0.44827761465104554
gyro_norm,47.39,0.2959021243259908
gyro_norm,47.411,0.4469640337217976
gyro_norm,47.434,0.5042670370553392
gyro_norm,47.459,0.5343116506969161
gyro_norm,47.477,0.6498868096559168
gyro_norm,47.501,0.6640018904215688
gyro_norm,47.524,0.4960068202713051
gyro_norm,47.542,0.3778428051530332
gyro_norm,47.565,0.3940043767299314
gyro_norm,47.587,0.42149120692488307
gyro_norm,47.608,0.4438278439223601
gyro_norm,47.63,0.43414419283284883
gyro_norm,47.652,0.3409699506658129
gyro_norm,47.683,0.2731327832003134
gyro_norm,47.695,0.2788725158732436
gyro_norm,47.718,0.2504186621951897
gyro_norm,47.742,0.3862050339741346
gyro_norm,47.761,0.3669653601651814
gyro_norm,47.784,0.5255628583786378
gyro_norm,47.805,0.7310658534191894
gyro_norm,47.827,0.6302320541063161
gyro_norm,47.848,0.5974599665013071
gyro_norm,47.871,0.6295290676041573
gyro_norm,47.901,0.4450734237166086
gyro_norm,47.914,0.366489686786423
gyro_norm,47.936,0.3038220694653774
gyro_norm,47.958,0.13230705715320223
gyro_norm,47.98,0.20255015611341504
gyro_norm,48.002,0.38254415594410607
gyro_norm,48.024,0.447932070682394
gyro_norm,48.046,0.47421414316014887
gyro_norm,48.067,0.5229762716818843
gyro_norm,48.09,0.6313433041755832
gyro_norm,48.111,0.7462465676685255
gyro_norm,48.142,0.7664078995030029
gyro_norm,48.155,0.6493291907779782
gyro_norm,48.177,0.4407550265728828
gyro_norm,48.199,0.24318293182564138
gyro_norm,48.221,0.16821437312783877
gyro_norm,48.244,0.15062779622286196
gyro_norm,48.265,0.22011008397725904
gyro_norm,48.286,0.309114708146032
gyro_norm,48.309,0.3624781719541452
gyro_norm,48.33,0.43834457681352695
gyro_norm,48.352,0.5976152088363494
gyro_norm,48.374,0.7735182640724936
gyro_norm,48.4,0.5671808960540156
gyro_norm,48.417,0.8698270888529412
gyro_norm,48.439,1.3306641615785322
gyro_norm,48.461,0.8180612196669123
gyro_norm,48.492,0.8434965664318624
gyro_norm,48.505,0.9536938005428806
gyro_norm,48.527,0.8066328271921956
gyro_norm,48.549,0.7799626889894055
gyro_norm,48.571,0.8012237423976004
gyro_norm,48.596,0.8010854425617504
gyro_norm,48.615,0.8103919345341276
gyro_norm,48.638,0.8679805984489836
gyro_norm,48.658,0.8893430012023148
gyro_norm,48.68,0.8050623586019402
gyro_norm,48.702,0.659653724200391
gyro_norm,48.724,0.509379407485862
gyro_norm,48.746,0.48834324607173935
gyro_norm,48.767,0.5308339627910674
gyro_norm,48.79,0.5550044698565794
gyro_norm,48.812,0.48620140231597114
gyro_norm,48.841,0.4137761345487336
gyro_norm,48.855,0.4388839384316378
gyro_norm,48.882,0.4219042527334991
gyro_norm,48.899,0.3340405814074842
gyro_norm,48.921,0.28417774902829407
gyro_norm,48.944,0.25065757309197145
gyro_norm,48.969,0.2664929574243072
gyro_norm,48.987,0.3371153714344639
gyro_norm,49.008,0.3980402237075964
gyro_norm,49.03,0.4040306292810353
gyro_norm,49.052,0.2541792624399989
gyro_norm,49.074,0.2910010319624272
gyro_norm,49.096,0.45943073746560675
gyro_norm,49.118,0.3921547542701886
gyro_norm,49.14,0.2651454402487444
gyro_norm,49.161,0.30632531408437175
gyro_norm,49.184,0.3350935094976291
gyro_norm,49.205,0.22360455902158546
gyro_norm,49.228,0.4864571003879895
gyro_norm,49.249,0.650285963389347
gyro_norm,49.271,0.5701422190668585
gyro_norm,49.293,0.4534961774534743
gyro_norm,49.314,0.38123878821652674
gyro_norm,49.337,0.22341262610018575
gyro_norm,49.359,0.2464431592772141
gyro_norm,49.38,0.2899881155864953
gyro_norm,49.402,0.22697994315153494
gyro_norm,49.424,0.2371753805662799
gyro_norm,49.448,0.2837078010940051
gyro_norm,49.469,0.35822132931624157
gyro_norm,49.49,0.4450293988149786
gyro_norm,49.512,0.48179599473897755
gyro_norm,49.54,0.46483811440643064
gyro_norm,49.555,0.3737600531229058
gyro_norm,49.577,0.31640028241112955
gyro_norm,49.608,0.38248396426651454
gyro_norm,49.625,0.4487751415479721
gyro_norm,49.644,0.4813929044129051
gyro_norm,49.664,0.1316404728403685
gyro_norm,49.687,0.5446452688530516
gyro_norm,49.709,0.4508473863003102
gyro_norm,49.73,0.19294704915782127
gyro_norm,49.752,0.3413751794646922
gyro_norm,49.774,0.37346977628483696
gyro_norm,49.796,0.2605463329934787
gyro_norm,49.818,0.23145417698299248
gyro_norm,49.84,0.16129201737748194
gyro_norm,49.861,0.29213889689627304
gyro_norm,49.884,0.48124927438621623
gyro_norm,49.905,0.49468069155794436
gyro_norm,49.929,0.46059693079874
gyro_norm,49.951,0.41335833934650495
gyro_norm,49.971,0.3087423353547325
gyro_norm,49.997,0.2774394293580572
gyro_norm,50.015,0.36909941587450784
gyro_norm,50.04,0.2985387171713379
gyro_norm,50.059,0.4632089019506844
gyro_norm,50.082,0.4938059700788519
gyro_norm,50.102,0.4593642771801419
gyro_norm,50.124,0.4985768640486687
gyro_norm,50.146,0.716368203491289
gyro_norm,50.168,0.999019719650044
gyro_norm,50.19,0.8891012333653243
gyro_norm,50.212,0.8548370240474328
gyro_norm,50.237,1.0806916786694576
gyro_norm,50.258,1.5127242612124356
gyro_norm,50.277,1.5319082164090259
gyro_norm,50.299,1.3792910014314093
gyro_norm,50.321,1.344232212441913
gyro_norm,50.344,1.2957376027493916
gyro_norm,50.365,1.4018687822086118
gyro_norm,50.387,1.7631674590804471
gyro_norm,50.409,1.9493803257285949
gyro_norm,50.431,1.959048602954179
gyro_norm,50.452,2.0259489624846316
gyro_norm,50.479,2.1265369325871446
gyro_norm,50.496,2.214011804857637
gyro_norm,50.518,2.290627096076351
gyro_norm,50.54,2.321941981043839
gyro_norm,50.563,2.3348005835478753
gyro_norm,50.584,2.388864366080698
gyro_norm,50.606,2.394206453278842
gyro_norm,50.627,2.3201469963376526
gyro_norm,50.65,2.1023236954923523
gyro_norm,50.671,1.8837260663334814
gyro_norm,50.694,1.7882413984397187
gyro_norm,50.719,1.8963845952886058
gyro_norm,50.737,1.8481266770807145
gyro_norm,50.758,1.5554093582908555
gyro_norm,50.78,1.2663982616487175
gyro_norm,50.803,1.0919777537720934
gyro_norm,50.824,1.0337288666024047
gyro_norm,50.846,0.9918503236464321
gyro_norm,50.869,0.8482939756442299
gyro_norm,50.89,0.5800649611004072
gyro_norm,50.912,0.43877035838993167
gyro_norm,50.935,0.5389817315214123
gyro_norm,50.955,0.6573856553819579
gyro_norm,50.978,0.6158854147805369
gyro_norm,51.0,0.4483458495681213
gyro_norm,51.028,0.5065194395919851
gyro_norm,51.044,0.5198215703852673
gyro_norm,51.065,0.5215635467578226
gyro_norm,51.088,0.5584057627695354
gyro_norm,51.108,0.5259206507204086
gyro_norm,51.131,0.4025450779626354
gyro_norm,51.153,0.41797214732867205
gyro_norm,51.174,0.39762724071620104
gyro_norm,51.196,0.29242522765225937
gyro_norm,51.218,0.32350498727417004
gyro_norm,51.24,0.26860883041050104
gyro_norm,51.262,0.22107408312479437
gyro_norm,51.284,0.31623247452210757
gyro_norm,51.305,0.22048273455336725
gyro_norm,51.327,0.14231068095336835
gyro_norm,51.349,0.07717307008469804
gyro_norm,51.371,0.07841526768373054
gyro_norm,51.393,0.07958623882178893
gyro_norm,51.415,0.28195685548266336
gyro_norm,51.437,0.4215486071645438
gyro_norm,51.459,0.4314512801241325
gyro_norm,51.48,0.34735364704161004
gyro_norm,51.503,0.29328521290984944
gyro_norm,51.524,0.26185251089398703
gyro_norm,51.546,0.3435304148555711
gyro_norm,51.568,0.37234730959927753
gyro_norm,51.59,0.3372504161556332
gyro_norm,51.612,0.4228204248570083
gyro_norm,51.633,0.6639496598919221
gyro_norm,51.655,0.531981471099826
gyro_norm,51.677,0.21993046601162242
gyro_norm,51.699,0.4978329942958939
gyro_norm,51.721,0.42624147976707794
gyro_norm,51.744,0.08174311883389392
gyro_norm,51.765,0.42787568413602634
gyro_norm,51.787,0.4707885812495941
gyro_norm,51.809,0.29039175066997236
gyro_norm,51.831,0.28921499753786045
gyro_norm,51.854,0.30101321959621063
gyro_norm,51.875,0.3706472451055788
gyro_norm,51.896,0.3836606919488005
gyro_norm,51.918,0.3623018635199399
gyro_norm,51.94,0.380725788919895
gyro_norm,51.962,0.49882630020970636
gyro_norm,51.984,0.5983860229708904
gyro_norm,52.006,0.6382591622043178
gyro_norm,52.027,0.6270934072536107
gyro_norm,52.05,0.6258682478742189
gyro_norm,52.071,0.6907360289924152
gyro_norm,52.096,0.7391966765586615
gyro_norm,52.115,0.8195263467508764
gyro_norm,52.137,0.938934770825333
gyro_norm,52.16,0.8929976413234036
gyro_norm,52.181,0.8667239245139639
gyro_norm,52.203,0.9932596276893141
gyro_norm,52.224,1.2239776289815283
gyro_norm,52.246,1.1406160106825822
gyro_norm,52.268,0.672721916014562
gyro_norm,52.29,0.39532074542166656
gyro_norm,52.312,0.6321189994289956
gyro_norm,52.334,0.9076510178318572
gyro_norm,52.356,1.087791058115114
gyro_norm,52.378,0.9045113452327506
gyro_norm,52.402,0.7164490122671872
gyro_norm,52.421,0.607372441555592
gyro_norm,52.444,0.47017943818334174
gyro_norm,52.465,0.5030977208308933
gyro_norm,52.487,0.504246248068165
gyro_norm,52.509,0.45322722793781245
gyro_norm,52.531,0.48488147166634044
gyro_norm,52.553,0.5199392733372936
gyro_norm,52.575,0.46950545045869
gyro_norm,52.596,0.4226523199614294
gyro_norm,52.619,0.4575734702292286
gyro_norm,52.64,0.561363936808421
gyro_norm,52.662,0.6412041409474477
gyro_norm,52.684,0.6566140828273267
gyro_norm,52.706,0.561270644023272
gyro_norm,52.728,0.47477295291568117
gyro_norm,52.749,0.39960777659734176
gyro_norm,52.771,0.30762685669485884
gyro_norm,52.795,0.30727017171165116
gyro_norm,52.815,0.39557541004291785
gyro_norm,52.837,0.4144292536203703
gyro_norm,52.859,0.35546652885906943
gyro_norm,52.881,0.3346131726808887
gyro_norm,52.904,0.38986961667621794
gyro_norm,52.925,0.3858194304289198
gyro_norm,52.946,0.2999917181343515
gyro_norm,52.968,0.2837093663894171
gyro_norm,52.99,0.40953102897301386
gyro_norm,53.012,0.4784422837348192
gyro_norm,53.038,0.4462222879215656
gyro_norm,53.056,0.4061729751994972
gyro_norm,53.078,0.35046517946802364
gyro_norm,53.1,0.3471873727364935
gyro_norm,53.122,0.5237479108454759
gyro_norm,53.144,0.7675440117513576
gyro_norm,53.165,0.8317140694017083
gyro_norm,53.187,0.35625995813576494
gyro_norm,53.209,0.4743908940514691
