sensor,time_s,value
dynamic_accel,0.002,-1.1527104271571158
dynamic_accel,0.052,0.7028190296952861
dynamic_accel,0.102,-0.21370335265135232
dynamic_accel,0.152,0.07846444021562426
dynamic_accel,0.202,0.25141251350486016
dynamic_accel,0.252,-1.1017972469122501
dynamic_accel,0.302,-0.8653076830752191
dynamic_accel,0.352,2.1896046822154283
dynamic_accel,0.402,-0.5253279597250113
dynamic_accel,0.452,-1.6113756871261629
dynamic_accel,0.502,-1.4300783154328744
dynamic_accel,0.552,0.5391327851548393
dynamic_accel,0.602,0.459561167752371
dynamic_accel,0.652,1.3422166562122815
dynamic_accel,0.702,1.899253915296228
dynamic_accel,0.752,0.8534828013347244
dynamic_accel,0.802,4.112859004400367
dynamic_accel,0.852,-0.9893916701579126
dynamic_accel,0.902,-1.0693431084420766
dynamic_accel,0.952,0.10818310968793732
dynamic_accel,1.002,-2.235992504922077
dynamic_accel,1.052,-4.631673070868052
dynamic_accel,1.102,-3.153631329443864
dynamic_accel,1.152,-0.02114291135853641
dynamic_accel,1.202,1.5479535622888445
dynamic_accel,1.252,4.464617681598854
dynamic_accel,1.302,-0.32082339607321053
dynamic_accel,1.352,7.340703207964054
dynamic_accel,1.402,-0.819702332061425
dynamic_accel,1.452,-5.740104095286778
dynamic_accel,1.502,1.4263572915217555
dynamic_accel,1.552,-4.624796417140288
dynamic_accel,1.602,-3.0435393681426914
dynamic_accel,1.652,1.3446676736442278
dynamic_accel,1.702,0.6599409218450116
dynamic_accel,1.752,3.1573786236148838
dynamic_accel,1.802,0.8624452242004104
dynamic_accel,1.852,5.08940411593453
dynamic_accel,1.902,2.859304178347454
dynamic_accel,1.952,-3.546545351351062
dynamic_accel,2.002,-3.3345609402785623
dynamic_accel,2.052,-4.683909785190847
dynamic_accel,2.102,-2.9000658422434142
dynamic_accel,2.152,1.087165696353658
dynamic_accel,2.202,3.37756743137456
dynamic_accel,2.252,3.384722373906108
dynamic_accel,2.302,-0.12086121723185173
dynamic_accel,2.352,7.5776225978247265
dynamic_accel,2.402,-1.804479007858129
dynamic_accel,2.452,-7.185923859423905
dynamic_accel,2.502,-2.4187960960081547
dynamic_accel,2.552,-4.514775412049125
dynamic_accel,2.602,-1.9985128056049009
dynamic_accel,2.652,4.585102615286971
dynamic_accel,2.702,4.0000396381258785
dynamic_accel,2.752,3.210184393185928
dynamic_accel,2.802,3.0043795449118242
dynamic_accel,2.852,5.361920010204198
dynamic_accel,2.902,-7.450142948442058
dynamic_accel,2.952,-3.8179292982170434
dynamic_accel,3.002,-4.485345424070061
dynamic_accel,3.052,-4.383708366319969
dynamic_accel,3.102,0.6274159309283949
dynamic_accel,3.152,5.465002013881325
dynamic_accel,3.202,2.7531312999374915
dynamic_accel,3.252,2.0472998807913623
dynamic_accel,3.302,9.621199103569673
dynamic_accel,3.352,-6.548866599717551
dynamic_accel,3.402,-2.397860116666225
dynamic_accel,3.452,-5.851731704538187
dynamic_accel,3.502,-4.491782124037451
dynamic_accel,3.552,-2.0688304022125106
dynamic_accel,3.602,3.5570217453892017
dynamic_accel,3.652,4.310934071204155
dynamic_accel,3.702,-2.1588069619935055
dynamic_accel,3.752,17.300233965573327
dynamic_accel,3.802,-1.3836242070694933
dynamic_accel,3.852,-7.021770837337256
dynamic_accel,3.902,-1.4996152243343346
dynamic_accel,3.952,-4.455567304930294
dynamic_accel,4.002,-4.422754653915354
dynamic_accel,4.052,-1.136875809645261
dynamic_accel,4.102,2.5204937270520684
dynamic_accel,4.152,2.04561010171318
dynamic_accel,4.202,5.707147308372697
dynamic_accel,4.252,5.614106724882051
dynamic_accel,4.302,-7.256320069832263
dynamic_accel,4.352,-1.0981909636152434
dynamic_accel,4.402,-4.171874170042435
dynamic_accel,4.452,-4.66748910506195
dynamic_accel,4.502,2.1706817175233297
dynamic_accel,4.552,4.218509661182088
dynamic_accel,4.602,3.7663288867188314
dynamic_accel,4.652,-1.5464526089878916
dynamic_accel,4.702,9.404750732290173
dynamic_accel,4.752,-0.8447646919652652
dynamic_accel,4.802,-7.672779468135309
dynamic_accel,4.852,-4.539343699573488
dynamic_accel,4.902,-4.736132915424063
dynamic_accel,4.952,-1.8839220227078197
dynamic_accel,5.002,3.58854852381479
dynamic_accel,5.052,3.712847388242796
dynamic_accel,5.102,-0.5165261506924423
dynamic_accel,5.152,11.323356168718371
dynamic_accel,5.202,4.511010345633226
dynamic_accel,5.252,-9.770748470048034
dynamic_accel,5.302,-0.024258717741341584
dynamic_accel,5.352,-5.776261216653373
dynamic_accel,5.402,-5.296562935503681
dynamic_accel,5.452,1.2137657755194802
dynamic_accel,5.502,4.32841200483735
dynamic_accel,5.552,4.501588871218123
dynamic_accel,5.602,-1.0894505502862426
dynamic_accel,5.652,12.295673013642547
dynamic_accel,5.702,-3.819260659597001
dynamic_accel,5.752,-7.154448946398255
dynamic_accel,5.802,-3.9288172045230807
dynamic_accel,5.852,-5.279353002418506
dynamic_accel,5.902,-3.499734923510095
dynamic_accel,5.952,2.3809910483128203
dynamic_accel,6.002,4.0292911112112755
dynamic_accel,6.052,-0.29206759153738915
dynamic_accel,6.102,15.117803517063532
dynamic_accel,6.152,-3.196363096931792
dynamic_accel,6.202,-3.2967535336678573
dynamic_accel,6.252,-1.9317309404562923
dynamic_accel,6.302,-6.784755869209715
dynamic_accel,6.352,-1.4405704119077871
dynamic_accel,6.402,0.7989441290789241
dynamic_accel,6.452,3.5235787372426817
dynamic_accel,6.502,3.3823309758544013
dynamic_accel,6.552,-1.1591917135944403
dynamic_accel,6.602,10.054649610490287
dynamic_accel,6.652,-2.893157334500125
dynamic_accel,6.702,-4.883214498650023
dynamic_accel,6.752,-6.031860387397255
dynamic_accel,6.802,-5.197401993692025
dynamic_accel,6.852,-1.3580936105714585
dynamic_accel,6.902,3.6849917601609956
dynamic_accel,6.952,3.370169859286916
dynamic_accel,7.002,3.6246197535977434
dynamic_accel,7.052,4.388143483023407
dynamic_accel,7.102,6.131476448760729
dynamic_accel,7.152,-5.7562118984677415
dynamic_accel,7.202,-2.2807605847492614
dynamic_accel,7.252,-5.347661645142562
dynamic_accel,7.302,-4.475509023318048
dynamic_accel,7.352,-1.8760509988962237
dynamic_accel,7.402,1.0767897940700735
dynamic_accel,7.452,4.087543436323301
dynamic_accel,7.502,2.281498533587749
dynamic_accel,7.552,3.584307769615002
dynamic_accel,7.602,8.418815276565624
dynamic_accel,7.652,-7.383704971351364
dynamic_accel,7.702,-0.9591217125525269
dynamic_accel,7.752,-2.2100096799119617
dynamic_accel,7.802,-4.909757857924739
dynamic_accel,7.852,-1.1963484013820924
dynamic_accel,7.902,0.6519775739976694
dynamic_accel,7.952,1.0336355833125435
dynamic_accel,8.002,2.206058462602467
dynamic_accel,8.052,0.5851995424777545
dynamic_accel,8.102,7.718577373361725
dynamic_accel,8.152,-6.82915981760104
dynamic_accel,8.202,3.2830571593483597
dynamic_accel,8.252,-0.21776711833903306
dynamic_accel,8.302,-5.723782239032359
dynamic_accel,8.352,-0.5777165451708992
dynamic_accel,8.402,0.38115637908884814
dynamic_accel,8.452,3.9370632644058983
dynamic_accel,8.502,-1.47106522781902
dynamic_accel,8.552,2.7119665456305615
dynamic_accel,8.602,1.4437510266626603
dynamic_accel,8.652,-2.825140707969765
dynamic_accel,8.702,-1.1393890425040603
dynamic_accel,8.752,2.1703408755284705
dynamic_accel,8.802,-3.0214896280192276
dynamic_accel,8.852,0.07032802407501038
dynamic_accel,8.902,-1.2379187623552497
dynamic_accel,8.952,1.1408668468033731
dynamic_accel,9.002,2.0743689425554184
dynamic_accel,9.052,-1.2083396381694556
dynamic_accel,9.102,-0.14265166471412627
dynamic_accel,9.152,-0.4126094151164068
dynamic_accel,9.202,0.7573567153378882
dynamic_accel,9.252,-1.2122404495154147
dynamic_accel,9.302,-1.259331781176149
dynamic_accel,9.352,-1.8615300293722754
dynamic_accel,9.402,-0.8377847002905359
dynamic_accel,9.452,2.7603645149337392
dynamic_accel,9.502,0.7160724673479208
dynamic_accel,9.552,1.4894466997034659
dynamic_accel,9.602,3.1240656876505835
dynamic_accel,9.652,0.34460329332698336
dynamic_accel,9.702,4.353367987102784
dynamic_accel,9.752,-1.137420913109235
dynamic_accel,9.802,-3.823035974696687
dynamic_accel,9.852,-5.387971994504042
dynamic_accel,9.902,-1.0363160932413145
dynamic_accel,9.952,-2.94680236545232
dynamic_accel,10.002,2.3158211631784624
dynamic_accel,10.052,0.5437740873010064
dynamic_accel,10.102,3.669966128529957
dynamic_accel,10.152,1.6234315047979955
dynamic_accel,10.202,5.614803639686333
dynamic_accel,10.252,-0.9821479990841997
dynamic_accel,10.302,-2.44926385394906
dynamic_accel,10.352,-1.7598575740968165
dynamic_accel,10.402,-4.708036166445029
dynamic_accel,10.452,-2.9320801439974327
dynamic_accel,10.502,0.9452690276665638
dynamic_accel,10.552,3.5353754492632614
dynamic_accel,10.602,2.4544237292352538
dynamic_accel,10.652,3.0391953606455164
dynamic_accel,10.702,-0.668554747430008
dynamic_accel,10.752,2.210136645744802
dynamic_accel,10.802,-3.954682352825844
dynamic_accel,10.852,-3.5821183447922813
dynamic_accel,10.902,-3.2938027350473966
dynamic_accel,10.952,-3.379373802411669
dynamic_accel,11.002,3.776105529036423
dynamic_accel,11.052,1.808859598722787
dynamic_accel,11.102,2.315171984023859
dynamic_accel,11.152,3.5821048809957823
dynamic_accel,11.202,4.765487860117725
dynamic_accel,11.252,-2.811754296118388
dynamic_accel,11.302,-1.6688571275372528
dynamic_accel,11.352,-3.6065226478993866
dynamic_accel,11.402,-4.889594110227453
dynamic_accel,11.452,-0.8275912760911073
dynamic_accel,11.502,2.914265261326202
dynamic_accel,11.552,2.3903309620415474
dynamic_accel,11.602,2.3568233670943446
dynamic_accel,11.652,0.5961028871953218
dynamic_accel,11.702,4.35312983966017
dynamic_accel,11.752,-4.836104370740219
dynamic_accel,11.802,-1.563044992173209
dynamic_accel,11.852,-2.3554055046482603
dynamic_accel,11.902,-3.2306733836375185
dynamic_accel,11.952,1.1958400327893202
dynamic_accel,12.002,0.7489732666068907
dynamic_accel,12.052,3.6923645157149068
dynamic_accel,12.102,-0.32878872828622363
dynamic_accel,12.152,5.561537230198224
dynamic_accel,12.202,-0.007427535264355356
dynamic_accel,12.252,-2.3788262335379065
dynamic_accel,12.302,-1.0271052622867156
dynamic_accel,12.352,-3.8050684790710196
dynamic_accel,12.402,-2.702776820403523
dynamic_accel,12.452,-0.9196103284038255
dynamic_accel,12.502,0.11098578362764933
dynamic_accel,12.552,4.413530171958614
dynamic_accel,12.602,-1.6323308287609706
dynamic_accel,12.652,6.937859203717144
dynamic_accel,12.702,1.1601517040998193
dynamic_accel,12.752,-3.5144047619840313
dynamic_accel,12.802,1.1928532713786684
dynamic_accel,12.852,-3.57393232639968
dynamic_accel,12.902,-1.8917647682699705
dynamic_accel,12.952,0.8094085270701541
dynamic_accel,13.002,0.21954186723646885
dynamic_accel,13.052,-0.48883002105979756
dynamic_accel,13.102,1.2960476423720078
dynamic_accel,13.152,0.18431740419325848
dynamic_accel,13.202,0.07690700686200636
dynamic_accel,13.252,-0.6701071261415734
dynamic_accel,13.302,0.4805227844970634
dynamic_accel,13.352,1.3551168827474562
dynamic_accel,13.402,-0.48799721737675483
dynamic_accel,13.452,-0.1580648146523167
dynamic_accel,13.502,-0.0024869816828765323
dynamic_accel,13.552,0.19327338962761864
dynamic_accel,13.602,-0.5788261785207105
dynamic_accel,13.652,-1.3934928199398158
dynamic_accel,13.702,0.4263868903963157
dynamic_accel,13.752,0.38404432179584447
dynamic_accel,13.802,0.25211661161070253
dynamic_accel,13.852,-0.22205067655259825
dynamic_accel,13.902,-0.08901448569785941
dynamic_accel,13.952,0.42975331847383735
dynamic_accel,14.002,-0.2700153514831847
dynamic_accel,14.052,-0.19255782774596852
dynamic_accel,14.102,0.4946740220132746
dynamic_accel,14.152,1.9989163123012688
dynamic_accel,14.202,0.07504694435269776
dynamic_accel,14.252,-2.559495099196118
dynamic_accel,14.302,0.10932618323142052
dynamic_accel,14.352,0.09717406854528932
dynamic_accel,14.402,-0.29253929777782695
dynamic_accel,14.452,0.19216343062614705
dynamic_accel,14.502,-0.1397951237069197
dynamic_accel,14.552,0.1513187184183522
dynamic_accel,14.602,1.0136733496011932
dynamic_accel,14.652,0.6153089507518388
dynamic_accel,14.702,0.463066414187022
dynamic_accel,14.752,-1.0420653625575351
dynamic_accel,14.802,-0.7693993618266752
dynamic_accel,14.852,-0.7250390711738639
dynamic_accel,14.902,-0.4086494421616056
dynamic_accel,14.952,1.0879426487083936
dynamic_accel,15.002,-0.015442841725482381
dynamic_accel,15.052,0.31623859661043774
dynamic_accel,15.102,0.6965117367491942
dynamic_accel,15.152,-0.3598184515698808
dynamic_accel,15.202,0.2504384624572129
dynamic_accel,15.252,-0.31087449010714074
dynamic_accel,15.302,-0.2584880659293276
dynamic_accel,15.352,-0.3854453772795541
dynamic_accel,15.402,-0.5718871247195416
dynamic_accel,15.452,-0.4027591100248422
dynamic_accel,15.502,-0.8694468674661575
dynamic_accel,15.552,0.07778755772286772
dynamic_accel,15.602,-2.121276633840411
dynamic_accel,15.652,0.027405812210563596
dynamic_accel,15.702,0.9321492141395673
dynamic_accel,15.752,0.18370425162214765
dynamic_accel,15.802,2.1257286202786005
dynamic_accel,15.852,2.7779832978294756
dynamic_accel,15.902,2.1927158087345884
dynamic_accel,15.952,2.282406537933065
dynamic_accel,16.002,2.2934777400507755
dynamic_accel,16.052,-4.2253549934248085
dynamic_accel,16.102,-2.8953504628625613
dynamic_accel,16.152,-2.401167224662581
dynamic_accel,16.202,-4.505356540676553
dynamic_accel,16.252,-1.720589101923398
dynamic_accel,16.302,1.344983070272038
dynamic_accel,16.352,3.16186232850149
dynamic_accel,16.402,4.109551047814998
dynamic_accel,16.452,2.3498687997526133
dynamic_accel,16.502,2.516605510240728
dynamic_accel,16.552,-0.6312650774089139
dynamic_accel,16.602,-5.238944256777613
dynamic_accel,16.652,-1.9149771216938714
dynamic_accel,16.702,-4.065734468308852
dynamic_accel,16.752,-1.7704542163817827
dynamic_accel,16.802,1.825171376516698
dynamic_accel,16.852,5.183927759997397
dynamic_accel,16.902,3.267432289738034
dynamic_accel,16.952,-0.2658975581241556
dynamic_accel,17.002,5.677424907358512
dynamic_accel,17.052,0.48011398837158303
dynamic_accel,17.102,-6.231258355773326
dynamic_accel,17.152,-4.857768828007139
dynamic_accel,17.202,-4.918732144833239
dynamic_accel,17.252,-1.3060112026694455
dynamic_accel,17.302,3.9725304940047277
dynamic_accel,17.352,3.096670901118973
dynamic_accel,17.402,4.770608796085558
dynamic_accel,17.452,-0.5437248344118402
dynamic_accel,17.502,3.113685174884722
dynamic_accel,17.552,-0.40575575794595764
dynamic_accel,17.602,-6.054608927418572
dynamic_accel,17.652,-2.166776115215491
dynamic_accel,17.702,-4.034864908538237
dynamic_accel,17.752,-0.76666185844506
dynamic_accel,17.802,3.093614695060232
dynamic_accel,17.852,2.7164418142519793
dynamic_accel,17.902,3.8442223785533844
dynamic_accel,17.952,4.19264665110213
dynamic_accel,18.002,1.3996056264340542
dynamic_accel,18.052,-3.7440378103000747
dynamic_accel,18.102,-4.3135393762655
dynamic_accel,18.152,-3.5819380187107654
dynamic_accel,18.202,-3.030359018019327
dynamic_accel,18.252,2.3967052674480165
dynamic_accel,18.302,3.0537978065881095
dynamic_accel,18.352,1.5840299449983046
dynamic_accel,18.402,0.5788874640422996
dynamic_accel,18.452,5.003889718379321
dynamic_accel,18.502,0.9476336990802796
dynamic_accel,18.552,-5.1579579931714195
dynamic_accel,18.602,-1.3085761592062077
dynamic_accel,18.652,-3.8731130242014187
dynamic_accel,18.702,-3.3013565905750655
dynamic_accel,18.752,2.7842459584982464
dynamic_accel,18.802,2.4343702814607013
dynamic_accel,18.852,3.568262496835345
dynamic_accel,18.902,1.2426734304034532
dynamic_accel,18.952,2.773462430437638
dynamic_accel,19.002,-0.6581600753085102
dynamic_accel,19.052,-3.3342070561942636
dynamic_accel,19.102,-3.508158200223983
dynamic_accel,19.152,-3.6843497870443542
dynamic_accel,19.202,-1.3361374399644674
dynamic_accel,19.252,2.30583453099592
dynamic_accel,19.302,1.7828217479251744
dynamic_accel,19.352,1.9896321102296692
dynamic_accel,19.402,3.8682514266715664
dynamic_accel,19.452,4.685644033236372
dynamic_accel,19.502,-5.0671837755469955
dynamic_accel,19.552,-1.5381945374795798
dynamic_accel,19.602,-1.6607594195696862
dynamic_accel,19.652,-5.423388545639517
dynamic_accel,19.702,0.49063933620785427
dynamic_accel,19.752,2.952072643360246
dynamic_accel,19.802,1.1841550197471626
dynamic_accel,19.852,0.7306252936696236
dynamic_accel,19.902,5.493183786958525
dynamic_accel,19.952,1.1148238332898401
dynamic_accel,20.002,-3.0392023833963746
dynamic_accel,20.052,-1.0776118650862152
dynamic_accel,20.102,-4.285450009497656
dynamic_accel,20.152,-4.126600550982067
dynamic_accel,20.202,-1.0003927670900108
dynamic_accel,20.252,4.393402860973193
dynamic_accel,20.302,3.814685412640447
dynamic_accel,20.352,-0.38256258362432405
dynamic_accel,20.402,3.341584370877941
dynamic_accel,20.452,2.3703846457019804
dynamic_accel,20.502,-4.158078189498922
dynamic_accel,20.552,-0.2661321924552382
dynamic_accel,20.602,-2.320563904446659
dynamic_accel,20.652,-3.967395590112715
dynamic_accel,20.702,0.525223333809457
dynamic_accel,20.752,1.6850890011075172
dynamic_accel,20.802,1.0326352465476152
dynamic_accel,20.852,-0.008610552796968207
dynamic_accel,20.902,4.736599489024835
dynamic_accel,20.952,-0.550132393791209
dynamic_accel,21.002,-1.8909216826263338
dynamic_accel,21.052,1.4093933791558353
dynamic_accel,21.102,-1.8313458441099613
dynamic_accel,21.152,-2.303027606243224
dynamic_accel,21.202,-0.935355089310896
dynamic_accel,21.252,-0.18508229606473847
dynamic_accel,21.302,0.9515041170144887
dynamic_accel,21.352,0.43054412975220835
dynamic_accel,21.402,1.0345075937101988
dynamic_accel,21.452,-1.3525643099943618
dynamic_accel,21.502,4.359533017744001
dynamic_accel,21.552,-0.6458403768911936
dynamic_accel,21.602,-1.9113124872229683
dynamic_accel,21.652,1.9985061177063361
dynamic_accel,21.702,-1.1228504036048292
dynamic_accel,21.752,-1.9570107948243827
dynamic_accel,21.802,1.2158071977449403
dynamic_accel,21.852,0.07500323284907218
dynamic_accel,21.902,-0.11242692418084488
dynamic_accel,21.952,0.6433763046986556
dynamic_accel,22.002,-0.019917630655426066
dynamic_accel,22.052,-1.1095699968628274
dynamic_accel,22.102,-0.1343072111475312
dynamic_accel,22.152,0.04137438255640191
dynamic_accel,22.202,-2.3279713103117885
dynamic_accel,22.252,-0.7440974721338787
dynamic_accel,22.302,0.6600413964680563
dynamic_accel,22.352,-1.4369737877929492
dynamic_accel,22.402,-1.0515529068805396
dynamic_accel,22.452,1.6650447326398758
dynamic_accel,22.502,4.238263248961328
dynamic_accel,22.552,2.12934605230166
dynamic_accel,22.602,1.7297131374371908
dynamic_accel,22.652,3.209383491340816
dynamic_accel,22.702,-2.5230041769416154
dynamic_accel,22.752,-1.4688241570333709
dynamic_accel,22.802,-2.591703304991513
dynamic_accel,22.852,-3.4686355143947756
dynamic_accel,22.902,-1.7643091438160674
dynamic_accel,22.952,-0.59966541069989
dynamic_accel,23.002,1.4478982846063424
dynamic_accel,23.052,1.5105345836895836
dynamic_accel,23.102,3.401006583950558
dynamic_accel,23.152,1.5240932997876264
dynamic_accel,23.202,2.432769831147441
dynamic_accel,23.252,-3.449948528555571
dynamic_accel,23.302,-2.5069785347971916
dynamic_accel,23.352,-0.13648505961825208
dynamic_accel,23.402,-2.8737676466166784
dynamic_accel,23.452,-0.6659702146951059
dynamic_accel,23.502,1.4206084983668426
dynamic_accel,23.552,0.9598240503355786
dynamic_accel,23.602,0.6659185924525097
dynamic_accel,23.652,-0.03936091948424547
dynamic_accel,23.702,3.874152444582352
dynamic_accel,23.752,1.3687038482154108
dynamic_accel,23.802,-2.2189685547456364
dynamic_accel,23.852,-0.32526912125811513
dynamic_accel,23.902,-1.8258029376224947
dynamic_accel,23.952,-0.47809908180004435
dynamic_accel,24.002,-1.0424822478112858
dynamic_accel,24.052,-0.42787886847460044
dynamic_accel,24.102,1.3069004315409263
dynamic_accel,24.152,-0.6210446279728501
dynamic_accel,24.202,2.7256816596391786
dynamic_accel,24.252,0.6675001060937831
dynamic_accel,24.302,-3.6890162845587655
dynamic_accel,24.352,1.9873701945619064
dynamic_accel,24.402,0.7242553768351616
dynamic_accel,24.452,-1.8830224081451625
dynamic_accel,24.502,0.04740720702859491
dynamic_accel,24.552,0.15133188170918288
dynamic_accel,24.602,0.4030383822481767
dynamic_accel,24.652,0.14239981707678062
dynamic_accel,24.702,-0.08638022891164177
dynamic_accel,24.752,-0.4194384547815737
dynamic_accel,24.802,-0.17333534532959938
dynamic_accel,24.852,0.8711379130680843
dynamic_accel,24.902,0.15733897297913124
dynamic_accel,24.952,-0.040720001909827275
dynamic_accel,25.002,0.1940873668189571
dynamic_accel,25.052,-0.5118704056346477
dynamic_accel,25.102,0.21987937911100452
dynamic_accel,25.152,1.0123985492063081
dynamic_accel,25.202,-1.156741823661605
dynamic_accel,25.252,0.2094116450867105
dynamic_accel,25.302,0.22271781376463196
dynamic_accel,25.352,0.3013170144231001
dynamic_accel,25.402,-0.21394627833828395
dynamic_accel,25.452,-0.41881403613392365
dynamic_accel,25.502,-0.3978809732076769
dynamic_accel,25.552,0.18036825781322108
dynamic_accel,25.602,-0.4059501572565196
dynamic_accel,25.652,0.560442211506933
dynamic_accel,25.702,0.010639703099846187
dynamic_accel,25.752,-0.2692331812345028
dynamic_accel,25.802,-0.2248267483130757
dynamic_accel,25.852,0.2854981889343584
dynamic_accel,25.902,-0.4026016732433835
dynamic_accel,25.952,0.1519006029909118
dynamic_accel,26.002,0.11440234081742062
dynamic_accel,26.052,0.09095263997195957
dynamic_accel,26.102,1.0849313621163148
dynamic_accel,26.152,-1.35610368700325
dynamic_accel,26.202,0.34669958104860754
dynamic_accel,26.252,0.08323965450719051
dynamic_accel,26.302,0.5636497949546229
dynamic_accel,26.352,-0.37698555452454663
dynamic_accel,26.402,-0.39175068136918334
dynamic_accel,26.452,-0.1289749964649829
dynamic_accel,26.502,0.3102212220224949
dynamic_accel,26.552,0.512440733620231
dynamic_accel,26.602,-0.4143093901652648
dynamic_accel,26.652,-0.11039643685943723
dynamic_accel,26.702,-0.061539079940638786
dynamic_accel,26.752,-0.04879721887762756
dynamic_accel,26.802,0.5471145859422322
dynamic_accel,26.852,-0.3424037303601164
dynamic_accel,26.902,-0.04814645306505838
dynamic_accel,26.952,-0.24054444305231648
dynamic_accel,27.002,0.20662796093813007
dynamic_accel,27.052,0.017308496985753763
dynamic_accel,27.102,0.081395920339979
dynamic_accel,27.152,-0.021549031161791632
dynamic_accel,27.202,-0.02639307350505149
dynamic_accel,27.252,0.13770100241797678
dynamic_accel,27.302,-0.2836547535781442
dynamic_accel,27.352,-0.17160118084991538
dynamic_accel,27.402,0.29141341304158175
dynamic_accel,27.452,-0.14268159924202628
dynamic_accel,27.502,0.2806852982323953
dynamic_accel,27.552,0.31459782229111255
dynamic_accel,27.602,-0.11417444369709884
dynamic_accel,27.652,0.26482723705766986
dynamic_accel,27.702,-0.3264042993523155
dynamic_accel,27.752,-0.13543003522936203
dynamic_accel,27.802,-0.07431216637960603
dynamic_accel,27.852,-0.9951939168564063
dynamic_accel,27.902,-0.5511316696481501
dynamic_accel,27.952,-0.02574066988801249
dynamic_accel,28.002,1.7315977244630325
dynamic_accel,28.052,0.693654973616237
dynamic_accel,28.102,-0.7826141128207382
dynamic_accel,28.152,0.31394840570446014
dynamic_accel,28.202,0.14310966393179037
dynamic_accel,28.252,-0.21873514503652558
dynamic_accel,28.302,-0.09182570225732967
dynamic_accel,28.352,-0.4937521946205621
dynamic_accel,28.402,-0.7512340468169114
dynamic_accel,28.452,0.4898178625473779
dynamic_accel,28.502,0.38359212211647176
dynamic_accel,28.552,0.25609867506905815
dynamic_accel,28.602,0.16987186175650848
dynamic_accel,28.652,0.6465017225193517
dynamic_accel,28.702,-0.31864819170715464
dynamic_accel,28.752,-0.5817738088805573
dynamic_accel,28.802,0.019846150276030983
dynamic_accel,28.852,-0.29425761436442244
dynamic_accel,28.902,0.05760362433660049
dynamic_accel,28.952,-0.1249121068353869
dynamic_accel,29.002,0.12648898886317816
dynamic_accel,29.052,0.18729541081154188
dynamic_accel,29.102,-0.3325032094680349
dynamic_accel,29.152,0.3513224379480633
dynamic_accel,29.202,0.22492878498495728
dynamic_accel,29.252,-0.22816403328882018
dynamic_accel,29.302,-0.24549825371225253
dynamic_accel,29.352,0.28803459936677633
dynamic_accel,29.402,0.16403186617248622
dynamic_accel,29.452,0.13127880934277947
dynamic_accel,29.502,-0.20025197253580274
dynamic_accel,29.552,-0.40996791928117915
dynamic_accel,29.602,-0.06470084209703053
dynamic_accel,29.652,0.08546548269385212
dynamic_accel,29.702,-0.13528081678809833
dynamic_accel,29.752,-0.962503609237146
dynamic_accel,29.802,0.6209446330329644
dynamic_accel,29.852,1.318878499754092
dynamic_accel,29.902,0.060138657300877085
dynamic_accel,29.952,-0.3530905673468041
dynamic_accel,30.002,-0.08914648868928765
dynamic_accel,30.052,0.03884483207976963
dynamic_accel,30.102,-0.4541790521498825
dynamic_accel,30.152,-0.5196546776597728
dynamic_accel,30.202,0.2473273558426765
dynamic_accel,30.252,-0.28557948890367335
dynamic_accel,30.302,-0.22317539875028025
dynamic_accel,30.352,-0.016220365784777258
dynamic_accel,30.402,1.2624807639422873
dynamic_accel,30.452,0.877169680556559
dynamic_accel,30.502,1.4844397284160262
dynamic_accel,30.552,0.1580718196972768
dynamic_accel,30.602,-0.9596012248456294
dynamic_accel,30.652,-1.6588616316220453
dynamic_accel,30.702,-1.8323790190605553
dynamic_accel,30.752,0.03823744087541847
dynamic_accel,30.802,0.11763069782259272
dynamic_accel,30.852,0.41435335194755396
dynamic_accel,30.902,0.42210378024972606
dynamic_accel,30.952,0.49407769125403433
dynamic_accel,31.002,-0.13132745719924088
dynamic_accel,31.052,-0.3803721739467658
dynamic_accel,31.102,1.011113087813813
dynamic_accel,31.152,0.5712898588415101
dynamic_accel,31.202,-0.1651593862403704
dynamic_accel,31.252,-1.0842236796934888
dynamic_accel,31.302,-0.5967437949107808
dynamic_accel,31.352,0.02017414995317779
dynamic_accel,31.402,0.7654700340424512
dynamic_accel,31.452,0.2523522376510243
dynamic_accel,31.502,-0.5756955377577384
dynamic_accel,31.552,1.078095952018975
dynamic_accel,31.602,-0.5936716253404661
dynamic_accel,31.652,0.49841445345200164
dynamic_accel,31.702,-0.2735854145019889
dynamic_accel,31.752,-0.25058002510305677
dynamic_accel,31.802,0.4913452781718579
dynamic_accel,31.852,0.22017762084597337
dynamic_accel,31.902,-0.5180845637102038
dynamic_accel,31.952,-0.42078217957117303
dynamic_accel,32.002,0.0933012775068569
dynamic_accel,32.052,0.08205258441228658
dynamic_accel,32.102,-0.05977464880782257
dynamic_accel,32.152,0.18527271667370826
dynamic_accel,32.202,0.26066965207759907
dynamic_accel,32.252,0.07720447197252867
dynamic_accel,32.302,-0.42109235120446264
dynamic_accel,32.352,-0.021968657921064505
dynamic_accel,32.402,-0.14560989554369286
dynamic_accel,32.452,-0.19580619035542135
dynamic_accel,32.502,-0.12523812569456716
dynamic_accel,32.552,0.1650794291144777
dynamic_accel,32.602,0.2695056333621064
dynamic_accel,32.652,0.04117015547702252
dynamic_accel,32.702,0.058650489896740154
dynamic_accel,32.752,0.3121056043975301
dynamic_accel,32.802,0.23628690212647463
dynamic_accel,32.852,0.6498069214139246
dynamic_accel,32.902,-1.4218812580236264
dynamic_accel,32.952,-0.12247937316427127
dynamic_accel,33.002,-0.7075357111340228
dynamic_accel,33.052,-0.926055528703019
dynamic_accel,33.102,0.16556296327879316
dynamic_accel,33.152,0.576916334546075
dynamic_accel,33.202,0.14996784936192853
dynamic_accel,33.252,-0.8255928879396706
dynamic_accel,33.302,0.26361237207784605
dynamic_accel,33.352,1.0693411175447736
dynamic_accel,33.402,1.5196876523237748
dynamic_accel,33.452,-0.15230805446950946
dynamic_accel,33.502,3.52238311790358
dynamic_accel,33.552,-1.2333533471809712
dynamic_accel,33.602,-3.6592086709488756
dynamic_accel,33.652,2.2321009007724086
dynamic_accel,33.702,0.8758620029498072
dynamic_accel,33.752,-1.8904904671529348
dynamic_accel,33.802,-3.717461146302747
dynamic_accel,33.852,-1.4611314150066281
dynamic_accel,33.902,1.3473413148508637
dynamic_accel,33.952,1.913182252046834
dynamic_accel,34.002,1.3227499415263715
dynamic_accel,34.052,2.0835489767761377
dynamic_accel,34.102,2.213451027485238
dynamic_accel,34.152,-2.1340554693350002
dynamic_accel,34.202,0.4155309905668094
dynamic_accel,34.252,1.0457461662090992
dynamic_accel,34.302,-4.527309217851873
dynamic_accel,34.352,-2.0045122162694584
dynamic_accel,34.402,-1.1324811920155273
dynamic_accel,34.452,0.4347572255132892
dynamic_accel,34.502,2.3769378403740173
dynamic_accel,34.552,0.8492230538795322
dynamic_accel,34.602,-1.3778374348100773
dynamic_accel,34.652,5.88872444061249
dynamic_accel,34.702,-2.363957582931527
dynamic_accel,34.752,-2.766955417693847
dynamic_accel,34.802,1.970011558481021
dynamic_accel,34.852,-1.7139520563789592
dynamic_accel,34.902,-2.472903438087764
dynamic_accel,34.952,0.1528650428830911
dynamic_accel,35.002,2.139245270301057
dynamic_accel,35.052,-0.21939574574697218
dynamic_accel,35.102,3.587903723393813
dynamic_accel,35.152,2.564369712108091
dynamic_accel,35.202,-4.720277482922689
dynamic_accel,35.252,1.2223716107039575
dynamic_accel,35.302,1.08419784790442
dynamic_accel,35.352,-3.8388250871171756
dynamic_accel,35.402,-1.8456536892447737
dynamic_accel,35.452,0.9115164318153415
dynamic_accel,35.502,1.8635827977546757
dynamic_accel,35.552,0.6475900998118824
dynamic_accel,35.602,1.0417292560253752
dynamic_accel,35.652,1.3534800046895619
dynamic_accel,35.702,-0.34708789834397535
dynamic_accel,35.752,-0.2195334373558886
dynamic_accel,35.802,-0.5116678243539781
dynamic_accel,35.852,-1.959119987317294
dynamic_accel,35.902,-2.5760181597666225
dynamic_accel,35.952,-0.23097407355962218
dynamic_accel,36.002,-2.435543641688941
dynamic_accel,36.052,-2.701553263156481
dynamic_accel,36.102,6.648819667399609
dynamic_accel,36.152,1.4103979798732205
dynamic_accel,36.202,0.7779736742446133
dynamic_accel,36.252,-2.8456376780008146
dynamic_accel,36.302,2.0024525239246405
dynamic_accel,36.352,2.4903411923309022
dynamic_accel,36.402,1.2204843037777877
dynamic_accel,36.452,-0.10414961804348621
dynamic_accel,36.502,-0.8113185122579978
dynamic_accel,36.552,-0.9158404072458239
dynamic_accel,36.602,0.9320139089107062
dynamic_accel,36.652,-1.715207669036504
dynamic_accel,36.702,-2.0379860331514372
dynamic_accel,36.752,1.3532723317216444
dynamic_accel,36.802,-0.5228988263882695
dynamic_accel,36.852,0.4507263433180455
dynamic_accel,36.902,-1.0207098512986903
dynamic_accel,36.952,-0.1784476912181976
dynamic_accel,37.002,0.41877973788486855
dynamic_accel,37.052,-1.0225820465381563
dynamic_accel,37.102,0.6929602287321526
dynamic_accel,37.152,-0.23758906497982402
dynamic_accel,37.202,-0.57831710045763
dynamic_accel,37.252,1.0986124039805318
dynamic_accel,37.302,-1.9850030295539502
dynamic_accel,37.352,5.468727144241598
dynamic_accel,37.402,4.087665382635496
dynamic_accel,37.452,-3.732649263947539
dynamic_accel,37.502,-1.9531156374828935
dynamic_accel,37.552,-2.811579709708858
dynamic_accel,37.602,-2.1156869580267266
dynamic_accel,37.652,-1.0360241386705855
dynamic_accel,37.702,0.3499430555563521
dynamic_accel,37.752,1.0544283353839639
dynamic_accel,37.802,3.4022053625637945
dynamic_accel,37.852,1.6440547059615405
dynamic_accel,37.902,6.72754493032315
dynamic_accel,37.952,-2.9033838486031582
dynamic_accel,38.002,-1.1193896455307133
dynamic_accel,38.052,-2.6359106014454463
dynamic_accel,38.102,-3.5959242992598925
dynamic_accel,38.152,-3.497598800643223
dynamic_accel,38.202,-1.9411455920927114
dynamic_accel,38.252,2.5479522158117387
dynamic_accel,38.302,2.0902113792571324
dynamic_accel,38.352,3.8925901214597562
dynamic_accel,38.402,-1.3875168302334835
dynamic_accel,38.452,6.13438143965231
dynamic_accel,38.502,2.474953292296231
dynamic_accel,38.552,-4.888200777008411
dynamic_accel,38.602,-1.6097712826661645
dynamic_accel,38.652,-3.7231649705539063
dynamic_accel,38.702,-2.7126217228197396
dynamic_accel,38.752,-1.1520034381108424
dynamic_accel,38.802,0.3283740581896062
dynamic_accel,38.852,2.1526433333753303
dynamic_accel,38.902,4.06610104065733
dynamic_accel,38.952,0.7842210401551153
dynamic_accel,39.002,4.7871285907812275
dynamic_accel,39.052,0.07613287144020475
dynamic_accel,39.102,-5.653557322256145
dynamic_accel,39.152,-0.5119705366890148
dynamic_accel,39.202,0.13850020795778306
dynamic_accel,39.252,-2.4794957589633055
dynamic_accel,39.302,-3.0579860169784565
dynamic_accel,39.352,1.4183754580952446
dynamic_accel,39.402,2.122630244398028
dynamic_accel,39.452,0.8881828058585839
dynamic_accel,39.502,-0.23465509665484774
dynamic_accel,39.552,4.768668097700266
dynamic_accel,39.602,1.299134819861779
dynamic_accel,39.652,-5.337680285352169
dynamic_accel,39.702,0.2259716876728639
dynamic_accel,39.752,0.4551910837628306
dynamic_accel,39.802,-3.7975273320276433
dynamic_accel,39.852,-1.4195390478563628
dynamic_accel,39.902,0.7458612689746094
dynamic_accel,39.952,0.9462769121859793
dynamic_accel,40.002,1.8193988143412163
dynamic_accel,40.052,1.7663566352237936
dynamic_accel,40.102,3.999410695397838
dynamic_accel,40.152,1.9881295585177323
dynamic_accel,40.202,-1.7094579638064236
dynamic_accel,40.252,-3.192483517507492
dynamic_accel,40.302,-0.6688626449770023
dynamic_accel,40.352,-1.6190488964929308
dynamic_accel,40.402,-3.1642049055893544
dynamic_accel,40.452,-1.5395625431314635
dynamic_accel,40.502,0.6493866935761847
dynamic_accel,40.552,0.8262782137094504
dynamic_accel,40.602,0.9680320958492388
dynamic_accel,40.652,1.0596483881319863
dynamic_accel,40.702,0.6415701503185414
dynamic_accel,40.752,5.695236943930942
dynamic_accel,40.802,0.8002452429739613
dynamic_accel,40.852,-2.9636813290559507
dynamic_accel,40.902,-0.7434533559568717
dynamic_accel,40.952,-0.37727966871114127
dynamic_accel,41.002,-1.6156526504401736
dynamic_accel,41.052,-1.157104287592194
dynamic_accel,41.102,-0.20697815003930486
dynamic_accel,41.152,1.4738830897787523
dynamic_accel,41.202,-0.6088988983942052
dynamic_accel,41.252,0.3372862241843002
dynamic_accel,41.302,-0.6035364401438645
dynamic_accel,41.352,-1.7340490137851958
dynamic_accel,41.402,0.9549984456232394
dynamic_accel,41.452,1.2513939720669107
dynamic_accel,41.502,2.6147655925629447
dynamic_accel,41.552,0.9059425465221764
dynamic_accel,41.602,-0.7286587651655942
dynamic_accel,41.652,-1.0419067448811976
dynamic_accel,41.702,-1.311326457264899
dynamic_accel,41.752,-0.7455921713934845
dynamic_accel,41.802,0.8947625227007983
dynamic_accel,41.852,0.2641021453400416
dynamic_accel,41.902,-0.5181308213228668
dynamic_accel,41.952,-0.2984358495230044
dynamic_accel,42.002,2.24942602611889
dynamic_accel,42.052,-0.1556554563192325
dynamic_accel,42.102,-2.222196050299652
dynamic_accel,42.152,1.6401623139792587
dynamic_accel,42.202,-1.19074798574351
dynamic_accel,42.252,-2.8373844323109783
dynamic_accel,42.302,-0.6203638727040044
dynamic_accel,42.352,0.7060945410118276
dynamic_accel,42.402,0.6303298950070637
dynamic_accel,42.452,1.8207771131628672
dynamic_accel,42.502,1.9934667435412212
dynamic_accel,42.552,0.7138400491925623
dynamic_accel,42.602,-0.14377565346986643
dynamic_accel,42.652,3.484413701128629
dynamic_accel,42.702,-1.7033276961893549
dynamic_accel,42.752,-2.1960833246638636
dynamic_accel,42.802,-2.8654161591103424
dynamic_accel,42.852,-3.7484039995405247
dynamic_accel,42.902,-0.9351819893241391
dynamic_accel,42.952,1.6336818047909833
dynamic_accel,43.002,2.1276164692126454
dynamic_accel,43.052,3.2362627972934934
dynamic_accel,43.102,2.4477787145082317
dynamic_accel,43.152,2.722776339689819
dynamic_accel,43.202,1.1262571828563583
dynamic_accel,43.252,-3.3342872296891164
dynamic_accel,43.302,-3.495274675936659
dynamic_accel,43.352,-2.9428838859043767
dynamic_accel,43.402,-1.882287062582174
dynamic_accel,43.452,-0.641117294665829
dynamic_accel,43.502,0.9549785176022105
dynamic_accel,43.552,2.3200759901557166
dynamic_accel,43.602,1.9839595024233283
dynamic_accel,43.652,1.153299001292412
dynamic_accel,43.702,2.133458919499537
dynamic_accel,43.752,-0.26085492997861337
dynamic_accel,43.802,-2.873298108466818
dynamic_accel,43.852,-2.663707224405166
dynamic_accel,43.902,-2.073657990457475
dynamic_accel,43.952,-0.3580802602170845
dynamic_accel,44.002,1.3019750002691257
dynamic_accel,44.052,2.032077962328815
dynamic_accel,44.102,3.290360386132864
dynamic_accel,44.152,1.0641452779504537
dynamic_accel,44.202,3.2603720131380456
dynamic_accel,44.252,-0.7052106376094542
dynamic_accel,44.302,-3.2378711561995104
dynamic_accel,44.352,-2.9686639884476724
dynamic_accel,44.402,-2.9486176423683643
dynamic_accel,44.452,-0.5689140597410987
dynamic_accel,44.502,1.0240689634811861
dynamic_accel,44.552,1.2648699815129572
dynamic_accel,44.602,2.3551601782639224
dynamic_accel,44.652,1.7114109909002728
dynamic_accel,44.702,2.1546433697586327
dynamic_accel,44.752,-0.27576037908707995
dynamic_accel,44.802,-3.062417638903809
dynamic_accel,44.852,-2.3040386587004633
dynamic_accel,44.902,-2.085769588365924
dynamic_accel,44.952,-0.4260226116190786
dynamic_accel,45.002,1.8796312370350812
dynamic_accel,45.052,0.4828867998064563
dynamic_accel,45.102,1.9652906248316668
dynamic_accel,45.152,0.023464045260743305
dynamic_accel,45.202,3.6623316451038512
dynamic_accel,45.252,-1.2850399450482932
dynamic_accel,45.302,-2.7914555482296395
dynamic_accel,45.352,-0.24561382093323303
dynamic_accel,45.402,-2.263660129416314
dynamic_accel,45.452,-1.2307056324699985
dynamic_accel,45.502,0.9013017563943695
dynamic_accel,45.552,-0.12213245830834119
dynamic_accel,45.602,1.7575620752490533
dynamic_accel,45.652,1.0015518596464723
dynamic_accel,45.702,0.3884170079697409
dynamic_accel,45.752,5.198985816255892
dynamic_accel,45.802,-2.2926782364689053
dynamic_accel,45.852,-2.799008163291832
dynamic_accel,45.902,-0.19581040426144192
dynamic_accel,45.952,-1.8982336328796503
dynamic_accel,46.002,-0.6789913661018403
dynamic_accel,46.052,-0.16186558149705377
dynamic_accel,46.102,0.2629689557339443
dynamic_accel,46.152,0.1935820088718998
dynamic_accel,46.202,-1.1045589430454221
dynamic_accel,46.252,3.7750737919230506
dynamic_accel,46.302,1.917936333776428
dynamic_accel,46.352,-2.743359691613322
dynamic_accel,46.402,2.544356867112656
dynamic_accel,46.452,-1.1055261706034933
dynamic_accel,46.502,-1.3861372782855828
dynamic_accel,46.552,-1.1658383193257666
dynamic_accel,46.602,-0.6764980751187579
dynamic_accel,46.652,-0.20900685607597325
dynamic_accel,46.702,0.5984405306718088
dynamic_accel,46.752,1.0746812923739135
dynamic_accel,46.802,-1.2169559204498963
dynamic_accel,46.852,1.8217944007656133
dynamic_accel,46.902,-0.25715541874087755
dynamic_accel,46.952,-0.3380467309891948
dynamic_accel,47.002,1.2754778542713368
dynamic_accel,47.052,-0.5276560681139575
dynamic_accel,47.102,-1.206153321754483
dynamic_accel,47.152,-0.13738726013967373
dynamic_accel,47.202,1.2450421962993783
dynamic_accel,47.252,0.8456262388357221
dynamic_accel,47.302,0.5862410662731872
dynamic_accel,47.352,-0.14484103047123575
dynamic_accel,47.402,0.44090341114386433
dynamic_accel,47.452,0.5721642935512445
dynamic_accel,47.502,-1.3844892234583135
dynamic_accel,47.552,-0.6402343242158555
dynamic_accel,47.602,-2.237876717678221
dynamic_accel,47.652,-1.9939098080796533
dynamic_accel,47.702,0.8987644534287806
dynamic_accel,47.752,0.1409919305160532
dynamic_accel,47.802,3.9542344292334874
dynamic_accel,47.852,2.6178247296348243
dynamic_accel,47.902,0.14393900630226675
dynamic_accel,47.952,0.7589417423133167
dynamic_accel,48.002,-1.1176231553095626
dynamic_accel,48.052,-2.782449182062699
dynamic_accel,48.102,-2.805297791286936
dynamic_accel,48.152,-3.587667031604817
dynamic_accel,48.202,0.3243398607642316
dynamic_accel,48.252,0.2041490848904619
dynamic_accel,48.302,2.6363774042156294
dynamic_accel,48.352,3.2135979267893866
dynamic_accel,48.402,0.2699573699486031
dynamic_accel,48.452,5.521231583459407
dynamic_accel,48.502,0.2579078030684183
dynamic_accel,48.552,-3.179199137117017
dynamic_accel,48.602,-2.7784527046857432
dynamic_accel,48.652,-1.265232986840413
dynamic_accel,48.702,-0.06811128970460167
dynamic_accel,48.752,1.3320561710860677
dynamic_accel,48.802,0.3479662985190437
dynamic_accel,48.852,-1.742042682522868
dynamic_accel,48.902,-1.4341935515616768
dynamic_accel,48.952,2.701423965069358
dynamic_accel,49.002,-2.250836955420957
dynamic_accel,49.052,-1.0018627961808182
dynamic_accel,49.102,-0.4349710613271309
dynamic_accel,49.152,-1.3579591063658931
dynamic_accel,49.202,1.5872258661572332
dynamic_accel,49.252,1.5118263394809226
dynamic_accel,49.302,1.5677312016868594
dynamic_accel,49.352,1.0125584181728016
dynamic_accel,49.402,1.5055620279976925
dynamic_accel,49.452,1.2546124769689246
dynamic_accel,49.502,-2.064410794496947
dynamic_accel,49.552,-0.21418422174545704
dynamic_accel,49.602,-3.2097946807629736
dynamic_accel,49.652,-2.0150373145363645
dynamic_accel,49.702,-0.37416947102082965
dynamic_accel,49.752,1.5654436417728892
dynamic_accel,49.802,1.3661726914202035
dynamic_accel,49.852,1.8434340303920091
dynamic_accel,49.902,-0.9252518386778288
dynamic_accel,49.952,4.774083746725003
dynamic_accel,50.002,-3.056537024914058
dynamic_accel,50.052,-1.215558988259792
dynamic_accel,50.102,-0.2972164776152777
dynamic_accel,50.152,-3.8268528753441533
dynamic_accel,50.202,-0.2880583301436186
dynamic_accel,50.252,0.7278757673395422
dynamic_accel,50.302,2.281778539148405
dynamic_accel,50.352,1.0106357842690272
dynamic_accel,50.402,1.2610995300572618
dynamic_accel,50.452,4.064404602981256
dynamic_accel,50.502,-2.31110023750145
dynamic_accel,50.552,-1.1062694989107609
dynamic_accel,50.602,-0.9522152705430678
dynamic_accel,50.652,-3.5077779241217284
dynamic_accel,50.702,-2.5616925954274876
dynamic_accel,50.752,0.6372477172406938
dynamic_accel,50.802,2.987054858086969
dynamic_accel,50.852,0.20387241298739767
dynamic_accel,50.902,0.7699083253498777
dynamic_accel,50.952,4.546772121266281
dynamic_accel,51.002,-0.970694529582854
dynamic_accel,51.052,-1.60981133297601
dynamic_accel,51.102,0.4299289546175853
dynamic_accel,51.152,-2.9980602392604547
dynamic_accel,51.202,-2.3336494470965263
dynamic_accel,51.252,-1.260883068243599
dynamic_accel,51.302,2.0180440974381
dynamic_accel,51.352,0.557940292976463
dynamic_accel,51.402,2.2281378876732187
dynamic_accel,51.452,4.048303916061846
dynamic_accel,51.502,-0.578932652568966
dynamic_accel,51.552,-2.2870646031174884
dynamic_accel,51.602,0.1651806270914573
dynamic_accel,51.652,-1.774608580447108
dynamic_accel,51.702,-2.3779308721024695
dynamic_accel,51.752,-0.9208492442832998
dynamic_accel,51.802,2.329147327571812
dynamic_accel,51.852,0.42945514966710086
dynamic_accel,51.902,-0.38768495408601034
dynamic_accel,51.952,3.613464177906671
dynamic_accel,52.002,-1.8309913922316747
dynamic_accel,52.052,3.4808530808239038
dynamic_accel,52.102,-2.867292011456952
dynamic_accel,52.152,-1.9707742209951018
dynamic_accel,52.202,-0.23995415952821908
dynamic_accel,52.252,-2.4867655026202256
dynamic_accel,52.302,-0.12008834408410074
dynamic_accel,52.352,1.3272027638296002
dynamic_accel,52.402,-0.9519051840336417
dynamic_accel,52.452,2.8418600894693675
dynamic_accel,52.502,-0.53238235276776
dynamic_accel,52.552,4.862512094876889
dynamic_accel,52.602,-0.3299296876415081
dynamic_accel,52.652,-2.6246397169789777
dynamic_accel,52.702,1.8528209037540933
dynamic_accel,52.752,-2.628818496231717
dynamic_accel,52.802,-2.916873447411157
dynamic_accel,52.852,-2.9985544355854223
dynamic_accel,52.902,1.723811189528309
dynamic_accel,52.952,1.115403242522195
dynamic_accel,53.002,3.668116021237605
dynamic_accel,53.052,-0.10844069716321414
dynamic_accel,53.102,3.345683968614523
dynamic_accel,53.152,1.4046378451483168
dynamic_accel,53.202,-3.2777285163591863
dynamic_accel,53.252,-1.6496515582543587
dynamic_accel,53.302,-2.7007636662685703
dynamic_accel,53.352,-2.2956377883260304
dynamic_accel,53.402,0.3064382757347026
dynamic_accel,53.452,2.6122965045806037
dynamic_accel,53.502,0.9276836361815519
dynamic_accel,53.552,1.0072582817323639
dynamic_accel,53.602,1.0029193743063551
dynamic_accel,53.652,4.714365911233818
dynamic_accel,53.702,-2.1299981440111377
dynamic_accel,53.752,-3.9331831724561015
dynamic_accel,53.802,1.7855526868660228
dynamic_accel,53.852,-2.6916742915341745
dynamic_accel,53.902,-3.033900492632722
dynamic_accel,53.952,-2.1920527331093753
dynamic_accel,54.002,0.33514342888036275
dynamic_accel,54.052,3.0406170027056287
dynamic_accel,54.102,1.686285120267648
dynamic_accel,54.152,1.2942493158823645
dynamic_accel,54.202,6.310739319213571
dynamic_accel,54.252,-1.927286552596331
dynamic_accel,54.302,-2.5664090763459493
dynamic_accel,54.352,-1.313293134428518
dynamic_accel,54.402,-2.704043897725504
dynamic_accel,54.452,-0.7082816379117283
dynamic_accel,54.502,0.07253586467171402
dynamic_accel,54.552,0.6151880600224366
dynamic_accel,54.602,1.0324047979103934
dynamic_accel,54.652,-1.351378473174746
dynamic_accel,54.702,5.896961862974139
dynamic_accel,54.752,-0.47944816764473686
dynamic_accel,54.802,-1.036631980083012
dynamic_accel,54.852,-0.012696322901369683
dynamic_accel,54.902,-4.0498958282570365
dynamic_accel,54.952,-2.1077404332490257
dynamic_accel,55.002,0.4903389617076499
dynamic_accel,55.052,0.44538223363526974
dynamic_accel,55.102,0.41901290481726683
dynamic_accel,55.152,2.0909571245687584
dynamic_accel,55.202,0.7612940723028796
dynamic_accel,55.252,6.6343183777992305
dynamic_accel,55.302,-2.0927918472805125
dynamic_accel,55.352,-4.656261643530588
dynamic_accel,55.402,-0.5773334951357292
dynamic_accel,55.452,-2.4549173403432505
dynamic_accel,55.502,-0.5404984904495613
dynamic_accel,55.552,-0.3831987274207176
dynamic_accel,55.602,0.9091790245920226
dynamic_accel,55.652,1.9912392542807158
dynamic_accel,55.702,0.7517950788564587
dynamic_accel,55.752,6.666573050482583
dynamic_accel,55.802,-3.5922262628934485
dynamic_accel,55.852,-1.73532722132361
dynamic_accel,55.902,2.6893435804791093
dynamic_accel,55.952,-4.1609051405023205
dynamic_accel,56.002,-3.592194159126133
dynamic_accel,56.052,0.33209088017634336
dynamic_accel,56.102,0.1758401833329888
dynamic_accel,56.152,1.2535527371989073
dynamic_accel,56.202,1.66289666792545
dynamic_accel,56.252,2.424949855835834
dynamic_accel,56.302,-0.03714941174759545
dynamic_accel,56.352,0.9095558107134032
dynamic_accel,56.402,-1.5046843678153898
dynamic_accel,56.452,-2.337735171713849
dynamic_accel,56.502,0.280274928662287
dynamic_accel,56.552,-0.8854149246032339
dynamic_accel,56.602,0.14474728070076814
dynamic_accel,56.652,-0.2748939582058352
dynamic_accel,56.702,0.41460544704689895
dynamic_accel,56.752,0.7217699146717838
dynamic_accel,56.802,0.36271760474508596
dynamic_accel,56.852,1.3013347997977522
dynamic_accel,56.902,0.28094343764721863
dynamic_accel,56.952,-0.04440857507198359
dynamic_accel,57.002,-1.3783628579932135
dynamic_accel,57.052,-0.5676913047399417
dynamic_accel,57.102,1.0615116804222087
dynamic_accel,57.152,0.11086453080666736
dynamic_accel,57.202,-1.8992074412084374
dynamic_accel,57.252,-1.8618544775040693
dynamic_accel,57.302,-0.3269942891836468
dynamic_accel,57.352,0.7913514320139647
dynamic_accel,57.402,2.8172116058301935
dynamic_accel,57.452,1.2006017721433633
dynamic_accel,57.502,3.281491561482884
dynamic_accel,57.552,0.030363885819946645
dynamic_accel,57.602,-2.100025426305752
dynamic_accel,57.652,-2.2666801026025194
dynamic_accel,57.702,-2.066740929262968
dynamic_accel,57.752,-2.357967709991808
dynamic_accel,57.802,0.6199405765997401
dynamic_accel,57.852,-0.28478693030837476
dynamic_accel,57.902,2.020976056293911
dynamic_accel,57.952,1.8713640491540673
dynamic_accel,58.002,-0.27451540073432135
dynamic_accel,58.052,0.799384050628543
dynamic_accel,58.102,1.4377299785600535
dynamic_accel,58.152,0.8124908686839145
dynamic_accel,58.202,-1.3074015219576864
dynamic_accel,58.252,0.4266657095534985
dynamic_accel,58.302,1.2890932609294818
dynamic_accel,58.352,0.060345522877399915
dynamic_accel,58.402,-0.3994469434156933
dynamic_accel,58.452,-3.211035465064935
dynamic_accel,58.502,-3.3669826437561525
dynamic_accel,58.552,-1.2418182819121455
dynamic_accel,58.602,0.547686020997352
dynamic_accel,58.652,1.8988028085387452
dynamic_accel,58.702,2.4635283875632723
dynamic_accel,58.752,2.6784485970071668
dynamic_accel,58.802,3.5413429180461193
dynamic_accel,58.852,0.7985835723914825
dynamic_accel,58.902,-4.215655640698427
dynamic_accel,58.952,-3.4897150166814814
dynamic_accel,59.002,-2.250260235677633
dynamic_accel,59.052,-2.9788421278694504
dynamic_accel,59.102,0.1275754524529411
dynamic_accel,59.152,0.9648015362956617
dynamic_accel,59.202,1.4319916284497278
dynamic_accel,59.252,0.34803633823634783
dynamic_accel,59.302,8.743122739073122
dynamic_accel,59.352,4.213977620469173
dynamic_accel,59.402,-1.9159216352963817
dynamic_accel,59.452,-2.3386515941085904
dynamic_accel,59.502,-5.268123989646546
dynamic_accel,59.552,-5.094493819836616
dynamic_accel,59.602,-3.438598295288232
dynamic_accel,59.652,-2.8102551641963585
dynamic_accel,59.702,1.4085881605005337
dynamic_accel,59.752,2.7965804042411033
dynamic_accel,59.802,4.218707220158738
dynamic_accel,59.852,8.187439880406796
dynamic_accel,59.902,2.219948120836367
dynamic_accel,59.952,0.7230924948621507
dynamic_accel,60.002,-2.5272021922513375
dynamic_accel,60.052,-2.383515517932814
dynamic_accel,60.102,-2.7400206601665076
dynamic_accel,60.152,-2.7722284303056437
dynamic_accel,60.202,-0.7089455625486849
dynamic_accel,60.252,0.16286361512658587
dynamic_accel,60.302,-0.5706852230261834
dynamic_accel,60.352,1.7961470965044484
dynamic_accel,60.402,3.0730375248822313
dynamic_accel,60.452,1.56993757605421
dynamic_accel,60.502,-1.4946478962756462
dynamic_accel,60.552,-1.9957035100128433
dynamic_accel,60.602,-0.9789592513828449
dynamic_accel,60.652,0.7689116476387241
dynamic_accel,60.702,0.8444081333659117
dynamic_accel,60.752,-0.5555305447049133
dynamic_accel,60.802,-1.1776722960396206
dynamic_accel,60.852,-0.5494902419588605
dynamic_accel,60.902,-0.18243676564992128
dynamic_accel,60.952,0.9605564210173778
dynamic_accel,61.002,2.3510170801681234
dynamic_accel,61.052,1.5176113656558368
dynamic_accel,61.102,-2.4210894544577224
dynamic_accel,61.152,3.1175141688418275
dynamic_accel,61.202,-1.3850012705380408
dynamic_accel,61.252,-0.8882186287621874
dynamic_accel,61.302,-2.6318472588921633
dynamic_accel,61.352,-3.504868039225033
dynamic_accel,61.402,0.28351309509847056
dynamic_accel,61.452,0.8539438844616623
dynamic_accel,61.502,1.2525600889952013
dynamic_accel,61.552,2.952322798970682
dynamic_accel,61.602,0.5364815808234109
dynamic_accel,61.652,1.8102810461877965
dynamic_accel,61.702,2.950151158646097
dynamic_accel,61.752,-3.244185941254422
dynamic_accel,61.802,-1.583319331540551
dynamic_accel,61.852,-2.3488927982051235
dynamic_accel,61.902,-2.7383774032110004
dynamic_accel,61.952,0.3799524668034202
dynamic_accel,62.002,1.7878525972777712
dynamic_accel,62.052,2.4912709483347193
dynamic_accel,62.102,0.7949544400664426
dynamic_accel,62.152,1.4316874006831348
dynamic_accel,62.202,0.9391575087561446
dynamic_accel,62.252,-3.428658031452417
dynamic_accel,62.302,-1.3691750211053755
dynamic_accel,62.352,-2.2618151504897064
dynamic_accel,62.402,-2.1153017706960746
dynamic_accel,62.452,-0.47718181472892596
dynamic_accel,62.502,2.2874949789047747
dynamic_accel,62.552,6.122050393357817
dynamic_accel,62.602,0.8329676973971623
dynamic_accel,62.652,4.415237189046351
dynamic_accel,62.702,0.7552091140470925
dynamic_accel,62.752,-5.169105341316654
dynamic_accel,62.802,-5.0496866290421405
dynamic_accel,62.852,-4.105521714377107
dynamic_accel,62.902,-1.9507945830996896
dynamic_accel,62.952,1.2399758668927543
dynamic_accel,63.002,2.949832023711057
dynamic_accel,63.052,3.92251211438421
dynamic_accel,63.102,3.3030999301393607
dynamic_accel,63.152,4.640859987494865
dynamic_accel,63.202,-2.6441802284246805
dynamic_accel,63.252,-3.231192553732651
dynamic_accel,63.302,-3.1531254932713226
dynamic_accel,63.352,-3.56902008286953
dynamic_accel,63.402,-1.5545589079185032
dynamic_accel,63.452,0.7900210429038683
dynamic_accel,63.502,1.410987261805662
dynamic_accel,63.552,3.7312468212135723
dynamic_accel,63.602,0.7206307632393454
dynamic_accel,63.652,6.759832252638134
dynamic_accel,63.702,-0.9612332815867219
dynamic_accel,63.752,-4.727881139620367
dynamic_accel,63.802,-2.24235047453487
dynamic_accel,63.852,-3.208054289119663
dynamic_accel,63.902,-1.9419513268226805
dynamic_accel,63.952,2.109968165624542
dynamic_accel,64.002,1.854469898446462
dynamic_accel,64.052,4.047604167595091
dynamic_accel,64.102,0.32389764763884266
dynamic_accel,64.152,3.8131286780536655
dynamic_accel,64.202,-2.710446689376875
dynamic_accel,64.252,-3.193583491822128
dynamic_accel,64.302,-1.9879871321716767
dynamic_accel,64.352,-2.7073302200867264
dynamic_accel,64.402,-2.5159751070503864
dynamic_accel,64.452,1.031716129620877
dynamic_accel,64.502,2.1976105122339167
dynamic_accel,64.552,1.7128525944694246
dynamic_accel,64.602,2.7120948685217083
dynamic_accel,64.652,2.544654713156552
dynamic_accel,64.702,2.9782294711194233
dynamic_accel,64.752,-3.066855762591838
dynamic_accel,64.802,-2.8039692271587224
dynamic_accel,64.852,-3.2689854877988678
dynamic_accel,64.902,-2.4844478207472482
dynamic_accel,64.952,1.1256091254403895
dynamic_accel,65.002,1.4004272045375998
dynamic_accel,65.052,2.1066465945468593
dynamic_accel,65.102,1.3967096581232088
dynamic_accel,65.152,1.9686693358947345
dynamic_accel,65.202,2.7422418234997696
dynamic_accel,65.252,-2.926221494870374
dynamic_accel,65.302,-2.8774221671150455
dynamic_accel,65.352,-2.59571421182489
dynamic_accel,65.402,-3.0015938357480287
dynamic_accel,65.452,1.2535081575592883
dynamic_accel,65.502,1.6247145677266595
dynamic_accel,65.552,2.9691141793595044
dynamic_accel,65.602,2.433781184033581
dynamic_accel,65.652,-0.2678020427561645
dynamic_accel,65.702,3.1053857837896732
dynamic_accel,65.752,-2.670836849207179
dynamic_accel,65.802,-4.455935977397593
dynamic_accel,65.852,-2.0541523498971745
dynamic_accel,65.902,0.28027964494055624
dynamic_accel,65.952,0.6210896754026436
dynamic_accel,66.002,1.633083178811214
dynamic_accel,66.052,1.97972456499925
dynamic_accel,66.102,-0.9032112323331365
dynamic_accel,66.152,4.377308102804237
dynamic_accel,66.202,0.1631120634082368
dynamic_accel,66.252,-2.9157516555172656
dynamic_accel,66.302,-2.301108138182954
dynamic_accel,66.352,-1.7180156930372608
dynamic_accel,66.402,-1.6751719865323587
dynamic_accel,66.452,-0.4480092297072531
dynamic_accel,66.502,1.166728404373007
dynamic_accel,66.552,2.631559183145596
dynamic_accel,66.602,-0.034592825296503094
dynamic_accel,66.652,7.447802417029706
dynamic_accel,66.702,0.6635793141018063
dynamic_accel,66.752,-5.349942499957832
dynamic_accel,66.802,-2.0315125644152427
dynamic_accel,66.852,-2.8946212925194628
dynamic_accel,66.902,-2.0982342513802443
dynamic_accel,66.952,1.3911937117759816
dynamic_accel,67.002,0.7651397514990776
dynamic_accel,67.052,2.2842071749379826
dynamic_accel,67.102,1.284852092236795
dynamic_accel,67.152,5.743736129819979
dynamic_accel,67.202,-1.4167467420453725
dynamic_accel,67.252,-2.7695442203026754
dynamic_accel,67.302,-1.661303838176842
dynamic_accel,67.352,-2.664486765245144
dynamic_accel,67.402,-2.595109646390881
dynamic_accel,67.452,0.23937350256295709
dynamic_accel,67.502,1.1253321313254165
dynamic_accel,67.552,1.4308670473179603
dynamic_accel,67.602,2.089114475583015
dynamic_accel,67.652,-1.0133146146344263
dynamic_accel,67.702,5.487631574207311
dynamic_accel,67.752,-0.767904275282719
dynamic_accel,67.802,-1.809633735257556
dynamic_accel,67.852,0.2965762445154496
dynamic_accel,67.902,-3.2908940895376615
dynamic_accel,67.952,-1.478511266468054
dynamic_accel,68.002,0.7412723944963044
dynamic_accel,68.052,1.2688795542210727
dynamic_accel,68.102,-2.3339563463161976
dynamic_accel,68.152,2.718634485055256
dynamic_accel,68.202,0.8770958501060235
dynamic_accel,68.252,-3.2010089304973217
dynamic_accel,68.302,2.8787724314178593
dynamic_accel,68.352,1.3483593183773337
dynamic_accel,68.402,-2.498063904536706
dynamic_accel,68.452,0.04977838098228382
dynamic_accel,68.502,-0.36575678717731286
dynamic_accel,68.552,0.032536694469559535
dynamic_accel,68.602,0.44494386836153055
dynamic_accel,68.652,0.04914226935917654
dynamic_accel,68.702,0.5312922312712907
dynamic_accel,68.752,-0.3525585857407769
dynamic_accel,68.802,0.8671861364791642
dynamic_accel,68.852,0.08578393555667319
dynamic_accel,68.902,-0.3155759103564648
dynamic_accel,68.952,0.050738618465885565
dynamic_accel,69.002,-0.24439158591899357
dynamic_accel,69.052,-0.5513022905044966
dynamic_accel,69.102,-1.316809338373318
dynamic_accel,69.152,3.5472882967804686
dynamic_accel,69.202,-0.026982348230896847
dynamic_accel,69.252,-1.502035864686345
dynamic_accel,69.302,0.0783456896335224
dynamic_accel,69.352,-0.5766590896951254
dynamic_accel,69.402,-0.050193642399966265
dynamic_accel,69.452,-0.44278757287242065
dynamic_accel,69.502,-0.2712323693662526
dynamic_accel,69.552,-1.6138219105047291
dynamic_accel,69.602,0.44942693460737004
dynamic_accel,69.652,3.146950533094575
dynamic_accel,69.702,-0.2110954043822897
dynamic_accel,69.752,-0.3151871988455035
dynamic_accel,69.802,-0.12750313514331424
dynamic_accel,69.852,-0.8575494188426944
dynamic_accel,69.902,-0.0309679740663924
dynamic_accel,69.952,-0.7919475638621343
dynamic_accel,70.002,-1.3842146438996537
dynamic_accel,70.052,0.037438810311359205
dynamic_accel,70.102,0.29277026193632594
dynamic_accel,70.152,2.095561951439345
dynamic_accel,70.202,1.5342743668519354
dynamic_accel,70.252,1.6260481788517271
dynamic_accel,70.302,1.0126982012929062
dynamic_accel,70.352,-1.8234430088703508
dynamic_accel,70.402,-0.8044957737111265
dynamic_accel,70.452,-1.3304555566337726
dynamic_accel,70.502,-1.2829133555187653
dynamic_accel,70.552,-1.904926339897802
dynamic_accel,70.602,-1.029293584063094
dynamic_accel,70.652,0.8295787185542771
dynamic_accel,70.702,3.7141136198600826
dynamic_accel,70.752,0.2917184750255437
magnetic_norm,0.022,50.358190626873245
magnetic_norm,0.023,53.817638038681146
magnetic_norm,0.043,57.15293322295461
magnetic_norm,0.063,52.86097762574968
magnetic_norm,0.083,54.32517613427506
magnetic_norm,0.103,52.11464473391821
magnetic_norm,0.123,52.24159393792469
magnetic_norm,0.143,53.492970037426495
magnetic_norm,0.163,52.75560140366618
magnetic_norm,0.182,52.74189696353839
magnetic_norm,0.203,52.807553392601896
magnetic_norm,0.223,51.95836999752792
magnetic_norm,0.243,53.579472644311274
magnetic_norm,0.263,51.78378455136805
magnetic_norm,0.283,52.01506306013677
magnetic_norm,0.303,53.5104582210338
magnetic_norm,0.323,51.8128003806734
magnetic_norm,0.343,51.781738425698975
magnetic_norm,0.363,52.691368732696716
magnetic_norm,0.383,51.06161250061057
magnetic_norm,0.403,52.48106793751923
magnetic_norm,0.422,54.503246989170364
magnetic_norm,0.443,51.3541141395945
magnetic_norm,0.463,52.280036970386696
magnetic_norm,0.483,50.33895228535751
magnetic_norm,0.503,52.578764576347744
magnetic_norm,0.523,50.98837766834716
magnetic_norm,0.543,56.54389369982854
magnetic_norm,0.563,55.5167542137057
magnetic_norm,0.582,54.432000716145865
magnetic_norm,0.603,53.90286004506166
magnetic_norm,0.623,52.231543158205746
magnetic_norm,0.643,50.47653688039131
magnetic_norm,0.663,49.36372761805988
magnetic_norm,0.683,49.726207297183926
magnetic_norm,0.703,50.6471983687154
magnetic_norm,0.723,48.849652248378405
magnetic_norm,0.742,49.562496540100774
magnetic_norm,0.763,48.315462055769515
magnetic_norm,0.784,49.678535067094124
magnetic_norm,0.803,47.567451063069456
magnetic_norm,0.824,49.29158743639736
magnetic_norm,0.843,48.41906698063284
magnetic_norm,0.863,48.52997704383344
magnetic_norm,0.883,48.18711816619151
magnetic_norm,0.903,47.187855519852825
magnetic_norm,0.923,49.052453562487635
magnetic_norm,0.943,48.71261726236854
magnetic_norm,0.963,46.9263568595785
magnetic_norm,0.985,49.07925378749666
magnetic_norm,1.003,47.75182522453998
magnetic_norm,1.023,46.47834956864326
magnetic_norm,1.044,48.551615887630405
magnetic_norm,1.063,48.54071181106639
magnetic_norm,1.083,47.32425800686158
magnetic_norm,1.103,46.80021650871404
magnetic_norm,1.123,49.49003450822195
magnetic_norm,1.142,48.37147664029397
magnetic_norm,1.163,46.86798976540394
magnetic_norm,1.184,48.22080887853295
magnetic_norm,1.203,49.39255744196185
magnetic_norm,1.223,47.44113135310435
magnetic_norm,1.243,45.808691990167155
magnetic_norm,1.263,46.54472900791238
magnetic_norm,1.282,46.52133461372858
magnetic_norm,1.303,45.97470076126117
magnetic_norm,1.323,46.45935666566533
magnetic_norm,1.343,46.51815069738913
magnetic_norm,1.368,47.13759830049421
magnetic_norm,1.383,44.63354303729987
magnetic_norm,1.403,46.06800347982865
magnetic_norm,1.422,47.27368965621897
magnetic_norm,1.442,45.57912892152504
magnetic_norm,1.463,46.15115112323852
magnetic_norm,1.483,45.211786798715444
magnetic_norm,1.503,44.2217872252468
magnetic_norm,1.524,44.58339710588746
magnetic_norm,1.543,43.38714752955361
magnetic_norm,1.563,42.988099296782124
magnetic_norm,1.583,44.08391651399077
magnetic_norm,1.604,43.92814300622102
magnetic_norm,1.623,44.24783234169505
magnetic_norm,1.643,44.11112957349886
magnetic_norm,1.663,43.07140005242753
magnetic_norm,1.683,43.09076016395512
magnetic_norm,1.702,44.63135479080267
magnetic_norm,1.723,43.12670602842871
magnetic_norm,1.743,41.956643358054755
magnetic_norm,1.763,42.31808666081802
magnetic_norm,1.783,42.08459681766007
magnetic_norm,1.803,41.068673978821785
magnetic_norm,1.823,41.52421290412986
magnetic_norm,1.844,41.62536023492775
magnetic_norm,1.862,43.010908309695175
magnetic_norm,1.883,41.66942950572404
magnetic_norm,1.903,41.93003641260647
magnetic_norm,1.924,41.79961688619287
magnetic_norm,1.943,43.42076379380613
magnetic_norm,1.963,41.73418772288205
magnetic_norm,1.983,42.343305565062515
magnetic_norm,2.007,41.67398455400568
magnetic_norm,2.023,41.99483213286492
magnetic_norm,2.043,42.405233959825054
magnetic_norm,2.064,43.994872950379126
magnetic_norm,2.084,41.62989119316797
magnetic_norm,2.103,39.67174465898247
magnetic_norm,2.122,41.679699547951444
magnetic_norm,2.142,43.15732882432895
magnetic_norm,2.167,39.564194919143816
magnetic_norm,2.183,42.526316596020926
magnetic_norm,2.203,42.46418720822298
magnetic_norm,2.223,41.293073361794
magnetic_norm,2.243,41.44508922348342
magnetic_norm,2.262,40.877195516265616
magnetic_norm,2.282,41.86238762316966
magnetic_norm,2.303,41.91147281033263
magnetic_norm,2.323,42.39924501406248
magnetic_norm,2.343,42.775413947383434
magnetic_norm,2.363,41.09593381163158
magnetic_norm,2.383,40.916660061642425
magnetic_norm,2.402,43.39815627693772
magnetic_norm,2.423,43.88689230880913
magnetic_norm,2.442,42.984628212972844
magnetic_norm,2.463,42.32054504433988
magnetic_norm,2.483,43.52711723604044
magnetic_norm,2.503,41.27243148377018
magnetic_norm,2.523,41.89585173498689
magnetic_norm,2.543,41.03132166618271
magnetic_norm,2.563,45.093703222428964
magnetic_norm,2.582,41.72362408561261
magnetic_norm,2.603,42.50802199703022
magnetic_norm,2.623,44.57248222908955
magnetic_norm,2.65,43.348295661003306
magnetic_norm,2.663,42.07280373599439
magnetic_norm,2.683,43.373015907791164
magnetic_norm,2.703,42.90851024461816
magnetic_norm,2.723,43.57644544504524
magnetic_norm,2.743,42.75077863554071
magnetic_norm,2.764,44.221249929332615
magnetic_norm,2.784,43.154590407771224
magnetic_norm,2.803,44.40937863899079
magnetic_norm,2.822,44.5115495658852
magnetic_norm,2.843,44.92397609788958
magnetic_norm,2.863,45.42388379242251
magnetic_norm,2.884,44.27113642690912
magnetic_norm,2.904,43.890594213851784
magnetic_norm,2.923,43.7809662222067
magnetic_norm,2.943,44.038980460014066
magnetic_norm,2.967,43.840408568608304
magnetic_norm,2.983,45.10246597928434
magnetic_norm,3.003,45.04420154595374
magnetic_norm,3.024,42.67662563863277
magnetic_norm,3.043,44.601435440045016
magnetic_norm,3.063,44.66994888848666
magnetic_norm,3.083,45.337694491311545
magnetic_norm,3.105,43.3066444764831
magnetic_norm,3.123,44.59774903232225
magnetic_norm,3.142,43.95274199594954
magnetic_norm,3.163,43.019436004409705
magnetic_norm,3.183,44.48624785636009
magnetic_norm,3.203,44.56091621182753
magnetic_norm,3.223,44.48477436227483
magnetic_norm,3.243,45.11039736163943
magnetic_norm,3.263,45.38898371053269
magnetic_norm,3.284,44.23300231501377
magnetic_norm,3.303,43.811887194287856
magnetic_norm,3.324,46.54669053045022
magnetic_norm,3.343,44.15260335260538
magnetic_norm,3.363,48.53604644321072
magnetic_norm,3.383,42.93411701127098
magnetic_norm,3.403,42.936885417348485
magnetic_norm,3.423,45.54196064776422
magnetic_norm,3.443,43.11120576462693
magnetic_norm,3.463,43.89834455739765
magnetic_norm,3.483,47.92747123076971
magnetic_norm,3.503,48.5922490196482
magnetic_norm,3.523,47.83531079735973
magnetic_norm,3.543,47.50847236243768
magnetic_norm,3.563,47.404900108269445
magnetic_norm,3.584,48.59971933317882
magnetic_norm,3.604,48.13242084699781
magnetic_norm,3.626,48.77159151814204
magnetic_norm,3.644,46.41422279996725
magnetic_norm,3.663,47.369470035113515
magnetic_norm,3.683,50.53222401658669
magnetic_norm,3.702,50.6447094000203
magnetic_norm,3.724,49.46221005479845
magnetic_norm,3.743,51.40379925702238
magnetic_norm,3.763,48.813333859715016
magnetic_norm,3.783,49.587438408582926
magnetic_norm,3.803,48.65690407190434
magnetic_norm,3.823,48.55379024211189
magnetic_norm,3.844,49.78860821324995
magnetic_norm,3.864,49.03409567765076
magnetic_norm,3.884,51.603276017371314
magnetic_norm,3.904,51.444789560144116
magnetic_norm,3.924,48.904640760617
magnetic_norm,3.943,51.379727017205035
magnetic_norm,3.963,51.41260120996611
magnetic_norm,3.983,50.81092728894547
magnetic_norm,4.003,50.54716822595021
magnetic_norm,4.023,51.12125652211616
magnetic_norm,4.045,49.621861182597776
magnetic_norm,4.064,52.46308195281239
magnetic_norm,4.084,51.27826601263448
magnetic_norm,4.102,51.2436232830486
magnetic_norm,4.123,52.41457111934619
magnetic_norm,4.144,52.519866684308234
magnetic_norm,4.163,52.35737341483051
magnetic_norm,4.183,51.82284986350147
magnetic_norm,4.203,54.270099706583494
magnetic_norm,4.223,52.33378125300625
magnetic_norm,4.248,53.91637544522076
magnetic_norm,4.262,53.510660649537876
magnetic_norm,4.284,54.540411121594055
magnetic_norm,4.304,51.98580174920361
magnetic_norm,4.324,53.07812387120988
magnetic_norm,4.344,54.355991289484365
magnetic_norm,4.364,55.029716758879474
magnetic_norm,4.383,52.394505616047184
magnetic_norm,4.404,54.40163620322007
magnetic_norm,4.423,55.24560428939129
magnetic_norm,4.443,54.62649723916046
magnetic_norm,4.463,54.119616000577906
magnetic_norm,4.483,57.04582040535485
magnetic_norm,4.503,55.57680837746091
magnetic_norm,4.523,53.15271937417693
magnetic_norm,4.544,54.338293786127515
magnetic_norm,4.564,55.75269543528815
magnetic_norm,4.583,54.16986630487009
magnetic_norm,4.604,56.34851804025111
magnetic_norm,4.624,54.91615313935423
magnetic_norm,4.645,55.8527818661479
magnetic_norm,4.662,53.005121719014184
magnetic_norm,4.683,54.66007170378122
magnetic_norm,4.704,53.703651502248974
magnetic_norm,4.723,56.66625468235057
magnetic_norm,4.743,53.86391296302895
magnetic_norm,4.764,53.05194100737512
magnetic_norm,4.783,53.734245147415066
magnetic_norm,4.804,53.82424232785365
magnetic_norm,4.823,52.161088002096925
magnetic_norm,4.844,54.00747669593998
magnetic_norm,4.864,51.739135185998315
magnetic_norm,4.884,51.575216601884044
magnetic_norm,4.903,53.85648413747415
magnetic_norm,4.923,51.45448929175192
magnetic_norm,4.942,51.76007448096459
magnetic_norm,4.963,52.37016365653731
magnetic_norm,4.983,51.816646480884934
magnetic_norm,5.003,52.376822734034775
magnetic_norm,5.024,53.49933842102637
magnetic_norm,5.044,51.464150377714425
magnetic_norm,5.063,51.76070589839363
magnetic_norm,5.083,49.40525426928295
magnetic_norm,5.103,50.85167356980497
magnetic_norm,5.123,51.22217644267962
magnetic_norm,5.144,51.17246700240778
magnetic_norm,5.163,51.87230902899932
magnetic_norm,5.183,51.42355423064905
magnetic_norm,5.204,52.224609728747694
magnetic_norm,5.223,52.962115734976074
magnetic_norm,5.243,49.419103946045034
magnetic_norm,5.263,51.64546559868544
magnetic_norm,5.284,52.656056022075944
magnetic_norm,5.303,52.130170582039185
magnetic_norm,5.323,51.745839030798045
magnetic_norm,5.345,52.00869701057227
magnetic_norm,5.365,51.55788696553864
magnetic_norm,5.382,52.4427109337537
magnetic_norm,5.403,51.11851854734252
magnetic_norm,5.424,53.18322756306741
magnetic_norm,5.444,52.265038237944104
magnetic_norm,5.463,52.265038237944104
magnetic_norm,5.483,52.055448014088824
magnetic_norm,5.503,50.884629389924804
magnetic_norm,5.524,50.81140953874197
magnetic_norm,5.542,51.96251974566624
magnetic_norm,5.563,49.63495057190054
magnetic_norm,5.583,50.227446419748944
magnetic_norm,5.603,51.224807835583924
magnetic_norm,5.623,51.31145800421192
magnetic_norm,5.642,51.523925343596446
magnetic_norm,5.662,49.13909734366316
magnetic_norm,5.683,50.88206316977036
magnetic_norm,5.703,51.17929243722505
magnetic_norm,5.723,51.207641246204695
magnetic_norm,5.743,49.43906862146074
magnetic_norm,5.763,51.46309315470659
magnetic_norm,5.783,50.70611127849885
magnetic_norm,5.803,48.77302514122177
magnetic_norm,5.822,50.57687306059473
magnetic_norm,5.843,49.838054643640575
magnetic_norm,5.863,49.172227155173765
magnetic_norm,5.883,49.421834591352436
magnetic_norm,5.904,49.111923354975616
magnetic_norm,5.923,49.443214185871895
magnetic_norm,5.943,47.385299946819046
magnetic_norm,5.963,49.983895956347794
magnetic_norm,5.983,48.98408155737948
magnetic_norm,6.004,50.21946257739623
magnetic_norm,6.023,49.13213450100657
magnetic_norm,6.043,47.739669330521146
magnetic_norm,6.063,50.20207472654894
magnetic_norm,6.082,48.37257880150188
magnetic_norm,6.106,49.72099219896968
magnetic_norm,6.123,49.98214407728524
magnetic_norm,6.143,49.14682357233277
magnetic_norm,6.163,49.04641674633328
magnetic_norm,6.183,48.694358095548445
magnetic_norm,6.203,49.274329366821554
magnetic_norm,6.223,49.901582973864706
magnetic_norm,6.243,49.71570469303445
magnetic_norm,6.263,48.83897328919301
magnetic_norm,6.283,48.3384533198157
magnetic_norm,6.303,50.224090691743775
magnetic_norm,6.323,46.82711310288099
magnetic_norm,6.343,47.836603078735735
magnetic_norm,6.362,48.012747215583325
magnetic_norm,6.383,47.50097260280578
magnetic_norm,6.403,49.32334360476542
magnetic_norm,6.423,49.79899513105163
magnetic_norm,6.443,48.48564744140786
magnetic_norm,6.463,48.97799690799941
magnetic_norm,6.485,47.499551015246496
magnetic_norm,6.502,47.19096692985862
magnetic_norm,6.522,47.433607881042626
magnetic_norm,6.543,47.65640318755721
magnetic_norm,6.563,49.75218785691741
magnetic_norm,6.586,46.90685569774165
magnetic_norm,6.603,47.82488559628767
magnetic_norm,6.623,50.33020777934969
magnetic_norm,6.642,49.62327749756158
magnetic_norm,6.663,48.4916072893805
magnetic_norm,6.684,47.8778419391476
magnetic_norm,6.703,47.75676643097294
magnetic_norm,6.723,48.34332175104438
magnetic_norm,6.744,48.942059639996806
magnetic_norm,6.763,45.79802417258313
magnetic_norm,6.783,47.04237608834724
magnetic_norm,6.808,48.49405884873945
magnetic_norm,6.823,47.19872951830921
magnetic_norm,6.843,49.36972261601741
magnetic_norm,6.863,46.89608900604079
magnetic_norm,6.884,46.196370088731
magnetic_norm,6.903,45.34896637416348
magnetic_norm,6.923,46.76597918620977
magnetic_norm,6.943,46.67162658028974
magnetic_norm,6.963,45.17767381573839
magnetic_norm,6.983,46.209228182664
magnetic_norm,7.003,47.3176217960868
magnetic_norm,7.023,45.175704968821506
magnetic_norm,7.047,47.448267649804684
magnetic_norm,7.062,47.583440331091026
magnetic_norm,7.083,45.97794514873413
magnetic_norm,7.104,44.34832664881516
magnetic_norm,7.126,48.11548967094696
magnetic_norm,7.143,47.23411249888687
magnetic_norm,7.163,46.436366881464835
magnetic_norm,7.183,46.18539611554722
magnetic_norm,7.203,45.80683880333814
magnetic_norm,7.222,47.2839206987164
magnetic_norm,7.243,46.86908376492711
magnetic_norm,7.263,47.075780001158776
magnetic_norm,7.284,48.082711811653304
magnetic_norm,7.303,48.323104431413036
magnetic_norm,7.323,47.15875850903427
magnetic_norm,7.343,47.05758814009171
magnetic_norm,7.364,45.66179820333953
magnetic_norm,7.383,47.35010475094019
magnetic_norm,7.403,48.260474899284816
magnetic_norm,7.423,47.6255226290222
magnetic_norm,7.446,47.396256517524726
magnetic_norm,7.463,46.664149471636776
magnetic_norm,7.482,45.63191638562865
magnetic_norm,7.503,46.65582676793976
magnetic_norm,7.523,45.785806707100974
magnetic_norm,7.544,46.26457540602745
magnetic_norm,7.563,47.69618684640842
magnetic_norm,7.583,44.85594520905228
magnetic_norm,7.603,44.170865415593795
magnetic_norm,7.622,47.36606344322379
magnetic_norm,7.643,46.33739705478183
magnetic_norm,7.663,47.14030213588479
magnetic_norm,7.683,47.08011622927989
magnetic_norm,7.703,47.52844296445024
magnetic_norm,7.723,48.54410780826041
magnetic_norm,7.743,44.7519727394782
magnetic_norm,7.763,45.05438991216621
magnetic_norm,7.782,46.844413883220966
magnetic_norm,7.803,48.146293494411466
magnetic_norm,7.823,47.5200146602724
magnetic_norm,7.843,47.08055260096786
magnetic_norm,7.863,46.35780108137142
magnetic_norm,7.883,47.299464189486464
magnetic_norm,7.903,47.003996423841514
magnetic_norm,7.923,45.93376979712205
magnetic_norm,7.942,48.180405886366344
magnetic_norm,7.963,47.311797579594256
magnetic_norm,7.983,49.77034709530876
magnetic_norm,8.003,47.931856114827276
magnetic_norm,8.023,48.409132744245774
magnetic_norm,8.042,48.76977736672594
magnetic_norm,8.063,47.9938070324443
magnetic_norm,8.083,47.32989449214428
magnetic_norm,8.103,46.442008950006674
magnetic_norm,8.123,44.971688828278495
magnetic_norm,8.143,45.01596067314635
magnetic_norm,8.163,46.46375981948189
magnetic_norm,8.182,50.33429442524749
magnetic_norm,8.203,47.20038387363763
magnetic_norm,8.223,47.77306749388205
magnetic_norm,8.243,48.11384389315627
magnetic_norm,8.263,49.03271864263197
magnetic_norm,8.283,44.60139978389136
magnetic_norm,8.303,47.523061424823
magnetic_norm,8.322,46.78448357802515
magnetic_norm,8.342,46.32514864771092
magnetic_norm,8.363,46.132857562425066
magnetic_norm,8.383,47.545868059748415
magnetic_norm,8.403,48.55553883505465
magnetic_norm,8.423,48.48009296672708
magnetic_norm,8.443,48.38791676145762
magnetic_norm,8.463,48.48775853809654
magnetic_norm,8.483,47.62904049600421
magnetic_norm,8.503,49.231805425913436
magnetic_norm,8.523,46.25347124162693
magnetic_norm,8.544,48.85994320440317
magnetic_norm,8.568,48.700002005261766
magnetic_norm,8.583,48.47861413628695
magnetic_norm,8.603,49.34383863893246
magnetic_norm,8.623,48.08474441220941
magnetic_norm,8.643,49.497092608177546
magnetic_norm,8.663,48.85395526784397
magnetic_norm,8.683,48.498390169159265
magnetic_norm,8.707,49.31041330706685
magnetic_norm,8.723,48.85994320440317
magnetic_norm,8.743,48.68937928736362
magnetic_norm,8.763,49.46790973297744
magnetic_norm,8.783,50.16583901839981
magnetic_norm,8.804,48.221479898744334
magnetic_norm,8.824,47.05117186332881
magnetic_norm,8.849,48.44031060406978
magnetic_norm,8.863,49.0780213350386
magnetic_norm,8.883,49.86600137393225
magnetic_norm,8.903,47.43796432381457
magnetic_norm,8.926,47.84603487019597
magnetic_norm,8.943,49.296250258386806
magnetic_norm,8.964,50.52006253521965
magnetic_norm,8.983,48.98217011219501
magnetic_norm,9.003,49.17273426892697
magnetic_norm,9.024,49.15213412144483
magnetic_norm,9.043,49.34734200053239
magnetic_norm,9.062,49.175797924716065
magnetic_norm,9.084,48.55437177914579
magnetic_norm,9.103,47.81025795284419
magnetic_norm,9.123,48.57196587019105
magnetic_norm,9.157,50.33185039850516
magnetic_norm,9.163,50.360506304543925
magnetic_norm,9.183,50.123986118175
magnetic_norm,9.21,49.298055269959725
magnetic_norm,9.223,50.354519001575305
magnetic_norm,9.243,47.98092981065508
magnetic_norm,9.263,50.8021553122995
magnetic_norm,9.283,50.06792675560881
magnetic_norm,9.303,49.512588524737865
magnetic_norm,9.324,49.49025110324772
magnetic_norm,9.343,50.21187890661441
magnetic_norm,9.364,51.58110477522272
magnetic_norm,9.383,51.70959921914894
magnetic_norm,9.404,49.516923282853554
magnetic_norm,9.423,51.25020541117372
magnetic_norm,9.443,49.22031922115605
magnetic_norm,9.462,50.10703778487622
magnetic_norm,9.483,50.435996448964985
magnetic_norm,9.504,49.80921530889138
magnetic_norm,9.524,47.516553269413485
magnetic_norm,9.543,48.754017320511664
magnetic_norm,9.563,50.22637857782004
magnetic_norm,9.583,49.479176819471284
magnetic_norm,9.603,50.74141131051146
magnetic_norm,9.622,49.4989488661123
magnetic_norm,9.644,49.796013218806074
magnetic_norm,9.663,49.263072900119624
magnetic_norm,9.683,49.27934765751276
magnetic_norm,9.704,48.84528089309145
magnetic_norm,9.724,50.972563851791875
magnetic_norm,9.743,50.51097085213279
magnetic_norm,9.763,49.246962001351
magnetic_norm,9.784,50.45143444244186
magnetic_norm,9.803,50.621431061606714
magnetic_norm,9.823,50.25972891199777
magnetic_norm,9.844,48.472065271917366
magnetic_norm,9.863,49.14195280689412
magnetic_norm,9.883,50.04274539673571
magnetic_norm,9.903,51.769145253398804
magnetic_norm,9.924,49.13786050859875
magnetic_norm,9.943,50.48712631943914
magnetic_norm,9.963,50.89627674201732
magnetic_norm,9.984,49.700241351576956
magnetic_norm,10.003,50.145419339781306
magnetic_norm,10.022,52.14591231367042
magnetic_norm,10.043,49.79537229063058
magnetic_norm,10.063,50.22732005249981
magnetic_norm,10.083,50.75553024831384
magnetic_norm,10.103,49.77980232313114
magnetic_norm,10.123,50.70868901608485
magnetic_norm,10.153,51.07854410941553
magnetic_norm,10.164,51.102445878646634
magnetic_norm,10.182,50.17923470926503
magnetic_norm,10.203,50.07819403817398
magnetic_norm,10.224,50.981048468891935
magnetic_norm,10.244,51.35787921840718
magnetic_norm,10.263,50.24473511933875
magnetic_norm,10.283,52.69620649245075
magnetic_norm,10.304,51.585424641317175
magnetic_norm,10.323,50.90505457859767
magnetic_norm,10.343,52.581557650591755
magnetic_norm,10.364,51.13043239206961
magnetic_norm,10.383,50.83227179312375
magnetic_norm,10.403,51.045649360400965
magnetic_norm,10.423,51.541515562335846
magnetic_norm,10.443,52.80530979412724
magnetic_norm,10.463,50.50059714993478
magnetic_norm,10.483,52.020985697120466
magnetic_norm,10.503,51.86667236614966
magnetic_norm,10.523,50.143775907808354
magnetic_norm,10.544,52.58907337639168
magnetic_norm,10.565,51.6337388251495
magnetic_norm,10.582,50.421124320144955
magnetic_norm,10.602,52.685796331601594
magnetic_norm,10.622,52.60798993534633
magnetic_norm,10.643,51.426173683130536
magnetic_norm,10.663,53.91324464046382
magnetic_norm,10.683,51.0326018465893
magnetic_norm,10.703,51.79388764009707
magnetic_norm,10.722,53.75171469323107
magnetic_norm,10.742,53.981854587791894
magnetic_norm,10.762,51.63131028414356
magnetic_norm,10.783,51.230318629450274
magnetic_norm,10.803,52.36708814269713
magnetic_norm,10.823,51.55939423199229
magnetic_norm,10.843,51.27399220304099
magnetic_norm,10.862,53.092296327480625
magnetic_norm,10.883,52.21522205317621
magnetic_norm,10.903,49.809336463508565
magnetic_norm,10.923,50.14604737961658
magnetic_norm,10.943,52.40323448390376
magnetic_norm,10.963,53.56959447881796
magnetic_norm,10.983,52.47903383316526
magnetic_norm,11.003,51.99005521707975
magnetic_norm,11.023,50.76742770056909
magnetic_norm,11.043,52.62602624842591
magnetic_norm,11.063,51.96803933249503
magnetic_norm,11.083,49.65254086134474
magnetic_norm,11.103,48.42889551806859
magnetic_norm,11.123,52.549284685069786
magnetic_norm,11.143,52.79242914443332
magnetic_norm,11.163,54.28203845334112
magnetic_norm,11.182,52.22201678165786
magnetic_norm,11.203,53.42208337002358
magnetic_norm,11.223,53.59907935916441
magnetic_norm,11.243,53.79723621014382
magnetic_norm,11.263,50.31315061691128
magnetic_norm,11.282,48.929359955930344
magnetic_norm,11.302,50.8910004577185
magnetic_norm,11.323,49.33827633085709
magnetic_norm,11.343,49.83506735447444
magnetic_norm,11.363,50.76048996837998
magnetic_norm,11.383,50.154420627572925
magnetic_norm,11.403,48.99501343032269
magnetic_norm,11.423,49.668641397053825
magnetic_norm,11.443,49.279292986126585
magnetic_norm,11.462,51.65301771411813
magnetic_norm,11.483,48.19846421956824
magnetic_norm,11.503,49.65464833808613
magnetic_norm,11.523,49.080470038244336
magnetic_norm,11.543,48.73844107130694
magnetic_norm,11.563,49.42349201037903
magnetic_norm,11.583,49.78722076220476
magnetic_norm,11.603,49.6601174553031
magnetic_norm,11.623,48.14195683424699
magnetic_norm,11.643,49.09441080087936
magnetic_norm,11.663,48.32330673434151
magnetic_norm,11.683,51.012194055441334
magnetic_norm,11.702,46.85291854903492
magnetic_norm,11.723,49.83447527465303
magnetic_norm,11.743,47.938056914626856
magnetic_norm,11.763,49.11615850519566
magnetic_norm,11.783,49.356792133276855
magnetic_norm,11.803,49.273301098947165
magnetic_norm,11.823,49.00896416561975
magnetic_norm,11.843,48.216614555643666
magnetic_norm,11.862,49.962897117110856
magnetic_norm,11.882,47.050944794359694
magnetic_norm,11.903,48.653447612168286
magnetic_norm,11.923,48.92018731119598
magnetic_norm,11.943,47.839102274708395
magnetic_norm,11.963,49.54348587952809
magnetic_norm,11.983,46.85291854903492
magnetic_norm,12.003,48.276159893704396
magnetic_norm,12.022,46.898329269815235
magnetic_norm,12.043,47.04052829701756
magnetic_norm,12.063,46.90112820564666
magnetic_norm,12.083,47.044307272107865
magnetic_norm,12.103,45.60297809732393
magnetic_norm,12.123,47.70843712646652
magnetic_norm,12.143,47.50713687793397
magnetic_norm,12.163,48.66261062163135
magnetic_norm,12.183,47.33519907769483
magnetic_norm,12.203,48.70165150562145
magnetic_norm,12.223,48.27558876584263
magnetic_norm,12.243,49.64622622633317
magnetic_norm,12.263,49.49015171918045
magnetic_norm,12.283,47.50877797181275
magnetic_norm,12.303,46.73998117538142
magnetic_norm,12.323,46.28635821870203
magnetic_norm,12.343,45.93570149540551
magnetic_norm,12.363,46.25516788061367
magnetic_norm,12.383,45.82145163336437
magnetic_norm,12.403,45.910302855998516
magnetic_norm,12.422,46.900534767473616
magnetic_norm,12.443,45.266981447689886
magnetic_norm,12.463,46.035297683543874
magnetic_norm,12.483,46.54634334166868
magnetic_norm,12.503,45.39789296831421
magnetic_norm,12.523,46.5244685880452
magnetic_norm,12.543,45.40284140681616
magnetic_norm,12.563,45.892412827053995
magnetic_norm,12.582,46.22937600609058
magnetic_norm,12.603,45.63909156674247
magnetic_norm,12.623,44.4203210466533
magnetic_norm,12.643,44.91518839770027
magnetic_norm,12.663,45.633696140982316
magnetic_norm,12.683,45.44748098629899
magnetic_norm,12.703,44.751301932178514
magnetic_norm,12.723,46.30246572268053
magnetic_norm,12.743,43.52596212879744
magnetic_norm,12.763,43.92873712830247
magnetic_norm,12.783,45.480949792605486
magnetic_norm,12.803,44.81242155039158
magnetic_norm,12.823,43.72318687278524
magnetic_norm,12.843,45.82931564904173
magnetic_norm,12.863,44.66943035124105
magnetic_norm,12.883,44.4163082380785
magnetic_norm,12.903,44.62664917759353
magnetic_norm,12.923,44.367306112440495
magnetic_norm,12.943,44.02975027670932
magnetic_norm,12.963,44.28858271445373
magnetic_norm,12.982,44.65546802038922
magnetic_norm,13.003,42.53104099419629
magnetic_norm,13.024,47.12342309019485
magnetic_norm,13.044,44.139060299417736
magnetic_norm,13.063,44.14695363928439
magnetic_norm,13.084,45.712315422104794
magnetic_norm,13.103,43.28336458127134
magnetic_norm,13.123,45.185562361610735
magnetic_norm,13.143,45.20505802618668
magnetic_norm,13.163,44.66610895429414
magnetic_norm,13.191,44.44979655817026
magnetic_norm,13.203,47.79844924842367
magnetic_norm,13.223,43.7735244789873
magnetic_norm,13.244,44.53518140552478
magnetic_norm,13.263,47.575929444415486
magnetic_norm,13.283,44.53246224312104
magnetic_norm,13.303,44.44654220704353
magnetic_norm,13.324,43.49095406719665
magnetic_norm,13.344,45.271408098834854
magnetic_norm,13.364,43.22255358143482
magnetic_norm,13.383,45.27878279787901
magnetic_norm,13.402,44.73812907604654
magnetic_norm,13.423,45.688056169665394
magnetic_norm,13.443,45.05620590010336
magnetic_norm,13.463,43.693517574707336
magnetic_norm,13.484,45.46194923367233
magnetic_norm,13.504,44.73264721165628
magnetic_norm,13.523,44.80056587951764
magnetic_norm,13.543,43.85376531430912
magnetic_norm,13.563,44.62226619777396
magnetic_norm,13.585,45.3482102459817
magnetic_norm,13.603,45.12427371299177
magnetic_norm,13.624,45.775120858933974
magnetic_norm,13.643,45.305361240282686
magnetic_norm,13.663,45.30981813561498
magnetic_norm,13.682,44.094496841456916
magnetic_norm,13.702,45.27931641697744
magnetic_norm,13.723,44.65541943202416
magnetic_norm,13.743,45.832431361018855
magnetic_norm,13.764,44.70794076238028
magnetic_norm,13.783,44.69499239987639
magnetic_norm,13.803,45.29736126420611
magnetic_norm,13.823,45.05508137227702
magnetic_norm,13.843,43.76705875600107
magnetic_norm,13.862,44.761091135326545
magnetic_norm,13.883,47.58031578197547
magnetic_norm,13.903,46.24088651791302
magnetic_norm,13.923,43.05611798165278
magnetic_norm,13.944,44.54120244877214
magnetic_norm,13.969,45.01519274783792
magnetic_norm,13.983,45.65453208636586
magnetic_norm,14.003,45.13470463512529
magnetic_norm,14.023,45.27640890270561
magnetic_norm,14.044,42.85761537127912
magnetic_norm,14.064,43.57457014374903
magnetic_norm,14.083,44.58770767319182
magnetic_norm,14.103,44.331550911850584
magnetic_norm,14.122,44.063928168344226
magnetic_norm,14.142,44.14864412830258
magnetic_norm,14.163,44.481221021909924
magnetic_norm,14.183,43.92192069528049
magnetic_norm,14.203,43.27276448133986
magnetic_norm,14.223,44.85921302940471
magnetic_norm,14.243,44.97408628866183
magnetic_norm,14.263,45.8001786807377
magnetic_norm,14.283,44.238667823522995
magnetic_norm,14.304,45.567495902520804
magnetic_norm,14.323,44.09879224630194
magnetic_norm,14.343,43.99999287906203
magnetic_norm,14.363,46.15835729421056
magnetic_norm,14.387,43.56574505339603
magnetic_norm,14.403,44.96849288364299
magnetic_norm,14.423,45.619905979599515
magnetic_norm,14.443,44.90615605418149
magnetic_norm,14.463,44.950278983005255
magnetic_norm,14.483,43.920301141044106
magnetic_norm,14.505,45.124475083512145
magnetic_norm,14.523,45.75969081593542
magnetic_norm,14.542,44.22524863906929
magnetic_norm,14.562,44.81743044182141
magnetic_norm,14.586,46.498567266234126
magnetic_norm,14.603,44.77716275304313
magnetic_norm,14.623,45.983363557378105
magnetic_norm,14.643,45.05112111424092
magnetic_norm,14.663,43.096010154363526
magnetic_norm,14.682,42.41699708076941
magnetic_norm,14.702,45.533482271977626
magnetic_norm,14.723,43.79047237813271
magnetic_norm,14.743,42.09145585743927
magnetic_norm,14.763,42.488894234714444
magnetic_norm,14.783,42.139604212419705
magnetic_norm,14.803,41.547918868458396
magnetic_norm,14.822,45.162743560788115
magnetic_norm,14.842,43.60566369463948
magnetic_norm,14.863,43.52328674801576
magnetic_norm,14.883,43.65677799222595
magnetic_norm,14.903,45.849373460004976
magnetic_norm,14.923,42.971613128843565
magnetic_norm,14.943,43.548773368201836
magnetic_norm,14.962,43.30364037950509
magnetic_norm,14.982,44.812676516388755
magnetic_norm,15.003,42.937762007934225
magnetic_norm,15.023,42.95569756301253
magnetic_norm,15.043,42.46220148704316
magnetic_norm,15.063,41.14791673311057
magnetic_norm,15.083,41.835202498255086
magnetic_norm,15.102,43.16373803611082
magnetic_norm,15.122,41.715884733066616
magnetic_norm,15.143,45.870282961439315
magnetic_norm,15.163,46.806812920369836
magnetic_norm,15.183,47.84286685429193
magnetic_norm,15.203,44.97249945551448
magnetic_norm,15.223,44.78716073393691
magnetic_norm,15.242,44.524339337967774
magnetic_norm,15.262,43.18473542607392
magnetic_norm,15.283,45.54711931752655
magnetic_norm,15.303,43.41474134123397
magnetic_norm,15.323,46.94030201356826
magnetic_norm,15.343,44.6810769254726
magnetic_norm,15.363,46.36999894759546
magnetic_norm,15.382,44.91705688585908
magnetic_norm,15.402,45.067355841124076
magnetic_norm,15.423,44.54037591374259
magnetic_norm,15.443,45.282522133269126
magnetic_norm,15.463,46.790661628416835
magnetic_norm,15.483,44.596598611609394
magnetic_norm,15.503,43.8952935392851
magnetic_norm,15.522,44.7684842847064
magnetic_norm,15.542,44.15152721452576
magnetic_norm,15.563,44.7470075815132
magnetic_norm,15.583,46.10797437243913
magnetic_norm,15.603,44.10015316470005
magnetic_norm,15.623,45.39705301254422
magnetic_norm,15.643,42.8698918770506
magnetic_norm,15.662,48.070115401790964
magnetic_norm,15.682,46.95589174162555
magnetic_norm,15.703,45.04025375428079
magnetic_norm,15.723,45.797659816305114
magnetic_norm,15.743,45.217864939977034
magnetic_norm,15.763,45.7684175076002
magnetic_norm,15.783,45.440601396630974
magnetic_norm,15.802,44.681223537969544
magnetic_norm,15.823,45.16232551031893
magnetic_norm,15.842,43.8456869178573
magnetic_norm,15.863,44.47059402565367
magnetic_norm,15.883,44.38645011749081
magnetic_norm,15.903,45.03386617238742
magnetic_norm,15.923,43.00203516898949
magnetic_norm,15.942,41.198276569233
magnetic_norm,15.962,44.62526651517062
magnetic_norm,15.982,48.432472311017825
magnetic_norm,16.003,42.85673407425315
magnetic_norm,16.023,44.86071709609934
magnetic_norm,16.043,44.26871823785392
magnetic_norm,16.063,43.187666091287035
magnetic_norm,16.082,46.20392183800537
magnetic_norm,16.102,46.40651037664336
magnetic_norm,16.122,45.42996682822643
magnetic_norm,16.143,47.16387003006119
magnetic_norm,16.163,47.76788719971832
magnetic_norm,16.183,43.781928527932614
magnetic_norm,16.203,41.97247284307299
magnetic_norm,16.222,43.6188815878543
magnetic_norm,16.242,45.124475083512145
magnetic_norm,16.262,46.30332145998006
magnetic_norm,16.283,42.49952388036257
magnetic_norm,16.303,45.39073120651951
magnetic_norm,16.323,43.4408267672964
magnetic_norm,16.343,41.78935214815497
magnetic_norm,16.362,44.55451366023424
magnetic_norm,16.382,44.46382131857315
magnetic_norm,16.402,42.79430852008832
magnetic_norm,16.423,45.88568425168142
magnetic_norm,16.443,43.7651268491821
magnetic_norm,16.463,42.7221719883248
magnetic_norm,16.483,45.21186626377808
magnetic_norm,16.502,45.782073832041604
magnetic_norm,16.522,43.72773764058404
magnetic_norm,16.542,44.65890825985902
magnetic_norm,16.563,46.07474777806711
magnetic_norm,16.583,44.65661924378639
magnetic_norm,16.603,43.40689900421941
magnetic_norm,16.623,46.44299851592277
magnetic_norm,16.642,43.077353296569896
magnetic_norm,16.662,43.37938886196417
magnetic_norm,16.682,42.68782125984531
magnetic_norm,16.703,45.41968913417401
magnetic_norm,16.723,43.92951052083331
magnetic_norm,16.743,43.24778444469728
magnetic_norm,16.763,45.17284353928821
magnetic_norm,16.783,45.10229665294228
magnetic_norm,16.802,45.02308002570737
magnetic_norm,16.823,43.78823511095775
magnetic_norm,16.843,42.08358034912489
magnetic_norm,16.864,45.28719956773114
magnetic_norm,16.883,43.02662965391317
magnetic_norm,16.903,43.0207666968814
magnetic_norm,16.923,43.266716874088104
magnetic_norm,16.942,44.678326888310735
magnetic_norm,16.962,43.03602781501806
magnetic_norm,16.983,44.002798650341546
magnetic_norm,17.003,44.29671579884621
magnetic_norm,17.023,43.216641293111905
magnetic_norm,17.043,41.12135216298839
magnetic_norm,17.063,42.31162793414483
magnetic_norm,17.082,42.76326685588345
magnetic_norm,17.102,44.34148646442742
magnetic_norm,17.123,43.89560814093478
magnetic_norm,17.143,43.58785444723966
magnetic_norm,17.163,42.874501051324316
magnetic_norm,17.183,44.21978962933348
magnetic_norm,17.203,43.26090166536072
magnetic_norm,17.222,42.4030825088224
magnetic_norm,17.242,43.80469531134762
magnetic_norm,17.263,45.252286077763564
magnetic_norm,17.283,44.30683284931922
magnetic_norm,17.303,43.36745703399036
magnetic_norm,17.323,43.47646480525417
magnetic_norm,17.343,43.9839736962511
magnetic_norm,17.362,42.99232940226088
magnetic_norm,17.382,42.91802915515227
magnetic_norm,17.403,44.457788090221044
magnetic_norm,17.423,40.58192460680623
magnetic_norm,17.443,39.139288637761545
magnetic_norm,17.463,42.982895843056056
magnetic_norm,17.483,42.614234548211755
magnetic_norm,17.502,43.19843189992559
magnetic_norm,17.522,41.544406776063134
magnetic_norm,17.543,40.53613844096401
magnetic_norm,17.563,41.87385656901576
magnetic_norm,17.583,41.484600734278565
magnetic_norm,17.603,41.605831735166646
magnetic_norm,17.623,40.30606832227625
magnetic_norm,17.642,41.384102728946644
magnetic_norm,17.663,39.991260619102874
magnetic_norm,17.683,41.32061427498991
magnetic_norm,17.703,40.19758008000928
magnetic_norm,17.723,39.715335526343075
magnetic_norm,17.743,41.32599325711973
magnetic_norm,17.763,40.433456617787456
magnetic_norm,17.782,40.849660665879576
magnetic_norm,17.802,40.42425208027973
magnetic_norm,17.823,40.543650795947805
magnetic_norm,17.843,39.528545866089026
magnetic_norm,17.863,41.65448850739262
magnetic_norm,17.883,37.18038491555393
magnetic_norm,17.903,39.06543510237024
magnetic_norm,17.923,37.47566091695387
magnetic_norm,17.942,40.141421172991635
magnetic_norm,17.963,41.24998800908919
magnetic_norm,17.983,37.239507615065264
magnetic_norm,18.003,39.76422487635719
magnetic_norm,18.023,40.13321107658226
magnetic_norm,18.043,40.17598034404394
magnetic_norm,18.062,41.12942875141234
magnetic_norm,18.082,38.45471178542371
magnetic_norm,18.103,41.311381231084646
magnetic_norm,18.123,41.688085003691555
magnetic_norm,18.143,41.249175471304945
magnetic_norm,18.163,40.18889467875432
magnetic_norm,18.183,41.13725069979164
magnetic_norm,18.203,39.830619041448514
magnetic_norm,18.222,40.4333665275352
magnetic_norm,18.243,41.739392210027496
magnetic_norm,18.263,40.67157451786819
magnetic_norm,18.284,41.63737786052341
magnetic_norm,18.303,41.607637059348896
magnetic_norm,18.323,41.035686211515994
magnetic_norm,18.342,41.15466741467491
magnetic_norm,18.363,42.166258401267996
magnetic_norm,18.382,42.86940686311164
magnetic_norm,18.403,42.44988276476754
magnetic_norm,18.423,44.08649703480661
magnetic_norm,18.444,43.09877997736715
magnetic_norm,18.463,43.169019697955854
magnetic_norm,18.483,42.83554225940776
magnetic_norm,18.502,45.61706645722101
magnetic_norm,18.522,43.189399662431654
magnetic_norm,18.543,44.703952687150625
magnetic_norm,18.563,44.97642568585242
magnetic_norm,18.583,43.70602885907161
magnetic_norm,18.603,45.96372100341752
magnetic_norm,18.623,43.824928732543356
magnetic_norm,18.642,45.89997981372114
magnetic_norm,18.662,45.42996682822643
magnetic_norm,18.683,46.15375227249961
magnetic_norm,18.703,46.20116264478643
magnetic_norm,18.723,48.345373928782
magnetic_norm,18.743,46.78458876590676
magnetic_norm,18.762,46.831030779815265
magnetic_norm,18.782,47.19107194459563
magnetic_norm,18.803,47.34574765409245
magnetic_norm,18.823,47.790257998362065
magnetic_norm,18.843,48.43727604554683
magnetic_norm,18.863,47.96848954939069
magnetic_norm,18.883,50.044024702018795
magnetic_norm,18.902,48.707036413694894
magnetic_norm,18.923,49.32751687281151
magnetic_norm,18.942,49.09110004560403
magnetic_norm,18.963,51.4256903782536
magnetic_norm,18.983,50.009293361834345
magnetic_norm,19.003,51.01206000018529
magnetic_norm,19.023,50.03309885067334
magnetic_norm,19.042,51.29044265968332
magnetic_norm,19.062,48.619118721702606
magnetic_norm,19.082,51.47496059112148
magnetic_norm,19.103,50.55877960663707
magnetic_norm,19.123,50.720254136661225
magnetic_norm,19.143,52.58251086435497
magnetic_norm,19.163,51.08153528482687
magnetic_norm,19.183,51.74109424963879
magnetic_norm,19.202,52.04946458593502
magnetic_norm,19.222,52.47396913911224
magnetic_norm,19.243,50.234123703838186
magnetic_norm,19.263,53.47692774014794
magnetic_norm,19.283,51.50833374736567
magnetic_norm,19.303,54.53806798351955
magnetic_norm,19.323,54.53806798351955
magnetic_norm,19.343,53.01397630241011
magnetic_norm,19.363,54.25904493112189
magnetic_norm,19.383,53.47959197500015
magnetic_norm,19.403,55.57543332320946
magnetic_norm,19.423,54.595524847784
magnetic_norm,19.443,55.16021327483247
magnetic_norm,19.463,55.16021327483247
magnetic_norm,19.482,54.52314076988336
magnetic_norm,19.502,54.08808574701318
magnetic_norm,19.523,55.17894367494271
magnetic_norm,19.543,54.960499124030015
magnetic_norm,19.563,56.3121617749666
magnetic_norm,19.583,53.402602806300635
magnetic_norm,19.603,54.438712717421964
magnetic_norm,19.623,55.206229666406344
magnetic_norm,19.643,55.47418297370417
magnetic_norm,19.663,54.458249930692375
magnetic_norm,19.683,55.16634857913843
magnetic_norm,19.703,55.066631030393545
magnetic_norm,19.723,55.75723874372738
magnetic_norm,19.743,55.85514467788539
magnetic_norm,19.762,55.277068749346725
magnetic_norm,19.782,55.44836597288057
magnetic_norm,19.803,52.94847952845294
magnetic_norm,19.823,56.34832000401617
magnetic_norm,19.843,55.94450847922879
magnetic_norm,19.863,52.69999629388032
magnetic_norm,19.883,55.50454106817531
magnetic_norm,19.902,53.1908551876401
magnetic_norm,19.924,51.82960532992952
magnetic_norm,19.943,56.39586144257397
magnetic_norm,19.963,54.888489852085605
magnetic_norm,19.983,55.44836597288057
magnetic_norm,20.003,55.22309419746874
magnetic_norm,20.023,54.21577756808901
magnetic_norm,20.043,54.03851065598964
magnetic_norm,20.063,52.40742320261042
magnetic_norm,20.083,54.68455039524426
magnetic_norm,20.103,53.60604060826542
magnetic_norm,20.123,53.18281743488681
magnetic_norm,20.143,53.19672009790649
magnetic_norm,20.163,53.24322996083637
magnetic_norm,20.182,54.74438383599279
magnetic_norm,20.202,53.72568895847223
magnetic_norm,20.223,53.14790609409038
magnetic_norm,20.243,52.93697871089264
magnetic_norm,20.263,52.52563436670708
magnetic_norm,20.283,53.29761742555918
magnetic_norm,20.303,53.25158778675054
magnetic_norm,20.322,52.692350188713434
magnetic_norm,20.342,51.13616086163982
magnetic_norm,20.363,53.01917402223469
magnetic_norm,20.384,53.07839610296975
magnetic_norm,20.405,53.16456284206144
magnetic_norm,20.423,52.50369964642968
magnetic_norm,20.443,53.43161337155659
magnetic_norm,20.463,49.47935217701934
magnetic_norm,20.482,51.56946129590653
magnetic_norm,20.503,51.375351777262885
magnetic_norm,20.523,50.99807610452093
magnetic_norm,20.543,50.263130635673214
magnetic_norm,20.563,50.28993982004502
magnetic_norm,20.583,50.94256998453025
magnetic_norm,20.602,50.31793903277692
magnetic_norm,20.622,51.21267865478244
magnetic_norm,20.643,50.9682567223218
magnetic_norm,20.663,49.63912621675063
magnetic_norm,20.683,50.52976494663829
magnetic_norm,20.703,50.19916003791806
magnetic_norm,20.723,49.861304071093095
magnetic_norm,20.742,49.985624356033654
magnetic_norm,20.762,49.72988360445361
magnetic_norm,20.783,49.41576312321809
magnetic_norm,20.803,49.87097845628758
magnetic_norm,20.823,48.93593963910886
magnetic_norm,20.843,48.9031446178695
magnetic_norm,20.863,49.251860460291255
magnetic_norm,20.883,47.969836714739294
magnetic_norm,20.902,49.49234018014825
magnetic_norm,20.924,48.91362401154206
magnetic_norm,20.943,49.24110521302309
magnetic_norm,20.963,47.17600232440748
magnetic_norm,20.984,49.01404215266274
magnetic_norm,21.003,47.81756613277699
magnetic_norm,21.023,47.060223528209086
magnetic_norm,21.042,47.61674188065983
magnetic_norm,21.062,48.014341830853105
magnetic_norm,21.084,47.62953625364728
magnetic_norm,21.103,47.31876357395131
magnetic_norm,21.123,48.84025567922941
magnetic_norm,21.143,48.33481078787838
magnetic_norm,21.162,46.63556977426136
magnetic_norm,21.182,47.25767076941294
magnetic_norm,21.203,48.37106472520531
magnetic_norm,21.223,47.95079214171034
magnetic_norm,21.243,45.89181935035373
magnetic_norm,21.263,46.33919038950725
magnetic_norm,21.283,46.30716532717594
magnetic_norm,21.302,48.26807173782178
magnetic_norm,21.322,44.676088332994205
magnetic_norm,21.342,46.497087305631354
magnetic_norm,21.369,47.94388565682802
magnetic_norm,21.383,47.27451020357061
magnetic_norm,21.403,44.44875847422517
magnetic_norm,21.423,46.79913548320108
magnetic_norm,21.443,45.6690806576178
magnetic_norm,21.463,42.28792214539513
magnetic_norm,21.483,43.80430397689255
magnetic_norm,21.503,46.51289266255916
magnetic_norm,21.524,44.98511481219927
magnetic_norm,21.543,45.012692568285765
magnetic_norm,21.563,43.843951547548166
magnetic_norm,21.582,45.91676322998769
magnetic_norm,21.602,43.958930177425266
magnetic_norm,21.623,45.033089447408
magnetic_norm,21.644,44.08276537378298
magnetic_norm,21.663,43.94501231758276
magnetic_norm,21.683,46.95930294214874
magnetic_norm,21.703,44.55142832306277
magnetic_norm,21.723,44.40552251421691
magnetic_norm,21.743,44.88589444597267
magnetic_norm,21.762,44.4284881945273
magnetic_norm,21.783,44.270342300969396
magnetic_norm,21.803,42.5959993352516
magnetic_norm,21.823,42.47134517554159
magnetic_norm,21.843,42.515884537223265
magnetic_norm,21.863,43.93138407994909
magnetic_norm,21.883,42.42583096619912
magnetic_norm,21.903,43.708073848260625
magnetic_norm,21.925,44.80915295050648
magnetic_norm,21.947,44.35992456979048
magnetic_norm,21.963,41.830815953821755
magnetic_norm,21.983,43.14976327524869
magnetic_norm,22.003,43.209366044564064
magnetic_norm,22.023,43.58923386413784
magnetic_norm,22.042,41.64905997281032
magnetic_norm,22.063,43.83117516263407
magnetic_norm,22.083,44.103521406600905
magnetic_norm,22.103,43.41815846381846
magnetic_norm,22.123,43.190107343435734
magnetic_norm,22.143,42.02154463397319
magnetic_norm,22.165,43.50828320757124
magnetic_norm,22.183,41.96631622490531
magnetic_norm,22.203,41.66511796995186
magnetic_norm,22.223,42.571431067603996
magnetic_norm,22.244,41.106630658441276
magnetic_norm,22.263,41.53568746713486
magnetic_norm,22.283,42.576649825501875
magnetic_norm,22.303,41.27630131762959
magnetic_norm,22.324,42.6139448778214
magnetic_norm,22.343,41.64933418435402
magnetic_norm,22.363,42.118016567883494
magnetic_norm,22.383,39.06550688427068
magnetic_norm,22.403,40.11521495315099
magnetic_norm,22.423,41.94777312704931
magnetic_norm,22.442,41.503987948449
magnetic_norm,22.462,40.602284036707836
magnetic_norm,22.485,40.69444209244826
magnetic_norm,22.503,39.809688479824025
magnetic_norm,22.523,41.27345940116977
magnetic_norm,22.543,39.70053821691213
magnetic_norm,22.563,40.794571149020555
magnetic_norm,22.582,40.43254136201748
magnetic_norm,22.603,39.99216769021779
magnetic_norm,22.623,37.57542768169784
magnetic_norm,22.643,37.84891738120623
magnetic_norm,22.663,38.16087793970428
magnetic_norm,22.683,37.209040445586
magnetic_norm,22.703,38.81658040145345
magnetic_norm,22.722,36.990805835970974
magnetic_norm,22.747,37.436010854189696
magnetic_norm,22.767,37.615883511224354
magnetic_norm,22.784,36.337350137719866
magnetic_norm,22.804,37.30472123765972
magnetic_norm,22.823,35.93619345451045
magnetic_norm,22.843,37.75105670463082
magnetic_norm,22.862,36.90815943832746
magnetic_norm,22.882,35.520087301412985
magnetic_norm,22.903,36.118566559388874
magnetic_norm,22.923,35.222871969520746
magnetic_norm,22.943,35.546170709374714
magnetic_norm,22.963,34.87581154138567
magnetic_norm,22.983,35.078886914130834
magnetic_norm,23.002,34.24282895959752
magnetic_norm,23.023,36.43245164925085
magnetic_norm,23.044,35.99309510150871
magnetic_norm,23.063,36.41432209606895
magnetic_norm,23.083,34.11153539057585
magnetic_norm,23.104,36.52444970288751
magnetic_norm,23.123,36.09308307363062
magnetic_norm,23.143,33.42923904103276
magnetic_norm,23.162,34.556807614660165
magnetic_norm,23.183,35.320521212886995
magnetic_norm,23.203,35.33348641745546
magnetic_norm,23.223,36.10394489909322
magnetic_norm,23.25,36.54792718147645
magnetic_norm,23.263,35.67187692345344
magnetic_norm,23.282,36.106804457401104
magnetic_norm,23.302,35.55618024132725
magnetic_norm,23.323,35.009448501440296
magnetic_norm,23.344,33.86344695076839
magnetic_norm,23.364,33.98266159473828
magnetic_norm,23.383,34.293347262298994
magnetic_norm,23.403,35.83142881274071
magnetic_norm,23.422,34.79850482165146
magnetic_norm,23.442,35.59203601439519
magnetic_norm,23.463,34.899155178413714
magnetic_norm,23.483,35.294624880125234
magnetic_norm,23.503,34.50865741321305
magnetic_norm,23.526,34.26097083716399
magnetic_norm,23.543,35.51521767066902
magnetic_norm,23.563,37.03105568708515
magnetic_norm,23.583,35.69941405769148
magnetic_norm,23.608,36.89128612812923
magnetic_norm,23.623,37.127561464665305
magnetic_norm,23.643,35.326039992652724
magnetic_norm,23.663,35.32935107794587
magnetic_norm,23.688,32.11803304804016
magnetic_norm,23.702,34.92712838002861
magnetic_norm,23.723,34.95460672783346
magnetic_norm,23.743,34.95574322465122
magnetic_norm,23.763,36.90213925445246
magnetic_norm,23.783,35.46437969124795
magnetic_norm,23.804,34.71571007299867
magnetic_norm,23.824,34.70513856896783
magnetic_norm,23.842,36.438144291044786
magnetic_norm,23.862,35.628545750177764
magnetic_norm,23.883,36.950460928011445
magnetic_norm,23.903,35.64262100000505
magnetic_norm,23.923,36.33458605344238
magnetic_norm,23.943,36.25908033668958
magnetic_norm,23.963,35.91366301232031
magnetic_norm,23.983,35.90113074496233
magnetic_norm,24.002,35.288145754996954
magnetic_norm,24.022,38.19034906242677
magnetic_norm,24.043,34.591079026426804
magnetic_norm,24.063,36.25507323265257
magnetic_norm,24.083,34.69239530859935
magnetic_norm,24.103,38.71762441608474
magnetic_norm,24.122,37.25592009567072
magnetic_norm,24.142,39.22154954231157
magnetic_norm,24.163,36.60705774707262
magnetic_norm,24.183,37.04967263266303
magnetic_norm,24.203,38.50650855001664
magnetic_norm,24.224,37.14824115957579
magnetic_norm,24.243,36.82877362946001
magnetic_norm,24.262,33.20963901960547
magnetic_norm,24.283,37.2878483263985
magnetic_norm,24.302,35.422822537701734
magnetic_norm,24.323,34.683025049186526
magnetic_norm,24.343,37.21612396277318
magnetic_norm,24.363,38.27378253249879
magnetic_norm,24.383,38.68552634199903
magnetic_norm,24.408,37.580078228697296
magnetic_norm,24.422,37.491439664542085
magnetic_norm,24.443,37.29455443410954
magnetic_norm,24.463,37.91794751466646
magnetic_norm,24.483,37.933449717828324
magnetic_norm,24.504,38.42752226546106
magnetic_norm,24.523,36.894414533927204
magnetic_norm,24.543,37.07834663334518
magnetic_norm,24.563,37.09374000286315
magnetic_norm,24.582,37.49889221223755
magnetic_norm,24.603,36.051569525750196
magnetic_norm,24.623,36.14887673306738
magnetic_norm,24.643,36.894414533927204
magnetic_norm,24.663,37.21410929607217
magnetic_norm,24.683,36.7062634401475
magnetic_norm,24.703,39.39383927938479
magnetic_norm,24.727,37.19096598832846
magnetic_norm,24.743,37.91430540854605
magnetic_norm,24.763,37.638673608072374
magnetic_norm,24.784,36.83264660589843
magnetic_norm,24.804,36.73710711341463
magnetic_norm,24.826,38.08260435888024
magnetic_norm,24.843,38.18912009493019
magnetic_norm,24.862,38.364399175374885
magnetic_norm,24.884,36.19811486700666
magnetic_norm,24.904,35.76547180766669
magnetic_norm,24.923,37.70393333668917
magnetic_norm,24.944,37.86495294167161
magnetic_norm,24.965,36.27676368319329
magnetic_norm,24.982,36.22407595250028
magnetic_norm,25.003,38.05724871410833
magnetic_norm,25.024,37.313548066838344
magnetic_norm,25.043,38.191761731483076
magnetic_norm,25.063,37.449906258560986
magnetic_norm,25.083,36.83244863466192
magnetic_norm,25.103,36.644628917533744
magnetic_norm,25.123,36.56552423379844
magnetic_norm,25.142,36.7125510372476
magnetic_norm,25.163,37.623247881928016
magnetic_norm,25.183,37.20024571497479
magnetic_norm,25.203,35.74925640730495
magnetic_norm,25.223,34.79149822496152
magnetic_norm,25.243,37.23576031600879
magnetic_norm,25.264,39.3163205458307
magnetic_norm,25.282,36.958501965887436
magnetic_norm,25.306,38.15798250759598
magnetic_norm,25.323,38.26569990784829
magnetic_norm,25.343,35.375702313876474
magnetic_norm,25.364,40.12909373042214
magnetic_norm,25.383,36.81580090304299
magnetic_norm,25.407,36.794452155522045
magnetic_norm,25.423,37.63897375842638
magnetic_norm,25.443,38.254135805818436
magnetic_norm,25.463,37.373726830154375
magnetic_norm,25.483,37.096907312470144
magnetic_norm,25.503,36.21025551540959
magnetic_norm,25.524,37.94397375004035
magnetic_norm,25.542,37.44525404876103
magnetic_norm,25.564,37.19240566800903
magnetic_norm,25.583,34.989979035968354
magnetic_norm,25.606,35.78513024812121
magnetic_norm,25.623,37.84895453476886
magnetic_norm,25.643,35.9237082232681
magnetic_norm,25.664,40.71662984251643
magnetic_norm,25.683,36.026193875776066
magnetic_norm,25.705,35.05452505765133
magnetic_norm,25.724,36.73079760293132
magnetic_norm,25.743,37.094395942968944
magnetic_norm,25.763,38.77865405606545
magnetic_norm,25.783,37.52143450391056
magnetic_norm,25.808,35.28016163068843
magnetic_norm,25.827,37.56426212588902
magnetic_norm,25.842,35.73210072224979
magnetic_norm,25.864,37.88903709683054
magnetic_norm,25.884,36.921268641868195
magnetic_norm,25.905,37.2786902868349
magnetic_norm,25.923,36.948787289395625
magnetic_norm,25.943,38.04679109397735
magnetic_norm,25.965,38.54836978094865
magnetic_norm,25.982,36.241790557483505
magnetic_norm,26.005,37.12775084602487
magnetic_norm,26.023,37.50291082452801
magnetic_norm,26.043,35.88390729247594
magnetic_norm,26.064,39.60962241046991
magnetic_norm,26.083,37.2007861731443
magnetic_norm,26.105,36.54329485924886
magnetic_norm,26.123,37.41790972565823
magnetic_norm,26.147,38.090868431036064
magnetic_norm,26.165,39.01457851079518
magnetic_norm,26.183,36.93744765224718
magnetic_norm,26.206,37.4195371138193
magnetic_norm,26.223,39.20980525931938
magnetic_norm,26.247,36.85765228450166
magnetic_norm,26.263,39.06441167626244
magnetic_norm,26.283,37.64590151298019
magnetic_norm,26.306,36.62138750972586
magnetic_norm,26.323,37.59487998307761
magnetic_norm,26.345,36.4606566613247
magnetic_norm,26.363,38.705363909534555
magnetic_norm,26.383,36.64222557862036
magnetic_norm,26.403,38.36960475803093
magnetic_norm,26.423,37.38127456404476
magnetic_norm,26.45,36.91190007910735
magnetic_norm,26.463,38.137753893992645
magnetic_norm,26.483,36.13281165540851
magnetic_norm,26.503,37.031099951088464
magnetic_norm,26.523,37.33362966749957
magnetic_norm,26.543,35.547722692881536
magnetic_norm,26.567,36.12036519063726
magnetic_norm,26.586,38.136601208976394
magnetic_norm,26.605,38.191761731483076
magnetic_norm,26.623,35.848957396973276
magnetic_norm,26.646,36.31284477105691
magnetic_norm,26.663,39.42055235200934
magnetic_norm,26.682,36.674048426816825
magnetic_norm,26.705,38.03133030196952
magnetic_norm,26.723,36.203992825032444
magnetic_norm,26.747,36.43798546074551
magnetic_norm,26.763,37.45178334906102
magnetic_norm,26.783,37.10594207805537
magnetic_norm,26.804,38.05232783631653
magnetic_norm,26.822,35.83508304929687
magnetic_norm,26.849,35.789423637584626
magnetic_norm,26.863,38.07005466899148
magnetic_norm,26.883,35.889405317760556
magnetic_norm,26.903,35.80604530208553
magnetic_norm,26.923,37.5441724224213
magnetic_norm,26.946,36.09437866361604
magnetic_norm,26.963,37.91520761844777
magnetic_norm,26.982,36.88369494946242
magnetic_norm,27.004,36.99470506876626
magnetic_norm,27.023,36.12992710604882
magnetic_norm,27.047,37.60978350060676
magnetic_norm,27.063,38.357299369383405
magnetic_norm,27.083,37.629423536701964
magnetic_norm,27.102,37.31512712017754
magnetic_norm,27.127,36.075124571224755
magnetic_norm,27.147,35.15843307728616
magnetic_norm,27.164,39.44020672359622
magnetic_norm,27.187,37.531844963655935
magnetic_norm,27.204,37.171741893708734
magnetic_norm,27.223,37.002307154250545
magnetic_norm,27.246,37.806994301319484
magnetic_norm,27.262,38.114972038124506
magnetic_norm,27.287,36.79734771404597
magnetic_norm,27.303,37.03251263794255
magnetic_norm,27.323,38.4982071291963
magnetic_norm,27.345,35.45297009223987
magnetic_norm,27.363,38.4071317259243
magnetic_norm,27.382,36.62960231919671
magnetic_norm,27.404,36.04786592435127
magnetic_norm,27.423,37.04739745009398
magnetic_norm,27.445,36.53988554169279
magnetic_norm,27.463,38.60437404399921
magnetic_norm,27.49,36.70315519883827
magnetic_norm,27.503,38.680200240239195
magnetic_norm,27.523,39.332228561956725
magnetic_norm,27.546,37.80387621623619
magnetic_norm,27.563,38.20602147964556
magnetic_norm,27.587,38.18789995698899
magnetic_norm,27.604,36.44343376196196
magnetic_norm,27.623,34.09926570873631
magnetic_norm,27.645,37.76626364645777
magnetic_norm,27.672,39.58098623218614
magnetic_norm,27.682,38.08260245013463
magnetic_norm,27.703,37.173292862114074
magnetic_norm,27.723,37.67981995030641
magnetic_norm,27.745,37.5027092771309
magnetic_norm,27.763,38.79686279271817
magnetic_norm,27.787,36.8682283743758
magnetic_norm,27.805,36.26720531482972
magnetic_norm,27.822,38.78939982859364
magnetic_norm,27.845,37.0645966856447
magnetic_norm,27.863,38.21249121589694
magnetic_norm,27.883,34.87788798526224
magnetic_norm,27.904,38.41082680719728
magnetic_norm,27.923,38.21080980046103
magnetic_norm,27.942,35.99301872620584
magnetic_norm,27.967,36.890007518822216
magnetic_norm,27.987,35.086983995849586
magnetic_norm,28.003,35.615768703447976
magnetic_norm,28.023,35.42877416010186
magnetic_norm,28.045,36.23015036171538
magnetic_norm,28.063,37.01047201890973
magnetic_norm,28.082,36.92771964060333
magnetic_norm,28.102,36.925301396366436
magnetic_norm,28.123,35.871206956624754
magnetic_norm,28.143,38.77182511615245
magnetic_norm,28.163,36.83133171090557
magnetic_norm,28.184,35.70335298623926
magnetic_norm,28.203,36.50438169333238
magnetic_norm,28.222,37.02044507481644
magnetic_norm,28.243,35.379287516956865
magnetic_norm,28.264,36.82649627662813
magnetic_norm,28.283,37.34104278890052
magnetic_norm,28.303,36.42132451988126
magnetic_norm,28.324,35.87753096281153
magnetic_norm,28.344,37.64244354349236
magnetic_norm,28.364,37.56574860860635
magnetic_norm,28.384,37.56277155908501
magnetic_norm,28.404,36.57829992266591
magnetic_norm,28.423,37.03379421639781
magnetic_norm,28.443,36.83085178413609
magnetic_norm,28.465,37.44901690548765
magnetic_norm,28.483,38.20071914660121
magnetic_norm,28.503,36.367414432772165
magnetic_norm,28.522,37.41623212559297
magnetic_norm,28.543,37.02214487809967
magnetic_norm,28.569,37.080921213880345
magnetic_norm,28.583,37.80067893735508
magnetic_norm,28.603,37.17827326813343
magnetic_norm,28.623,37.242796468746825
magnetic_norm,28.643,38.21105649309836
magnetic_norm,28.663,35.99007675735077
magnetic_norm,28.683,35.19811512556461
magnetic_norm,28.703,36.75687943084606
magnetic_norm,28.727,35.7969719524222
magnetic_norm,28.743,35.6045727646043
magnetic_norm,28.763,36.5440771544104
magnetic_norm,28.782,37.36101204932763
magnetic_norm,28.803,36.62931136381771
magnetic_norm,28.826,37.19788951120082
magnetic_norm,28.843,36.719499905193445
magnetic_norm,28.863,36.44452741674671
magnetic_norm,28.883,36.800188943129086
magnetic_norm,28.903,36.64590966687142
magnetic_norm,28.923,37.52625057909464
magnetic_norm,28.943,35.92530377689938
magnetic_norm,28.963,36.62931136381771
magnetic_norm,28.983,36.372574436139395
magnetic_norm,29.003,36.783723273005
magnetic_norm,29.023,35.89414833089101
magnetic_norm,29.043,37.75456258223964
magnetic_norm,29.062,38.31904617828777
magnetic_norm,29.083,37.00604704021364
magnetic_norm,29.103,36.975860511386344
magnetic_norm,29.123,37.33902800981166
magnetic_norm,29.144,34.78113421473991
magnetic_norm,29.163,36.38254799574242
magnetic_norm,29.183,36.32574351345063
magnetic_norm,29.203,34.875181487269714
magnetic_norm,29.223,36.26281508394653
magnetic_norm,29.243,37.0729486711673
magnetic_norm,29.263,37.845982077031636
magnetic_norm,29.283,36.60235366561147
magnetic_norm,29.309,35.70069473053012
magnetic_norm,29.323,36.35308573584241
magnetic_norm,29.343,37.933826531375665
magnetic_norm,29.364,37.99494785024069
magnetic_norm,29.382,36.92005973756003
magnetic_norm,29.403,35.98266225993431
magnetic_norm,29.423,37.237232727641086
magnetic_norm,29.443,37.57671063730845
magnetic_norm,29.463,37.108947637008725
magnetic_norm,29.483,36.725435401026914
magnetic_norm,29.503,36.28668302628397
magnetic_norm,29.525,36.89508388501781
magnetic_norm,29.543,37.555373217324174
magnetic_norm,29.563,36.84479522374905
magnetic_norm,29.583,37.399764475361344
magnetic_norm,29.603,37.20138671961712
magnetic_norm,29.623,36.80780485769301
magnetic_norm,29.643,36.93505608087668
magnetic_norm,29.662,36.43932172351732
magnetic_norm,29.683,37.581681644013806
magnetic_norm,29.703,37.581681644013806
magnetic_norm,29.723,36.29249341640775
magnetic_norm,29.743,36.47403281531261
magnetic_norm,29.764,36.592327138503485
magnetic_norm,29.782,37.527001506975004
magnetic_norm,29.803,38.35426270409855
magnetic_norm,29.823,37.52045576232385
magnetic_norm,29.843,36.938994644382596
magnetic_norm,29.863,37.4317629160049
magnetic_norm,29.884,36.471373831677965
magnetic_norm,29.903,37.16986196425148
magnetic_norm,29.923,37.0268905531677
magnetic_norm,29.943,36.23269073537047
magnetic_norm,29.963,36.886854571717
magnetic_norm,29.983,36.17611748229073
magnetic_norm,30.005,35.10647791077894
magnetic_norm,30.023,36.95314095613192
magnetic_norm,30.043,35.957225586104386
magnetic_norm,30.063,38.60448423975515
magnetic_norm,30.082,35.56215407097136
magnetic_norm,30.103,35.617824935346626
magnetic_norm,30.124,35.63005765351077
magnetic_norm,30.143,36.21386841391021
magnetic_norm,30.163,35.36125238652826
magnetic_norm,30.183,37.452697124840036
magnetic_norm,30.203,34.179949845706346
magnetic_norm,30.222,36.37514497393791
magnetic_norm,30.244,36.87065642570674
magnetic_norm,30.263,37.9266405819182
magnetic_norm,30.283,35.24926249175295
magnetic_norm,30.303,36.423153216927155
magnetic_norm,30.323,36.5073361337144
magnetic_norm,30.342,35.618847824045375
magnetic_norm,30.363,36.73738947373643
magnetic_norm,30.383,35.903587585887585
magnetic_norm,30.403,36.210386281959906
magnetic_norm,30.423,34.54049810722192
magnetic_norm,30.443,36.176625462963095
magnetic_norm,30.463,36.966077820483
magnetic_norm,30.483,36.31164951241544
magnetic_norm,30.502,37.68155921535101
magnetic_norm,30.524,35.016829028268695
magnetic_norm,30.544,36.4806358486938
magnetic_norm,30.563,35.789793544039966
magnetic_norm,30.583,35.975251643942705
magnetic_norm,30.604,35.89944495916686
magnetic_norm,30.624,36.274411076990745
magnetic_norm,30.643,35.810453207844915
magnetic_norm,30.663,36.23397113293684
magnetic_norm,30.683,35.007957636818105
magnetic_norm,30.707,36.89943316424387
magnetic_norm,30.723,36.2533594176803
magnetic_norm,30.743,36.632452668706215
magnetic_norm,30.764,37.962712852383206
magnetic_norm,30.783,35.98916830183076
magnetic_norm,30.805,37.01883717491009
magnetic_norm,30.823,36.31234132925747
magnetic_norm,30.843,37.07563994390389
magnetic_norm,30.863,35.374908203343935
magnetic_norm,30.883,36.07405163982144
magnetic_norm,30.902,36.49852610123457
magnetic_norm,30.922,36.59585533345957
magnetic_norm,30.943,36.2785177737115
magnetic_norm,30.965,36.07703895807561
magnetic_norm,30.983,36.99546096104225
magnetic_norm,31.003,36.664346888973895
magnetic_norm,31.023,36.61474193528477
magnetic_norm,31.043,36.69620535075812
magnetic_norm,31.063,36.49743524704865
magnetic_norm,31.084,36.835905656947006
magnetic_norm,31.103,35.48277093111536
magnetic_norm,31.123,36.276554938175984
magnetic_norm,31.143,36.30377210049942
magnetic_norm,31.163,35.95605317919364
magnetic_norm,31.182,35.9873659860478
magnetic_norm,31.202,35.165500598260415
magnetic_norm,31.223,35.68557021927771
magnetic_norm,31.243,37.06322736250859
magnetic_norm,31.263,37.154883811233354
magnetic_norm,31.283,34.98827090147504
magnetic_norm,31.304,36.88851988745964
magnetic_norm,31.322,36.72102210076677
magnetic_norm,31.342,35.60784989243946
magnetic_norm,31.362,37.17202514156311
magnetic_norm,31.383,35.433126079912874
magnetic_norm,31.403,36.172405016306996
magnetic_norm,31.425,35.62224391191556
magnetic_norm,31.444,35.29760126835818
magnetic_norm,31.462,35.76010132221391
magnetic_norm,31.483,37.73180273416579
magnetic_norm,31.503,36.607021396789456
magnetic_norm,31.523,34.20312523834629
magnetic_norm,31.543,37.20591310967929
magnetic_norm,31.565,36.285590832415835
magnetic_norm,31.583,36.309772584939225
magnetic_norm,31.605,35.561440400207374
magnetic_norm,31.622,36.53154549974589
magnetic_norm,31.645,36.88770547621536
magnetic_norm,31.665,38.000353467944926
magnetic_norm,31.683,35.8899414173213
magnetic_norm,31.703,36.93984646313518
magnetic_norm,31.723,37.69816303631392
magnetic_norm,31.743,35.35812266343485
magnetic_norm,31.763,38.07575555586537
magnetic_norm,31.783,35.88719184245963
magnetic_norm,31.803,38.98276284462154
magnetic_norm,31.823,36.63051846223993
magnetic_norm,31.843,36.54883622208449
magnetic_norm,31.863,36.7436544295577
magnetic_norm,31.883,36.11646201531581
magnetic_norm,31.903,37.26613593257299
magnetic_norm,31.923,37.6012370430815
magnetic_norm,31.943,35.3287869859694
magnetic_norm,31.963,36.479299962444465
magnetic_norm,31.983,36.62081150469641
magnetic_norm,32.003,35.60451752709901
magnetic_norm,32.023,37.07336685361217
magnetic_norm,32.043,36.35602456954355
magnetic_norm,32.063,36.228455220309925
magnetic_norm,32.083,36.24248898478829
magnetic_norm,32.103,36.95968675211221
magnetic_norm,32.123,38.35656609239155
magnetic_norm,32.143,35.91768246247257
magnetic_norm,32.168,36.471373831677965
magnetic_norm,32.182,36.04236012269112
magnetic_norm,32.203,37.14650892075863
magnetic_norm,32.223,36.99003445253871
magnetic_norm,32.244,35.909527211800004
magnetic_norm,32.263,36.17420477218546
magnetic_norm,32.283,37.95342789538254
magnetic_norm,32.303,35.57785517307444
magnetic_norm,32.322,36.6240107588246
magnetic_norm,32.343,36.84985951533614
magnetic_norm,32.363,36.12285713575272
magnetic_norm,32.383,34.940855160900114
magnetic_norm,32.403,34.85025836077116
magnetic_norm,32.423,36.468963903742925
magnetic_norm,32.443,36.77357343426119
magnetic_norm,32.463,35.840825274904745
magnetic_norm,32.482,36.038833387923425
magnetic_norm,32.503,36.60977751683969
magnetic_norm,32.523,36.76005507223507
magnetic_norm,32.543,36.28683096610256
magnetic_norm,32.566,36.20039226462206
magnetic_norm,32.583,37.67473371787124
magnetic_norm,32.602,37.829885825065666
magnetic_norm,32.622,37.18450903468042
magnetic_norm,32.643,37.07197444605223
magnetic_norm,32.663,36.89305384316945
magnetic_norm,32.683,38.5624932683949
magnetic_norm,32.704,37.32563717759887
magnetic_norm,32.723,36.38932546520339
magnetic_norm,32.742,37.89761018240469
magnetic_norm,32.762,36.674048426816825
magnetic_norm,32.783,38.010588060304
magnetic_norm,32.803,36.11495805497357
magnetic_norm,32.823,37.34771017934205
magnetic_norm,32.843,36.1972234346089
magnetic_norm,32.864,36.59213010317258
magnetic_norm,32.882,36.9075116255824
magnetic_norm,32.902,36.237663664342435
magnetic_norm,32.924,36.794452155522045
magnetic_norm,32.944,37.16930595200495
magnetic_norm,32.963,36.50603813504007
magnetic_norm,32.983,36.29882990056297
magnetic_norm,33.003,37.59382948869402
magnetic_norm,33.023,37.53022066082225
magnetic_norm,33.043,35.83142881274071
magnetic_norm,33.063,36.81086013155634
magnetic_norm,33.083,38.023289537121194
magnetic_norm,33.103,38.89830366995461
magnetic_norm,33.132,37.71293208569184
magnetic_norm,33.145,36.027203009920186
magnetic_norm,33.162,37.65915445230416
magnetic_norm,33.183,37.42682074679213
magnetic_norm,33.204,37.69047647251227
magnetic_norm,33.223,37.57214844818573
magnetic_norm,33.244,37.02376993111998
magnetic_norm,33.264,36.04469042574096
magnetic_norm,33.284,39.592855345118885
magnetic_norm,33.303,38.46274128130371
magnetic_norm,33.323,38.37358710754052
magnetic_norm,33.344,39.3945219537406
magnetic_norm,33.363,37.58381259222513
magnetic_norm,33.383,38.492587238697716
magnetic_norm,33.404,37.88300230898424
magnetic_norm,33.424,36.492960139868146
magnetic_norm,33.443,38.41172154557773
magnetic_norm,33.462,38.67189307138977
magnetic_norm,33.484,39.198181488846
magnetic_norm,33.503,36.749165695121675
magnetic_norm,33.53,38.06400089405343
magnetic_norm,33.544,38.24325768106059
magnetic_norm,33.564,38.05805289340879
magnetic_norm,33.583,37.309056064077794
magnetic_norm,33.605,37.54955854767144
magnetic_norm,33.623,37.684463497076614
magnetic_norm,33.644,37.860120468310825
magnetic_norm,33.663,38.28475443143132
magnetic_norm,33.685,39.40367259612358
magnetic_norm,33.703,37.388629208624394
magnetic_norm,33.723,37.99376282259377
magnetic_norm,33.743,40.08288784684187
magnetic_norm,33.765,36.829942415122716
magnetic_norm,33.783,36.07561129471689
magnetic_norm,33.803,37.422920759375586
magnetic_norm,33.823,37.60919767317571
magnetic_norm,33.843,38.447011018413384
magnetic_norm,33.862,39.56640704958885
magnetic_norm,33.883,37.95126912403589
magnetic_norm,33.904,38.38111260440479
magnetic_norm,33.924,38.551265749891506
magnetic_norm,33.943,39.88983558784118
magnetic_norm,33.963,37.92756655032727
magnetic_norm,33.983,39.43731675868681
magnetic_norm,34.003,38.8971269424234
magnetic_norm,34.023,38.091975963613386
magnetic_norm,34.044,38.72625196959433
magnetic_norm,34.064,39.0161775341332
magnetic_norm,34.084,38.66563504893601
magnetic_norm,34.104,37.18293476445215
magnetic_norm,34.123,38.7896903754561
magnetic_norm,34.143,39.71522030919014
magnetic_norm,34.163,38.129751240828995
magnetic_norm,34.182,38.183188725373746
magnetic_norm,34.204,38.632121629383754
magnetic_norm,34.224,38.79678123730112
magnetic_norm,34.244,38.00935329866189
magnetic_norm,34.263,37.727695835934085
magnetic_norm,34.283,38.5063988727199
magnetic_norm,34.303,39.857466493117805
magnetic_norm,34.323,38.454186107464366
magnetic_norm,34.343,39.332804233886684
magnetic_norm,34.363,37.48854243765688
magnetic_norm,34.384,37.340530112734086
magnetic_norm,34.404,40.259782889271165
magnetic_norm,34.423,38.07019318804411
magnetic_norm,34.443,40.29683024569056
magnetic_norm,34.463,39.38667951027363
magnetic_norm,34.488,40.22889608184346
magnetic_norm,34.503,38.0692122864725
magnetic_norm,34.523,40.16945843081532
magnetic_norm,34.544,38.441261688126325
magnetic_norm,34.564,39.0671267259956
magnetic_norm,34.583,37.47211576452561
magnetic_norm,34.603,40.69165776028306
magnetic_norm,34.623,38.9405586679878
magnetic_norm,34.643,38.03739210845693
magnetic_norm,34.67,40.13183967789795
magnetic_norm,34.683,40.01289539776521
magnetic_norm,34.704,39.67872590019115
magnetic_norm,34.727,40.43202633408323
magnetic_norm,34.743,39.32414574755566
magnetic_norm,34.763,38.715031601110695
magnetic_norm,34.783,39.88786361241359
magnetic_norm,34.804,39.54131937371026
magnetic_norm,34.823,40.42091236290938
magnetic_norm,34.843,39.526592116890114
magnetic_norm,34.863,39.13715665770828
magnetic_norm,34.883,39.58040089283474
magnetic_norm,34.903,41.17765531055648
magnetic_norm,34.924,39.22892196023878
magnetic_norm,34.943,41.61687687234001
magnetic_norm,34.964,39.616961085499895
magnetic_norm,34.983,39.44795473549167
magnetic_norm,35.003,41.46029241173118
magnetic_norm,35.023,40.98371294261295
magnetic_norm,35.043,40.02106574199393
magnetic_norm,35.063,40.482543981174466
magnetic_norm,35.085,41.31146781726448
magnetic_norm,35.103,39.47696261910235
magnetic_norm,35.123,41.84365711344582
magnetic_norm,35.143,40.79233557192458
magnetic_norm,35.163,41.74448304387065
magnetic_norm,35.184,40.470232115716854
magnetic_norm,35.205,42.119783152486676
magnetic_norm,35.223,42.44817796443094
magnetic_norm,35.244,40.279735591945006
magnetic_norm,35.263,41.36073243322102
magnetic_norm,35.283,40.175105789219884
magnetic_norm,35.303,40.871291282665744
magnetic_norm,35.324,41.21283065153988
magnetic_norm,35.343,39.880037887080796
magnetic_norm,35.364,41.19216109043089
magnetic_norm,35.384,40.11165116225589
magnetic_norm,35.404,41.70766322481998
magnetic_norm,35.423,39.77624887479977
magnetic_norm,35.443,41.984413900518
magnetic_norm,35.463,40.04565811155452
magnetic_norm,35.483,40.281101214217074
magnetic_norm,35.504,40.140846753961235
magnetic_norm,35.528,39.35139732731874
magnetic_norm,35.543,39.475123867760125
magnetic_norm,35.563,40.59712593860568
magnetic_norm,35.583,37.231960567333935
magnetic_norm,35.604,38.82183507785928
magnetic_norm,35.624,38.94080694223606
magnetic_norm,35.644,39.503070062338246
magnetic_norm,35.664,39.25321344329659
magnetic_norm,35.683,39.67749233948648
magnetic_norm,35.702,39.155325198655945
magnetic_norm,35.723,37.31885568533023
magnetic_norm,35.744,38.36170317403153
magnetic_norm,35.763,39.005968435612566
magnetic_norm,35.783,37.24332758881125
magnetic_norm,35.803,38.27832308337194
magnetic_norm,35.823,36.732149682703024
magnetic_norm,35.843,37.62088328807552
magnetic_norm,35.863,37.59559391837035
magnetic_norm,35.883,37.455772602664396
magnetic_norm,35.904,37.13014168940108
magnetic_norm,35.924,37.95400757594647
magnetic_norm,35.944,35.745247744630404
magnetic_norm,35.963,36.911984215495664
magnetic_norm,35.983,37.330352463344155
magnetic_norm,36.003,37.028715589728485
magnetic_norm,36.023,37.457461901969616
magnetic_norm,36.044,37.17592151682323
magnetic_norm,36.066,37.066798034595664
magnetic_norm,36.084,37.17016903916373
magnetic_norm,36.103,38.37656229653727
magnetic_norm,36.123,39.120524088226475
magnetic_norm,36.142,37.083908547037
magnetic_norm,36.163,37.82293935447779
magnetic_norm,36.183,36.72507225026933
magnetic_norm,36.203,37.45266896180433
magnetic_norm,36.223,36.37987602267222
magnetic_norm,36.243,36.860003598073696
magnetic_norm,36.267,36.51933234106978
magnetic_norm,36.283,36.191123883315655
magnetic_norm,36.304,36.41177212969731
magnetic_norm,36.328,37.11813052555995
magnetic_norm,36.343,38.19872200480017
magnetic_norm,36.363,37.420877673265565
magnetic_norm,36.383,37.45551806610077
magnetic_norm,36.403,38.31845708385853
magnetic_norm,36.423,37.561552608684856
magnetic_norm,36.442,36.60715062064378
magnetic_norm,36.463,36.902388586817864
magnetic_norm,36.484,36.0417837500796
magnetic_norm,36.503,36.08391648695442
magnetic_norm,36.523,36.38227794665284
magnetic_norm,36.543,37.36132265174109
magnetic_norm,36.562,38.62433555253734
magnetic_norm,36.582,38.53472782309491
magnetic_norm,36.603,38.88648140903222
magnetic_norm,36.623,37.443643754982034
magnetic_norm,36.643,36.823026378884286
magnetic_norm,36.664,36.17887918661945
magnetic_norm,36.682,37.44382648264603
magnetic_norm,36.702,38.6317231143979
magnetic_norm,36.723,38.064205806603994
magnetic_norm,36.743,37.66096080492372
magnetic_norm,36.763,37.928595797893735
magnetic_norm,36.783,38.59365146400387
magnetic_norm,36.803,37.61948330336961
magnetic_norm,36.822,37.46351162698192
magnetic_norm,36.843,37.1460320813341
magnetic_norm,36.863,38.363986164761414
magnetic_norm,36.883,37.92884192158397
magnetic_norm,36.903,38.19916713473608
magnetic_norm,36.923,38.03883574568901
magnetic_norm,36.943,39.152867939973596
magnetic_norm,36.962,40.994973610492934
magnetic_norm,36.982,38.04491434886534
magnetic_norm,37.003,39.704294920071405
magnetic_norm,37.024,39.19853762020338
magnetic_norm,37.048,39.41496768915971
magnetic_norm,37.063,39.45323183149899
magnetic_norm,37.083,37.516264898707725
magnetic_norm,37.103,40.490532747637445
magnetic_norm,37.123,39.33544640111518
magnetic_norm,37.142,39.5965836944932
magnetic_norm,37.163,39.87148632387562
magnetic_norm,37.183,38.943696205066374
magnetic_norm,37.203,39.62454645907642
magnetic_norm,37.223,40.264446362144405
magnetic_norm,37.243,40.68162156521056
magnetic_norm,37.263,40.89712602249704
magnetic_norm,37.283,38.08902797476593
magnetic_norm,37.303,40.41732476024361
magnetic_norm,37.323,39.31550263843145
magnetic_norm,37.343,39.482895047729336
magnetic_norm,37.363,39.98802341514271
magnetic_norm,37.383,39.809780812320604
magnetic_norm,37.403,39.67437713027144
magnetic_norm,37.423,39.12016926094528
magnetic_norm,37.443,39.80722315061055
magnetic_norm,37.463,39.12890061596096
magnetic_norm,37.483,40.38299504819448
magnetic_norm,37.503,39.95805815514563
magnetic_norm,37.523,39.45436698072852
magnetic_norm,37.543,40.2920049645398
magnetic_norm,37.563,38.96233000290155
magnetic_norm,37.583,40.58653954243944
magnetic_norm,37.603,41.103024784223656
magnetic_norm,37.623,40.84286724371221
magnetic_norm,37.643,39.40003444075278
magnetic_norm,37.663,41.88024161821426
magnetic_norm,37.682,41.45686703620409
magnetic_norm,37.703,41.35042038026941
magnetic_norm,37.723,41.312869626194065
magnetic_norm,37.743,41.420388153412745
magnetic_norm,37.763,42.5356231599189
magnetic_norm,37.783,41.2213719209102
magnetic_norm,37.803,39.8699825409104
magnetic_norm,37.823,42.2428351184997
magnetic_norm,37.842,40.532190509874475
magnetic_norm,37.863,42.602893618714496
magnetic_norm,37.883,42.18567496052422
magnetic_norm,37.903,41.86050775343032
magnetic_norm,37.924,42.19836943310133
magnetic_norm,37.943,41.22675197825133
magnetic_norm,37.963,42.79942294573034
magnetic_norm,37.983,41.97875547122025
magnetic_norm,38.003,42.74928042157552
magnetic_norm,38.023,41.7028036831758
magnetic_norm,38.043,40.897023532984754
magnetic_norm,38.065,41.58643907334758
magnetic_norm,38.083,42.3672493084282
magnetic_norm,38.102,44.4463841439886
magnetic_norm,38.122,43.133694446946045
magnetic_norm,38.144,42.86699041439112
magnetic_norm,38.163,45.11808830557877
magnetic_norm,38.183,44.84592766419823
magnetic_norm,38.203,44.04429940129891
magnetic_norm,38.223,40.94378816209487
magnetic_norm,38.245,43.08315497021429
magnetic_norm,38.262,42.85438986054998
magnetic_norm,38.283,41.884959344614494
magnetic_norm,38.304,41.73833388654847
magnetic_norm,38.323,41.94643258341526
magnetic_norm,38.343,43.432269480997654
magnetic_norm,38.364,43.258574401007486
magnetic_norm,38.382,42.02195017967544
magnetic_norm,38.403,42.95957265630677
magnetic_norm,38.423,43.872696253621115
magnetic_norm,38.443,42.481600915366926
magnetic_norm,38.463,42.993180246115884
magnetic_norm,38.483,44.4540906725693
magnetic_norm,38.503,43.994424835227704
magnetic_norm,38.523,42.783711533947276
magnetic_norm,38.544,43.21351014561314
magnetic_norm,38.563,43.82390628275855
magnetic_norm,38.583,44.75041244670277
magnetic_norm,38.603,43.633490553043096
magnetic_norm,38.623,43.30908671615577
magnetic_norm,38.643,41.61938558163141
magnetic_norm,38.662,43.34128213637668
magnetic_norm,38.682,45.34115385842926
magnetic_norm,38.703,44.08347964203825
magnetic_norm,38.723,44.6300001828087
magnetic_norm,38.743,44.148145852487445
magnetic_norm,38.763,45.12944798114091
magnetic_norm,38.783,45.50125405785546
magnetic_norm,38.803,44.69763038106723
magnetic_norm,38.822,43.69133994883888
magnetic_norm,38.843,44.45633548789766
magnetic_norm,38.863,45.49116857176791
magnetic_norm,38.883,45.690712239072774
magnetic_norm,38.903,46.12604038460813
magnetic_norm,38.923,44.86528785748515
magnetic_norm,38.943,43.808488855086686
magnetic_norm,38.963,45.65820723492661
magnetic_norm,38.982,45.01926431031507
magnetic_norm,39.003,45.23027798803585
magnetic_norm,39.023,46.37251490724329
magnetic_norm,39.043,44.827911595902044
magnetic_norm,39.063,46.42395333101231
magnetic_norm,39.082,45.31774151062419
magnetic_norm,39.103,45.9791823930408
magnetic_norm,39.123,45.1067239010855
magnetic_norm,39.143,47.1826207004497
magnetic_norm,39.163,45.30277021703544
magnetic_norm,39.183,46.978120322789636
magnetic_norm,39.203,46.81596251291466
magnetic_norm,39.223,44.515382699457106
magnetic_norm,39.243,46.78273180579031
magnetic_norm,39.263,50.020062971521746
magnetic_norm,39.283,46.44931116362227
magnetic_norm,39.303,45.72929346984162
magnetic_norm,39.323,49.677612479994494
magnetic_norm,39.343,47.43759263824947
magnetic_norm,39.363,43.80393121827091
magnetic_norm,39.382,43.88516987263475
magnetic_norm,39.403,44.67368405390499
magnetic_norm,39.423,45.518716044260394
magnetic_norm,39.443,44.26625880029855
magnetic_norm,39.463,48.26597307508164
magnetic_norm,39.483,45.29119960047431
magnetic_norm,39.503,46.21765739479348
magnetic_norm,39.522,45.82730788705582
magnetic_norm,39.542,46.347791465586674
magnetic_norm,39.563,44.89952455950954
magnetic_norm,39.583,46.00719835479556
magnetic_norm,39.603,45.071587589217444
magnetic_norm,39.623,46.175906718899455
magnetic_norm,39.643,47.24346844697163
magnetic_norm,39.663,47.2473018103416
magnetic_norm,39.683,46.238117540077305
magnetic_norm,39.703,46.75996378872105
magnetic_norm,39.723,46.27023525267089
magnetic_norm,39.743,47.454784321578195
magnetic_norm,39.763,46.33733143729794
magnetic_norm,39.782,46.33733143729794
magnetic_norm,39.803,47.72432678611088
magnetic_norm,39.823,47.30108633490889
magnetic_norm,39.843,46.75042052404462
magnetic_norm,39.863,47.722394650205935
magnetic_norm,39.883,45.787773656430424
magnetic_norm,39.903,47.06716917913697
magnetic_norm,39.923,47.06716917913697
magnetic_norm,39.942,47.484040904550234
magnetic_norm,39.963,47.627444986058244
magnetic_norm,39.983,46.99434292351052
magnetic_norm,40.003,48.5194681058543
magnetic_norm,40.023,49.1896604341299
magnetic_norm,40.043,46.65673371939469
magnetic_norm,40.063,47.114751804105936
magnetic_norm,40.083,47.722394650205935
magnetic_norm,40.102,46.95296890573055
magnetic_norm,40.123,47.200885932496014
magnetic_norm,40.143,47.61232365029038
magnetic_norm,40.163,46.10513837570064
magnetic_norm,40.183,49.01512941600278
magnetic_norm,40.203,47.39693300006341
magnetic_norm,40.223,47.71399323592093
magnetic_norm,40.243,49.042363702288085
magnetic_norm,40.263,47.60629804771108
magnetic_norm,40.283,46.51299719374155
magnetic_norm,40.303,47.69071896540781
magnetic_norm,40.323,47.75308923862941
magnetic_norm,40.343,45.74378153763098
magnetic_norm,40.363,47.729274232382835
magnetic_norm,40.383,46.259388827431565
magnetic_norm,40.403,49.47427703615288
magnetic_norm,40.423,47.9313686600957
magnetic_norm,40.443,48.19406938690694
magnetic_norm,40.463,47.57851735710146
magnetic_norm,40.483,50.50837192159344
magnetic_norm,40.502,47.397532882788404
magnetic_norm,40.523,48.87818717646456
magnetic_norm,40.543,47.60021618536793
magnetic_norm,40.563,48.191578705283156
magnetic_norm,40.583,48.359086415455614
magnetic_norm,40.603,48.055840926350996
magnetic_norm,40.623,48.3367203350621
magnetic_norm,40.643,48.68033973137933
magnetic_norm,40.662,48.08951638948982
magnetic_norm,40.683,49.82573037811392
magnetic_norm,40.703,49.622060092059904
magnetic_norm,40.723,49.17272087842516
magnetic_norm,40.743,50.230698194057624
magnetic_norm,40.763,48.99185451097976
magnetic_norm,40.783,47.78897338782771
magnetic_norm,40.803,48.66683418888833
magnetic_norm,40.823,48.65990971901305
magnetic_norm,40.843,49.09955077969151
magnetic_norm,40.863,46.723550408091945
magnetic_norm,40.883,49.45299970363275
magnetic_norm,40.903,49.331119967141476
magnetic_norm,40.923,47.87343974285221
magnetic_norm,40.943,49.250882368364735
magnetic_norm,40.963,49.758825361311615
magnetic_norm,40.983,48.50989287932673
magnetic_norm,41.003,49.72042903255424
magnetic_norm,41.023,48.674327382756495
magnetic_norm,41.043,47.64872686520596
magnetic_norm,41.063,48.72624567540586
magnetic_norm,41.083,50.05075087074123
magnetic_norm,41.104,47.81468277488107
magnetic_norm,41.126,49.086640571544514
magnetic_norm,41.143,47.817549320751525
magnetic_norm,41.163,47.86876836074853
magnetic_norm,41.183,48.28594359360707
magnetic_norm,41.203,47.817693654498946
magnetic_norm,41.223,46.17632434482795
magnetic_norm,41.244,46.004511072964355
magnetic_norm,41.264,47.69316993553698
magnetic_norm,41.284,46.89001351407359
magnetic_norm,41.303,45.99121022739024
magnetic_norm,41.323,45.091759789345154
magnetic_norm,41.344,46.916640254951126
magnetic_norm,41.363,46.127058091482496
magnetic_norm,41.383,45.918340392211476
magnetic_norm,41.403,46.09911791075839
magnetic_norm,41.427,45.552762041669894
magnetic_norm,41.444,46.84462340346544
magnetic_norm,41.463,45.859633294707024
magnetic_norm,41.482,46.11972823288327
magnetic_norm,41.503,47.50367211042743
magnetic_norm,41.523,47.65441842106577
magnetic_norm,41.544,47.17540728401297
magnetic_norm,41.564,47.38189266323164
magnetic_norm,41.584,46.277026887133815
magnetic_norm,41.603,47.13088538951931
magnetic_norm,41.623,47.25150403796692
magnetic_norm,41.642,46.59212452536911
magnetic_norm,41.662,47.05500971987477
magnetic_norm,41.683,46.42004134746117
magnetic_norm,41.704,46.34610028983031
magnetic_norm,41.723,47.79773584125099
magnetic_norm,41.743,46.883858991661576
magnetic_norm,41.763,46.4019547955687
magnetic_norm,41.783,47.275899519602035
magnetic_norm,41.802,46.50857855828863
magnetic_norm,41.824,45.661026557530526
magnetic_norm,41.843,46.45831956899648
magnetic_norm,41.863,45.70924037681005
magnetic_norm,41.883,47.25844418593359
magnetic_norm,41.902,47.34604238093724
magnetic_norm,41.923,45.48616045389525
magnetic_norm,41.943,45.3333442226856
magnetic_norm,41.963,46.39638598034874
magnetic_norm,41.983,47.34011246620042
magnetic_norm,42.003,44.87239448759119
magnetic_norm,42.023,46.57886835956301
magnetic_norm,42.042,47.03602952379976
magnetic_norm,42.062,45.72592055866678
magnetic_norm,42.082,44.45522251642658
magnetic_norm,42.103,45.48246993788821
magnetic_norm,42.124,43.25170874948186
magnetic_norm,42.143,44.89052868604361
magnetic_norm,42.164,44.732343213146784
magnetic_norm,42.184,44.26262266997969
magnetic_norm,42.203,46.435638215303044
magnetic_norm,42.222,44.39799322838253
magnetic_norm,42.243,45.389119443375456
magnetic_norm,42.263,44.70046628984988
magnetic_norm,42.283,43.90927347241127
magnetic_norm,42.303,42.598721358363576
magnetic_norm,42.323,44.640450393603224
magnetic_norm,42.343,42.45234459779582
magnetic_norm,42.363,41.04406270863059
magnetic_norm,42.384,43.01548322261415
magnetic_norm,42.403,42.11900537153636
magnetic_norm,42.423,40.96540064981672
magnetic_norm,42.443,42.247931913733964
magnetic_norm,42.463,42.371030167143694
magnetic_norm,42.482,40.55919897461616
magnetic_norm,42.503,41.42163891509497
magnetic_norm,42.523,41.44544471042626
magnetic_norm,42.543,41.87323566745834
magnetic_norm,42.563,40.600717024764485
magnetic_norm,42.583,41.27879000951947
magnetic_norm,42.603,41.620958772294046
magnetic_norm,42.623,40.21980512322262
magnetic_norm,42.643,40.24010796534348
magnetic_norm,42.663,40.30160472115235
magnetic_norm,42.683,40.16431495759027
magnetic_norm,42.703,39.85774198273782
magnetic_norm,42.723,41.02479644739271
magnetic_norm,42.743,41.90653942853072
magnetic_norm,42.763,40.21585048429299
magnetic_norm,42.782,39.95562559296251
magnetic_norm,42.803,40.33718007682254
magnetic_norm,42.823,39.77321174782727
magnetic_norm,42.843,39.630292923311835
magnetic_norm,42.863,38.646517384655816
magnetic_norm,42.887,39.512730658770074
magnetic_norm,42.902,40.99120149846186
magnetic_norm,42.923,38.796437158262364
magnetic_norm,42.943,40.22467636243331
magnetic_norm,42.964,38.76829457253053
magnetic_norm,42.984,37.36626650753994
magnetic_norm,43.003,39.74997822900349
magnetic_norm,43.023,37.37505756977172
magnetic_norm,43.043,38.782654417600256
magnetic_norm,43.064,38.735040501156696
magnetic_norm,43.084,38.620184832238316
magnetic_norm,43.103,38.59173635384913
magnetic_norm,43.123,37.15586992703851
magnetic_norm,43.143,38.67197386351
magnetic_norm,43.164,38.193274310145355
magnetic_norm,43.183,37.89195674861295
magnetic_norm,43.204,37.77518722660419
magnetic_norm,43.223,38.86567017600494
magnetic_norm,43.243,37.81863844802586
magnetic_norm,43.263,38.30979533666956
magnetic_norm,43.283,38.08164235396105
magnetic_norm,43.308,36.39852662497138
magnetic_norm,43.323,37.90199521514347
magnetic_norm,43.343,38.43842376938732
magnetic_norm,43.37,39.45983138522021
magnetic_norm,43.383,40.324520055513375
magnetic_norm,43.404,37.49191056348028
magnetic_norm,43.423,36.85007102265883
magnetic_norm,43.443,38.73155514243199
magnetic_norm,43.462,38.54491550720406
magnetic_norm,43.483,38.838281500408904
magnetic_norm,43.504,37.06603090330834
magnetic_norm,43.523,38.40947003725123
magnetic_norm,43.546,38.9276779293185
magnetic_norm,43.564,36.292898356462366
magnetic_norm,43.583,38.68111825484108
magnetic_norm,43.603,36.044747622243804
magnetic_norm,43.622,37.03734923730706
magnetic_norm,43.645,37.975357979352935
magnetic_norm,43.663,39.13020348059157
magnetic_norm,43.683,37.926810219009326
magnetic_norm,43.703,38.22917648069993
magnetic_norm,43.723,38.66569614078156
magnetic_norm,43.742,38.99218567227611
magnetic_norm,43.763,37.48725256347149
magnetic_norm,43.783,37.70341296984937
magnetic_norm,43.803,35.900223144222934
magnetic_norm,43.825,37.448056608971775
magnetic_norm,43.843,37.45522645891692
magnetic_norm,43.863,37.34054856228682
magnetic_norm,43.883,39.07710976789993
magnetic_norm,43.903,37.8073746859657
magnetic_norm,43.924,36.82590700293409
magnetic_norm,43.943,38.11886724586008
magnetic_norm,43.963,36.20731831360203
magnetic_norm,43.983,38.200606895538975
magnetic_norm,44.003,36.751750832273295
magnetic_norm,44.022,36.968448419310896
magnetic_norm,44.043,34.79689849848331
magnetic_norm,44.062,34.67828380550296
magnetic_norm,44.083,34.25997011863846
magnetic_norm,44.103,36.05757125306695
magnetic_norm,44.123,35.96738958323921
magnetic_norm,44.147,37.484757839854055
magnetic_norm,44.168,37.86151265029904
magnetic_norm,44.182,39.066714728141704
magnetic_norm,44.203,36.38352837744713
magnetic_norm,44.223,36.20066159445501
magnetic_norm,44.243,36.91375993173143
magnetic_norm,44.264,36.48265618968839
magnetic_norm,44.283,37.43400588630956
magnetic_norm,44.303,37.255558362478
magnetic_norm,44.326,34.80485592122893
magnetic_norm,44.344,35.1758865501284
magnetic_norm,44.363,36.8124389855182
magnetic_norm,44.384,35.206097650229694
magnetic_norm,44.403,35.96218228483222
magnetic_norm,44.423,35.6295048111288
magnetic_norm,44.443,32.99163268222344
magnetic_norm,44.465,34.52622983870379
magnetic_norm,44.483,35.82056072404513
magnetic_norm,44.503,36.41567470032665
magnetic_norm,44.523,35.699753915906065
magnetic_norm,44.543,35.18154099135298
magnetic_norm,44.563,37.21723868105344
magnetic_norm,44.583,35.151789797498225
magnetic_norm,44.603,35.31706913837846
magnetic_norm,44.622,35.16263240561646
magnetic_norm,44.643,35.760556279859514
magnetic_norm,44.667,35.185258041916505
magnetic_norm,44.683,36.81509204938932
magnetic_norm,44.703,36.08632721118208
magnetic_norm,44.723,34.500698022829916
magnetic_norm,44.743,34.476664558074766
magnetic_norm,44.763,34.32282632603994
magnetic_norm,44.784,34.48402616382706
magnetic_norm,44.803,34.905624621721195
magnetic_norm,44.823,34.46244899952701
magnetic_norm,44.844,32.40409786105384
magnetic_norm,44.863,35.23351212849429
magnetic_norm,44.883,34.70696415364646
magnetic_norm,44.902,34.88313417392781
magnetic_norm,44.923,33.27117100903574
magnetic_norm,44.944,32.65036489307981
magnetic_norm,44.964,31.95258577353326
magnetic_norm,44.983,33.09995339632293
magnetic_norm,45.004,31.651844834740693
magnetic_norm,45.023,33.26891497875682
magnetic_norm,45.043,33.2676151716275
magnetic_norm,45.063,32.592167587589266
magnetic_norm,45.084,32.93449644369866
magnetic_norm,45.103,32.213630554374824
magnetic_norm,45.123,32.61783327905151
magnetic_norm,45.143,32.88105002828383
magnetic_norm,45.169,34.437405895279774
magnetic_norm,45.182,33.824643424617264
magnetic_norm,45.203,32.466648979606816
magnetic_norm,45.223,32.081301280496774
magnetic_norm,45.243,31.194174887829636
magnetic_norm,45.268,31.11656702096168
magnetic_norm,45.286,33.58550545443674
magnetic_norm,45.302,32.33933763294328
magnetic_norm,45.322,31.602778880899073
magnetic_norm,45.343,31.3316539471267
magnetic_norm,45.363,31.76329883292987
magnetic_norm,45.384,32.41126869442949
magnetic_norm,45.403,33.84535615800936
magnetic_norm,45.423,31.75765940340228
magnetic_norm,45.448,29.96525941924256
magnetic_norm,45.463,31.788970323171842
magnetic_norm,45.483,32.36504926066086
magnetic_norm,45.504,31.315791730690844
magnetic_norm,45.523,31.75983980400805
magnetic_norm,45.543,31.213546863701666
magnetic_norm,45.563,32.17151009744495
magnetic_norm,45.583,31.75983980400805
magnetic_norm,45.603,31.450262071642584
magnetic_norm,45.623,31.131750015478637
magnetic_norm,45.643,31.920129278403653
magnetic_norm,45.664,31.76131231545707
magnetic_norm,45.684,29.97043701821014
magnetic_norm,45.703,29.573701637075295
magnetic_norm,45.722,31.10781665656965
magnetic_norm,45.742,30.094785218954495
magnetic_norm,45.763,29.004440238177416
magnetic_norm,45.783,28.879931052982123
magnetic_norm,45.803,30.68834376334932
magnetic_norm,45.824,29.476818941203618
magnetic_norm,45.844,29.232885678547028
magnetic_norm,45.862,30.038461515696905
magnetic_norm,45.883,31.07166929555765
magnetic_norm,45.903,28.651358155766456
magnetic_norm,45.923,30.530120639910745
magnetic_norm,45.943,29.276719443014805
magnetic_norm,45.963,29.447231740946382
magnetic_norm,45.983,29.587602143169764
magnetic_norm,46.002,27.833408528017227
magnetic_norm,46.022,27.439253358578313
magnetic_norm,46.043,28.289550460174354
magnetic_norm,46.065,30.35683564969348
magnetic_norm,46.085,28.03007785509168
magnetic_norm,46.103,28.1253317440435
magnetic_norm,46.123,29.82186763203304
magnetic_norm,46.143,27.648687639967743
magnetic_norm,46.163,28.207604301056854
magnetic_norm,46.183,27.586278534807864
magnetic_norm,46.204,28.853011037844993
magnetic_norm,46.223,26.54092305360731
magnetic_norm,46.249,27.123390803511295
magnetic_norm,46.263,29.81372212274918
magnetic_norm,46.282,29.369427925225324
magnetic_norm,46.303,28.034824298874252
magnetic_norm,46.323,27.99035957847811
magnetic_norm,46.343,28.021667376112745
magnetic_norm,46.363,28.456608245932987
magnetic_norm,46.383,27.630464674431373
magnetic_norm,46.405,27.177010985067877
magnetic_norm,46.423,28.301459544540297
magnetic_norm,46.444,27.18047765515721
magnetic_norm,46.463,27.070800838287997
magnetic_norm,46.483,29.165341115269015
magnetic_norm,46.503,27.12974087648094
magnetic_norm,46.523,26.187308467796075
magnetic_norm,46.558,28.745640457076288
magnetic_norm,46.563,27.80571320843976
magnetic_norm,46.583,29.798711553521912
magnetic_norm,46.603,27.882626647789213
magnetic_norm,46.623,28.428426266920777
magnetic_norm,46.643,29.81138196004179
magnetic_norm,46.664,27.681306471154862
magnetic_norm,46.683,30.607750063301026
magnetic_norm,46.703,27.699697333635275
magnetic_norm,46.722,28.52169216447378
magnetic_norm,46.743,29.01025722837104
magnetic_norm,46.763,26.817391609114917
magnetic_norm,46.784,28.404079702570964
magnetic_norm,46.803,26.732774869296772
magnetic_norm,46.823,27.513457644623657
magnetic_norm,46.843,28.177258640967917
magnetic_norm,46.862,27.050358479694946
magnetic_norm,46.883,27.095417762372687
magnetic_norm,46.903,26.625323570005683
magnetic_norm,46.923,25.816653068658997
magnetic_norm,46.944,25.624824421349743
magnetic_norm,46.963,25.60898591207782
magnetic_norm,46.983,26.732077438210894
magnetic_norm,47.002,26.367627079669116
magnetic_norm,47.022,27.349767551206064
magnetic_norm,47.043,28.035545767386996
magnetic_norm,47.063,27.09378244530929
magnetic_norm,47.083,27.69058387859494
magnetic_norm,47.103,29.08381494169059
magnetic_norm,47.123,28.378711899282884
magnetic_norm,47.143,30.150467941642365
magnetic_norm,47.163,30.118646798536634
magnetic_norm,47.183,30.781476667794887
magnetic_norm,47.203,31.964128370331157
magnetic_norm,47.223,33.66553011334443
magnetic_norm,47.243,32.871098655962264
magnetic_norm,47.263,34.35701189186139
magnetic_norm,47.283,36.0101846952706
magnetic_norm,47.303,34.31202020538874
magnetic_norm,47.323,37.440051077188734
magnetic_norm,47.343,36.911741740095444
magnetic_norm,47.364,37.060935537469966
magnetic_norm,47.383,38.21631950832661
magnetic_norm,47.403,36.51911918057445
magnetic_norm,47.422,37.796677305849336
magnetic_norm,47.443,37.925573599485666
magnetic_norm,47.463,38.652010102645384
magnetic_norm,47.483,40.0763475483046
magnetic_norm,47.503,38.51633455399152
magnetic_norm,47.524,40.82762648180157
magnetic_norm,47.543,40.31735765848874
magnetic_norm,47.563,38.99335289267267
magnetic_norm,47.582,39.077868405755055
magnetic_norm,47.603,39.85226505294279
magnetic_norm,47.623,40.29770950531815
magnetic_norm,47.644,38.99445607471017
magnetic_norm,47.663,40.72473051199979
magnetic_norm,47.683,38.169428006914124
magnetic_norm,47.702,39.69259890395187
magnetic_norm,47.724,42.29712008148427
magnetic_norm,47.743,40.64174104292292
magnetic_norm,47.763,40.95297111932177
magnetic_norm,47.783,40.89153474559264
magnetic_norm,47.803,40.37197453819304
magnetic_norm,47.823,40.24326345442805
magnetic_norm,47.843,40.933362863469945
magnetic_norm,47.863,41.4067515912261
magnetic_norm,47.883,41.22637698716079
magnetic_norm,47.903,39.82176566621582
magnetic_norm,47.923,40.812143470877636
magnetic_norm,47.943,38.269432396169776
magnetic_norm,47.963,39.92963657939437
magnetic_norm,47.983,41.814353938719414
magnetic_norm,48.003,41.564127787672874
magnetic_norm,48.023,40.532453125242796
magnetic_norm,48.043,40.60703565094981
magnetic_norm,48.063,42.74691607845823
magnetic_norm,48.084,41.80556115913299
magnetic_norm,48.103,40.20113349661305
magnetic_norm,48.122,40.58414053050774
magnetic_norm,48.143,40.618237203348805
magnetic_norm,48.169,41.559193788348495
magnetic_norm,48.183,41.70657968549447
magnetic_norm,48.203,41.09707120540957
magnetic_norm,48.224,41.74693289632186
magnetic_norm,48.243,40.353200126910735
magnetic_norm,48.263,40.7498776767183
magnetic_norm,48.284,40.1945556751782
magnetic_norm,48.303,41.88857011488934
magnetic_norm,48.324,42.6976200485753
magnetic_norm,48.343,42.11100193061192
magnetic_norm,48.363,40.995368223282405
magnetic_norm,48.383,42.774783961026664
magnetic_norm,48.402,44.33433039488135
magnetic_norm,48.422,43.104615171695954
magnetic_norm,48.444,42.20595894599779
magnetic_norm,48.464,41.758509906066
magnetic_norm,48.483,43.493673201110575
magnetic_norm,48.504,43.927128976066726
magnetic_norm,48.523,41.55519907680025
magnetic_norm,48.543,42.01681995701256
magnetic_norm,48.563,44.457028936659725
magnetic_norm,48.583,44.60530426773816
magnetic_norm,48.604,42.71633954428329
magnetic_norm,48.623,42.86594514850922
magnetic_norm,48.644,42.8356255973051
magnetic_norm,48.663,45.74983523585087
magnetic_norm,48.683,45.04989113213821
magnetic_norm,48.703,43.982067626192936
magnetic_norm,48.724,44.12209451793969
magnetic_norm,48.743,43.25409211132515
magnetic_norm,48.764,43.7219227132397
magnetic_norm,48.784,44.28962375856224
magnetic_norm,48.804,43.70118526939526
magnetic_norm,48.822,42.75740107899452
magnetic_norm,48.843,44.1768228424844
magnetic_norm,48.863,41.99163320533331
magnetic_norm,48.883,44.02223297939918
magnetic_norm,48.903,44.52189203324591
magnetic_norm,48.925,45.37492178546988
magnetic_norm,48.944,44.79835122362212
magnetic_norm,48.966,43.78353230625076
magnetic_norm,48.983,44.15142888190313
magnetic_norm,49.003,45.012491197999736
magnetic_norm,49.023,45.380442597142
magnetic_norm,49.043,44.52563132890435
magnetic_norm,49.064,43.107884637993
magnetic_norm,49.084,44.926542030213064
magnetic_norm,49.103,44.39237027984088
magnetic_norm,49.128,45.87787048370939
magnetic_norm,49.142,44.048846318689215
magnetic_norm,49.163,45.358292378571754
magnetic_norm,49.183,44.83809377081061
magnetic_norm,49.203,44.481835744914
magnetic_norm,49.223,44.63493719660643
magnetic_norm,49.243,44.44682834536683
magnetic_norm,49.263,45.40356927379168
magnetic_norm,49.284,45.4278527413249
magnetic_norm,49.303,45.0425502093576
magnetic_norm,49.323,45.078143104308324
magnetic_norm,49.343,43.87717145062453
magnetic_norm,49.363,43.85020175181639
magnetic_norm,49.383,45.50625390284285
magnetic_norm,49.403,44.71251182745163
magnetic_norm,49.423,44.67084971354372
magnetic_norm,49.443,45.00347255339025
magnetic_norm,49.463,42.79518177090735
magnetic_norm,49.483,44.8921146486775
magnetic_norm,49.504,45.78626258893063
magnetic_norm,49.522,44.968578064577606
magnetic_norm,49.542,45.78400515335578
magnetic_norm,49.562,44.61775939158084
magnetic_norm,49.584,44.03767119609074
magnetic_norm,49.603,45.16929748721756
magnetic_norm,49.623,43.87767317113003
magnetic_norm,49.643,46.151926050951595
magnetic_norm,49.663,45.243449208158914
magnetic_norm,49.683,45.60379951802272
magnetic_norm,49.703,44.47136588862551
magnetic_norm,49.724,44.53098558228865
magnetic_norm,49.743,44.32671886641853
magnetic_norm,49.768,45.45374467081898
magnetic_norm,49.783,45.000243164343054
magnetic_norm,49.803,44.879718203159435
magnetic_norm,49.822,45.63990728909844
magnetic_norm,49.843,45.27053276691147
magnetic_norm,49.863,45.98179590269942
magnetic_norm,49.883,46.98374803695424
magnetic_norm,49.904,44.405080107094776
magnetic_norm,49.923,45.69373465687063
magnetic_norm,49.943,45.622485415910916
magnetic_norm,49.963,44.98819261503521
magnetic_norm,49.982,44.52680608845366
magnetic_norm,50.003,46.557369809327774
magnetic_norm,50.026,46.5513029277378
magnetic_norm,50.043,47.376372257513594
magnetic_norm,50.063,46.48661328718735
magnetic_norm,50.083,44.56016803617895
magnetic_norm,50.103,43.80041737814835
magnetic_norm,50.123,45.3932394152202
magnetic_norm,50.144,45.03647351419736
magnetic_norm,50.164,45.837016382859176
magnetic_norm,50.183,46.60547501978715
magnetic_norm,50.203,44.658532569375815
magnetic_norm,50.223,46.58937713806134
magnetic_norm,50.246,45.91704125567118
magnetic_norm,50.267,47.60240975058406
magnetic_norm,50.283,45.364403463095385
magnetic_norm,50.303,45.89179614184871
magnetic_norm,50.323,48.21275603937722
magnetic_norm,50.343,46.857451055115035
magnetic_norm,50.363,48.721715360311876
magnetic_norm,50.383,46.37549739067496
magnetic_norm,50.403,47.169588620079246
magnetic_norm,50.423,46.62778184738686
magnetic_norm,50.443,47.413349873690684
magnetic_norm,50.463,49.09842077476882
magnetic_norm,50.486,47.139238373275624
magnetic_norm,50.503,48.77876915536615
magnetic_norm,50.523,47.88786826639921
magnetic_norm,50.543,46.29569905892991
magnetic_norm,50.564,47.52737771492882
magnetic_norm,50.583,46.1078562448961
magnetic_norm,50.603,47.92331760153406
magnetic_norm,50.623,49.12121169713756
magnetic_norm,50.643,48.0643586147783
magnetic_norm,50.663,45.42473448986797
magnetic_norm,50.682,46.735493903857574
magnetic_norm,50.703,47.53429728326432
magnetic_norm,50.723,48.26340745106484
magnetic_norm,50.743,48.315596395612786
magnetic_norm,50.763,48.380994434876065
magnetic_norm,50.783,48.96742995783014
magnetic_norm,50.803,46.948235549911864
magnetic_norm,50.822,47.91799889550904
magnetic_norm,50.843,48.003299994375396
magnetic_norm,50.864,47.59272166998079
magnetic_norm,50.884,48.27077909214336
magnetic_norm,50.903,48.35128785079049
magnetic_norm,50.923,47.45918343529535
magnetic_norm,50.943,48.42906136169686
magnetic_norm,50.962,48.378002604489616
magnetic_norm,50.983,48.078181150210966
magnetic_norm,51.003,47.9510735833934
magnetic_norm,51.023,48.17552276792127
magnetic_norm,51.043,48.44402328461178
magnetic_norm,51.065,48.308039832024896
magnetic_norm,51.083,48.48965337445711
magnetic_norm,51.103,47.46337984318805
magnetic_norm,51.123,48.55641649887792
magnetic_norm,51.143,46.293028548448845
magnetic_norm,51.163,46.85490751618235
magnetic_norm,51.183,46.37786649887531
magnetic_norm,51.209,47.875535653008626
magnetic_norm,51.222,48.687034574668964
magnetic_norm,51.243,47.54701878864232
magnetic_norm,51.264,46.87491537104365
magnetic_norm,51.283,47.596949105221064
magnetic_norm,51.303,47.53837613207882
magnetic_norm,51.323,47.35236327352101
magnetic_norm,51.343,46.64331493499363
magnetic_norm,51.362,46.96595209981913
magnetic_norm,51.382,46.995868548868216
magnetic_norm,51.403,47.50787261799358
magnetic_norm,51.423,46.150598016439716
magnetic_norm,51.443,46.80628554545324
magnetic_norm,51.466,48.65738150129436
magnetic_norm,51.483,46.54841647939009
magnetic_norm,51.503,46.238903942594746
magnetic_norm,51.523,44.724621297586296
magnetic_norm,51.542,46.347075958009476
magnetic_norm,51.563,45.8575220565013
magnetic_norm,51.583,46.56327713982344
magnetic_norm,51.612,47.670475285940974
magnetic_norm,51.623,46.77084804194275
magnetic_norm,51.642,45.99190089271155
magnetic_norm,51.663,46.582764028313136
magnetic_norm,51.682,45.702525226608145
magnetic_norm,51.703,46.37436511533073
magnetic_norm,51.723,45.06272314341427
magnetic_norm,51.743,45.17803064681992
magnetic_norm,51.763,45.1246905287172
magnetic_norm,51.783,45.44589527731034
magnetic_norm,51.803,45.577613443581065
magnetic_norm,51.823,45.639862327520284
magnetic_norm,51.843,45.31628962084173
magnetic_norm,51.863,45.51723832104712
magnetic_norm,51.883,44.67560322858002
magnetic_norm,51.903,45.24672111752971
magnetic_norm,51.923,45.06904867533816
magnetic_norm,51.943,44.297824906958006
magnetic_norm,51.963,46.08960125559792
magnetic_norm,51.983,45.81197250100135
magnetic_norm,52.008,45.135903487966324
magnetic_norm,52.023,45.69511949117214
magnetic_norm,52.043,43.92906402149957
magnetic_norm,52.063,44.9517721484649
magnetic_norm,52.082,42.7111600246353
magnetic_norm,52.102,42.820033096379085
magnetic_norm,52.123,46.79839337626885
magnetic_norm,52.148,43.788493507341684
magnetic_norm,52.163,44.37684943329123
magnetic_norm,52.183,43.263244125065384
magnetic_norm,52.203,43.43113217713188
magnetic_norm,52.223,44.816477333956094
magnetic_norm,52.243,42.75511893694719
magnetic_norm,52.263,43.37932444840519
magnetic_norm,52.283,44.19906533754423
magnetic_norm,52.303,43.43015173681195
magnetic_norm,52.324,44.7825224066265
magnetic_norm,52.343,43.51775403074019
magnetic_norm,52.362,42.443229623963596
magnetic_norm,52.382,44.08117426735307
magnetic_norm,52.403,44.24251350228652
magnetic_norm,52.423,44.883259687354524
magnetic_norm,52.443,44.18148417309573
magnetic_norm,52.463,43.722157658474494
magnetic_norm,52.49,43.722157658474494
magnetic_norm,52.503,44.06091220543443
magnetic_norm,52.525,42.56062082856052
magnetic_norm,52.543,43.808816284025525
magnetic_norm,52.563,43.49861670119532
magnetic_norm,52.583,43.444135547620284
magnetic_norm,52.603,44.65817884259838
magnetic_norm,52.623,44.6464968368321
magnetic_norm,52.643,43.898958016535026
magnetic_norm,52.663,43.78690449737803
magnetic_norm,52.683,45.22270925292965
magnetic_norm,52.704,43.889076267620396
magnetic_norm,52.723,44.119405132747474
magnetic_norm,52.744,43.95028110404988
magnetic_norm,52.763,43.798993190911375
magnetic_norm,52.782,45.63216183644493
magnetic_norm,52.807,45.17431338112688
magnetic_norm,52.823,45.75955046340068
magnetic_norm,52.844,45.79376163818606
magnetic_norm,52.863,45.18114322507787
magnetic_norm,52.883,43.208954963786155
magnetic_norm,52.903,44.81370193952966
magnetic_norm,52.922,44.9236782088522
magnetic_norm,52.942,43.66197138607866
magnetic_norm,52.963,45.18030396478098
magnetic_norm,52.983,44.8624707825205
magnetic_norm,53.004,43.99612544281609
magnetic_norm,53.023,42.84744248201986
magnetic_norm,53.043,46.28408030967569
magnetic_norm,53.062,45.38867278619758
magnetic_norm,53.087,45.96308471208172
magnetic_norm,53.103,45.121345863404876
magnetic_norm,53.123,44.17612327094812
magnetic_norm,53.143,43.80676437543646
magnetic_norm,53.164,43.937123098326694
magnetic_norm,53.183,45.23904088630196
magnetic_norm,53.203,44.46909727144805
magnetic_norm,53.223,44.88283851276018
magnetic_norm,53.243,45.2598277403788
magnetic_norm,53.263,44.30194026563633
magnetic_norm,53.285,44.37410485829546
magnetic_norm,53.303,45.8199412092323
magnetic_norm,53.323,45.39433057580002
magnetic_norm,53.342,44.27424522064154
magnetic_norm,53.363,45.94199433945217
magnetic_norm,53.383,43.83546350958321
magnetic_norm,53.403,44.336179689532386
magnetic_norm,53.423,45.03029449020959
magnetic_norm,53.446,46.874414023017486
magnetic_norm,53.463,45.39179687256287
magnetic_norm,53.482,43.98758791551317
magnetic_norm,53.502,44.28558686519803
magnetic_norm,53.523,44.50576245079114
magnetic_norm,53.543,45.22212147514205
magnetic_norm,53.563,45.202249624410335
magnetic_norm,53.584,45.45146070350774
magnetic_norm,53.603,45.12087671605019
magnetic_norm,53.623,45.797380690657405
magnetic_norm,53.643,43.85775703250794
magnetic_norm,53.663,45.50662082667203
magnetic_norm,53.683,45.2816252746355
magnetic_norm,53.703,45.60555450339904
magnetic_norm,53.723,45.85940784637329
magnetic_norm,53.743,43.43637092972897
magnetic_norm,53.763,46.08909094528228
magnetic_norm,53.783,43.43366753645729
magnetic_norm,53.804,44.31312103945625
magnetic_norm,53.823,44.522552757928345
magnetic_norm,53.843,46.38334283110155
magnetic_norm,53.863,43.87324515960724
magnetic_norm,53.883,43.727824669911364
magnetic_norm,53.904,44.16338888321416
magnetic_norm,53.923,42.99939356505513
magnetic_norm,53.943,45.363225486758544
magnetic_norm,53.963,44.3665352830825
magnetic_norm,53.983,45.797380690657405
magnetic_norm,54.003,43.88258922568271
magnetic_norm,54.023,44.369433629752365
magnetic_norm,54.043,45.17019037595482
magnetic_norm,54.063,45.54362871947629
magnetic_norm,54.087,46.188329238158204
magnetic_norm,54.103,44.58100641323612
magnetic_norm,54.123,44.85955481040245
magnetic_norm,54.143,45.45864320662793
magnetic_norm,54.163,46.77156194232787
magnetic_norm,54.183,45.156642534626116
magnetic_norm,54.202,44.7755546845877
magnetic_norm,54.222,45.95189051358501
magnetic_norm,54.243,44.56401800121376
magnetic_norm,54.263,43.74708115263234
magnetic_norm,54.284,43.9515278141443
magnetic_norm,54.303,45.004254745107204
magnetic_norm,54.323,44.771967427537795
magnetic_norm,54.343,44.624058550993546
magnetic_norm,54.363,44.1822614469031
magnetic_norm,54.383,44.95921198361355
magnetic_norm,54.405,43.982164827220025
magnetic_norm,54.423,44.36238165706955
magnetic_norm,54.443,43.63462198701852
magnetic_norm,54.462,44.15705376134727
magnetic_norm,54.483,44.11438700271149
magnetic_norm,54.502,44.78411496418122
magnetic_norm,54.524,43.53753804434174
magnetic_norm,54.543,44.35275148054515
magnetic_norm,54.563,45.696135048218245
magnetic_norm,54.583,43.660989480456166
magnetic_norm,54.603,43.15437862465407
magnetic_norm,54.623,42.93131540533675
magnetic_norm,54.643,45.552378560070935
magnetic_norm,54.663,43.90386327021813
magnetic_norm,54.684,44.05142590549714
magnetic_norm,54.71,43.62146806513398
magnetic_norm,54.726,44.78271483577681
magnetic_norm,54.742,44.25229208478924
magnetic_norm,54.763,45.43334675021215
magnetic_norm,54.783,43.49710769694928
magnetic_norm,54.803,44.81218335076415
magnetic_norm,54.824,45.6716489924275
magnetic_norm,54.843,45.804531867081714
magnetic_norm,54.863,44.37387365773367
magnetic_norm,54.887,44.56884975239157
magnetic_norm,54.902,44.38993353588186
magnetic_norm,54.923,45.84273885416592
magnetic_norm,54.943,44.74591212496401
magnetic_norm,54.963,44.81977978058349
magnetic_norm,54.983,44.842517086466195
magnetic_norm,55.004,45.59186336905418
magnetic_norm,55.023,43.38186815898723
magnetic_norm,55.042,44.91070438659363
magnetic_norm,55.063,45.007474646801825
magnetic_norm,55.083,44.798100361371446
magnetic_norm,55.103,44.398687279580734
magnetic_norm,55.123,45.02400195570693
magnetic_norm,55.143,42.96023315841063
magnetic_norm,55.163,45.096728072139555
magnetic_norm,55.182,45.260600886215045
magnetic_norm,55.203,45.032960585136976
magnetic_norm,55.223,45.88732301902814
magnetic_norm,55.244,43.9889996428511
magnetic_norm,55.263,45.79892623540981
magnetic_norm,55.283,44.58333044852643
magnetic_norm,55.303,43.57773496421366
magnetic_norm,55.323,44.635228607149536
magnetic_norm,55.342,44.88099466908307
magnetic_norm,55.368,43.902058963675046
magnetic_norm,55.383,43.871895429349195
magnetic_norm,55.403,44.187467315456146
magnetic_norm,55.423,45.2333014770147
magnetic_norm,55.443,44.771967427537795
magnetic_norm,55.463,43.126949380288934
magnetic_norm,55.482,42.85158161462655
magnetic_norm,55.503,43.7136903624025
magnetic_norm,55.525,43.834895249390115
magnetic_norm,55.543,44.84222733242073
magnetic_norm,55.564,44.08158007702888
magnetic_norm,55.583,44.66556290820708
magnetic_norm,55.602,43.72833660082441
magnetic_norm,55.622,42.36000319095248
magnetic_norm,55.643,44.452684363967315
magnetic_norm,55.666,43.87321084343502
magnetic_norm,55.683,43.44062623957267
magnetic_norm,55.703,43.456802007036295
magnetic_norm,55.724,43.553683200304654
magnetic_norm,55.742,43.482474918063254
magnetic_norm,55.762,44.659558181871944
magnetic_norm,55.783,42.92151809291014
magnetic_norm,55.804,43.334778710710665
magnetic_norm,55.823,42.85259072296563
magnetic_norm,55.843,42.454989495906126
magnetic_norm,55.863,42.32252870152326
magnetic_norm,55.882,43.69534979910621
magnetic_norm,55.903,43.31362190062157
magnetic_norm,55.924,43.5973510839535
magnetic_norm,55.943,42.052217350575035
magnetic_norm,55.963,41.542680436600385
magnetic_norm,55.983,43.521742038032095
magnetic_norm,56.007,43.95700140606168
magnetic_norm,56.023,43.61026752282657
magnetic_norm,56.043,43.22568674448688
magnetic_norm,56.063,41.76693128639581
magnetic_norm,56.083,44.078231234363294
magnetic_norm,56.103,44.01474541645106
magnetic_norm,56.123,42.46625037553352
magnetic_norm,56.143,42.926258500567045
magnetic_norm,56.168,42.8927222847886
magnetic_norm,56.182,42.37761011917147
magnetic_norm,56.203,43.194258252631215
magnetic_norm,56.224,41.771793970872274
magnetic_norm,56.243,43.262467043471986
magnetic_norm,56.266,43.00258440634702
magnetic_norm,56.283,39.632344803361164
magnetic_norm,56.302,42.95417118060247
magnetic_norm,56.328,43.69909046893883
magnetic_norm,56.343,42.51399080376365
magnetic_norm,56.364,41.22048691615626
magnetic_norm,56.384,42.616820649334045
magnetic_norm,56.403,43.500318287197736
magnetic_norm,56.423,41.875832164119444
magnetic_norm,56.443,42.24206735796685
magnetic_norm,56.463,42.81361221183048
magnetic_norm,56.483,42.35717638252111
magnetic_norm,56.503,42.73159008289429
magnetic_norm,56.523,42.98810814443341
magnetic_norm,56.543,41.723166716316065
magnetic_norm,56.563,42.28868864897568
magnetic_norm,56.583,43.42188172569229
magnetic_norm,56.603,43.7982381387939
magnetic_norm,56.623,43.931958546569504
magnetic_norm,56.643,42.00462482081588
magnetic_norm,56.663,42.495771986016514
magnetic_norm,56.683,41.519296196618036
magnetic_norm,56.703,43.21875406724493
magnetic_norm,56.723,43.236118128828366
magnetic_norm,56.742,43.542512130531755
magnetic_norm,56.762,42.16627062608812
magnetic_norm,56.783,40.916286622199785
magnetic_norm,56.803,41.07622202229655
magnetic_norm,56.823,40.76767999055752
magnetic_norm,56.843,40.45282965396243
magnetic_norm,56.862,39.72967050895338
magnetic_norm,56.882,40.789372051890034
magnetic_norm,56.903,40.125043808387304
magnetic_norm,56.923,41.746786179896546
magnetic_norm,56.943,39.690811854414214
magnetic_norm,56.963,39.77764729845144
magnetic_norm,56.983,39.63275692908589
magnetic_norm,57.002,39.495295174077405
magnetic_norm,57.023,38.64122266165377
magnetic_norm,57.042,37.45283379999439
magnetic_norm,57.063,38.142065017346745
magnetic_norm,57.083,38.188780946274065
magnetic_norm,57.103,38.937250634354015
magnetic_norm,57.123,38.50219399154424
magnetic_norm,57.143,38.55414158394666
magnetic_norm,57.163,36.713411580613226
magnetic_norm,57.183,37.01217705026279
magnetic_norm,57.203,37.03041929448005
magnetic_norm,57.223,36.69770273753525
magnetic_norm,57.243,39.21204699563007
magnetic_norm,57.263,37.71003990153021
magnetic_norm,57.283,36.68756169074887
magnetic_norm,57.303,37.27238928583738
magnetic_norm,57.322,36.332799176845775
magnetic_norm,57.343,37.734211375918555
magnetic_norm,57.363,36.52248484512664
magnetic_norm,57.383,36.81026786781106
magnetic_norm,57.403,37.89916985337548
magnetic_norm,57.424,37.51385988621411
magnetic_norm,57.443,39.53434389126123
magnetic_norm,57.462,37.951822955722534
magnetic_norm,57.484,38.5503328657808
magnetic_norm,57.503,41.1745507744166
magnetic_norm,57.523,40.786525520844506
magnetic_norm,57.543,39.668163953131284
magnetic_norm,57.563,40.322635106413976
magnetic_norm,57.583,39.552355477107824
magnetic_norm,57.602,39.248929796715544
magnetic_norm,57.623,39.62332452104444
magnetic_norm,57.643,45.03679172448904
magnetic_norm,57.663,40.66263785328616
magnetic_norm,57.683,37.733227855233906
magnetic_norm,57.703,42.60476043912241
magnetic_norm,57.723,41.16108573139811
magnetic_norm,57.743,40.55226699489192
magnetic_norm,57.763,45.07071790920631
magnetic_norm,57.783,43.12351220259663
magnetic_norm,57.803,40.70399351829628
magnetic_norm,57.823,40.64976383187858
magnetic_norm,57.843,42.267728189482824
magnetic_norm,57.863,40.91426484461148
magnetic_norm,57.883,38.62854165752967
magnetic_norm,57.903,39.25829294365719
magnetic_norm,57.923,42.475574782750144
magnetic_norm,57.943,40.22039332307058
magnetic_norm,57.962,41.95005680121303
magnetic_norm,57.983,40.794784631279846
magnetic_norm,58.003,40.775006639791116
magnetic_norm,58.023,41.10486888678767
magnetic_norm,58.043,40.87967188621998
magnetic_norm,58.062,41.49199208793187
magnetic_norm,58.083,41.20305881211988
magnetic_norm,58.103,42.445730959809154
magnetic_norm,58.123,39.85112799783722
magnetic_norm,58.143,41.97328307244984
magnetic_norm,58.162,40.78508056814415
magnetic_norm,58.183,39.15542835987114
magnetic_norm,58.203,42.50563001921041
magnetic_norm,58.223,43.53194025572058
magnetic_norm,58.243,42.660147196915645
magnetic_norm,58.262,41.16008524271421
magnetic_norm,58.282,37.7915968888919
magnetic_norm,58.303,39.18131829233161
magnetic_norm,58.323,37.7392420021256
magnetic_norm,58.342,38.95241354524785
magnetic_norm,58.363,39.3375120787018
magnetic_norm,58.383,37.88052249342662
magnetic_norm,58.403,39.24973692760577
magnetic_norm,58.422,39.579355870358796
magnetic_norm,58.442,39.0434680947083
magnetic_norm,58.463,38.067695564267495
magnetic_norm,58.483,38.166347361746595
magnetic_norm,58.503,39.05369216348193
magnetic_norm,58.523,37.64557876580895
magnetic_norm,58.543,38.164044456955835
magnetic_norm,58.563,38.88510419331546
magnetic_norm,58.582,38.124671456453285
magnetic_norm,58.603,39.39679345535308
magnetic_norm,58.623,38.62946424467339
magnetic_norm,58.643,38.36470394314284
magnetic_norm,58.663,41.767171426118374
magnetic_norm,58.683,39.382432707617255
magnetic_norm,58.702,38.00131046968974
magnetic_norm,58.723,39.39601672260154
magnetic_norm,58.743,39.776570576628465
magnetic_norm,58.763,39.88573670107524
magnetic_norm,58.783,40.993389786799824
magnetic_norm,58.803,39.66298727544991
magnetic_norm,58.823,39.66298727544991
magnetic_norm,58.843,40.134098243731614
magnetic_norm,58.863,40.41914895527559
magnetic_norm,58.883,38.67349519430278
magnetic_norm,58.903,41.3228986866846
magnetic_norm,58.923,41.45902073952066
magnetic_norm,58.943,40.948229363963414
magnetic_norm,58.963,42.463052098029934
magnetic_norm,58.982,42.463052098029934
magnetic_norm,59.003,41.57922627887645
magnetic_norm,59.023,40.99577653353454
magnetic_norm,59.043,40.45268503526682
magnetic_norm,59.063,44.87036827633718
magnetic_norm,59.083,41.39071738460811
magnetic_norm,59.103,40.1626097099342
magnetic_norm,59.123,41.52033317649921
magnetic_norm,59.142,41.605299662963624
magnetic_norm,59.163,41.50693587778434
magnetic_norm,59.183,39.324761015484995
magnetic_norm,59.203,41.58259011323133
magnetic_norm,59.223,39.49298864418849
magnetic_norm,59.243,39.80773844131944
magnetic_norm,59.263,40.0613252910461
magnetic_norm,59.283,42.517645693435334
magnetic_norm,59.302,42.041468088810845
magnetic_norm,59.323,39.92946665247671
magnetic_norm,59.343,42.61985825131882
magnetic_norm,59.363,42.346197654069265
magnetic_norm,59.383,39.26910787661213
magnetic_norm,59.402,39.16394327854385
magnetic_norm,59.423,40.69862754436568
magnetic_norm,59.443,41.92990523629883
magnetic_norm,59.463,40.307065309105674
magnetic_norm,59.483,40.01986664848472
magnetic_norm,59.503,38.41029377644097
magnetic_norm,59.523,39.442879228543916
magnetic_norm,59.542,39.949288379081416
magnetic_norm,59.563,41.020967866293695
magnetic_norm,59.583,40.80937830073499
magnetic_norm,59.603,38.800973993751164
magnetic_norm,59.623,39.98951283025651
magnetic_norm,59.643,41.140260276583085
magnetic_norm,59.663,39.75630415424715
magnetic_norm,59.682,40.736747288688875
magnetic_norm,59.702,39.58672096249574
magnetic_norm,59.723,40.235894247549716
magnetic_norm,59.743,40.2790719406648
magnetic_norm,59.763,40.12055615242651
magnetic_norm,59.783,40.95488896900772
magnetic_norm,59.803,42.66138862367235
magnetic_norm,59.823,40.98320254232214
magnetic_norm,59.843,41.16064691455912
magnetic_norm,59.862,40.304483462451294
magnetic_norm,59.883,38.977441604728305
magnetic_norm,59.903,40.5880206695892
magnetic_norm,59.923,41.930571801043925
magnetic_norm,59.943,41.000028406392715
magnetic_norm,59.963,41.33331265486719
magnetic_norm,59.983,42.377313116159314
magnetic_norm,60.003,39.60207918026532
magnetic_norm,60.023,40.95633148214085
magnetic_norm,60.044,42.89916820653403
magnetic_norm,60.064,40.93085919419479
magnetic_norm,60.084,42.433083607310564
magnetic_norm,60.103,41.73991364135174
magnetic_norm,60.123,42.552807188833086
magnetic_norm,60.143,43.31978257087065
magnetic_norm,60.163,45.41354164412308
magnetic_norm,60.183,44.24608587900752
magnetic_norm,60.203,45.120061045504
magnetic_norm,60.223,42.981626485627565
magnetic_norm,60.244,43.12113977288286
magnetic_norm,60.262,45.657487655504056
magnetic_norm,60.283,46.54999826812566
magnetic_norm,60.304,45.6626314891346
magnetic_norm,60.324,45.692443299330186
magnetic_norm,60.343,45.030712175830615
magnetic_norm,60.363,45.626522700343976
magnetic_norm,60.383,47.8215657271905
magnetic_norm,60.402,47.05297347764016
magnetic_norm,60.422,46.86031303432576
magnetic_norm,60.443,45.93892761618409
magnetic_norm,60.463,47.68199468549423
magnetic_norm,60.483,49.97537783428957
magnetic_norm,60.503,46.92898899307872
magnetic_norm,60.522,50.00601599832768
magnetic_norm,60.542,47.64605615197864
magnetic_norm,60.562,46.492352213831914
magnetic_norm,60.583,51.31832880060995
magnetic_norm,60.603,48.12508612888401
magnetic_norm,60.623,48.39866655567598
magnetic_norm,60.643,48.040467452373036
magnetic_norm,60.663,47.03841885934841
magnetic_norm,60.683,49.95487379082746
magnetic_norm,60.703,48.547765625953375
magnetic_norm,60.723,49.16556835047285
magnetic_norm,60.743,50.86453618005875
magnetic_norm,60.763,47.58401656872295
magnetic_norm,60.782,52.07940339340016
magnetic_norm,60.803,49.82568285731265
magnetic_norm,60.823,49.51395044896439
magnetic_norm,60.843,53.300085942590265
magnetic_norm,60.863,52.05265005429607
magnetic_norm,60.883,50.45962506289071
magnetic_norm,60.903,49.11629189535799
magnetic_norm,60.923,47.511384183424965
magnetic_norm,60.943,52.27803440985042
magnetic_norm,60.963,50.108369706686815
magnetic_norm,60.983,52.653009587415845
magnetic_norm,61.003,47.37852460927054
magnetic_norm,61.023,47.71545796039271
magnetic_norm,61.043,53.07243391995038
magnetic_norm,61.063,51.39618666387132
magnetic_norm,61.083,47.86013128677669
magnetic_norm,61.102,47.1189141461526
magnetic_norm,61.123,47.816997264453505
magnetic_norm,61.143,48.55783460446935
magnetic_norm,61.163,48.0304377065471
magnetic_norm,61.184,47.81199264436696
magnetic_norm,61.203,48.107202703701255
magnetic_norm,61.223,45.85820324312216
magnetic_norm,61.243,47.4479719350575
magnetic_norm,61.263,47.24092790200578
magnetic_norm,61.283,50.163920667908926
magnetic_norm,61.303,47.368471268476675
magnetic_norm,61.323,46.40697511683997
magnetic_norm,61.343,46.387975882199314
magnetic_norm,61.363,45.50413757396135
magnetic_norm,61.382,46.41441954110288
magnetic_norm,61.403,45.0706567101313
magnetic_norm,61.423,46.85170415643922
magnetic_norm,61.443,44.703562672621516
magnetic_norm,61.463,44.53518140540689
magnetic_norm,61.483,45.47194210197106
magnetic_norm,61.503,44.56427175566217
magnetic_norm,61.523,45.12276112030389
magnetic_norm,61.542,46.48168875045044
magnetic_norm,61.563,45.62584718002505
magnetic_norm,61.583,47.83229739766584
magnetic_norm,61.603,45.47925238551105
magnetic_norm,61.623,46.62041394121258
magnetic_norm,61.643,46.884021637720565
magnetic_norm,61.663,45.574755907190564
magnetic_norm,61.683,45.01217477013859
magnetic_norm,61.702,43.82441055051398
magnetic_norm,61.723,44.65108055069903
magnetic_norm,61.744,44.190090535803385
magnetic_norm,61.763,44.912884495292666
magnetic_norm,61.783,45.0240635827944
magnetic_norm,61.802,46.62259397464938
magnetic_norm,61.823,45.40408779385963
magnetic_norm,61.843,46.2052547604166
magnetic_norm,61.863,45.14823130048959
magnetic_norm,61.883,46.65855061065982
magnetic_norm,61.903,44.89425604512235
magnetic_norm,61.923,45.53842702413548
magnetic_norm,61.942,47.86919417498599
magnetic_norm,61.963,46.20779974176438
magnetic_norm,61.983,45.77013619490347
magnetic_norm,62.003,45.18271718464379
magnetic_norm,62.023,44.003665507830135
magnetic_norm,62.043,45.80666064007504
magnetic_norm,62.063,42.724340157953336
magnetic_norm,62.082,45.939130073119586
magnetic_norm,62.102,44.27895371604325
magnetic_norm,62.123,44.52582598937666
magnetic_norm,62.143,45.52055943862071
magnetic_norm,62.163,45.29753947746514
magnetic_norm,62.183,45.36274802522451
magnetic_norm,62.203,45.413482866325204
magnetic_norm,62.222,43.68037525688744
magnetic_norm,62.243,44.944383289948064
magnetic_norm,62.262,42.93824627858017
magnetic_norm,62.283,45.180443507534335
magnetic_norm,62.303,42.7304243075119
magnetic_norm,62.323,43.0943748000247
magnetic_norm,62.343,45.353106805102115
magnetic_norm,62.363,43.031119736622024
magnetic_norm,62.383,42.44403099142751
magnetic_norm,62.403,41.584919062834594
magnetic_norm,62.423,41.33189978969033
magnetic_norm,62.443,40.82655244307925
magnetic_norm,62.463,39.5157973844164
magnetic_norm,62.483,41.39375922618051
magnetic_norm,62.502,43.25779116066843
magnetic_norm,62.523,42.20523682879898
magnetic_norm,62.543,43.35478216659039
magnetic_norm,62.563,45.57247821725859
magnetic_norm,62.583,43.35478216659039
magnetic_norm,62.603,43.48396713744045
magnetic_norm,62.623,42.32370097312498
magnetic_norm,62.643,43.29675907732588
magnetic_norm,62.662,41.39304459235875
magnetic_norm,62.683,43.33922122742864
magnetic_norm,62.703,42.29250568983836
magnetic_norm,62.723,42.3717689369939
magnetic_norm,62.743,41.00405998431742
magnetic_norm,62.763,43.02237245048209
magnetic_norm,62.783,41.506938120677596
magnetic_norm,62.803,41.70681570874718
magnetic_norm,62.823,42.772300926680344
magnetic_norm,62.844,42.828920736188934
magnetic_norm,62.863,42.90956083545086
magnetic_norm,62.883,42.13657861763345
magnetic_norm,62.903,41.7172114416072
magnetic_norm,62.923,41.469272083948
magnetic_norm,62.943,42.949811136852034
magnetic_norm,62.963,40.116947727550276
magnetic_norm,62.983,42.09337259086944
magnetic_norm,63.003,40.50210548462266
magnetic_norm,63.023,43.58225611564887
magnetic_norm,63.043,43.769926265787795
magnetic_norm,63.063,42.27270562472906
magnetic_norm,63.083,42.78341210752714
magnetic_norm,63.103,41.32274910793706
magnetic_norm,63.123,42.15122241376875
magnetic_norm,63.143,42.922863586176355
magnetic_norm,63.163,41.94583283214794
magnetic_norm,63.183,42.21780994512269
magnetic_norm,63.203,42.005201981064204
magnetic_norm,63.222,42.485125635774004
magnetic_norm,63.243,42.95716253688085
magnetic_norm,63.264,42.43685234954996
magnetic_norm,63.283,43.49145969354225
magnetic_norm,63.303,42.839852619669465
magnetic_norm,63.323,43.88822717284215
magnetic_norm,63.343,43.0077520019793
magnetic_norm,63.363,42.50625667093033
magnetic_norm,63.382,42.88384115083444
magnetic_norm,63.403,41.844245236053666
magnetic_norm,63.423,42.69046430044419
magnetic_norm,63.443,43.16888218280043
magnetic_norm,63.463,40.3556160672527
magnetic_norm,63.483,43.0060197466733
magnetic_norm,63.503,44.74767590096162
magnetic_norm,63.523,40.953528874826546
magnetic_norm,63.543,43.284122197117505
magnetic_norm,63.563,42.6607062321553
magnetic_norm,63.583,42.68858524171021
magnetic_norm,63.603,42.32531663164199
magnetic_norm,63.623,42.931777384939515
magnetic_norm,63.643,43.24378127323628
magnetic_norm,63.663,40.90606158000925
magnetic_norm,63.683,42.7620305203694
magnetic_norm,63.703,42.299227553230814
magnetic_norm,63.723,41.89428039961139
magnetic_norm,63.743,43.51897799767941
magnetic_norm,63.763,41.59827779007208
magnetic_norm,63.782,43.278552692124634
magnetic_norm,63.803,43.834997790007925
magnetic_norm,63.824,44.609687074810374
magnetic_norm,63.843,43.69257351132456
magnetic_norm,63.863,41.7776198340542
magnetic_norm,63.883,44.95606546105602
magnetic_norm,63.903,42.80495645220306
magnetic_norm,63.922,43.42877339875033
magnetic_norm,63.942,44.145075108668735
magnetic_norm,63.963,43.65243007402342
magnetic_norm,63.983,44.2516653708649
magnetic_norm,64.003,42.49397697894972
magnetic_norm,64.023,44.2151478214763
magnetic_norm,64.043,42.17894394081613
magnetic_norm,64.063,44.06003493147164
magnetic_norm,64.082,43.49525025111948
magnetic_norm,64.102,42.84317559790007
magnetic_norm,64.123,42.184954499738424
magnetic_norm,64.143,45.0467686726945
magnetic_norm,64.163,45.40344622837021
magnetic_norm,64.183,42.184954499738424
magnetic_norm,64.202,45.85881352968047
magnetic_norm,64.222,44.49708822664692
magnetic_norm,64.242,43.44408987782458
magnetic_norm,64.263,43.716991137028174
magnetic_norm,64.283,43.91889452801044
magnetic_norm,64.303,44.40790550870419
magnetic_norm,64.323,44.27498944432403
magnetic_norm,64.342,45.315042207527526
magnetic_norm,64.362,43.50409644039294
magnetic_norm,64.382,44.092223502705146
magnetic_norm,64.404,44.55493543734816
magnetic_norm,64.423,44.630337128320015
magnetic_norm,64.443,43.54246584203748
magnetic_norm,64.463,43.83612770905991
magnetic_norm,64.482,42.70412834990313
magnetic_norm,64.502,43.79036165913121
magnetic_norm,64.523,44.210723240804384
magnetic_norm,64.543,45.19071145330925
magnetic_norm,64.563,44.056912283573666
magnetic_norm,64.583,44.16755428549899
magnetic_norm,64.603,42.76099371483315
magnetic_norm,64.622,45.15271352933841
magnetic_norm,64.643,44.499858350490896
magnetic_norm,64.662,43.244203459105364
magnetic_norm,64.683,45.25839593489813
magnetic_norm,64.703,44.90115173481087
magnetic_norm,64.723,44.37153727686815
magnetic_norm,64.743,44.19933864056962
magnetic_norm,64.763,45.219600898158646
magnetic_norm,64.783,45.45127882606835
magnetic_norm,64.803,43.50587517035774
magnetic_norm,64.823,44.32535803205659
magnetic_norm,64.843,44.05580135334761
magnetic_norm,64.863,44.58662248472073
magnetic_norm,64.883,46.07198607519
magnetic_norm,64.903,44.50111908554946
magnetic_norm,64.923,44.59714170311521
magnetic_norm,64.943,47.16020649608899
magnetic_norm,64.963,43.35516567405781
magnetic_norm,64.983,45.85244669657775
magnetic_norm,65.003,46.761785780431865
magnetic_norm,65.023,45.817489766941115
magnetic_norm,65.043,44.5108054935261
magnetic_norm,65.062,44.65090765804767
magnetic_norm,65.083,46.878435460507866
magnetic_norm,65.103,46.99332441315469
magnetic_norm,65.123,46.6974311726566
magnetic_norm,65.143,46.723295608609554
magnetic_norm,65.163,47.42358477329613
magnetic_norm,65.183,47.22207006171753
magnetic_norm,65.203,45.057068163607894
magnetic_norm,65.222,47.364219565577706
magnetic_norm,65.243,45.54872863471329
magnetic_norm,65.263,45.576035798021096
magnetic_norm,65.283,48.16284505269609
magnetic_norm,65.303,46.79145866576507
magnetic_norm,65.323,46.736053176589536
magnetic_norm,65.343,47.58675168796988
magnetic_norm,65.363,46.98094059934048
magnetic_norm,65.383,48.10636655456847
magnetic_norm,65.403,47.30415641819972
magnetic_norm,65.423,46.30706346847917
magnetic_norm,65.443,47.9407177863974
magnetic_norm,65.463,47.08306435819055
magnetic_norm,65.482,46.985084463050654
magnetic_norm,65.503,48.3045490005341
magnetic_norm,65.523,48.070119731310264
magnetic_norm,65.543,48.72791026866688
magnetic_norm,65.563,46.86144178919915
magnetic_norm,65.583,47.30415641819972
magnetic_norm,65.603,46.91253372300946
magnetic_norm,65.622,47.64744672789404
magnetic_norm,65.643,47.77209248766491
magnetic_norm,65.663,47.15576167756704
magnetic_norm,65.683,47.44626343796739
magnetic_norm,65.703,47.334827129450886
magnetic_norm,65.723,47.633262440363126
magnetic_norm,65.743,48.457611149888
magnetic_norm,65.766,47.87440972220967
magnetic_norm,65.782,47.19945820782807
magnetic_norm,65.804,47.16712070537596
magnetic_norm,65.824,49.50476184482155
magnetic_norm,65.843,46.95237484039682
magnetic_norm,65.864,47.94573348510272
magnetic_norm,65.883,48.51802053322563
magnetic_norm,65.904,47.34379949554644
magnetic_norm,65.923,48.58582456115676
magnetic_norm,65.943,46.8029821766199
magnetic_norm,65.963,47.02811492673828
magnetic_norm,65.983,48.512937968778076
magnetic_norm,66.004,46.22004089851613
magnetic_norm,66.023,47.25911742391621
magnetic_norm,66.043,47.675101487175716
magnetic_norm,66.063,47.45075340392396
magnetic_norm,66.088,47.87609540188093
magnetic_norm,66.106,48.006012806991166
magnetic_norm,66.123,48.5313414511966
magnetic_norm,66.143,46.85464922075508
magnetic_norm,66.164,47.70712341579086
magnetic_norm,66.183,47.89078208055806
magnetic_norm,66.203,46.104496204952724
magnetic_norm,66.223,47.56493513004101
magnetic_norm,66.246,45.897881925423725
magnetic_norm,66.263,46.31355633856035
magnetic_norm,66.283,47.25262629388458
magnetic_norm,66.305,47.427679216228924
magnetic_norm,66.323,47.87275726430956
magnetic_norm,66.343,46.56485889635557
magnetic_norm,66.363,47.12531653249137
magnetic_norm,66.383,47.98213961816949
magnetic_norm,66.405,47.22986112030989
magnetic_norm,66.423,46.241096814765335
magnetic_norm,66.443,47.15863818962555
magnetic_norm,66.463,44.93903400622341
magnetic_norm,66.483,44.81961894730086
magnetic_norm,66.503,44.56828721383635
magnetic_norm,66.524,46.95726338911799
magnetic_norm,66.544,46.20038428208687
magnetic_norm,66.564,46.47826987219404
magnetic_norm,66.583,46.80845025874067
magnetic_norm,66.603,46.372844036812104
magnetic_norm,66.623,46.57601901059171
magnetic_norm,66.643,44.488819259744915
magnetic_norm,66.663,45.01522258900325
magnetic_norm,66.683,45.10829936802096
magnetic_norm,66.704,44.62538459834278
magnetic_norm,66.723,45.44394470573614
magnetic_norm,66.743,44.682213848185725
magnetic_norm,66.763,45.405942445630394
magnetic_norm,66.783,46.10393573899087
magnetic_norm,66.804,45.979969421224716
magnetic_norm,66.823,43.8084689089907
magnetic_norm,66.844,45.696869764437906
magnetic_norm,66.863,45.41464048439391
magnetic_norm,66.888,44.42033291818624
magnetic_norm,66.902,44.722308310506556
magnetic_norm,66.923,45.47277817208335
magnetic_norm,66.943,43.347287170090006
magnetic_norm,66.964,43.983487668669476
magnetic_norm,66.984,42.61103697957844
magnetic_norm,67.003,44.22874447757369
magnetic_norm,67.023,41.4064644287279
magnetic_norm,67.043,43.568679253708204
magnetic_norm,67.063,45.1792433465027
magnetic_norm,67.084,43.60095505542281
magnetic_norm,67.104,43.03551497644127
magnetic_norm,67.124,42.987900652378386
magnetic_norm,67.145,44.11073544203847
magnetic_norm,67.162,44.92039835038754
magnetic_norm,67.184,43.02321928335621
magnetic_norm,67.203,45.04992804711245
magnetic_norm,67.223,44.09875909487146
magnetic_norm,67.243,43.21859398149723
magnetic_norm,67.263,44.10814258373957
magnetic_norm,67.284,43.18062006900496
magnetic_norm,67.303,42.281701525127964
magnetic_norm,67.323,44.33820393436117
magnetic_norm,67.343,44.806498029024766
magnetic_norm,67.364,43.923567956593686
magnetic_norm,67.383,44.46184564455241
magnetic_norm,67.403,43.78382754725197
magnetic_norm,67.423,44.749640509449954
magnetic_norm,67.443,43.98838971525622
magnetic_norm,67.463,43.31574663156575
magnetic_norm,67.489,42.28148952171634
magnetic_norm,67.503,42.715418277479166
magnetic_norm,67.528,42.994956099524046
magnetic_norm,67.543,44.462354603473266
magnetic_norm,67.564,43.93693545468039
magnetic_norm,67.583,45.399359071054135
magnetic_norm,67.602,44.377168054361064
magnetic_norm,67.623,44.64023026486312
magnetic_norm,67.643,43.76825557233233
magnetic_norm,67.67,43.91454996752217
magnetic_norm,67.683,43.727681360752484
magnetic_norm,67.703,45.04319856004901
magnetic_norm,67.723,45.73789544335747
magnetic_norm,67.743,44.74358588613568
magnetic_norm,67.763,42.52530119558253
magnetic_norm,67.783,43.74186985072198
magnetic_norm,67.804,44.38332932391395
magnetic_norm,67.823,45.20525895885899
magnetic_norm,67.845,44.69975789112291
magnetic_norm,67.863,45.25847864074758
magnetic_norm,67.883,45.20895932942949
magnetic_norm,67.902,46.0669833671036
magnetic_norm,67.923,44.449935956421854
magnetic_norm,67.945,45.0605296032459
magnetic_norm,67.963,47.07977204561956
magnetic_norm,67.983,45.36637823584233
magnetic_norm,68.003,46.783358488235436
magnetic_norm,68.022,45.696465861021466
magnetic_norm,68.043,46.51016886423876
magnetic_norm,68.064,46.29706473552076
magnetic_norm,68.083,47.051583719227864
magnetic_norm,68.103,46.27033505659971
magnetic_norm,68.123,47.9238225633141
magnetic_norm,68.143,45.68267715652729
magnetic_norm,68.163,47.21409523627457
magnetic_norm,68.183,46.06835800443732
magnetic_norm,68.203,45.599298948846254
magnetic_norm,68.223,45.93405091488512
magnetic_norm,68.243,48.229221277535686
magnetic_norm,68.263,47.69980565644376
magnetic_norm,68.283,47.29322902052157
magnetic_norm,68.302,45.55699984250504
magnetic_norm,68.327,46.27667897610524
magnetic_norm,68.343,45.37147172687375
magnetic_norm,68.365,47.4334931784099
magnetic_norm,68.383,46.83607557049378
magnetic_norm,68.403,47.44650533503499
magnetic_norm,68.423,46.474002403575156
magnetic_norm,68.442,47.27796047710815
magnetic_norm,68.462,46.653418040511795
magnetic_norm,68.484,48.0266874322236
magnetic_norm,68.503,47.15065335103145
magnetic_norm,68.523,47.096758431048144
magnetic_norm,68.543,49.16739463620683
magnetic_norm,68.563,48.21098183217708
magnetic_norm,68.582,45.89676468622275
magnetic_norm,68.603,48.575952537186545
magnetic_norm,68.625,47.226161057008525
magnetic_norm,68.644,49.24961532210176
magnetic_norm,68.663,46.49905492991228
magnetic_norm,68.683,47.54788909943847
magnetic_norm,68.703,48.1430137626427
magnetic_norm,68.722,50.271245789143805
magnetic_norm,68.742,48.471050999153135
magnetic_norm,68.763,49.6225532569366
magnetic_norm,68.783,49.896971008393926
magnetic_norm,68.803,48.62484415257808
magnetic_norm,68.823,50.240655876739915
magnetic_norm,68.843,51.296486209705485
magnetic_norm,68.862,49.5557967807501
magnetic_norm,68.883,50.58668509981167
magnetic_norm,68.903,49.968780484043315
magnetic_norm,68.923,50.875685461967
magnetic_norm,68.944,47.64620087596181
magnetic_norm,68.963,48.01727370631853
magnetic_norm,68.983,47.379340246831255
magnetic_norm,69.003,47.55577655921527
magnetic_norm,69.024,46.716002061392246
magnetic_norm,69.043,48.06175307391011
magnetic_norm,69.063,46.65839269842034
magnetic_norm,69.083,47.239920799970655
magnetic_norm,69.103,47.73201078220468
magnetic_norm,69.123,48.4806125278446
magnetic_norm,69.142,45.36261323697633
magnetic_norm,69.162,50.631213550165924
magnetic_norm,69.182,50.62311581086258
magnetic_norm,69.203,45.23113670926825
magnetic_norm,69.223,50.18309958018737
magnetic_norm,69.243,49.12245479589766
magnetic_norm,69.263,49.85884489298263
magnetic_norm,69.282,46.01779794519738
magnetic_norm,69.302,47.853398739405165
magnetic_norm,69.323,47.09067672493676
magnetic_norm,69.343,45.96919187415089
magnetic_norm,69.363,47.60260177041272
magnetic_norm,69.383,46.34287091694908
magnetic_norm,69.403,46.1109787749892
magnetic_norm,69.422,45.70222631393364
magnetic_norm,69.442,45.86227616666565
magnetic_norm,69.462,45.12346102874318
magnetic_norm,69.483,45.16589390347546
magnetic_norm,69.503,43.304713541657435
magnetic_norm,69.523,45.74495105336763
magnetic_norm,69.543,44.74792073605217
magnetic_norm,69.562,45.974731037141574
magnetic_norm,69.582,45.1564896187414
magnetic_norm,69.602,44.257959498970486
magnetic_norm,69.631,44.86306577868372
magnetic_norm,69.643,45.95616757805751
magnetic_norm,69.663,46.20462918691167
magnetic_norm,69.683,45.276676573595964
magnetic_norm,69.702,42.92660069088863
magnetic_norm,69.722,46.80328662497967
magnetic_norm,69.742,45.10254362699515
magnetic_norm,69.763,45.019202933998066
magnetic_norm,69.783,47.56137014610703
magnetic_norm,69.803,44.701333086245874
magnetic_norm,69.823,45.454707237672345
magnetic_norm,69.842,43.21514507698672
magnetic_norm,69.862,45.03737176751105
magnetic_norm,69.882,43.49422799162562
magnetic_norm,69.903,42.08457162829987
magnetic_norm,69.923,43.91694340243298
magnetic_norm,69.943,42.243866803211816
magnetic_norm,69.963,42.10666004698663
magnetic_norm,69.983,41.210832256974626
magnetic_norm,70.002,41.84730057647093
magnetic_norm,70.022,41.831461375530544
magnetic_norm,70.043,40.92005125959044
magnetic_norm,70.063,42.84951022459301
magnetic_norm,70.083,41.301539058641644
magnetic_norm,70.103,41.4495732963562
magnetic_norm,70.123,40.97976528666322
magnetic_norm,70.142,40.762193920193994
magnetic_norm,70.162,40.61588729456748
magnetic_norm,70.183,40.25606383049643
magnetic_norm,70.203,40.576553786561995
magnetic_norm,70.223,40.350807446475024
magnetic_norm,70.244,41.36519161468981
magnetic_norm,70.262,42.70893421156174
magnetic_norm,70.282,40.73208730549542
magnetic_norm,70.302,39.764900467151946
magnetic_norm,70.324,42.65310155061997
magnetic_norm,70.343,41.02161663565479
magnetic_norm,70.366,41.38820314279481
magnetic_norm,70.384,43.564789150471064
magnetic_norm,70.403,45.59786729502827
magnetic_norm,70.424,54.44507309861709
magnetic_norm,70.442,47.72218519344546
magnetic_norm,70.466,49.75294064135809
magnetic_norm,70.483,49.39703284725213
magnetic_norm,70.503,52.134765566222704
magnetic_norm,70.523,52.09055792859696
magnetic_norm,70.542,47.73365014876826
magnetic_norm,70.562,47.974875259999386
magnetic_norm,70.582,44.13383609856503
magnetic_norm,70.603,45.53816093742149
magnetic_norm,70.623,50.41552694502959
magnetic_norm,70.643,44.27058337499641
magnetic_norm,70.663,45.46698348081827
magnetic_norm,70.682,45.22286997471523
magnetic_norm,70.702,43.58376923508912
magnetic_norm,70.722,45.363741127882086
magnetic_norm,70.743,46.1234206296677
magnetic_norm,70.763,45.99733102810151
pressure,0.069,999.0813
pressure,0.229,999.0881
pressure,0.389,999.08276
pressure,0.549,999.08044
pressure,0.713,999.0817
pressure,0.871,999.0892
pressure,1.035,999.09174
pressure,1.189,999.0809
pressure,1.354,999.0726
pressure,1.509,999.08746
pressure,1.669,999.0777
pressure,1.829,999.0675
pressure,1.989,999.0762
pressure,2.149,999.077
pressure,2.314,999.079
pressure,2.473,999.0955
pressure,2.629,999.09174
pressure,2.789,999.08
pressure,2.954,999.0928
pressure,3.109,999.08154
pressure,3.269,999.07495
pressure,3.429,999.0915
pressure,3.589,999.08685
pressure,3.753,999.07043
pressure,3.911,999.0979
pressure,4.069,999.0807
pressure,4.229,999.0626
pressure,4.389,999.07684
pressure,4.557,999.07916
pressure,4.709,999.0847
pressure,4.869,999.1034
pressure,5.036,999.0979
pressure,5.19,999.0955
pressure,5.349,999.1094
pressure,5.509,999.0853
pressure,5.669,999.08514
pressure,5.834,999.0928
pressure,5.989,999.0743
pressure,6.149,999.0766
pressure,6.309,999.08765
pressure,6.475,999.06683
pressure,6.629,999.0677
pressure,6.8,999.0826
pressure,6.949,999.0713
pressure,7.117,999.08215
pressure,7.269,999.09106
pressure,7.432,999.07196
pressure,7.589,999.06555
pressure,7.749,999.0832
pressure,7.909,999.0728
pressure,8.069,999.0605
pressure,8.229,999.073
pressure,8.389,999.079
pressure,8.549,999.0688
pressure,8.709,999.0717
pressure,8.869,999.06964
pressure,9.029,999.06024
pressure,9.189,999.05365
pressure,9.349,999.0496
pressure,9.509,999.04944
pressure,9.669,999.05774
pressure,9.829,999.07367
pressure,9.99,999.07495
pressure,10.153,999.07025
pressure,10.309,999.0972
pressure,10.469,999.1053
pressure,10.629,999.0983
pressure,10.789,999.1055
pressure,10.949,999.1074
pressure,11.109,999.09045
pressure,11.269,999.09705
pressure,11.429,999.0926
pressure,11.589,999.07086
pressure,11.749,999.0724
pressure,11.909,999.0762
pressure,12.069,999.0647
pressure,12.232,999.06555
pressure,12.389,999.07214
pressure,12.549,999.06195
pressure,12.709,999.0688
pressure,12.869,999.0811
pressure,13.029,999.0779
pressure,13.191,999.07043
pressure,13.349,999.07367
pressure,13.509,999.07086
pressure,13.669,999.066
pressure,13.829,999.0628
pressure,13.989,999.0626
pressure,14.149,999.0626
pressure,14.309,999.06134
pressure,14.47,999.0573
pressure,14.629,999.0545
pressure,14.789,999.05536
pressure,14.949,999.05365
pressure,15.109,999.0509
pressure,15.269,999.0486
pressure,15.429,999.05176
pressure,15.589,999.06433
pressure,15.752,999.0711
pressure,15.909,999.0692
pressure,16.069,999.0762
pressure,16.229,999.0741
pressure,16.389,999.06134
pressure,16.549,999.069
pressure,16.709,999.0717
pressure,16.869,999.05365
pressure,17.029,999.0605
pressure,17.189,999.0813
pressure,17.349,999.0724
pressure,17.509,999.0794
pressure,17.669,999.0955
pressure,17.829,999.086
pressure,17.99,999.0856
pressure,18.15,999.1015
pressure,18.309,999.0813
pressure,18.469,999.0762
pressure,18.629,999.08234
pressure,18.789,999.0711
pressure,18.949,999.0615
pressure,19.109,999.06964
pressure,19.269,999.05896
pressure,19.431,999.05817
pressure,19.589,999.079
pressure,19.749,999.0826
pressure,19.909,999.07367
pressure,20.074,999.08026
pressure,20.229,999.07385
pressure,20.389,999.06854
pressure,20.549,999.08575
pressure,20.709,999.0754
pressure,20.869,999.05817
pressure,21.029,999.06177
pressure,21.189,999.0651
pressure,21.349,999.0524
pressure,21.509,999.05365
pressure,21.669,999.0605
pressure,21.829,999.0598
pressure,21.989,999.0641
pressure,22.149,999.0713
pressure,22.309,999.0594
pressure,22.469,999.0526
pressure,22.629,999.0588
pressure,22.789,999.07385
pressure,22.949,999.0713
pressure,23.109,999.06024
pressure,23.269,999.06854
pressure,23.429,999.0717
pressure,23.589,999.0635
pressure,23.749,999.0635
pressure,23.909,999.0694
pressure,24.069,999.0626
pressure,24.237,999.0598
pressure,24.39,999.0694
pressure,24.549,999.0766
pressure,24.709,999.0743
pressure,24.869,999.073
pressure,25.029,999.0717
pressure,25.189,999.07324
pressure,25.35,999.07874
pressure,25.509,999.0713
pressure,25.672,999.0783
pressure,25.834,999.08215
pressure,25.989,999.06854
pressure,26.149,999.06323
pressure,26.309,999.052
pressure,26.469,999.0397
pressure,26.629,999.0413
pressure,26.789,999.05347
pressure,26.949,999.05835
pressure,27.109,999.0505
pressure,27.27,999.04944
pressure,27.429,999.0562
pressure,27.589,999.0651
pressure,27.749,999.07214
pressure,27.909,999.0698
pressure,28.069,999.06305
pressure,28.229,999.056
pressure,28.389,999.0479
pressure,28.559,999.03644
pressure,28.709,999.03156
pressure,28.87,999.0324
pressure,29.029,999.03687
pressure,29.189,999.0422
pressure,29.349,999.0456
pressure,29.509,999.052
pressure,29.669,999.05817
pressure,29.829,999.05774
pressure,29.989,999.04944
pressure,30.151,999.0371
pressure,30.313,999.02496
pressure,30.469,999.02264
pressure,30.634,999.0331
pressure,30.795,999.043
pressure,30.95,999.0509
pressure,31.109,999.0539
pressure,31.269,999.05133
pressure,31.44,999.0516
pressure,31.589,999.0556
pressure,31.749,999.05817
pressure,31.909,999.05963
pressure,32.069,999.06067
pressure,32.229,999.0588
pressure,32.389,999.056
pressure,32.549,999.05365
pressure,32.709,999.0522
pressure,32.869,999.0539
pressure,33.109,999.03436
pressure,33.189,999.0354
pressure,33.269,999.0354
pressure,33.349,999.03625
pressure,33.429,999.043
pressure,33.509,999.0486
pressure,33.589,999.05835
pressure,33.669,999.0717
pressure,33.749,999.0745
pressure,33.829,999.07086
pressure,33.909,999.06793
pressure,33.989,999.0692
pressure,34.069,999.0728
pressure,34.149,999.077
pressure,34.229,999.07855
pressure,34.309,999.07916
pressure,34.389,999.0762
pressure,34.469,999.07007
pressure,34.549,999.07043
pressure,34.629,999.07385
pressure,34.709,999.08026
pressure,34.789,999.0817
pressure,34.869,999.0809
pressure,34.949,999.07874
pressure,35.032,999.079
pressure,35.189,999.2241
pressure,35.349,999.2107
pressure,35.517,999.16394
pressure,35.671,999.13763
pressure,35.829,999.12616
pressure,35.989,999.11127
pressure,36.149,999.08575
pressure,36.317,999.077
pressure,36.469,999.0741
pressure,36.629,999.0692
pressure,36.797,999.07007
pressure,36.954,999.0741
pressure,37.111,999.08044
pressure,37.27,999.08405
pressure,37.429,999.09045
pressure,37.593,999.0915
pressure,37.75,999.07556
pressure,37.91,999.0881
pressure,38.069,999.12103
pressure,38.241,999.1183
pressure,38.392,999.0913
pressure,38.549,999.0915
pressure,38.709,999.0862
pressure,38.869,999.0664
pressure,39.029,999.06305
pressure,39.189,999.0717
pressure,39.349,999.06195
pressure,39.509,999.05963
pressure,39.669,999.0688
pressure,39.829,999.07385
pressure,39.989,999.069
pressure,40.149,999.06433
pressure,40.309,999.05896
pressure,40.469,999.04706
pressure,40.629,999.0441
pressure,40.789,999.0641
pressure,40.949,999.10254
pressure,41.117,999.0949
pressure,41.275,999.08
pressure,41.43,999.0724
pressure,41.589,999.07043
pressure,41.754,999.0726
pressure,41.909,999.0605
pressure,42.069,999.0543
pressure,42.231,999.0505
pressure,42.389,999.04584
pressure,42.557,999.04517
pressure,42.713,999.0588
pressure,42.869,999.0677
pressure,43.029,999.0615
pressure,43.2,999.06067
pressure,43.36,999.07025
pressure,43.509,999.05536
pressure,43.669,999.0526
pressure,43.829,999.0615
pressure,43.989,999.05835
pressure,44.149,999.0507
pressure,44.309,999.06836
pressure,44.469,999.0711
pressure,44.634,999.0624
pressure,44.789,999.0647
pressure,44.949,999.0681
pressure,45.109,999.05963
pressure,45.269,999.06323
pressure,45.429,999.066
pressure,45.589,999.0611
pressure,45.749,999.0611
pressure,45.909,999.06683
pressure,46.069,999.0573
pressure,46.239,999.05493
pressure,46.39,999.0647
pressure,46.558,999.073
pressure,46.709,999.0813
pressure,46.872,999.0836
pressure,47.029,999.0832
pressure,47.189,999.0813
pressure,47.349,999.08044
pressure,47.509,999.0811
pressure,47.674,999.07745
pressure,47.832,999.07007
pressure,47.989,999.07385
pressure,48.159,999.08386
pressure,48.312,999.07007
pressure,48.469,999.0713
pressure,48.629,999.0764
pressure,48.789,999.0651
pressure,48.957,999.0552
pressure,49.11,999.05896
pressure,49.269,999.05365
pressure,49.429,999.05347
pressure,49.589,999.06305
pressure,49.749,999.0675
pressure,49.913,999.06665
pressure,50.069,999.0794
pressure,50.229,999.0847
pressure,50.389,999.08344
pressure,50.549,999.08685
pressure,50.709,999.07916
pressure,50.87,999.0688
pressure,51.032,999.0711
pressure,51.189,999.07556
pressure,51.349,999.0641
pressure,51.516,999.06305
pressure,51.669,999.0758
pressure,51.829,999.0762
pressure,51.989,999.0713
pressure,52.149,999.07916
pressure,52.309,999.06836
pressure,52.469,999.05963
pressure,52.629,999.06177
pressure,52.789,999.0651
pressure,52.95,999.05835
pressure,53.109,999.06366
pressure,53.269,999.0754
pressure,53.429,999.0726
pressure,53.589,999.0662
pressure,53.749,999.07495
pressure,53.909,999.0773
pressure,54.069,999.0745
pressure,54.229,999.07983
pressure,54.389,999.0926
pressure,54.549,999.0883
pressure,54.71,999.08154
pressure,54.869,999.09
pressure,55.03,999.0915
pressure,55.189,999.0879
pressure,55.353,999.0955
pressure,55.509,999.08575
pressure,55.669,999.0754
pressure,55.829,999.0745
pressure,55.989,999.07025
pressure,56.149,999.0545
pressure,56.309,999.0605
pressure,56.471,999.0713
pressure,56.629,999.07025
pressure,56.795,999.0677
pressure,56.952,999.07324
pressure,57.109,999.0692
pressure,57.269,999.06067
pressure,57.429,999.05646
pressure,57.589,999.06323
pressure,57.749,999.07367
pressure,57.909,999.06683
pressure,58.069,999.0677
pressure,58.229,999.0681
pressure,58.389,999.066
pressure,58.549,999.0645
pressure,58.709,999.06134
pressure,58.869,999.0724
pressure,59.029,999.0796
pressure,59.189,999.06683
pressure,59.349,999.0622
pressure,59.509,999.076
pressure,59.67,999.0626
pressure,59.829,999.05646
pressure,59.989,999.09
pressure,60.149,999.11255
pressure,60.315,999.0832
pressure,60.469,999.0754
pressure,60.629,999.07367
pressure,60.789,999.0651
pressure,60.949,999.05896
pressure,61.109,999.06305
pressure,61.269,999.07324
pressure,61.429,999.0747
pressure,61.589,999.07153
pressure,61.75,999.08154
pressure,61.911,999.08405
pressure,62.069,999.0807
pressure,62.229,999.0856
pressure,62.389,999.0909
pressure,62.551,999.0811
pressure,62.709,999.0934
pressure,62.869,999.0972
pressure,63.029,999.0817
pressure,63.191,999.08765
pressure,63.349,999.1117
pressure,63.509,999.08936
pressure,63.669,999.0849
pressure,63.829,999.08765
pressure,63.989,999.07214
pressure,64.149,999.05896
pressure,64.309,999.06537
pressure,64.469,999.05475
pressure,64.629,999.05304
pressure,64.789,999.06964
pressure,64.949,999.0741
pressure,65.109,999.0698
pressure,65.269,999.07684
pressure,65.43,999.0728
pressure,65.589,999.06195
pressure,65.749,999.0692
pressure,65.909,999.06665
pressure,66.069,999.0552
pressure,66.229,999.0598
pressure,66.389,999.06836
pressure,66.549,999.06366
pressure,66.711,999.07043
pressure,66.877,999.076
pressure,67.031,999.069
pressure,67.189,999.07153
pressure,67.349,999.0845
pressure,67.509,999.06793
pressure,67.67,999.0635
pressure,67.829,999.0743
pressure,67.989,999.0743
pressure,68.149,999.06134
pressure,68.317,999.06683
pressure,68.472,999.06964
pressure,68.629,999.0675
pressure,68.789,999.066
pressure,68.954,999.0677
pressure,69.112,999.06494
pressure,69.269,999.0598
pressure,69.429,999.056
pressure,69.589,999.05475
pressure,69.749,999.0543
pressure,69.909,999.05347
pressure,70.069,999.052
pressure,70.229,999.0558
pressure,70.392,999.07495
pressure,70.549,999.0981
pressure,70.709,999.0779
device_yaw,0.022,94.9711282288285
device_yaw,0.072,95.56291792039653
device_yaw,0.122,96.36836393461559
device_yaw,0.172,97.35104562921906
device_yaw,0.222,98.47970374325973
device_yaw,0.272,99.72326081031623
device_yaw,0.322,101.85302516017413
device_yaw,0.372,104.1801820413752
device_yaw,0.422,106.94015429975296
device_yaw,0.472,110.0197815733139
device_yaw,0.522,113.36547216328951
device_yaw,0.572,116.84431045940602
device_yaw,0.622,120.5792509721043
device_yaw,0.672,124.34628231599382
device_yaw,0.722,128.1402146832043
device_yaw,0.772,131.90696166099917
device_yaw,0.822,135.72441319051964
device_yaw,0.872,139.53839080545683
device_yaw,0.922,143.25446686835866
device_yaw,0.972,146.79549493186872
device_yaw,1.022,150.17487683241086
device_yaw,1.072,153.47431257906416
device_yaw,1.122,156.717537553781
device_yaw,1.172,159.92019265682762
device_yaw,1.222,163.02054844389315
device_yaw,1.272,165.88430159971426
device_yaw,1.322,168.66464376349938
device_yaw,1.372,171.26813760273603
device_yaw,1.422,173.66483723696578
device_yaw,1.472,175.87342689067347
device_yaw,1.522,177.94046219123126
device_yaw,1.572,179.80585444234669
device_yaw,1.622,181.38250779588927
device_yaw,1.672,182.7259233609809
device_yaw,1.722,183.71398980749476
device_yaw,1.772,184.5287744690907
device_yaw,1.822,185.24520670752074
device_yaw,1.872,185.69670556803837
device_yaw,1.922,185.92194053222002
device_yaw,1.972,186.02611387239597
device_yaw,2.022,185.40647335299303
device_yaw,2.072,183.97836239327518
device_yaw,2.122,182.49037469070655
device_yaw,2.172,181.11492242075747
device_yaw,2.222,179.94500280023112
device_yaw,2.272,178.9374361890079
device_yaw,2.322,178.08825590798605
device_yaw,2.372,177.36544977824343
device_yaw,2.422,176.74820292639023
device_yaw,2.472,176.1730666955805
device_yaw,2.522,175.50913060398372
device_yaw,2.572,175.23269925637598
device_yaw,2.622,175.54806697765127
device_yaw,2.672,175.71469938438796
device_yaw,2.722,175.60341575077956
device_yaw,2.772,175.08737868239515
device_yaw,2.822,174.2042037426894
device_yaw,2.872,172.95990099298555
device_yaw,2.922,171.44678610948503
device_yaw,2.972,169.90756880364313
device_yaw,3.022,168.4400785838278
device_yaw,3.072,167.1860095216384
device_yaw,3.122,166.30295265328053
device_yaw,3.172,165.7180301752118
device_yaw,3.222,165.5152370836139
device_yaw,3.272,165.64601267249182
device_yaw,3.322,166.03096991023216
device_yaw,3.372,166.58222248519652
device_yaw,3.422,167.17655064346206
device_yaw,3.472,167.70357285745015
device_yaw,3.522,167.95932234892416
device_yaw,3.572,167.95146366037545
device_yaw,3.622,167.50949185252227
device_yaw,3.672,166.6974725243165
device_yaw,3.722,165.5111219510233
device_yaw,3.772,163.93561221876655
device_yaw,3.822,162.11115481234262
device_yaw,3.872,160.21418784060356
device_yaw,3.922,158.4794458686131
device_yaw,3.972,157.03604305501045
device_yaw,4.022,155.99694885222755
device_yaw,4.072,155.41577954758648
device_yaw,4.122,155.1579054466998
device_yaw,4.172,155.39909574702074
device_yaw,4.222,156.03434205409079
device_yaw,4.272,156.91404775787478
device_yaw,4.322,158.04156290725481
device_yaw,4.372,159.25621380995798
device_yaw,4.422,160.40024457023299
device_yaw,4.472,161.23225956971984
device_yaw,4.522,161.86309921991972
device_yaw,4.572,162.2120573714375
device_yaw,4.622,162.20283142123907
device_yaw,4.672,161.8526339016275
device_yaw,4.722,161.16489323877812
device_yaw,4.772,160.2253367066056
device_yaw,4.822,159.24596437355183
device_yaw,4.872,158.28071150987796
device_yaw,4.922,157.5008575992802
device_yaw,4.972,156.99879855619153
device_yaw,5.022,156.98153877649574
device_yaw,5.072,157.2777133538687
device_yaw,5.122,157.97914156919944
device_yaw,5.172,159.05625434734782
device_yaw,5.222,160.40499431480114
device_yaw,5.272,161.94177650376076
device_yaw,5.322,163.5250167760861
device_yaw,5.372,164.8864915790465
device_yaw,5.422,165.96865993378535
device_yaw,5.472,166.69533424215038
device_yaw,5.522,167.0534355523652
device_yaw,5.572,166.94763547495612
device_yaw,5.622,166.41830644864737
device_yaw,5.672,165.4938669415203
device_yaw,5.722,164.2876082367012
device_yaw,5.772,163.0560200593155
device_yaw,5.822,161.88048759862178
device_yaw,5.872,160.9375418943978
device_yaw,5.922,160.4375913872786
device_yaw,5.972,160.426947217503
device_yaw,6.022,160.80604770342813
device_yaw,6.072,161.55189483178165
device_yaw,6.122,162.6194925659477
device_yaw,6.172,163.99457796574907
device_yaw,6.222,165.54975155015788
device_yaw,6.272,167.106999683117
device_yaw,6.322,168.4101225284831
device_yaw,6.372,169.4551755747942
device_yaw,6.422,170.19144810654194
device_yaw,6.472,170.61347310822333
device_yaw,6.522,170.66527188958116
device_yaw,6.572,170.3415259965408
device_yaw,6.622,169.7393297907943
device_yaw,6.672,168.91107006799777
device_yaw,6.722,167.95208909862848
device_yaw,6.772,166.95757646449036
device_yaw,6.822,166.14946576831673
device_yaw,6.872,165.7228740332829
device_yaw,6.922,165.5892994664083
device_yaw,6.972,165.70798677058934
device_yaw,7.022,166.06942934250532
device_yaw,7.072,166.63159923140333
device_yaw,7.122,167.45399505465215
device_yaw,7.172,168.42621315344803
device_yaw,7.222,169.4394480056318
device_yaw,7.272,170.33739293472436
device_yaw,7.322,171.07701010424023
device_yaw,7.372,171.59423820089148
device_yaw,7.422,171.856294883488
device_yaw,7.472,171.9113772785765
device_yaw,7.522,171.7849226016692
device_yaw,7.572,171.4199199147851
device_yaw,7.622,170.89666888130532
device_yaw,7.672,170.31589556491588
device_yaw,7.722,169.74345068815327
device_yaw,7.772,169.26529150137833
device_yaw,7.822,168.97487575630456
device_yaw,7.872,168.9803843311661
device_yaw,7.922,169.19982386177597
device_yaw,7.972,169.55903882869498
device_yaw,8.022,170.0900571212995
device_yaw,8.072,170.78070365612527
device_yaw,8.122,171.6283290573712
device_yaw,8.172,172.57426038105757
device_yaw,8.222,173.5003250621613
device_yaw,8.272,174.39723173054742
device_yaw,8.322,175.25288864241327
device_yaw,8.372,175.96826415968684
device_yaw,8.422,176.4239549319333
device_yaw,8.472,176.73847051194468
device_yaw,8.522,177.05064996904358
device_yaw,8.572,177.26187387301522
device_yaw,8.622,177.3309476455349
device_yaw,8.672,177.29932860875257
device_yaw,8.722,177.21371590709958
device_yaw,8.772,177.1458016743408
device_yaw,8.822,177.07187147545307
device_yaw,8.872,176.99312595456703
device_yaw,8.922,176.9759431178945
device_yaw,8.972,177.0305709028765
device_yaw,9.022,177.1233852538429
device_yaw,9.072,177.16605537597513
device_yaw,9.122,177.21796208418212
device_yaw,9.172,177.31244082787646
device_yaw,9.222,177.4554761057692
device_yaw,9.272,177.61525483605078
device_yaw,9.322,177.70888333801966
device_yaw,9.372,177.75479972328563
device_yaw,9.422,177.67475105763648
device_yaw,9.472,177.48930975729485
device_yaw,9.522,177.14728250167542
device_yaw,9.572,176.55305567249673
device_yaw,9.622,175.8365372589227
device_yaw,9.672,174.98004649754077
device_yaw,9.722,173.97417977090592
device_yaw,9.772,172.92991408931977
device_yaw,9.822,171.92462857005756
device_yaw,9.872,170.98424754716552
device_yaw,9.922,170.14119590643836
device_yaw,9.972,169.44451816424913
device_yaw,10.022,168.98524248496844
device_yaw,10.072,168.7759127089765
device_yaw,10.122,168.9224857621806
device_yaw,10.172,169.26059541238672
device_yaw,10.222,169.84716953658818
device_yaw,10.272,170.60568546689646
device_yaw,10.322,171.37955195582205
device_yaw,10.372,172.0848059339094
device_yaw,10.422,172.77103414141797
device_yaw,10.472,173.21796080914262
device_yaw,10.522,173.56013679572604
device_yaw,10.572,173.70173424375446
device_yaw,10.622,173.78758621338508
device_yaw,10.672,173.72831450205055
device_yaw,10.722,173.52399306817412
device_yaw,10.772,173.16499943959735
device_yaw,10.822,172.7668129280066
device_yaw,10.872,172.46323769832043
device_yaw,10.922,172.04954201687607
device_yaw,10.972,171.64795132873712
device_yaw,11.022,171.45210256080193
device_yaw,11.072,171.45973834918433
device_yaw,11.122,171.6087169569494
device_yaw,11.172,171.78697773937984
device_yaw,11.222,172.04724192751212
device_yaw,11.272,172.35819059314665
device_yaw,11.322,172.6694816746237
device_yaw,11.372,172.94589505110272
device_yaw,11.422,172.96437932909123
device_yaw,11.472,173.1295449393721
device_yaw,11.522,173.25555093098617
device_yaw,11.572,173.30530358813638
device_yaw,11.622,173.17192707563524
device_yaw,11.672,172.87483019089083
device_yaw,11.722,172.50557792297278
device_yaw,11.772,172.057102077388
device_yaw,11.822,171.7065592743087
device_yaw,11.872,171.48714568708098
device_yaw,11.922,171.296234610023
device_yaw,11.972,171.25926011530484
device_yaw,12.022,171.21480108395005
device_yaw,12.072,171.26098201561223
device_yaw,12.122,171.3923256644399
device_yaw,12.172,171.64185999453355
device_yaw,12.222,171.96980877111102
device_yaw,12.272,172.31133370010832
device_yaw,12.322,172.6788373516269
device_yaw,12.372,172.81428168075377
device_yaw,12.422,172.73445166461087
device_yaw,12.472,172.589776560555
device_yaw,12.522,172.413575944139
device_yaw,12.572,172.20597480254628
device_yaw,12.622,171.87360068841573
device_yaw,12.672,171.51791329905643
device_yaw,12.722,171.13607650925567
device_yaw,12.772,170.78445892627454
device_yaw,12.822,170.4959464812245
device_yaw,12.872,170.20744187291803
device_yaw,12.922,170.1745564426865
device_yaw,12.972,170.35330855800862
device_yaw,13.022,170.72282655916982
device_yaw,13.072,171.21558408809648
device_yaw,13.122,171.8609855093182
device_yaw,13.172,172.6633268771408
device_yaw,13.222,173.53149362223724
device_yaw,13.272,174.41715408014562
device_yaw,13.322,175.27197547544222
device_yaw,13.372,176.08732966466445
device_yaw,13.422,176.91033293073167
device_yaw,13.472,177.68286942658003
device_yaw,13.522,178.41460949379672
device_yaw,13.572,179.0460957132933
device_yaw,13.622,179.590295458884
device_yaw,13.672,180.00401390440558
device_yaw,13.722,180.3032469899965
device_yaw,13.772,180.5501743199731
device_yaw,13.822,180.76911765317746
device_yaw,13.872,181.0159199387004
device_yaw,13.922,181.2351273338445
device_yaw,13.972,181.42173505985573
device_yaw,14.022,181.5125365085605
device_yaw,14.072,181.51175268230267
device_yaw,14.122,181.46465070844613
device_yaw,14.172,181.39352744087157
device_yaw,14.222,181.2685574050753
device_yaw,14.272,181.09120681914158
device_yaw,14.322,180.79680705302434
device_yaw,14.372,180.42271350663552
device_yaw,14.422,179.99363229094172
device_yaw,14.472,179.57007937071447
device_yaw,14.522,179.2030211817597
device_yaw,14.572,178.86919971666546
device_yaw,14.622,178.56606216356883
device_yaw,14.672,178.2639147705597
device_yaw,14.722,177.93803495082162
device_yaw,14.772,177.65057331347623
device_yaw,14.822,177.40026912077371
device_yaw,14.872,177.23088956124423
device_yaw,14.922,177.11120688365702
device_yaw,14.972,177.0249208743597
device_yaw,15.022,176.92408657585776
device_yaw,15.072,176.7771156422984
device_yaw,15.122,176.63226025899738
device_yaw,15.172,176.48664069615694
device_yaw,15.222,176.37007093806577
device_yaw,15.272,176.28796193959022
device_yaw,15.322,176.1792418560334
device_yaw,15.372,175.9924625515308
device_yaw,15.422,175.80187867389893
device_yaw,15.472,175.5402526039479
device_yaw,15.522,175.22292986079358
device_yaw,15.572,174.92065037770595
device_yaw,15.622,174.60959295127387
device_yaw,15.672,174.31225817991873
device_yaw,15.722,174.00619270496784
device_yaw,15.772,173.77724708999634
device_yaw,15.822,173.62390178097334
device_yaw,15.872,173.5536851704744
device_yaw,15.922,173.60266638310574
device_yaw,15.972,173.7052003706173
device_yaw,16.022,173.9121430016015
device_yaw,16.072,174.20077863536332
device_yaw,16.122,174.43082390348303
device_yaw,16.172,174.59959979876723
device_yaw,16.222,174.66779758818367
device_yaw,16.272,174.66413440491044
device_yaw,16.322,174.55522032481147
device_yaw,16.372,174.2714909039055
device_yaw,16.422,173.89919260624907
device_yaw,16.472,173.41332233599894
device_yaw,16.522,172.82912247876578
device_yaw,16.572,172.13551223785592
device_yaw,16.622,171.3567761861557
device_yaw,16.672,170.6597795984953
device_yaw,16.722,170.02532763680733
device_yaw,16.772,169.47603115201363
device_yaw,16.822,169.08984824162096
device_yaw,16.872,168.85882041590006
device_yaw,16.922,168.89384348354469
device_yaw,16.972,169.0788778617668
device_yaw,17.022,169.42561350831673
device_yaw,17.072,169.855892254617
device_yaw,17.122,170.31890620243337
device_yaw,17.172,170.79810692086198
device_yaw,17.222,171.18378025159927
device_yaw,17.272,171.48151067913028
device_yaw,17.322,171.80650192574583
device_yaw,17.372,171.99923955995837
device_yaw,17.422,172.08661383488806
device_yaw,17.472,171.9461421321353
device_yaw,17.522,171.63624250976983
device_yaw,17.572,171.16762856833896
device_yaw,17.622,170.70098798406832
device_yaw,17.672,170.43048769688798
device_yaw,17.722,170.139587544312
device_yaw,17.772,169.9052879355793
device_yaw,17.822,169.8012304949973
device_yaw,17.872,169.78960750073324
device_yaw,17.922,169.94734160942554
device_yaw,17.972,170.16556975400835
device_yaw,18.022,170.49853098581448
device_yaw,18.072,170.89765982131075
device_yaw,18.122,171.3574698129028
device_yaw,18.172,171.76997799856738
device_yaw,18.222,171.915989501112
device_yaw,18.272,172.14576077080167
device_yaw,18.322,172.27202383212114
device_yaw,18.372,172.38058620107276
device_yaw,18.422,172.3115162542754
device_yaw,18.472,172.07916057175945
device_yaw,18.522,171.7376342106853
device_yaw,18.572,171.34322816754232
device_yaw,18.622,171.060824600193
device_yaw,18.672,170.94952090756794
device_yaw,18.722,170.91361936411508
device_yaw,18.772,171.02861176737574
device_yaw,18.822,171.1284958976955
device_yaw,18.872,171.39481051377632
device_yaw,18.922,171.70245628044464
device_yaw,18.972,172.15675921911586
device_yaw,19.022,172.67363461326903
device_yaw,19.072,173.21838855380616
device_yaw,19.122,173.7273036946229
device_yaw,19.172,173.92253038362662
device_yaw,19.222,174.01510377483237
device_yaw,19.272,174.06321628327746
device_yaw,19.322,174.02613626159356
device_yaw,19.372,173.96187525796702
device_yaw,19.422,173.7739560461529
device_yaw,19.472,173.5492565385291
device_yaw,19.522,173.24460701801587
device_yaw,19.572,172.9620651129405
device_yaw,19.622,172.71060509801114
device_yaw,19.672,172.47494756208744
device_yaw,19.722,172.52470801386818
device_yaw,19.772,172.53174865171812
device_yaw,19.822,172.62972224926676
device_yaw,19.872,172.82774074695593
device_yaw,19.922,173.06687758958824
device_yaw,19.972,173.35207760095142
device_yaw,20.022,173.51497939774674
device_yaw,20.072,173.64359503135518
device_yaw,20.122,173.68832216794235
device_yaw,20.172,173.6160063108036
device_yaw,20.222,173.61029181716597
device_yaw,20.272,173.56096692935614
device_yaw,20.322,173.49877711530587
device_yaw,20.372,173.30192343172013
device_yaw,20.422,173.0236412796159
device_yaw,20.472,172.74872917180753
device_yaw,20.522,172.47412986513262
device_yaw,20.572,172.34983407682927
device_yaw,20.622,172.1924301825491
device_yaw,20.672,172.05781299774338
device_yaw,20.722,172.07317083325438
device_yaw,20.772,172.07567769681148
device_yaw,20.822,172.11616312797753
device_yaw,20.872,172.219183637975
device_yaw,20.922,172.410062734653
device_yaw,20.972,172.71780287735953
device_yaw,21.022,173.04898097522047
device_yaw,21.072,173.42590757683698
device_yaw,21.122,173.7456603241067
device_yaw,21.172,174.14041782407878
device_yaw,21.222,174.50743278630043
device_yaw,21.272,174.80962863640463
device_yaw,21.322,175.14871280216838
device_yaw,21.372,175.36399818771392
device_yaw,21.422,175.50969481831817
device_yaw,21.472,175.52922372510764
device_yaw,21.522,175.41528069190784
device_yaw,21.572,175.2477508255529
device_yaw,21.622,175.04338356605788
device_yaw,21.672,174.8716532032292
device_yaw,21.722,174.72643995118116
device_yaw,21.772,174.68601070823323
device_yaw,21.822,174.7074829945972
device_yaw,21.872,174.71723656233976
device_yaw,21.922,174.83834873259272
device_yaw,21.972,175.04708619706517
device_yaw,22.022,175.37523811107664
device_yaw,22.072,175.79661464872672
device_yaw,22.122,176.27288748662735
device_yaw,22.172,176.829083819796
device_yaw,22.222,177.42526687565672
device_yaw,22.272,178.01392480044825
device_yaw,22.322,178.55142058747649
device_yaw,22.372,178.9332699019717
device_yaw,22.422,179.24017280101728
device_yaw,22.472,179.41994054637618
device_yaw,22.522,179.5054635778446
device_yaw,22.572,179.48788822867604
device_yaw,22.622,179.3336104000641
device_yaw,22.672,179.12032124494425
device_yaw,22.722,178.8287963652073
device_yaw,22.772,178.50920132899842
device_yaw,22.822,178.23279870930637
device_yaw,22.872,178.02876399617287
device_yaw,22.922,177.91226427938236
device_yaw,22.972,177.84197193249713
device_yaw,23.022,177.86375831289067
device_yaw,23.072,177.85697989776972
device_yaw,23.122,177.9358315948529
device_yaw,23.172,178.13560537361903
device_yaw,23.222,178.37229020599668
device_yaw,23.272,178.6233790853837
device_yaw,23.322,178.8059830495539
device_yaw,23.372,178.85871160162898
device_yaw,23.422,178.77781437851445
device_yaw,23.472,178.6147301651905
device_yaw,23.522,178.45055687438708
device_yaw,23.572,178.21982580641247
device_yaw,23.622,178.04373725905705
device_yaw,23.672,177.7660519823997
device_yaw,23.722,177.4352101992635
device_yaw,23.772,177.07379565881175
device_yaw,23.822,176.71243737897555
device_yaw,23.872,176.4681945308486
device_yaw,23.922,176.33162843942657
device_yaw,23.972,176.32406583993148
device_yaw,24.022,176.48122278069772
device_yaw,24.072,176.60433250515436
device_yaw,24.122,176.8072415657875
device_yaw,24.172,177.06609514289553
device_yaw,24.222,177.44313815385166
device_yaw,24.272,177.908792367219
device_yaw,24.322,178.3709106009732
device_yaw,24.372,178.80983635895626
device_yaw,24.422,179.16069805698916
device_yaw,24.472,179.44336113934122
device_yaw,24.522,179.67817817599402
device_yaw,24.572,179.76525585047085
device_yaw,24.622,179.80494434655992
device_yaw,24.672,179.72659260840805
device_yaw,24.722,179.56387005725676
device_yaw,24.772,179.3120034084754
device_yaw,24.822,178.9891756547238
device_yaw,24.872,178.6558784165046
device_yaw,24.922,178.32132608168195
device_yaw,24.972,178.02070842538532
device_yaw,25.022,177.73756065808007
device_yaw,25.072,177.45054858422398
device_yaw,25.122,177.25464381485952
device_yaw,25.172,177.1637655833665
device_yaw,25.222,177.16423108782655
device_yaw,25.272,177.20664655863968
device_yaw,25.322,177.2901560949007
device_yaw,25.372,177.38498322278977
device_yaw,25.422,177.5058296734992
device_yaw,25.472,177.65412136212151
device_yaw,25.522,177.79968022291115
device_yaw,25.572,177.9465575709862
device_yaw,25.622,178.08990140688175
device_yaw,25.672,178.20813214102682
device_yaw,25.722,178.2705729530478
device_yaw,25.772,178.31305413716257
device_yaw,25.822,178.3352440815188
device_yaw,25.872,178.36184930461084
device_yaw,25.922,178.38876546141537
device_yaw,25.972,178.4092335458786
device_yaw,26.022,178.41810902545055
device_yaw,26.072,178.4129076526845
device_yaw,26.122,178.4182044318999
device_yaw,26.172,178.4180960693504
device_yaw,26.222,178.4289169218578
device_yaw,26.272,178.4605569033367
device_yaw,26.322,178.4928961654987
device_yaw,26.372,178.5220852734359
device_yaw,26.422,178.54403696715852
device_yaw,26.472,178.56249694449326
device_yaw,26.522,178.57806071111645
device_yaw,26.572,178.59777838482012
device_yaw,26.622,178.61328590229652
device_yaw,26.672,178.61719738061836
device_yaw,26.722,178.61399516343457
device_yaw,26.772,178.61505492269274
device_yaw,26.822,178.62138603163885
device_yaw,26.872,178.63444609045297
device_yaw,26.922,178.65519013802984
device_yaw,26.972,178.66890404972037
device_yaw,27.022,178.67420582660574
device_yaw,27.072,178.67217935918592
device_yaw,27.122,178.66535149732775
device_yaw,27.172,178.6578280321165
device_yaw,27.222,178.65673572183798
device_yaw,27.272,178.67432251896014
device_yaw,27.322,178.70002158454992
device_yaw,27.372,178.71710414616334
device_yaw,27.422,178.7301255079244
device_yaw,27.472,178.741574897334
device_yaw,27.522,178.76610653531972
device_yaw,27.572,178.80504061900868
device_yaw,27.622,178.8608131918045
device_yaw,27.672,178.92966573011444
device_yaw,27.722,179.0101861953392
device_yaw,27.772,179.12465767757627
device_yaw,27.822,179.2516564062212
device_yaw,27.872,179.40621371457416
device_yaw,27.922,179.59336441926496
device_yaw,27.972,179.84273689711145
device_yaw,28.022,180.19065592410988
device_yaw,28.072,180.64318347622765
device_yaw,28.122,181.16049232082372
device_yaw,28.172,181.74702767603833
device_yaw,28.222,182.40234711932098
device_yaw,28.272,183.12593118053985
device_yaw,28.322,183.87785275807235
device_yaw,28.372,184.6421140759344
device_yaw,28.422,185.39782991097175
device_yaw,28.472,186.1235041796556
device_yaw,28.522,186.76009980183625
device_yaw,28.572,187.26586221265123
device_yaw,28.622,187.6151823279862
device_yaw,28.672,187.85783501140193
device_yaw,28.722,188.02355201069176
device_yaw,28.772,188.11052686857832
device_yaw,28.822,188.09513443057895
device_yaw,28.872,187.9666321952886
device_yaw,28.922,187.72141855991174
device_yaw,28.972,187.34041161728075
device_yaw,29.022,186.85233400584474
device_yaw,29.072,186.34044434524728
device_yaw,29.122,185.81832558235013
device_yaw,29.172,185.22687614490292
device_yaw,29.222,184.53805815752366
device_yaw,29.272,183.71403301034124
device_yaw,29.322,182.77556641962153
device_yaw,29.372,181.74262517231202
device_yaw,29.422,180.67850094954755
device_yaw,29.472,179.5908727348594
device_yaw,29.522,178.5035650271342
device_yaw,29.572,177.3938162670337
device_yaw,29.622,176.20324725253747
device_yaw,29.672,174.9101264011172
device_yaw,29.722,173.56784557617155
device_yaw,29.772,172.2183866592043
device_yaw,29.822,170.8048813077371
device_yaw,29.872,169.30872299822795
device_yaw,29.922,167.75028752359728
device_yaw,29.972,166.13624489285056
device_yaw,30.022,164.5012788306421
device_yaw,30.072,162.87267231784094
device_yaw,30.122,161.3512335361437
device_yaw,30.172,159.9754611099172
device_yaw,30.222,158.78409859486422
device_yaw,30.272,157.84940336348512
device_yaw,30.322,157.18637781397078
device_yaw,30.372,156.89093950372654
device_yaw,30.422,156.936100139036
device_yaw,30.472,157.2815527239966
device_yaw,30.522,157.90381921330885
device_yaw,30.572,158.78086875924984
device_yaw,30.622,159.85072845887422
device_yaw,30.672,160.97014507006153
device_yaw,30.722,162.07987513882293
device_yaw,30.772,163.1701980703595
device_yaw,30.822,164.1886818957135
device_yaw,30.872,165.0742406469882
device_yaw,30.922,165.77902401693976
device_yaw,30.972,166.32506358362204
device_yaw,31.022,166.75411747152268
device_yaw,31.072,167.0583487894013
device_yaw,31.122,167.22873959356016
device_yaw,31.172,167.31463201287036
device_yaw,31.222,167.40626062756658
device_yaw,31.272,167.53705706775648
device_yaw,31.322,167.66827195107945
device_yaw,31.372,167.7937723516541
device_yaw,31.422,167.9279068637801
device_yaw,31.472,168.1045929972727
device_yaw,31.522,168.32768384390806
device_yaw,31.572,168.58330358562668
device_yaw,31.622,168.8465326856289
device_yaw,31.672,169.12919105817485
device_yaw,31.722,169.432897904876
device_yaw,31.772,169.71711172474377
device_yaw,31.822,169.98869154911702
device_yaw,31.872,170.2466518645779
device_yaw,31.922,170.49697673288253
device_yaw,31.972,170.7585090752315
device_yaw,32.022,170.9928324116479
device_yaw,32.072,171.21542345696466
device_yaw,32.122,171.42950544599793
device_yaw,32.172,171.64768365107327
device_yaw,32.222,171.88056806368996
device_yaw,32.272,172.11483066117552
device_yaw,32.322,172.36549112683076
device_yaw,32.372,172.61845476721763
device_yaw,32.422,172.88817690251054
device_yaw,32.472,173.16980747072716
device_yaw,32.522,173.4562035635966
device_yaw,32.572,173.77571426427303
device_yaw,32.622,174.15213735236355
device_yaw,32.672,174.5802573560961
device_yaw,32.722,175.00781805619533
device_yaw,32.772,175.43467009716514
device_yaw,32.822,175.8582007295033
device_yaw,32.872,176.30104410567228
device_yaw,32.922,176.80746502473787
device_yaw,32.972,177.38068338553288
device_yaw,33.022,177.97665830926138
device_yaw,33.072,178.5828991302377
device_yaw,33.122,179.17556682941802
device_yaw,33.172,179.72122724607175
device_yaw,33.222,180.1907659063081
device_yaw,33.272,180.6175821457446
device_yaw,33.322,180.99082186444667
device_yaw,33.372,181.25537357713685
device_yaw,33.422,181.3473076330891
device_yaw,33.472,181.29463748307745
device_yaw,33.522,181.11718879389701
device_yaw,33.572,180.8518178460363
device_yaw,33.622,180.49055935018524
device_yaw,33.672,180.05203435145916
device_yaw,33.722,179.59652525241998
device_yaw,33.772,179.20586071715724
device_yaw,33.822,178.89701302731808
device_yaw,33.872,178.68662471795807
device_yaw,33.922,178.64943786139835
device_yaw,33.972,178.7646352058128
device_yaw,34.022,178.91841532555512
device_yaw,34.072,179.08702731904742
device_yaw,34.122,179.27533269495473
device_yaw,34.172,179.51803342961065
device_yaw,34.222,179.82083111533032
device_yaw,34.272,180.10648695887377
device_yaw,34.322,180.3107175952362
device_yaw,34.372,180.40065907010583
device_yaw,34.422,180.35816307398656
device_yaw,34.472,180.1888861117632
device_yaw,34.522,179.93456734191193
device_yaw,34.572,179.66965166183644
device_yaw,34.622,179.40178505206833
device_yaw,34.672,179.08886539389417
device_yaw,34.722,178.67139233645767
device_yaw,34.772,178.15952864077445
device_yaw,34.822,177.5174397786571
device_yaw,34.872,176.76409033150105
device_yaw,34.922,175.95336503037322
device_yaw,34.972,175.02397059761986
device_yaw,35.022,173.76684671393735
device_yaw,35.072,172.24128579447282
device_yaw,35.122,170.51333525452313
device_yaw,35.172,168.47612238775073
device_yaw,35.222,166.0309991381818
device_yaw,35.272,163.20421487968596
device_yaw,35.322,159.9129710852816
device_yaw,35.372,156.27985693531525
device_yaw,35.422,152.120406066493
device_yaw,35.472,147.5526729291855
device_yaw,35.522,142.78364416014105
device_yaw,35.572,138.08699584127206
device_yaw,35.622,133.42550981224102
device_yaw,35.672,128.64630386775073
device_yaw,35.722,123.91321464711797
device_yaw,35.772,119.45853130620134
device_yaw,35.822,115.34352545664127
device_yaw,35.872,111.64682801891196
device_yaw,35.922,108.3913694143508
device_yaw,35.972,105.76661569421422
device_yaw,36.022,103.55777758980352
device_yaw,36.072,101.593130209261
device_yaw,36.122,99.76901017861337
device_yaw,36.172,98.1774346101697
device_yaw,36.222,96.98233925883927
device_yaw,36.272,96.14798348378207
device_yaw,36.322,95.56468531480155
device_yaw,36.372,95.28272961717208
device_yaw,36.422,95.46758628368052
device_yaw,36.472,96.00724384668662
device_yaw,36.522,97.9126074575503
device_yaw,36.572,100.76568896821149
device_yaw,36.622,104.1733005912045
device_yaw,36.672,108.11048133547068
device_yaw,36.722,112.4325826937213
device_yaw,36.772,117.03071902022134
device_yaw,36.822,121.92814455694206
device_yaw,36.872,127.14977230564723
device_yaw,36.922,132.47934630751158
device_yaw,36.972,137.71316531760837
device_yaw,37.022,142.9196719480145
device_yaw,37.072,147.1489114428049
device_yaw,37.122,150.78533089004037
device_yaw,37.172,154.21084227766497
device_yaw,37.222,157.3933337422736
device_yaw,37.272,160.38197132182688
device_yaw,37.322,163.28799714973138
device_yaw,37.372,166.11069687331442
device_yaw,37.422,168.82454223597833
device_yaw,37.472,171.5200602099767
device_yaw,37.522,174.27898197523447
device_yaw,37.572,176.91692986337108
device_yaw,37.622,179.21824256222706
device_yaw,37.672,181.2772010018384
device_yaw,37.722,183.14414670473542
device_yaw,37.772,184.86922596199685
device_yaw,37.822,186.5606935803089
device_yaw,37.872,188.07464465010386
device_yaw,37.922,189.31038675941392
device_yaw,37.972,190.24011710202046
device_yaw,38.022,190.903691021775
device_yaw,38.072,191.27604014491428
device_yaw,38.122,191.61014022832217
device_yaw,38.172,192.0419596018007
device_yaw,38.222,192.6076484346199
device_yaw,38.272,193.43719424555002
device_yaw,38.322,194.4575633572936
device_yaw,38.372,195.43697341507013
device_yaw,38.422,196.38895464833578
device_yaw,38.472,197.41591856645874
device_yaw,38.522,198.53550656847835
device_yaw,38.572,199.64656529893162
device_yaw,38.622,199.60892301397374
device_yaw,38.672,199.33901322366822
device_yaw,38.722,198.83769580149948
device_yaw,38.772,198.04619595473505
device_yaw,38.822,196.82799164035507
device_yaw,38.872,195.32342301409298
device_yaw,38.922,193.63170919073298
device_yaw,38.972,191.8210505257698
device_yaw,39.022,189.88591638558717
device_yaw,39.072,187.86154090719177
device_yaw,39.122,185.87641802211382
device_yaw,39.172,185.0802642561697
device_yaw,39.222,184.4772611128969
device_yaw,39.272,184.0267320764797
device_yaw,39.322,183.71053789656932
device_yaw,39.372,183.63281470648332
device_yaw,39.422,183.8456210274635
device_yaw,39.472,184.26309100074457
device_yaw,39.522,184.78007831213603
device_yaw,39.572,185.3866515620555
device_yaw,39.622,186.07534548958986
device_yaw,39.672,186.75814079613835
device_yaw,39.722,187.37357104239945
device_yaw,39.772,187.8859964618433
device_yaw,39.822,188.2901618908156
device_yaw,39.872,188.70199250941877
device_yaw,39.922,188.98731134943637
device_yaw,39.972,188.97910657437708
device_yaw,40.022,188.77361773958174
device_yaw,40.072,188.4883627766285
device_yaw,40.122,188.09542839303532
device_yaw,40.172,187.63707615312458
device_yaw,40.222,187.10957218553537
device_yaw,40.272,186.55976396560933
device_yaw,40.322,185.97030061276863
device_yaw,40.372,185.4083592399368
device_yaw,40.422,184.86412304331753
device_yaw,40.472,184.24518011058694
device_yaw,40.522,183.64328214009566
device_yaw,40.572,183.19760820001278
device_yaw,40.622,182.70944103279723
device_yaw,40.672,182.1127550232501
device_yaw,40.722,181.37222863736596
device_yaw,40.772,180.49100885100643
device_yaw,40.822,179.31618061700223
device_yaw,40.872,177.73279640499683
device_yaw,40.922,175.63162400420603
device_yaw,40.972,173.01804730355514
device_yaw,41.022,169.76430875279712
device_yaw,41.072,165.80846875273213
device_yaw,41.122,161.07832588614173
device_yaw,41.172,155.83729164583343
device_yaw,41.222,150.27094602456611
device_yaw,41.272,144.23095322101275
device_yaw,41.322,137.80947799732155
device_yaw,41.372,131.175361172845
device_yaw,41.422,124.5500766224362
device_yaw,41.472,117.91017813736484
device_yaw,41.522,111.1228029874023
device_yaw,41.572,104.47822686908847
device_yaw,41.622,98.07813614204464
device_yaw,41.672,92.03838181996629
device_yaw,41.722,86.05497241975071
device_yaw,41.772,80.05652369147805
device_yaw,41.822,74.28033018446311
device_yaw,41.872,68.60405931596178
device_yaw,41.922,63.187730151621174
device_yaw,41.972,57.89318275170012
device_yaw,42.022,52.81379995095836
device_yaw,42.072,48.071945920171814
device_yaw,42.122,43.7066686983928
device_yaw,42.172,39.60880118651615
device_yaw,42.222,35.60806744620672
device_yaw,42.272,31.90992947618006
device_yaw,42.322,28.513574850140174
device_yaw,42.372,25.297777714142203
device_yaw,42.422,22.319665731227484
device_yaw,42.472,19.40713145495458
device_yaw,42.522,16.6280118473638
device_yaw,42.572,14.050067014417294
device_yaw,42.622,11.644989564919042
device_yaw,42.672,9.267567731341709
device_yaw,42.722,7.025462791366684
device_yaw,42.772,4.936452439015978
device_yaw,42.822,3.069136881852312
device_yaw,42.872,1.4465392307730056
device_yaw,42.922,0.03604892326099162
device_yaw,42.972,-0.9975138923034618
device_yaw,43.022,-1.73902829341693
device_yaw,43.072,-2.270192069150183
device_yaw,43.122,-2.587479480929571
device_yaw,43.172,-2.7045645549429946
device_yaw,43.222,-2.570905161954641
device_yaw,43.272,-1.1395714687253748
device_yaw,43.322,1.016378937514315
device_yaw,43.372,3.2091716157778865
device_yaw,43.422,5.285310822589599
device_yaw,43.472,7.281925521760923
device_yaw,43.522,9.161024692348162
device_yaw,43.572,10.8983906071551
device_yaw,43.622,12.529308067544827
device_yaw,43.672,13.936515286888653
device_yaw,43.722,15.137016186215238
device_yaw,43.772,16.242151882554715
device_yaw,43.822,16.135050685698364
device_yaw,43.872,15.48700342826079
device_yaw,43.922,14.805997540647292
device_yaw,43.972,14.242850890276285
device_yaw,44.022,13.832108560195287
device_yaw,44.072,13.464104923510208
device_yaw,44.122,13.279108572140403
device_yaw,44.172,13.225891236059407
device_yaw,44.222,13.415778208731224
device_yaw,44.272,13.814398436451388
device_yaw,44.322,14.17505004151846
device_yaw,44.372,14.49566976039439
device_yaw,44.422,14.617476308126959
device_yaw,44.472,14.629755482529385
device_yaw,44.522,14.516518100834407
device_yaw,44.572,14.217453933957636
device_yaw,44.622,13.775263536077292
device_yaw,44.672,13.064976388781123
device_yaw,44.722,12.167946137394678
device_yaw,44.772,11.073348926392388
device_yaw,44.822,9.864225478745833
device_yaw,44.872,8.766018347451688
device_yaw,44.922,7.767293786513224
device_yaw,44.972,6.855729387039639
device_yaw,45.022,6.228699456991197
device_yaw,45.072,5.657103681060199
device_yaw,45.122,5.31298019826161
device_yaw,45.172,5.117134235692233
device_yaw,45.222,5.137835505115112
device_yaw,45.272,5.38112311661802
device_yaw,45.322,5.768183606699974
device_yaw,45.372,6.23286074487602
device_yaw,45.422,6.719764434588282
device_yaw,45.472,7.173362280636658
device_yaw,45.522,7.730639209326697
device_yaw,45.572,8.223707937878359
device_yaw,45.622,8.728808003022298
device_yaw,45.672,9.174755980974892
device_yaw,45.722,9.639568436708451
device_yaw,45.772,10.07759344029521
device_yaw,45.822,10.4829301330457
device_yaw,45.872,10.864127414699938
device_yaw,45.922,11.248494640425585
device_yaw,45.972,11.634109494115018
device_yaw,46.022,12.048424294107468
device_yaw,46.072,12.546066069422373
device_yaw,46.122,12.982507468994022
device_yaw,46.172,13.434814640516466
device_yaw,46.222,13.857619886502539
device_yaw,46.272,14.181817737014514
device_yaw,46.322,14.415371239716476
device_yaw,46.372,14.434454681845425
device_yaw,46.422,14.212952831387703
device_yaw,46.472,13.547860142175233
device_yaw,46.522,12.419390121592425
device_yaw,46.572,10.887682182565797
device_yaw,46.622,8.586710783030355
device_yaw,46.672,5.643868035455719
device_yaw,46.722,1.9775619073024466
device_yaw,46.772,-2.42248681426131
device_yaw,46.822,-7.5462594248687624
device_yaw,46.872,-13.568020054911068
device_yaw,46.922,-20.456633336021312
device_yaw,46.972,-28.113240555064127
device_yaw,47.022,-36.14449744573314
device_yaw,47.072,-44.60848616622255
device_yaw,47.122,-53.48441423575598
device_yaw,47.172,-62.55450379133654
device_yaw,47.222,-71.67231122611761
device_yaw,47.272,-80.57627317971877
device_yaw,47.322,-89.33187959745375
device_yaw,47.372,-97.7438406382846
device_yaw,47.422,-105.57799332239614
device_yaw,47.472,-112.59925223663942
device_yaw,47.522,-118.80238002845563
device_yaw,47.572,-124.48410435421027
device_yaw,47.622,-129.51528767751438
device_yaw,47.672,-133.92930939419443
device_yaw,47.722,-137.7111113912791
device_yaw,47.772,-141.0217275928412
device_yaw,47.822,-144.04866755228184
device_yaw,47.872,-146.61999170996233
device_yaw,47.922,-148.8792589888058
device_yaw,47.972,-150.85335788202195
device_yaw,48.022,-152.7033734380291
device_yaw,48.072,-155.63818218015106
device_yaw,48.122,-158.4624834205833
device_yaw,48.172,-161.08770459412628
device_yaw,48.222,-163.51195002330593
device_yaw,48.272,-165.60405252039888
device_yaw,48.322,-167.40525728636183
device_yaw,48.372,-168.83964232770106
device_yaw,48.422,-170.08147320720514
device_yaw,48.472,-171.18488245388326
device_yaw,48.522,-172.23976408266378
device_yaw,48.572,-173.23224360166665
device_yaw,48.622,-172.98556949031175
device_yaw,48.672,-172.73703941010987
device_yaw,48.722,-172.5626905129656
device_yaw,48.772,-172.35222597436533
device_yaw,48.822,-172.2650067480132
device_yaw,48.872,-172.2316581394033
device_yaw,48.922,-172.38185224077296
device_yaw,48.972,-172.60243331814058
device_yaw,49.022,-172.81700769449864
device_yaw,49.072,-172.89871511267515
device_yaw,49.122,-172.85397177608087
device_yaw,49.172,-172.74318872129217
device_yaw,49.222,-172.3751140075828
device_yaw,49.272,-171.9425507078887
device_yaw,49.322,-171.48150283097044
device_yaw,49.372,-170.97124508517962
device_yaw,49.422,-170.43159653606702
device_yaw,49.472,-169.82072408473917
device_yaw,49.522,-169.2586932364416
device_yaw,49.572,-168.7492314721353
device_yaw,49.622,-168.3917228307774
device_yaw,49.672,-168.3576892525731
device_yaw,49.722,-168.44581922830454
device_yaw,49.772,-168.7264693289375
device_yaw,49.822,-169.05364949241178
device_yaw,49.872,-169.44834093988402
device_yaw,49.922,-169.97718648225248
device_yaw,49.972,-170.58033047032683
device_yaw,50.022,-171.23874539225704
device_yaw,50.072,-171.80038012206157
device_yaw,50.122,-172.33970494219727
device_yaw,50.172,-172.8696446193029
device_yaw,50.222,-173.0576374802702
device_yaw,50.272,-173.1220848758921
device_yaw,50.322,-173.0672756937848
device_yaw,50.372,-172.89881287316828
device_yaw,50.422,-172.65359759187612
device_yaw,50.472,-172.26943403310514
device_yaw,50.522,-171.83086679319402
device_yaw,50.572,-171.3856392341549
device_yaw,50.622,-171.08213808132737
device_yaw,50.672,-170.86473186091322
device_yaw,50.722,-170.6288233206213
device_yaw,50.772,-170.44364523324398
device_yaw,50.822,-170.35500224699288
device_yaw,50.872,-170.3228356248107
device_yaw,50.922,-170.35724103802332
device_yaw,50.972,-170.4095342852277
device_yaw,51.022,-170.48704710444147
device_yaw,51.072,-170.56963005540223
device_yaw,51.122,-170.56762117328694
device_yaw,51.172,-170.4031493320765
device_yaw,51.222,-170.16572817006602
device_yaw,51.272,-169.8393462075626
device_yaw,51.322,-169.59455408442685
device_yaw,51.372,-169.28758523708504
device_yaw,51.422,-169.00849219188493
device_yaw,51.472,-168.7198299033472
device_yaw,51.522,-168.44750027983335
device_yaw,51.572,-168.22429145094563
device_yaw,51.622,-168.0286252402472
device_yaw,51.672,-167.92494056860068
device_yaw,51.722,-167.87340983412875
device_yaw,51.772,-167.922528456301
device_yaw,51.822,-168.0140741402267
device_yaw,51.872,-168.14395324115992
device_yaw,51.922,-168.3250725642623
device_yaw,51.972,-168.46425680556584
device_yaw,52.022,-168.69196248559396
device_yaw,52.072,-169.00085746216058
device_yaw,52.122,-169.28970494609942
device_yaw,52.172,-169.6045311101583
device_yaw,52.222,-169.84982194265928
device_yaw,52.272,-170.07674713744515
device_yaw,52.322,-170.13120190391797
device_yaw,52.372,-170.06142752637734
device_yaw,52.422,-169.94687368788018
device_yaw,52.472,-169.72003954032533
device_yaw,52.522,-169.3975649720138
device_yaw,52.572,-168.85368680671846
device_yaw,52.622,-168.20575887800067
device_yaw,52.672,-167.52415012914526
device_yaw,52.722,-166.85428648141416
device_yaw,52.772,-166.26613831860652
device_yaw,52.822,-165.7844806321435
device_yaw,52.872,-165.49178966190854
device_yaw,52.922,-165.3680698548966
device_yaw,52.972,-165.30489694685335
device_yaw,53.022,-165.37862381028273
device_yaw,53.072,-165.62212101647185
device_yaw,53.122,-166.06634692819202
device_yaw,53.172,-166.67350219851116
device_yaw,53.222,-167.37344066105004
device_yaw,53.272,-168.08426589700787
device_yaw,53.322,-168.76514047369608
device_yaw,53.372,-169.39400943156423
device_yaw,53.422,-169.95320824740318
device_yaw,53.472,-170.41111861860165
device_yaw,53.522,-170.85993666505885
device_yaw,53.572,-171.21339612420635
device_yaw,53.622,-171.46111184833188
device_yaw,53.672,-171.59605553776527
device_yaw,53.722,-171.59525839023524
device_yaw,53.772,-171.56746515869395
device_yaw,53.822,-171.5540785875231
device_yaw,53.872,-171.63344403510524
device_yaw,53.922,-171.8419834184894
device_yaw,53.972,-172.04296020344265
device_yaw,54.022,-172.34404448985276
device_yaw,54.072,-172.65016775262993
device_yaw,54.122,-173.05138035314573
device_yaw,54.172,-173.57201550208472
device_yaw,54.222,-174.17330781403948
device_yaw,54.272,-174.841969023845
device_yaw,54.322,-175.5167894928882
device_yaw,54.372,-176.17432988598742
device_yaw,54.422,-176.73473921978785
device_yaw,54.472,-177.17521112184
device_yaw,54.522,-177.50099194019415
device_yaw,54.572,-177.7983705926745
device_yaw,54.622,-177.94513080595976
device_yaw,54.672,-177.97281761730525
device_yaw,54.722,-177.83807049530054
device_yaw,54.772,-177.58802218047902
device_yaw,54.822,-177.2332771156882
device_yaw,54.872,-176.83916679947464
device_yaw,54.922,-176.44010081642526
device_yaw,54.972,-176.0921890396815
device_yaw,55.022,-175.74378357361635
device_yaw,55.072,-175.39838248662193
device_yaw,55.122,-175.1029028907695
device_yaw,55.172,-174.911816601527
device_yaw,55.222,-174.85684621576522
device_yaw,55.272,-174.90517590581152
device_yaw,55.322,-175.01396088381014
device_yaw,55.372,-175.22218989301993
device_yaw,55.422,-175.39004959540546
device_yaw,55.472,-175.5790600848186
device_yaw,55.522,-175.6230698247471
device_yaw,55.572,-175.57397140439733
device_yaw,55.622,-175.62743083326666
device_yaw,55.672,-175.5334380454395
device_yaw,55.722,-175.43417962326896
device_yaw,55.772,-175.19883562612253
device_yaw,55.822,-174.93125984152186
device_yaw,55.872,-174.64322979063107
device_yaw,55.922,-174.29324490566853
device_yaw,55.972,-173.98835029557827
device_yaw,56.022,-173.6139585457284
device_yaw,56.072,-173.2061752767436
device_yaw,56.122,-172.6873561535209
device_yaw,56.172,-171.86578277734097
device_yaw,56.222,-170.83147320708463
device_yaw,56.272,-169.35080858961248
device_yaw,56.322,-167.44384900788955
device_yaw,56.372,-165.07051555461004
device_yaw,56.422,-162.04440812279245
device_yaw,56.472,-158.33931459533153
device_yaw,56.522,-153.9212039621153
device_yaw,56.572,-148.94454092461476
device_yaw,56.622,-143.52710638329708
device_yaw,56.672,-137.71766107565804
device_yaw,56.722,-131.69018879181957
device_yaw,56.772,-125.57686360119956
device_yaw,56.822,-119.61573802600738
device_yaw,56.872,-113.69576169915145
device_yaw,56.922,-107.79373617380125
device_yaw,56.972,-102.22008909349212
device_yaw,57.022,-97.12127173821987
device_yaw,57.072,-92.59752089567473
device_yaw,57.122,-88.49566426779738
device_yaw,57.172,-84.90996899941105
device_yaw,57.222,-81.98939176649736
device_yaw,57.272,-79.69826581771385
device_yaw,57.322,-77.77681227292177
device_yaw,57.372,-76.0943679793351
device_yaw,57.422,-74.99927641393322
device_yaw,57.472,-74.5794505818038
device_yaw,57.522,-74.72308733480446
device_yaw,57.572,-75.19614167873479
device_yaw,57.622,-75.83102104697947
device_yaw,57.672,-76.62664093062435
device_yaw,57.722,-77.52746235840402
device_yaw,57.772,-78.01842119386788
device_yaw,57.822,-77.93659263383371
device_yaw,57.872,-77.44764915998508
device_yaw,57.922,-76.63171615272485
device_yaw,57.972,-75.47007653034679
device_yaw,58.022,-73.83193272987484
device_yaw,58.072,-71.7827737509185
device_yaw,58.122,-69.39417623715897
device_yaw,58.172,-66.77308570866232
device_yaw,58.222,-63.86986463507428
device_yaw,58.272,-60.73085462864474
device_yaw,58.322,-57.79419692750513
device_yaw,58.372,-55.12362791027411
device_yaw,58.422,-52.71789851912556
device_yaw,58.472,-50.43390341596655
device_yaw,58.522,-48.0842626612067
device_yaw,58.572,-45.68965007586798
device_yaw,58.622,-43.213408081002726
device_yaw,58.672,-40.686565682473116
device_yaw,58.722,-38.07404164566205
device_yaw,58.772,-35.51116954021366
device_yaw,58.822,-33.002872058544895
device_yaw,58.872,-30.52606005252181
device_yaw,58.922,-28.136896485539797
device_yaw,58.972,-25.913244710011337
device_yaw,59.022,-24.00705361154586
device_yaw,59.072,-22.569263950384496
device_yaw,59.122,-21.490691436017386
device_yaw,59.172,-20.86424124406321
device_yaw,59.222,-20.63015246087195
device_yaw,59.272,-20.845674955415948
device_yaw,59.322,-21.45836212030654
device_yaw,59.372,-21.638124736547304
device_yaw,59.422,-22.222777637787335
device_yaw,59.472,-23.674791882590252
device_yaw,59.522,-25.469539022014146
device_yaw,59.572,-27.550046256053427
device_yaw,59.622,-29.94345724432693
device_yaw,59.672,-32.84296590465962
device_yaw,59.722,-36.2995162126637
device_yaw,59.772,-40.39552998101046
device_yaw,59.822,-44.98462293187344
device_yaw,59.872,-50.22264783488638
device_yaw,59.922,-56.86466481504883
device_yaw,59.972,-63.997461098283765
device_yaw,60.022,-70.99065923124782
device_yaw,60.072,-78.33454732782619
device_yaw,60.122,-86.18759082569024
device_yaw,60.172,-94.26294874807691
device_yaw,60.222,-102.18853664012471
device_yaw,60.272,-109.66017167668134
device_yaw,60.322,-116.80523235645695
device_yaw,60.372,-123.79836372466515
device_yaw,60.422,-130.40537456274285
device_yaw,60.472,-136.48855226061895
device_yaw,60.522,-142.0524626486679
device_yaw,60.572,-147.20489416821127
device_yaw,60.622,-151.80341220660554
device_yaw,60.672,-155.70469076040803
device_yaw,60.722,-158.99367334166965
device_yaw,60.772,-161.97626001432758
device_yaw,60.822,-164.65292030565172
device_yaw,60.872,-166.92873338333123
device_yaw,60.922,-168.67826454585213
device_yaw,60.972,-170.0286612241163
device_yaw,61.022,-171.0626278548441
device_yaw,61.072,-171.8079685272085
device_yaw,61.122,-172.3457945325645
device_yaw,61.172,-172.7200557860783
device_yaw,61.222,-172.93934596716156
device_yaw,61.272,-173.0434442873325
device_yaw,61.322,-173.12984117968293
device_yaw,61.372,-173.29109284279855
device_yaw,61.422,-173.59339703953918
device_yaw,61.472,-173.92933703311016
device_yaw,61.522,-174.27999114695672
device_yaw,61.572,-174.62318827604807
device_yaw,61.622,-175.0173386487372
device_yaw,61.672,-175.46839003792073
device_yaw,61.722,-175.93323410132146
device_yaw,61.772,-177.35397636101843
device_yaw,61.822,-178.79580747224892
device_yaw,61.872,-180.11979865537086
device_yaw,61.922,-181.4312357633121
device_yaw,61.972,-182.4824363192824
device_yaw,62.022,-183.5292543469435
device_yaw,62.072,-184.45450280018258
device_yaw,62.122,-185.29666782277673
device_yaw,62.172,-185.9552672306797
device_yaw,62.222,-186.49836746884029
device_yaw,62.272,-187.0802286166162
device_yaw,62.322,-186.7197856689593
device_yaw,62.372,-186.42751439817823
device_yaw,62.422,-186.33245941441783
device_yaw,62.472,-186.27071945407286
device_yaw,62.522,-186.4194794320608
device_yaw,62.572,-186.60518858131383
device_yaw,62.622,-186.9648687438607
device_yaw,62.672,-187.4931971452237
device_yaw,62.722,-188.195696429683
device_yaw,62.772,-188.92315314060022
device_yaw,62.822,-189.49633811920128
device_yaw,62.872,-190.02881955788354
device_yaw,62.922,-190.30736977234946
device_yaw,62.972,-190.36577865250095
device_yaw,63.022,-190.29497632000593
device_yaw,63.072,-189.74338630529243
device_yaw,63.122,-188.70306514942112
device_yaw,63.172,-187.29996052368253
device_yaw,63.222,-185.6997580967751
device_yaw,63.272,-184.005753742123
device_yaw,63.322,-182.30119265294937
device_yaw,63.372,-180.87563204997244
device_yaw,63.422,-179.44190808913547
device_yaw,63.472,-178.13322985299038
device_yaw,63.522,-176.90916958480136
device_yaw,63.572,-175.8067969788829
device_yaw,63.622,-175.1745487867224
device_yaw,63.672,-175.02008619805855
device_yaw,63.722,-175.1356998529219
device_yaw,63.772,-175.43605402127002
device_yaw,63.822,-175.72762483559362
device_yaw,63.872,-175.9770622676533
device_yaw,63.922,-176.03678165022075
device_yaw,63.972,-175.96333608678387
device_yaw,64.022,-175.90041904903163
device_yaw,64.072,-175.6293830683245
device_yaw,64.122,-175.26386077013737
device_yaw,64.172,-174.76224269883446
device_yaw,64.222,-174.15992559404998
device_yaw,64.272,-173.5231977373831
device_yaw,64.322,-172.86046940290018
device_yaw,64.372,-172.2622305167567
device_yaw,64.422,-171.84637057370676
device_yaw,64.472,-171.43009045162412
device_yaw,64.522,-171.20173084980476
device_yaw,64.572,-171.02336102089836
device_yaw,64.622,-171.07387653645512
device_yaw,64.672,-171.268916202477
device_yaw,64.722,-171.55254328498393
device_yaw,64.772,-171.921850593341
device_yaw,64.822,-172.26972467801806
device_yaw,64.872,-172.45108042760316
device_yaw,64.922,-172.69067416707273
device_yaw,64.972,-172.64462226904882
device_yaw,65.022,-172.6198070964066
device_yaw,65.072,-172.49409145425446
device_yaw,65.122,-172.2386601770944
device_yaw,65.172,-171.86129113505106
device_yaw,65.222,-171.31452462068228
device_yaw,65.272,-170.75502446942855
device_yaw,65.322,-170.2522490074002
device_yaw,65.372,-169.8320109459711
device_yaw,65.422,-169.65364266255358
device_yaw,65.472,-169.40108043855307
device_yaw,65.522,-169.3608416947843
device_yaw,65.572,-169.39710148813154
device_yaw,65.622,-169.55660356482787
device_yaw,65.672,-169.95054955582384
device_yaw,65.722,-170.4649158985692
device_yaw,65.772,-171.05542279317135
device_yaw,65.822,-171.55521740500154
device_yaw,65.872,-171.90682516953885
device_yaw,65.922,-172.18715725636434
device_yaw,65.972,-172.21589675173828
device_yaw,66.022,-172.1914518065437
device_yaw,66.072,-172.01478977611262
device_yaw,66.122,-171.69832598970783
device_yaw,66.172,-171.26812944772675
device_yaw,66.222,-170.68358178776708
device_yaw,66.272,-170.0595642943338
device_yaw,66.322,-169.37362440644586
device_yaw,66.372,-168.89451546785702
device_yaw,66.422,-168.54665041173064
device_yaw,66.472,-168.26119787755016
device_yaw,66.522,-168.2164583508915
device_yaw,66.572,-168.30084130690392
device_yaw,66.622,-168.64367263499622
device_yaw,66.672,-169.14853562990123
device_yaw,66.722,-169.7247276057541
device_yaw,66.772,-170.34845646839088
device_yaw,66.822,-170.88446185436294
device_yaw,66.872,-171.51621661356924
device_yaw,66.922,-171.93476497982962
device_yaw,66.972,-172.24015725333754
device_yaw,67.022,-172.58543162180428
device_yaw,67.072,-172.7631709313787
device_yaw,67.122,-172.87114712460254
device_yaw,67.172,-172.81221232761854
device_yaw,67.222,-172.66403648461198
device_yaw,67.272,-172.50960185255587
device_yaw,67.322,-172.3611225983738
device_yaw,67.372,-172.27123993240536
device_yaw,67.422,-172.24482972476278
device_yaw,67.472,-172.34758865831174
device_yaw,67.522,-172.54060617422027
device_yaw,67.572,-172.72029684387198
device_yaw,67.622,-172.95708132026587
device_yaw,67.672,-173.23914117892625
device_yaw,67.722,-173.56815649311034
device_yaw,67.772,-173.88309147913608
device_yaw,67.822,-174.1101398048917
device_yaw,67.872,-174.21197691813128
device_yaw,67.922,-174.26877676933225
device_yaw,67.972,-174.04988335033713
device_yaw,68.022,-173.72061357636878
device_yaw,68.072,-173.25949053592333
device_yaw,68.122,-172.65173548555083
device_yaw,68.172,-171.9026638224636
device_yaw,68.222,-170.91984630204658
device_yaw,68.272,-169.71173980260554
device_yaw,68.322,-168.31824761821383
device_yaw,68.372,-166.8026731857112
device_yaw,68.422,-164.99302052881956
device_yaw,68.472,-162.78769330452897
device_yaw,68.522,-160.31658205805164
device_yaw,68.572,-157.46364175110446
device_yaw,68.622,-154.2738564435789
device_yaw,68.672,-150.68630057262877
device_yaw,68.722,-146.72968740351521
device_yaw,68.772,-142.56225169253364
device_yaw,68.822,-138.2752566386823
device_yaw,68.872,-133.88759100428572
device_yaw,68.922,-129.4447065279923
device_yaw,68.972,-125.05816482905888
device_yaw,69.022,-120.77474099628822
device_yaw,69.072,-116.65980748468779
device_yaw,69.122,-112.78408359209344
device_yaw,69.172,-109.12601572985217
device_yaw,69.222,-105.70736072053742
device_yaw,69.272,-102.55248697298124
device_yaw,69.322,-99.61805142339921
device_yaw,69.372,-96.90206021289397
device_yaw,69.422,-94.30299788458038
device_yaw,69.472,-91.80257225376039
device_yaw,69.522,-89.49370776403461
device_yaw,69.572,-87.34475019352536
device_yaw,69.622,-85.31764345086732
device_yaw,69.672,-83.30415251710437
device_yaw,69.722,-81.33784305719622
device_yaw,69.772,-79.4835104312564
device_yaw,69.822,-77.63947617223657
device_yaw,69.872,-75.72097041846405
device_yaw,69.922,-73.66416885840323
device_yaw,69.972,-71.51145678928965
device_yaw,70.022,-69.20509245598886
device_yaw,70.072,-66.50712638571798
device_yaw,70.122,-63.40594047191709
device_yaw,70.172,-59.97882383285673
device_yaw,70.222,-56.39488541908826
device_yaw,70.272,-52.53942746061751
device_yaw,70.322,-48.48475039422392
device_yaw,70.372,-44.470814152365534
device_yaw,70.422,-40.574555543246056
device_yaw,70.472,-36.78912878275602
device_yaw,70.522,-34.535780688206295
device_yaw,70.572,-32.15596236942233
device_yaw,70.622,-29.893810481347145
device_yaw,70.672,-27.90920827845456
device_yaw,70.722,-26.14849609522243
gyro_norm,0.022,0.2568788575923032
gyro_norm,0.027,0.18100689272586443
gyro_norm,0.048,0.3140950415488871
gyro_norm,0.069,0.21526250672598862
gyro_norm,0.091,0.13497044582032966
gyro_norm,0.113,0.15196673302853367
gyro_norm,0.135,0.24056383586225943
gyro_norm,0.157,0.37964452337127164
gyro_norm,0.179,0.33891693614665963
gyro_norm,0.201,0.33739001801343
gyro_norm,0.223,0.4287644588146275
gyro_norm,0.244,0.5521099054028373
gyro_norm,0.266,0.6176872548470358
gyro_norm,0.288,0.6574875340973565
gyro_norm,0.31,0.8190092450043417
gyro_norm,0.332,1.0496308459977322
gyro_norm,0.354,1.1078126123443748
gyro_norm,0.376,1.0240240305937158
gyro_norm,0.398,1.0313016081865107
gyro_norm,0.419,1.077291309139056
gyro_norm,0.441,1.1303949494564576
gyro_norm,0.463,1.147401450459943
gyro_norm,0.485,1.1867067797867068
gyro_norm,0.507,1.2704988224802671
gyro_norm,0.529,1.3355608025235737
gyro_norm,0.551,1.3319008119617617
gyro_norm,0.573,1.331454026425442
gyro_norm,0.595,1.3557606248390304
gyro_norm,0.616,1.3863137946558992
gyro_norm,0.638,1.4226271436956572
gyro_norm,0.66,1.4360334823716516
gyro_norm,0.683,1.4151808764743767
gyro_norm,0.704,1.420029336515178
gyro_norm,0.726,1.4232190497988593
gyro_norm,0.747,1.4571242660218888
gyro_norm,0.77,1.4407148685358815
gyro_norm,0.792,1.3369137996016562
gyro_norm,0.819,1.3062195918058337
gyro_norm,0.835,1.5178944102183878
gyro_norm,0.857,1.589861824104831
gyro_norm,0.881,1.2835973403436491
gyro_norm,0.901,1.0871976747326535
gyro_norm,0.923,1.0483872606177842
gyro_norm,0.945,1.2705630963642496
gyro_norm,0.967,1.3051814657562302
gyro_norm,0.988,1.3283281632814743
gyro_norm,1.01,1.5408736440223738
gyro_norm,1.036,1.4846057141902325
gyro_norm,1.054,1.3018972331384677
gyro_norm,1.076,1.1991466824572068
gyro_norm,1.097,1.188639823715048
gyro_norm,1.12,1.192373465631153
gyro_norm,1.141,1.1200139050196887
gyro_norm,1.163,1.0926968643498733
gyro_norm,1.185,1.0172579717043557
gyro_norm,1.208,0.9249191152853247
gyro_norm,1.229,0.9617799743479739
gyro_norm,1.251,1.0831804320642522
gyro_norm,1.274,1.142961807846017
gyro_norm,1.301,1.1602081022361161
gyro_norm,1.316,0.8404560564585233
gyro_norm,1.338,1.2898492254019704
gyro_norm,1.368,1.4980429912770803
gyro_norm,1.383,1.1481452282384514
gyro_norm,1.404,1.657702733364112
gyro_norm,1.426,1.8385882797179036
gyro_norm,1.448,0.9049844688404377
gyro_norm,1.47,1.4587152791419726
gyro_norm,1.491,1.2817679210637676
gyro_norm,1.513,0.576909360846713
gyro_norm,1.535,0.9021016936509474
gyro_norm,1.557,1.4718095222321552
gyro_norm,1.579,0.8480181663392562
gyro_norm,1.601,0.8783142855059035
gyro_norm,1.623,0.7906988910282915
gyro_norm,1.644,0.5482041566727361
gyro_norm,1.667,0.4746226830855796
gyro_norm,1.688,0.5490419266909377
gyro_norm,1.71,0.5790875194184566
gyro_norm,1.732,0.5102269797387586
gyro_norm,1.757,0.2880676529091592
gyro_norm,1.776,0.3291831572323549
gyro_norm,1.798,0.7622842683226695
gyro_norm,1.82,0.6317299826165348
gyro_norm,1.843,0.806007660824939
gyro_norm,1.863,1.1070250311195147
gyro_norm,1.885,0.556584576671882
gyro_norm,1.909,0.5244921498958516
gyro_norm,1.929,0.7335644974407414
gyro_norm,1.951,0.20560573420034908
gyro_norm,1.973,0.1395316419725887
gyro_norm,1.995,0.22976094989534732
gyro_norm,2.016,0.382730699816809
gyro_norm,2.04,0.5176964950033595
gyro_norm,2.06,0.5464635847296891
gyro_norm,2.084,0.4785665529162507
gyro_norm,2.104,0.3954400307802643
gyro_norm,2.126,0.5077919883043948
gyro_norm,2.148,0.5320508493064792
gyro_norm,2.17,0.3790384707429362
gyro_norm,2.192,0.22775801668122833
gyro_norm,2.213,0.23272048430604367
gyro_norm,2.235,0.368570067881077
gyro_norm,2.26,0.649015436220383
gyro_norm,2.279,0.8032429172036551
gyro_norm,2.301,0.7021312773962538
gyro_norm,2.323,0.6990442048839307
gyro_norm,2.345,1.3277259416064362
gyro_norm,2.367,0.9891432163668225
gyro_norm,2.388,0.8925757832480927
gyro_norm,2.411,1.3291976239056902
gyro_norm,2.432,1.2152706931985193
gyro_norm,2.456,0.9522533520746151
gyro_norm,2.481,0.9613179551502866
gyro_norm,2.498,0.9308052299248404
gyro_norm,2.52,0.714692161140105
gyro_norm,2.542,0.8453801710944553
gyro_norm,2.564,0.9362549503412
gyro_norm,2.585,0.76211035405046
gyro_norm,2.608,0.768229472891681
gyro_norm,2.63,0.7762476259818593
gyro_norm,2.651,0.6419221832339419
gyro_norm,2.673,0.26448968165912545
gyro_norm,2.695,0.33886842569751385
gyro_norm,2.717,0.5622142695276627
gyro_norm,2.741,0.3193295216365815
gyro_norm,2.76,0.40332212132321804
gyro_norm,2.784,0.6988386656557317
gyro_norm,2.805,1.1537071171434692
gyro_norm,2.826,1.3656742102238204
gyro_norm,2.848,0.663977493278624
gyro_norm,2.87,0.7446376365642404
gyro_norm,2.9,1.1625277970080827
gyro_norm,2.914,0.7954947356762938
gyro_norm,2.936,0.7916362439687565
gyro_norm,2.966,0.936018070073085
gyro_norm,2.979,0.7525251897893971
gyro_norm,3.001,0.7726537609769205
gyro_norm,3.023,0.8241273988927811
gyro_norm,3.045,0.745740824460695
gyro_norm,3.067,0.6445835972648297
gyro_norm,3.089,0.7994010104619834
gyro_norm,3.111,0.804203002434175
gyro_norm,3.138,0.5752204540795018
gyro_norm,3.155,0.3678920824378741
gyro_norm,3.176,0.45674968326954685
gyro_norm,3.198,0.5751764370409319
gyro_norm,3.22,0.4408503779161056
gyro_norm,3.243,0.46483426469968625
gyro_norm,3.264,1.485904079621327
gyro_norm,3.286,1.4438669085164855
gyro_norm,3.308,0.5154693148168921
gyro_norm,3.33,1.3539388793977254
gyro_norm,3.351,1.207953234707077
gyro_norm,3.377,0.8785260537736375
gyro_norm,3.395,0.880949611958704
gyro_norm,3.417,0.7314234993826361
gyro_norm,3.439,0.7734185364460073
gyro_norm,3.462,1.0041432956957188
gyro_norm,3.483,0.9398467421689027
gyro_norm,3.504,0.7782578282359857
gyro_norm,3.527,0.5870593643325881
gyro_norm,3.549,0.5651117413101354
gyro_norm,3.57,0.38910985066824927
gyro_norm,3.592,0.13579604502371656
gyro_norm,3.614,0.47622023018978693
gyro_norm,3.636,0.503259751603925
gyro_norm,3.657,0.7774916953645535
gyro_norm,3.68,0.9255418699552297
gyro_norm,3.701,0.757580916803155
gyro_norm,3.723,1.6588093919021136
gyro_norm,3.745,2.6677052012442832
gyro_norm,3.767,1.4049289223240717
gyro_norm,3.789,1.5108099114349531
gyro_norm,3.81,2.421696595283303
gyro_norm,3.837,1.344864842135336
gyro_norm,3.855,1.0698916395619082
gyro_norm,3.876,1.1912272787150942
gyro_norm,3.898,0.8889391051312244
gyro_norm,3.92,0.9082641437537661
gyro_norm,3.943,1.0820555737266433
gyro_norm,3.964,1.0834534175846753
gyro_norm,3.986,1.0275442951101523
gyro_norm,4.008,0.9045175464268217
gyro_norm,4.03,0.6854625448133878
gyro_norm,4.051,0.4659955862094424
gyro_norm,4.081,0.4650942433488272
gyro_norm,4.096,0.339103073454795
gyro_norm,4.117,0.19882692663341944
gyro_norm,4.139,0.48430349916763404
gyro_norm,4.161,0.5284567493657699
gyro_norm,4.184,0.6598642436787585
gyro_norm,4.205,1.6225943802412717
gyro_norm,4.226,1.5640038788106239
gyro_norm,4.248,0.7558377845306691
gyro_norm,4.27,1.2815145183947363
gyro_norm,4.298,1.0889020891946328
gyro_norm,4.322,0.7950958198848918
gyro_norm,4.336,1.081399624476143
gyro_norm,4.358,0.8432454273520462
gyro_norm,4.38,0.6131340169738744
gyro_norm,4.403,0.9251839739468216
gyro_norm,4.423,0.9751923521891552
gyro_norm,4.445,0.7736503359239157
gyro_norm,4.467,0.7769504399469408
gyro_norm,4.489,0.759400621695687
gyro_norm,4.511,0.49554748807404525
gyro_norm,4.533,0.3392672377328421
gyro_norm,4.558,0.2479161639285164
gyro_norm,4.576,0.26169264734872566
gyro_norm,4.598,0.471055400082084
gyro_norm,4.62,0.5244726962085086
gyro_norm,4.644,0.6437347125629949
gyro_norm,4.664,0.45107704770221574
gyro_norm,4.686,1.7072693560894505
gyro_norm,4.707,1.971004224932828
gyro_norm,4.73,0.8109484151834747
gyro_norm,4.751,0.5920487968568726
gyro_norm,4.773,0.9150209968440928
gyro_norm,4.796,0.5457265667141762
gyro_norm,4.823,0.4650941636977828
gyro_norm,4.839,0.6539465370105826
gyro_norm,4.863,0.7063744885566812
gyro_norm,4.884,0.6805222338444515
gyro_norm,4.904,0.7651951637993059
gyro_norm,4.927,0.782982891702354
gyro_norm,4.949,0.6924435953743235
gyro_norm,4.971,0.6872357974247301
gyro_norm,4.997,0.4655998595805588
gyro_norm,5.014,0.3785577291834893
gyro_norm,5.037,0.5452469453652343
gyro_norm,5.057,0.6118696300429884
gyro_norm,5.08,0.5448094787386236
gyro_norm,5.101,0.5076727660311448
gyro_norm,5.123,0.6032278226692258
gyro_norm,5.145,1.9336741163539466
gyro_norm,5.167,1.8743785705212455
gyro_norm,5.189,0.9389083453539411
gyro_norm,5.211,1.9156215093021223
gyro_norm,5.236,1.6955644429513994
gyro_norm,5.255,0.9213620781879586
gyro_norm,5.277,1.3667277861135554
gyro_norm,5.298,1.412522048535818
gyro_norm,5.321,0.8338214169848418
gyro_norm,5.343,1.3347150272391763
gyro_norm,5.365,1.6753774985084187
gyro_norm,5.386,1.1402264314604749
gyro_norm,5.408,0.7003333199799266
gyro_norm,5.429,0.48710082633363494
gyro_norm,5.451,0.3803083785137397
gyro_norm,5.48,0.3707653595858509
gyro_norm,5.495,0.13557001188807302
gyro_norm,5.521,0.32784994408616375
gyro_norm,5.539,0.5950759470161455
gyro_norm,5.561,0.633934215080275
gyro_norm,5.583,0.8834668251726333
gyro_norm,5.604,0.8297402179971629
gyro_norm,5.626,1.7978574942177454
gyro_norm,5.648,2.01544299987985
gyro_norm,5.67,1.0024343041139223
gyro_norm,5.695,1.488363345373924
gyro_norm,5.719,1.783242896087175
gyro_norm,5.736,1.0316791536873293
gyro_norm,5.758,0.8067581642846591
gyro_norm,5.78,0.932393458842237
gyro_norm,5.801,0.7847509456020355
gyro_norm,5.823,0.7597408958723326
gyro_norm,5.845,0.803889444230855
gyro_norm,5.867,0.7834069122373373
gyro_norm,5.889,0.6975362084201041
gyro_norm,5.911,0.6330827825602278
gyro_norm,5.933,0.6094325039286391
gyro_norm,5.962,0.327026686894986
gyro_norm,5.976,0.20644845937643347
gyro_norm,6.004,0.06461086133825325
gyro_norm,6.02,0.2520095753698306
gyro_norm,6.043,0.4003682905509776
gyro_norm,6.064,0.7881210577673817
gyro_norm,6.086,1.9991498850177114
gyro_norm,6.108,1.5596630338265827
gyro_norm,6.13,1.1063264091677731
gyro_norm,6.16,1.6951709125985581
gyro_norm,6.176,1.2244992266218955
gyro_norm,6.195,1.0148474865762416
gyro_norm,6.217,1.0585280820599978
gyro_norm,6.239,0.7607700119567401
gyro_norm,6.262,1.107045177114485
gyro_norm,6.283,1.3830628984213444
gyro_norm,6.305,1.0445422853242445
gyro_norm,6.326,0.5732712846349003
gyro_norm,6.348,0.7270066064367396
gyro_norm,6.37,0.6521973527232339
gyro_norm,6.392,0.5496315293462191
gyro_norm,6.421,0.4351957108672547
gyro_norm,6.436,0.3612221823374907
gyro_norm,6.458,0.35263541499054574
gyro_norm,6.485,0.4218589727635725
gyro_norm,6.501,0.5487623435220391
gyro_norm,6.523,0.7849803356378913
gyro_norm,6.545,0.8378735636151009
gyro_norm,6.567,1.2063465685636032
gyro_norm,6.589,1.9184624990511099
gyro_norm,6.611,1.1998635352298916
gyro_norm,6.633,0.7539027603551436
gyro_norm,6.662,0.9150842250050187
gyro_norm,6.676,0.5010576808908663
gyro_norm,6.702,0.39915341730395654
gyro_norm,6.72,0.4076895726417699
gyro_norm,6.743,0.37672622321502913
gyro_norm,6.764,0.4382179350483379
gyro_norm,6.786,0.5801008473362442
gyro_norm,6.808,0.7608550987822723
gyro_norm,6.83,0.7474130895220692
gyro_norm,6.852,0.6974277266431946
gyro_norm,6.876,0.654450604266701
gyro_norm,6.895,0.43842522516498866
gyro_norm,6.917,0.2507249175686282
gyro_norm,6.939,0.31075265805689317
gyro_norm,6.962,0.27106440663512515
gyro_norm,6.983,0.3128947233036763
gyro_norm,7.005,0.3921570284991466
gyro_norm,7.027,0.28340805451786494
gyro_norm,7.052,0.8705420284634087
gyro_norm,7.07,1.4084787870060114
gyro_norm,7.1,0.7105008357092503
gyro_norm,7.117,1.3732594561303164
gyro_norm,7.136,1.3571883831219456
gyro_norm,7.158,0.7837063893786027
gyro_norm,7.18,0.6012707269258859
gyro_norm,7.202,0.571090710834694
gyro_norm,7.223,0.542858810747433
gyro_norm,7.245,0.7047646644355628
gyro_norm,7.267,0.6972250805668561
gyro_norm,7.289,0.5394779359592937
gyro_norm,7.311,0.48980691317820485
gyro_norm,7.333,0.44887640477685853
gyro_norm,7.358,0.3769459162452519
gyro_norm,7.376,0.35579850887330194
gyro_norm,7.399,0.39206009822813603
gyro_norm,7.42,0.4594342175361133
gyro_norm,7.446,0.3383223458744014
gyro_norm,7.465,0.3126612290077866
gyro_norm,7.486,0.39578891567732694
gyro_norm,7.508,0.6042795213356666
gyro_norm,7.531,0.5303195756719411
gyro_norm,7.552,1.0626216764296696
gyro_norm,7.573,1.66693104338023
gyro_norm,7.595,0.6735292825940042
gyro_norm,7.617,1.377420725719671
gyro_norm,7.639,2.2146005240195383
gyro_norm,7.661,1.134427790759815
gyro_norm,7.683,0.5181435498673884
gyro_norm,7.704,1.0368258327255326
gyro_norm,7.727,0.6206703784060782
gyro_norm,7.748,0.5289173863261262
gyro_norm,7.77,0.8352057743117729
gyro_norm,7.794,0.486906307155638
gyro_norm,7.814,0.3676097113247539
gyro_norm,7.836,0.48770514556699324
gyro_norm,7.858,0.44511165966561045
gyro_norm,7.88,0.22275079382629154
gyro_norm,7.901,0.16708206101673126
gyro_norm,7.923,0.24550803803050142
gyro_norm,7.945,0.339183348995289
gyro_norm,7.968,0.39350495031579896
gyro_norm,7.989,0.44325179307442963
gyro_norm,8.011,0.5363152293144954
gyro_norm,8.033,0.5028825522544808
gyro_norm,8.055,0.8296899963339034
gyro_norm,8.077,1.5094081159194537
gyro_norm,8.098,1.1021981235500138
gyro_norm,8.12,1.3998244540809408
gyro_norm,8.143,1.6554424302349355
gyro_norm,8.164,0.6213511603875697
gyro_norm,8.186,1.1800413810126917
gyro_norm,8.208,1.4229279343580434
gyro_norm,8.23,0.7015145962177274
gyro_norm,8.252,0.7998595997418922
gyro_norm,8.274,1.2151239337944226
gyro_norm,8.295,0.6317637500115845
gyro_norm,8.317,0.4188044352890143
gyro_norm,8.339,0.6337462828001277
gyro_norm,8.361,0.517688943327852
gyro_norm,8.383,0.3140927109649221
gyro_norm,8.405,0.32677974900946155
gyro_norm,8.427,0.29739396032801096
gyro_norm,8.449,0.20700848705076128
gyro_norm,8.47,0.626324974238025
gyro_norm,8.503,0.9939783144021709
gyro_norm,8.514,0.6085370952661984
gyro_norm,8.537,0.1829188780072098
gyro_norm,8.568,0.4088891396016656
gyro_norm,8.58,0.19190057075799757
gyro_norm,8.603,0.5910867444413972
gyro_norm,8.624,0.9198709851369793
gyro_norm,8.646,0.6682235362597048
gyro_norm,8.668,0.27674515440494635
gyro_norm,8.69,0.35936716757986503
gyro_norm,8.712,0.5770891038742183
gyro_norm,8.733,0.7193097003272181
gyro_norm,8.76,0.5280558709134798
gyro_norm,8.777,0.2115904242329724
gyro_norm,8.799,0.4580900649846256
gyro_norm,8.821,0.19711242621523478
gyro_norm,8.848,0.32513376577307845
gyro_norm,8.864,0.2538889726734757
gyro_norm,8.887,0.09656507307635269
gyro_norm,8.908,0.14845349113678136
gyro_norm,8.93,0.4132309694431358
gyro_norm,8.952,0.7754784447867702
gyro_norm,8.974,0.7911725684549912
gyro_norm,8.996,0.44236988636394187
gyro_norm,9.017,0.17957697623124494
gyro_norm,9.039,0.17444829438400689
gyro_norm,9.062,0.19463521972222902
gyro_norm,9.083,0.1543679691140535
gyro_norm,9.105,0.30201086603878086
gyro_norm,9.132,0.2253855715232365
gyro_norm,9.157,0.3792656446292426
gyro_norm,9.171,0.43967120986381336
gyro_norm,9.193,0.3628543227258816
gyro_norm,9.215,0.14278768033469186
gyro_norm,9.236,0.1570281908124744
gyro_norm,9.258,0.24559299453449318
gyro_norm,9.282,0.27231991493136365
gyro_norm,9.303,0.2258472703079495
gyro_norm,9.324,0.23812225887676108
gyro_norm,9.346,0.23401927852791032
gyro_norm,9.368,0.22279979173917416
gyro_norm,9.39,0.3391024199806228
gyro_norm,9.412,0.449591920466424
gyro_norm,9.433,0.4416227758002045
gyro_norm,9.456,0.36735661273851067
gyro_norm,9.477,0.3246740284696477
gyro_norm,9.499,0.3579559319404532
gyro_norm,9.521,0.18597911451621446
gyro_norm,9.543,0.11857554476400078
gyro_norm,9.565,0.0836250518422932
gyro_norm,9.587,0.16500855924186547
gyro_norm,9.609,0.22565118369892723
gyro_norm,9.63,0.33623019437719814
gyro_norm,9.661,0.6598476333270042
gyro_norm,9.678,0.6807026730665172
gyro_norm,9.696,0.8952895001111412
gyro_norm,9.718,0.6271220381563841
gyro_norm,9.74,0.4731463465497601
gyro_norm,9.762,0.9259416626390625
gyro_norm,9.784,1.0928469186187837
gyro_norm,9.805,1.029398540430372
gyro_norm,9.827,0.9509634772605934
gyro_norm,9.849,0.5624490335266134
gyro_norm,9.871,0.8224757859863523
gyro_norm,9.893,0.9012698795053266
gyro_norm,9.915,0.6206370870128306
gyro_norm,9.939,0.7721965557486776
gyro_norm,9.958,0.8386787000490934
gyro_norm,9.983,0.5149869306386049
gyro_norm,10.003,0.08517361407035494
gyro_norm,10.024,0.45059642474562533
gyro_norm,10.046,0.7689344677623525
gyro_norm,10.067,0.3405394388858152
gyro_norm,10.09,0.16377770075187464
gyro_norm,10.111,0.2855323910290176
gyro_norm,10.142,0.527994076318293
gyro_norm,10.156,0.28252103721560085
gyro_norm,10.177,1.0219069598923378
gyro_norm,10.199,0.7203731967841931
gyro_norm,10.221,0.5216484903899491
gyro_norm,10.243,0.9226879295255046
gyro_norm,10.265,0.9932456209672206
gyro_norm,10.287,0.8109636590998748
gyro_norm,10.308,0.49772982832511625
gyro_norm,10.33,0.7064193773839554
gyro_norm,10.354,0.5659725517033363
gyro_norm,10.375,0.6092774592710298
gyro_norm,10.396,0.7924670553797594
gyro_norm,10.418,0.749319411887709
gyro_norm,10.441,0.6047168382746302
gyro_norm,10.461,0.47365193317489174
gyro_norm,10.483,0.3152997333153089
gyro_norm,10.505,0.15439010179620163
gyro_norm,10.527,0.20799171641208195
gyro_norm,10.549,0.18876580202196025
gyro_norm,10.571,0.3226817633049768
gyro_norm,10.597,0.5078254580374474
gyro_norm,10.614,0.4355010097231648
gyro_norm,10.636,0.48932105123314096
gyro_norm,10.658,0.8219095294157037
gyro_norm,10.68,0.8921408565752159
gyro_norm,10.703,0.7432068318524245
gyro_norm,10.724,1.057847672839854
gyro_norm,10.745,0.9268933282092517
gyro_norm,10.767,0.4480505832110649
gyro_norm,10.789,0.3877045828882079
gyro_norm,10.811,0.2782964872202479
gyro_norm,10.852,0.3561206087952559
gyro_norm,10.873,0.28021591239553345
gyro_norm,10.893,0.17318218513378794
gyro_norm,10.914,0.5019534450751865
gyro_norm,10.935,0.45428737110905826
gyro_norm,10.955,0.4137994979207506
gyro_norm,10.976,0.7389215401134431
gyro_norm,10.998,0.562901790962899
gyro_norm,11.018,0.20079787023718706
gyro_norm,11.039,0.7088929388823644
gyro_norm,11.06,0.7090512668605716
gyro_norm,11.08,0.40508172103277
gyro_norm,11.102,0.7902700844025233
gyro_norm,11.123,0.46520012228276647
gyro_norm,11.143,1.150976909247887
gyro_norm,11.164,1.2067446187818665
gyro_norm,11.185,1.0320063930696648
gyro_norm,11.205,0.7303995589313448
gyro_norm,11.226,0.3164886203149216
gyro_norm,11.247,0.8288425940396114
gyro_norm,11.267,0.46586996724198054
gyro_norm,11.305,0.9445830814897829
gyro_norm,11.328,0.7114630767733985
gyro_norm,11.349,0.4772909012085142
gyro_norm,11.371,0.609295102657798
gyro_norm,11.393,0.5001820012160603
gyro_norm,11.415,0.27996993167259493
gyro_norm,11.437,0.3014336393952508
gyro_norm,11.459,0.21702062137130684
gyro_norm,11.481,0.3255966657263621
gyro_norm,11.503,0.3941878632554246
gyro_norm,11.525,0.18259992138118367
gyro_norm,11.546,0.55330747268669
gyro_norm,11.568,0.6053630170722308
gyro_norm,11.59,0.5230419761064525
gyro_norm,11.612,0.6673196593371714
gyro_norm,11.634,0.5538631597199971
gyro_norm,11.656,1.0122274073993467
gyro_norm,11.678,1.5073779225589024
gyro_norm,11.699,1.1526742884830496
gyro_norm,11.721,0.5648738251004777
gyro_norm,11.744,0.6551934750485287
gyro_norm,11.765,0.6786037241888135
gyro_norm,11.787,0.6992808701586523
gyro_norm,11.809,0.6235676067319047
gyro_norm,11.831,0.3512349346685772
gyro_norm,11.853,0.3485491653409219
gyro_norm,11.875,0.6452725317856439
gyro_norm,11.896,0.49842135246294583
gyro_norm,11.918,0.30512569157756253
gyro_norm,11.94,0.511682944386801
gyro_norm,11.963,0.2935992126616549
gyro_norm,11.984,0.3693382990401568
gyro_norm,12.006,0.5101479096491278
gyro_norm,12.028,0.3432317405822676
gyro_norm,12.049,0.4601109067846848
gyro_norm,12.071,0.8094736789371456
gyro_norm,12.094,1.03480515099234
gyro_norm,12.115,0.8288834174179713
gyro_norm,12.137,0.9407249993927984
gyro_norm,12.159,0.5424968496580073
gyro_norm,12.181,0.5147781285324334
gyro_norm,12.203,0.5653006985021892
gyro_norm,12.225,0.8439536971986722
gyro_norm,12.247,0.5085035709590034
gyro_norm,12.268,0.5710794305215597
gyro_norm,12.29,0.8008208542143924
gyro_norm,12.314,0.46925015595168057
gyro_norm,12.334,0.35842051687259674
gyro_norm,12.356,0.5666504515090665
gyro_norm,12.378,0.3270693507411917
gyro_norm,12.4,0.3990466857063469
gyro_norm,12.421,0.3438751870395033
gyro_norm,12.443,0.07407695648906391
gyro_norm,12.465,0.33473414636122323
gyro_norm,12.487,0.4367271249891295
gyro_norm,12.509,0.34800496175126583
gyro_norm,12.531,0.21798363986778022
gyro_norm,12.555,0.31491687944178637
gyro_norm,12.575,0.9597729946660706
gyro_norm,12.596,1.0590901041985834
gyro_norm,12.618,0.9616023343665596
gyro_norm,12.64,1.2521263714634716
gyro_norm,12.663,1.2219796575241382
gyro_norm,12.684,0.4469846537467417
gyro_norm,12.706,0.915637750058484
gyro_norm,12.728,1.1861787023473591
gyro_norm,12.75,0.7478853798049809
gyro_norm,12.772,0.5636676248067048
gyro_norm,12.794,0.7734153792483319
gyro_norm,12.815,0.4146571310158809
gyro_norm,12.837,0.389287537512294
gyro_norm,12.859,0.612716125890988
gyro_norm,12.881,0.3717443560525251
gyro_norm,12.903,0.4265337888728543
gyro_norm,12.925,0.5580879722706392
gyro_norm,12.947,0.3035389921166795
gyro_norm,12.969,0.16769990620509118
gyro_norm,12.99,0.30353512725655
gyro_norm,13.012,0.29226517448010325
gyro_norm,13.035,0.38346378993528096
gyro_norm,13.056,0.4048113412977771
gyro_norm,13.081,0.3137158247552613
gyro_norm,13.1,0.441086344379264
gyro_norm,13.122,0.24581193704919535
gyro_norm,13.144,0.37953323377537007
gyro_norm,13.166,0.554628167847721
gyro_norm,13.191,0.4521652443390728
gyro_norm,13.209,0.4077172965570189
gyro_norm,13.231,0.4043648442455108
gyro_norm,13.253,0.48985307532806815
gyro_norm,13.277,0.4339104975810174
gyro_norm,13.297,0.48864916482878334
gyro_norm,13.319,0.5424413430281565
gyro_norm,13.341,0.586819994965744
gyro_norm,13.364,0.5888950605071203
gyro_norm,13.384,0.4948786102896888
gyro_norm,13.406,0.5154763113359444
gyro_norm,13.428,0.4916362074456273
gyro_norm,13.45,0.4366543260401882
gyro_norm,13.476,0.41318885309324666
gyro_norm,13.494,0.23840503880112857
gyro_norm,13.516,0.13154406219610726
gyro_norm,13.538,0.06621370037692333
gyro_norm,13.56,0.2843123126852724
gyro_norm,13.584,0.37480852565007944
gyro_norm,13.603,0.261567315197168
gyro_norm,13.625,0.11192211567210816
gyro_norm,13.647,0.039711200949270276
gyro_norm,13.669,0.18401535174633107
gyro_norm,13.69,0.342454345251367
gyro_norm,13.712,0.36857686425965597
gyro_norm,13.734,0.28830552065578596
gyro_norm,13.763,0.18321653601224297
gyro_norm,13.778,0.13878751842057724
gyro_norm,13.8,0.0821913984569864
gyro_norm,13.822,0.06755322735005384
gyro_norm,13.843,0.09273130713703127
gyro_norm,13.865,0.1128468258874775
gyro_norm,13.887,0.09974180190065256
gyro_norm,13.909,0.10957682249177997
gyro_norm,13.931,0.13046835538748142
gyro_norm,13.953,0.12401354390703245
gyro_norm,13.975,0.08166661956000983
gyro_norm,13.997,0.1304151578614502
gyro_norm,14.019,0.1328601014288271
gyro_norm,14.041,0.12155221375051771
gyro_norm,14.063,0.20134603969048256
gyro_norm,14.084,0.23503537748597167
gyro_norm,14.106,0.2051814755698672
gyro_norm,14.129,0.20259655165569954
gyro_norm,14.15,0.1457607033188212
gyro_norm,14.172,0.11761973051610451
gyro_norm,14.194,0.3425797072690649
gyro_norm,14.217,0.515001298290322
gyro_norm,14.237,0.44908710511848876
gyro_norm,14.259,0.21687474015991465
gyro_norm,14.281,0.3037004420439419
gyro_norm,14.303,0.3805751972848179
gyro_norm,14.325,0.2626196812838102
gyro_norm,14.347,0.19260612102672262
gyro_norm,14.369,0.21752174262074728
gyro_norm,14.391,0.22626181549930366
gyro_norm,14.413,0.20444272726855903
gyro_norm,14.435,0.20212200314409903
gyro_norm,14.456,0.2418720811201393
gyro_norm,14.478,0.2202988112212292
gyro_norm,14.5,0.205511581003669
gyro_norm,14.523,0.2354806496030648
gyro_norm,14.543,0.298894929789473
gyro_norm,14.566,0.35133601383136465
gyro_norm,14.587,0.33617279688675167
gyro_norm,14.61,0.3360052366512548
gyro_norm,14.631,0.38499686441757447
gyro_norm,14.653,0.246520931470473
gyro_norm,14.675,0.16722227600382134
gyro_norm,14.697,0.1461452428378535
gyro_norm,14.718,0.2789416020940162
gyro_norm,14.74,0.37097127219507015
gyro_norm,14.763,0.21105405210280237
gyro_norm,14.784,0.28636343708908507
gyro_norm,14.806,0.30282265888334947
gyro_norm,14.828,0.1969481243749081
gyro_norm,14.85,0.12325124077820435
gyro_norm,14.871,0.15656903471852088
gyro_norm,14.893,0.27634703546559825
gyro_norm,14.915,0.39123716624619764
gyro_norm,14.937,0.4555820130613308
gyro_norm,14.962,0.41074778487469393
gyro_norm,14.981,0.19877548717295213
gyro_norm,15.003,0.0846532737973676
gyro_norm,15.025,0.10468458134672047
gyro_norm,15.046,0.1923876761745307
gyro_norm,15.068,0.2178365780635642
gyro_norm,15.09,0.11269885853554996
gyro_norm,15.113,0.07055306240266514
gyro_norm,15.134,0.1369919590861322
gyro_norm,15.156,0.08164390877319973
gyro_norm,15.178,0.050500131813696565
gyro_norm,15.2,0.13986153358452638
gyro_norm,15.223,0.13361471728634758
gyro_norm,15.243,0.06238302156988588
gyro_norm,15.265,0.04160220125847974
gyro_norm,15.287,0.09126360936614873
gyro_norm,15.309,0.19856847038319314
gyro_norm,15.331,0.16524688698181692
gyro_norm,15.353,0.11484644235162136
gyro_norm,15.375,0.07948830122587508
gyro_norm,15.397,0.14010835326950336
gyro_norm,15.418,0.33482919812486883
gyro_norm,15.44,0.2723233277659344
gyro_norm,15.463,0.1367923748845791
gyro_norm,15.484,0.12654230573838737
gyro_norm,15.506,0.3703765895468437
gyro_norm,15.528,0.45175663524778825
gyro_norm,15.55,0.36214422629088455
gyro_norm,15.572,0.3827052242580211
gyro_norm,15.594,0.5468160608429303
gyro_norm,15.615,0.5575775408760142
gyro_norm,15.637,0.4784850762782544
gyro_norm,15.659,0.696191602622662
gyro_norm,15.681,0.39500728761543086
gyro_norm,15.703,0.2651030053636128
gyro_norm,15.725,0.4634112314419827
gyro_norm,15.747,0.3193147687636665
gyro_norm,15.769,0.2876260565780501
gyro_norm,15.79,0.14322181789385757
gyro_norm,15.812,0.17111009352640494
gyro_norm,15.834,0.26681927381205073
gyro_norm,15.856,0.21831664598054182
gyro_norm,15.878,0.15283268030823774
gyro_norm,15.9,0.3244408533461443
gyro_norm,15.923,0.38640908690132475
gyro_norm,15.944,0.6632207573966524
gyro_norm,15.965,0.843254795786739
gyro_norm,15.987,0.6405261903980914
gyro_norm,16.009,0.38667274188937506
gyro_norm,16.031,0.8699527911424125
gyro_norm,16.053,0.9669789591465191
gyro_norm,16.077,0.5944183545241287
gyro_norm,16.097,0.4854446699494997
gyro_norm,16.119,0.8036327957356543
gyro_norm,16.14,0.426873280681067
gyro_norm,16.163,0.18317720564707884
gyro_norm,16.184,0.4119889391362624
gyro_norm,16.206,0.38563128015646786
gyro_norm,16.228,0.3374017834594955
gyro_norm,16.25,0.22782189821832058
gyro_norm,16.272,0.1552691159435718
gyro_norm,16.294,0.21119252512181294
gyro_norm,16.315,0.20523113982424646
gyro_norm,16.337,0.17545495567469596
gyro_norm,16.359,0.32534394983746395
gyro_norm,16.381,0.39812741689888
gyro_norm,16.403,0.402264703810881
gyro_norm,16.425,0.6227532211828981
gyro_norm,16.447,0.44253931971278765
gyro_norm,16.469,0.5335443915610278
gyro_norm,16.49,0.7928763279247826
gyro_norm,16.512,0.6040928674382902
gyro_norm,16.534,0.21207947674961672
gyro_norm,16.558,0.38391190486321314
gyro_norm,16.578,0.6738462163424667
gyro_norm,16.6,0.4792804869149013
gyro_norm,16.623,0.5279457519674599
gyro_norm,16.644,0.6003538378987756
gyro_norm,16.665,0.24679744690705435
gyro_norm,16.687,0.4590848426450158
gyro_norm,16.709,0.7425607512872339
gyro_norm,16.731,0.5183300228339027
gyro_norm,16.753,0.19436147343948418
gyro_norm,16.775,0.24600905241166224
gyro_norm,16.797,0.23356063429534707
gyro_norm,16.819,0.3747856405108122
gyro_norm,16.841,0.34157480166671594
gyro_norm,16.863,0.23613869378593694
gyro_norm,16.884,0.610609645531825
gyro_norm,16.906,0.976123183180485
gyro_norm,16.928,0.9050586053556114
gyro_norm,16.95,0.5764528625524178
gyro_norm,16.972,0.997174263677522
gyro_norm,16.994,0.9214026482755298
gyro_norm,17.016,0.5683108472983915
gyro_norm,17.037,0.32159409399566996
gyro_norm,17.059,0.7931770774075294
gyro_norm,17.081,0.9731898743401567
gyro_norm,17.103,0.6810846230649132
gyro_norm,17.125,0.5708417017143868
gyro_norm,17.147,0.6676592310065714
gyro_norm,17.169,0.6162815298049924
gyro_norm,17.191,0.5867399972664643
gyro_norm,17.213,0.4994194487264458
gyro_norm,17.234,0.383860997768532
gyro_norm,17.256,0.46047903258431716
gyro_norm,17.278,0.5069317766074958
gyro_norm,17.3,0.49201264776275094
gyro_norm,17.323,0.28105422165453575
gyro_norm,17.344,0.23234582565206505
gyro_norm,17.366,0.3367332546061911
gyro_norm,17.388,0.31544955827080773
gyro_norm,17.409,0.44263680402142763
gyro_norm,17.431,0.6537348517850337
gyro_norm,17.453,0.7071829162958456
gyro_norm,17.475,0.7036515420979977
gyro_norm,17.497,1.080360119975693
gyro_norm,17.519,1.097683709297201
gyro_norm,17.541,0.4138812784561689
gyro_norm,17.563,0.46528263925954905
gyro_norm,17.584,0.7373703115214396
gyro_norm,17.607,0.6565904779599748
gyro_norm,17.628,0.4638561861143012
gyro_norm,17.65,0.38176853547822737
gyro_norm,17.674,0.09881540139692781
gyro_norm,17.694,0.5489600930462605
gyro_norm,17.716,0.5985531413661185
gyro_norm,17.738,0.27776977491078775
gyro_norm,17.759,0.5006463150067753
gyro_norm,17.781,0.6120296605997416
gyro_norm,17.803,0.4562957108242612
gyro_norm,17.825,0.5180146407089475
gyro_norm,17.847,0.3791924528620751
gyro_norm,17.869,0.9558219232035854
gyro_norm,17.891,1.3880857790175685
gyro_norm,17.913,0.7844237207455389
gyro_norm,17.935,1.1805757415927802
gyro_norm,17.956,1.969113483821032
gyro_norm,17.978,1.345829611944544
gyro_norm,18.0,0.7502097798361395
gyro_norm,18.023,0.919874939047056
gyro_norm,18.044,1.1251182905978876
gyro_norm,18.066,0.8953858854819164
gyro_norm,18.088,0.4410891430844956
gyro_norm,18.109,0.5803489729310939
gyro_norm,18.131,0.7367236829612921
gyro_norm,18.158,0.49186657733241806
gyro_norm,18.175,0.3188052939243718
gyro_norm,18.197,0.4138045490844171
gyro_norm,18.219,0.670521573467886
gyro_norm,18.241,0.8300719915642032
gyro_norm,18.263,0.5966170503661996
gyro_norm,18.285,0.12341055746389967
gyro_norm,18.307,0.5829080853767427
gyro_norm,18.328,0.697008172506209
gyro_norm,18.35,0.3808769346554394
gyro_norm,18.375,0.46362356127517945
gyro_norm,18.394,0.6208589594404774
gyro_norm,18.416,0.2930422737790034
gyro_norm,18.438,0.9673197007400679
gyro_norm,18.46,1.2979748184234334
gyro_norm,18.482,0.8956684940765651
gyro_norm,18.504,0.47433867880354286
gyro_norm,18.525,0.8230110266945355
gyro_norm,18.547,0.8432472949704436
gyro_norm,18.569,0.6980407889826227
gyro_norm,18.591,0.48992008629973816
gyro_norm,18.613,0.3727690967295155
gyro_norm,18.635,0.4570791719067626
gyro_norm,18.656,0.8788233552415005
gyro_norm,18.678,0.830608441788655
gyro_norm,18.701,0.29978096099669377
gyro_norm,18.723,0.4451132745226212
gyro_norm,18.744,0.6093939990564574
gyro_norm,18.766,0.4036744402456519
gyro_norm,18.788,0.3338146187834723
gyro_norm,18.81,0.46473144164742636
gyro_norm,18.831,0.38510701612154924
gyro_norm,18.853,0.44880007965329793
gyro_norm,18.875,0.7481974536858125
gyro_norm,18.897,0.8290256468445779
gyro_norm,18.919,0.854525862536969
gyro_norm,18.941,0.6979438469888165
gyro_norm,18.963,0.37997413864242396
gyro_norm,18.985,0.3319813391460707
gyro_norm,19.007,0.3120344627614594
gyro_norm,19.029,0.4991813220214036
gyro_norm,19.05,0.202403411324459
gyro_norm,19.072,0.3220994549832303
gyro_norm,19.099,0.46434204704375975
gyro_norm,19.116,0.19384798193419975
gyro_norm,19.138,0.18538771739233834
gyro_norm,19.16,0.21977664688052126
gyro_norm,19.183,0.3666111966950641
gyro_norm,19.203,0.3552910782533462
gyro_norm,19.225,0.2501295943062672
gyro_norm,19.247,0.2071994044996264
gyro_norm,19.269,0.22909730831571784
gyro_norm,19.291,0.24730297975106344
gyro_norm,19.313,0.31970140118022683
gyro_norm,19.335,0.18992455979904313
gyro_norm,19.357,0.29044906141199717
gyro_norm,19.378,0.46357343896612424
gyro_norm,19.4,1.313653023042056
gyro_norm,19.423,1.694014173797076
gyro_norm,19.444,0.9504807482455058
gyro_norm,19.466,0.6822818916807204
gyro_norm,19.488,1.2662202865532255
gyro_norm,19.51,1.1502338998894828
gyro_norm,19.532,1.0115092917084378
gyro_norm,19.554,0.6463145792676204
gyro_norm,19.575,0.7609461395578334
gyro_norm,19.598,0.34149861214082033
gyro_norm,19.619,0.8184255622021057
gyro_norm,19.641,0.9460902989125756
gyro_norm,19.663,0.3636858870482135
gyro_norm,19.685,0.5867077458893162
gyro_norm,19.707,0.9058350417448839
gyro_norm,19.729,0.531042677475344
gyro_norm,19.75,0.13187687103620324
gyro_norm,19.772,0.6039592517571805
gyro_norm,19.794,0.49481186747396244
gyro_norm,19.816,0.3079502678453672
gyro_norm,19.838,0.36726266522797985
gyro_norm,19.86,0.26778601112664574
gyro_norm,19.883,1.0137420227459581
gyro_norm,19.903,1.1351012551438588
gyro_norm,19.926,1.0160497228387841
gyro_norm,19.947,0.6393538280029814
gyro_norm,19.969,0.8021815864894379
gyro_norm,19.991,1.0311651651695914
gyro_norm,20.013,0.4799427923062864
gyro_norm,20.035,0.47565003779956044
gyro_norm,20.057,0.48534092795626094
gyro_norm,20.081,0.4659787577407641
gyro_norm,20.1,0.8066865508622907
gyro_norm,20.123,0.7824595423835484
gyro_norm,20.144,0.4603821044150207
gyro_norm,20.166,0.1713647145357947
gyro_norm,20.188,0.2397899993181728
gyro_norm,20.21,0.4679325001657754
gyro_norm,20.232,0.6739790678923571
gyro_norm,20.253,0.6256538337314246
gyro_norm,20.275,0.34045371758903015
gyro_norm,20.297,0.6038658229503706
gyro_norm,20.319,0.9063320053329859
gyro_norm,20.341,0.6753384865888434
gyro_norm,20.363,0.36463792684699164
gyro_norm,20.385,0.5794565539751425
gyro_norm,20.407,1.0848622660650222
gyro_norm,20.429,0.985690582732958
gyro_norm,20.45,0.3002304132984755
gyro_norm,20.472,0.7134672792124244
gyro_norm,20.494,1.2387740138676384
gyro_norm,20.516,0.7987638864991142
gyro_norm,20.538,0.8348018458510189
gyro_norm,20.563,0.6206352398238263
gyro_norm,20.583,0.48845757111482957
gyro_norm,20.604,0.3613554284987392
gyro_norm,20.626,0.7270721442134556
gyro_norm,20.647,0.5823474584079819
gyro_norm,20.669,0.14968843792871628
gyro_norm,20.691,0.26391567096886404
gyro_norm,20.713,0.226555288694168
gyro_norm,20.735,0.2023339771098328
gyro_norm,20.757,0.6029857715434809
gyro_norm,20.779,0.8150870928713795
gyro_norm,20.8,0.7648534697836985
gyro_norm,20.823,0.7333867185804314
gyro_norm,20.844,0.4628547799453202
gyro_norm,20.866,0.8809723283465006
gyro_norm,20.888,1.029748786659773
gyro_norm,20.91,0.9127139891156583
gyro_norm,20.933,0.35573122223107967
gyro_norm,20.954,0.5859928536058409
gyro_norm,20.978,0.7542206433396421
gyro_norm,20.998,0.8071268476964085
gyro_norm,21.02,0.6702625863654534
gyro_norm,21.041,0.7897560107035815
gyro_norm,21.063,0.4958891051740872
gyro_norm,21.085,0.17937971731367752
gyro_norm,21.107,0.2928165609740152
gyro_norm,21.129,0.28720359766449305
gyro_norm,21.15,0.3232856065609692
gyro_norm,21.172,0.40916684199004016
gyro_norm,21.2,0.3409096416300602
gyro_norm,21.216,0.29350067148283676
gyro_norm,21.238,0.23580557476765276
gyro_norm,21.26,0.20937233508729253
gyro_norm,21.283,0.15435142544835043
gyro_norm,21.304,0.14762340804944463
gyro_norm,21.326,0.3186715620771543
gyro_norm,21.348,0.39968317886077726
gyro_norm,21.37,0.29863143408004783
gyro_norm,21.391,0.10162239104449675
gyro_norm,21.413,0.23346550408824193
gyro_norm,21.435,0.22832971636468025
gyro_norm,21.462,0.49217668681594867
gyro_norm,21.479,1.0776910261025099
gyro_norm,21.501,1.0881239089913417
gyro_norm,21.523,0.7002154885645653
gyro_norm,21.545,0.46332608903950423
gyro_norm,21.566,0.8290755758527785
gyro_norm,21.588,0.7983980946857823
gyro_norm,21.61,0.6268463172937865
gyro_norm,21.632,0.9901715140779485
gyro_norm,21.661,0.7591796404742975
gyro_norm,21.68,0.2032783303561755
gyro_norm,21.698,0.3540066787252673
gyro_norm,21.72,0.5017313193631501
gyro_norm,21.742,0.2847725260836697
gyro_norm,21.763,0.39460164414065296
gyro_norm,21.785,0.593947639811386
gyro_norm,21.807,0.5218193579821082
gyro_norm,21.829,0.33837941686168727
gyro_norm,21.851,0.6797072960047447
gyro_norm,21.873,0.051452669449152354
gyro_norm,21.895,0.35303348829835807
gyro_norm,21.916,0.09271734758119095
gyro_norm,21.947,0.5167783502813595
gyro_norm,21.96,0.3020445289124758
gyro_norm,21.983,0.24723752560200826
gyro_norm,22.004,0.3288651735799522
gyro_norm,22.026,0.2686385420426996
gyro_norm,22.048,0.2314771559083885
gyro_norm,22.069,0.18981400315520164
gyro_norm,22.091,0.2584564972916765
gyro_norm,22.113,0.36612617099871325
gyro_norm,22.135,0.38535142254316773
gyro_norm,22.165,0.30087141104344106
gyro_norm,22.179,0.3352925025957993
gyro_norm,22.2,0.3253327780336936
gyro_norm,22.223,0.25346766231571755
gyro_norm,22.245,0.47843278170424997
gyro_norm,22.266,0.7281196740679216
gyro_norm,22.288,0.6842445084488863
gyro_norm,22.31,0.4086396129490435
gyro_norm,22.332,0.24443103180771258
gyro_norm,22.354,0.18288368272555386
gyro_norm,22.376,0.16568545292250134
gyro_norm,22.398,0.31259665697587924
gyro_norm,22.42,0.3808017354145439
gyro_norm,22.441,0.40993862280131177
gyro_norm,22.464,0.41518430276456747
gyro_norm,22.486,0.3351413927696765
gyro_norm,22.507,0.20811139222729017
gyro_norm,22.529,0.395561021164278
gyro_norm,22.551,0.49767718127554145
gyro_norm,22.573,0.4426051688355281
gyro_norm,22.595,0.4304729385180135
gyro_norm,22.617,0.8551051991678676
gyro_norm,22.639,0.8424400595005955
gyro_norm,22.66,0.24008180234844614
gyro_norm,22.683,0.7855047721923943
gyro_norm,22.704,1.2021372088248519
gyro_norm,22.726,0.7051241218209736
gyro_norm,22.748,0.17012700749810522
gyro_norm,22.77,0.21423317934273128
gyro_norm,22.791,0.3461534833124269
gyro_norm,22.814,0.5334178422036593
gyro_norm,22.835,0.5435819318129981
gyro_norm,22.858,0.35862966076111125
gyro_norm,22.879,0.22356237251235767
gyro_norm,22.901,0.14348464668644592
gyro_norm,22.923,0.07213411654423083
gyro_norm,22.945,0.1356155116198135
gyro_norm,22.967,0.1645068179767812
gyro_norm,22.988,0.1404402080825203
gyro_norm,23.01,0.24829235314635908
gyro_norm,23.032,0.40484210814369226
gyro_norm,23.054,0.3699896160508497
gyro_norm,23.076,0.29488187881095335
gyro_norm,23.101,0.2948421716169459
gyro_norm,23.12,0.5199212411392087
gyro_norm,23.143,0.4528125953699213
gyro_norm,23.163,0.4879338991286858
gyro_norm,23.185,0.5250525054551788
gyro_norm,23.207,0.3939337887665948
gyro_norm,23.229,0.7649841898255981
gyro_norm,23.251,1.1555857033180759
gyro_norm,23.279,0.8377953506795087
gyro_norm,23.294,0.7794596701939185
gyro_norm,23.317,0.8891692702411441
gyro_norm,23.338,1.0306413271831105
gyro_norm,23.36,0.4530189667234922
gyro_norm,23.383,0.24628898982230207
gyro_norm,23.404,0.4625926884605177
gyro_norm,23.426,0.2854936099286275
gyro_norm,23.448,0.38294026144842674
gyro_norm,23.47,0.5238521469390818
gyro_norm,23.495,0.2978885815819687
gyro_norm,23.516,0.09737558519488097
gyro_norm,23.535,0.3036723320419201
gyro_norm,23.557,0.3682562746534164
gyro_norm,23.579,0.42793825063052054
gyro_norm,23.608,0.4188518589503837
gyro_norm,23.623,0.33647828219611203
gyro_norm,23.645,0.3145258862871056
gyro_norm,23.667,0.3446080073742852
gyro_norm,23.688,0.95000808527626
gyro_norm,23.71,1.1512414823939963
gyro_norm,23.732,0.9024446809859148
gyro_norm,23.754,0.23215553931221666
gyro_norm,23.776,0.7084374753746069
gyro_norm,23.798,0.7638642548014946
gyro_norm,23.824,0.3550771172352185
gyro_norm,23.842,0.3246772965839673
gyro_norm,23.863,0.30788818843735766
gyro_norm,23.885,0.1413186082025532
gyro_norm,23.907,0.2886681057583234
gyro_norm,23.929,0.27127175570550516
gyro_norm,23.951,0.2656541044322529
gyro_norm,23.973,0.20641270624190902
gyro_norm,23.996,0.1487328744102299
gyro_norm,24.017,0.21349380971395127
gyro_norm,24.039,0.14535758226274176
gyro_norm,24.06,0.12023954747414116
gyro_norm,24.083,0.2749909878853198
gyro_norm,24.104,0.3661101642379313
gyro_norm,24.126,0.680699553995322
gyro_norm,24.148,0.8254138773659294
gyro_norm,24.17,0.8202523471564028
gyro_norm,24.192,0.6321837059301747
gyro_norm,24.214,0.4561826923720805
gyro_norm,24.237,0.5045175405861413
gyro_norm,24.258,0.6605676030097211
gyro_norm,24.279,0.6771259505492245
gyro_norm,24.301,0.3568342474418285
gyro_norm,24.323,0.43120076017418996
gyro_norm,24.345,0.9824998067434332
gyro_norm,24.367,0.9801042823196229
gyro_norm,24.389,0.4783935753881996
gyro_norm,24.411,0.4592252130325614
gyro_norm,24.433,0.5119503960547389
gyro_norm,24.455,0.223401028517967
gyro_norm,24.479,0.3885258393487105
gyro_norm,24.498,0.4370616984369128
gyro_norm,24.52,0.2584217936312048
gyro_norm,24.543,0.17904650339769465
gyro_norm,24.564,0.19742234863614622
gyro_norm,24.586,0.16214936092683496
gyro_norm,24.607,0.17335010140985246
gyro_norm,24.629,0.11765868643980999
gyro_norm,24.651,0.15271894211978188
gyro_norm,24.673,0.2708188704835741
gyro_norm,24.695,0.24070498649855035
gyro_norm,24.726,0.08128992756859556
gyro_norm,24.739,0.1456409735527698
gyro_norm,24.761,0.049653434121495345
gyro_norm,24.783,0.24782449699347442
gyro_norm,24.804,0.484668594810313
gyro_norm,24.826,0.4561438443435053
gyro_norm,24.848,0.7178509913219772
gyro_norm,24.87,0.5590011354032721
gyro_norm,24.898,0.36702722231058665
gyro_norm,24.914,0.7395490237408795
gyro_norm,24.936,0.4645811461880019
gyro_norm,24.964,0.4226201446024125
gyro_norm,24.979,0.41880911712044655
gyro_norm,25.001,0.4032705996327233
gyro_norm,25.023,0.5725422414460455
gyro_norm,25.045,0.16719466517998466
gyro_norm,25.067,0.15972552330438802
gyro_norm,25.089,0.18633810278166588
gyro_norm,25.111,0.2158675208614642
gyro_norm,25.132,0.3449116143250859
gyro_norm,25.154,0.3867639269719618
gyro_norm,25.176,0.2937858614367817
gyro_norm,25.201,0.27094078214679357
gyro_norm,25.22,0.2217940280178833
gyro_norm,25.243,0.24788251581296133
gyro_norm,25.264,0.34402677961493494
gyro_norm,25.285,0.3322735198693254
gyro_norm,25.307,0.1518696357389825
gyro_norm,25.329,0.18383433986262174
gyro_norm,25.351,0.1805186736956402
gyro_norm,25.373,0.1389600727143581
gyro_norm,25.397,0.15070666787241582
gyro_norm,25.417,0.20030084022999653
gyro_norm,25.439,0.3216387573949627
gyro_norm,25.461,0.13584610174277478
gyro_norm,25.483,0.22313634470607538
gyro_norm,25.504,0.1774449163756825
gyro_norm,25.526,0.1264713232756477
gyro_norm,25.548,0.10334238046952923
gyro_norm,25.574,0.031181042397253833
gyro_norm,25.592,0.16232294699678318
gyro_norm,25.614,0.21966412381610742
gyro_norm,25.639,0.1802923269827119
gyro_norm,25.657,0.12251427116492063
gyro_norm,25.683,0.0714543721820442
gyro_norm,25.701,0.045730277390517896
gyro_norm,25.723,0.050515830254278936
gyro_norm,25.745,0.07007127500412241
gyro_norm,25.767,0.08890771502701386
gyro_norm,25.789,0.046746625328241004
gyro_norm,25.82,0.0410309502894614
gyro_norm,25.834,0.07954065784699317
gyro_norm,25.855,0.09262725280253148
gyro_norm,25.876,0.02857425714521186
gyro_norm,25.898,0.06682865175742699
gyro_norm,25.922,0.06012151550381032
gyro_norm,25.943,0.09632276468614578
gyro_norm,25.965,0.17101978066088142
gyro_norm,25.988,0.059994534285007575
gyro_norm,26.007,0.11015316643078446
gyro_norm,26.03,0.05811909780941644
gyro_norm,26.051,0.12561712438293593
gyro_norm,26.073,0.1998305894384559
gyro_norm,26.097,0.10146609556699368
gyro_norm,26.117,0.14711398329032438
gyro_norm,26.14,0.1970860965247156
gyro_norm,26.162,0.06894065847479812
gyro_norm,26.183,0.11929637372163396
gyro_norm,26.206,0.12954447648971243
gyro_norm,26.229,0.06693883620647079
gyro_norm,26.248,0.07373520029857987
gyro_norm,26.271,0.1063109850848486
gyro_norm,26.292,0.08781526410687109
gyro_norm,26.317,0.055243592463813045
gyro_norm,26.336,0.11209722300783578
gyro_norm,26.358,0.0811972057004723
gyro_norm,26.379,0.11292926379352572
gyro_norm,26.401,0.18229843438240836
gyro_norm,26.423,0.09798620956348023
gyro_norm,26.45,0.014223937124056917
gyro_norm,26.467,0.09608118201172332
gyro_norm,26.489,0.06346566243573878
gyro_norm,26.511,0.06044051119601305
gyro_norm,26.533,0.034569900931038386
gyro_norm,26.555,0.05483851097558614
gyro_norm,26.586,0.12482109030688471
gyro_norm,26.598,0.14416320597513255
gyro_norm,26.621,0.10075207411748016
gyro_norm,26.646,0.032015448630928284
gyro_norm,26.664,0.034578669033725536
gyro_norm,26.687,0.03003232913259952
gyro_norm,26.708,0.08218529088686052
gyro_norm,26.73,0.1367124735124939
gyro_norm,26.755,0.03301637936783159
gyro_norm,26.773,0.07072194547641782
gyro_norm,26.801,0.097235610002908
gyro_norm,26.822,0.09847175206363433
gyro_norm,26.839,0.07184367607118922
gyro_norm,26.862,0.09198042196990786
gyro_norm,26.883,0.08087515829313675
gyro_norm,26.904,0.08188166349233507
gyro_norm,26.929,0.15097361309645968
gyro_norm,26.949,0.120410591782777
gyro_norm,26.971,0.08051330331008394
gyro_norm,26.996,0.0688296158086956
gyro_norm,27.014,0.045582393384080204
gyro_norm,27.038,0.05451048560032835
gyro_norm,27.057,0.08910907977190723
gyro_norm,27.079,0.034192403920247014
gyro_norm,27.101,0.030824848130022797
gyro_norm,27.127,0.031598969719199094
gyro_norm,27.147,0.07363455219471728
gyro_norm,27.171,0.07917270353373541
gyro_norm,27.189,0.05645172340230242
gyro_norm,27.212,0.037564457486603135
gyro_norm,27.232,0.02943661640452288
gyro_norm,27.254,0.03499733960163885
gyro_norm,27.28,0.05154573370937727
gyro_norm,27.298,0.07587644112198326
gyro_norm,27.32,0.06993551383456142
gyro_norm,27.345,0.04625813808878919
gyro_norm,27.364,0.08666923367742074
gyro_norm,27.387,0.07144131392648526
gyro_norm,27.412,0.028065730146283125
gyro_norm,27.429,0.06122224545180826
gyro_norm,27.452,0.0424320233680745
gyro_norm,27.473,0.016624333868288373
gyro_norm,27.495,0.048706171934906596
gyro_norm,27.521,0.057009795941353324
gyro_norm,27.539,0.06790291747728966
gyro_norm,27.561,0.07351488595520704
gyro_norm,27.587,0.05544628433417215
gyro_norm,27.604,0.04108093913249402
gyro_norm,27.628,0.048708088539569296
gyro_norm,27.648,0.05829699615694784
gyro_norm,27.672,0.07734859880059097
gyro_norm,27.694,0.08262284832736527
gyro_norm,27.714,0.056881194710671164
gyro_norm,27.737,0.049160859556472654
gyro_norm,27.763,0.10960768553401946
gyro_norm,27.779,0.08753049659021367
gyro_norm,27.805,0.04480808599074352
gyro_norm,27.823,0.06744058620875316
gyro_norm,27.845,0.07606262889683695
gyro_norm,27.87,0.04948004694814815
gyro_norm,27.889,0.1436468571644983
gyro_norm,27.911,0.28129127998286857
gyro_norm,27.933,0.30541727722741563
gyro_norm,27.955,0.28591408178772826
gyro_norm,27.977,0.3791719171050809
gyro_norm,27.998,0.4066709638743306
gyro_norm,28.02,0.23353981465914472
gyro_norm,28.045,0.10931332972363121
gyro_norm,28.064,0.09286777133585036
gyro_norm,28.086,0.13235182721042565
gyro_norm,28.108,0.163754633915423
gyro_norm,28.13,0.2677117986474645
gyro_norm,28.152,0.3362763844829918
gyro_norm,28.175,0.2959734821275827
gyro_norm,28.195,0.22820383435546301
gyro_norm,28.217,0.26264870315693095
gyro_norm,28.239,0.30924280025308726
gyro_norm,28.261,0.3810528902303567
gyro_norm,28.283,0.43255237092307636
gyro_norm,28.305,0.4339416239556095
gyro_norm,28.327,0.3924960907391816
gyro_norm,28.349,0.3401546910650281
gyro_norm,28.371,0.32082474697935953
gyro_norm,28.403,0.3139574984048467
gyro_norm,28.415,0.3598202506611323
gyro_norm,28.436,0.36214392759348013
gyro_norm,28.458,0.3506135285970221
gyro_norm,28.48,0.3933566117754372
gyro_norm,28.502,0.43037052152066246
gyro_norm,28.523,0.39890011853747426
gyro_norm,28.545,0.2943317801950753
gyro_norm,28.569,0.2701076465297437
gyro_norm,28.589,0.2519949611310522
gyro_norm,28.611,0.22573334228862138
gyro_norm,28.633,0.1954114574060322
gyro_norm,28.662,0.17158375828716319
gyro_norm,28.676,0.15895958258969795
gyro_norm,28.699,0.16277862029694765
gyro_norm,28.726,0.131139291858836
gyro_norm,28.743,0.11996952667287847
gyro_norm,28.764,0.10096803790279818
gyro_norm,28.786,0.10894788784309171
gyro_norm,28.808,0.10132394782173956
gyro_norm,28.83,0.11056483556935544
gyro_norm,28.852,0.16609801666635668
gyro_norm,28.876,0.1966612801160548
gyro_norm,28.895,0.15272267876907414
gyro_norm,28.917,0.09805355098368172
gyro_norm,28.939,0.06938106977708312
gyro_norm,28.961,0.08280090971455445
gyro_norm,28.983,0.02249701928269872
gyro_norm,29.005,0.12691607392211693
gyro_norm,29.027,0.16159308171297004
gyro_norm,29.048,0.15132102131336278
gyro_norm,29.07,0.1305283092803737
gyro_norm,29.092,0.16368012489409914
gyro_norm,29.114,0.17073171701934395
gyro_norm,29.136,0.19446679500318423
gyro_norm,29.16,0.235078993826435
gyro_norm,29.18,0.27728457904965437
gyro_norm,29.202,0.3461597771311036
gyro_norm,29.224,0.38492824136201964
gyro_norm,29.245,0.3939632777246676
gyro_norm,29.267,0.39431327472455213
gyro_norm,29.29,0.3453667941611847
gyro_norm,29.311,0.22016167566537323
gyro_norm,29.333,0.13451522506390456
gyro_norm,29.355,0.19084788857877782
gyro_norm,29.377,0.3025296316802577
gyro_norm,29.399,0.3708903331496116
gyro_norm,29.42,0.3999486604567819
gyro_norm,29.443,0.4293407536019289
gyro_norm,29.464,0.5266875029894206
gyro_norm,29.486,0.6244929964674484
gyro_norm,29.508,0.6436906973077946
gyro_norm,29.53,0.5715199968211484
gyro_norm,29.556,0.5503105425334102
gyro_norm,29.573,0.5563651444779656
gyro_norm,29.597,0.5189307478755263
gyro_norm,29.618,0.4733058190396619
gyro_norm,29.639,0.42353791912347644
gyro_norm,29.662,0.37645123285641724
gyro_norm,29.683,0.3486441092358739
gyro_norm,29.705,0.34758677609289446
gyro_norm,29.727,0.3906283698116378
gyro_norm,29.749,0.4932082268133758
gyro_norm,29.77,0.6135151886437238
gyro_norm,29.795,0.6949497234806785
gyro_norm,29.814,0.6797362118068981
gyro_norm,29.839,0.5752104942024827
gyro_norm,29.858,0.5155775316427942
gyro_norm,29.882,0.5862820024789238
gyro_norm,29.903,0.6502225205987938
gyro_norm,29.924,0.6280272379088914
gyro_norm,29.945,0.6073188298095626
gyro_norm,29.967,0.6447327013792986
gyro_norm,29.99,0.6929307536711037
gyro_norm,30.011,0.7058400991340834
gyro_norm,30.038,0.7061722610388956
gyro_norm,30.055,0.7299178414588591
gyro_norm,30.077,0.7241677575927189
gyro_norm,30.099,0.7114641433479653
gyro_norm,30.124,0.7026823769721736
gyro_norm,30.143,0.6887499997282235
gyro_norm,30.164,0.6725914225827716
gyro_norm,30.186,0.6510731855953662
gyro_norm,30.208,0.6137134791889202
gyro_norm,30.23,0.6013679691088778
gyro_norm,30.257,0.6011494442177261
gyro_norm,30.276,0.541272915174364
gyro_norm,30.295,0.41166354216562173
gyro_norm,30.322,0.2716536069661946
gyro_norm,30.339,0.1599734127997509
gyro_norm,30.361,0.0780264708065565
gyro_norm,30.383,0.05150974827925141
gyro_norm,30.405,0.08303338455333294
gyro_norm,30.427,0.09265657798724984
gyro_norm,30.449,0.26900341406471495
gyro_norm,30.474,0.3863791330209732
gyro_norm,30.492,0.3953930776040094
gyro_norm,30.515,0.47312847211209946
gyro_norm,30.536,0.5351629007575612
gyro_norm,30.558,0.673134696720759
gyro_norm,30.58,0.7624169903662885
gyro_norm,30.603,0.7583975688730198
gyro_norm,30.624,0.7676504683917935
gyro_norm,30.646,0.7195123292167747
gyro_norm,30.667,0.6695900620527555
gyro_norm,30.689,0.5942765476042312
gyro_norm,30.711,0.5967593702724735
gyro_norm,30.735,0.6558572048629645
gyro_norm,30.755,0.5998579564530366
gyro_norm,30.782,0.5192553006921236
gyro_norm,30.805,0.48170033627771974
gyro_norm,30.82,0.4585794874758676
gyro_norm,30.843,0.4312488418319743
gyro_norm,30.864,0.3682043033976883
gyro_norm,30.886,0.27364782391038467
gyro_norm,30.908,0.21367310120291189
gyro_norm,30.93,0.26634272869468173
gyro_norm,30.952,0.26241761780949113
gyro_norm,30.974,0.15837560206403828
gyro_norm,30.995,0.08293881135207756
gyro_norm,31.018,0.1294519036393459
gyro_norm,31.04,0.15300889859262878
gyro_norm,31.062,0.2535253522308028
gyro_norm,31.083,0.3596494069633259
gyro_norm,31.105,0.43951205146574635
gyro_norm,31.127,0.49183390280123285
gyro_norm,31.149,0.38916669193996356
gyro_norm,31.17,0.09489182236844775
gyro_norm,31.192,0.28646538015029477
gyro_norm,31.214,0.5452808295534664
gyro_norm,31.237,0.6012308624247541
gyro_norm,31.259,0.5111201748665337
gyro_norm,31.282,0.36889965415033515
gyro_norm,31.303,0.12266238713193961
gyro_norm,31.324,0.14890612222093777
gyro_norm,31.346,0.2726312985721055
gyro_norm,31.368,0.31573616937041105
gyro_norm,31.389,0.29877877521053664
gyro_norm,31.411,0.2436326463516271
gyro_norm,31.44,0.134653866441885
gyro_norm,31.455,0.13989287146697432
gyro_norm,31.477,0.2597400895553973
gyro_norm,31.499,0.279922243516197
gyro_norm,31.521,0.16632280467176025
gyro_norm,31.543,0.10628816792481408
gyro_norm,31.565,0.2215735616672593
gyro_norm,31.586,0.23759686150008102
gyro_norm,31.608,0.11747101983711865
gyro_norm,31.63,0.3488560404500387
gyro_norm,31.663,0.22460232626371832
gyro_norm,31.674,0.05792877778283746
gyro_norm,31.696,0.14955282972440107
gyro_norm,31.718,0.13932354572304645
gyro_norm,31.74,0.11766899249567357
gyro_norm,31.762,0.14470534694254808
gyro_norm,31.783,0.18904666992830765
gyro_norm,31.805,0.20973866945063252
gyro_norm,31.827,0.18329747433827392
gyro_norm,31.849,0.11585463555382651
gyro_norm,31.871,0.16301135923636018
gyro_norm,31.893,0.23827822859248401
gyro_norm,31.914,0.19593940123741985
gyro_norm,31.937,0.08914087452644795
gyro_norm,31.959,0.11912146844209405
gyro_norm,31.98,0.18154377702028437
gyro_norm,32.003,0.18177949623421064
gyro_norm,32.024,0.12527727028740487
gyro_norm,32.046,0.10385274144349183
gyro_norm,32.068,0.11068121102609517
gyro_norm,32.09,0.06760706422076271
gyro_norm,32.112,0.05812270786156677
gyro_norm,32.133,0.07212360691761735
gyro_norm,32.167,0.08898952298424682
gyro_norm,32.177,0.09000945443994593
gyro_norm,32.199,0.05849867546836251
gyro_norm,32.221,0.07294672460781475
gyro_norm,32.243,0.04219418853628999
gyro_norm,32.265,0.0525898364486149
gyro_norm,32.286,0.13347753681234
gyro_norm,32.308,0.13298327888084924
gyro_norm,32.33,0.08528088928311134
gyro_norm,32.353,0.13208326661067188
gyro_norm,32.374,0.14533968885539206
gyro_norm,32.397,0.1292915567243713
gyro_norm,32.418,0.11946194869464881
gyro_norm,32.439,0.12616113852148175
gyro_norm,32.462,0.14173025566290456
gyro_norm,32.483,0.17567414039810744
gyro_norm,32.505,0.20223626747600632
gyro_norm,32.527,0.21584099192331438
gyro_norm,32.549,0.21365699694292298
gyro_norm,32.571,0.20755208821549984
gyro_norm,32.593,0.19147766539935437
gyro_norm,32.615,0.1571217364878648
gyro_norm,32.636,0.13034155075532752
gyro_norm,32.659,0.12009602019923199
gyro_norm,32.68,0.11522970268259874
gyro_norm,32.703,0.11032082861898038
gyro_norm,32.724,0.1493905527476103
gyro_norm,32.746,0.1294062290616918
gyro_norm,32.768,0.1016145868147373
gyro_norm,32.79,0.13015264553576172
gyro_norm,32.812,0.21827738755133297
gyro_norm,32.833,0.2790715299754545
gyro_norm,32.864,0.2274087744577236
gyro_norm,32.878,0.41551115144113776
gyro_norm,32.899,0.4060902680908487
gyro_norm,32.922,0.18238087403845488
gyro_norm,32.943,0.3168807872999861
gyro_norm,32.965,0.2791471950843141
gyro_norm,32.986,0.13241278301381917
gyro_norm,33.008,0.16247517163742875
gyro_norm,33.033,0.12972717088333457
gyro_norm,33.052,0.16345377924621715
gyro_norm,33.074,0.2927207792540483
gyro_norm,33.096,0.4147861263579817
gyro_norm,33.132,0.4761463579851636
gyro_norm,33.144,0.46006458226852454
gyro_norm,33.162,0.3930885344293821
gyro_norm,33.183,0.34170683738416147
gyro_norm,33.206,0.38552150996503126
gyro_norm,33.227,0.414913409021219
gyro_norm,33.25,0.38152370153515613
gyro_norm,33.271,0.25763299814722296
gyro_norm,33.293,0.14864197947674002
gyro_norm,33.315,0.26302397158417634
gyro_norm,33.338,0.3386489754484872
gyro_norm,33.359,0.2307463424040202
gyro_norm,33.381,0.1789920460129547
gyro_norm,33.404,0.31563191337331326
gyro_norm,33.424,0.47673904369368336
gyro_norm,33.447,0.5690113984974615
gyro_norm,33.469,0.4491293819732835
gyro_norm,33.49,0.689756239055199
gyro_norm,33.512,0.7298323319081605
gyro_norm,33.534,0.05847754379441315
gyro_norm,33.556,0.6338264403584469
gyro_norm,33.577,0.8719767330030307
gyro_norm,33.605,0.4542466923529646
gyro_norm,33.621,0.5653458301523727
gyro_norm,33.644,0.98012699149186
gyro_norm,33.665,1.0244119005688856
gyro_norm,33.687,0.7906434228623688
gyro_norm,33.709,0.28444869889426266
gyro_norm,33.73,0.4715084031883933
gyro_norm,33.752,0.9431468090060611
gyro_norm,33.774,1.0932967191844642
gyro_norm,33.796,0.8530884924205243
gyro_norm,33.818,0.3825213789628184
gyro_norm,33.84,0.18032375465420633
gyro_norm,33.862,0.2368121068353741
gyro_norm,33.884,0.2845628569228939
gyro_norm,33.906,0.26313930876149844
gyro_norm,33.928,0.24694865162855173
gyro_norm,33.95,0.38815943864276947
gyro_norm,33.971,0.3755893610576515
gyro_norm,33.995,0.3699958141038509
gyro_norm,34.015,0.30043018837334334
gyro_norm,34.038,0.29720411328061414
gyro_norm,34.058,0.5380238644962322
gyro_norm,34.081,0.47752631402846757
gyro_norm,34.104,0.29034835045835083
gyro_norm,34.125,0.5604797721297264
gyro_norm,34.147,0.7966449688134399
gyro_norm,34.169,0.581145020653395
gyro_norm,34.19,0.2861417502318213
gyro_norm,34.217,0.5862671264605734
gyro_norm,34.235,0.42002823989968413
gyro_norm,34.256,0.21025786391962067
gyro_norm,34.278,0.7728200357717132
gyro_norm,34.299,0.804962574064186
gyro_norm,34.321,0.4759144532728459
gyro_norm,34.343,0.20991767806185008
gyro_norm,34.366,0.2281068278037239
gyro_norm,34.387,0.07053620156601645
gyro_norm,34.409,0.20545057082478507
gyro_norm,34.431,0.18364653847391305
gyro_norm,34.453,0.2176807494052283
gyro_norm,34.475,0.17226853535633757
gyro_norm,34.496,0.09460235331190087
gyro_norm,34.518,0.3358178924609457
gyro_norm,34.54,0.43373006127308217
gyro_norm,34.563,0.4169950406621525
gyro_norm,34.583,0.2951697529526896
gyro_norm,34.606,0.3354846976410063
gyro_norm,34.628,1.064495405253668
gyro_norm,34.65,1.2388907489195473
gyro_norm,34.672,0.4476381386514545
gyro_norm,34.693,0.682894399785186
gyro_norm,34.715,0.991902919568232
gyro_norm,34.737,0.1932810989535017
gyro_norm,34.759,0.8767353999098451
gyro_norm,34.781,1.0522262639432582
gyro_norm,34.804,0.655934283866921
gyro_norm,34.825,0.037339655331920525
gyro_norm,34.847,0.5031491434565072
gyro_norm,34.868,0.6493090507710456
gyro_norm,34.89,0.42410615748691294
gyro_norm,34.916,0.35927970457101
gyro_norm,34.935,0.46363916742757927
gyro_norm,34.959,0.35832443145919374
gyro_norm,34.977,0.34163157992717563
gyro_norm,35.002,0.6992094625786216
gyro_norm,35.021,1.1908802302953079
gyro_norm,35.043,1.482254646931346
gyro_norm,35.065,1.2737671287094277
gyro_norm,35.087,0.6935969417153884
gyro_norm,35.109,0.6929303545362268
gyro_norm,35.131,0.8021080864756205
gyro_norm,35.161,0.5703144519058384
gyro_norm,35.174,1.1978244455337026
gyro_norm,35.204,1.4218075370198762
gyro_norm,35.218,0.902471233496637
gyro_norm,35.241,1.4611323401953507
gyro_norm,35.263,1.7137237915878005
gyro_norm,35.284,1.4886596988140508
gyro_norm,35.306,1.3256762788302932
gyro_norm,35.328,1.5902750654528202
gyro_norm,35.35,1.6109213538914804
gyro_norm,35.372,1.2225874329821895
gyro_norm,35.398,1.2383157663529456
gyro_norm,35.416,1.5259759089160758
gyro_norm,35.437,1.709891810406026
gyro_norm,35.459,1.7721227027998745
gyro_norm,35.481,1.818974792070736
gyro_norm,35.504,1.8554935372492385
gyro_norm,35.528,1.9236278196152032
gyro_norm,35.546,2.023868104788289
gyro_norm,35.568,2.1380361677598962
gyro_norm,35.591,2.25841268481151
gyro_norm,35.617,2.3370620455459297
gyro_norm,35.636,2.3540328704076696
gyro_norm,35.656,2.251814753365227
gyro_norm,35.68,2.0537847307781623
gyro_norm,35.699,1.8607965048330652
gyro_norm,35.722,1.684668918290125
gyro_norm,35.744,1.5051245563408753
gyro_norm,35.765,1.3734202981377186
gyro_norm,35.787,1.2845083872524456
gyro_norm,35.809,1.2604943100683277
gyro_norm,35.837,1.2574359029951314
gyro_norm,35.853,1.2445954378333262
gyro_norm,35.875,1.2084223807567194
gyro_norm,35.896,1.2144974847532415
gyro_norm,35.919,1.2237725449909953
gyro_norm,35.943,1.2544610416590505
gyro_norm,35.963,1.3300362481326253
gyro_norm,35.984,1.1082024526431438
gyro_norm,36.006,0.7423238727389779
gyro_norm,36.028,0.7163033322659548
gyro_norm,36.05,0.9090996159451861
gyro_norm,36.072,2.1506122134035244
gyro_norm,36.098,2.4385061869524294
gyro_norm,36.115,1.4262181142375885
gyro_norm,36.137,0.4928451634692577
gyro_norm,36.159,0.7086704941013772
gyro_norm,36.181,1.3727136522281405
gyro_norm,36.203,1.4703057151946526
gyro_norm,36.224,1.1288628842917308
gyro_norm,36.247,0.5750040648008118
gyro_norm,36.269,0.5296394333080445
gyro_norm,36.291,1.084779075037656
gyro_norm,36.317,1.0797717711262453
gyro_norm,36.334,0.9405283470916339
gyro_norm,36.356,0.9228206386314708
gyro_norm,36.38,0.9548208043010876
gyro_norm,36.4,0.9200130765816822
gyro_norm,36.421,0.6824464276999707
gyro_norm,36.443,0.4845746383823328
gyro_norm,36.465,0.5610807270017991
gyro_norm,36.487,0.55624565795261
gyro_norm,36.509,0.5005412967116029
gyro_norm,36.531,0.4121627845302785
gyro_norm,36.552,0.3571183021104613
gyro_norm,36.574,0.5147578838937141
gyro_norm,36.596,0.5285902206947267
gyro_norm,36.618,0.7983139188265385
gyro_norm,36.642,1.29512276646176
gyro_norm,36.663,1.4118192097156383
gyro_norm,36.684,1.2823642769748338
gyro_norm,36.706,1.2486721402713403
gyro_norm,36.728,1.3892824182898935
gyro_norm,36.749,1.4634430135560628
gyro_norm,36.772,1.4378711148192582
gyro_norm,36.798,1.3965470485548357
gyro_norm,36.815,1.374422246580131
gyro_norm,36.839,1.4147925439049047
gyro_norm,36.859,1.4326769656631337
gyro_norm,36.881,1.473865896042753
gyro_norm,36.903,1.5111234627598242
gyro_norm,36.925,1.527730844050981
gyro_norm,36.947,1.4828641525480675
gyro_norm,36.968,1.5252345225020727
gyro_norm,36.99,1.5309450094484982
gyro_norm,37.014,1.5580380248764223
gyro_norm,37.047,1.5440061886639451
gyro_norm,37.056,1.507054387268384
gyro_norm,37.078,1.4546503719527824
gyro_norm,37.099,1.3558753312588003
gyro_norm,37.121,1.2345775065976958
gyro_norm,37.143,1.1116941768456976
gyro_norm,37.165,1.0329198839399576
gyro_norm,37.187,1.0380768245915248
gyro_norm,37.209,1.142230587425464
gyro_norm,37.231,1.2396131862643234
gyro_norm,37.255,1.3246750544003583
gyro_norm,37.274,1.4453477291353136
gyro_norm,37.296,1.5278755206249581
gyro_norm,37.318,1.2753794911364733
gyro_norm,37.34,1.3768226226080866
gyro_norm,37.363,1.681700984477515
gyro_norm,37.384,1.1925801318599407
gyro_norm,37.406,0.8302391735703146
gyro_norm,37.428,1.067709796228608
gyro_norm,37.45,0.7992978175549702
gyro_norm,37.472,0.7603764039157148
gyro_norm,37.494,0.9487507293254851
gyro_norm,37.515,0.9145192294012084
gyro_norm,37.541,0.7721632760957458
gyro_norm,37.559,0.9578191981665557
gyro_norm,37.581,1.1310847929898986
gyro_norm,37.603,1.1298684250133915
gyro_norm,37.625,1.1022917825946545
gyro_norm,37.647,1.0960589719883307
gyro_norm,37.668,1.1188227851661001
gyro_norm,37.69,1.1885821071371434
gyro_norm,37.714,1.2321694593574153
gyro_norm,37.734,1.2142987762930422
gyro_norm,37.76,1.0893792054467843
gyro_norm,37.778,0.9264581784074801
gyro_norm,37.799,0.7748170072235419
gyro_norm,37.821,0.5350897835817934
gyro_norm,37.844,0.5117496945815599
gyro_norm,37.865,0.36424016857880626
gyro_norm,37.887,0.7513936173472684
gyro_norm,37.909,0.29206485415519406
gyro_norm,37.931,0.7129549021085845
gyro_norm,37.953,1.0184005526348916
gyro_norm,37.975,0.5235626869789671
gyro_norm,37.997,0.11114895813294662
gyro_norm,38.018,0.16213893321309378
gyro_norm,38.04,0.28545337281847133
gyro_norm,38.063,0.6378132153483778
gyro_norm,38.084,0.5877279132744829
gyro_norm,38.106,0.41970518063267537
gyro_norm,38.128,0.36056318497883016
gyro_norm,38.15,0.461562841985012
gyro_norm,38.172,0.42075193811616896
gyro_norm,38.193,0.29098880586436915
gyro_norm,38.215,0.5269065948964397
gyro_norm,38.242,0.46828254118923296
gyro_norm,38.259,0.13746764324810115
gyro_norm,38.281,0.42616588080065665
gyro_norm,38.303,0.6882024571084484
gyro_norm,38.325,0.6543961476368803
gyro_norm,38.347,0.7114346291156397
gyro_norm,38.368,0.9845877462925526
gyro_norm,38.392,1.116650524453357
gyro_norm,38.412,0.6648859222570545
gyro_norm,38.435,0.8454182104966836
gyro_norm,38.456,1.5802487939800147
gyro_norm,38.48,1.185175262446673
gyro_norm,38.5,1.171583394213192
gyro_norm,38.522,1.7941521223884533
gyro_norm,38.544,1.2197658991912226
gyro_norm,38.565,0.7933287626582992
gyro_norm,38.593,0.8559748431056092
gyro_norm,38.609,0.5149330586953859
gyro_norm,38.631,0.16137492265046038
gyro_norm,38.653,0.3941793172218532
gyro_norm,38.674,0.46629783690351345
gyro_norm,38.696,0.4566180868509474
gyro_norm,38.718,0.464916963681993
gyro_norm,38.74,0.42147370347385815
gyro_norm,38.763,0.30520109819518637
gyro_norm,38.784,0.2600272487937335
gyro_norm,38.806,0.24674040887384416
gyro_norm,38.828,0.31303516075542154
gyro_norm,38.86,0.44205052462154754
gyro_norm,38.883,0.4401957367708443
gyro_norm,38.901,0.4015467554565969
gyro_norm,38.923,0.3569791568559919
gyro_norm,38.944,0.48825270360864936
gyro_norm,38.964,0.4392781232310489
gyro_norm,38.985,0.6899956131852779
gyro_norm,39.006,0.9030606883966271
gyro_norm,39.026,0.6206981492409724
gyro_norm,39.047,0.923912296350606
gyro_norm,39.068,1.450951078175633
gyro_norm,39.088,1.388627484749618
gyro_norm,39.11,0.6729925088978458
gyro_norm,39.131,0.7331592838913539
gyro_norm,39.15,1.1904063109402951
gyro_norm,39.172,1.2192679624170328
gyro_norm,39.193,0.802509554586863
gyro_norm,39.213,0.25453117937954706
gyro_norm,39.234,0.6163449620080496
gyro_norm,39.255,0.9053939785784844
gyro_norm,39.275,0.7414461317043548
gyro_norm,39.298,0.33355649731065984
gyro_norm,39.329,0.5775801527401918
gyro_norm,39.35,0.5977218922252037
gyro_norm,39.372,0.3756686816603622
gyro_norm,39.394,0.1624432301674992
gyro_norm,39.416,0.49289325390347316
gyro_norm,39.438,0.6417960442957559
gyro_norm,39.46,0.6326776875347807
gyro_norm,39.483,0.5643058430258957
gyro_norm,39.504,0.33139347235132693
gyro_norm,39.526,1.0540503121127853
gyro_norm,39.547,1.3413742699357576
gyro_norm,39.57,0.8549478867670821
gyro_norm,39.591,0.5755929185782064
gyro_norm,39.613,1.4090848453174953
gyro_norm,39.635,1.5325436294116628
gyro_norm,39.657,0.8497305111564676
gyro_norm,39.679,0.6908473744234843
gyro_norm,39.7,1.07021844263311
gyro_norm,39.723,1.0212780625006732
gyro_norm,39.745,0.5680433455410001
gyro_norm,39.766,0.3162159137689988
gyro_norm,39.788,0.7582412714013889
gyro_norm,39.81,0.6896307660691795
gyro_norm,39.832,0.31747362423360503
gyro_norm,39.854,0.2532527207795473
gyro_norm,39.876,0.26768046498118314
gyro_norm,39.897,0.13539804286755233
gyro_norm,39.919,0.06258979525111269
gyro_norm,39.941,0.13925045643149386
gyro_norm,39.964,0.2379635382333293
gyro_norm,39.985,0.27249888341951567
gyro_norm,40.007,0.21355839900766793
gyro_norm,40.029,0.21180640630742215
gyro_norm,40.051,0.16591657044352612
gyro_norm,40.073,0.33431758321123106
gyro_norm,40.095,0.5474165392277447
gyro_norm,40.117,0.461234617931723
gyro_norm,40.138,0.17192655968841755
gyro_norm,40.16,0.2933115239735959
gyro_norm,40.183,0.5834518073003296
gyro_norm,40.204,0.8001739436986551
gyro_norm,40.226,0.764541486638624
gyro_norm,40.248,0.46144896704736105
gyro_norm,40.27,0.479667804323148
gyro_norm,40.291,0.715921478105615
gyro_norm,40.313,0.6876547897182438
gyro_norm,40.335,0.3747538722374293
gyro_norm,40.357,0.31985707069841435
gyro_norm,40.379,0.5160667602891091
gyro_norm,40.401,0.49753475127860547
gyro_norm,40.423,0.2482352335311086
gyro_norm,40.445,0.303649037580586
gyro_norm,40.466,0.4871042813245362
gyro_norm,40.488,0.44421602914289177
gyro_norm,40.51,0.26141808926618776
gyro_norm,40.532,0.1337976045593745
gyro_norm,40.554,0.26760767079827713
gyro_norm,40.576,0.3685161436180779
gyro_norm,40.598,0.37976446631082394
gyro_norm,40.62,0.3339244689552356
gyro_norm,40.641,0.39991924343017327
gyro_norm,40.663,0.5237269907630481
gyro_norm,40.685,0.5043026378272765
gyro_norm,40.707,0.4866652957186739
gyro_norm,40.729,1.271161811149513
gyro_norm,40.751,1.0106656835662842
gyro_norm,40.773,0.19112533518216515
gyro_norm,40.796,1.104514370461559
gyro_norm,40.817,1.4527006810423655
gyro_norm,40.839,1.1139910963528556
gyro_norm,40.86,0.855582408340473
gyro_norm,40.883,0.8274453079441125
gyro_norm,40.904,0.6826149718027795
gyro_norm,40.926,0.6327866205933375
gyro_norm,40.948,0.7132262335096679
gyro_norm,40.97,0.8074776879082242
gyro_norm,40.992,0.9980511078711441
gyro_norm,41.014,1.1038668213591183
gyro_norm,41.036,1.1046522407944683
gyro_norm,41.057,1.1483199475070993
gyro_norm,41.079,1.3316542573342993
gyro_norm,41.101,1.6319984063679818
gyro_norm,41.126,1.884685892763848
gyro_norm,41.145,1.9231337357731282
gyro_norm,41.167,2.056122090517317
gyro_norm,41.189,2.3539340599408045
gyro_norm,41.21,2.6240973844984525
gyro_norm,41.234,2.8208888604576643
gyro_norm,41.256,2.6707956441519816
gyro_norm,41.284,2.5454952591820836
gyro_norm,41.298,2.7072370771360474
gyro_norm,41.323,2.8734528960718357
gyro_norm,41.341,2.8056430987684844
gyro_norm,41.364,2.713221899452137
gyro_norm,41.386,2.6483032010317062
gyro_norm,41.408,2.499397985454263
gyro_norm,41.43,2.3074316622940696
gyro_norm,41.451,2.420255150529993
gyro_norm,41.477,2.555452312279235
gyro_norm,41.496,2.3678550339357693
gyro_norm,41.517,2.133941012886575
gyro_norm,41.539,2.1314162568722916
gyro_norm,41.561,2.2068967851311716
gyro_norm,41.584,2.1752499489944594
gyro_norm,41.604,2.094115715382973
gyro_norm,41.626,2.033931823476168
gyro_norm,41.648,2.0698653646459317
gyro_norm,41.67,2.162578014490863
gyro_norm,41.701,2.2282942504629806
gyro_norm,41.714,2.249485844467933
gyro_norm,41.736,2.275285631728603
gyro_norm,41.759,2.3085837708973314
gyro_norm,41.779,2.275439565429045
gyro_norm,41.801,2.209189627004975
gyro_norm,41.823,2.1891581106609954
gyro_norm,41.845,2.1518811944172405
gyro_norm,41.867,2.0989796126604316
gyro_norm,41.888,2.0043729828407226
gyro_norm,41.91,1.8563323208928435
gyro_norm,41.932,1.8604528663969335
gyro_norm,41.955,2.019416856734099
gyro_norm,41.976,2.1607767763279413
gyro_norm,41.999,1.971021578515756
gyro_norm,42.02,1.4940270197923036
gyro_norm,42.042,1.3647217584449969
gyro_norm,42.063,1.6053678751223823
gyro_norm,42.085,1.7970350783886941
gyro_norm,42.107,1.9343898767019378
gyro_norm,42.129,1.9924683658880666
gyro_norm,42.151,1.802969601385456
gyro_norm,42.174,1.3551603295002772
gyro_norm,42.195,1.1500675099615372
gyro_norm,42.217,1.2797473760188658
gyro_norm,42.239,1.3183959866540789
gyro_norm,42.26,1.1750585589926372
gyro_norm,42.283,1.144802364284545
gyro_norm,42.304,1.2257552539376178
gyro_norm,42.326,1.206128939678066
gyro_norm,42.348,1.1199070994032578
gyro_norm,42.37,1.0849054205565585
gyro_norm,42.399,1.1026810481564782
gyro_norm,42.417,1.0628098481704773
gyro_norm,42.436,0.9846518076644527
gyro_norm,42.457,0.9375800907922378
gyro_norm,42.479,0.9099330196763799
gyro_norm,42.501,0.8800811037203079
gyro_norm,42.523,0.8018392936753198
gyro_norm,42.545,0.7649170681723988
gyro_norm,42.567,0.8817963653893006
gyro_norm,42.589,1.0369108373724114
gyro_norm,42.611,1.3905979132605815
gyro_norm,42.64,1.460205509456686
gyro_norm,42.657,0.9736834401668594
gyro_norm,42.676,0.7334074778116263
gyro_norm,42.698,0.9801193148659889
gyro_norm,42.723,1.0030920256718476
gyro_norm,42.743,0.7975988190326871
gyro_norm,42.764,0.6906021555916313
gyro_norm,42.785,0.6675026879974978
gyro_norm,42.807,0.6905150947539079
gyro_norm,42.829,0.7336116568696718
gyro_norm,42.851,0.7532429876514916
gyro_norm,42.874,0.729500471623397
gyro_norm,42.895,0.762046313766643
gyro_norm,42.917,0.6922839933454392
gyro_norm,42.939,0.5468264673633415
gyro_norm,42.96,0.5073031092612023
gyro_norm,42.985,0.6610430175139335
gyro_norm,43.004,0.7917131461818246
gyro_norm,43.026,0.7857634568341539
gyro_norm,43.048,0.6704494932560435
gyro_norm,43.07,0.5183534799145875
gyro_norm,43.095,0.5201426764318396
gyro_norm,43.114,0.54084143619936
gyro_norm,43.136,0.4625650390541409
gyro_norm,43.157,0.7983123300487719
gyro_norm,43.18,0.5198677467427928
gyro_norm,43.204,0.701424983995669
gyro_norm,43.223,0.8769053194590243
gyro_norm,43.245,0.764218281397813
gyro_norm,43.267,0.5654966356403032
gyro_norm,43.289,0.4444523560176561
gyro_norm,43.311,0.2701442882973366
gyro_norm,43.332,0.18632959247575276
gyro_norm,43.36,0.3367884745220682
gyro_norm,43.377,0.3064839463203747
gyro_norm,43.398,0.31220711764789427
gyro_norm,43.42,0.2911914939858843
gyro_norm,43.443,0.28972487653692736
gyro_norm,43.464,0.3009416272010891
gyro_norm,43.486,0.3416454031151243
gyro_norm,43.508,0.37688168471672734
gyro_norm,43.529,0.3643581356711274
gyro_norm,43.551,0.383177687893393
gyro_norm,43.573,0.31882785776937217
gyro_norm,43.595,0.10208423699502311
gyro_norm,43.617,0.34604672065965064
gyro_norm,43.645,0.4800427947846223
gyro_norm,43.66,0.776408597322711
gyro_norm,43.683,1.1467574817156352
gyro_norm,43.705,1.028913488115912
gyro_norm,43.726,0.613348710136417
gyro_norm,43.748,0.22523132593952572
gyro_norm,43.77,0.2167250424590457
gyro_norm,43.792,0.37386078400082423
gyro_norm,43.824,0.47651460245400745
gyro_norm,43.836,0.43372793473140375
gyro_norm,43.857,0.3998258696081823
gyro_norm,43.881,0.48509052414779547
gyro_norm,43.901,0.6309030307355667
gyro_norm,43.924,0.6301498011969404
gyro_norm,43.945,0.5710537174545429
gyro_norm,43.967,0.5404520712991432
gyro_norm,43.989,0.5475404607534732
gyro_norm,44.011,0.6090651273373514
gyro_norm,44.032,0.6047290755646194
gyro_norm,44.057,0.46611148767154353
gyro_norm,44.076,0.37131948163866924
gyro_norm,44.098,0.5336211111768917
gyro_norm,44.12,0.8080377264939729
gyro_norm,44.147,0.5116423086741773
gyro_norm,44.168,0.3974778434985318
gyro_norm,44.186,0.47885277886903915
gyro_norm,44.208,0.5636901008091785
gyro_norm,44.23,0.5276752023310629
gyro_norm,44.253,0.47238025162763336
gyro_norm,44.273,0.43606378310537197
gyro_norm,44.296,0.34486719818089645
gyro_norm,44.326,0.6156616264289423
gyro_norm,44.339,0.7438445448977906
gyro_norm,44.361,0.5324052249982113
gyro_norm,44.383,0.30079144046942463
gyro_norm,44.405,0.17847688862998276
gyro_norm,44.427,0.2126601440746859
gyro_norm,44.448,0.3964890210446317
gyro_norm,44.473,0.4633745091339797
gyro_norm,44.492,0.45276510520483426
gyro_norm,44.514,0.7753987348603836
gyro_norm,44.539,0.9181472774094427
gyro_norm,44.558,0.7423172763963062
gyro_norm,44.58,0.4801576811168238
gyro_norm,44.601,0.4038529467217325
gyro_norm,44.623,0.27927966808448945
gyro_norm,44.645,0.3306720718004153
gyro_norm,44.667,0.7833426952706091
gyro_norm,44.689,1.017268535649405
gyro_norm,44.711,0.8841249293633503
gyro_norm,44.738,0.5652808887053421
gyro_norm,44.755,0.4321201003270217
gyro_norm,44.782,0.6244153185113519
gyro_norm,44.798,0.6136953225197223
gyro_norm,44.822,0.573203887156149
gyro_norm,44.843,0.5022845151259192
gyro_norm,44.864,0.3978281744266684
gyro_norm,44.886,0.4623142015599947
gyro_norm,44.908,0.5954907872008876
gyro_norm,44.93,0.6725738595656189
gyro_norm,44.951,0.6849491206716033
gyro_norm,44.977,0.6198487463861445
gyro_norm,44.995,0.4809020026743963
gyro_norm,45.02,0.5889918780534248
gyro_norm,45.039,0.7334940319816937
gyro_norm,45.061,0.5989765305461737
gyro_norm,45.083,0.34795083983636105
gyro_norm,45.105,0.24338467119329224
gyro_norm,45.127,0.4776527375053388
gyro_norm,45.148,0.35042756775527506
gyro_norm,45.17,0.6553012344880578
gyro_norm,45.192,1.101726545863234
gyro_norm,45.214,0.9647833730517845
gyro_norm,45.237,0.9324801406073405
gyro_norm,45.268,0.6192557311546697
gyro_norm,45.28,0.21566559977690763
gyro_norm,45.301,0.9117940607538044
gyro_norm,45.324,1.3219743849625538
gyro_norm,45.345,1.3536958977759506
gyro_norm,45.368,1.0191362909515747
gyro_norm,45.389,0.5732648755859621
gyro_norm,45.411,0.4062151067797988
gyro_norm,45.433,0.47082659136375776
gyro_norm,45.454,0.644185036335114
gyro_norm,45.477,0.7451919603743712
gyro_norm,45.498,0.5608188965785826
gyro_norm,45.522,0.406858515837465
gyro_norm,45.543,0.2927674970472969
gyro_norm,45.564,0.16768565529174895
gyro_norm,45.586,0.36639855233416807
gyro_norm,45.608,0.5025184954647275
gyro_norm,45.63,0.419657247414908
gyro_norm,45.651,0.3359521371559864
gyro_norm,45.673,0.23694599922756576
gyro_norm,45.702,0.6924063564975067
gyro_norm,45.717,1.301964627548005
gyro_norm,45.739,1.3105993601155335
gyro_norm,45.761,0.6819150234842698
gyro_norm,45.783,0.492354109255675
gyro_norm,45.805,0.6125528242772224
gyro_norm,45.827,0.4108058547415569
gyro_norm,45.848,0.7168748479177852
gyro_norm,45.871,1.0646375346761048
gyro_norm,45.892,0.9076637277372169
gyro_norm,45.92,0.5416862707829613
gyro_norm,45.936,0.44477713477820374
gyro_norm,45.958,0.3100681908021666
gyro_norm,45.98,0.2699374733809556
gyro_norm,46.002,0.4437118837596329
gyro_norm,46.024,0.3256760928410756
gyro_norm,46.045,0.20514105824607384
gyro_norm,46.068,0.12729094403400368
gyro_norm,46.089,0.14582813536950423
gyro_norm,46.111,0.15166787032518508
gyro_norm,46.133,0.2015478865343137
gyro_norm,46.155,0.35095565199507583
gyro_norm,46.177,0.4032228876295071
gyro_norm,46.199,0.48954240449514574
gyro_norm,46.22,0.2720507305531881
gyro_norm,46.249,0.7104431031871612
gyro_norm,46.264,0.8239580277878198
gyro_norm,46.286,0.45830803619981714
gyro_norm,46.308,0.8898351191942805
gyro_norm,46.33,0.9223208653196127
gyro_norm,46.352,0.1547963771735134
gyro_norm,46.374,0.5479328134845995
gyro_norm,46.404,0.5884383191058012
gyro_norm,46.418,0.2764641171345578
gyro_norm,46.439,0.6114754239457826
gyro_norm,46.461,0.876447441553355
gyro_norm,46.483,0.6737685344066561
gyro_norm,46.505,0.27857300992174044
gyro_norm,46.527,0.5062628747662425
gyro_norm,46.558,0.490998705253807
gyro_norm,46.57,0.8243888136852537
gyro_norm,46.594,0.7400847756609771
gyro_norm,46.617,0.7136155838814031
gyro_norm,46.636,0.7614171729135029
gyro_norm,46.664,0.954850346508152
gyro_norm,46.68,1.2461510181499647
gyro_norm,46.701,1.561162505797847
gyro_norm,46.723,1.7188251210967005
gyro_norm,46.745,1.6921337893577555
gyro_norm,46.768,1.709033818802214
gyro_norm,46.789,1.9673006017807888
gyro_norm,46.811,2.302667383037238
gyro_norm,46.834,2.4470850573352334
gyro_norm,46.858,2.2482338716242833
gyro_norm,46.877,2.0765195827199725
gyro_norm,46.898,2.270182885739046
gyro_norm,46.92,2.5090987364543365
gyro_norm,46.943,2.6577144996636664
gyro_norm,46.965,2.769047251473674
gyro_norm,46.986,2.9365074287945356
gyro_norm,47.008,3.1286376834795777
gyro_norm,47.03,3.215377708706793
gyro_norm,47.061,3.1951951310511544
gyro_norm,47.074,3.228767099954529
gyro_norm,47.095,3.30356810300792
gyro_norm,47.118,3.343625854236893
gyro_norm,47.139,3.400577914837179
gyro_norm,47.161,3.549267361480751
gyro_norm,47.183,3.737002329624334
gyro_norm,47.204,3.7833812594476135
gyro_norm,47.227,3.636838827681964
gyro_norm,47.249,3.415825762566617
gyro_norm,47.27,3.286748954059676
gyro_norm,47.293,3.2092852292125245
gyro_norm,47.317,3.107870527828601
gyro_norm,47.336,2.9061019617761006
gyro_norm,47.359,2.731453484496685
gyro_norm,47.38,2.79586242917111
gyro_norm,47.403,3.115652017054269
gyro_norm,47.424,3.066680429366997
gyro_norm,47.446,2.6287346246395593
gyro_norm,47.467,2.3927518428262733
gyro_norm,47.489,2.468599576978523
gyro_norm,47.511,2.616824539751216
gyro_norm,47.534,2.428437934646056
gyro_norm,47.558,1.9709281274733752
gyro_norm,47.577,1.623668272034537
gyro_norm,47.599,1.4789528025432264
gyro_norm,47.62,1.5448348962046707
gyro_norm,47.643,1.5620105489174072
gyro_norm,47.664,1.4733224849511986
gyro_norm,47.686,1.2776529530520273
gyro_norm,47.708,1.0195204370710722
gyro_norm,47.73,0.909472100195605
gyro_norm,47.761,0.9047042576835568
gyro_norm,47.775,0.9644356761076692
gyro_norm,47.796,0.9918168151506365
gyro_norm,47.818,0.9290206788108917
gyro_norm,47.841,0.868473522637537
gyro_norm,47.861,0.8110731399694597
gyro_norm,47.883,0.7421556458134848
gyro_norm,47.905,0.7090602337783033
gyro_norm,47.927,0.9552694050576886
gyro_norm,47.948,1.1163320648187989
gyro_norm,47.97,0.8998388855303028
gyro_norm,48.001,0.6768544129765371
gyro_norm,48.016,0.8230134676419985
gyro_norm,48.036,0.9815872680112999
gyro_norm,48.058,0.9214133741151278
gyro_norm,48.08,0.7108524116481342
gyro_norm,48.103,0.474083847314059
gyro_norm,48.124,0.415222943834631
gyro_norm,48.146,0.3692566144837646
gyro_norm,48.169,0.42107883111921324
gyro_norm,48.189,0.4674292166476567
gyro_norm,48.211,0.5613767059044301
gyro_norm,48.233,0.6987899360219947
gyro_norm,48.255,0.6718941021253473
gyro_norm,48.277,0.6716138038223735
gyro_norm,48.299,0.53625695632973
gyro_norm,48.323,0.3993335001387354
gyro_norm,48.343,0.4577709455907308
gyro_norm,48.364,0.6972781349873577
gyro_norm,48.386,0.5333413133346665
gyro_norm,48.408,0.421593757062669
gyro_norm,48.43,0.9099306992562172
gyro_norm,48.452,0.6732395450475522
gyro_norm,48.477,0.40017029888901684
gyro_norm,48.496,0.47062091991823435
gyro_norm,48.518,0.48488295718988816
gyro_norm,48.541,0.5254870116782934
gyro_norm,48.562,0.5021843807855959
gyro_norm,48.584,0.5425990889994753
gyro_norm,48.605,0.5608269709587509
gyro_norm,48.627,0.6379294927958328
gyro_norm,48.649,0.6835092731697936
gyro_norm,48.671,0.5804222012330003
gyro_norm,48.699,0.5836914857034317
gyro_norm,48.715,0.5911462194445639
gyro_norm,48.736,0.8419245449709141
gyro_norm,48.758,0.9527338235495757
gyro_norm,48.78,0.8164765228715972
gyro_norm,48.804,0.7230604913658304
gyro_norm,48.824,0.6584664907971578
gyro_norm,48.846,0.4748822477141924
gyro_norm,48.868,0.270899201557294
gyro_norm,48.889,0.5850224635721337
gyro_norm,48.912,1.2932605157185486
gyro_norm,48.941,1.3747184200513127
gyro_norm,48.957,0.9331620170605904
gyro_norm,48.977,0.4166942638512259
gyro_norm,48.999,0.3004087581522132
gyro_norm,49.021,0.5008367453599297
gyro_norm,49.043,0.9002844004621205
gyro_norm,49.065,1.001962654059761
gyro_norm,49.087,0.7195416868863508
gyro_norm,49.108,0.3563025976359489
gyro_norm,49.131,0.21703900391828748
gyro_norm,49.152,0.36118196948113496
gyro_norm,49.174,0.4065538631454683
gyro_norm,49.196,0.32148372672642334
gyro_norm,49.218,0.12508500224582372
gyro_norm,49.24,0.2687569897106115
gyro_norm,49.262,0.4465774961007627
gyro_norm,49.284,0.45598452578515264
gyro_norm,49.305,0.45045659717483433
gyro_norm,49.327,0.47588367856956526
gyro_norm,49.349,0.5497233549298853
gyro_norm,49.371,0.6883061700120585
gyro_norm,49.4,0.24228518649206585
gyro_norm,49.414,0.7885584493790099
gyro_norm,49.437,0.5581357820171541
gyro_norm,49.459,0.5305535830175717
gyro_norm,49.481,0.36017674800655497
gyro_norm,49.503,0.2786315300023606
gyro_norm,49.524,0.6571729609625848
gyro_norm,49.546,0.633383894947509
gyro_norm,49.568,0.45323006828096785
gyro_norm,49.598,0.41471077554152075
gyro_norm,49.611,0.3121033656477212
gyro_norm,49.64,0.30309214528194856
gyro_norm,49.655,0.3359430235991244
gyro_norm,49.677,0.3371146409856202
gyro_norm,49.7,0.26300251664814583
gyro_norm,49.721,0.0812167358116056
gyro_norm,49.743,0.3552810880951067
gyro_norm,49.768,0.31361597289139914
gyro_norm,49.786,0.37317494499497533
gyro_norm,49.809,0.32575111816348856
gyro_norm,49.831,0.2616376207473427
gyro_norm,49.852,0.4041548746139649
gyro_norm,49.874,0.6901625461370735
gyro_norm,49.901,0.8476043331502504
gyro_norm,49.917,1.4397920377101259
gyro_norm,49.939,1.2252423397396328
gyro_norm,49.961,0.5517144485660667
gyro_norm,49.984,0.5464925820277786
gyro_norm,50.005,0.5448813022648993
gyro_norm,50.027,0.45916601303349847
gyro_norm,50.049,0.8121601970220649
gyro_norm,50.071,0.8197699065533945
gyro_norm,50.093,0.4165325789023366
gyro_norm,50.115,0.47852209845192195
gyro_norm,50.136,0.6665747701616745
gyro_norm,50.16,0.4982063398455974
gyro_norm,50.18,0.24801839282068297
gyro_norm,50.203,0.4009388904687841
gyro_norm,50.224,0.3932469577312899
gyro_norm,50.246,0.24498510158057252
gyro_norm,50.268,0.19773031897449844
gyro_norm,50.29,0.44775547033892843
gyro_norm,50.312,0.4504683077720497
gyro_norm,50.333,0.30290066692591766
gyro_norm,50.355,0.39517039766068923
gyro_norm,50.377,0.1766144812378463
gyro_norm,50.4,0.6319411528207025
gyro_norm,50.421,1.0581273495013828
gyro_norm,50.443,0.8073460182781919
gyro_norm,50.465,0.6069101104041258
gyro_norm,50.487,0.7609044954172608
gyro_norm,50.508,0.6355345477705256
gyro_norm,50.53,0.4822782791500686
gyro_norm,50.552,0.3889772240701994
gyro_norm,50.574,0.34099819282202265
gyro_norm,50.596,0.3315154745177383
gyro_norm,50.618,0.3681042634083227
gyro_norm,50.639,0.5211641206460181
gyro_norm,50.662,0.4866827360532437
gyro_norm,50.684,0.3755816032037866
gyro_norm,50.706,0.2195677066578898
gyro_norm,50.727,0.32600794639227804
gyro_norm,50.749,0.32375652153590906
gyro_norm,50.771,0.324479121279307
gyro_norm,50.793,0.050530603185549645
gyro_norm,50.815,0.44140712343990157
gyro_norm,50.837,0.5627812242477707
gyro_norm,50.858,0.378651581462439
gyro_norm,50.884,0.4024406744420704
gyro_norm,50.903,0.4642284382780076
gyro_norm,50.924,0.6231378536683985
gyro_norm,50.946,0.8539306130703417
gyro_norm,50.968,0.4471238476458007
gyro_norm,50.991,0.380627038979802
gyro_norm,51.012,0.5911367515973812
gyro_norm,51.033,0.3241330669566954
gyro_norm,51.056,0.6213610453986604
gyro_norm,51.077,0.6447743947737693
gyro_norm,51.1,0.28480156269433565
gyro_norm,51.121,0.21943574442836541
gyro_norm,51.143,0.44219850889982887
gyro_norm,51.165,0.3574584979167392
gyro_norm,51.187,0.21598644200774114
gyro_norm,51.209,0.25894483886333786
gyro_norm,51.23,0.2773121699160143
gyro_norm,51.252,0.24834517458468966
gyro_norm,51.274,0.1342126850136788
gyro_norm,51.296,0.11221492021816724
gyro_norm,51.319,0.37691300783168125
gyro_norm,51.339,0.5872042005125346
gyro_norm,51.361,0.5120615355509714
gyro_norm,51.383,0.2782700827704046
gyro_norm,51.405,0.47297312316538714
gyro_norm,51.427,0.4265368230051764
gyro_norm,51.45,0.2609905919372377
gyro_norm,51.471,0.23757064904799585
gyro_norm,51.493,0.5574957640928617
gyro_norm,51.516,0.6225894658992506
gyro_norm,51.537,0.12314087553096642
gyro_norm,51.558,0.5103230070646209
gyro_norm,51.581,0.7377082407984071
gyro_norm,51.612,0.6684749858378496
gyro_norm,51.624,0.39957601125654457
gyro_norm,51.646,0.45741282243805026
gyro_norm,51.668,0.5964135049458844
gyro_norm,51.69,0.25683877051848897
gyro_norm,51.712,0.12313368226983153
gyro_norm,51.733,0.18681941799603713
gyro_norm,51.755,0.19843581766991436
gyro_norm,51.778,0.2987195197234016
gyro_norm,51.799,0.3880436814104594
gyro_norm,51.822,0.4203951329937203
gyro_norm,51.843,0.6897322832766045
gyro_norm,51.865,0.7694735028394436
gyro_norm,51.887,0.6368655845210993
gyro_norm,51.908,0.2675895029815096
gyro_norm,51.93,0.18200612320521553
gyro_norm,51.952,0.11165946288603691
gyro_norm,51.974,0.5849003612197914
gyro_norm,52.007,0.6779079777525523
gyro_norm,52.018,0.6209534985766587
gyro_norm,52.04,0.8949878190163679
gyro_norm,52.062,0.6761379176751626
gyro_norm,52.084,0.4923193446400563
gyro_norm,52.107,0.7282120806377955
gyro_norm,52.128,0.55780559469038
gyro_norm,52.15,0.6520876394097086
gyro_norm,52.171,0.7673615632844102
gyro_norm,52.193,0.4264417714652099
gyro_norm,52.215,0.1531878967549756
gyro_norm,52.237,0.3692629275387823
gyro_norm,52.259,0.3117172730845869
gyro_norm,52.282,0.34205117302891813
gyro_norm,52.303,0.41073883935671307
gyro_norm,52.325,0.2956918839092072
gyro_norm,52.346,0.08212227469558217
gyro_norm,52.368,0.5009721967467189
gyro_norm,52.39,0.6132248976325595
gyro_norm,52.412,0.3463636040791234
gyro_norm,52.434,0.12653142745305823
gyro_norm,52.456,0.27510325925318535
gyro_norm,52.49,0.40282715288191995
gyro_norm,52.5,0.3640945595373098
gyro_norm,52.525,0.34152684515638676
gyro_norm,52.543,0.8673883047113156
gyro_norm,52.565,0.8331799487769252
gyro_norm,52.587,0.9086498178778931
gyro_norm,52.609,0.9505839765764432
gyro_norm,52.631,0.4088219668314901
gyro_norm,52.652,0.5144648866232165
gyro_norm,52.674,0.9514323051705139
gyro_norm,52.696,0.8817314752717688
gyro_norm,52.718,0.416505587598858
gyro_norm,52.74,0.3182286464368508
gyro_norm,52.763,0.4360468790310749
gyro_norm,52.784,0.5167286516442167
gyro_norm,52.807,0.5984794176162886
gyro_norm,52.827,0.5250759112870915
gyro_norm,52.849,0.3352471372694468
gyro_norm,52.871,0.31716358757655727
gyro_norm,52.893,0.51161599691357
gyro_norm,52.915,0.4738496911227625
gyro_norm,52.938,0.11489719143685016
gyro_norm,52.959,0.2620548416893158
gyro_norm,52.98,0.42825590471231395
gyro_norm,53.004,0.3435183763102559
gyro_norm,53.024,0.21518129381435233
gyro_norm,53.046,0.32050916123158946
gyro_norm,53.068,0.4253295270160687
gyro_norm,53.098,0.9188040343607695
gyro_norm,53.114,0.9815718814934574
gyro_norm,53.133,0.4399759235608834
gyro_norm,53.156,0.4923974211884458
gyro_norm,53.179,0.6726808381121925
gyro_norm,53.199,0.4052751655298378
gyro_norm,53.222,0.24209427724690338
gyro_norm,53.243,0.31028705693019937
gyro_norm,53.265,0.29395221562016177
gyro_norm,53.287,0.31851843612419395
gyro_norm,53.309,0.3443423638645364
gyro_norm,53.331,0.29715519717703937
gyro_norm,53.352,0.24749684878074746
gyro_norm,53.379,0.3110341589966059
gyro_norm,53.396,0.4738884246587222
gyro_norm,53.418,0.5154344463985033
gyro_norm,53.445,0.3298323053712458
gyro_norm,53.463,0.2557099472756025
gyro_norm,53.484,0.4805218809463233
gyro_norm,53.506,0.5771447320942066
gyro_norm,53.529,0.5307447086384562
gyro_norm,53.55,0.4479908330937919
gyro_norm,53.571,0.3179765282345061
gyro_norm,53.601,0.2089811676609517
gyro_norm,53.616,0.18850214925745673
gyro_norm,53.637,0.6271558708292859
gyro_norm,53.659,0.4928992862599354
gyro_norm,53.681,0.5333609241416721
gyro_norm,53.703,0.9948940280345949
gyro_norm,53.725,0.8069352309029896
gyro_norm,53.747,0.45648886407185796
gyro_norm,53.768,0.8491796896863648
gyro_norm,53.791,1.0194829413362259
gyro_norm,53.812,0.5935923324071655
gyro_norm,53.834,0.23764391930220832
gyro_norm,53.856,0.5078197423930239
gyro_norm,53.878,0.37923724616703647
gyro_norm,53.904,0.2532690726191223
gyro_norm,53.921,0.2410614868141392
gyro_norm,53.943,0.2673413826897946
gyro_norm,53.965,0.2170917959984458
gyro_norm,53.987,0.04936301512768865
gyro_norm,54.009,0.26275610265178545
gyro_norm,54.031,0.3322752143415556
gyro_norm,54.053,0.16796601995221386
gyro_norm,54.074,0.388644479035105
gyro_norm,54.096,0.47502294538773826
gyro_norm,54.118,0.49238366864887395
gyro_norm,54.14,0.6869616774789535
gyro_norm,54.163,1.236186419059297
gyro_norm,54.184,1.3644900231600852
gyro_norm,54.206,0.6312144394507481
gyro_norm,54.227,0.4608277934037805
gyro_norm,54.25,0.8661371071273926
gyro_norm,54.272,0.6176243472379586
gyro_norm,54.293,0.28781980835748183
gyro_norm,54.316,0.39211333130652964
gyro_norm,54.337,0.29186499386505965
gyro_norm,54.359,0.2873859343785695
gyro_norm,54.381,0.4425830549633045
gyro_norm,54.405,0.411002634746645
gyro_norm,54.425,0.2679617889438642
gyro_norm,54.446,0.1694065923522195
gyro_norm,54.469,0.11283732239282643
gyro_norm,54.49,0.20621764970726872
gyro_norm,54.512,0.348941028972834
gyro_norm,54.534,0.29232689165891595
gyro_norm,54.556,0.2594330395698271
gyro_norm,54.579,0.3160229531059374
gyro_norm,54.6,0.4272062001027197
gyro_norm,54.621,0.5395002296518172
gyro_norm,54.643,0.4425953629988099
gyro_norm,54.665,0.18778708395231664
gyro_norm,54.687,1.1880087007173696
gyro_norm,54.71,1.2908571142567795
gyro_norm,54.73,0.5801698227433179
gyro_norm,54.753,0.6404000280619101
gyro_norm,54.778,0.4404617100179409
gyro_norm,54.796,0.2415297227685278
gyro_norm,54.818,0.5865706678890347
gyro_norm,54.84,0.5886740405903961
gyro_norm,54.863,0.3917964448618951
gyro_norm,54.887,0.46543992863105715
gyro_norm,54.906,0.44200010155603414
gyro_norm,54.928,0.18493704487421944
gyro_norm,54.949,0.381820903834358
gyro_norm,54.971,0.5066884383772043
gyro_norm,55.003,0.43063542194051163
gyro_norm,55.015,0.35138419395002335
gyro_norm,55.037,0.4107208795354865
gyro_norm,55.059,0.48413148162455616
gyro_norm,55.081,0.39131822562509927
gyro_norm,55.103,0.20062478662014024
gyro_norm,55.125,0.05692136624000803
gyro_norm,55.147,0.07895131626756483
gyro_norm,55.168,0.042180922062362756
gyro_norm,55.193,0.12378662928004813
gyro_norm,55.212,0.7724281078155029
gyro_norm,55.242,1.277247685395304
gyro_norm,55.256,0.8453029371821311
gyro_norm,55.278,0.7295817285833945
gyro_norm,55.3,1.1850566960398647
gyro_norm,55.321,0.9481220201773634
gyro_norm,55.343,0.25295859782293245
gyro_norm,55.368,0.6026716454640052
gyro_norm,55.387,0.7155499519192583
gyro_norm,55.409,0.34093662826655435
gyro_norm,55.431,0.31592116375225865
gyro_norm,55.46,0.5270327084559676
gyro_norm,55.474,0.366808952414595
gyro_norm,55.499,0.21411459080149028
gyro_norm,55.524,0.19647483718400668
gyro_norm,55.54,0.1920805446213658
gyro_norm,55.563,0.32214381108169776
gyro_norm,55.584,0.2674149531233721
gyro_norm,55.606,0.19495190215510516
gyro_norm,55.628,0.19100644944102146
gyro_norm,55.65,0.3787630842193625
gyro_norm,55.672,0.4215250696074511
gyro_norm,55.693,0.23222073195723222
gyro_norm,55.715,0.716824847596508
gyro_norm,55.742,0.9250659219997653
gyro_norm,55.759,0.7329117643522141
gyro_norm,55.781,1.3765251675846712
gyro_norm,55.804,1.4823113594407091
gyro_norm,55.825,1.0210070642594289
gyro_norm,55.847,0.75822700663904
gyro_norm,55.869,1.2283539203655642
gyro_norm,55.891,1.0694409798892464
gyro_norm,55.917,0.3770900870711513
gyro_norm,55.934,0.8321170451977838
gyro_norm,55.956,0.8018429264849484
gyro_norm,55.978,0.2603888577493987
gyro_norm,56.001,0.4736156743560755
gyro_norm,56.022,0.6063168610652317
gyro_norm,56.044,0.4417307018873065
gyro_norm,56.065,0.22495572332518368
gyro_norm,56.088,0.3880797006219411
gyro_norm,56.109,0.49375591937272045
gyro_norm,56.131,0.4239937567838455
gyro_norm,56.153,0.3481860682570515
gyro_norm,56.175,0.35356393694227933
gyro_norm,56.197,0.2993876636977471
gyro_norm,56.218,0.22754230141531068
gyro_norm,56.24,0.12449283650308801
gyro_norm,56.266,0.243133439834547
gyro_norm,56.284,0.4055726743687531
gyro_norm,56.306,0.46897438767451244
gyro_norm,56.328,0.6012670408185598
gyro_norm,56.35,0.8103698252515682
gyro_norm,56.372,0.988966752837668
gyro_norm,56.397,1.1103492210932255
gyro_norm,56.415,1.1060184108730975
gyro_norm,56.437,1.0012860994346222
gyro_norm,56.459,1.020859362929118
gyro_norm,56.481,1.2664920383075375
gyro_norm,56.503,1.5216574108697187
gyro_norm,56.525,1.7074187612389626
gyro_norm,56.547,1.8297390344204212
gyro_norm,56.569,1.911659920626113
gyro_norm,56.59,2.087852611606334
gyro_norm,56.613,2.3007711923356924
gyro_norm,56.637,2.428767464737578
gyro_norm,56.656,2.5231381729156155
gyro_norm,56.678,2.5082503785914265
gyro_norm,56.7,2.4975645800044974
gyro_norm,56.722,2.643933372187438
gyro_norm,56.743,2.8149190400692303
gyro_norm,56.765,2.770224530029982
gyro_norm,56.787,2.6026043818178612
gyro_norm,56.809,2.4969395422786413
gyro_norm,56.831,2.470686444044257
gyro_norm,56.856,2.506314693684942
gyro_norm,56.875,2.358521404393834
gyro_norm,56.898,2.0531201347029477
gyro_norm,56.918,1.9121435664449964
gyro_norm,56.94,1.8624559758058532
gyro_norm,56.963,1.839067005823764
gyro_norm,56.984,1.7345921216553164
gyro_norm,57.006,1.5574865571413932
gyro_norm,57.028,1.4091854039481755
gyro_norm,57.05,1.4432468106001335
gyro_norm,57.082,1.551253743177611
gyro_norm,57.098,1.5327404043210608
gyro_norm,57.115,1.5488462332815491
gyro_norm,57.137,1.5989322695541277
gyro_norm,57.159,1.6059237273543436
gyro_norm,57.182,1.5450670628198393
gyro_norm,57.203,1.404528454010316
gyro_norm,57.225,1.1962509612641643
gyro_norm,57.247,0.9906315654961324
gyro_norm,57.269,0.8249949101610303
gyro_norm,57.291,0.7180287964812031
gyro_norm,57.313,0.6950221941219481
gyro_norm,57.338,0.7446608630322766
gyro_norm,57.356,0.7291738292661711
gyro_norm,57.378,0.5912990545176193
gyro_norm,57.4,0.42748527803267733
gyro_norm,57.424,0.48971623645143386
gyro_norm,57.444,0.9030944655903798
gyro_norm,57.465,1.106743641989562
gyro_norm,57.487,1.211549206629846
gyro_norm,57.509,1.3606289792540627
gyro_norm,57.531,1.4154632142890282
gyro_norm,57.553,1.2823540496807329
gyro_norm,57.575,0.8137778010720484
gyro_norm,57.597,0.9862442936830227
gyro_norm,57.619,0.8981148426582747
gyro_norm,57.64,0.592164351825276
gyro_norm,57.663,0.742129351872517
gyro_norm,57.684,0.883447596857661
gyro_norm,57.706,0.9055716984885706
gyro_norm,57.748,0.8411353344822761
gyro_norm,57.77,0.8444439333493167
gyro_norm,57.789,0.7826486578039484
gyro_norm,57.811,0.620231377878899
gyro_norm,57.832,0.4896564622430093
gyro_norm,57.852,0.4617559388617811
gyro_norm,57.873,0.5194693871070043
gyro_norm,57.894,0.5907040465013278
gyro_norm,57.914,0.6284072468832432
gyro_norm,57.935,0.7994534143570314
gyro_norm,57.957,0.9463381286036396
gyro_norm,57.976,1.0945823866083089
gyro_norm,57.998,1.2341427494527921
gyro_norm,58.019,1.366406726991447
gyro_norm,58.038,1.6035446094022043
gyro_norm,58.06,1.8244759559756432
gyro_norm,58.081,1.8518346495774467
gyro_norm,58.101,1.712941806337944
gyro_norm,58.123,1.5938565622496206
gyro_norm,58.144,1.5257839315867352
gyro_norm,58.163,1.3628553821883291
gyro_norm,58.186,1.139232109385415
gyro_norm,58.214,0.8768707042542346
gyro_norm,58.236,0.8574015542540449
gyro_norm,58.257,0.8338127076325513
gyro_norm,58.279,0.7706280039042603
gyro_norm,58.301,0.6978121996324728
gyro_norm,58.323,0.8265296950874362
gyro_norm,58.345,0.9931688529585957
gyro_norm,58.367,1.095846529538325
gyro_norm,58.388,1.0867343815343253
gyro_norm,58.41,1.1415156113351492
gyro_norm,58.432,1.1817955231491328
gyro_norm,58.454,1.11566033429608
gyro_norm,58.476,0.9719509800061621
gyro_norm,58.498,0.7783165574743064
gyro_norm,58.52,0.6903016910099657
gyro_norm,58.543,0.507512692479001
gyro_norm,58.564,0.37025477003120455
gyro_norm,58.586,0.5689253204413232
gyro_norm,58.608,0.7772947304879003
gyro_norm,58.629,0.8980161198291369
gyro_norm,58.651,0.9204488235206282
gyro_norm,58.673,0.9196770797906962
gyro_norm,58.695,0.9958288012725608
gyro_norm,58.717,0.9836736251309318
gyro_norm,58.738,1.0045653169680202
gyro_norm,58.761,1.1065059578739884
gyro_norm,58.783,1.0624645420860193
gyro_norm,58.804,1.2074353685385617
gyro_norm,58.826,1.5175081908455526
gyro_norm,58.848,1.6628545318022043
gyro_norm,58.87,1.5902146898415253
gyro_norm,58.892,1.3624049911424159
gyro_norm,58.914,1.1165038935143634
gyro_norm,58.935,1.148519197228316
gyro_norm,58.957,1.277705615272178
gyro_norm,58.979,1.131794139779347
gyro_norm,59.001,0.8790174023737155
gyro_norm,59.023,0.7895755709577394
gyro_norm,59.045,0.623327951212485
gyro_norm,59.067,0.4036427722097828
gyro_norm,59.089,0.4213852379091106
gyro_norm,59.11,0.457818058827344
gyro_norm,59.133,0.4322151350929225
gyro_norm,59.154,0.3159657138685152
gyro_norm,59.176,0.33793802599085654
gyro_norm,59.198,0.33021793603493893
gyro_norm,59.22,0.38290120673379197
gyro_norm,59.243,0.45988658990316905
gyro_norm,59.264,0.5012546893166686
gyro_norm,59.286,1.321909048013145
gyro_norm,59.307,1.6266712353892372
gyro_norm,59.33,0.9042908955246066
gyro_norm,59.354,0.7914043995035547
gyro_norm,59.373,1.2231495137031183
gyro_norm,59.395,0.9623668874901834
gyro_norm,59.417,0.8649398908420067
gyro_norm,59.439,0.6301682903486548
gyro_norm,59.46,0.507508548369879
gyro_norm,59.483,0.7001426029301312
gyro_norm,59.504,1.055509967876043
gyro_norm,59.526,1.3736793220643055
gyro_norm,59.548,1.1681624718213912
gyro_norm,59.57,0.8783251533047985
gyro_norm,59.592,1.0115750016518337
gyro_norm,59.614,1.1548433063478458
gyro_norm,59.635,1.2949671869705743
gyro_norm,59.657,1.4342347028436115
gyro_norm,59.679,1.571283644740796
gyro_norm,59.701,1.4599411518362169
gyro_norm,59.723,1.2214568821802676
gyro_norm,59.745,1.2587823816162973
gyro_norm,59.767,1.4437697758702308
gyro_norm,59.789,1.450684092763292
gyro_norm,59.81,1.8148087976570457
gyro_norm,59.833,2.5746517895577394
gyro_norm,59.854,1.784747020133345
gyro_norm,59.876,2.0842792342917065
gyro_norm,59.898,2.083570228948393
gyro_norm,59.92,2.171164301456456
gyro_norm,59.943,2.229024839193207
gyro_norm,59.964,2.317774995184859
gyro_norm,59.986,2.3704609778106174
gyro_norm,60.008,2.4547315654120863
gyro_norm,60.03,2.5847806900062054
gyro_norm,60.051,2.6030064610096297
gyro_norm,60.074,2.5716906458326276
gyro_norm,60.095,2.590257168554972
gyro_norm,60.119,2.655447049469115
gyro_norm,60.139,2.8670848061118157
gyro_norm,60.161,3.0959533060009607
gyro_norm,60.183,3.061369411833596
gyro_norm,60.205,2.8558219493223924
gyro_norm,60.226,2.8444707080130307
gyro_norm,60.249,2.9641724819161714
gyro_norm,60.27,2.946157773191674
gyro_norm,60.299,2.7178529084124503
gyro_norm,60.316,2.654803430963011
gyro_norm,60.336,2.8199309942121
gyro_norm,60.357,3.020841474340913
gyro_norm,60.379,3.073593359853351
gyro_norm,60.401,2.795129605909647
gyro_norm,60.423,2.2726461305723773
gyro_norm,60.445,1.7939523634169807
gyro_norm,60.467,1.5818623764876893
gyro_norm,60.489,1.511902833096855
gyro_norm,60.511,1.476027740813031
gyro_norm,60.533,1.439201515194662
gyro_norm,60.554,1.4797904872623484
gyro_norm,60.582,1.6616068051609503
gyro_norm,60.599,1.7797693979572389
gyro_norm,60.621,1.7354731997164587
gyro_norm,60.64,1.6588169977733467
gyro_norm,60.663,1.5798040280873853
gyro_norm,60.683,1.4718004127964397
gyro_norm,60.703,1.289573267067467
gyro_norm,60.726,1.1238199135630167
gyro_norm,60.746,1.1299180509207025
gyro_norm,60.765,1.301084255267791
gyro_norm,60.786,1.134723532045535
gyro_norm,60.808,0.9558069887025975
gyro_norm,60.827,0.8569212790922094
gyro_norm,60.849,0.685040203768481
gyro_norm,60.87,0.8074788516627623
gyro_norm,60.89,0.7546731085018342
gyro_norm,60.911,0.783117478882313
gyro_norm,60.932,0.7155950564581514
gyro_norm,60.952,0.5612514101152761
gyro_norm,60.974,0.5467081364823188
gyro_norm,60.995,0.5555872164626557
gyro_norm,61.015,0.5313543283816641
gyro_norm,61.04,0.5241039497478056
gyro_norm,61.064,0.9142075459965229
gyro_norm,61.086,0.8553634387616144
gyro_norm,61.108,0.4613606219159373
gyro_norm,61.13,0.7052090300653062
gyro_norm,61.152,0.7966157887265226
gyro_norm,61.174,0.47977163579729565
gyro_norm,61.196,0.43893352527362467
gyro_norm,61.217,0.49500804319006897
gyro_norm,61.239,0.3765526904691398
gyro_norm,61.261,0.5171730866943698
gyro_norm,61.283,0.4607536868938658
gyro_norm,61.305,0.3149958447589309
gyro_norm,61.327,0.4491412573263914
gyro_norm,61.349,0.2738611866799565
gyro_norm,61.37,0.2522067631400283
gyro_norm,61.393,0.3588971403083086
gyro_norm,61.414,0.20939173550525125
gyro_norm,61.436,0.30459294661241043
gyro_norm,61.458,0.21715432160724676
gyro_norm,61.48,0.15471145058767374
gyro_norm,61.503,0.18791198647390459
gyro_norm,61.524,0.34781188695123016
gyro_norm,61.545,0.5221678063682739
gyro_norm,61.568,0.3874799600830552
gyro_norm,61.589,0.2382649687460557
gyro_norm,61.611,0.3060788002199327
gyro_norm,61.633,0.5979066054909629
gyro_norm,61.655,1.1050284802766674
gyro_norm,61.677,0.9947585910297096
gyro_norm,61.699,0.26813005941909984
gyro_norm,61.721,0.4865388842857837
gyro_norm,61.744,0.6184259886163886
gyro_norm,61.764,0.2214415409370514
gyro_norm,61.786,0.21468448252330627
gyro_norm,61.808,0.19359655455428462
gyro_norm,61.83,0.0496902919892868
gyro_norm,61.852,0.29887011891857074
gyro_norm,61.874,0.4505763828270511
gyro_norm,61.895,0.4326798115163935
gyro_norm,61.917,0.23383647224202297
gyro_norm,61.939,0.30369326815995074
gyro_norm,61.961,0.2412411762121301
gyro_norm,61.983,0.11088783301118561
gyro_norm,62.005,0.17572033384314314
gyro_norm,62.027,0.20201196444592145
gyro_norm,62.049,0.25398944594806355
gyro_norm,62.07,0.26554646768602214
gyro_norm,62.094,0.46897223174208263
gyro_norm,62.115,0.45895811063444136
gyro_norm,62.136,0.46301083041506585
gyro_norm,62.158,0.9030707980573788
gyro_norm,62.18,0.7328213737456806
gyro_norm,62.203,0.5615795458751942
gyro_norm,62.224,0.5955025009927063
gyro_norm,62.246,0.3155133463868307
gyro_norm,62.267,0.37832227431711984
gyro_norm,62.29,0.6848131368167888
gyro_norm,62.311,0.5952156413404843
gyro_norm,62.335,0.37939366714954437
gyro_norm,62.355,0.3522883412866404
gyro_norm,62.377,0.44578023135007067
gyro_norm,62.399,0.594093029806538
gyro_norm,62.421,0.5784393725545093
gyro_norm,62.443,0.38708905825101797
gyro_norm,62.465,0.24027168923557668
gyro_norm,62.487,0.20329691371510156
gyro_norm,62.508,0.23132960001414216
gyro_norm,62.53,0.2907806568915912
gyro_norm,62.552,0.18495727874760867
gyro_norm,62.574,0.4303106166284895
gyro_norm,62.596,0.7867055833583338
gyro_norm,62.617,0.7310908332800243
gyro_norm,62.64,1.0567738038190218
gyro_norm,62.661,1.083290587100794
gyro_norm,62.683,0.578930396127123
gyro_norm,62.705,0.6255045266877018
gyro_norm,62.727,0.8861278801693105
gyro_norm,62.749,0.7669870908355276
gyro_norm,62.771,0.42998964983015453
gyro_norm,62.793,0.21521683374765205
gyro_norm,62.815,0.1860412403963413
gyro_norm,62.837,0.3059963980846268
gyro_norm,62.858,0.39489544614854677
gyro_norm,62.88,0.40544995959368313
gyro_norm,62.903,0.32287933640496275
gyro_norm,62.924,0.27905370093866844
gyro_norm,62.946,0.24137933003114537
gyro_norm,62.968,0.24619304737394399
gyro_norm,62.99,0.228146186361413
gyro_norm,63.012,0.18746894937303027
gyro_norm,63.034,0.355178988038617
gyro_norm,63.055,0.5635987742763302
gyro_norm,63.077,0.5626930592960049
gyro_norm,63.099,0.8235442750053239
gyro_norm,63.121,0.8587700959666806
gyro_norm,63.143,0.7536369025283935
gyro_norm,63.165,0.7877072970240938
gyro_norm,63.186,0.6369290283274522
gyro_norm,63.209,0.44075644608660425
gyro_norm,63.23,0.11493402962549441
gyro_norm,63.252,0.5618817496839192
gyro_norm,63.274,0.6819171257122392
gyro_norm,63.296,0.5300170188911486
gyro_norm,63.318,0.42753012466769014
gyro_norm,63.339,0.463032417169101
gyro_norm,63.361,0.45003256437914785
gyro_norm,63.383,0.36608770949786845
gyro_norm,63.405,0.36817582273419125
gyro_norm,63.427,0.2078494921159071
gyro_norm,63.449,0.2945233526501408
gyro_norm,63.471,0.4224577372884443
gyro_norm,63.493,0.3406526434497583
gyro_norm,63.516,0.3317027277802453
gyro_norm,63.537,0.41213664048585646
gyro_norm,63.559,0.24035772997561697
gyro_norm,63.58,0.5132422761877379
gyro_norm,63.603,0.7851394060550051
gyro_norm,63.624,1.1177545624752567
gyro_norm,63.646,1.0780773073553749
gyro_norm,63.668,0.38670741120271407
gyro_norm,63.69,0.72924072327148
gyro_norm,63.712,1.0825170703611509
gyro_norm,63.734,0.7585489134286636
gyro_norm,63.755,0.23555145464349042
gyro_norm,63.777,0.41661455003919684
gyro_norm,63.799,0.3806955246265201
gyro_norm,63.821,0.2590759476933976
gyro_norm,63.843,0.4928928817883473
gyro_norm,63.865,0.5815055065731126
gyro_norm,63.887,0.41763974481761695
gyro_norm,63.908,0.1580722540153383
gyro_norm,63.931,0.3473759998243635
gyro_norm,63.952,0.4035670949196956
gyro_norm,63.974,0.32156859445713804
gyro_norm,63.999,0.5597443627854599
gyro_norm,64.018,0.5051615449020183
gyro_norm,64.039,0.2559421820392154
gyro_norm,64.061,0.27460571081311436
gyro_norm,64.083,0.7849004500733453
gyro_norm,64.105,0.7501755226598752
gyro_norm,64.127,0.7712294921844185
gyro_norm,64.149,0.5245627071646316
gyro_norm,64.171,0.7324042198004321
gyro_norm,64.193,1.0343250878455261
gyro_norm,64.214,0.553310830856795
gyro_norm,64.237,0.332047716642809
gyro_norm,64.259,0.4667499917438322
gyro_norm,64.28,0.852202472283194
gyro_norm,64.303,1.0133259332941478
gyro_norm,64.324,0.6236719283041561
gyro_norm,64.346,0.2503784117693766
gyro_norm,64.368,0.30992336670537074
gyro_norm,64.39,0.18851650422873192
gyro_norm,64.412,0.38778524461235286
gyro_norm,64.434,0.5099243124193257
gyro_norm,64.455,0.4694625439242515
gyro_norm,64.477,0.3534648828573342
gyro_norm,64.499,0.2928123862989122
gyro_norm,64.521,0.37156526630750236
gyro_norm,64.543,0.23734656679894592
gyro_norm,64.565,0.3317606320457334
gyro_norm,64.587,0.4052410514025055
gyro_norm,64.609,0.24930743819240653
gyro_norm,64.63,0.4149898177433082
gyro_norm,64.653,1.0220471753141773
gyro_norm,64.674,1.0320179457241805
gyro_norm,64.696,0.5397409604740795
gyro_norm,64.718,0.4315951579352367
gyro_norm,64.74,0.5399915268606341
gyro_norm,64.762,0.38178593778350206
gyro_norm,64.784,0.3021662392600436
gyro_norm,64.806,0.28125932633011924
gyro_norm,64.827,0.14187169869006971
gyro_norm,64.85,0.29035337150438456
gyro_norm,64.871,0.4727835341375019
gyro_norm,64.893,0.45210366045756917
gyro_norm,64.915,0.2955738762549759
gyro_norm,64.936,0.2196815988219125
gyro_norm,64.959,0.1805144898181376
gyro_norm,64.98,0.18421404057710314
gyro_norm,65.003,0.5268370635229983
gyro_norm,65.024,0.5574827523469663
gyro_norm,65.046,0.30719259780146396
gyro_norm,65.068,0.42722485462281296
gyro_norm,65.09,0.7050167814779744
gyro_norm,65.112,0.7658830827825511
gyro_norm,65.134,0.6832237372208081
gyro_norm,65.156,1.1559818927970098
gyro_norm,65.177,0.8781728690494685
gyro_norm,65.2,0.9570756744098521
gyro_norm,65.221,0.6291531098633198
gyro_norm,65.243,0.37609025969220117
gyro_norm,65.265,0.052222017483583405
gyro_norm,65.287,0.46586706891337404
gyro_norm,65.309,0.6900485253873555
gyro_norm,65.331,0.5572785115448314
gyro_norm,65.353,0.4622086468516597
gyro_norm,65.374,0.48120535590551244
gyro_norm,65.396,0.3399343703960827
gyro_norm,65.418,0.2342974082691525
gyro_norm,65.44,0.3970424502816077
gyro_norm,65.463,0.3923884562289767
gyro_norm,65.484,0.30218228644022965
gyro_norm,65.505,0.2737973449728262
gyro_norm,65.528,0.2620523611958664
gyro_norm,65.55,0.3321839777041066
gyro_norm,65.571,0.2877366410537101
gyro_norm,65.594,0.23724931440210636
gyro_norm,65.615,0.5140258496964865
gyro_norm,65.637,0.44024209121512375
gyro_norm,65.659,0.6286220410404502
gyro_norm,65.681,0.8380385955740803
gyro_norm,65.703,0.5970770318083716
gyro_norm,65.724,0.17750358416470385
gyro_norm,65.748,0.4317945154315832
gyro_norm,65.769,0.5093966205136633
gyro_norm,65.79,0.3546676652164701
gyro_norm,65.819,0.32100034957098433
gyro_norm,65.834,0.41188994746030144
gyro_norm,65.856,0.3409266645410331
gyro_norm,65.878,0.3864081228959307
gyro_norm,65.899,0.5382622068829276
gyro_norm,65.921,0.5979994179828338
gyro_norm,65.944,0.5678414800008295
gyro_norm,65.965,0.5418255727514213
gyro_norm,65.987,0.5398423356663009
gyro_norm,66.009,0.5908906294410889
gyro_norm,66.031,0.6219401481155926
gyro_norm,66.053,0.6574238473983723
gyro_norm,66.075,0.7130211588741087
gyro_norm,66.097,0.7367641550095085
gyro_norm,66.118,0.45573681262131027
gyro_norm,66.14,0.9519521026792722
gyro_norm,66.164,0.9238987187923133
gyro_norm,66.184,0.9449125991053645
gyro_norm,66.206,0.6344899287735147
gyro_norm,66.228,0.5028675144947502
gyro_norm,66.25,0.3033665681673199
gyro_norm,66.271,0.4949455694259361
gyro_norm,66.304,0.5725357809719107
gyro_norm,66.315,0.47105347682853166
gyro_norm,66.337,0.441420869305422
gyro_norm,66.359,0.46673047464779605
gyro_norm,66.381,0.3934206889285063
gyro_norm,66.404,0.38267953375012637
gyro_norm,66.425,0.37126479637574217
gyro_norm,66.447,0.38857545397120347
gyro_norm,66.468,0.32979193430881615
gyro_norm,66.491,0.18901707251294594
gyro_norm,66.512,0.11307909892581647
gyro_norm,66.534,0.2246829462275108
gyro_norm,66.562,0.5133773945924555
gyro_norm,66.577,0.6203122723467939
gyro_norm,66.6,0.39418536721708175
gyro_norm,66.621,1.2943475543759422
gyro_norm,66.643,1.5122392030473344
gyro_norm,66.665,0.8263493617071455
gyro_norm,66.687,0.5711482255366404
gyro_norm,66.71,1.0687562656738119
gyro_norm,66.731,0.894225848242308
gyro_norm,66.753,0.4412756387339271
gyro_norm,66.776,0.6359534596563975
gyro_norm,66.797,0.6896764725728397
gyro_norm,66.818,0.39342170776340624
gyro_norm,66.84,0.5292606107307947
gyro_norm,66.863,0.8391606164767765
gyro_norm,66.888,0.7124241940074627
gyro_norm,66.906,0.47466656452705036
gyro_norm,66.928,0.3834081462516213
gyro_norm,66.95,0.1745776532930874
gyro_norm,66.972,0.23477824715130402
gyro_norm,66.994,0.39445872295611795
gyro_norm,67.019,0.2836308502748121
gyro_norm,67.041,0.21677556852097302
gyro_norm,67.059,0.33900300367321246
gyro_norm,67.081,0.3808907597555642
gyro_norm,67.104,0.33280671716485904
gyro_norm,67.126,1.011615951059416
gyro_norm,67.147,0.9500567215601986
gyro_norm,67.168,0.7632745510370387
gyro_norm,67.19,0.7764794575498755
gyro_norm,67.212,0.6338862540691134
gyro_norm,67.237,0.5433384929313279
gyro_norm,67.258,0.49060747673122024
gyro_norm,67.278,0.6194326833804571
gyro_norm,67.3,0.6748747191479907
gyro_norm,67.321,0.4147631984539833
gyro_norm,67.344,0.12477632992268246
gyro_norm,67.365,0.1399161269053948
gyro_norm,67.387,0.12177227782010312
gyro_norm,67.409,0.2169649999235916
gyro_norm,67.431,0.350155500636013
gyro_norm,67.453,0.40898710720388937
gyro_norm,67.474,0.31135492313433494
gyro_norm,67.497,0.22733302059784516
gyro_norm,67.528,0.2658999945844859
gyro_norm,67.54,0.2507427426248405
gyro_norm,67.563,0.21761891091714025
gyro_norm,67.584,0.2496616434598803
gyro_norm,67.606,0.43599747503739955
gyro_norm,67.628,0.6475217142115076
gyro_norm,67.65,0.401496014201912
gyro_norm,67.676,0.9273656061116018
gyro_norm,67.693,1.1969888392298202
gyro_norm,67.719,0.9050566871343979
gyro_norm,67.737,0.5166573803247108
gyro_norm,67.759,0.6722473697496649
gyro_norm,67.781,0.4100631160037061
gyro_norm,67.803,0.3991370434547207
gyro_norm,67.825,0.6488136668602094
gyro_norm,67.847,0.3847093447083545
gyro_norm,67.868,0.2620968474428523
gyro_norm,67.89,0.4583316391684011
gyro_norm,67.917,0.39637372395720294
gyro_norm,67.934,0.13571976760262164
gyro_norm,67.956,0.21305709419274257
gyro_norm,67.978,0.2725345664940513
gyro_norm,68.0,0.2888965494425404
gyro_norm,68.022,0.266423642207738
gyro_norm,68.064,0.34234317438058626
gyro_norm,68.066,0.6540872508513565
gyro_norm,68.087,0.8723889586876138
gyro_norm,68.109,0.6319875761419228
gyro_norm,68.131,0.4462090772193893
gyro_norm,68.162,0.9576937923454936
gyro_norm,68.175,1.0809118352644433
gyro_norm,68.196,1.0438549275613422
gyro_norm,68.218,0.9830371863962565
gyro_norm,68.24,0.8920301348485234
gyro_norm,68.263,0.5354355840586127
gyro_norm,68.284,0.9973987569416597
gyro_norm,68.306,1.2251471151094697
gyro_norm,68.328,0.8210279954348425
gyro_norm,68.35,0.5622517196612942
gyro_norm,68.371,0.789511417380821
gyro_norm,68.393,0.7489536149081651
gyro_norm,68.416,0.6501432850693549
gyro_norm,68.437,0.6989772613720134
gyro_norm,68.459,0.7130092939296124
gyro_norm,68.481,0.7051175764450303
gyro_norm,68.503,0.7269073840859942
gyro_norm,68.525,0.7391003967049833
gyro_norm,68.546,0.8138616273221873
gyro_norm,68.568,0.9178655708774084
gyro_norm,68.59,0.9943055778540385
gyro_norm,68.617,1.0883108487119089
gyro_norm,68.642,1.2063235454382524
gyro_norm,68.657,1.3279801089599086
gyro_norm,68.678,1.4535506593285277
gyro_norm,68.7,1.5759260148454997
gyro_norm,68.722,1.6868658075704563
gyro_norm,68.744,1.7191090850652258
gyro_norm,68.765,1.7010757238440162
gyro_norm,68.787,1.7578740934036992
gyro_norm,68.809,1.84353307748106
gyro_norm,68.831,1.885181888801815
gyro_norm,68.856,1.9332733144597964
gyro_norm,68.876,1.905803235236129
gyro_norm,68.898,1.7634596380629843
gyro_norm,68.918,1.7392083673189977
gyro_norm,68.943,1.8643500370969666
gyro_norm,68.963,1.8742808068692485
gyro_norm,68.984,1.73818166893239
gyro_norm,69.009,1.610242058523125
gyro_norm,69.028,1.4883580521089936
gyro_norm,69.05,1.4309687660213029
gyro_norm,69.072,1.453475251372078
gyro_norm,69.098,1.4829738597648932
gyro_norm,69.118,1.124744327046397
gyro_norm,69.139,1.0681956064500184
gyro_norm,69.159,1.1002053113000148
gyro_norm,69.181,1.3132631936927364
gyro_norm,69.203,1.2971210726043831
gyro_norm,69.225,1.2359606937576375
gyro_norm,69.246,1.3184670909897163
gyro_norm,69.268,1.490736355057963
gyro_norm,69.29,1.5029032324569562
gyro_norm,69.312,1.2600940422230802
gyro_norm,69.335,0.9256512465889768
gyro_norm,69.356,0.7546380832401522
gyro_norm,69.378,0.7474842648206068
gyro_norm,69.4,0.8646787429357174
gyro_norm,69.421,1.004385331097643
gyro_norm,69.443,1.116537250860594
gyro_norm,69.465,1.1140363141705996
gyro_norm,69.487,1.0763895835500916
gyro_norm,69.509,1.1037256971342175
gyro_norm,69.531,1.0617660894406875
gyro_norm,69.553,0.9697108931736761
gyro_norm,69.574,0.8175118575970745
gyro_norm,69.596,0.5600669996444064
gyro_norm,69.619,0.9300466111923807
gyro_norm,69.64,0.7727371489412233
gyro_norm,69.663,0.9140241944004409
gyro_norm,69.684,0.8279232344809676
gyro_norm,69.706,0.7150698284937541
gyro_norm,69.728,0.5695308316043864
gyro_norm,69.75,0.6562048749090617
gyro_norm,69.771,0.7474895228440215
gyro_norm,69.793,0.6874953106071642
gyro_norm,69.815,0.6004659691701395
gyro_norm,69.837,0.5024591613622942
gyro_norm,69.859,0.5644366720878498
gyro_norm,69.881,0.6709490728179826
gyro_norm,69.903,0.6938673035010278
gyro_norm,69.925,0.7077868573865805
gyro_norm,69.947,0.8103744983230678
gyro_norm,69.968,0.9085059867102473
gyro_norm,69.99,0.8433658567874021
gyro_norm,70.012,0.8200023540010841
gyro_norm,70.034,0.9365294730833589
gyro_norm,70.056,1.0438643152733094
gyro_norm,70.078,1.1004125149917812
gyro_norm,70.1,1.0395752151067577
gyro_norm,70.122,1.0085964589904406
gyro_norm,70.143,0.8884545479712052
gyro_norm,70.165,0.8677990757782889
gyro_norm,70.187,1.1413753381032592
gyro_norm,70.209,1.4682541065475971
gyro_norm,70.232,1.4982482509415889
gyro_norm,70.253,1.3276525149666574
gyro_norm,70.275,1.41978673206315
gyro_norm,70.3,2.0257216963579325
gyro_norm,70.318,2.575050535441588
gyro_norm,70.341,2.5346372322682256
gyro_norm,70.366,2.1461211037153056
gyro_norm,70.385,1.8142913362448794
gyro_norm,70.406,1.752198036251012
gyro_norm,70.428,1.925196371536501
gyro_norm,70.45,1.9357846025847183
gyro_norm,70.475,1.7684600224660019
gyro_norm,70.493,1.5449151419453995
gyro_norm,70.515,1.4207552491247628
gyro_norm,70.538,1.3651229705182608
gyro_norm,70.559,1.2635967810851676
gyro_norm,70.581,0.9626475684016251
gyro_norm,70.603,0.7515016492108646
gyro_norm,70.625,0.7064154840768824
gyro_norm,70.646,0.7297038647430365
gyro_norm,70.668,0.7411323438459142
gyro_norm,70.69,0.6858179378402478
gyro_norm,70.715,0.7752496138678084
gyro_norm,70.734,1.1696331928513282
gyro_norm,70.756,1.18025208511357
gyro_norm,70.778,0.7838225182023126
