sensor,time_s,value
dynamic_accel,0.003,0.06803076383931561
dynamic_accel,0.053,0.25551856492760017
dynamic_accel,0.103,-0.002076272144599045
dynamic_accel,0.153,-0.018142429225001422
dynamic_accel,0.203,-0.20998078562073097
dynamic_accel,0.253,-0.24225167759678
dynamic_accel,0.303,-0.2326189571823587
dynamic_accel,0.353,0.08359842358437675
dynamic_accel,0.403,0.15479476973602502
dynamic_accel,0.453,-0.04255546425568646
dynamic_accel,0.503,0.14070574556158988
dynamic_accel,0.553,-0.22560409562001027
dynamic_accel,0.603,-0.3222459701279803
dynamic_accel,0.653,1.22371883506597
dynamic_accel,0.703,-0.32378776185709235
dynamic_accel,0.753,0.08347129075446347
dynamic_accel,0.803,0.1040809074540281
dynamic_accel,0.853,-0.36801254443930276
dynamic_accel,0.903,-0.10116849564544239
dynamic_accel,0.953,0.09386973261731768
dynamic_accel,1.003,0.15658311050170326
dynamic_accel,1.053,-0.22806118514661833
dynamic_accel,1.103,-0.3651167355533165
dynamic_accel,1.153,0.34503659669794295
dynamic_accel,1.203,-0.09005861739564125
dynamic_accel,1.253,-0.05418942148203065
dynamic_accel,1.303,-0.41561720926475587
dynamic_accel,1.353,-0.2437594942329504
dynamic_accel,1.403,0.5263512495866784
dynamic_accel,1.453,0.7925683888502704
dynamic_accel,1.503,-0.2855843134616656
dynamic_accel,1.553,-1.2198122534679712
dynamic_accel,1.603,-0.9987573741709621
dynamic_accel,1.653,-0.45283229834016225
dynamic_accel,1.703,-0.22592811979419025
dynamic_accel,1.753,0.7214164623368617
dynamic_accel,1.803,1.8287982558267046
dynamic_accel,1.853,2.7729738947128855
dynamic_accel,1.903,2.505690356930929
dynamic_accel,1.953,-0.38473755065560056
dynamic_accel,2.003,-1.4607208228221094
dynamic_accel,2.053,-0.056444226517768925
dynamic_accel,2.103,-0.343277588775317
dynamic_accel,2.153,-2.6249723263220623
dynamic_accel,2.203,-3.1067471612017314
dynamic_accel,2.253,-1.8644726211669038
dynamic_accel,2.303,-0.7823561288993854
dynamic_accel,2.353,-0.10255884703776807
dynamic_accel,2.403,0.41698681196078446
dynamic_accel,2.453,3.1752338501396764
dynamic_accel,2.503,2.639260518683747
dynamic_accel,2.553,5.722725347837672
dynamic_accel,2.603,0.3473771008044757
dynamic_accel,2.653,-1.834444355497089
dynamic_accel,2.703,-3.6809368919741043
dynamic_accel,2.753,-4.6114939564086335
dynamic_accel,2.803,-2.5990674332418706
dynamic_accel,2.853,-0.2524103800622157
dynamic_accel,2.903,-0.18338525464815092
dynamic_accel,2.953,4.315386202179832
dynamic_accel,3.003,3.9486234954200317
dynamic_accel,3.053,1.6408428233089136
dynamic_accel,3.103,3.8037883757568025
dynamic_accel,3.153,1.9532511848939347
dynamic_accel,3.203,-2.3293700337592176
dynamic_accel,3.253,-3.0057493134540936
dynamic_accel,3.303,-2.583063745161615
dynamic_accel,3.353,-4.14079090829821
dynamic_accel,3.403,-2.6074331664215844
dynamic_accel,3.453,-0.5128853795082691
dynamic_accel,3.503,0.3519612707279265
dynamic_accel,3.553,1.1429282478526552
dynamic_accel,3.603,4.767203402240032
dynamic_accel,3.653,3.082943045093547
dynamic_accel,3.703,1.9582319866117874
dynamic_accel,3.753,0.6944403334434739
dynamic_accel,3.803,-1.327276314377194
dynamic_accel,3.853,-3.8088246458879302
dynamic_accel,3.903,-2.9399280305229505
dynamic_accel,3.953,-2.4595196459325797
dynamic_accel,4.003,-1.3320982002652073
dynamic_accel,4.053,-0.7176043819127393
dynamic_accel,4.103,0.4921447532303098
dynamic_accel,4.153,2.0321464230743977
dynamic_accel,4.203,3.8600017435393514
dynamic_accel,4.253,2.4928891572522005
dynamic_accel,4.303,3.591731679350227
dynamic_accel,4.353,0.8168057632482881
dynamic_accel,4.403,-0.06858978886798006
dynamic_accel,4.453,-2.3646635632051183
dynamic_accel,4.503,-3.9541429900031373
dynamic_accel,4.553,-2.9089049329504366
dynamic_accel,4.603,-2.189978883910051
dynamic_accel,4.653,-0.5616663343569428
dynamic_accel,4.703,-0.4135767447534846
dynamic_accel,4.753,2.7069908010817443
dynamic_accel,4.803,2.3741823961019612
dynamic_accel,4.853,3.074006838454137
dynamic_accel,4.903,4.4938066587658305
dynamic_accel,4.953,1.498096310193226
dynamic_accel,5.003,-3.792136884888995
dynamic_accel,5.053,-6.107037358951315
dynamic_accel,5.103,-4.550452132436863
dynamic_accel,5.153,-3.097586992473505
dynamic_accel,5.203,0.012923266306628989
dynamic_accel,5.253,1.2387833703435813
dynamic_accel,5.303,2.4928040896850625
dynamic_accel,5.353,4.396822130300075
dynamic_accel,5.403,8.542739299548069
dynamic_accel,5.453,5.747404297271002
dynamic_accel,5.503,-3.0411833207428414
dynamic_accel,5.553,-3.74641893966559
dynamic_accel,5.603,-3.9660640210152938
dynamic_accel,5.653,-4.516278452272237
dynamic_accel,5.703,-2.4717414409755367
dynamic_accel,5.753,-0.6861994319033453
dynamic_accel,5.803,0.47324656477872296
dynamic_accel,5.853,2.2825558100437515
dynamic_accel,5.903,2.573540282016184
dynamic_accel,5.953,1.9693576696784767
dynamic_accel,6.003,0.3292852389131209
dynamic_accel,6.053,1.259668286808175
dynamic_accel,6.103,-0.041770165900834044
dynamic_accel,6.153,-2.1416942850202547
dynamic_accel,6.203,-2.620997910903106
dynamic_accel,6.253,-1.6553905134985936
dynamic_accel,6.303,-0.03316166920285113
dynamic_accel,6.353,0.4197217567848064
dynamic_accel,6.403,0.22057963389507762
dynamic_accel,6.453,0.9036060440609397
dynamic_accel,6.503,1.9904528575088705
dynamic_accel,6.553,0.667908986739965
dynamic_accel,6.603,0.06197868883101165
dynamic_accel,6.653,0.560577375223895
dynamic_accel,6.703,-1.5769069426944888
dynamic_accel,6.753,-0.6901286610733166
dynamic_accel,6.803,-0.48725308124101296
dynamic_accel,6.853,-0.2764834332185888
dynamic_accel,6.903,0.1319845583286945
dynamic_accel,6.953,0.7037592730633531
dynamic_accel,7.003,0.3549861243433057
dynamic_accel,7.053,-0.2453482109015681
dynamic_accel,7.103,-0.5141508213418664
dynamic_accel,7.153,0.12248079190890415
dynamic_accel,7.203,0.1490072268255247
dynamic_accel,7.253,0.33720280774544875
dynamic_accel,7.303,0.07740729842196181
dynamic_accel,7.353,0.5411618087767707
dynamic_accel,7.403,-0.2944065782539145
dynamic_accel,7.453,-0.4791447918651546
dynamic_accel,7.503,-0.045541826302631705
dynamic_accel,7.553,-0.08740685082304189
dynamic_accel,7.603,0.13843005105243122
dynamic_accel,7.653,-0.30652687412855073
dynamic_accel,7.703,0.22100140418207026
dynamic_accel,7.753,0.5402590425259568
dynamic_accel,7.803,0.28040231203426735
dynamic_accel,7.853,0.43055613328044373
dynamic_accel,7.903,-0.655728210634523
dynamic_accel,7.953,-0.5652128558617111
dynamic_accel,8.003,-1.50503818728175
dynamic_accel,8.053,-1.6831108965549166
dynamic_accel,8.103,-1.345620985771033
dynamic_accel,8.153,-0.42057122531033286
dynamic_accel,8.203,1.2349363419814505
dynamic_accel,8.253,3.3602752823077378
dynamic_accel,8.303,2.906259928128277
dynamic_accel,8.353,3.1987200032933636
dynamic_accel,8.403,0.07876992437192598
dynamic_accel,8.453,-0.13668067448149657
dynamic_accel,8.503,-1.6153360728186925
dynamic_accel,8.553,-1.6787936258227933
dynamic_accel,8.603,-2.317601973621369
dynamic_accel,8.653,-1.3398621940997604
dynamic_accel,8.703,-1.1366811720852752
dynamic_accel,8.753,-0.43015492946860867
dynamic_accel,8.803,-0.414972518912224
dynamic_accel,8.853,0.12289043760314122
dynamic_accel,8.903,0.849813667677207
dynamic_accel,8.953,0.9377125997896059
dynamic_accel,9.003,2.5761277043094513
dynamic_accel,9.053,2.3917837331971548
dynamic_accel,9.103,2.1457249110526746
dynamic_accel,9.153,-0.7042610225928243
dynamic_accel,9.203,-0.5814295881366647
dynamic_accel,9.253,-1.7208126902106535
dynamic_accel,9.303,-3.335942011275111
dynamic_accel,9.353,-3.069830208331389
dynamic_accel,9.403,-2.266855162460571
dynamic_accel,9.453,-0.8132457431424669
dynamic_accel,9.503,1.380648080062933
dynamic_accel,9.553,1.5217829923063189
dynamic_accel,9.603,0.695019137675315
dynamic_accel,9.653,0.9778911886358816
dynamic_accel,9.703,2.345914118958971
dynamic_accel,9.753,2.5502529087930235
dynamic_accel,9.803,3.2802608116889065
dynamic_accel,9.853,1.8883423040570904
dynamic_accel,9.903,-0.9733602348847494
dynamic_accel,9.953,-4.632971613284401
dynamic_accel,10.003,-4.182410138848077
dynamic_accel,10.053,-3.182765165171679
dynamic_accel,10.103,-1.6709742285623186
dynamic_accel,10.153,-0.006228332234760714
dynamic_accel,10.203,1.9283035715868415
dynamic_accel,10.253,2.5759038676673587
dynamic_accel,10.303,3.4146946669121743
dynamic_accel,10.353,5.8179284926446595
dynamic_accel,10.403,1.0942772599329231
dynamic_accel,10.453,0.9272357271317482
dynamic_accel,10.503,-1.764889955961861
dynamic_accel,10.553,-3.677947279703191
dynamic_accel,10.603,-4.501975544478932
dynamic_accel,10.653,-4.011159096348156
dynamic_accel,10.703,-2.662476012075018
dynamic_accel,10.753,-0.9938922175719593
dynamic_accel,10.803,1.5473644267770439
dynamic_accel,10.853,2.7249154953654617
dynamic_accel,10.903,4.568585397457687
dynamic_accel,10.953,6.7232933319381445
dynamic_accel,11.003,1.563563315872937
dynamic_accel,11.053,-0.7425115106765023
dynamic_accel,11.103,-5.434174094018174
dynamic_accel,11.153,-5.692589944432014
dynamic_accel,11.203,-3.867914541650479
dynamic_accel,11.253,-0.5477788522347904
dynamic_accel,11.303,0.6672278981364581
dynamic_accel,11.353,1.0313522341320525
dynamic_accel,11.403,4.634791902266436
dynamic_accel,11.453,3.8384008390251267
dynamic_accel,11.503,4.994513161078753
dynamic_accel,11.553,4.343944763281041
dynamic_accel,11.603,-1.2504485771177318
dynamic_accel,11.653,-3.5060122795379867
dynamic_accel,11.703,-4.881849105782529
dynamic_accel,11.753,-5.672264641396528
dynamic_accel,11.803,-2.5795087174438924
dynamic_accel,11.853,-1.2402494219087288
dynamic_accel,11.903,-0.978967690495308
dynamic_accel,11.953,1.9071170592920517
dynamic_accel,12.003,2.7344618248599417
dynamic_accel,12.053,7.648597833160336
dynamic_accel,12.103,3.017002211549622
dynamic_accel,12.153,-1.0232550347160778
dynamic_accel,12.203,-4.476609550595866
dynamic_accel,12.253,-2.6808370045342365
dynamic_accel,12.303,0.30459162602577017
dynamic_accel,12.353,0.6248855170238361
dynamic_accel,12.403,1.1296090159537417
dynamic_accel,12.453,0.45098393247380386
dynamic_accel,12.503,0.7131787720467386
dynamic_accel,12.553,-1.1960413800480065
dynamic_accel,12.603,3.059729207477803
dynamic_accel,12.653,-1.169133660502336
dynamic_accel,12.703,-2.013555071930278
dynamic_accel,12.753,-1.3373798061310183
dynamic_accel,12.803,-1.2987801967483268
dynamic_accel,12.853,-0.46803404873183396
dynamic_accel,12.903,-0.10519978557346121
dynamic_accel,12.953,0.028383497220611176
dynamic_accel,13.003,0.5636985463291762
dynamic_accel,13.053,1.2574698064380776
dynamic_accel,13.103,-0.10764222510042387
dynamic_accel,13.153,2.2816151244180656
dynamic_accel,13.203,0.9797161071049754
dynamic_accel,13.253,-1.0060553392071192
dynamic_accel,13.303,0.005843589454588738
dynamic_accel,13.353,-0.9221820919511199
dynamic_accel,13.403,-1.078699548348025
dynamic_accel,13.453,-0.3155688434073376
dynamic_accel,13.503,0.08009087720267871
dynamic_accel,13.553,0.12505184188963092
dynamic_accel,13.603,0.6093707913080681
dynamic_accel,13.653,0.3359350604845037
dynamic_accel,13.703,0.4631534205440868
dynamic_accel,13.753,0.7025047393526354
dynamic_accel,13.803,0.1401554725584102
dynamic_accel,13.853,0.3418370778654882
dynamic_accel,13.903,0.177996218266685
dynamic_accel,13.953,-0.1580099412870979
dynamic_accel,14.003,-0.4688246917736887
dynamic_accel,14.053,-1.3280372587660008
dynamic_accel,14.103,-1.9467224995362162
dynamic_accel,14.153,-2.816633423624684
dynamic_accel,14.203,-2.116176762377478
dynamic_accel,14.253,-0.6716876064334496
dynamic_accel,14.303,0.9238273380499198
dynamic_accel,14.353,2.6220391505915437
dynamic_accel,14.403,3.5074925153837757
dynamic_accel,14.453,2.9508412411661364
dynamic_accel,14.503,2.528872451189205
dynamic_accel,14.553,1.543273505893037
dynamic_accel,14.603,-0.6309294661987526
dynamic_accel,14.653,-1.5446120985514398
dynamic_accel,14.703,-2.509895136080594
dynamic_accel,14.753,-3.456734585991537
dynamic_accel,14.803,-3.156108877225309
dynamic_accel,14.853,-0.3497482079880676
dynamic_accel,14.903,1.8355823025391587
dynamic_accel,14.953,3.260395903671194
dynamic_accel,15.003,5.634643156294915
dynamic_accel,15.053,0.7030142028030877
dynamic_accel,15.103,-3.1478580398099085
dynamic_accel,15.153,-2.1853118285936386
dynamic_accel,15.203,0.3927285885413685
dynamic_accel,15.253,-2.4298645876697442
dynamic_accel,15.303,-2.4934423550156852
dynamic_accel,15.353,-0.8511477951686661
dynamic_accel,15.403,-0.374266184551729
dynamic_accel,15.453,1.0364380248982314
dynamic_accel,15.503,1.4613519082817845
dynamic_accel,15.553,1.3032703851229215
dynamic_accel,15.603,2.3624426120411997
dynamic_accel,15.653,1.211622531630633
dynamic_accel,15.703,0.9147002713121744
dynamic_accel,15.753,-0.2739267881843155
dynamic_accel,15.803,-0.145942446282751
dynamic_accel,15.853,-1.614013424226794
dynamic_accel,15.903,-2.6371978842025676
dynamic_accel,15.953,-0.691227079757649
dynamic_accel,16.003,-0.187952314823276
dynamic_accel,16.053,-0.040232228131754866
dynamic_accel,16.103,-0.017682132516634752
dynamic_accel,16.153,0.08398656611473498
dynamic_accel,16.203,0.6882577716308678
dynamic_accel,16.253,0.5782273502304172
dynamic_accel,16.303,1.9470809830107552
dynamic_accel,16.353,-1.2637339577977862
dynamic_accel,16.403,2.631647348166055
dynamic_accel,16.453,-0.3427660587561512
dynamic_accel,16.503,-0.9700619773256047
dynamic_accel,16.553,-0.03114996026172534
dynamic_accel,16.603,-1.6188544859678213
dynamic_accel,16.653,-0.680934714361328
dynamic_accel,16.703,0.08555160350237578
dynamic_accel,16.753,-0.07295515120914331
dynamic_accel,16.803,0.3257707468321751
dynamic_accel,16.853,0.42695665105167535
dynamic_accel,16.903,0.4950185821888482
dynamic_accel,16.953,-0.10975806328956494
dynamic_accel,17.003,0.11320066540716489
dynamic_accel,17.053,0.28733892242089176
dynamic_accel,17.103,0.028089093735392368
dynamic_accel,17.153,-0.0867779076970514
dynamic_accel,17.203,-0.2643284632831726
dynamic_accel,17.253,0.2918151269430105
dynamic_accel,17.303,-0.36110632313842395
dynamic_accel,17.353,-0.484764542155931
dynamic_accel,17.403,-0.6527180650701059
dynamic_accel,17.453,-0.3211220692600172
dynamic_accel,17.503,0.33736668082426036
dynamic_accel,17.553,0.44454523133537194
dynamic_accel,17.603,-0.5308693529216821
dynamic_accel,17.653,-0.808368772850006
dynamic_accel,17.703,-0.0490954941728301
dynamic_accel,17.753,0.8633443771555509
dynamic_accel,17.803,2.352571094853701
dynamic_accel,17.853,-0.05600089828358712
dynamic_accel,17.903,0.3929421792672283
dynamic_accel,17.953,2.7456037102528352
dynamic_accel,18.003,0.9361745523190592
dynamic_accel,18.053,-3.337353791618546
dynamic_accel,18.103,-3.5278883968927666
dynamic_accel,18.153,-1.8922006721771343
dynamic_accel,18.203,-1.3888871411787473
dynamic_accel,18.253,-0.4049147095470875
dynamic_accel,18.303,-0.2680434985868647
dynamic_accel,18.353,0.11484477644535573
dynamic_accel,18.403,2.092601547152679
dynamic_accel,18.453,2.7982245170737965
dynamic_accel,18.503,3.2036370450585263
dynamic_accel,18.553,2.3310302233136664
dynamic_accel,18.603,2.7138665830238686
dynamic_accel,18.653,-1.2132049365393147
dynamic_accel,18.703,-0.6363288375606153
dynamic_accel,18.753,-1.8922695610948637
dynamic_accel,18.803,-2.6411825406264047
dynamic_accel,18.853,-2.915638393439342
dynamic_accel,18.903,-0.9648945810489984
dynamic_accel,18.953,-1.1035237288950288
dynamic_accel,19.003,-1.0884012008597672
dynamic_accel,19.053,-0.5795704556193311
dynamic_accel,19.103,1.625780090307975
dynamic_accel,19.153,1.2980569924205376
dynamic_accel,19.203,2.6205127122548504
dynamic_accel,19.253,4.066722772145699
dynamic_accel,19.303,2.0289031524630623
dynamic_accel,19.353,-2.52019280323986
dynamic_accel,19.403,-4.6063782336956125
dynamic_accel,19.453,-3.431228073488544
dynamic_accel,19.503,-1.6754652979820577
dynamic_accel,19.553,-0.9847405496375128
dynamic_accel,19.603,-1.1457835608213447
dynamic_accel,19.653,1.5242910800237315
dynamic_accel,19.703,5.4245141690456204
dynamic_accel,19.753,6.722328810624219
dynamic_accel,19.803,4.6408699578572925
dynamic_accel,19.853,-1.3176830441479694
dynamic_accel,19.903,-0.6235591003128338
dynamic_accel,19.953,-2.848642309340991
dynamic_accel,20.003,-4.094909345505608
dynamic_accel,20.053,-4.503635104665691
dynamic_accel,20.103,-2.9560492999705117
dynamic_accel,20.153,-0.24044080968877246
dynamic_accel,20.203,2.175231784451663
dynamic_accel,20.253,2.310122972001146
dynamic_accel,20.303,2.916221333596841
dynamic_accel,20.353,1.1992819175753535
dynamic_accel,20.403,2.0646923167825264
dynamic_accel,20.453,0.5746911036160576
dynamic_accel,20.503,-0.9299216388282314
dynamic_accel,20.553,-2.370858812871017
dynamic_accel,20.603,-3.6217444411546342
dynamic_accel,20.653,-2.3129666416680115
dynamic_accel,20.703,-0.7086366758739917
dynamic_accel,20.753,0.22294332980223786
dynamic_accel,20.803,1.1163344868331606
dynamic_accel,20.853,1.3824415310665366
dynamic_accel,20.903,3.5157498490263865
dynamic_accel,20.953,-0.13901463698799965
dynamic_accel,21.003,2.4259315428391037
dynamic_accel,21.053,0.23294200853283797
dynamic_accel,21.103,-1.4817738564772878
dynamic_accel,21.153,-0.9739770899010551
dynamic_accel,21.203,-1.3594601641266788
dynamic_accel,21.253,-1.0697289425883731
dynamic_accel,21.303,-0.22298608211758264
dynamic_accel,21.353,0.5601041476095538
dynamic_accel,21.403,0.18894791439483782
dynamic_accel,21.453,0.5765687768524366
dynamic_accel,21.503,-0.6786133532630441
dynamic_accel,21.553,-0.7441268091157411
dynamic_accel,21.603,0.8100217615477447
dynamic_accel,21.653,1.3904908762017651
dynamic_accel,21.703,1.090230071952023
dynamic_accel,21.753,0.38037399820316864
dynamic_accel,21.803,0.349762597482826
dynamic_accel,21.853,0.49361769956819934
dynamic_accel,21.903,0.14008061967398078
dynamic_accel,21.953,-0.524614327345537
dynamic_accel,22.003,-1.4435273001543312
dynamic_accel,22.053,-3.5316794002719467
dynamic_accel,22.103,-3.0980549208189148
dynamic_accel,22.153,-2.3553854527097444
dynamic_accel,22.203,-0.1353569959046741
dynamic_accel,22.253,1.5491286727637021
dynamic_accel,22.303,0.2700528688161459
dynamic_accel,22.353,1.4919485035505193
dynamic_accel,22.403,2.2837430163824166
dynamic_accel,22.453,1.0888220984537522
dynamic_accel,22.503,2.4904203946248256
dynamic_accel,22.553,-2.8477324241225572
dynamic_accel,22.603,7.224291613483704
dynamic_accel,22.653,1.2134411024679022
dynamic_accel,22.703,3.1268242315206614
dynamic_accel,22.753,-1.7569168591765365
dynamic_accel,22.803,-2.161563499215708
dynamic_accel,22.853,-1.3871445183321693
dynamic_accel,22.903,-2.586227062232183
dynamic_accel,22.953,-2.3820101204282587
dynamic_accel,23.003,-2.1872408895070716
dynamic_accel,23.053,-1.7991712864185088
dynamic_accel,23.103,-1.7070317640416146
dynamic_accel,23.153,-0.7081974606862023
dynamic_accel,23.203,1.9251225117980084
dynamic_accel,23.253,2.852909232244924
dynamic_accel,23.303,3.8419723208507524
dynamic_accel,23.353,3.884831651085941
dynamic_accel,23.403,1.6556955962192603
dynamic_accel,23.453,-2.882818635116837
dynamic_accel,23.503,-5.190993845632736
dynamic_accel,23.553,-5.341094943437819
dynamic_accel,23.603,-3.895649535021401
dynamic_accel,23.653,-0.13017490432227596
dynamic_accel,23.703,0.8231140241711064
dynamic_accel,23.753,2.3722630187080753
dynamic_accel,23.803,3.55239755760517
dynamic_accel,23.853,5.303487330865343
dynamic_accel,23.903,5.982239056614571
dynamic_accel,23.953,3.7459828398355786
dynamic_accel,24.003,1.2401775426323134
dynamic_accel,24.053,-0.9139506355221734
dynamic_accel,24.103,-4.214476378847323
dynamic_accel,24.153,-5.1271074286070935
dynamic_accel,24.203,-4.164065321655227
dynamic_accel,24.253,-2.70832134302073
dynamic_accel,24.303,-3.9786336829731113
dynamic_accel,24.353,-2.8521355305715757
dynamic_accel,24.403,1.6638336017160853
dynamic_accel,24.453,2.08605627654752
dynamic_accel,24.503,8.477125435613562
dynamic_accel,24.553,4.176952378664815
dynamic_accel,24.603,0.3263609418182245
dynamic_accel,24.653,-4.66399670291909
dynamic_accel,24.703,-4.66127364883424
dynamic_accel,24.753,-3.132171679008053
dynamic_accel,24.803,-1.048389058076209
dynamic_accel,24.853,1.4974635339974594
dynamic_accel,24.903,0.8776271934109232
dynamic_accel,24.953,4.177050462012607
dynamic_accel,25.003,4.661469973641696
dynamic_accel,25.053,7.449727508947188
dynamic_accel,25.103,-0.27645540886002706
dynamic_accel,25.153,0.015770415293154372
dynamic_accel,25.203,-1.886665960625356
dynamic_accel,25.253,-3.802040000507363
dynamic_accel,25.303,-5.496639394354004
dynamic_accel,25.353,-4.13102902822749
dynamic_accel,25.403,-3.350419155936793
dynamic_accel,25.453,-2.4679797472730023
dynamic_accel,25.503,-0.12372487337450089
dynamic_accel,25.553,3.030954145559356
dynamic_accel,25.603,4.204724218062529
dynamic_accel,25.653,7.816434578133533
dynamic_accel,25.703,4.627972115964084
dynamic_accel,25.753,0.7272826578107559
dynamic_accel,25.803,-2.7496163575729557
dynamic_accel,25.853,-3.6127051444371885
dynamic_accel,25.903,-4.255224862864966
dynamic_accel,25.953,-2.8352571224126404
dynamic_accel,26.003,-1.8152269069691425
dynamic_accel,26.053,-0.11032564202605144
dynamic_accel,26.103,1.7285003282585425
dynamic_accel,26.153,2.1403019415753395
dynamic_accel,26.203,3.2336659443604425
dynamic_accel,26.253,2.6662652605434936
dynamic_accel,26.303,0.23039570296129952
dynamic_accel,26.353,-1.185829671730998
dynamic_accel,26.403,-1.9936636677526938
dynamic_accel,26.453,-2.002472872352371
dynamic_accel,26.503,-1.2984729618624176
dynamic_accel,26.553,-0.33437370506267605
dynamic_accel,26.603,-0.32194116051796406
dynamic_accel,26.653,1.1950509635805524
dynamic_accel,26.703,0.9482488906212421
dynamic_accel,26.753,-1.0762977118087473
dynamic_accel,26.803,3.7215620463346575
dynamic_accel,26.853,-0.9711175612839114
dynamic_accel,26.903,-0.8948201817032491
dynamic_accel,26.953,-0.07668923625486102
dynamic_accel,27.003,-0.7284348891738954
dynamic_accel,27.053,0.1257184527624311
dynamic_accel,27.103,0.11923702293139549
dynamic_accel,27.153,0.5001834199410222
dynamic_accel,27.203,0.05264800769149147
dynamic_accel,27.253,-0.05719741499912878
dynamic_accel,27.303,-0.050468330402452466
dynamic_accel,27.353,-0.20735833344555488
dynamic_accel,27.403,-0.132870195968966
dynamic_accel,27.453,0.16001378709768055
dynamic_accel,27.503,0.39760261800818597
dynamic_accel,27.553,0.34510890517127635
dynamic_accel,27.603,0.4337473697811802
dynamic_accel,27.653,0.04480495085491221
dynamic_accel,27.703,0.36072585244061095
dynamic_accel,27.753,0.277473337271406
dynamic_accel,27.803,-0.2693227530435518
dynamic_accel,27.853,-0.9591278840208108
dynamic_accel,27.903,-1.0389832540083397
dynamic_accel,27.953,-1.2630973890941846
dynamic_accel,28.003,-1.0490861087303838
dynamic_accel,28.053,-1.878092425231694
dynamic_accel,28.103,-1.1392554411630424
dynamic_accel,28.153,-0.14598673409167695
dynamic_accel,28.203,-0.19794397448323053
dynamic_accel,28.253,0.8917452770089138
dynamic_accel,28.303,2.015268893377712
dynamic_accel,28.353,2.14823850851122
dynamic_accel,28.403,2.503314474698511
dynamic_accel,28.453,2.4444676316599523
dynamic_accel,28.503,1.9799584873373401
dynamic_accel,28.553,1.5967364870227865
dynamic_accel,28.603,-0.8543393241110131
dynamic_accel,28.653,-1.9122536746715806
dynamic_accel,28.703,-1.54748679317726
dynamic_accel,28.753,-1.9241380032236233
dynamic_accel,28.803,-2.084615208186504
dynamic_accel,28.853,-1.1712431855411776
dynamic_accel,28.903,-1.689689203389678
dynamic_accel,28.953,-0.5255536365117628
dynamic_accel,29.003,1.0245133544561682
dynamic_accel,29.053,0.8218284962844127
dynamic_accel,29.103,1.2282694010807536
dynamic_accel,29.153,2.3880411429350037
dynamic_accel,29.203,1.1536117569323636
dynamic_accel,29.253,2.051540817523909
dynamic_accel,29.303,-0.7430413718172701
dynamic_accel,29.353,-0.8452993278506273
dynamic_accel,29.403,-2.72494698870878
dynamic_accel,29.453,-2.536401258960435
dynamic_accel,29.503,-1.3080981289710856
dynamic_accel,29.553,-0.048569927457704054
dynamic_accel,29.603,0.7682635789186048
dynamic_accel,29.653,-0.06698045277614284
dynamic_accel,29.703,0.7961011284704895
dynamic_accel,29.753,1.1472690966591568
dynamic_accel,29.803,1.7521081399901384
dynamic_accel,29.853,1.6245042828015297
dynamic_accel,29.903,-0.06985601970233546
dynamic_accel,29.953,1.671677660702155
dynamic_accel,30.003,-0.4773184612091139
dynamic_accel,30.053,-0.6454175028943183
dynamic_accel,30.103,-1.9574705721358807
dynamic_accel,30.153,-2.181989452621214
dynamic_accel,30.203,-0.9362315537988213
dynamic_accel,30.253,0.7344002089433364
dynamic_accel,30.303,0.11299630294564089
dynamic_accel,30.353,0.5268678162193652
dynamic_accel,30.403,0.3574306936345
dynamic_accel,30.453,0.00038789466209188106
dynamic_accel,30.503,-0.06315446029606697
dynamic_accel,30.553,0.5671606068845136
dynamic_accel,30.603,0.11849327715631475
dynamic_accel,30.653,0.3446985590543772
dynamic_accel,30.703,0.11751133356932542
dynamic_accel,30.753,0.6226490126780018
dynamic_accel,30.803,0.2507887719965094
dynamic_accel,30.853,0.10822673733528632
dynamic_accel,30.903,0.6768402999996468
dynamic_accel,30.953,0.2796781125123218
dynamic_accel,31.003,0.13495543276363264
dynamic_accel,31.053,-0.15795433025203387
dynamic_accel,31.103,-0.5288823920287218
dynamic_accel,31.153,-1.4209937569823694
dynamic_accel,31.203,-2.6152580746884304
dynamic_accel,31.253,-3.0237784498115623
dynamic_accel,31.303,-2.4221621179640938
dynamic_accel,31.353,-1.594474216225894
dynamic_accel,31.403,-0.1087314929248091
dynamic_accel,31.453,1.8578534117090424
dynamic_accel,31.503,2.8958192162600707
dynamic_accel,31.553,2.718626335528578
dynamic_accel,31.603,3.000035229099602
dynamic_accel,31.653,2.322651579257773
dynamic_accel,31.703,1.889143517724838
dynamic_accel,31.753,0.9776221015911588
dynamic_accel,31.803,3.021322713412305
dynamic_accel,31.853,-0.8374464250692686
dynamic_accel,31.903,-0.5245869006479733
dynamic_accel,31.953,-1.7755803893717346
dynamic_accel,32.003,-3.5904177242601927
dynamic_accel,32.053,-3.3410753594517137
dynamic_accel,32.103,-2.535826871211099
dynamic_accel,32.153,-2.3311766563922456
dynamic_accel,32.203,-1.030495994532835
dynamic_accel,32.253,-0.32557063015434196
dynamic_accel,32.303,0.6735800542800483
dynamic_accel,32.353,3.2105143462677237
dynamic_accel,32.403,2.0752260872161177
dynamic_accel,32.453,4.1560820884840854
dynamic_accel,32.503,2.98433997210598
dynamic_accel,32.553,0.6778945577982007
dynamic_accel,32.603,-3.2698191437252504
dynamic_accel,32.653,-4.714176100950559
dynamic_accel,32.703,-3.922264857747381
dynamic_accel,32.753,-1.0632337104497562
dynamic_accel,32.803,0.42746496355955976
dynamic_accel,32.853,0.37344527435742414
dynamic_accel,32.903,1.1685492067252223
dynamic_accel,32.953,1.9631699571290149
dynamic_accel,33.003,2.7789512276856225
dynamic_accel,33.053,5.658477333590486
dynamic_accel,33.103,2.979624566275877
dynamic_accel,33.153,2.3581110339031675
dynamic_accel,33.203,-1.7476275492681097
dynamic_accel,33.253,-3.6614410473410146
dynamic_accel,33.303,-4.7444816803794865
dynamic_accel,33.353,-4.324044267971288
dynamic_accel,33.403,-3.5966989476443008
dynamic_accel,33.453,-4.162457092541968
dynamic_accel,33.503,-0.7908982645278009
dynamic_accel,33.553,2.7318067532460013
dynamic_accel,33.603,4.497635617044555
dynamic_accel,33.653,7.3716892705937465
dynamic_accel,33.703,4.959335958091234
dynamic_accel,33.753,0.7875148148902795
dynamic_accel,33.803,-3.7153614597057025
dynamic_accel,33.853,-4.947499323676755
dynamic_accel,33.903,-4.362751856017155
dynamic_accel,33.953,-2.963081631473017
dynamic_accel,34.003,-1.5826228501995807
dynamic_accel,34.053,-0.060842163407540895
dynamic_accel,34.103,2.481865780364446
dynamic_accel,34.153,5.253435877102518
dynamic_accel,34.203,3.9921539005568665
dynamic_accel,34.253,8.1012218813171
dynamic_accel,34.303,1.1985330122782827
dynamic_accel,34.353,-1.3013400014999341
dynamic_accel,34.403,-3.1241220762902113
dynamic_accel,34.453,-4.048756927234213
dynamic_accel,34.503,-4.732761774355999
dynamic_accel,34.553,-4.440671827840144
dynamic_accel,34.603,-4.104649047692239
dynamic_accel,34.653,-2.7181180378175123
dynamic_accel,34.703,0.7098956260959515
dynamic_accel,34.753,5.340779059693007
dynamic_accel,34.803,5.0481103298029435
dynamic_accel,34.853,6.2964869690130545
dynamic_accel,34.903,2.4609823316403237
dynamic_accel,34.953,1.8797332341732744
dynamic_accel,35.003,-2.240315164113568
dynamic_accel,35.053,-3.330399774834434
dynamic_accel,35.103,-4.487308939583541
dynamic_accel,35.153,-2.666109478119421
dynamic_accel,35.203,-0.7257090179829682
dynamic_accel,35.253,0.5350351417570511
dynamic_accel,35.303,0.8385120052594761
dynamic_accel,35.353,2.680538774323205
dynamic_accel,35.403,-0.9108186781937064
dynamic_accel,35.453,3.084893726015478
dynamic_accel,35.503,0.657957281093541
dynamic_accel,35.553,0.1512431842474946
dynamic_accel,35.603,-1.4401212050785261
dynamic_accel,35.653,-1.9558905742545027
dynamic_accel,35.703,-0.6370368267632784
dynamic_accel,35.753,-0.31360477087391203
dynamic_accel,35.803,0.21319475048615466
dynamic_accel,35.853,0.019201844071456975
dynamic_accel,35.903,0.23140911072187187
dynamic_accel,35.953,0.5058416314724727
dynamic_accel,36.003,-0.2663354169279586
dynamic_accel,36.053,-0.32019200199945175
dynamic_accel,36.103,-0.022071529709858595
dynamic_accel,36.153,-0.8745649837446852
dynamic_accel,36.203,-0.8156926286973913
dynamic_accel,36.253,0.8911758072689668
dynamic_accel,36.303,-0.02725888259144149
dynamic_accel,36.353,2.887377221460463
dynamic_accel,36.403,2.105738231222981
dynamic_accel,36.453,0.6954752316585537
dynamic_accel,36.503,-1.848087755551889
dynamic_accel,36.553,-3.2833768650495587
dynamic_accel,36.603,-2.483902734748778
dynamic_accel,36.653,-0.8647371371851769
dynamic_accel,36.703,-0.730533634080901
dynamic_accel,36.753,-0.6337117859169137
dynamic_accel,36.803,0.27221234787483795
dynamic_accel,36.853,2.1872819785284054
dynamic_accel,36.903,4.061618768548625
dynamic_accel,36.953,3.6829680219561283
dynamic_accel,37.003,4.069499699036129
dynamic_accel,37.053,-1.268091385685258
dynamic_accel,37.103,-0.6379115283318146
dynamic_accel,37.153,-0.25875268344757707
dynamic_accel,37.203,-2.818482405207969
dynamic_accel,37.253,-3.6717295490961783
dynamic_accel,37.303,-3.946054008426498
dynamic_accel,37.353,-2.970090379677111
dynamic_accel,37.403,-1.7417617598024542
dynamic_accel,37.453,-0.5090335866044242
dynamic_accel,37.503,1.3853566481539925
dynamic_accel,37.553,5.400360574631584
dynamic_accel,37.603,3.868877360777825
dynamic_accel,37.653,6.674511939073838
dynamic_accel,37.703,2.4538689664205844
dynamic_accel,37.753,-1.3452077681842542
dynamic_accel,37.803,-2.633186362118037
dynamic_accel,37.853,-2.722632118336917
dynamic_accel,37.903,-3.7446695307128053
dynamic_accel,37.953,-2.564632114284369
dynamic_accel,38.003,-1.7627520861778763
dynamic_accel,38.053,0.22140266717030954
dynamic_accel,38.103,0.6965942440478088
dynamic_accel,38.153,1.989502385226455
dynamic_accel,38.203,-0.1658538551138964
dynamic_accel,38.253,2.1552783445123325
dynamic_accel,38.303,0.9381497624338646
dynamic_accel,38.353,-0.7337958437986352
dynamic_accel,38.403,-0.011170650036650187
dynamic_accel,38.453,-0.8176476425757109
dynamic_accel,38.503,-0.5011152077841441
dynamic_accel,38.553,0.5921245646789011
dynamic_accel,38.603,-0.33916167009162024
dynamic_accel,38.653,0.09406044977675343
dynamic_accel,38.703,0.0814028062860146
dynamic_accel,38.753,-0.232746655675502
dynamic_accel,38.803,-0.38202005313548426
dynamic_accel,38.853,0.3542641503345081
dynamic_accel,38.903,0.46270021952134144
dynamic_accel,38.953,0.5643714260939827
dynamic_accel,39.003,1.0162547216484548
dynamic_accel,39.053,0.1923087260181937
dynamic_accel,39.103,-0.07998935933411921
dynamic_accel,39.153,-0.4539371048177756
dynamic_accel,39.203,-0.8043474645655238
dynamic_accel,39.253,-0.9453420134496326
dynamic_accel,39.303,-1.411847666005965
dynamic_accel,39.353,-1.4830098012244672
dynamic_accel,39.403,-1.103309671275074
dynamic_accel,39.453,0.10716786022469904
dynamic_accel,39.503,2.93264907201349
dynamic_accel,39.553,3.187087867703351
dynamic_accel,39.603,1.3287482326853706
dynamic_accel,39.653,-0.7036924143764978
dynamic_accel,39.703,-1.5776402712693685
dynamic_accel,39.753,-2.2267100791422028
dynamic_accel,39.803,-2.262876958308496
dynamic_accel,39.853,-1.5768272246988904
dynamic_accel,39.903,-0.5515345612841962
dynamic_accel,39.953,-0.2159976775680459
dynamic_accel,40.003,0.43569657519744354
dynamic_accel,40.053,2.995792011303765
dynamic_accel,40.103,3.1382227909644556
dynamic_accel,40.153,4.785184851425706
dynamic_accel,40.203,4.720298720732091
dynamic_accel,40.253,-1.4503646906874081
dynamic_accel,40.303,-1.1488575438178188
dynamic_accel,40.353,-0.8280548085833885
dynamic_accel,40.403,-1.778989499417854
dynamic_accel,40.453,-2.6506538482664004
dynamic_accel,40.503,-2.3447299788382967
dynamic_accel,40.553,-1.9759318775947952
dynamic_accel,40.603,-2.848755790118811
dynamic_accel,40.653,-1.727769966245619
dynamic_accel,40.703,1.0888380201517602
dynamic_accel,40.753,0.2854811402782449
dynamic_accel,40.803,5.362170701057634
dynamic_accel,40.853,3.54187637140185
dynamic_accel,40.903,1.0720855655526673
dynamic_accel,40.953,-3.0507442695405826
dynamic_accel,41.003,-3.4350175656570876
dynamic_accel,41.053,-2.7478781842328193
dynamic_accel,41.103,-1.2457552577021715
dynamic_accel,41.153,-0.4379775149831051
dynamic_accel,41.203,0.31054102793631344
dynamic_accel,41.253,1.1654571757856313
dynamic_accel,41.303,2.791638908983959
dynamic_accel,41.353,2.627301801860943
dynamic_accel,41.403,6.556723067807795
dynamic_accel,41.453,2.2520371240575887
dynamic_accel,41.503,-0.983614537857374
dynamic_accel,41.553,-2.092765809505604
dynamic_accel,41.603,-2.0768802489189238
dynamic_accel,41.653,-2.7806896916970363
dynamic_accel,41.703,-2.7708644337754844
dynamic_accel,41.753,-3.5382744209374124
dynamic_accel,41.803,-2.0174310339793067
dynamic_accel,41.853,-0.800191727042348
dynamic_accel,41.903,2.9565591967602813
dynamic_accel,41.953,1.512145148536188
dynamic_accel,42.003,3.8754835349789225
dynamic_accel,42.053,4.128014589818681
dynamic_accel,42.103,1.4698473001683219
dynamic_accel,42.153,-1.4776148440813994
dynamic_accel,42.203,-1.7280425720144823
dynamic_accel,42.253,-1.8160658361938662
dynamic_accel,42.303,-1.1531556014640785
dynamic_accel,42.353,-1.4359626494887614
dynamic_accel,42.403,-1.1822926983461333
dynamic_accel,42.453,-0.1745065219822557
dynamic_accel,42.503,1.6850305481917562
dynamic_accel,42.553,0.8526745820582207
dynamic_accel,42.603,2.6263597952967146
dynamic_accel,42.653,1.3858672174774878
dynamic_accel,42.703,-1.690139420910632
dynamic_accel,42.753,-1.5526979507300833
dynamic_accel,42.803,-2.17017212346778
dynamic_accel,42.853,-1.070590733372585
dynamic_accel,42.903,0.15355853226476768
dynamic_accel,42.953,0.007847269787188083
dynamic_accel,43.003,-0.15763175534244667
dynamic_accel,43.053,0.5887981606134485
dynamic_accel,43.103,1.0109298772624502
dynamic_accel,43.153,0.45591950030391715
dynamic_accel,43.203,0.6840618392416644
dynamic_accel,43.253,0.9587283000490583
dynamic_accel,43.303,-0.18442312224365054
dynamic_accel,43.353,0.15356673805663412
dynamic_accel,43.403,-0.05975720720603306
dynamic_accel,43.453,-0.5349579338524411
dynamic_accel,43.503,-0.01587335008514046
dynamic_accel,43.553,-0.14409774201478243
dynamic_accel,43.603,-0.03128867598355711
dynamic_accel,43.653,0.11382528443975737
dynamic_accel,43.703,0.5156496617538764
dynamic_accel,43.753,-0.04799054502682942
dynamic_accel,43.803,0.0728455935799186
dynamic_accel,43.853,0.24852294704816558
dynamic_accel,43.903,0.14136248524039274
dynamic_accel,43.953,0.36583304395677274
dynamic_accel,44.003,-0.05989698261996246
dynamic_accel,44.053,-1.2875918682564205
dynamic_accel,44.103,-1.7393339165286346
dynamic_accel,44.153,-1.6525940606504168
dynamic_accel,44.203,-1.5144525189850935
dynamic_accel,44.253,-1.3799437267225478
dynamic_accel,44.303,-0.91725702412079
dynamic_accel,44.353,-0.5858133784870301
dynamic_accel,44.403,0.13398095710321378
dynamic_accel,44.453,2.5131220269553296
dynamic_accel,44.503,2.6914679008641595
dynamic_accel,44.553,2.748072974683371
dynamic_accel,44.603,3.2200879853906894
dynamic_accel,44.653,5.4338547785590485
dynamic_accel,44.703,2.3835786042740494
dynamic_accel,44.753,-3.1530578293866007
dynamic_accel,44.803,-1.7913785831703777
dynamic_accel,44.853,-1.1093034917789115
dynamic_accel,44.903,-3.234746433376106
dynamic_accel,44.953,-4.037058472491543
dynamic_accel,45.003,-3.551810557612513
dynamic_accel,45.053,-1.5894087149579548
dynamic_accel,45.103,-1.5326461336883277
dynamic_accel,45.153,-0.20638810058959933
dynamic_accel,45.203,1.7287126736207057
dynamic_accel,45.253,4.107345333835438
dynamic_accel,45.303,5.785635070346492
dynamic_accel,45.353,5.3404602677762405
dynamic_accel,45.403,1.0471748125832487
dynamic_accel,45.453,-2.3496100161221616
dynamic_accel,45.503,-4.718509868011371
dynamic_accel,45.553,-5.124416656438137
dynamic_accel,45.603,-3.7144822743935313
dynamic_accel,45.653,-2.1645994225552414
dynamic_accel,45.703,0.46630577788106287
dynamic_accel,45.753,1.1720137930899757
dynamic_accel,45.803,1.620898452690982
dynamic_accel,45.853,3.9988387230962186
dynamic_accel,45.903,4.738841681943454
dynamic_accel,45.953,4.745730758437171
dynamic_accel,46.003,0.2881914952142868
dynamic_accel,46.053,-0.5820146916536082
dynamic_accel,46.103,-2.363040880372397
dynamic_accel,46.153,-1.1774402203465044
dynamic_accel,46.203,-2.0717184604324093
dynamic_accel,46.253,-2.6892759663296184
dynamic_accel,46.303,-3.144505184923288
dynamic_accel,46.353,-1.4349048734377003
dynamic_accel,46.403,1.3540420558115436
dynamic_accel,46.453,2.813912103393278
dynamic_accel,46.503,1.2147672154413076
dynamic_accel,46.553,1.539610096935311
dynamic_accel,46.603,-0.19152891439767217
dynamic_accel,46.653,-0.514901118899088
dynamic_accel,46.703,-1.883955275792066
dynamic_accel,46.753,-1.571653816290139
dynamic_accel,46.803,-0.15460360989566446
dynamic_accel,46.853,0.36828442580839926
dynamic_accel,46.903,1.176550727626612
dynamic_accel,46.953,0.12191840115807295
dynamic_accel,47.003,0.5067536589805464
dynamic_accel,47.053,0.32929054449148687
dynamic_accel,47.103,0.6504211242088793
dynamic_accel,47.153,-0.9331724533515011
dynamic_accel,47.203,0.2493137181235383
dynamic_accel,47.253,0.7223134112810623
dynamic_accel,47.303,-0.650067084215971
dynamic_accel,47.353,0.6900988260558556
dynamic_accel,47.403,-0.19175966981544335
dynamic_accel,47.453,-0.2733095950226492
dynamic_accel,47.503,-0.16238750024779236
dynamic_accel,47.553,-0.32202250041412483
dynamic_accel,47.603,-0.24090455965441748
dynamic_accel,47.653,-0.6314388681750529
dynamic_accel,47.703,-0.6098598446072963
dynamic_accel,47.753,0.1459148480254555
dynamic_accel,47.803,0.5966791476563813
dynamic_accel,47.853,0.4510647237837411
dynamic_accel,47.903,0.7369889668693581
dynamic_accel,47.953,-0.32484616747857054
dynamic_accel,48.003,-0.8555144993175272
dynamic_accel,48.053,-0.7297057340698547
dynamic_accel,48.103,-0.03545924796949684
dynamic_accel,48.153,0.579781344845836
dynamic_accel,48.203,1.2649926210816922
dynamic_accel,48.253,1.9400772561571031
dynamic_accel,48.303,1.2882541820230244
dynamic_accel,48.353,1.586710681851324
dynamic_accel,48.403,0.8627702308223171
dynamic_accel,48.453,-1.8142482216804856
dynamic_accel,48.503,-1.427836545952795
dynamic_accel,48.553,-3.366628494148988
dynamic_accel,48.603,-3.3241257690077415
dynamic_accel,48.653,-2.98663150289184
dynamic_accel,48.703,-1.9337312321289524
dynamic_accel,48.753,0.26600126484397535
dynamic_accel,48.803,1.3109677210471933
dynamic_accel,48.853,1.1272375833174628
dynamic_accel,48.903,2.1141608256689555
dynamic_accel,48.953,2.9367882371203287
dynamic_accel,49.003,3.4094915991657544
dynamic_accel,49.053,3.1017029344857114
dynamic_accel,49.103,4.474756059276018
dynamic_accel,49.153,0.3255671502050905
dynamic_accel,49.203,-0.9739320864132033
dynamic_accel,49.253,-2.575479534018003
dynamic_accel,49.303,-4.19073477693528
dynamic_accel,49.353,-4.2467547968822155
dynamic_accel,49.403,-2.889511129995382
dynamic_accel,49.453,-1.8042269596529898
dynamic_accel,49.503,-0.4667156480343788
dynamic_accel,49.553,1.3653779987255454
dynamic_accel,49.603,3.090915953760911
dynamic_accel,49.653,4.724577439407865
dynamic_accel,49.703,1.1824113295344727
dynamic_accel,49.753,3.3265359056753496
dynamic_accel,49.803,0.30111599220111884
dynamic_accel,49.853,-0.5514516598761059
dynamic_accel,49.903,-5.002214527715456
dynamic_accel,49.953,-6.278201698438815
dynamic_accel,50.003,-4.901058870456907
dynamic_accel,50.053,-1.2818303819138652
dynamic_accel,50.103,2.073965797083398
dynamic_accel,50.153,3.0487605789035612
dynamic_accel,50.203,2.509747747200324
dynamic_accel,50.253,5.890465588609958
dynamic_accel,50.303,2.2422816786735567
dynamic_accel,50.353,3.198907623660734
dynamic_accel,50.403,0.18824275495879128
dynamic_accel,50.453,-1.899922825805719
dynamic_accel,50.503,-3.43150921596479
dynamic_accel,50.553,-3.4240418026770456
dynamic_accel,50.603,-2.80421599621371
dynamic_accel,50.653,-1.658246814664123
dynamic_accel,50.703,0.33757688275259135
dynamic_accel,50.753,0.8065076024717719
dynamic_accel,50.803,5.004413402769636
dynamic_accel,50.853,1.9345295088683336
dynamic_accel,50.903,3.06066443875738
dynamic_accel,50.953,0.9074280390902167
dynamic_accel,51.003,-1.4354724547422126
dynamic_accel,51.053,-4.762994153785315
dynamic_accel,51.103,-4.207447768251713
dynamic_accel,51.153,-2.4838108237563175
dynamic_accel,51.203,0.05620158579437451
dynamic_accel,51.253,1.5323129249268082
dynamic_accel,51.303,1.5233070373348987
dynamic_accel,51.353,4.174915959860279
dynamic_accel,51.403,2.3734852417533094
dynamic_accel,51.453,3.2399953510672788
dynamic_accel,51.503,-0.7459233144922663
dynamic_accel,51.553,-2.0785233213315166
dynamic_accel,51.603,-2.9881931010776377
dynamic_accel,51.653,-3.7128584690616275
dynamic_accel,51.703,-2.926210146061665
dynamic_accel,51.753,-1.7814742124912986
dynamic_accel,51.803,-0.42504211110695955
dynamic_accel,51.853,1.062818375138189
dynamic_accel,51.903,5.318895698513355
dynamic_accel,51.953,3.1757347396558213
dynamic_accel,52.003,5.084982682525107
dynamic_accel,52.053,2.9662047522857744
dynamic_accel,52.103,-1.0787411509129647
dynamic_accel,52.153,-5.773754808815518
dynamic_accel,52.203,-6.222682131606542
dynamic_accel,52.253,-4.4364310830288805
dynamic_accel,52.303,-2.0638156438760333
dynamic_accel,52.353,0.32219214824285913
dynamic_accel,52.403,1.3842554154681697
dynamic_accel,52.453,4.464888111102301
dynamic_accel,52.503,5.7633048059682
dynamic_accel,52.553,6.286182530684684
dynamic_accel,52.603,1.4246198286659304
dynamic_accel,52.653,-1.3131173803937006
dynamic_accel,52.703,-4.048231823251988
dynamic_accel,52.753,-5.344037124268807
dynamic_accel,52.803,-4.118111813902251
dynamic_accel,52.853,-0.9553853842864619
dynamic_accel,52.903,1.4971537710182101
dynamic_accel,52.953,0.9198296398882491
dynamic_accel,53.003,3.4962693422112476
dynamic_accel,53.053,2.871966748581004
dynamic_accel,53.103,3.925146689634712
dynamic_accel,53.153,0.59000488898665
dynamic_accel,53.203,-1.9182749393312122
dynamic_accel,53.253,-3.765757453620198
dynamic_accel,53.303,-4.857434396636841
dynamic_accel,53.353,-1.9778276994794641
dynamic_accel,53.403,-1.1616687129536345
dynamic_accel,53.453,0.533811578707585
dynamic_accel,53.503,1.2077532699457176
dynamic_accel,53.553,2.0985759571743294
dynamic_accel,53.603,4.156334433631134
dynamic_accel,53.653,2.463157507772694
dynamic_accel,53.703,1.7502152607902257
dynamic_accel,53.753,-1.0664883866813533
dynamic_accel,53.803,-2.3828612486423353
dynamic_accel,53.853,-3.161367331755933
dynamic_accel,53.903,-3.1678132017327583
dynamic_accel,53.953,-1.934760968234265
dynamic_accel,54.003,0.19254273570720848
dynamic_accel,54.053,1.1148389944305404
dynamic_accel,54.103,2.3012512795284223
dynamic_accel,54.153,2.9366467547163477
dynamic_accel,54.203,2.4552908231419845
dynamic_accel,54.253,1.8088756006026792
dynamic_accel,54.303,1.0318529522679345
dynamic_accel,54.353,0.32602805001400625
dynamic_accel,54.403,-3.8863053328712143
dynamic_accel,54.453,-4.031070540372743
dynamic_accel,54.503,-3.432536399276648
dynamic_accel,54.553,-1.5612706194281127
dynamic_accel,54.603,0.15752351184586288
dynamic_accel,54.653,0.7843232211965852
dynamic_accel,54.703,1.9922253348738224
dynamic_accel,54.753,4.094535200174413
dynamic_accel,54.803,4.918228949531418
dynamic_accel,54.853,2.3506711162365654
dynamic_accel,54.903,-0.6878153545407031
dynamic_accel,54.953,-3.371448315877389
dynamic_accel,55.003,-3.9104719511932426
dynamic_accel,55.053,-4.3620890307392255
dynamic_accel,55.103,-2.2172324545753987
dynamic_accel,55.153,-0.1492076957851367
dynamic_accel,55.203,1.2982294230320512
dynamic_accel,55.253,2.8286451720958965
dynamic_accel,55.303,6.19191458278884
dynamic_accel,55.353,1.179289531298938
dynamic_accel,55.403,1.347069412436193
dynamic_accel,55.453,0.9516830481819074
dynamic_accel,55.503,-2.047731280198036
dynamic_accel,55.553,-5.47182507165011
dynamic_accel,55.603,-6.5271573630193
dynamic_accel,55.653,-4.100239617506106
dynamic_accel,55.703,-0.054907613143232226
dynamic_accel,55.753,2.2223229970468594
dynamic_accel,55.803,3.679317025331658
dynamic_accel,55.853,4.603108747540844
dynamic_accel,55.903,8.460200443294793
dynamic_accel,55.953,3.589432806129601
dynamic_accel,56.003,0.09678875763015427
dynamic_accel,56.053,-2.2923346128194897
dynamic_accel,56.103,-3.71859749785214
dynamic_accel,56.153,-5.382844541816131
dynamic_accel,56.203,-3.6948689213136863
dynamic_accel,56.253,-1.5407438857502154
dynamic_accel,56.303,1.1443589921189652
dynamic_accel,56.353,1.3542442141239075
dynamic_accel,56.403,2.7764392725391254
dynamic_accel,56.453,1.1169369173293262
dynamic_accel,56.503,3.172999474712915
dynamic_accel,56.553,0.8238343489510331
dynamic_accel,56.603,0.23742405209635464
dynamic_accel,56.653,-4.530442689115723
dynamic_accel,56.703,-4.095178011610674
dynamic_accel,56.753,-3.8460518165093465
dynamic_accel,56.803,-2.5442944435511112
dynamic_accel,56.853,0.4825231227431228
dynamic_accel,56.903,2.076345474219604
dynamic_accel,56.953,3.5677121737107846
dynamic_accel,57.003,4.112191378676307
dynamic_accel,57.053,7.899055393355859
dynamic_accel,57.103,0.6770150187874666
dynamic_accel,57.153,-2.152966380632206
dynamic_accel,57.203,-0.9066618073784412
dynamic_accel,57.253,-3.6794889924189675
dynamic_accel,57.303,-3.3261401626104385
dynamic_accel,57.353,-2.1879998573685704
dynamic_accel,57.403,-1.9293324371951872
dynamic_accel,57.453,-1.8292831114097394
dynamic_accel,57.503,2.8653298209393423
dynamic_accel,57.553,3.1928394637875144
dynamic_accel,57.603,0.7501021975653028
dynamic_accel,57.653,4.123300953053926
dynamic_accel,57.703,1.3144031669925962
dynamic_accel,57.753,-1.046169303467007
dynamic_accel,57.803,-2.989505194175793
dynamic_accel,57.853,-3.461641968193687
dynamic_accel,57.903,-2.397604664312799
dynamic_accel,57.953,0.46508484527531735
dynamic_accel,58.003,1.4760644401214567
dynamic_accel,58.053,1.6325961263553168
dynamic_accel,58.103,2.4395237758306454
dynamic_accel,58.153,0.49689027619317905
dynamic_accel,58.203,0.6967851068772788
dynamic_accel,58.253,-0.8871204219210327
dynamic_accel,58.303,-0.19106387507909162
dynamic_accel,58.353,-2.0480470605487966
dynamic_accel,58.403,-0.795069576542641
dynamic_accel,58.453,-0.38463883420857314
dynamic_accel,58.503,-0.10760488279347058
dynamic_accel,58.553,0.43013966849099816
dynamic_accel,58.603,0.3164804417645506
dynamic_accel,58.653,1.1855626090974543
dynamic_accel,58.703,-0.9385508362341
dynamic_accel,58.753,2.5804620991541487
dynamic_accel,58.803,-1.1435569445340104
dynamic_accel,58.853,-0.9681903191331092
dynamic_accel,58.903,-1.1269704148906197
dynamic_accel,58.953,0.13125279643142385
dynamic_accel,59.003,0.7778902688698928
dynamic_accel,59.053,0.5046562810914903
dynamic_accel,59.103,0.7006012798609973
dynamic_accel,59.153,-0.07510784500422396
dynamic_accel,59.203,-0.40878198037219704
dynamic_accel,59.253,-0.33285372530396096
dynamic_accel,59.303,0.06524345622782945
dynamic_accel,59.353,-0.17639914136349333
dynamic_accel,59.403,-0.14326883677363256
dynamic_accel,59.453,-0.014570017134271751
dynamic_accel,59.503,-0.1322766550239649
dynamic_accel,59.553,-0.40209766299039096
dynamic_accel,59.603,0.14578731447148563
dynamic_accel,59.653,0.08293104140202168
dynamic_accel,59.703,0.1493311447419785
dynamic_accel,59.753,0.23503138689794056
dynamic_accel,59.803,0.18234563038114082
dynamic_accel,59.853,0.2231054215500059
dynamic_accel,59.903,0.21413304009380774
dynamic_accel,59.953,-0.031148891047010352
dynamic_accel,60.003,-0.07632139952113626
dynamic_accel,60.053,-0.4457724894790491
dynamic_accel,60.103,-0.035770385536695315
dynamic_accel,60.153,-0.08101767021430994
dynamic_accel,60.203,0.31683726735197304
dynamic_accel,60.253,0.5363295407495645
dynamic_accel,60.303,-0.5214691041399551
dynamic_accel,60.353,-0.7380407290365341
dynamic_accel,60.403,0.432635407878994
dynamic_accel,60.453,0.1465465285304468
magnetic_norm,0.003,106.08002028244998
magnetic_norm,0.003,105.1170492008791
magnetic_norm,0.004,105.75521727839276
magnetic_norm,0.027,105.88015593998244
magnetic_norm,0.033,107.31514585806396
magnetic_norm,0.053,105.35579125990192
magnetic_norm,0.074,109.50205018286208
magnetic_norm,0.094,108.66497825115981
magnetic_norm,0.113,107.75952067856927
magnetic_norm,0.133,108.78581649248927
magnetic_norm,0.153,107.32490413465337
magnetic_norm,0.174,108.22709115911105
magnetic_norm,0.193,107.31501901056336
magnetic_norm,0.213,109.00654008475821
magnetic_norm,0.234,106.01566861642434
magnetic_norm,0.253,107.57424551850237
magnetic_norm,0.273,108.1102861799006
magnetic_norm,0.293,107.38745660481027
magnetic_norm,0.314,107.59338331334553
magnetic_norm,0.337,108.56302703015453
magnetic_norm,0.353,106.4695016623307
magnetic_norm,0.373,108.30172222314866
magnetic_norm,0.394,107.61265443356329
magnetic_norm,0.413,107.25403510765923
magnetic_norm,0.433,106.50901658046386
magnetic_norm,0.453,108.07705090004096
magnetic_norm,0.473,107.71428985022148
magnetic_norm,0.494,106.52116309746873
magnetic_norm,0.513,108.84106619171848
magnetic_norm,0.533,108.77550477750053
magnetic_norm,0.553,107.34889179825052
magnetic_norm,0.573,103.4945323090188
magnetic_norm,0.593,103.21955466589196
magnetic_norm,0.613,100.34505312919019
magnetic_norm,0.633,90.61199250016534
magnetic_norm,0.653,80.55587225452592
magnetic_norm,0.673,66.57886093742519
magnetic_norm,0.693,55.3900107927866
magnetic_norm,0.713,44.61334299175529
magnetic_norm,0.733,36.97359957388521
magnetic_norm,0.753,33.24105367125117
magnetic_norm,0.773,31.293436805023575
magnetic_norm,0.794,32.645672582097326
magnetic_norm,0.814,35.82224189225879
magnetic_norm,0.833,42.03656950540213
magnetic_norm,0.853,47.22786627621197
magnetic_norm,0.873,46.5290881483025
magnetic_norm,0.894,49.44932440627982
magnetic_norm,0.92,49.061151735359836
magnetic_norm,0.933,49.71586857747234
magnetic_norm,0.953,51.48253526099904
magnetic_norm,0.973,51.82219926440795
magnetic_norm,0.993,49.89809476422926
magnetic_norm,1.014,51.43776152035588
magnetic_norm,1.033,51.77139354894752
magnetic_norm,1.053,51.54178561189455
magnetic_norm,1.074,50.971253679034746
magnetic_norm,1.093,51.503564717405766
magnetic_norm,1.113,50.97687882180022
magnetic_norm,1.133,51.247238803300434
magnetic_norm,1.153,52.20806214321696
magnetic_norm,1.173,52.417659037890175
magnetic_norm,1.194,49.992385029122204
magnetic_norm,1.214,52.10148693451561
magnetic_norm,1.233,53.06477104468656
magnetic_norm,1.253,52.62028648689121
magnetic_norm,1.274,50.908432797032766
magnetic_norm,1.294,52.4832565407769
magnetic_norm,1.314,52.326320586178284
magnetic_norm,1.333,52.69229762854341
magnetic_norm,1.353,52.822510515759284
magnetic_norm,1.374,51.38273713965133
magnetic_norm,1.393,53.49145978378232
magnetic_norm,1.413,52.43380798397169
magnetic_norm,1.435,53.000878602977
magnetic_norm,1.453,53.55515701463784
magnetic_norm,1.473,53.65579878598868
magnetic_norm,1.494,56.666079544446234
magnetic_norm,1.514,51.67125908810433
magnetic_norm,1.533,52.77578790565329
magnetic_norm,1.553,54.302117652076895
magnetic_norm,1.573,55.45414912283394
magnetic_norm,1.593,55.717214297490685
magnetic_norm,1.614,53.41621062619946
magnetic_norm,1.633,54.90455534042243
magnetic_norm,1.654,54.746600398221084
magnetic_norm,1.677,54.55692903655784
magnetic_norm,1.693,56.117348481897814
magnetic_norm,1.713,56.07572064015317
magnetic_norm,1.733,55.393767635459234
magnetic_norm,1.753,55.91735826881045
magnetic_norm,1.773,56.08386761761365
magnetic_norm,1.793,54.67744979549384
magnetic_norm,1.813,57.45898452853139
magnetic_norm,1.833,55.79603291946488
magnetic_norm,1.853,56.05192001730405
magnetic_norm,1.874,57.25286633108425
magnetic_norm,1.894,54.98892685082164
magnetic_norm,1.913,55.44111123683406
magnetic_norm,1.934,55.83138652217732
magnetic_norm,1.953,57.1279351263461
magnetic_norm,1.973,55.65431464298164
magnetic_norm,1.993,56.78245078686291
magnetic_norm,2.013,54.775998644935804
magnetic_norm,2.033,55.29343209471176
magnetic_norm,2.053,55.09250956381231
magnetic_norm,2.073,55.03667176079059
magnetic_norm,2.093,55.57524075393208
magnetic_norm,2.113,54.18875638024476
magnetic_norm,2.134,56.55863281553493
magnetic_norm,2.153,55.269270566020715
magnetic_norm,2.173,55.87419813921282
magnetic_norm,2.193,54.75497764153506
magnetic_norm,2.214,56.57246942528671
magnetic_norm,2.234,55.81479453570084
magnetic_norm,2.253,53.59457319449428
magnetic_norm,2.273,55.348672523647764
magnetic_norm,2.293,55.0698661184137
magnetic_norm,2.314,53.749937437591576
magnetic_norm,2.333,53.91489061184767
magnetic_norm,2.354,53.80181406695317
magnetic_norm,2.373,52.11104354525056
magnetic_norm,2.393,52.14572080446782
magnetic_norm,2.413,54.25068798727361
magnetic_norm,2.434,51.771882641799486
magnetic_norm,2.454,56.23628114394883
magnetic_norm,2.474,49.31543228095551
magnetic_norm,2.494,50.17597522744331
magnetic_norm,2.513,50.473335367424575
magnetic_norm,2.533,49.562271541844304
magnetic_norm,2.553,49.58410823098969
magnetic_norm,2.573,47.558675552022194
magnetic_norm,2.594,43.959890359849645
magnetic_norm,2.614,42.406522175103085
magnetic_norm,2.635,44.25049655441733
magnetic_norm,2.653,42.73414590889234
magnetic_norm,2.673,43.60968700566998
magnetic_norm,2.693,43.6114524092583
magnetic_norm,2.714,42.23782863648416
magnetic_norm,2.736,41.45548864981577
magnetic_norm,2.754,43.02045207659957
magnetic_norm,2.774,45.87726567906484
magnetic_norm,2.796,40.73470842613833
magnetic_norm,2.813,41.43454316378576
magnetic_norm,2.834,41.258797679064884
magnetic_norm,2.855,39.62711475208617
magnetic_norm,2.874,40.27263435789867
magnetic_norm,2.895,40.82524390015938
magnetic_norm,2.914,43.18362814814781
magnetic_norm,2.934,42.3882975990426
magnetic_norm,2.953,42.51624222209091
magnetic_norm,2.973,42.05568460886126
magnetic_norm,2.994,42.09769190896931
magnetic_norm,3.014,44.36239079479378
magnetic_norm,3.041,41.46087629591301
magnetic_norm,3.055,42.9072969646481
magnetic_norm,3.073,42.76424104903535
magnetic_norm,3.093,44.50852709734394
magnetic_norm,3.113,41.455063235387804
magnetic_norm,3.133,42.616419672322316
magnetic_norm,3.154,42.79210194323252
magnetic_norm,3.174,40.876483631331354
magnetic_norm,3.194,43.58689100922433
magnetic_norm,3.217,43.38024959372359
magnetic_norm,3.233,44.20914825081456
magnetic_norm,3.253,40.187394897840925
magnetic_norm,3.274,39.04856508935392
magnetic_norm,3.293,41.75526249348703
magnetic_norm,3.314,41.46233030263737
magnetic_norm,3.34,39.440878276700445
magnetic_norm,3.354,47.08672231152333
magnetic_norm,3.375,50.05007957161522
magnetic_norm,3.393,49.77311316845682
magnetic_norm,3.414,51.86740098824117
magnetic_norm,3.434,50.23295990400631
magnetic_norm,3.453,50.773456157843945
magnetic_norm,3.474,52.50257668719703
magnetic_norm,3.493,50.359885103634404
magnetic_norm,3.513,50.47239500677574
magnetic_norm,3.54,49.60582792437296
magnetic_norm,3.554,49.872185862412366
magnetic_norm,3.574,48.44942989293073
magnetic_norm,3.594,50.627250218138464
magnetic_norm,3.614,50.475445763261966
magnetic_norm,3.634,49.146946257638994
magnetic_norm,3.654,49.7425699990838
magnetic_norm,3.673,49.45033593991052
magnetic_norm,3.693,50.35320833713097
magnetic_norm,3.714,50.04179699823438
magnetic_norm,3.734,50.95824315775623
magnetic_norm,3.754,48.20374121173066
magnetic_norm,3.774,49.7130220370629
magnetic_norm,3.793,49.7425699990838
magnetic_norm,3.813,48.652478177503966
magnetic_norm,3.835,48.382226931100426
magnetic_norm,3.853,48.800778151967094
magnetic_norm,3.874,47.7061983025529
magnetic_norm,3.894,48.208744383617805
magnetic_norm,3.916,50.81972934373037
magnetic_norm,3.933,48.797891911229165
magnetic_norm,3.954,50.18412544527901
magnetic_norm,3.973,48.42699993856734
magnetic_norm,3.994,48.32496878413378
magnetic_norm,4.015,48.04309864642372
magnetic_norm,4.034,48.66109441201462
magnetic_norm,4.054,49.5662804430845
magnetic_norm,4.073,48.024332211650794
magnetic_norm,4.093,48.062040292209836
magnetic_norm,4.113,49.48756522337211
magnetic_norm,4.134,47.57540507052989
magnetic_norm,4.156,47.99662372617996
magnetic_norm,4.175,48.11199243302029
magnetic_norm,4.194,46.71302799425981
magnetic_norm,4.214,46.69279559312395
magnetic_norm,4.233,46.95453377670254
magnetic_norm,4.253,46.69279559312395
magnetic_norm,4.274,47.89624508239143
magnetic_norm,4.294,47.05183833536698
magnetic_norm,4.314,47.71053131848881
magnetic_norm,4.333,45.214071821447455
magnetic_norm,4.353,49.22998762777886
magnetic_norm,4.373,47.605393614983385
magnetic_norm,4.395,46.98467833554901
magnetic_norm,4.413,46.68810617076366
magnetic_norm,4.438,45.85551831650151
magnetic_norm,4.454,46.763218242278846
magnetic_norm,4.474,46.043742277914475
magnetic_norm,4.499,45.6783791856306
magnetic_norm,4.513,46.79470373040362
magnetic_norm,4.533,44.89455645161784
magnetic_norm,4.554,45.09082241016458
magnetic_norm,4.573,45.625196381358194
magnetic_norm,4.594,44.65745721195408
magnetic_norm,4.614,46.46902601585815
magnetic_norm,4.634,46.110996350377214
magnetic_norm,4.656,45.16935636023066
magnetic_norm,4.673,46.0535825776617
magnetic_norm,4.694,47.2508035645956
magnetic_norm,4.715,45.39390102205361
magnetic_norm,4.733,47.610344158452165
magnetic_norm,4.753,45.943601987790515
magnetic_norm,4.773,46.84512951991381
magnetic_norm,4.793,45.34229866788305
magnetic_norm,4.813,45.930279058182315
magnetic_norm,4.834,44.18401595175568
magnetic_norm,4.854,44.978704199737734
magnetic_norm,4.873,45.77691092297514
magnetic_norm,4.894,42.60980999414934
magnetic_norm,4.914,45.28921414558889
magnetic_norm,4.934,44.90364192309471
magnetic_norm,4.953,42.48813713114521
magnetic_norm,4.979,44.31392150385711
magnetic_norm,4.994,43.1426746467897
magnetic_norm,5.013,45.75587246900669
magnetic_norm,5.034,42.30115393505842
magnetic_norm,5.056,45.34826007067697
magnetic_norm,5.073,45.170604587878884
magnetic_norm,5.093,43.46925368148158
magnetic_norm,5.114,43.88268182196144
magnetic_norm,5.133,42.7789131802165
magnetic_norm,5.154,43.3151219505094
magnetic_norm,5.174,44.90575869209571
magnetic_norm,5.194,43.811635130122745
magnetic_norm,5.213,43.888155082379576
magnetic_norm,5.233,43.39025680265103
magnetic_norm,5.254,45.37677256124553
magnetic_norm,5.274,43.81616135361767
magnetic_norm,5.297,43.0802542506425
magnetic_norm,5.314,44.38435904829115
magnetic_norm,5.334,45.537863006925456
magnetic_norm,5.353,43.88046870043096
magnetic_norm,5.373,41.60915691885622
magnetic_norm,5.394,44.45362475293776
magnetic_norm,5.413,44.910011880309064
magnetic_norm,5.434,44.8460573065515
magnetic_norm,5.456,43.5081178286162
magnetic_norm,5.474,44.07962217862138
magnetic_norm,5.494,43.63200770794591
magnetic_norm,5.513,43.05817412553627
magnetic_norm,5.533,44.47551808298585
magnetic_norm,5.554,44.47551808298585
magnetic_norm,5.574,42.98439443923225
magnetic_norm,5.597,43.78846656506717
magnetic_norm,5.615,44.26966246539508
magnetic_norm,5.633,42.19830499774257
magnetic_norm,5.655,45.38328597600664
magnetic_norm,5.674,45.170976295404564
magnetic_norm,5.693,46.00181750893112
magnetic_norm,5.714,45.034662431426085
magnetic_norm,5.734,45.13620437542352
magnetic_norm,5.753,46.367006475429285
magnetic_norm,5.78,43.89823532401389
magnetic_norm,5.793,44.05560218017115
magnetic_norm,5.814,45.18794664916199
magnetic_norm,5.833,45.54581899779606
magnetic_norm,5.854,47.0048741182763
magnetic_norm,5.873,45.63578211639415
magnetic_norm,5.894,45.1293865550071
magnetic_norm,5.913,46.20519733468846
magnetic_norm,5.934,45.07254339603548
magnetic_norm,5.957,47.04056479731089
magnetic_norm,5.973,48.68168433610325
magnetic_norm,5.993,47.23610292924788
magnetic_norm,6.014,45.34712218107121
magnetic_norm,6.034,46.6190650545729
magnetic_norm,6.053,46.207354448318085
magnetic_norm,6.073,48.13478545312892
magnetic_norm,6.093,47.44849151502348
magnetic_norm,6.113,46.634133939771
magnetic_norm,6.133,46.80909178995048
magnetic_norm,6.154,47.38298567545116
magnetic_norm,6.174,46.907670180632515
magnetic_norm,6.193,47.14435568164555
magnetic_norm,6.213,47.0234365242483
magnetic_norm,6.233,47.203615851569054
magnetic_norm,6.253,46.52752238447163
magnetic_norm,6.273,47.19207296305184
magnetic_norm,6.293,45.35290526112963
magnetic_norm,6.313,46.60236967553259
magnetic_norm,6.333,45.54956028240014
magnetic_norm,6.353,46.335457366632305
magnetic_norm,6.373,46.438114314106265
magnetic_norm,6.394,46.195141355923475
magnetic_norm,6.422,46.01497355983707
magnetic_norm,6.434,49.372192958182445
magnetic_norm,6.453,46.10364243500725
magnetic_norm,6.473,47.55324406402265
magnetic_norm,6.493,45.65229600455492
magnetic_norm,6.513,47.81759531673461
magnetic_norm,6.533,46.32896994349217
magnetic_norm,6.553,46.3704978154214
magnetic_norm,6.573,46.38053454171265
magnetic_norm,6.594,48.59375969890587
magnetic_norm,6.613,45.05705307191107
magnetic_norm,6.633,46.06650642432634
magnetic_norm,6.653,46.758628235465814
magnetic_norm,6.674,45.79010972783871
magnetic_norm,6.698,45.65842373921823
magnetic_norm,6.713,46.084879843745945
magnetic_norm,6.733,48.08694244490915
magnetic_norm,6.753,48.33389241774348
magnetic_norm,6.773,46.817224961946536
magnetic_norm,6.793,48.409032597749786
magnetic_norm,6.814,45.897524280455535
magnetic_norm,6.834,45.35009420111505
magnetic_norm,6.853,46.88064341028715
magnetic_norm,6.873,48.07911709671883
magnetic_norm,6.894,47.81522249041098
magnetic_norm,6.913,47.049803184498046
magnetic_norm,6.933,47.14062116755039
magnetic_norm,6.953,45.648657033832876
magnetic_norm,6.973,47.99949387740988
magnetic_norm,6.993,46.9980402406713
magnetic_norm,7.013,48.372663509155664
magnetic_norm,7.04,46.978215788277915
magnetic_norm,7.053,46.98060486021067
magnetic_norm,7.073,49.21697111261532
magnetic_norm,7.114,48.53913289166793
magnetic_norm,7.115,46.818498447461984
magnetic_norm,7.133,47.51317647632086
magnetic_norm,7.153,47.779150342173324
magnetic_norm,7.173,48.45337707928633
magnetic_norm,7.193,48.80095483453689
magnetic_norm,7.213,46.73139325515027
magnetic_norm,7.234,48.664695157462546
magnetic_norm,7.253,48.465550518383765
magnetic_norm,7.274,48.127130304797944
magnetic_norm,7.293,51.39113218451463
magnetic_norm,7.314,48.99092581106229
magnetic_norm,7.333,48.94828125294604
magnetic_norm,7.353,48.406261701096064
magnetic_norm,7.373,47.74771173535444
magnetic_norm,7.394,48.81448619518596
magnetic_norm,7.413,49.515267089176746
magnetic_norm,7.434,49.15175089868366
magnetic_norm,7.453,48.58860564075183
magnetic_norm,7.473,47.61505882071354
magnetic_norm,7.493,48.406261701096064
magnetic_norm,7.513,47.82510128060368
magnetic_norm,7.533,47.62106552988132
magnetic_norm,7.554,47.09606255834982
magnetic_norm,7.573,47.672641233468504
magnetic_norm,7.594,46.709579819802585
magnetic_norm,7.615,46.78511167748783
magnetic_norm,7.633,47.51309569784419
magnetic_norm,7.653,49.681784631291215
magnetic_norm,7.678,46.353876002458
magnetic_norm,7.693,46.79978233643295
magnetic_norm,7.713,46.36147461120063
magnetic_norm,7.733,48.2971641625573
magnetic_norm,7.753,48.567759309031345
magnetic_norm,7.773,49.31860186267206
magnetic_norm,7.794,47.72895274031791
magnetic_norm,7.814,47.18882217975462
magnetic_norm,7.835,47.397022197997856
magnetic_norm,7.854,47.20937811628379
magnetic_norm,7.873,46.73863453477229
magnetic_norm,7.893,47.62880177404478
magnetic_norm,7.916,48.28673568362236
magnetic_norm,7.933,49.03733294457916
magnetic_norm,7.953,48.42426221625643
magnetic_norm,7.974,46.96201298988896
magnetic_norm,7.996,49.411074439593
magnetic_norm,8.013,48.08375095541637
magnetic_norm,8.033,47.369646932265695
magnetic_norm,8.053,47.668212629329844
magnetic_norm,8.074,47.21837116083633
magnetic_norm,8.093,47.61737020576105
magnetic_norm,8.113,47.676737399516966
magnetic_norm,8.134,47.25467610789963
magnetic_norm,8.16,47.229999706436594
magnetic_norm,8.173,48.634857565382156
magnetic_norm,8.193,47.65126785550945
magnetic_norm,8.213,48.593898080674705
magnetic_norm,8.234,49.16887133733599
magnetic_norm,8.253,48.12871553085539
magnetic_norm,8.274,48.205973065715625
magnetic_norm,8.294,48.91349267456782
magnetic_norm,8.313,48.38030423943207
magnetic_norm,8.333,48.64603793180391
magnetic_norm,8.353,49.03235781302996
magnetic_norm,8.373,48.102636598553566
magnetic_norm,8.394,48.88109495602579
magnetic_norm,8.414,49.531378150951035
magnetic_norm,8.434,49.95310929879645
magnetic_norm,8.453,50.73449943603475
magnetic_norm,8.473,50.63700593748129
magnetic_norm,8.499,50.026423096324805
magnetic_norm,8.514,51.19474211698894
magnetic_norm,8.534,51.59909674463797
magnetic_norm,8.553,52.659059182157876
magnetic_norm,8.574,52.912454009547844
magnetic_norm,8.593,50.89283379121285
magnetic_norm,8.613,51.1148868896088
magnetic_norm,8.633,50.95431511793204
magnetic_norm,8.654,51.02256797290799
magnetic_norm,8.673,53.31561445498402
magnetic_norm,8.693,51.9622348223929
magnetic_norm,8.713,53.65436875082968
magnetic_norm,8.733,52.47312340653556
magnetic_norm,8.753,53.58854335058475
magnetic_norm,8.773,53.74252173081867
magnetic_norm,8.793,52.00586542941574
magnetic_norm,8.819,53.125490648557786
magnetic_norm,8.834,52.91612778988085
magnetic_norm,8.854,53.81374472741607
magnetic_norm,8.873,53.31727924064581
magnetic_norm,8.893,52.46598644741185
magnetic_norm,8.913,53.67484808071189
magnetic_norm,8.933,54.48898735857091
magnetic_norm,8.953,54.47746679098172
magnetic_norm,8.976,52.96329118774168
magnetic_norm,8.993,53.58723161409363
magnetic_norm,9.013,54.40115658432734
magnetic_norm,9.035,54.65112426119446
magnetic_norm,9.053,54.78097063180335
magnetic_norm,9.073,54.32624983329888
magnetic_norm,9.101,54.610572315612714
magnetic_norm,9.113,53.728974646832874
magnetic_norm,9.136,55.069966833679096
magnetic_norm,9.153,54.986224907243894
magnetic_norm,9.173,55.022839007997405
magnetic_norm,9.193,55.261266692526156
magnetic_norm,9.213,55.30220884019914
magnetic_norm,9.234,55.31505824856827
magnetic_norm,9.253,55.18208804120683
magnetic_norm,9.276,54.90661805766224
magnetic_norm,9.293,56.622643817932946
magnetic_norm,9.313,55.974544331620066
magnetic_norm,9.334,57.265855308704694
magnetic_norm,9.354,54.46260479723687
magnetic_norm,9.373,56.81850920816883
magnetic_norm,9.394,56.74344831476142
magnetic_norm,9.413,56.52794455510478
magnetic_norm,9.435,57.65273052968744
magnetic_norm,9.454,56.78097516448181
magnetic_norm,9.473,58.75306439178308
magnetic_norm,9.493,57.5129529279058
magnetic_norm,9.517,57.15251598201964
magnetic_norm,9.535,56.749438879120284
magnetic_norm,9.554,55.95176767784021
magnetic_norm,9.573,59.12071246714218
magnetic_norm,9.593,57.79451507641115
magnetic_norm,9.613,59.323352670238634
magnetic_norm,9.634,59.42784926673689
magnetic_norm,9.654,58.065688491074525
magnetic_norm,9.673,57.77820537159756
magnetic_norm,9.694,58.02198330697599
magnetic_norm,9.713,57.38697507063342
magnetic_norm,9.733,57.82972400774969
magnetic_norm,9.753,58.99795775035357
magnetic_norm,9.775,57.387382242310025
magnetic_norm,9.794,58.46377504510807
magnetic_norm,9.814,58.45998357316747
magnetic_norm,9.834,59.41558144218155
magnetic_norm,9.853,59.346570241358535
magnetic_norm,9.873,60.324143164863976
magnetic_norm,9.894,59.34469999966303
magnetic_norm,9.914,59.02124175773499
magnetic_norm,9.936,60.44396215566122
magnetic_norm,9.953,61.85708358638092
magnetic_norm,9.973,62.48855199024459
magnetic_norm,9.993,61.22893048367746
magnetic_norm,10.013,59.55129008174391
magnetic_norm,10.033,62.139566478915164
magnetic_norm,10.053,62.02251306743397
magnetic_norm,10.073,64.66503544507276
magnetic_norm,10.093,66.03202436838886
magnetic_norm,10.113,65.74402652484868
magnetic_norm,10.133,66.52449139687215
magnetic_norm,10.153,65.33412162147741
magnetic_norm,10.173,64.98900962095445
magnetic_norm,10.193,63.18921390138511
magnetic_norm,10.213,63.5637087268553
magnetic_norm,10.24,63.1577544971716
magnetic_norm,10.254,65.8783524110919
magnetic_norm,10.274,64.74864382141543
magnetic_norm,10.293,64.17731056533925
magnetic_norm,10.313,65.77677016859764
magnetic_norm,10.334,64.37885392094994
magnetic_norm,10.353,65.63117922136938
magnetic_norm,10.374,64.12841547921639
magnetic_norm,10.394,65.26134356454823
magnetic_norm,10.416,64.55782983428504
magnetic_norm,10.433,66.49632722451676
magnetic_norm,10.453,66.09096055134927
magnetic_norm,10.474,67.6548278648686
magnetic_norm,10.493,66.01340131443011
magnetic_norm,10.514,65.3869364128838
magnetic_norm,10.534,67.43962065729615
magnetic_norm,10.553,67.9304567190779
magnetic_norm,10.573,69.32599958709575
magnetic_norm,10.593,68.23470238888714
magnetic_norm,10.614,67.66737458840498
magnetic_norm,10.634,68.57476771296815
magnetic_norm,10.654,70.4894779796957
magnetic_norm,10.674,68.49243369690554
magnetic_norm,10.699,68.63556548803616
magnetic_norm,10.713,68.74566012556743
magnetic_norm,10.737,69.50264102446036
magnetic_norm,10.753,69.39441915862184
magnetic_norm,10.773,70.5167635224065
magnetic_norm,10.794,68.03964330429017
magnetic_norm,10.813,68.19932012582677
magnetic_norm,10.834,68.13044199686023
magnetic_norm,10.854,69.6206488887277
magnetic_norm,10.873,68.09293769988192
magnetic_norm,10.899,69.83860851438122
magnetic_norm,10.913,69.42457649672774
magnetic_norm,10.934,68.95137992890366
magnetic_norm,10.957,69.30716544232638
magnetic_norm,10.973,67.81651349394926
magnetic_norm,10.993,68.85007672190714
magnetic_norm,11.015,68.37329293216398
magnetic_norm,11.033,68.55390566171268
magnetic_norm,11.053,66.63413662727612
magnetic_norm,11.074,68.62885781806733
magnetic_norm,11.093,68.66076096405078
magnetic_norm,11.113,67.6717924716422
magnetic_norm,11.133,66.96461572128975
magnetic_norm,11.154,66.6742042919337
magnetic_norm,11.173,67.73470973059163
magnetic_norm,11.194,68.86140695837935
magnetic_norm,11.216,67.00555800528804
magnetic_norm,11.233,66.4422717977795
magnetic_norm,11.254,66.49581087905091
magnetic_norm,11.273,67.97525708410379
magnetic_norm,11.293,66.40397239378841
magnetic_norm,11.313,66.6712696338348
magnetic_norm,11.334,66.51991366096705
magnetic_norm,11.357,65.96104496689694
magnetic_norm,11.373,65.3846052336672
magnetic_norm,11.394,66.39121094410766
magnetic_norm,11.413,65.96863788242496
magnetic_norm,11.433,63.765116396035914
magnetic_norm,11.453,63.1759576134388
magnetic_norm,11.473,65.8664655880555
magnetic_norm,11.493,65.22763918980206
magnetic_norm,11.513,64.63481847589966
magnetic_norm,11.536,64.80641515554227
magnetic_norm,11.553,61.782960768423166
magnetic_norm,11.573,62.31264907103545
magnetic_norm,11.593,61.42508298987068
magnetic_norm,11.614,61.56116147022
magnetic_norm,11.634,62.071743015340765
magnetic_norm,11.654,61.41711004150228
magnetic_norm,11.674,61.31708168324721
magnetic_norm,11.698,61.80614219355565
magnetic_norm,11.713,61.251534208744566
magnetic_norm,11.734,60.643775765221775
magnetic_norm,11.756,60.88018066784957
magnetic_norm,11.773,60.84965824349387
magnetic_norm,11.795,61.14587737789442
magnetic_norm,11.815,60.41559071733889
magnetic_norm,11.833,59.49486721642466
magnetic_norm,11.854,59.71425827503436
magnetic_norm,11.873,60.82293365016604
magnetic_norm,11.894,58.68211322850008
magnetic_norm,11.914,59.0064911325865
magnetic_norm,11.934,56.94085828278323
magnetic_norm,11.953,59.52135192233541
magnetic_norm,11.973,57.1519780681299
magnetic_norm,11.993,58.82460979099231
magnetic_norm,12.016,59.2039355395823
magnetic_norm,12.033,57.02676797456613
magnetic_norm,12.06,58.36692803291947
magnetic_norm,12.073,55.72828737477058
magnetic_norm,12.094,57.21610047737883
magnetic_norm,12.113,57.07252250174776
magnetic_norm,12.134,57.06261466308304
magnetic_norm,12.156,55.822402886856274
magnetic_norm,12.173,56.532807473338075
magnetic_norm,12.193,57.72621335223287
magnetic_norm,12.213,55.751434265250076
magnetic_norm,12.234,56.13699720506317
magnetic_norm,12.254,57.01054015245778
magnetic_norm,12.273,57.23842241864289
magnetic_norm,12.293,57.42918397361223
magnetic_norm,12.314,55.07712972881888
magnetic_norm,12.334,56.437658408448854
magnetic_norm,12.353,56.98294762996002
magnetic_norm,12.374,56.43266326217922
magnetic_norm,12.394,55.74347923513128
magnetic_norm,12.413,56.94579397220672
magnetic_norm,12.433,56.70815652642057
magnetic_norm,12.453,56.74118360223463
magnetic_norm,12.474,56.76104682240285
magnetic_norm,12.495,56.993815221927846
magnetic_norm,12.513,56.14325674023555
magnetic_norm,12.533,56.38067498842138
magnetic_norm,12.553,55.73452526329626
magnetic_norm,12.573,55.57999408229097
magnetic_norm,12.594,56.130542455623186
magnetic_norm,12.613,55.844953816459636
magnetic_norm,12.633,55.240042584048574
magnetic_norm,12.654,57.62533123136923
magnetic_norm,12.673,56.21968262116926
magnetic_norm,12.693,55.82676840324917
magnetic_norm,12.713,56.843525815390834
magnetic_norm,12.733,53.4153515419491
magnetic_norm,12.753,55.13913447566076
magnetic_norm,12.773,55.63766134407086
magnetic_norm,12.793,54.78724011745344
magnetic_norm,12.814,52.25011753539424
magnetic_norm,12.833,54.76173391726211
magnetic_norm,12.853,54.33811140960367
magnetic_norm,12.874,52.40866530641678
magnetic_norm,12.895,55.89359607593701
magnetic_norm,12.913,53.69871789321422
magnetic_norm,12.934,55.76619439678487
magnetic_norm,12.953,54.28217010826392
magnetic_norm,12.976,54.36036831208012
magnetic_norm,12.993,53.36736515945395
magnetic_norm,13.013,55.51655995849351
magnetic_norm,13.033,53.76074841764209
magnetic_norm,13.061,52.78712041244065
magnetic_norm,13.074,53.84180863882647
magnetic_norm,13.093,55.44449187870243
magnetic_norm,13.113,55.664614122551
magnetic_norm,13.134,54.24024383552781
magnetic_norm,13.153,53.504676650971405
magnetic_norm,13.174,54.455416827667385
magnetic_norm,13.194,54.09102640838413
magnetic_norm,13.213,52.240522769326354
magnetic_norm,13.233,53.856074474589214
magnetic_norm,13.253,52.07297869756929
magnetic_norm,13.275,54.27158656262964
magnetic_norm,13.293,52.23964607400694
magnetic_norm,13.314,54.862327478539534
magnetic_norm,13.333,54.352527683862135
magnetic_norm,13.353,53.159675988008175
magnetic_norm,13.374,53.24709852799494
magnetic_norm,13.393,54.2385259323343
magnetic_norm,13.413,53.948559696598956
magnetic_norm,13.433,53.72385384235766
magnetic_norm,13.454,53.73729896124296
magnetic_norm,13.473,54.12494082075302
magnetic_norm,13.495,53.155671516428995
magnetic_norm,13.513,52.79111092433083
magnetic_norm,13.533,54.27924333803871
magnetic_norm,13.553,52.90383369815939
magnetic_norm,13.573,54.1366540326424
magnetic_norm,13.593,53.174412371929456
magnetic_norm,13.615,53.840457895526974
magnetic_norm,13.634,53.547328112264395
magnetic_norm,13.658,53.19358807694777
magnetic_norm,13.673,56.03962605235261
magnetic_norm,13.693,53.711286383776034
magnetic_norm,13.713,54.744332545365
magnetic_norm,13.749,53.14639915424676
magnetic_norm,13.753,55.068677177003416
magnetic_norm,13.774,54.391231959296604
magnetic_norm,13.794,54.750806216666945
magnetic_norm,13.813,53.77710931532584
magnetic_norm,13.833,53.78804142941548
magnetic_norm,13.853,53.89653460659609
magnetic_norm,13.873,53.49114412685525
magnetic_norm,13.894,54.304227507741146
magnetic_norm,13.913,54.32421898219063
magnetic_norm,13.933,54.23732248818617
magnetic_norm,13.953,53.96885599468461
magnetic_norm,13.973,54.856209672880325
magnetic_norm,13.993,52.50737888073457
magnetic_norm,14.013,54.27897015937664
magnetic_norm,14.033,53.52859688486614
magnetic_norm,14.053,52.768752961032725
magnetic_norm,14.074,52.03633842001668
magnetic_norm,14.093,53.44589736651916
magnetic_norm,14.113,51.7122547263945
magnetic_norm,14.133,53.47126606739363
magnetic_norm,14.153,53.089157394071535
magnetic_norm,14.173,52.7870742662208
magnetic_norm,14.193,51.96705380635413
magnetic_norm,14.219,51.8249627466581
magnetic_norm,14.233,53.304070154691374
magnetic_norm,14.253,53.399769022674704
magnetic_norm,14.273,51.92306358064787
magnetic_norm,14.293,52.99669914520624
magnetic_norm,14.314,52.52863281701704
magnetic_norm,14.333,51.24653949999945
magnetic_norm,14.354,50.57206442197119
magnetic_norm,14.373,53.31622682830724
magnetic_norm,14.394,51.38610509762099
magnetic_norm,14.413,52.74888997041094
magnetic_norm,14.433,51.15219217956362
magnetic_norm,14.46,50.967597703099564
magnetic_norm,14.473,52.226740641417685
magnetic_norm,14.494,51.95325276128172
magnetic_norm,14.514,51.90865963702492
magnetic_norm,14.533,52.645005104947984
magnetic_norm,14.553,53.27407328209711
magnetic_norm,14.574,52.85032004362651
magnetic_norm,14.594,52.027885031442516
magnetic_norm,14.613,52.91929599613225
magnetic_norm,14.634,52.100488158653576
magnetic_norm,14.653,53.28974907217155
magnetic_norm,14.674,52.807793571119795
magnetic_norm,14.694,52.11437953854483
magnetic_norm,14.715,52.42625592844682
magnetic_norm,14.733,52.973714543983995
magnetic_norm,14.753,51.848401690047304
magnetic_norm,14.774,52.89041725764226
magnetic_norm,14.795,50.311201235286575
magnetic_norm,14.813,52.20502825674462
magnetic_norm,14.833,53.30310009265417
magnetic_norm,14.853,50.99847849090702
magnetic_norm,14.874,51.997972639204896
magnetic_norm,14.895,50.46345643557332
magnetic_norm,14.913,52.00451678099701
magnetic_norm,14.933,51.35686803680697
magnetic_norm,14.953,52.40866530641678
magnetic_norm,14.973,51.36531535542742
magnetic_norm,14.993,51.718543428590486
magnetic_norm,15.014,52.21313994963341
magnetic_norm,15.033,52.338119584116264
magnetic_norm,15.053,52.60382006190239
magnetic_norm,15.073,51.377950219671135
magnetic_norm,15.093,52.87839126216872
magnetic_norm,15.113,52.219806231687684
magnetic_norm,15.133,53.37378480396546
magnetic_norm,15.153,51.85239280978269
magnetic_norm,15.173,51.817206781628094
magnetic_norm,15.194,52.27752454556842
magnetic_norm,15.215,52.21700396721843
magnetic_norm,15.233,51.59931227594028
magnetic_norm,15.253,52.604728322651766
magnetic_norm,15.274,51.640008462673684
magnetic_norm,15.293,52.03073977155246
magnetic_norm,15.313,53.5566640912923
magnetic_norm,15.334,52.23156965799045
magnetic_norm,15.353,52.53661410066796
magnetic_norm,15.373,51.58556257835136
magnetic_norm,15.393,51.276999366797
magnetic_norm,15.414,51.50212770362019
magnetic_norm,15.433,52.46194066856945
magnetic_norm,15.453,52.2212629822614
magnetic_norm,15.474,52.85393473574137
magnetic_norm,15.494,50.77237583968521
magnetic_norm,15.513,51.00181656066295
magnetic_norm,15.533,50.98846338946443
magnetic_norm,15.553,51.30298139059514
magnetic_norm,15.573,52.305912455046666
magnetic_norm,15.593,51.06821801198868
magnetic_norm,15.613,50.37614068361138
magnetic_norm,15.633,50.90669381537662
magnetic_norm,15.653,48.98142066449788
magnetic_norm,15.676,50.698689054427334
magnetic_norm,15.695,51.52211047538233
magnetic_norm,15.714,52.29592815470914
magnetic_norm,15.734,51.38931718088401
magnetic_norm,15.755,52.7166882388776
magnetic_norm,15.775,50.1662933342699
magnetic_norm,15.793,50.678889822587905
magnetic_norm,15.813,51.37023034939595
magnetic_norm,15.833,51.66369829895079
magnetic_norm,15.858,52.12415624820712
magnetic_norm,15.873,49.88022164966797
magnetic_norm,15.894,51.821178097135196
magnetic_norm,15.913,51.686986918856135
magnetic_norm,15.933,51.686986918856135
magnetic_norm,15.953,50.021461727942345
magnetic_norm,15.976,50.409299595907946
magnetic_norm,15.993,50.87232029453743
magnetic_norm,16.014,51.12188101732956
magnetic_norm,16.033,50.60849735291496
magnetic_norm,16.054,50.958586924457634
magnetic_norm,16.073,52.39708886832359
magnetic_norm,16.093,50.535702663933556
magnetic_norm,16.115,50.60212929314347
magnetic_norm,16.134,50.382761032048464
magnetic_norm,16.153,49.97116254419902
magnetic_norm,16.175,50.70693688076622
magnetic_norm,16.194,51.55338017494586
magnetic_norm,16.214,51.55338017494586
magnetic_norm,16.24,51.05909689308566
magnetic_norm,16.253,51.89421174604882
magnetic_norm,16.273,51.57497279572735
magnetic_norm,16.3,51.39661486798042
magnetic_norm,16.314,48.84960882097728
magnetic_norm,16.334,50.944923155428356
magnetic_norm,16.353,50.944923155428356
magnetic_norm,16.374,49.99451148219922
magnetic_norm,16.393,50.713040388419884
magnetic_norm,16.413,49.392115741786256
magnetic_norm,16.433,49.702837430573325
magnetic_norm,16.454,49.232876584605535
magnetic_norm,16.474,50.68817619339362
magnetic_norm,16.493,48.71852623994799
magnetic_norm,16.513,49.62577992719616
magnetic_norm,16.533,49.65290500141965
magnetic_norm,16.554,50.02915608222878
magnetic_norm,16.573,50.204820999158095
magnetic_norm,16.593,50.2137796621854
magnetic_norm,16.614,47.95313727497405
magnetic_norm,16.633,49.862570890022404
magnetic_norm,16.653,47.59580680997539
magnetic_norm,16.673,48.26323235264088
magnetic_norm,16.693,49.02985857605047
magnetic_norm,16.713,49.523268941099815
magnetic_norm,16.733,48.836627359749166
magnetic_norm,16.754,50.02080815750597
magnetic_norm,16.773,48.25280569226007
magnetic_norm,16.793,48.505864176664296
magnetic_norm,16.813,48.92603963624594
magnetic_norm,16.834,48.154044858454
magnetic_norm,16.853,49.68449662168272
magnetic_norm,16.874,48.37609376310008
magnetic_norm,16.894,49.4763120816922
magnetic_norm,16.916,48.72446839499638
magnetic_norm,16.933,49.596025701662846
magnetic_norm,16.953,49.15858659443439
magnetic_norm,16.973,48.98434184284045
magnetic_norm,16.996,49.53161632356651
magnetic_norm,17.019,48.32978480205044
magnetic_norm,17.034,49.431785666512205
magnetic_norm,17.054,50.20999754212319
magnetic_norm,17.073,49.2490828665368
magnetic_norm,17.093,50.68349689913877
magnetic_norm,17.114,51.32450782796169
magnetic_norm,17.135,51.26120105303832
magnetic_norm,17.154,51.535899546505604
magnetic_norm,17.174,49.82325948164186
magnetic_norm,17.193,48.838386754683135
magnetic_norm,17.213,49.948936842739805
magnetic_norm,17.233,48.95935408925964
magnetic_norm,17.254,48.32520257381245
magnetic_norm,17.274,49.3202596336688
magnetic_norm,17.294,48.7300988501974
magnetic_norm,17.314,48.899272210688416
magnetic_norm,17.334,49.00558841481755
magnetic_norm,17.353,49.920426546480044
magnetic_norm,17.373,48.0181039858927
magnetic_norm,17.395,48.70164984204852
magnetic_norm,17.414,47.51270169807232
magnetic_norm,17.434,48.26506794706707
magnetic_norm,17.457,48.92636394291937
magnetic_norm,17.473,48.25047928280091
magnetic_norm,17.493,48.546896915804524
magnetic_norm,17.513,48.01143000982583
magnetic_norm,17.534,49.12935645912233
magnetic_norm,17.554,46.468316764011426
magnetic_norm,17.574,47.607479552983584
magnetic_norm,17.594,48.98870000533291
magnetic_norm,17.619,47.276297653263924
magnetic_norm,17.633,47.287864292807726
magnetic_norm,17.656,47.91871316248748
magnetic_norm,17.674,48.89464359440357
magnetic_norm,17.693,48.27797710654415
magnetic_norm,17.723,48.35316759466231
magnetic_norm,17.734,50.30954208001964
magnetic_norm,17.753,50.38328970080264
magnetic_norm,17.773,48.138761091453205
magnetic_norm,17.793,50.398111801311614
magnetic_norm,17.814,48.230398263102714
magnetic_norm,17.833,48.10759697347708
magnetic_norm,17.853,49.23850317904171
magnetic_norm,17.873,50.1569548025248
magnetic_norm,17.893,48.858010154426054
magnetic_norm,17.913,47.98258914629873
magnetic_norm,17.934,48.7066098538613
magnetic_norm,17.954,48.846754945953165
magnetic_norm,17.974,50.46847718254451
magnetic_norm,17.993,48.416533830319786
magnetic_norm,18.013,49.31221346030824
magnetic_norm,18.034,50.45268534342358
magnetic_norm,18.054,49.021737423999056
magnetic_norm,18.073,50.81888584891449
magnetic_norm,18.096,50.78946210675745
magnetic_norm,18.114,50.556269510318906
magnetic_norm,18.134,50.33333307677438
magnetic_norm,18.154,50.09902501903122
magnetic_norm,18.173,50.565509813508356
magnetic_norm,18.193,50.881413523628666
magnetic_norm,18.214,50.65912341097859
magnetic_norm,18.233,52.65034440414436
magnetic_norm,18.253,51.15094720603916
magnetic_norm,18.273,52.331039108855045
magnetic_norm,18.294,51.71891361823071
magnetic_norm,18.314,49.63186107821774
magnetic_norm,18.333,49.656528568507504
magnetic_norm,18.353,50.707447271825885
magnetic_norm,18.373,52.446014591434924
magnetic_norm,18.394,51.492433688601444
magnetic_norm,18.414,53.02605107833791
magnetic_norm,18.434,51.45209666864904
magnetic_norm,18.455,51.06102095703736
magnetic_norm,18.474,53.52717240161783
magnetic_norm,18.493,50.96317221300603
magnetic_norm,18.513,52.96202309426539
magnetic_norm,18.535,52.17975191741064
magnetic_norm,18.556,50.24224053896283
magnetic_norm,18.581,54.76295194198359
magnetic_norm,18.594,53.428139372080935
magnetic_norm,18.613,53.40242895845197
magnetic_norm,18.64,52.89061936853737
magnetic_norm,18.653,54.87208876013387
magnetic_norm,18.674,55.78733164924184
magnetic_norm,18.694,55.85033713107741
magnetic_norm,18.714,56.02545776519821
magnetic_norm,18.736,56.09199720586273
magnetic_norm,18.753,57.85844007759373
magnetic_norm,18.773,56.38001197609849
magnetic_norm,18.793,59.375215262031006
magnetic_norm,18.813,58.535290670991934
magnetic_norm,18.834,56.525596780684324
magnetic_norm,18.853,58.625870127018196
magnetic_norm,18.88,56.09479236156866
magnetic_norm,18.894,56.73691236939597
magnetic_norm,18.913,57.77105018237948
magnetic_norm,18.933,56.956681587204976
magnetic_norm,18.954,57.700748854001155
magnetic_norm,18.973,57.58068741926416
magnetic_norm,18.994,57.429658733684825
magnetic_norm,19.014,57.198788907087014
magnetic_norm,19.034,57.341644538502806
magnetic_norm,19.053,58.80924635240196
magnetic_norm,19.073,60.40992018886481
magnetic_norm,19.094,59.97656979646303
magnetic_norm,19.114,58.85178550445615
magnetic_norm,19.133,59.64702774237793
magnetic_norm,19.154,56.94923520667332
magnetic_norm,19.174,59.13426563381005
magnetic_norm,19.193,59.994390204939194
magnetic_norm,19.214,60.071854843075236
magnetic_norm,19.234,57.72926932393152
magnetic_norm,19.254,59.59579473419245
magnetic_norm,19.273,59.80882629783835
magnetic_norm,19.294,58.753326607839874
magnetic_norm,19.313,59.568714887304814
magnetic_norm,19.333,59.7941262923249
magnetic_norm,19.354,61.01703635379224
magnetic_norm,19.379,61.278980999809434
magnetic_norm,19.393,61.985120939827176
magnetic_norm,19.414,63.96665297832929
magnetic_norm,19.434,61.22432965414978
magnetic_norm,19.455,62.19554573681306
magnetic_norm,19.473,62.95175675020925
magnetic_norm,19.493,63.22737560187057
magnetic_norm,19.514,61.98864082192812
magnetic_norm,19.533,64.28552996709294
magnetic_norm,19.553,64.17648252085809
magnetic_norm,19.576,65.31603157983128
magnetic_norm,19.594,62.648764266544
magnetic_norm,19.613,63.87912076580668
magnetic_norm,19.633,63.27663105534116
magnetic_norm,19.654,62.59373576005832
magnetic_norm,19.674,64.13830824476129
magnetic_norm,19.697,64.78557514264845
magnetic_norm,19.714,65.12520843383156
magnetic_norm,19.734,65.38984731845808
magnetic_norm,19.753,64.44104580127873
magnetic_norm,19.773,64.0889534264682
magnetic_norm,19.796,64.5539110322721
magnetic_norm,19.813,66.54396302051006
magnetic_norm,19.834,65.31603157983128
magnetic_norm,19.854,64.59690846457944
magnetic_norm,19.874,64.2797137494988
magnetic_norm,19.893,65.28046518388956
magnetic_norm,19.913,65.63100422138537
magnetic_norm,19.933,66.03707591686661
magnetic_norm,19.954,64.2543296812558
magnetic_norm,19.973,64.90407949543699
magnetic_norm,19.993,66.03190457555348
magnetic_norm,20.014,65.08744077729207
magnetic_norm,20.033,65.20289704712134
magnetic_norm,20.053,65.91752178461365
magnetic_norm,20.073,66.62384592161814
magnetic_norm,20.093,67.18334594218645
magnetic_norm,20.113,65.40960082166846
magnetic_norm,20.134,63.66551663037456
magnetic_norm,20.155,63.161629400986044
magnetic_norm,20.179,63.48057777419012
magnetic_norm,20.193,66.08882099152629
magnetic_norm,20.213,65.00463835613962
magnetic_norm,20.233,63.60608295644765
magnetic_norm,20.253,63.48057777419012
magnetic_norm,20.274,64.25844156052574
magnetic_norm,20.293,64.96382562289955
magnetic_norm,20.313,64.26976026279785
magnetic_norm,20.336,64.42567257215882
magnetic_norm,20.353,61.65606179176547
magnetic_norm,20.373,61.81652763588001
magnetic_norm,20.394,64.46110129625657
magnetic_norm,20.414,61.98537424515977
magnetic_norm,20.433,62.84562391576096
magnetic_norm,20.453,62.3085213750897
magnetic_norm,20.473,62.30926301812597
magnetic_norm,20.496,62.57024475722467
magnetic_norm,20.514,61.361763736467104
magnetic_norm,20.534,61.76769404039624
magnetic_norm,20.553,63.10162005929404
magnetic_norm,20.574,61.25047060166362
magnetic_norm,20.593,61.78840073655019
magnetic_norm,20.613,61.423493973601055
magnetic_norm,20.636,60.818266042160396
magnetic_norm,20.653,59.58735255692898
magnetic_norm,20.673,61.250585387304746
magnetic_norm,20.693,60.18075331837837
magnetic_norm,20.713,59.99443044906342
magnetic_norm,20.733,58.71212058740517
magnetic_norm,20.753,60.22098862011279
magnetic_norm,20.773,58.60103567888118
magnetic_norm,20.794,58.77126427229341
magnetic_norm,20.819,60.12248240898533
magnetic_norm,20.834,59.32633532125514
magnetic_norm,20.853,56.65755879474526
magnetic_norm,20.873,59.416916852694534
magnetic_norm,20.893,58.034952339247816
magnetic_norm,20.913,57.769004546209764
magnetic_norm,20.933,56.84526790958509
magnetic_norm,20.953,58.64563104648134
magnetic_norm,20.973,57.784830131770015
magnetic_norm,20.993,58.73183331696073
magnetic_norm,21.014,57.80707713997916
magnetic_norm,21.036,56.34404313308115
magnetic_norm,21.055,58.09835070313966
magnetic_norm,21.073,56.111210105111795
magnetic_norm,21.093,57.24805813195763
magnetic_norm,21.114,56.17280331953356
magnetic_norm,21.134,56.11154920390735
magnetic_norm,21.153,55.387315927249986
magnetic_norm,21.178,56.52655751768374
magnetic_norm,21.193,55.491595540405974
magnetic_norm,21.214,57.19341673975686
magnetic_norm,21.234,54.72675219689182
magnetic_norm,21.254,55.32200114561122
magnetic_norm,21.274,54.412206085594896
magnetic_norm,21.294,55.35440348811469
magnetic_norm,21.313,54.76181902282606
magnetic_norm,21.333,54.99325852661411
magnetic_norm,21.354,55.0926561558345
magnetic_norm,21.373,54.34766018561655
magnetic_norm,21.393,51.04965662575509
magnetic_norm,21.414,54.688674799495814
magnetic_norm,21.435,54.96059668692199
magnetic_norm,21.455,54.86363101192355
magnetic_norm,21.473,55.711916995491194
magnetic_norm,21.494,54.65485494102985
magnetic_norm,21.514,55.242648521669906
magnetic_norm,21.536,56.04624659879107
magnetic_norm,21.554,56.80801034240241
magnetic_norm,21.574,57.459074475490816
magnetic_norm,21.593,55.95645167658288
magnetic_norm,21.615,57.109292883360936
magnetic_norm,21.636,55.32850513855855
magnetic_norm,21.654,57.85537054094473
magnetic_norm,21.676,54.173818715085986
magnetic_norm,21.693,56.09316150729744
magnetic_norm,21.713,56.23505436290384
magnetic_norm,21.733,53.97124891985315
magnetic_norm,21.753,56.24368098783409
magnetic_norm,21.773,55.2076101268431
magnetic_norm,21.794,55.659573024256204
magnetic_norm,21.814,55.619864308255465
magnetic_norm,21.834,55.29993930649925
magnetic_norm,21.853,54.45789269931403
magnetic_norm,21.873,54.20545427077661
magnetic_norm,21.893,55.858478097185476
magnetic_norm,21.914,54.00986640958544
magnetic_norm,21.933,54.59972613537094
magnetic_norm,21.953,55.74939741826812
magnetic_norm,21.974,54.581717014079
magnetic_norm,21.994,54.97531313474948
magnetic_norm,22.013,54.77005633375321
magnetic_norm,22.033,54.56630992182818
magnetic_norm,22.054,53.7386141280179
magnetic_norm,22.076,52.92301982713911
magnetic_norm,22.093,54.85599841646772
magnetic_norm,22.114,52.71683340067957
magnetic_norm,22.134,53.90021395180172
magnetic_norm,22.153,52.842373635239454
magnetic_norm,22.176,53.0119389939663
magnetic_norm,22.194,52.45831376300143
magnetic_norm,22.214,52.58620223102738
magnetic_norm,22.234,51.92851901903236
magnetic_norm,22.254,52.35441228576156
magnetic_norm,22.275,51.89300214744759
magnetic_norm,22.293,52.45581511198258
magnetic_norm,22.313,51.473291346095294
magnetic_norm,22.333,49.08000080952029
magnetic_norm,22.354,49.221580331306455
magnetic_norm,22.374,50.84961630172346
magnetic_norm,22.394,48.630495358249746
magnetic_norm,22.418,50.35938654828909
magnetic_norm,22.433,49.973636018154615
magnetic_norm,22.453,48.71285631470925
magnetic_norm,22.473,49.703790383581456
magnetic_norm,22.494,50.263383868378824
magnetic_norm,22.514,50.174189932922765
magnetic_norm,22.534,50.34507859870718
magnetic_norm,22.555,49.70936372518265
magnetic_norm,22.573,48.79783681847489
magnetic_norm,22.593,49.69283732088567
magnetic_norm,22.614,48.96853089856187
magnetic_norm,22.634,50.979046394494375
magnetic_norm,22.654,48.87814871619531
magnetic_norm,22.673,49.55743122080683
magnetic_norm,22.694,48.741936833182976
magnetic_norm,22.713,47.59365039214792
magnetic_norm,22.742,48.75490428254376
magnetic_norm,22.753,50.1993898639466
magnetic_norm,22.773,49.73034492691561
magnetic_norm,22.793,50.193606597852686
magnetic_norm,22.813,49.625512242570366
magnetic_norm,22.834,49.38817987478128
magnetic_norm,22.854,48.34066684653316
magnetic_norm,22.874,49.215839441751385
magnetic_norm,22.893,49.542392439329255
magnetic_norm,22.914,49.533517093555
magnetic_norm,22.934,48.74181061021943
magnetic_norm,22.954,47.37845930167009
magnetic_norm,22.974,47.74365636351598
magnetic_norm,22.993,48.08343752712579
magnetic_norm,23.013,46.855993138231575
magnetic_norm,23.033,45.983127873180294
magnetic_norm,23.053,47.06972503664117
magnetic_norm,23.074,47.17751136059823
magnetic_norm,23.094,46.75034099729925
magnetic_norm,23.115,47.001409078938835
magnetic_norm,23.135,45.9475474010175
magnetic_norm,23.154,45.924311883298806
magnetic_norm,23.174,44.452513319468224
magnetic_norm,23.194,46.302028889415354
magnetic_norm,23.215,44.936699646836594
magnetic_norm,23.233,44.97160432290858
magnetic_norm,23.253,45.78329991743715
magnetic_norm,23.274,46.465855008610994
magnetic_norm,23.293,44.37189777888703
magnetic_norm,23.314,46.01104259468595
magnetic_norm,23.334,44.17155195265675
magnetic_norm,23.357,46.761529349829964
magnetic_norm,23.373,45.92002473730823
magnetic_norm,23.394,45.25570344009141
magnetic_norm,23.416,45.993172942079134
magnetic_norm,23.433,47.2158584413913
magnetic_norm,23.453,46.4300110646929
magnetic_norm,23.474,46.41531927204912
magnetic_norm,23.493,45.90346769409153
magnetic_norm,23.514,46.27443400180601
magnetic_norm,23.542,45.96321480984822
magnetic_norm,23.555,45.900616570613735
magnetic_norm,23.573,44.924415022902686
magnetic_norm,23.593,46.37233256386561
magnetic_norm,23.613,45.927952111432106
magnetic_norm,23.634,46.175801128811024
magnetic_norm,23.654,43.885593635953065
magnetic_norm,23.674,46.145853062274206
magnetic_norm,23.694,45.7093855086677
magnetic_norm,23.713,44.73274178971149
magnetic_norm,23.733,45.85663200268857
magnetic_norm,23.754,46.136313399127374
magnetic_norm,23.773,43.74960049397594
magnetic_norm,23.794,46.36722413138406
magnetic_norm,23.814,45.72694524183746
magnetic_norm,23.833,45.47383354501795
magnetic_norm,23.853,45.21575905713083
magnetic_norm,23.873,44.36905648202371
magnetic_norm,23.894,44.913299628910046
magnetic_norm,23.914,44.399632119126295
magnetic_norm,23.933,45.609081393402356
magnetic_norm,23.956,45.55602577458881
magnetic_norm,23.973,46.844894782142525
magnetic_norm,23.998,46.249926165819446
magnetic_norm,24.013,45.94385542771199
magnetic_norm,24.034,46.05263382073006
magnetic_norm,24.057,46.961082918731805
magnetic_norm,24.073,46.514173846863606
magnetic_norm,24.094,46.090462670112224
magnetic_norm,24.114,45.16272928607725
magnetic_norm,24.134,48.123652984395314
magnetic_norm,24.153,47.09585737275627
magnetic_norm,24.173,45.59494897724428
magnetic_norm,24.194,46.747873379986544
magnetic_norm,24.214,47.08914964491555
magnetic_norm,24.234,44.00555495829475
magnetic_norm,24.253,47.53743973649884
magnetic_norm,24.273,46.9645752022469
magnetic_norm,24.294,46.09143214511239
magnetic_norm,24.314,48.28262255330586
magnetic_norm,24.339,48.13144193666448
magnetic_norm,24.353,46.23770148982862
magnetic_norm,24.374,46.3291860265481
magnetic_norm,24.393,46.582569562417966
magnetic_norm,24.413,45.479367735595325
magnetic_norm,24.433,45.12839495539367
magnetic_norm,24.453,44.40904747303757
magnetic_norm,24.473,45.51992522085805
magnetic_norm,24.497,46.23013556303128
magnetic_norm,24.514,36.70611218686882
magnetic_norm,24.534,35.23596246173799
magnetic_norm,24.553,36.90821688934933
magnetic_norm,24.573,36.32223683416958
magnetic_norm,24.593,36.52134221931062
magnetic_norm,24.614,37.57180937052407
magnetic_norm,24.633,36.69478987029359
magnetic_norm,24.654,35.960657632004605
magnetic_norm,24.673,38.78432587028559
magnetic_norm,24.693,35.98787919338262
magnetic_norm,24.713,37.706453614965035
magnetic_norm,24.733,39.000207331179666
magnetic_norm,24.754,37.844549560339715
magnetic_norm,24.773,36.01831606141521
magnetic_norm,24.794,36.865241824506924
magnetic_norm,24.814,38.056062116139934
magnetic_norm,24.833,37.67367750274056
magnetic_norm,24.853,39.97874190976374
magnetic_norm,24.873,36.21759435170978
magnetic_norm,24.893,38.627708247772105
magnetic_norm,24.913,38.50653576943146
magnetic_norm,24.933,38.975704033570764
magnetic_norm,24.954,37.3351267611348
magnetic_norm,24.975,37.82529845387872
magnetic_norm,24.993,36.791026224474905
magnetic_norm,25.013,38.38220521918339
magnetic_norm,25.034,40.95496934509303
magnetic_norm,25.054,39.840551815643835
magnetic_norm,25.074,37.70172310404062
magnetic_norm,25.094,39.22985569276299
magnetic_norm,25.113,38.13046338624808
magnetic_norm,25.142,39.36751133882493
magnetic_norm,25.153,39.98561208484883
magnetic_norm,25.174,39.32962571928127
magnetic_norm,25.193,39.81534868025155
magnetic_norm,25.213,37.380094238946214
magnetic_norm,25.234,38.680343045111485
magnetic_norm,25.259,39.72705875236373
magnetic_norm,25.273,40.071994022633874
magnetic_norm,25.293,39.689237175539795
magnetic_norm,25.314,38.83501616637361
magnetic_norm,25.333,40.20159361262939
magnetic_norm,25.353,37.56832837477601
magnetic_norm,25.374,39.11533580333295
magnetic_norm,25.396,39.51324394294905
magnetic_norm,25.413,38.84484616626445
magnetic_norm,25.433,37.80950138508513
magnetic_norm,25.455,38.22342208590838
magnetic_norm,25.473,39.48357352619884
magnetic_norm,25.493,39.10484555253351
magnetic_norm,25.513,36.39210008315684
magnetic_norm,25.534,36.03965596109722
magnetic_norm,25.553,38.13354815056237
magnetic_norm,25.573,33.270880483896875
magnetic_norm,25.595,38.580962722727655
magnetic_norm,25.613,37.99511875257806
magnetic_norm,25.633,38.34782527279904
magnetic_norm,25.654,38.689774482141935
magnetic_norm,25.673,39.047936529508206
magnetic_norm,25.693,39.82819549327963
magnetic_norm,25.713,38.394492708102035
magnetic_norm,25.734,38.149956746592466
magnetic_norm,25.754,39.582895085756476
magnetic_norm,25.773,39.778245139705504
magnetic_norm,25.794,40.24299532171717
magnetic_norm,25.814,39.03259155020328
magnetic_norm,25.833,39.43799632568831
magnetic_norm,25.854,39.92630319288281
magnetic_norm,25.874,40.760831095090545
magnetic_norm,25.893,40.82991365071703
magnetic_norm,25.913,40.06615286398234
magnetic_norm,25.934,41.67482659681981
magnetic_norm,25.953,41.46452793504653
magnetic_norm,25.973,40.96614134518591
magnetic_norm,25.993,40.23272047568994
magnetic_norm,26.014,39.33552050820289
magnetic_norm,26.034,39.54841282878809
magnetic_norm,26.053,40.118209121607116
magnetic_norm,26.073,38.81756769838561
magnetic_norm,26.096,39.83362134271757
magnetic_norm,26.113,40.54900680812047
magnetic_norm,26.133,40.738438813975186
magnetic_norm,26.154,38.1238980274349
magnetic_norm,26.173,38.8510181350663
magnetic_norm,26.193,40.691126519949094
magnetic_norm,26.22,39.66157966492894
magnetic_norm,26.233,40.89038188743173
magnetic_norm,26.253,38.6263627244076
magnetic_norm,26.273,39.58136844094086
magnetic_norm,26.293,38.5803610472025
magnetic_norm,26.313,39.464278250241705
magnetic_norm,26.333,37.18197635094871
magnetic_norm,26.353,38.055082405310856
magnetic_norm,26.373,39.20704554845665
magnetic_norm,26.393,38.714682041410335
magnetic_norm,26.42,37.99025787688865
magnetic_norm,26.434,39.247389901909514
magnetic_norm,26.453,38.94743056175214
magnetic_norm,26.474,42.3781586694432
magnetic_norm,26.494,38.96025325764709
magnetic_norm,26.513,38.54622884034831
magnetic_norm,26.533,39.047859756489856
magnetic_norm,26.553,38.470284838853225
magnetic_norm,26.574,37.629755202000716
magnetic_norm,26.594,40.91254303517444
magnetic_norm,26.613,38.2519423451445
magnetic_norm,26.634,39.33478754318498
magnetic_norm,26.655,36.957715041382095
magnetic_norm,26.678,37.90579332519646
magnetic_norm,26.694,38.29781775752711
magnetic_norm,26.714,39.51780359790382
magnetic_norm,26.733,39.45042776916367
magnetic_norm,26.754,38.32570474195496
magnetic_norm,26.777,38.2103655423499
magnetic_norm,26.793,37.95583119815057
magnetic_norm,26.813,36.566653610222524
magnetic_norm,26.833,39.46433471094513
magnetic_norm,26.854,37.58439263993101
magnetic_norm,26.874,37.320194374393395
magnetic_norm,26.893,37.83206419958142
magnetic_norm,26.913,37.378100370972575
magnetic_norm,26.933,39.25956050815845
magnetic_norm,26.953,37.5481426206244
magnetic_norm,26.973,38.529644184932465
magnetic_norm,26.993,37.128437340871216
magnetic_norm,27.014,37.60217319441137
magnetic_norm,27.033,37.83206419958142
magnetic_norm,27.06,38.0329364868465
magnetic_norm,27.074,38.57428911775309
magnetic_norm,27.093,37.70276570077464
magnetic_norm,27.113,38.20968929103586
magnetic_norm,27.136,38.53590300372498
magnetic_norm,27.154,40.28227795414516
magnetic_norm,27.174,38.02574434074237
magnetic_norm,27.195,39.68670378588716
magnetic_norm,27.214,38.55698962300804
magnetic_norm,27.233,39.20909992501752
magnetic_norm,27.253,38.24092267864035
magnetic_norm,27.273,37.17461183087526
magnetic_norm,27.294,37.99025787688865
magnetic_norm,27.313,40.02146551800359
magnetic_norm,27.338,38.87759951390711
magnetic_norm,27.353,40.371523751200556
magnetic_norm,27.373,38.760628624691506
magnetic_norm,27.393,38.51691543958322
magnetic_norm,27.413,39.57382391256246
magnetic_norm,27.436,39.070811615738165
magnetic_norm,27.454,39.890579948482205
magnetic_norm,27.473,41.67849904120239
magnetic_norm,27.493,41.62423443796004
magnetic_norm,27.513,39.68238951978573
magnetic_norm,27.533,39.983237218395715
magnetic_norm,27.553,40.30892862087133
magnetic_norm,27.573,40.75540129081052
magnetic_norm,27.593,40.438481976654984
magnetic_norm,27.613,39.55575475673546
magnetic_norm,27.634,40.192786630439116
magnetic_norm,27.653,40.06576879129495
magnetic_norm,27.673,40.830605756344156
magnetic_norm,27.693,40.65162889402476
magnetic_norm,27.714,39.866023186261
magnetic_norm,27.734,39.9800463979378
magnetic_norm,27.754,41.75999655868341
magnetic_norm,27.773,41.102726259489216
magnetic_norm,27.793,40.19665914289395
magnetic_norm,27.814,41.105097929727656
magnetic_norm,27.833,39.61332641556701
magnetic_norm,27.853,39.585355314813135
magnetic_norm,27.874,38.6687602311446
magnetic_norm,27.893,38.53590300372498
magnetic_norm,27.914,37.73816107642237
magnetic_norm,27.937,39.7929047879456
magnetic_norm,27.953,37.95172766571372
magnetic_norm,27.973,38.603633812618654
magnetic_norm,27.993,38.326901703209835
magnetic_norm,28.015,37.49541065667237
magnetic_norm,28.033,38.830963124483645
magnetic_norm,28.055,38.75564959041467
magnetic_norm,28.077,37.77515924850616
magnetic_norm,28.093,39.34619797690127
magnetic_norm,28.113,36.55706489792717
magnetic_norm,28.134,38.51195086901902
magnetic_norm,28.153,36.003093384284476
magnetic_norm,28.173,36.33373626018937
magnetic_norm,28.194,37.27912610422889
magnetic_norm,28.213,36.62270523954368
magnetic_norm,28.234,37.09784518253722
magnetic_norm,28.253,37.422769758697726
magnetic_norm,28.274,36.63766482050956
magnetic_norm,28.293,37.22226841052275
magnetic_norm,28.313,36.406385798201775
magnetic_norm,28.334,37.8060703703123
magnetic_norm,28.353,36.920132414290634
magnetic_norm,28.373,35.71477562492525
magnetic_norm,28.393,36.31435510641763
magnetic_norm,28.413,36.3446504569449
magnetic_norm,28.443,35.246908109081
magnetic_norm,28.453,36.47887792065439
magnetic_norm,28.474,36.44410743316406
magnetic_norm,28.497,37.207285953829
magnetic_norm,28.515,36.32628101371652
magnetic_norm,28.533,37.47744634276727
magnetic_norm,28.554,37.104528232919336
magnetic_norm,28.573,37.81733744560822
magnetic_norm,28.593,36.16170822845627
magnetic_norm,28.617,37.1881773975279
magnetic_norm,28.635,38.08389066964536
magnetic_norm,28.653,38.582031569274704
magnetic_norm,28.673,39.282235144209935
magnetic_norm,28.694,40.26069340917403
magnetic_norm,28.713,39.910103929331115
magnetic_norm,28.734,38.389952474084986
magnetic_norm,28.753,39.67802187215866
magnetic_norm,28.774,37.949604956442045
magnetic_norm,28.793,41.27975915173198
magnetic_norm,28.813,39.396407902244206
magnetic_norm,28.833,39.85213185953797
magnetic_norm,28.854,41.9726436694189
magnetic_norm,28.873,40.05602602511888
magnetic_norm,28.893,39.47127806772932
magnetic_norm,28.913,40.4516250979179
magnetic_norm,28.933,42.05635515055961
magnetic_norm,28.953,40.88134047933734
magnetic_norm,28.977,42.16294347350529
magnetic_norm,28.993,41.00761148082766
magnetic_norm,29.013,43.03711861550457
magnetic_norm,29.034,44.78077005786089
magnetic_norm,29.053,44.31923247036787
magnetic_norm,29.073,41.84610263572944
magnetic_norm,29.093,43.108790431882916
magnetic_norm,29.114,43.11885984853391
magnetic_norm,29.142,44.47946232377929
magnetic_norm,29.156,43.84887443324515
magnetic_norm,29.174,44.39965587493332
magnetic_norm,29.193,43.39478014937397
magnetic_norm,29.213,43.957191302874456
magnetic_norm,29.233,43.6934387697398
magnetic_norm,29.253,44.4460952269713
magnetic_norm,29.274,43.4716441938018
magnetic_norm,29.293,43.20928448406662
magnetic_norm,29.313,44.955278887606745
magnetic_norm,29.334,43.53316193633316
magnetic_norm,29.358,44.24425985481056
magnetic_norm,29.373,46.28685018447464
magnetic_norm,29.393,46.16889325265444
magnetic_norm,29.413,45.824697830836854
magnetic_norm,29.433,44.725435820962105
magnetic_norm,29.462,46.699942918193216
magnetic_norm,29.474,45.88659883247509
magnetic_norm,29.493,46.62318979957843
magnetic_norm,29.513,45.7328992220043
magnetic_norm,29.533,45.08531666213524
magnetic_norm,29.553,47.062496264940094
magnetic_norm,29.573,46.39223473370845
magnetic_norm,29.593,46.27116538001832
magnetic_norm,29.613,46.0280776727641
magnetic_norm,29.633,43.84355042720081
magnetic_norm,29.653,48.20032826366436
magnetic_norm,29.673,45.44408996228223
magnetic_norm,29.693,45.5053150410753
magnetic_norm,29.714,45.19355814950295
magnetic_norm,29.734,45.88607793397148
magnetic_norm,29.754,46.01250259902202
magnetic_norm,29.773,46.698790268592624
magnetic_norm,29.793,45.06255503366963
magnetic_norm,29.813,45.55099005853221
magnetic_norm,29.834,45.10251603985081
magnetic_norm,29.853,44.609662748388956
magnetic_norm,29.873,46.19097977243506
magnetic_norm,29.893,44.26094281842909
magnetic_norm,29.913,45.06138239224365
magnetic_norm,29.941,45.09515365507696
magnetic_norm,29.953,46.13145050749011
magnetic_norm,29.974,43.88966030456388
magnetic_norm,29.994,45.638133473007024
magnetic_norm,30.013,45.385276470596715
magnetic_norm,30.033,45.1408467594761
magnetic_norm,30.053,42.56911567527566
magnetic_norm,30.073,44.14022805664353
magnetic_norm,30.093,45.47949284512748
magnetic_norm,30.114,44.40371255424494
magnetic_norm,30.134,44.14016843208124
magnetic_norm,30.153,44.95159390374838
magnetic_norm,30.173,43.94421264421518
magnetic_norm,30.194,41.88477252445095
magnetic_norm,30.216,44.40526526031288
magnetic_norm,30.233,43.06073749921441
magnetic_norm,30.253,43.58728660463971
magnetic_norm,30.273,44.81360223539835
magnetic_norm,30.293,44.012580765333446
magnetic_norm,30.313,47.34915227831435
magnetic_norm,30.334,42.43420413755278
magnetic_norm,30.353,43.17094339613746
magnetic_norm,30.373,42.10257475269481
magnetic_norm,30.394,42.91917601483631
magnetic_norm,30.415,41.78841928453395
magnetic_norm,30.433,42.25955934392242
magnetic_norm,30.453,41.09568294015211
magnetic_norm,30.473,42.912196419695185
magnetic_norm,30.493,44.722047895081914
magnetic_norm,30.513,42.41292172557804
magnetic_norm,30.534,42.519265362362624
magnetic_norm,30.554,41.35093944927372
magnetic_norm,30.573,43.5178011728534
magnetic_norm,30.593,43.665183828409006
magnetic_norm,30.613,43.440031401059095
magnetic_norm,30.633,43.96540984413207
magnetic_norm,30.653,43.59131792527628
magnetic_norm,30.674,42.92311487328255
magnetic_norm,30.694,44.18738551965369
magnetic_norm,30.714,42.336985217065234
magnetic_norm,30.744,43.0761467613023
magnetic_norm,30.753,42.37449431016848
magnetic_norm,30.773,43.37627431939326
magnetic_norm,30.793,42.99293947600594
magnetic_norm,30.813,42.605471149548386
magnetic_norm,30.834,44.515726327894505
magnetic_norm,30.853,41.85290447537668
magnetic_norm,30.873,46.31563501534876
magnetic_norm,30.893,45.77839719917029
magnetic_norm,30.913,45.231395300637196
magnetic_norm,30.933,44.46514002077926
magnetic_norm,30.953,41.119175618864325
magnetic_norm,30.973,43.45253926368981
magnetic_norm,30.993,43.70652348691783
magnetic_norm,31.014,41.72302100699336
magnetic_norm,31.033,42.92620348123626
magnetic_norm,31.058,43.640306335141624
magnetic_norm,31.073,43.43677033574207
magnetic_norm,31.094,43.57604130726541
magnetic_norm,31.113,42.92620348123626
magnetic_norm,31.133,43.95591313847894
magnetic_norm,31.154,41.79038987300193
magnetic_norm,31.173,40.81584178753404
magnetic_norm,31.193,41.808304515969084
magnetic_norm,31.213,42.783498726144416
magnetic_norm,31.234,41.53810609323083
magnetic_norm,31.253,41.8706377487555
magnetic_norm,31.274,42.0189411267408
magnetic_norm,31.294,42.105293414189724
magnetic_norm,31.313,41.904327330748416
magnetic_norm,31.334,41.40471448165661
magnetic_norm,31.353,40.586763948053466
magnetic_norm,31.375,43.081596364486074
magnetic_norm,31.393,41.384172416063855
magnetic_norm,31.413,40.9156878950941
magnetic_norm,31.435,40.1220603573645
magnetic_norm,31.453,43.44556324701063
magnetic_norm,31.473,41.4802486783771
magnetic_norm,31.493,41.469545672547476
magnetic_norm,31.514,42.19489799178934
magnetic_norm,31.538,40.73866384176709
magnetic_norm,31.553,40.90561771627467
magnetic_norm,31.573,43.4162003247348
magnetic_norm,31.593,42.87138605395795
magnetic_norm,31.613,43.669406124310875
magnetic_norm,31.633,40.82855085644727
magnetic_norm,31.654,39.80849020143823
magnetic_norm,31.673,40.96159826868337
magnetic_norm,31.693,41.57694861639079
magnetic_norm,31.714,41.18084121764032
magnetic_norm,31.734,38.88190118156525
magnetic_norm,31.753,41.946729610304544
magnetic_norm,31.773,44.101364783771196
magnetic_norm,31.793,41.69825058155917
magnetic_norm,31.814,40.33758395023807
magnetic_norm,31.834,40.40282178032247
magnetic_norm,31.853,41.6616952317414
magnetic_norm,31.873,42.65088840950444
magnetic_norm,31.896,40.96855361792755
magnetic_norm,31.913,41.791562875567365
magnetic_norm,31.933,42.77897455599538
magnetic_norm,31.953,42.215043736149426
magnetic_norm,31.973,40.00292616250091
magnetic_norm,31.993,40.76497742195505
magnetic_norm,32.021,40.49535169399077
magnetic_norm,32.033,42.582975538881726
magnetic_norm,32.053,40.89506417329003
magnetic_norm,32.073,41.663114004026454
magnetic_norm,32.093,42.074847647674325
magnetic_norm,32.113,41.30316460338723
magnetic_norm,32.137,41.68017352501078
magnetic_norm,32.153,41.084198034341625
magnetic_norm,32.18,42.26653745745575
magnetic_norm,32.193,42.896649987469935
magnetic_norm,32.213,41.40861833329506
magnetic_norm,32.234,40.563578568094805
magnetic_norm,32.255,40.160860526294805
magnetic_norm,32.273,42.34083879483263
magnetic_norm,32.294,40.35664298244466
magnetic_norm,32.313,42.56002879248919
magnetic_norm,32.334,43.07944878782119
magnetic_norm,32.353,44.54092669725237
magnetic_norm,32.379,41.74891364422707
magnetic_norm,32.393,42.607829146325976
magnetic_norm,32.414,44.14469195866022
magnetic_norm,32.433,42.91318127874586
magnetic_norm,32.453,41.39579258569645
magnetic_norm,32.473,42.68271432067084
magnetic_norm,32.497,44.13745879267415
magnetic_norm,32.514,42.20005229928631
magnetic_norm,32.533,43.48637858094197
magnetic_norm,32.553,43.16718779756218
magnetic_norm,32.574,43.975710225646175
magnetic_norm,32.593,43.97560980603339
magnetic_norm,32.613,45.06667195444999
magnetic_norm,32.634,42.442937703168106
magnetic_norm,32.655,43.47330400517378
magnetic_norm,32.674,42.894277248981645
magnetic_norm,32.694,45.19340646211574
magnetic_norm,32.714,44.391422633404176
magnetic_norm,32.733,44.750144501861726
magnetic_norm,32.753,43.29522796524462
magnetic_norm,32.773,43.96449606287442
magnetic_norm,32.793,44.09090621013885
magnetic_norm,32.813,44.81337472995646
magnetic_norm,32.833,44.79480257281534
magnetic_norm,32.853,44.331955854806374
magnetic_norm,32.873,45.82913580191104
magnetic_norm,32.893,45.955245063594255
magnetic_norm,32.913,45.30672420085676
magnetic_norm,32.933,43.874166857046994
magnetic_norm,32.953,44.94224594855051
magnetic_norm,32.978,47.20277975077321
magnetic_norm,32.994,45.638015074743436
magnetic_norm,33.013,43.89841564737845
magnetic_norm,33.033,42.97263430792333
magnetic_norm,33.053,45.059921042707124
magnetic_norm,33.074,46.944510961080425
magnetic_norm,33.093,43.53413262171419
magnetic_norm,33.114,46.32817265943599
magnetic_norm,33.137,43.90637186573839
magnetic_norm,33.153,45.014804266069014
magnetic_norm,33.173,44.79965240978443
magnetic_norm,33.193,45.089497323794824
magnetic_norm,33.213,43.53001007623937
magnetic_norm,33.234,43.146344262724156
magnetic_norm,33.253,46.0478117763891
magnetic_norm,33.274,46.01220220726782
magnetic_norm,33.295,45.277698112453784
magnetic_norm,33.313,45.25310465213961
magnetic_norm,33.333,45.20181733245082
magnetic_norm,33.353,45.07593046502208
magnetic_norm,33.373,44.588968463623424
magnetic_norm,33.393,45.456044696016505
magnetic_norm,33.413,44.60792693274936
magnetic_norm,33.433,46.88595270800734
magnetic_norm,33.454,43.69376456724118
magnetic_norm,33.473,43.782761780322915
magnetic_norm,33.494,43.98614527965027
magnetic_norm,33.514,46.63298430550527
magnetic_norm,33.533,43.97394725573315
magnetic_norm,33.561,46.91698532099011
magnetic_norm,33.573,44.362591506329984
magnetic_norm,33.593,44.9954607085537
magnetic_norm,33.617,44.37533191382925
magnetic_norm,33.633,45.00872795150409
magnetic_norm,33.653,45.33944853339645
magnetic_norm,33.673,45.96633788712952
magnetic_norm,33.694,44.875057016866286
magnetic_norm,33.713,45.791124984597225
magnetic_norm,33.734,46.16568877654166
magnetic_norm,33.753,44.1174750134615
magnetic_norm,33.776,44.99397531503534
magnetic_norm,33.793,44.962848957778505
magnetic_norm,33.814,45.49134463513375
magnetic_norm,33.833,43.34526763862175
magnetic_norm,33.854,44.07009110232244
magnetic_norm,33.873,44.25682329342008
magnetic_norm,33.893,45.880824746782835
magnetic_norm,33.913,46.78993658429663
magnetic_norm,33.933,46.35797159879843
magnetic_norm,33.953,45.20909627655147
magnetic_norm,33.974,46.5408729136283
magnetic_norm,33.994,47.066417914607655
magnetic_norm,34.013,46.99377641249434
magnetic_norm,34.034,46.26734992162404
magnetic_norm,34.053,46.4376830897333
magnetic_norm,34.074,46.955103384296805
magnetic_norm,34.096,46.13279664824961
magnetic_norm,34.114,45.385927145013795
magnetic_norm,34.134,46.49765111728773
magnetic_norm,34.153,46.121139816520156
magnetic_norm,34.173,44.46996334634209
magnetic_norm,34.194,47.07235681281004
magnetic_norm,34.213,46.075009982093434
magnetic_norm,34.233,49.57802492511174
magnetic_norm,34.257,47.46780158697051
magnetic_norm,34.274,48.23719275452816
magnetic_norm,34.294,44.48393431931363
magnetic_norm,34.313,46.264495871834605
magnetic_norm,34.336,45.95978096145588
magnetic_norm,34.353,47.428183143965285
magnetic_norm,34.373,46.12812474659591
magnetic_norm,34.394,45.62979865093652
magnetic_norm,34.414,47.64852765301359
magnetic_norm,34.433,47.110340475181246
magnetic_norm,34.453,46.619881886111706
magnetic_norm,34.473,46.93845632687553
magnetic_norm,34.493,47.91749897871342
magnetic_norm,34.513,46.648775887074486
magnetic_norm,34.533,46.08031941173481
magnetic_norm,34.553,44.45547104969196
magnetic_norm,34.578,46.61255109329466
magnetic_norm,34.596,46.328021481604424
magnetic_norm,34.616,47.261817300015146
magnetic_norm,34.634,48.20097331097164
magnetic_norm,34.653,45.845849423093966
magnetic_norm,34.673,48.00472207983819
magnetic_norm,34.694,47.4027775590471
magnetic_norm,34.713,46.95114565295505
magnetic_norm,34.733,45.24140327523562
magnetic_norm,34.753,48.99901634038188
magnetic_norm,34.773,46.854434238527524
magnetic_norm,34.794,46.824791666247755
magnetic_norm,34.817,45.38818979825594
magnetic_norm,34.833,46.74486553021098
magnetic_norm,34.854,47.02422621971041
magnetic_norm,34.878,47.803534264476774
magnetic_norm,34.894,47.0211833080315
magnetic_norm,34.914,49.09335166649354
magnetic_norm,34.933,47.46447602549722
magnetic_norm,34.954,48.74784401347921
magnetic_norm,34.974,48.551634969895794
magnetic_norm,34.993,47.57169344026976
magnetic_norm,35.013,49.08590285789801
magnetic_norm,35.033,48.99677695012202
magnetic_norm,35.053,47.48799148508498
magnetic_norm,35.074,47.53437489727829
magnetic_norm,35.094,49.119040946968916
magnetic_norm,35.114,47.34156016559344
magnetic_norm,35.133,48.58502741875577
magnetic_norm,35.153,48.16735230552952
magnetic_norm,35.173,47.71628571986719
magnetic_norm,35.194,48.353217416346865
magnetic_norm,35.214,47.23022690078888
magnetic_norm,35.233,47.8969291323828
magnetic_norm,35.254,46.515137405069545
magnetic_norm,35.274,47.34957513668945
magnetic_norm,35.294,47.01410609460739
magnetic_norm,35.313,47.921199966716195
magnetic_norm,35.334,47.375139537921164
magnetic_norm,35.354,46.8516344077238
magnetic_norm,35.376,46.88789155968206
magnetic_norm,35.394,47.054166393317395
magnetic_norm,35.422,46.62506777595611
magnetic_norm,35.433,46.57364179662142
magnetic_norm,35.453,47.47116841481263
magnetic_norm,35.474,46.82158081149653
magnetic_norm,35.495,45.85930387841165
magnetic_norm,35.514,46.118329944150325
magnetic_norm,35.533,43.755280112661936
magnetic_norm,35.554,45.463049210952676
magnetic_norm,35.573,45.76225720435461
magnetic_norm,35.6,45.90833694058196
magnetic_norm,35.613,46.12709217816033
magnetic_norm,35.634,46.61517364616912
magnetic_norm,35.654,46.172342501897184
magnetic_norm,35.685,46.57229385254177
magnetic_norm,35.693,45.72434933216667
magnetic_norm,35.715,46.92351892774561
magnetic_norm,35.733,45.17694040561523
magnetic_norm,35.753,45.564307545215755
magnetic_norm,35.773,47.03602123957774
magnetic_norm,35.794,44.110621329363525
magnetic_norm,35.814,45.49011224980655
magnetic_norm,35.834,45.66464834174249
magnetic_norm,35.853,45.72481156645155
magnetic_norm,35.873,45.30998527739228
magnetic_norm,35.894,44.105380730416556
magnetic_norm,35.914,45.265299412187815
magnetic_norm,35.933,46.43970038986041
magnetic_norm,35.954,44.18557943138802
magnetic_norm,35.973,45.07620925166624
magnetic_norm,35.994,45.29564269027433
magnetic_norm,36.013,45.422681004510345
magnetic_norm,36.034,45.807707450821084
magnetic_norm,36.054,43.86723378787418
magnetic_norm,36.074,43.93574210153403
magnetic_norm,36.094,44.251826141979826
magnetic_norm,36.114,45.35304656690666
magnetic_norm,36.133,45.74868313637568
magnetic_norm,36.153,44.830343118807484
magnetic_norm,36.173,44.81363753786341
magnetic_norm,36.194,44.7924513457625
magnetic_norm,36.214,44.892097474666976
magnetic_norm,36.234,45.571532855638125
magnetic_norm,36.254,45.13348112349646
magnetic_norm,36.273,46.23017558248622
magnetic_norm,36.293,45.78829195670554
magnetic_norm,36.314,47.31197778800317
magnetic_norm,36.333,45.87403181308027
magnetic_norm,36.355,45.18342031044136
magnetic_norm,36.374,45.84399313923263
magnetic_norm,36.393,45.84399313923263
magnetic_norm,36.413,46.70648785607845
magnetic_norm,36.433,45.78437271834686
magnetic_norm,36.453,47.247339954885284
magnetic_norm,36.474,45.87845170788252
magnetic_norm,36.497,46.57216552365265
magnetic_norm,36.513,46.86761432535273
magnetic_norm,36.533,47.057759541732466
magnetic_norm,36.553,46.95721117783725
magnetic_norm,36.575,46.27702841988668
magnetic_norm,36.593,47.145847918719305
magnetic_norm,36.614,46.04728590332442
magnetic_norm,36.633,46.782167283992955
magnetic_norm,36.653,47.91138671091143
magnetic_norm,36.674,47.47136291518298
magnetic_norm,36.693,47.47136291518298
magnetic_norm,36.713,48.5151680074129
magnetic_norm,36.733,47.39342014417732
magnetic_norm,36.754,47.83861874678244
magnetic_norm,36.774,46.386569272797104
magnetic_norm,36.796,46.12172181196201
magnetic_norm,36.813,47.079232057511355
magnetic_norm,36.833,47.079232057511355
magnetic_norm,36.853,46.96000870035597
magnetic_norm,36.873,48.26312180990275
magnetic_norm,36.894,46.18910560470402
magnetic_norm,36.914,48.32003569341092
magnetic_norm,36.935,46.71751398137538
magnetic_norm,36.954,46.25346960999255
magnetic_norm,36.973,48.77960008599916
magnetic_norm,36.993,47.64887548620643
magnetic_norm,37.013,46.4758103811812
magnetic_norm,37.033,49.4942229943304
magnetic_norm,37.053,48.846890829535
magnetic_norm,37.074,49.53351893389971
magnetic_norm,37.093,48.23977508926116
magnetic_norm,37.113,50.25832430901382
magnetic_norm,37.136,48.66148500778106
magnetic_norm,37.153,50.35133025278479
magnetic_norm,37.174,47.843584085146766
magnetic_norm,37.194,49.579305216239206
magnetic_norm,37.213,49.332764372422915
magnetic_norm,37.233,48.18472074125263
magnetic_norm,37.253,48.373187536201335
magnetic_norm,37.273,49.40536852572303
magnetic_norm,37.298,50.00916492104226
magnetic_norm,37.314,48.9086692139033
magnetic_norm,37.334,49.82240883252234
magnetic_norm,37.354,49.20036179402042
magnetic_norm,37.375,47.525743756410634
magnetic_norm,37.394,50.141364438206146
magnetic_norm,37.413,49.8452803565695
magnetic_norm,37.433,49.28298391826029
magnetic_norm,37.457,48.22896976312578
magnetic_norm,37.474,47.55975348627247
magnetic_norm,37.494,47.719379179742155
magnetic_norm,37.515,47.49917982818231
magnetic_norm,37.533,49.95567745924886
magnetic_norm,37.553,48.50111149203198
magnetic_norm,37.573,46.29590853736435
magnetic_norm,37.594,48.77553688453876
magnetic_norm,37.613,49.46597382532265
magnetic_norm,37.633,47.94171440340353
magnetic_norm,37.654,48.35155681955856
magnetic_norm,37.673,46.97350793665516
magnetic_norm,37.693,48.97486719928396
magnetic_norm,37.713,48.07355968786273
magnetic_norm,37.734,48.524210404704306
magnetic_norm,37.753,47.77430091717722
magnetic_norm,37.773,47.86882877745187
magnetic_norm,37.794,49.72525878891936
magnetic_norm,37.813,49.09077000987562
magnetic_norm,37.834,47.14158686937165
magnetic_norm,37.856,48.72715570526357
magnetic_norm,37.874,48.005277475502645
magnetic_norm,37.894,47.12946550222065
magnetic_norm,37.913,47.55100107857888
magnetic_norm,37.933,46.11869100917768
magnetic_norm,37.953,48.076641975859765
magnetic_norm,37.98,46.89658245704058
magnetic_norm,37.993,47.79052279767407
magnetic_norm,38.014,48.25226825808297
magnetic_norm,38.034,47.54313119158225
magnetic_norm,38.054,47.67805052261997
magnetic_norm,38.074,45.7599417611901
magnetic_norm,38.098,47.71625166819487
magnetic_norm,38.113,47.51055078795658
magnetic_norm,38.135,48.47139591153225
magnetic_norm,38.156,46.64941055174229
magnetic_norm,38.173,46.76990683842555
magnetic_norm,38.194,44.59961910319419
magnetic_norm,38.214,45.12805108023178
magnetic_norm,38.233,46.505164056801284
magnetic_norm,38.253,45.75794529368644
magnetic_norm,38.273,45.971161136629995
magnetic_norm,38.294,46.33276813741007
magnetic_norm,38.314,46.104167543862125
magnetic_norm,38.334,45.38337502420354
magnetic_norm,38.354,45.03395802808149
magnetic_norm,38.374,43.46738343919502
magnetic_norm,38.395,45.99843560845304
magnetic_norm,38.413,46.28738968620396
magnetic_norm,38.434,44.757231870251985
magnetic_norm,38.454,46.66056665376027
magnetic_norm,38.474,45.71006102714159
magnetic_norm,38.493,44.4895306819481
magnetic_norm,38.514,45.2048973223588
magnetic_norm,38.55,45.57492735128611
magnetic_norm,38.553,45.77368705572018
magnetic_norm,38.573,44.229315019989876
magnetic_norm,38.594,44.666525477699864
magnetic_norm,38.613,46.20314191548568
magnetic_norm,38.634,45.33728702100514
magnetic_norm,38.653,45.54293203176538
magnetic_norm,38.673,44.555074131489235
magnetic_norm,38.693,44.56235071938538
magnetic_norm,38.714,44.204192773847936
magnetic_norm,38.734,44.96850873277877
magnetic_norm,38.754,44.10558235331449
magnetic_norm,38.774,43.89196020443267
magnetic_norm,38.794,44.76319939009616
magnetic_norm,38.814,43.62764305116665
magnetic_norm,38.833,43.482677365101395
magnetic_norm,38.853,43.99117262758519
magnetic_norm,38.874,46.044478607917874
magnetic_norm,38.896,43.28359884326859
magnetic_norm,38.913,45.7299105736607
magnetic_norm,38.934,43.60554332607842
magnetic_norm,38.953,42.252354316801096
magnetic_norm,38.973,41.9998367742364
magnetic_norm,38.993,42.087506734332706
magnetic_norm,39.014,44.004268900016974
magnetic_norm,39.034,43.234674398132114
magnetic_norm,39.054,42.9179171819592
magnetic_norm,39.073,44.24611349584852
magnetic_norm,39.093,44.29208031691446
magnetic_norm,39.113,45.04979845362801
magnetic_norm,39.133,42.77016601338491
magnetic_norm,39.154,44.19719063568974
magnetic_norm,39.174,43.59859574229439
magnetic_norm,39.201,43.863000173124334
magnetic_norm,39.219,42.71009239263596
magnetic_norm,39.233,44.83731959999952
magnetic_norm,39.253,44.75578963064455
magnetic_norm,39.273,44.727177258770766
magnetic_norm,39.296,44.34856684662994
magnetic_norm,39.313,45.52140544746506
magnetic_norm,39.334,44.18848242302523
magnetic_norm,39.354,44.086007027457136
magnetic_norm,39.378,45.42034184316539
magnetic_norm,39.393,45.142226578338
magnetic_norm,39.414,45.28349636788229
magnetic_norm,39.434,44.32989805213297
magnetic_norm,39.454,44.51160392147761
magnetic_norm,39.474,44.33823565079016
magnetic_norm,39.494,44.46863624370552
magnetic_norm,39.516,45.01005171445047
magnetic_norm,39.533,47.089988300195074
magnetic_norm,39.553,45.33007073124859
magnetic_norm,39.573,45.82197533880447
magnetic_norm,39.594,46.229287896040546
magnetic_norm,39.613,46.328833926886205
magnetic_norm,39.633,47.29800464647004
magnetic_norm,39.653,48.471760156817226
magnetic_norm,39.673,47.46096134258661
magnetic_norm,39.695,47.77119264695517
magnetic_norm,39.714,47.41912117134291
magnetic_norm,39.734,48.84736764376361
magnetic_norm,39.754,46.66433712443056
magnetic_norm,39.774,48.538765081633514
magnetic_norm,39.793,48.52626873380029
magnetic_norm,39.813,49.169489285785865
magnetic_norm,39.834,47.76879487293466
magnetic_norm,39.853,48.64664418166484
magnetic_norm,39.874,49.44174885825238
magnetic_norm,39.894,49.80660724241313
magnetic_norm,39.914,49.483539182363515
magnetic_norm,39.933,50.94480239067573
magnetic_norm,39.953,50.795154662748224
magnetic_norm,39.973,51.86434147526125
magnetic_norm,39.994,50.08981460274637
magnetic_norm,40.013,51.56681026493693
magnetic_norm,40.034,51.77376547815989
magnetic_norm,40.053,51.54528289317564
magnetic_norm,40.073,50.91771811597123
magnetic_norm,40.093,51.66948712465612
magnetic_norm,40.113,51.59286699825863
magnetic_norm,40.134,52.85594610625665
magnetic_norm,40.154,51.51395896987535
magnetic_norm,40.174,51.474978253030955
magnetic_norm,40.194,49.669069036725475
magnetic_norm,40.214,51.65572255411313
magnetic_norm,40.233,50.937612597544316
magnetic_norm,40.253,52.44129461502647
magnetic_norm,40.274,50.842436279647345
magnetic_norm,40.293,52.17593011185818
magnetic_norm,40.316,49.31665619367355
magnetic_norm,40.334,51.439305101984026
magnetic_norm,40.353,50.08906147728273
magnetic_norm,40.373,51.05761681057
magnetic_norm,40.393,51.08689632931815
magnetic_norm,40.413,51.17320644793039
magnetic_norm,40.434,50.99032518931905
magnetic_norm,40.454,50.98035533381956
magnetic_norm,40.473,48.71589971931651
magnetic_norm,40.493,50.185067898354994
magnetic_norm,40.513,49.59452120648011
magnetic_norm,40.533,48.06416487688619
magnetic_norm,40.554,49.228273296958214
magnetic_norm,40.573,48.889484828411746
magnetic_norm,40.593,45.08501764513907
magnetic_norm,40.613,48.659057293966356
magnetic_norm,40.633,50.33958977745552
magnetic_norm,40.654,49.79184241356712
magnetic_norm,40.673,49.11240938003865
magnetic_norm,40.694,49.07452474051584
magnetic_norm,40.714,47.3976042709439
magnetic_norm,40.733,48.58068587051855
magnetic_norm,40.754,48.21848807589269
magnetic_norm,40.773,49.4319943544918
magnetic_norm,40.793,49.543413549381164
magnetic_norm,40.813,48.54466714660844
magnetic_norm,40.834,51.75356404031518
magnetic_norm,40.854,49.0373686606705
magnetic_norm,40.875,49.567113593591465
magnetic_norm,40.894,50.39517304415177
magnetic_norm,40.915,48.98927654318855
magnetic_norm,40.934,48.42988165895101
magnetic_norm,40.953,47.716632228448404
magnetic_norm,40.973,49.486258746115574
magnetic_norm,40.994,49.56460210888926
magnetic_norm,41.014,49.572000944081374
magnetic_norm,41.034,47.41169990651047
magnetic_norm,41.053,48.6421487365896
magnetic_norm,41.073,48.32717954409822
magnetic_norm,41.094,51.8270041016265
magnetic_norm,41.114,49.23505370274831
magnetic_norm,41.144,49.588135315441136
magnetic_norm,41.154,51.729882992086964
magnetic_norm,41.173,58.2390896296251
magnetic_norm,41.193,52.84455610479192
magnetic_norm,41.213,52.9422385834317
magnetic_norm,41.233,52.58079727096207
magnetic_norm,41.253,49.21460371602113
magnetic_norm,41.273,49.93813104031837
magnetic_norm,41.294,50.824763870209026
magnetic_norm,41.313,53.810768700372606
magnetic_norm,41.333,52.724334940329065
magnetic_norm,41.353,52.17927288960149
magnetic_norm,41.373,51.32061761709424
magnetic_norm,41.393,52.17331447888378
magnetic_norm,41.413,53.24666582871645
magnetic_norm,41.433,54.78777622620319
magnetic_norm,41.453,53.06649868537589
magnetic_norm,41.473,50.02947369876083
magnetic_norm,41.493,50.70347390095673
magnetic_norm,41.513,50.300590107249285
magnetic_norm,41.533,52.13617200094867
magnetic_norm,41.553,50.614678565609886
magnetic_norm,41.574,50.86269576504475
magnetic_norm,41.593,51.60333526212236
magnetic_norm,41.613,49.22499673539861
magnetic_norm,41.633,52.26012865153511
magnetic_norm,41.653,52.609735936659156
magnetic_norm,41.673,51.52839440238265
magnetic_norm,41.693,55.70681781299314
magnetic_norm,41.713,49.85130337927486
magnetic_norm,41.733,52.244939249892994
magnetic_norm,41.753,50.354199334563944
magnetic_norm,41.773,50.166990914594436
magnetic_norm,41.793,54.736552033696
magnetic_norm,41.814,52.22526047673211
magnetic_norm,41.834,57.17197916265464
magnetic_norm,41.853,49.82632190632278
magnetic_norm,41.873,50.86220110111251
magnetic_norm,41.893,55.8109647745181
magnetic_norm,41.913,52.299008840632
magnetic_norm,41.933,51.526017269797954
magnetic_norm,41.953,50.562534696279826
magnetic_norm,41.973,48.56836354562505
magnetic_norm,41.993,49.80076300168504
magnetic_norm,42.013,46.934617393774516
magnetic_norm,42.033,48.5031502670188
magnetic_norm,42.053,48.427657689072724
magnetic_norm,42.073,47.88379171938047
magnetic_norm,42.093,48.0983955475648
magnetic_norm,42.114,47.42779855699084
magnetic_norm,42.133,49.0701979174988
magnetic_norm,42.154,49.48511826448443
magnetic_norm,42.173,49.97590541863653
magnetic_norm,42.193,47.68955554717931
magnetic_norm,42.213,50.07110356183499
magnetic_norm,42.233,50.54368742780852
magnetic_norm,42.253,49.65300998655574
magnetic_norm,42.273,50.60173973861971
magnetic_norm,42.294,50.224958560460806
magnetic_norm,42.313,47.31006992425081
magnetic_norm,42.333,49.66185969232328
magnetic_norm,42.353,48.593464202117765
magnetic_norm,42.373,49.26419249021046
magnetic_norm,42.393,48.15493914503994
magnetic_norm,42.413,47.01911254532566
magnetic_norm,42.433,51.86702489505014
magnetic_norm,42.453,49.03652372334321
magnetic_norm,42.473,47.3411252096156
magnetic_norm,42.493,48.38899147999729
magnetic_norm,42.513,48.701144484370225
magnetic_norm,42.533,47.414724028380675
magnetic_norm,42.553,45.9121212213344
magnetic_norm,42.573,48.83031366707571
magnetic_norm,42.593,46.15109780778514
magnetic_norm,42.613,46.17242420698749
magnetic_norm,42.633,48.220959457091936
magnetic_norm,42.653,44.717122661710924
magnetic_norm,42.674,45.093066844305554
magnetic_norm,42.694,44.079080841568164
magnetic_norm,42.713,44.45444692674176
magnetic_norm,42.733,44.12150898470614
magnetic_norm,42.753,41.820128367225976
magnetic_norm,42.773,42.605120473512336
magnetic_norm,42.793,41.54256071271978
magnetic_norm,42.813,40.61079030334795
magnetic_norm,42.833,40.46176350186994
magnetic_norm,42.853,39.43799425205344
magnetic_norm,42.874,39.244430867098835
magnetic_norm,42.893,38.88073464125588
magnetic_norm,42.913,38.165227752169905
magnetic_norm,42.933,37.21049814064574
magnetic_norm,42.954,36.346293440665995
magnetic_norm,42.973,37.00498131464871
magnetic_norm,42.993,37.169488595150305
magnetic_norm,43.014,36.63038418144151
magnetic_norm,43.033,34.35273037620167
magnetic_norm,43.053,35.22895776098136
magnetic_norm,43.073,35.44923617364702
magnetic_norm,43.093,34.807813443589794
magnetic_norm,43.114,36.536817945498484
magnetic_norm,43.133,35.39984606693227
magnetic_norm,43.154,33.87530913106182
magnetic_norm,43.174,35.917300575871636
magnetic_norm,43.193,36.28682809326277
magnetic_norm,43.213,35.17548473813119
magnetic_norm,43.234,36.79790086149617
magnetic_norm,43.254,33.7328830213933
magnetic_norm,43.273,35.5443992312784
magnetic_norm,43.293,33.79232461666599
magnetic_norm,43.313,35.95601831458471
magnetic_norm,43.333,35.420618901460614
magnetic_norm,43.353,34.227340192454406
magnetic_norm,43.373,34.84033559503984
magnetic_norm,43.393,35.153837798845075
magnetic_norm,43.413,36.98117216942973
magnetic_norm,43.434,35.51245340176469
magnetic_norm,43.453,35.5949132850819
magnetic_norm,43.473,36.44962384065163
magnetic_norm,43.493,35.38290437308673
magnetic_norm,43.513,35.65856958183418
magnetic_norm,43.533,36.934157504605544
magnetic_norm,43.553,35.83157870084711
magnetic_norm,43.573,35.38351362181277
magnetic_norm,43.594,37.90763136503651
magnetic_norm,43.613,35.921014869258755
magnetic_norm,43.633,36.36352106249476
magnetic_norm,43.653,35.80289030336804
magnetic_norm,43.679,37.69004874615454
magnetic_norm,43.693,38.45486501781992
magnetic_norm,43.713,38.099232395318786
magnetic_norm,43.734,37.560953810173686
magnetic_norm,43.753,37.102786924148305
magnetic_norm,43.773,37.06687210721321
magnetic_norm,43.793,37.45149362692374
magnetic_norm,43.813,38.04391459934833
magnetic_norm,43.834,36.7125098278843
magnetic_norm,43.853,38.97346174915055
magnetic_norm,43.874,36.864135583094175
magnetic_norm,43.893,39.39389123392114
magnetic_norm,43.913,37.79559810530196
magnetic_norm,43.933,35.65856958183418
magnetic_norm,43.953,36.84669647149536
magnetic_norm,43.974,37.56458060217764
magnetic_norm,43.996,36.25277469587673
magnetic_norm,44.013,36.65800311050793
magnetic_norm,44.033,36.482821835248714
magnetic_norm,44.054,38.10297299621126
magnetic_norm,44.073,35.86618965132774
magnetic_norm,44.093,37.432343426240486
magnetic_norm,44.115,36.59292291967135
magnetic_norm,44.133,38.55465530013853
magnetic_norm,44.153,37.554811556427225
magnetic_norm,44.176,36.91682677022093
magnetic_norm,44.193,37.657306352320276
magnetic_norm,44.213,36.283081733088785
magnetic_norm,44.234,37.33211168016082
magnetic_norm,44.253,37.31821412964788
magnetic_norm,44.274,37.42325069458837
magnetic_norm,44.294,37.53055336122838
magnetic_norm,44.313,36.96361489931699
magnetic_norm,44.333,38.11039346572665
magnetic_norm,44.353,37.04545223607084
magnetic_norm,44.374,37.61013303968105
magnetic_norm,44.394,39.667892794425065
magnetic_norm,44.413,38.16098719487618
magnetic_norm,44.434,37.70461417684845
magnetic_norm,44.454,38.30442389626818
magnetic_norm,44.474,37.88447591857383
magnetic_norm,44.493,40.578176328538994
magnetic_norm,44.515,38.25603930557898
magnetic_norm,44.534,37.9071920275362
magnetic_norm,44.553,38.632236851171385
magnetic_norm,44.573,39.46326802736948
magnetic_norm,44.594,40.44838006876796
magnetic_norm,44.613,40.77147438513236
magnetic_norm,44.639,40.56522958843571
magnetic_norm,44.653,40.27990705022795
magnetic_norm,44.674,39.63367292735435
magnetic_norm,44.694,41.89968367929535
magnetic_norm,44.714,41.89486206609953
magnetic_norm,44.734,41.268734554290674
magnetic_norm,44.755,42.136824569341975
magnetic_norm,44.774,42.49359017516643
magnetic_norm,44.794,43.34344100423392
magnetic_norm,44.813,40.91038781623813
magnetic_norm,44.834,41.79691563336355
magnetic_norm,44.854,42.95520505974811
magnetic_norm,44.873,41.67197213250777
magnetic_norm,44.893,41.34356770299947
magnetic_norm,44.913,41.924107179223284
magnetic_norm,44.934,43.64796276001895
magnetic_norm,44.953,40.46906804894326
magnetic_norm,44.973,40.793395497157405
magnetic_norm,44.994,40.13729116934152
magnetic_norm,45.013,40.06728405460637
magnetic_norm,45.033,38.721256377957324
magnetic_norm,45.053,40.93882558891989
magnetic_norm,45.073,38.45718742397188
magnetic_norm,45.094,39.58601083637376
magnetic_norm,45.113,37.70561376439861
magnetic_norm,45.137,38.492019971839646
magnetic_norm,45.153,40.645684504784775
magnetic_norm,45.173,39.291742333790694
magnetic_norm,45.193,39.68298155916475
magnetic_norm,45.214,40.03337730647397
magnetic_norm,45.234,40.001789306386094
magnetic_norm,45.253,38.00995146553734
magnetic_norm,45.274,38.36547868005821
magnetic_norm,45.293,37.957077766867194
magnetic_norm,45.313,38.631161932758395
magnetic_norm,45.333,40.92644353226913
magnetic_norm,45.354,39.743571181072845
magnetic_norm,45.375,38.3035173680239
magnetic_norm,45.394,40.45875069515246
magnetic_norm,45.415,40.38601290669833
magnetic_norm,45.433,40.006113862914816
magnetic_norm,45.453,39.19434075746779
magnetic_norm,45.473,39.627399390447124
magnetic_norm,45.494,38.5816625079196
magnetic_norm,45.514,39.935207156718256
magnetic_norm,45.534,41.290105503619145
magnetic_norm,45.554,40.55019170423248
magnetic_norm,45.573,40.085792796201616
magnetic_norm,45.593,40.20382182532527
magnetic_norm,45.615,39.23798930484971
magnetic_norm,45.634,40.43476274738737
magnetic_norm,45.653,39.857253622772404
magnetic_norm,45.674,40.09951293345095
magnetic_norm,45.694,42.34607162122609
magnetic_norm,45.713,39.23798930484971
magnetic_norm,45.733,39.14114966007643
magnetic_norm,45.753,39.8301481705442
magnetic_norm,45.776,40.54250373836081
magnetic_norm,45.794,40.00560511775205
magnetic_norm,45.814,39.52078944887746
magnetic_norm,45.835,39.84620854297186
magnetic_norm,45.853,39.66469971303206
magnetic_norm,45.873,41.29772587761342
magnetic_norm,45.893,39.662602988993356
magnetic_norm,45.913,40.12877756330243
magnetic_norm,45.933,40.62290914804111
magnetic_norm,45.954,39.88736869188671
magnetic_norm,45.974,39.90101498192126
magnetic_norm,45.996,40.58284214187697
magnetic_norm,46.013,39.49620778441905
magnetic_norm,46.033,38.957312001086535
magnetic_norm,46.053,39.57562405825086
magnetic_norm,46.074,40.84031267678426
magnetic_norm,46.093,40.677066504896274
magnetic_norm,46.114,40.36963034850581
magnetic_norm,46.134,42.00804336673217
magnetic_norm,46.153,41.93891984580082
magnetic_norm,46.173,40.19171933418008
magnetic_norm,46.193,40.72086170272559
magnetic_norm,46.214,40.14147735075591
magnetic_norm,46.234,42.15857996215016
magnetic_norm,46.256,41.31714709451755
magnetic_norm,46.274,41.4346025639501
magnetic_norm,46.293,43.790902160865606
magnetic_norm,46.314,40.93263360057292
magnetic_norm,46.333,41.808426679819895
magnetic_norm,46.354,41.20999866294597
magnetic_norm,46.374,42.59915572636099
magnetic_norm,46.395,41.67120445298533
magnetic_norm,46.413,41.275926512632644
magnetic_norm,46.433,40.967274005448544
magnetic_norm,46.453,41.001970962839245
magnetic_norm,46.473,41.535690864604675
magnetic_norm,46.493,42.09760004936445
magnetic_norm,46.514,40.52378208011624
magnetic_norm,46.535,42.08095115132272
magnetic_norm,46.554,41.5468962216193
magnetic_norm,46.575,41.97750095988931
magnetic_norm,46.593,39.8745703133621
magnetic_norm,46.614,40.70257218899076
magnetic_norm,46.633,41.41841171090918
magnetic_norm,46.654,40.64921449702324
magnetic_norm,46.674,40.55434288165356
magnetic_norm,46.694,40.39446090742213
magnetic_norm,46.713,40.34331516233524
magnetic_norm,46.733,40.38380313609663
magnetic_norm,46.753,40.861173232524834
magnetic_norm,46.775,38.74821215633697
magnetic_norm,46.795,41.13287504743633
magnetic_norm,46.813,40.331194644685446
magnetic_norm,46.834,40.836072492956575
magnetic_norm,46.853,38.60969726042443
magnetic_norm,46.873,40.26618863441142
magnetic_norm,46.893,39.8839317493744
magnetic_norm,46.914,39.81566503528482
magnetic_norm,46.933,38.57755588632468
magnetic_norm,46.954,39.75229946192421
magnetic_norm,46.973,39.57772976245611
magnetic_norm,46.993,37.604569817543506
magnetic_norm,47.014,38.62646238542308
magnetic_norm,47.037,39.29267566862822
magnetic_norm,47.053,38.165261390333775
magnetic_norm,47.074,37.26334703213741
magnetic_norm,47.094,37.413598902170584
magnetic_norm,47.114,37.6733835512305
magnetic_norm,47.134,38.571340246515994
magnetic_norm,47.153,37.89449219955982
magnetic_norm,47.173,38.834438353991985
magnetic_norm,47.193,39.29598461452521
magnetic_norm,47.213,38.09211721652536
magnetic_norm,47.234,39.37782255597691
magnetic_norm,47.254,38.85443014611238
magnetic_norm,47.274,38.598078991107286
magnetic_norm,47.295,39.33473993443968
magnetic_norm,47.316,39.22138030296744
magnetic_norm,47.334,37.166464812677624
magnetic_norm,47.354,38.26402905716417
magnetic_norm,47.373,38.96726841610148
magnetic_norm,47.41,36.911550212992275
magnetic_norm,47.414,38.649268495341595
magnetic_norm,47.433,36.29698948608726
magnetic_norm,47.453,37.69106792812456
magnetic_norm,47.474,37.61945427195882
magnetic_norm,47.494,36.771694813232365
magnetic_norm,47.514,38.960332699442624
magnetic_norm,47.533,37.511310799710856
magnetic_norm,47.553,38.79168985896663
magnetic_norm,47.573,38.4142137388299
magnetic_norm,47.593,37.3102877922096
magnetic_norm,47.614,38.07544025402076
magnetic_norm,47.633,36.43870448324832
magnetic_norm,47.654,35.40087610992142
magnetic_norm,47.674,36.48406490767888
magnetic_norm,47.693,37.22750210999932
magnetic_norm,47.714,36.87991763419497
magnetic_norm,47.733,36.62998319102815
magnetic_norm,47.754,36.101465017330035
magnetic_norm,47.773,37.20437127593344
magnetic_norm,47.794,35.39772569495108
magnetic_norm,47.814,37.22987695275801
magnetic_norm,47.834,36.43172900354173
magnetic_norm,47.853,37.57880313837177
magnetic_norm,47.874,36.049606549690736
magnetic_norm,47.893,37.411259751103024
magnetic_norm,47.914,36.182186154411696
magnetic_norm,47.933,36.83475213792681
magnetic_norm,47.954,36.54899345194374
magnetic_norm,47.973,35.62699984965762
magnetic_norm,47.993,37.898124893917924
magnetic_norm,48.019,35.70378832899956
magnetic_norm,48.034,36.75102358268406
magnetic_norm,48.054,36.213237172407055
magnetic_norm,48.074,36.792743567176466
magnetic_norm,48.094,36.910945404280156
magnetic_norm,48.115,38.420380973677304
magnetic_norm,48.133,36.85027345353091
magnetic_norm,48.159,37.194832983897214
magnetic_norm,48.173,35.536074741282334
magnetic_norm,48.194,36.10592398900769
magnetic_norm,48.214,36.003996744806095
magnetic_norm,48.233,36.6277590684306
magnetic_norm,48.254,36.80041344559868
magnetic_norm,48.273,37.71763003357985
magnetic_norm,48.293,36.388674058025956
magnetic_norm,48.313,37.28251767284841
magnetic_norm,48.333,37.255266031797504
magnetic_norm,48.354,37.36103540839709
magnetic_norm,48.374,37.33651065445195
magnetic_norm,48.393,38.53181569521478
magnetic_norm,48.413,35.77840633531633
magnetic_norm,48.433,37.732274915349386
magnetic_norm,48.453,37.88623051122929
magnetic_norm,48.474,39.50981977701878
magnetic_norm,48.495,38.23940249075558
magnetic_norm,48.514,39.137361584073446
magnetic_norm,48.534,38.35731271048586
magnetic_norm,48.553,36.80533376139253
magnetic_norm,48.573,38.787299870737435
magnetic_norm,48.593,38.21029929433304
magnetic_norm,48.614,38.5497232097554
magnetic_norm,48.634,37.94011098033323
magnetic_norm,48.657,39.07397113376761
magnetic_norm,48.673,38.31733709399708
magnetic_norm,48.693,38.19908836035881
magnetic_norm,48.714,37.754745552753086
magnetic_norm,48.735,37.93824369732347
magnetic_norm,48.754,36.15293345551304
magnetic_norm,48.774,37.518415473771114
magnetic_norm,48.794,39.55723013465744
magnetic_norm,48.814,37.23746764651164
magnetic_norm,48.833,37.86903711229669
magnetic_norm,48.853,38.2901793269176
magnetic_norm,48.873,40.37803842013012
magnetic_norm,48.893,39.843661764608186
magnetic_norm,48.914,39.6926266208537
magnetic_norm,48.934,38.44700724217688
magnetic_norm,48.954,38.38209424752972
magnetic_norm,48.976,38.79491612640765
magnetic_norm,48.994,38.30875084651026
magnetic_norm,49.013,39.894053276773015
magnetic_norm,49.034,39.889761521535874
magnetic_norm,49.053,39.626506375625695
magnetic_norm,49.074,38.81774997874689
magnetic_norm,49.094,39.65465865601417
magnetic_norm,49.114,39.49073451268358
magnetic_norm,49.136,40.300953034636834
magnetic_norm,49.153,39.73321874546536
magnetic_norm,49.174,40.12624921419894
magnetic_norm,49.194,38.539481867625156
magnetic_norm,49.213,39.11176872461157
magnetic_norm,49.234,39.214078822375804
magnetic_norm,49.253,39.93475557988311
magnetic_norm,49.273,40.12077438310488
magnetic_norm,49.294,40.21754440249928
magnetic_norm,49.314,39.352581265877696
magnetic_norm,49.338,39.92580063380074
magnetic_norm,49.354,39.035377402428274
magnetic_norm,49.373,38.810625634132094
magnetic_norm,49.393,39.38143697384594
magnetic_norm,49.413,39.50804065184871
magnetic_norm,49.433,39.58142842858884
magnetic_norm,49.454,38.912412162740566
magnetic_norm,49.474,39.84726768053871
magnetic_norm,49.493,39.33409035985833
magnetic_norm,49.514,39.922237938741624
magnetic_norm,49.533,38.8224001991763
magnetic_norm,49.554,39.5767132193921
magnetic_norm,49.573,39.53247972827217
magnetic_norm,49.595,39.06050295355911
magnetic_norm,49.615,40.09612236658626
magnetic_norm,49.634,38.949307103560955
magnetic_norm,49.654,39.404070829319195
magnetic_norm,49.674,39.55756337704587
magnetic_norm,49.693,39.80021600710868
magnetic_norm,49.713,40.1468325532974
magnetic_norm,49.734,40.323253930418474
magnetic_norm,49.754,39.52767276304665
magnetic_norm,49.773,40.09352614388019
magnetic_norm,49.797,38.947685766454725
magnetic_norm,49.814,38.910347675779
magnetic_norm,49.833,40.340190601867626
magnetic_norm,49.853,39.56612703260206
magnetic_norm,49.874,39.76730132990865
magnetic_norm,49.894,38.894880885374874
magnetic_norm,49.914,41.07147705926832
magnetic_norm,49.937,39.38796381066181
magnetic_norm,49.953,40.01752216420332
magnetic_norm,49.973,40.74725422850605
magnetic_norm,49.998,41.121220855997514
magnetic_norm,50.013,40.05397188877309
magnetic_norm,50.033,40.68641127575643
magnetic_norm,50.053,39.2840975841848
magnetic_norm,50.073,40.51257617320207
magnetic_norm,50.093,40.51257617320207
magnetic_norm,50.113,40.1667108441493
magnetic_norm,50.133,40.43645623025403
magnetic_norm,50.153,40.58950828314511
magnetic_norm,50.173,41.13781620594062
magnetic_norm,50.193,40.420331706425976
magnetic_norm,50.214,40.47299881170779
magnetic_norm,50.234,41.86485512873539
magnetic_norm,50.253,40.68048397850007
magnetic_norm,50.273,41.94788064014686
magnetic_norm,50.294,41.4135719941241
magnetic_norm,50.313,41.31177116391895
magnetic_norm,50.333,43.189803175315625
magnetic_norm,50.354,42.680945570008234
magnetic_norm,50.373,42.15752920173345
magnetic_norm,50.393,42.18699732633864
magnetic_norm,50.416,41.908264712196136
magnetic_norm,50.433,42.176708370097515
magnetic_norm,50.453,41.43351784078325
magnetic_norm,50.473,41.94241454333553
magnetic_norm,50.494,42.5015277707755
magnetic_norm,50.513,41.78052259187299
magnetic_norm,50.533,40.888678676835525
magnetic_norm,50.553,40.40684659568847
magnetic_norm,50.577,40.50252713240563
magnetic_norm,50.593,40.33036140629664
magnetic_norm,50.613,38.975198994520916
magnetic_norm,50.634,38.56769344979683
magnetic_norm,50.655,37.56085803981997
magnetic_norm,50.673,39.25698386427567
magnetic_norm,50.693,39.23823374895344
magnetic_norm,50.713,37.75084750664548
magnetic_norm,50.738,38.76227728894421
magnetic_norm,50.753,39.7794849372764
magnetic_norm,50.773,38.14387204879715
magnetic_norm,50.793,40.4050415160349
magnetic_norm,50.814,37.638839902154274
magnetic_norm,50.833,38.663817061562995
magnetic_norm,50.853,37.64077327181258
magnetic_norm,50.874,40.16732292596495
magnetic_norm,50.897,37.5794590326784
magnetic_norm,50.913,40.002931495876076
magnetic_norm,50.934,37.60653616726752
magnetic_norm,50.953,38.03303450758306
magnetic_norm,50.973,38.57321799409539
magnetic_norm,50.993,37.18662672117497
magnetic_norm,51.014,36.65875883537254
magnetic_norm,51.033,39.00947033487515
magnetic_norm,51.053,37.5794590326784
magnetic_norm,51.073,38.05000923767973
magnetic_norm,51.093,36.75847266500281
magnetic_norm,51.113,38.66992648931155
magnetic_norm,51.133,37.81056958923661
magnetic_norm,51.153,38.2940664907764
magnetic_norm,51.174,38.95249521644936
magnetic_norm,51.195,36.671723217623736
magnetic_norm,51.213,37.69765721334683
magnetic_norm,51.234,38.74160648887382
magnetic_norm,51.253,35.41275562255078
magnetic_norm,51.273,37.652190474625826
magnetic_norm,51.293,38.23672834226288
magnetic_norm,51.314,38.34448569954362
magnetic_norm,51.334,37.71007568011512
magnetic_norm,51.354,37.41901360588636
magnetic_norm,51.373,36.56408344007141
magnetic_norm,51.393,35.988872087945516
magnetic_norm,51.414,37.14281769400378
magnetic_norm,51.433,35.782846083947824
magnetic_norm,51.453,34.32932650318826
magnetic_norm,51.474,36.427595129585605
magnetic_norm,51.494,38.005588642839754
magnetic_norm,51.513,36.081948186385404
magnetic_norm,51.533,37.04486230622951
magnetic_norm,51.553,38.32878184765345
magnetic_norm,51.574,36.390253347737236
magnetic_norm,51.594,35.82255629226509
magnetic_norm,51.614,35.74212997778328
magnetic_norm,51.639,35.40362691165984
magnetic_norm,51.653,34.614486082780445
magnetic_norm,51.674,35.55073179626546
magnetic_norm,51.693,36.37617951592774
magnetic_norm,51.714,35.29952529054045
magnetic_norm,51.734,35.16815113291442
magnetic_norm,51.754,34.91055366685345
magnetic_norm,51.774,35.51585088467542
magnetic_norm,51.796,35.45417309517317
magnetic_norm,51.813,34.84564977816462
magnetic_norm,51.833,35.23382479894145
magnetic_norm,51.856,33.6714368315343
magnetic_norm,51.874,34.03510015024938
magnetic_norm,51.894,35.74300392769193
magnetic_norm,51.914,33.187915366892284
magnetic_norm,51.933,33.48112208082715
magnetic_norm,51.953,32.94370953896214
magnetic_norm,51.973,33.58514606656496
magnetic_norm,51.994,33.750861202901234
magnetic_norm,52.02,32.528812992983624
magnetic_norm,52.034,33.45064333406019
magnetic_norm,52.053,34.13221117774969
magnetic_norm,52.074,34.9277757460128
magnetic_norm,52.097,34.09464357545779
magnetic_norm,52.115,34.89251708364563
magnetic_norm,52.134,33.15450728011956
magnetic_norm,52.154,35.15762183600811
magnetic_norm,52.173,34.10843652639332
magnetic_norm,52.194,33.32124180917488
magnetic_norm,52.214,34.17166505227694
magnetic_norm,52.233,34.26788730411465
magnetic_norm,52.253,34.30210013377464
magnetic_norm,52.274,36.32384129683286
magnetic_norm,52.296,34.97112761418339
magnetic_norm,52.314,34.19840837535431
magnetic_norm,52.333,35.897079457735835
magnetic_norm,52.354,36.09120370810596
magnetic_norm,52.373,36.01599389090911
magnetic_norm,52.393,36.08303497109135
magnetic_norm,52.415,36.18873385191861
magnetic_norm,52.435,35.013064246256725
magnetic_norm,52.454,35.47954351189569
magnetic_norm,52.474,35.75989048389282
magnetic_norm,52.493,36.273051399248175
magnetic_norm,52.513,36.822407940851726
magnetic_norm,52.533,35.85169163906357
magnetic_norm,52.554,37.64621508116724
magnetic_norm,52.573,37.921902096282054
magnetic_norm,52.593,38.87350997771502
magnetic_norm,52.614,39.87539677169372
magnetic_norm,52.633,38.76292636350488
magnetic_norm,52.653,40.53427989014366
magnetic_norm,52.673,40.410471762279705
magnetic_norm,52.693,40.579635248175904
magnetic_norm,52.713,41.4127932288744
magnetic_norm,52.733,38.622479266290014
magnetic_norm,52.754,39.82541085428374
magnetic_norm,52.774,38.80839693577926
magnetic_norm,52.793,38.14481121856555
magnetic_norm,52.813,37.94193497553202
magnetic_norm,52.833,38.20460585839096
magnetic_norm,52.855,40.71311156080435
magnetic_norm,52.874,37.8299550604412
magnetic_norm,52.895,39.071106717272656
magnetic_norm,52.914,39.764686883527865
magnetic_norm,52.933,38.964113197113946
magnetic_norm,52.954,39.32630207100592
magnetic_norm,52.973,40.48090265284051
magnetic_norm,52.993,40.8087756753373
magnetic_norm,53.014,42.65127895768496
magnetic_norm,53.036,41.73395589624838
magnetic_norm,53.053,41.00293425209049
magnetic_norm,53.073,42.24393308881762
magnetic_norm,53.093,41.011343956123945
magnetic_norm,53.113,43.825318621916544
magnetic_norm,53.134,44.738294603505
magnetic_norm,53.154,43.23016785966727
magnetic_norm,53.174,43.12536277021331
magnetic_norm,53.194,44.66217591947921
magnetic_norm,53.213,44.352138939134086
magnetic_norm,53.234,46.02810881298518
magnetic_norm,53.254,45.67045181000517
magnetic_norm,53.274,44.9628828249759
magnetic_norm,53.295,46.160119319481396
magnetic_norm,53.314,44.32054931504697
magnetic_norm,53.334,48.73452523306758
magnetic_norm,53.353,45.7429067701212
magnetic_norm,53.373,47.96268505789167
magnetic_norm,53.394,46.81203446238482
magnetic_norm,53.414,47.49541185702836
magnetic_norm,53.434,47.296205154325015
magnetic_norm,53.458,47.52627566562522
magnetic_norm,53.474,48.037904780027674
magnetic_norm,53.494,47.45770249701308
magnetic_norm,53.513,48.97633071706687
magnetic_norm,53.533,48.59750699624424
magnetic_norm,53.554,49.295603290760205
magnetic_norm,53.574,49.67606475884551
magnetic_norm,53.6,48.502307107162444
magnetic_norm,53.613,50.57677049639493
magnetic_norm,53.634,51.484032965571025
magnetic_norm,53.653,50.8229040263837
magnetic_norm,53.673,51.27298592197459
magnetic_norm,53.695,51.16862632817594
magnetic_norm,53.713,51.03288852274581
magnetic_norm,53.735,52.210202607105565
magnetic_norm,53.754,50.95174511976998
magnetic_norm,53.774,50.16671607624925
magnetic_norm,53.794,49.84942271155213
magnetic_norm,53.816,51.57631621987464
magnetic_norm,53.835,50.53323033726178
magnetic_norm,53.853,50.67610614850948
magnetic_norm,53.873,51.21530838040517
magnetic_norm,53.894,50.2996490525779
magnetic_norm,53.913,50.430704031373594
magnetic_norm,53.933,52.170890376530856
magnetic_norm,53.953,50.96009238242215
magnetic_norm,53.974,52.75379059247781
magnetic_norm,53.993,51.47135929087166
magnetic_norm,54.013,51.73128231930854
magnetic_norm,54.033,53.289113705333875
magnetic_norm,54.053,53.438242333440435
magnetic_norm,54.073,53.24948889930777
magnetic_norm,54.093,52.1612946086464
magnetic_norm,54.114,52.62928917045631
magnetic_norm,54.134,53.39270836207413
magnetic_norm,54.153,52.285323286989474
magnetic_norm,54.177,54.506721174090195
magnetic_norm,54.193,53.18859910337933
magnetic_norm,54.213,53.91665701385805
magnetic_norm,54.233,54.655735920738465
magnetic_norm,54.254,54.158861446846814
magnetic_norm,54.274,54.61965112541913
magnetic_norm,54.294,53.83813574560794
magnetic_norm,54.314,55.59687659066388
magnetic_norm,54.333,53.109589308923304
magnetic_norm,54.353,54.956307103006914
magnetic_norm,54.373,54.20713473300824
magnetic_norm,54.394,55.104753427109266
magnetic_norm,54.413,54.61523599269256
magnetic_norm,54.434,54.86761965995983
magnetic_norm,54.46,56.09375806210527
magnetic_norm,54.473,54.24911715237866
magnetic_norm,54.493,54.2007299845215
magnetic_norm,54.513,55.394449885570666
magnetic_norm,54.534,55.11898991206437
magnetic_norm,54.554,54.59902939521914
magnetic_norm,54.573,56.35487104889425
magnetic_norm,54.594,56.4459924510147
magnetic_norm,54.614,55.71983018205907
magnetic_norm,54.633,57.211231140070005
magnetic_norm,54.653,54.59121193826672
magnetic_norm,54.674,56.94052770468062
magnetic_norm,54.694,56.243019379752845
magnetic_norm,54.714,56.80829723233663
magnetic_norm,54.734,55.779296744625725
magnetic_norm,54.753,55.506663451337076
magnetic_norm,54.773,55.163195780792144
magnetic_norm,54.793,55.43387104954429
magnetic_norm,54.815,54.518314450168994
magnetic_norm,54.834,55.32496568734824
magnetic_norm,54.854,55.22684804049115
magnetic_norm,54.878,55.84883527120329
magnetic_norm,54.893,55.216178999229975
magnetic_norm,54.913,55.045626939385514
magnetic_norm,54.933,54.14981872753593
magnetic_norm,54.954,54.32410889651114
magnetic_norm,54.974,55.40263406813347
magnetic_norm,54.994,55.11228946625717
magnetic_norm,55.014,54.75992728492254
magnetic_norm,55.034,53.46371083781971
magnetic_norm,55.057,54.53412556062956
magnetic_norm,55.073,55.52174229356024
magnetic_norm,55.093,54.772696125898385
magnetic_norm,55.114,56.53430828178588
magnetic_norm,55.133,53.36068492169586
magnetic_norm,55.154,54.019290455123645
magnetic_norm,55.174,55.15204064742311
magnetic_norm,55.193,55.10772974910153
magnetic_norm,55.214,53.779579649482315
magnetic_norm,55.233,53.46500957273365
magnetic_norm,55.253,53.70858477748235
magnetic_norm,55.274,56.35345061517977
magnetic_norm,55.293,54.050645975557096
magnetic_norm,55.314,54.90770257543571
magnetic_norm,55.333,55.26148164985722
magnetic_norm,55.353,56.0241876273097
magnetic_norm,55.373,53.02753676074822
magnetic_norm,55.393,52.70612947727247
magnetic_norm,55.413,54.30082140366301
magnetic_norm,55.434,53.28670214251396
magnetic_norm,55.454,53.880620452649886
magnetic_norm,55.476,54.146576899768135
magnetic_norm,55.493,53.71203818907835
magnetic_norm,55.513,53.66805806226838
magnetic_norm,55.533,55.24717670297733
magnetic_norm,55.554,53.8837459875425
magnetic_norm,55.573,54.104320495802384
magnetic_norm,55.594,54.23721983679658
magnetic_norm,55.613,51.59591871577635
magnetic_norm,55.634,53.720112232640616
magnetic_norm,55.653,53.16253208698781
magnetic_norm,55.674,54.52495832632532
magnetic_norm,55.693,54.303917409105956
magnetic_norm,55.714,52.71883382079886
magnetic_norm,55.734,51.674078933736226
magnetic_norm,55.753,54.31558175951906
magnetic_norm,55.773,55.05845922642138
magnetic_norm,55.793,50.936352741190696
magnetic_norm,55.814,53.260419534819725
magnetic_norm,55.834,51.73701898858311
magnetic_norm,55.857,52.00342086404036
magnetic_norm,55.876,53.89655209078793
magnetic_norm,55.893,52.38584417282982
magnetic_norm,55.913,52.54008708905042
magnetic_norm,55.933,53.31354476643345
magnetic_norm,55.954,52.32293387738788
magnetic_norm,55.974,51.58235522988945
magnetic_norm,55.994,50.61876731114658
magnetic_norm,56.015,52.03136514545818
magnetic_norm,56.033,52.13668327842699
magnetic_norm,56.054,52.42896135212393
magnetic_norm,56.073,52.3672039195335
magnetic_norm,56.094,52.036255810012015
magnetic_norm,56.114,52.593915652858605
magnetic_norm,56.134,53.453515669808894
magnetic_norm,56.154,51.092270710328705
magnetic_norm,56.175,51.925632864101914
magnetic_norm,56.193,51.48274567233671
magnetic_norm,56.213,51.59591871577635
magnetic_norm,56.234,51.95517749705028
magnetic_norm,56.253,52.962543278481334
magnetic_norm,56.275,50.55774409401839
magnetic_norm,56.3,52.54834959456398
magnetic_norm,56.313,52.45726718048705
magnetic_norm,56.336,51.30221118443633
magnetic_norm,56.353,51.01634437761107
magnetic_norm,56.373,53.366379753197684
magnetic_norm,56.394,51.02269043327693
magnetic_norm,56.413,52.13244056355414
magnetic_norm,56.434,51.19910982478115
magnetic_norm,56.454,52.47209105074343
magnetic_norm,56.473,51.42615100031793
magnetic_norm,56.493,52.9329132023499
magnetic_norm,56.514,52.51104151843936
magnetic_norm,56.533,52.74789876644386
magnetic_norm,56.554,52.00304362162374
magnetic_norm,56.574,53.30034377403208
magnetic_norm,56.596,52.46313607541498
magnetic_norm,56.616,53.35101341059516
magnetic_norm,56.633,52.06122472224422
magnetic_norm,56.654,52.305313635064884
magnetic_norm,56.674,52.754327338333226
magnetic_norm,56.694,50.236229492717705
magnetic_norm,56.714,50.82607982743702
magnetic_norm,56.733,52.24718373587231
magnetic_norm,56.754,51.165456600425294
magnetic_norm,56.774,51.96238509393121
magnetic_norm,56.794,50.75367971475083
magnetic_norm,56.813,50.68109616543436
magnetic_norm,56.834,50.64067812786477
magnetic_norm,56.854,51.79257638045249
magnetic_norm,56.874,51.79257638045249
magnetic_norm,56.893,51.17018251017872
magnetic_norm,56.914,50.43677665057517
magnetic_norm,56.934,49.8685334285309
magnetic_norm,56.954,49.161892744533354
magnetic_norm,56.973,50.20511406321077
magnetic_norm,56.994,48.882046080974405
magnetic_norm,57.013,48.882046080974405
magnetic_norm,57.033,51.221165181495095
magnetic_norm,57.054,50.41195470867998
magnetic_norm,57.074,50.769894187155856
magnetic_norm,57.094,50.83425637881904
magnetic_norm,57.115,49.3877847372202
magnetic_norm,57.134,49.01863325244292
magnetic_norm,57.153,48.57512515578323
magnetic_norm,57.173,48.57512515578323
magnetic_norm,57.193,49.43220361199271
magnetic_norm,57.213,49.75200535531211
magnetic_norm,57.241,48.387084995895364
magnetic_norm,57.254,49.35607689066769
magnetic_norm,57.274,49.608737102198035
magnetic_norm,57.296,48.23504828247299
magnetic_norm,57.313,49.42686172480005
magnetic_norm,57.333,49.27624909984526
magnetic_norm,57.354,49.64872010842782
magnetic_norm,57.374,49.43119679058969
magnetic_norm,57.395,47.890025383685064
magnetic_norm,57.414,48.030571508155184
magnetic_norm,57.433,49.625989306763536
magnetic_norm,57.453,47.96880963079039
magnetic_norm,57.473,48.00112694966138
magnetic_norm,57.493,48.90464055940908
magnetic_norm,57.514,49.355347931733846
magnetic_norm,57.533,47.708766045534155
magnetic_norm,57.553,47.025620985134275
magnetic_norm,57.574,47.41523564644069
magnetic_norm,57.596,48.97652274661814
magnetic_norm,57.614,49.229996933158084
magnetic_norm,57.633,49.31724075242349
magnetic_norm,57.654,48.533438750193234
magnetic_norm,57.674,46.015952300275806
magnetic_norm,57.698,49.39169535855708
magnetic_norm,57.714,48.056107275948946
magnetic_norm,57.733,47.03287246942296
magnetic_norm,57.753,48.35068434965528
magnetic_norm,57.775,49.66023035357377
magnetic_norm,57.794,49.956598392442125
magnetic_norm,57.814,48.9905845774217
magnetic_norm,57.834,50.981832701708555
magnetic_norm,57.853,48.92617042647017
magnetic_norm,57.873,49.390337336795994
magnetic_norm,57.893,50.42912806384818
magnetic_norm,57.913,49.42227284934398
magnetic_norm,57.938,49.646916245548425
magnetic_norm,57.953,49.25943675454481
magnetic_norm,57.974,47.53453021225728
magnetic_norm,57.994,47.59193796681854
magnetic_norm,58.013,49.36889245965014
magnetic_norm,58.033,49.46295170604966
magnetic_norm,58.053,49.8701614035638
magnetic_norm,58.074,49.39149401731541
magnetic_norm,58.098,50.222880532308224
magnetic_norm,58.114,49.951934794735514
magnetic_norm,58.133,50.903915692336476
magnetic_norm,58.156,49.44662960897841
magnetic_norm,58.173,51.441769265111944
magnetic_norm,58.193,52.357111150969835
magnetic_norm,58.214,49.73777056033473
magnetic_norm,58.233,51.00541791633512
magnetic_norm,58.253,52.191216933503284
magnetic_norm,58.273,52.11459519847833
magnetic_norm,58.293,50.90525740984427
magnetic_norm,58.313,49.951934794735514
magnetic_norm,58.333,49.3016686595901
magnetic_norm,58.354,52.67212776851245
magnetic_norm,58.374,51.321233630072804
magnetic_norm,58.394,51.53777475995156
magnetic_norm,58.414,51.119190517615344
magnetic_norm,58.434,51.666202608910716
magnetic_norm,58.453,53.274785665101604
magnetic_norm,58.473,51.37820774985738
magnetic_norm,58.493,50.35903829681425
magnetic_norm,58.513,53.0286729771734
magnetic_norm,58.534,51.5660255439083
magnetic_norm,58.555,52.21385039319074
magnetic_norm,58.575,53.73181452414855
magnetic_norm,58.593,54.49080850898163
magnetic_norm,58.613,53.11754827020454
magnetic_norm,58.634,54.0494402643427
magnetic_norm,58.654,53.60754807459495
magnetic_norm,58.674,53.7323643652037
magnetic_norm,58.694,52.4743229716449
magnetic_norm,58.714,54.115286613280624
magnetic_norm,58.747,54.15647576409954
magnetic_norm,58.754,54.99504737024061
magnetic_norm,58.773,53.423255187769264
magnetic_norm,58.794,54.13411442324286
magnetic_norm,58.813,55.86534789954786
magnetic_norm,58.834,53.64372416504098
magnetic_norm,58.855,55.02634419162339
magnetic_norm,58.876,55.46204395147201
magnetic_norm,58.893,60.27277273643134
magnetic_norm,58.913,57.54230814964542
magnetic_norm,58.933,58.665957821060935
magnetic_norm,58.953,56.6764528369587
magnetic_norm,58.973,57.62229774369041
magnetic_norm,58.993,56.8536175465115
magnetic_norm,59.013,58.50609702554515
magnetic_norm,59.033,61.63014174026389
magnetic_norm,59.054,63.19110536835862
magnetic_norm,59.073,65.17844691345445
magnetic_norm,59.093,62.63161121405681
magnetic_norm,59.113,58.17098596347246
magnetic_norm,59.137,63.67009085522421
magnetic_norm,59.153,66.41490855316297
magnetic_norm,59.174,65.64904403436695
magnetic_norm,59.193,60.79322343080284
magnetic_norm,59.213,60.70917831555625
magnetic_norm,59.233,63.87507514330219
magnetic_norm,59.253,63.72723423652953
magnetic_norm,59.273,60.46782421492872
magnetic_norm,59.293,60.54311415057875
magnetic_norm,59.313,62.24092274149303
magnetic_norm,59.334,64.87980997481044
magnetic_norm,59.353,64.2979196804804
magnetic_norm,59.373,61.43773909466199
magnetic_norm,59.393,62.92918487061469
magnetic_norm,59.413,62.441703124294264
magnetic_norm,59.433,63.01280003896034
magnetic_norm,59.453,62.802184190460295
magnetic_norm,59.473,60.18724379945484
magnetic_norm,59.493,59.72507228229196
magnetic_norm,59.513,61.51077903587321
magnetic_norm,59.533,64.36501139541964
magnetic_norm,59.553,59.35623767713891
magnetic_norm,59.573,60.814125951233606
magnetic_norm,59.593,63.48039221139469
magnetic_norm,59.612,62.77338151252893
magnetic_norm,59.633,61.277562879695346
magnetic_norm,59.653,60.219402185363116
magnetic_norm,59.673,60.673434222689416
magnetic_norm,59.693,60.56915501685862
magnetic_norm,59.713,61.38782357182591
magnetic_norm,59.733,57.08672986496073
magnetic_norm,59.753,59.73517786115969
magnetic_norm,59.773,62.374243246411574
magnetic_norm,59.793,60.81677631922386
magnetic_norm,59.813,59.39827510816297
magnetic_norm,59.833,58.48821155060875
magnetic_norm,59.852,59.858616133561
magnetic_norm,59.873,61.2787579405172
magnetic_norm,59.893,60.443297373447585
magnetic_norm,59.913,60.91556502816019
magnetic_norm,59.933,60.948140329504795
magnetic_norm,59.953,60.92522816032381
magnetic_norm,59.973,60.35229097546761
magnetic_norm,59.993,60.536552103873575
magnetic_norm,60.013,60.68422878608995
magnetic_norm,60.033,60.88237520302989
magnetic_norm,60.053,61.454439458024595
magnetic_norm,60.073,60.49983813996945
magnetic_norm,60.093,60.0959297208431
magnetic_norm,60.113,62.35907108432596
magnetic_norm,60.133,61.709350613075685
magnetic_norm,60.153,62.61019216100124
magnetic_norm,60.173,61.66688319886534
magnetic_norm,60.193,61.93323186293054
magnetic_norm,60.213,61.85001254122754
magnetic_norm,60.233,61.830714265343076
magnetic_norm,60.253,63.409396580179795
magnetic_norm,60.273,61.99668587110125
magnetic_norm,60.293,62.393977547716936
magnetic_norm,60.313,60.94003447744766
magnetic_norm,60.333,60.16718114969323
magnetic_norm,60.353,61.03841835782608
magnetic_norm,60.373,61.89917322438571
magnetic_norm,60.393,60.80670243248276
magnetic_norm,60.413,62.011547242731396
magnetic_norm,60.433,61.149578904314694
magnetic_norm,60.453,62.469129893792406
magnetic_norm,60.473,62.9177889980251
magnetic_norm,60.493,61.17566691166932
pressure,0.004,999.043
pressure,0.159,999.03796
pressure,0.32,999.0348
pressure,0.48,999.032
pressure,0.639,999.0311
pressure,0.799,999.0324
pressure,0.959,999.0348
pressure,1.119,999.03815
pressure,1.28,999.04095
pressure,1.444,999.0397
pressure,1.6,999.03925
pressure,1.764,999.03815
pressure,1.919,999.0384
pressure,2.08,999.04346
pressure,2.248,999.04156
pressure,2.403,999.03644
pressure,2.559,999.0403
pressure,2.72,999.05475
pressure,2.88,999.05646
pressure,3.042,999.06665
pressure,3.2,999.1004
pressure,3.36,999.09955
pressure,3.52,999.0664
pressure,3.679,999.0426
pressure,3.84,999.0439
pressure,4.0,999.036
pressure,4.16,999.0269
pressure,4.327,999.0337
pressure,4.49,999.0475
pressure,4.64,999.0403
pressure,4.8,999.03394
pressure,4.96,999.04346
pressure,5.119,999.0524
pressure,5.28,999.0401
pressure,5.44,999.04456
pressure,5.599,999.0532
pressure,5.76,999.04095
pressure,5.925,999.0303
pressure,6.081,999.0397
pressure,6.239,999.0407
pressure,6.4,999.0324
pressure,6.566,999.02924
pressure,6.719,999.0314
pressure,6.879,999.0301
pressure,7.041,999.03156
pressure,7.199,999.0341
pressure,7.359,999.03436
pressure,7.52,999.0341
pressure,7.68,999.03284
pressure,7.84,999.03094
pressure,8.0,999.0307
pressure,8.16,999.02795
pressure,8.319,999.0267
pressure,8.48,999.0377
pressure,8.639,999.03815
pressure,8.8,999.0275
pressure,8.96,999.0233
pressure,9.12,999.0288
pressure,9.28,999.0377
pressure,9.439,999.0282
pressure,9.6,999.0231
pressure,9.759,999.0324
pressure,9.92,999.04706
pressure,10.081,999.0526
pressure,10.241,999.0373
pressure,10.4,999.04456
pressure,10.559,999.05646
pressure,10.72,999.0443
pressure,10.88,999.0241
pressure,11.039,999.0407
pressure,11.199,999.05115
pressure,11.364,999.04474
pressure,11.519,999.04816
pressure,11.689,999.06555
pressure,11.84,999.05115
pressure,12.0,999.0301
pressure,12.159,999.0367
pressure,12.319,999.045
pressure,12.48,999.03094
pressure,12.639,999.02924
pressure,12.8,999.0254
pressure,12.959,999.0216
pressure,13.124,999.02264
pressure,13.279,999.0295
pressure,13.44,999.0301
pressure,13.611,999.02625
pressure,13.76,999.0265
pressure,13.92,999.0269
pressure,14.079,999.02435
pressure,14.244,999.0216
pressure,14.399,999.0229
pressure,14.559,999.0354
pressure,14.719,999.043
pressure,14.88,999.0322
pressure,15.039,999.02795
pressure,15.21,999.0335
pressure,15.36,999.0318
pressure,15.52,999.0271
pressure,15.679,999.0295
pressure,15.84,999.03687
pressure,15.999,999.03394
pressure,16.16,999.0284
pressure,16.319,999.0278
pressure,16.479,999.0278
pressure,16.64,999.0307
pressure,16.8,999.0303
pressure,16.959,999.02985
pressure,17.132,999.0324
pressure,17.28,999.03284
pressure,17.44,999.02985
pressure,17.6,999.0269
pressure,17.76,999.0267
pressure,17.919,999.0311
pressure,18.08,999.0397
pressure,18.239,999.0356
pressure,18.399,999.03156
pressure,18.56,999.0386
pressure,18.727,999.05176
pressure,18.88,999.05475
pressure,19.039,999.045
pressure,19.2,999.04346
pressure,19.36,999.0516
pressure,19.52,999.0539
pressure,19.68,999.0433
pressure,19.84,999.0573
pressure,20.012,999.07196
pressure,20.159,999.0635
pressure,20.319,999.05115
pressure,20.48,999.0562
pressure,20.64,999.0556
pressure,20.8,999.0424
pressure,20.96,999.0367
pressure,21.12,999.0413
pressure,21.28,999.03796
pressure,21.44,999.03284
pressure,21.61,999.03455
pressure,21.759,999.03455
pressure,21.92,999.032
pressure,22.079,999.0311
pressure,22.24,999.02905
pressure,22.409,999.0358
pressure,22.559,999.0524
pressure,22.719,999.07495
pressure,22.88,999.09174
pressure,23.04,999.0713
pressure,23.2,999.04584
pressure,23.364,999.04095
pressure,23.521,999.0562
pressure,23.68,999.0579
pressure,23.839,999.0622
pressure,24.0,999.0898
pressure,24.16,999.0962
pressure,24.33,999.0586
pressure,24.48,999.0146
pressure,24.64,999.03925
pressure,24.799,999.0586
pressure,24.971,999.06067
pressure,25.119,999.0741
pressure,25.281,999.093
pressure,25.44,999.0641
pressure,25.599,999.03754
pressure,25.759,999.0424
pressure,25.924,999.05493
pressure,26.081,999.0388
pressure,26.239,999.03687
pressure,26.399,999.0469
pressure,26.559,999.04474
pressure,26.722,999.03754
pressure,26.88,999.03754
pressure,27.04,999.0324
pressure,27.199,999.02625
pressure,27.359,999.0235
pressure,27.519,999.0235
pressure,27.679,999.0233
pressure,27.839,999.0216
pressure,28.01,999.0203
pressure,28.159,999.0212
pressure,28.32,999.0324
pressure,28.48,999.06555
pressure,28.639,999.08154
pressure,28.8,999.0651
pressure,28.959,999.0371
pressure,29.119,999.02094
pressure,29.279,999.0241
pressure,29.44,999.0331
pressure,29.6,999.0269
pressure,29.759,999.0231
pressure,29.919,999.02734
pressure,30.079,999.03455
pressure,30.239,999.0356
pressure,30.399,999.02966
pressure,30.559,999.0286
pressure,30.744,999.0303
pressure,30.879,999.0356
pressure,31.048,999.035
pressure,31.199,999.03436
pressure,31.371,999.0335
pressure,31.529,999.04346
pressure,31.68,999.0726
pressure,31.84,999.0962
pressure,32.0,999.09424
pressure,32.159,999.06537
pressure,32.319,999.0394
pressure,32.479,999.03326
pressure,32.639,999.042
pressure,32.809,999.0377
pressure,32.969,999.0348
pressure,33.127,999.04517
pressure,33.279,999.0586
pressure,33.439,999.04645
pressure,33.6,999.03326
pressure,33.76,999.0422
pressure,33.921,999.0528
pressure,34.079,999.04156
pressure,34.24,999.04987
pressure,34.4,999.0713
pressure,34.559,999.0711
pressure,34.719,999.04987
pressure,34.885,999.04175
pressure,35.052,999.05707
pressure,35.2,999.0569
pressure,35.36,999.046
pressure,35.52,999.0401
pressure,35.685,999.04156
pressure,35.84,999.0367
pressure,35.999,999.03265
pressure,36.16,999.032
pressure,36.32,999.0324
pressure,36.48,999.03815
pressure,36.64,999.04175
pressure,36.801,999.0397
pressure,36.959,999.04645
pressure,37.119,999.0626
pressure,37.28,999.07007
pressure,37.44,999.0528
pressure,37.599,999.043
pressure,37.76,999.0492
pressure,37.924,999.04987
pressure,38.08,999.0311
pressure,38.24,999.0265
pressure,38.399,999.03094
pressure,38.559,999.03436
pressure,38.73,999.03436
pressure,38.88,999.0348
pressure,39.04,999.036
pressure,39.201,999.03687
pressure,39.36,999.036
pressure,39.519,999.0352
pressure,39.68,999.04156
pressure,39.839,999.0479
pressure,40.0,999.04584
pressure,40.168,999.04987
pressure,40.32,999.0628
pressure,40.48,999.0677
pressure,40.639,999.05475
pressure,40.8,999.0454
pressure,40.959,999.04877
pressure,41.133,999.0524
pressure,41.279,999.04584
pressure,41.439,999.0562
pressure,41.599,999.06537
pressure,41.759,999.0609
pressure,41.919,999.049
pressure,42.079,999.0439
pressure,42.239,999.0479
pressure,42.399,999.04114
pressure,42.559,999.03326
pressure,42.719,999.03326
pressure,42.879,999.03284
pressure,43.039,999.0295
pressure,43.199,999.02924
pressure,43.359,999.0305
pressure,43.523,999.03156
pressure,43.68,999.03284
pressure,43.843,999.0324
pressure,44.0,999.0301
pressure,44.16,999.0284
pressure,44.32,999.0282
pressure,44.484,999.0311
pressure,44.639,999.04095
pressure,44.799,999.0532
pressure,44.966,999.0532
pressure,45.12,999.0439
pressure,45.279,999.0405
pressure,45.44,999.0573
pressure,45.6,999.0658
pressure,45.759,999.06195
pressure,45.921,999.0745
pressure,46.08,999.1028
pressure,46.239,999.08746
pressure,46.399,999.05646
pressure,46.564,999.03754
pressure,46.719,999.03436
pressure,46.88,999.0324
pressure,47.04,999.0307
pressure,47.2,999.0295
pressure,47.36,999.02966
pressure,47.52,999.03265
pressure,47.68,999.0324
pressure,47.84,999.0314
pressure,48.0,999.0352
pressure,48.159,999.0373
pressure,48.319,999.0367
pressure,48.48,999.0388
pressure,48.64,999.0348
pressure,48.8,999.02606
pressure,48.96,999.0286
pressure,49.12,999.0422
pressure,49.285,999.0526
pressure,49.444,999.0433
pressure,49.6,999.03326
pressure,49.759,999.0335
pressure,49.928,999.0407
pressure,50.084,999.0405
pressure,50.24,999.0384
pressure,50.399,999.04987
pressure,50.569,999.05536
pressure,50.72,999.04175
pressure,50.88,999.02496
pressure,51.041,999.0307
pressure,51.2,999.02966
pressure,51.36,999.02563
pressure,51.52,999.0307
pressure,51.683,999.03625
pressure,51.84,999.03284
pressure,51.999,999.0354
pressure,52.16,999.0426
pressure,52.32,999.035
pressure,52.48,999.0186
pressure,52.639,999.0377
pressure,52.8,999.0528
pressure,52.96,999.049
pressure,53.119,999.04584
pressure,53.28,999.04645
pressure,53.44,999.0311
pressure,53.601,999.0216
pressure,53.76,999.0235
pressure,53.919,999.0275
pressure,54.079,999.02606
pressure,54.24,999.02924
pressure,54.4,999.0358
pressure,54.559,999.03455
pressure,54.719,999.02734
pressure,54.879,999.0288
pressure,55.049,999.0388
pressure,55.199,999.0341
pressure,55.36,999.03265
pressure,55.519,999.04346
pressure,55.68,999.04645
pressure,55.84,999.0413
pressure,56.006,999.0509
pressure,56.159,999.05774
pressure,56.32,999.04584
pressure,56.479,999.0322
pressure,56.639,999.03796
pressure,56.799,999.03687
pressure,56.96,999.03156
pressure,57.12,999.03754
pressure,57.287,999.0516
pressure,57.44,999.0401
pressure,57.599,999.02985
pressure,57.76,999.0337
pressure,57.92,999.0354
pressure,58.079,999.0239
pressure,58.239,999.02606
pressure,58.4,999.0307
pressure,58.571,999.0318
pressure,58.73,999.0303
pressure,58.879,999.03094
pressure,59.039,999.0267
pressure,59.199,999.0212
pressure,59.359,999.01904
pressure,59.519,999.01965
pressure,59.679,999.0235
pressure,59.839,999.0278
pressure,59.999,999.0301
pressure,60.159,999.02985
pressure,60.319,999.0269
pressure,60.479,999.02246
device_yaw,0.003,93.69343332356834
device_yaw,0.053,93.7034563370003
device_yaw,0.103,93.6759639844042
device_yaw,0.153,93.62278156864286
device_yaw,0.203,93.56973347726638
device_yaw,0.253,93.52207881281302
device_yaw,0.303,93.46948282244442
device_yaw,0.353,93.42955386940011
device_yaw,0.403,93.45190551274571
device_yaw,0.453,93.44882669402163
device_yaw,0.503,93.40148124480301
device_yaw,0.553,93.32660295053626
device_yaw,0.603,93.22754245914489
device_yaw,0.653,93.10937142513535
device_yaw,0.703,92.97163510442779
device_yaw,0.753,92.76071043082506
device_yaw,0.803,92.4692819789775
device_yaw,0.853,92.0740109479707
device_yaw,0.903,91.55512239416744
device_yaw,0.953,90.8411730691225
device_yaw,1.003,89.97106020580874
device_yaw,1.053,88.94084095437648
device_yaw,1.103,87.74566761382002
device_yaw,1.153,86.39928474164307
device_yaw,1.203,84.83027264037781
device_yaw,1.253,82.97039212667895
device_yaw,1.303,80.74178444012777
device_yaw,1.353,78.2478252158688
device_yaw,1.403,75.60583670457855
device_yaw,1.453,72.73255780397143
device_yaw,1.503,69.66870080892974
device_yaw,1.553,66.48152090853425
device_yaw,1.603,63.26940992020507
device_yaw,1.653,60.034851133595225
device_yaw,1.703,56.797276704307436
device_yaw,1.753,53.64615906893204
device_yaw,1.803,50.64754392427199
device_yaw,1.853,47.97822481443373
device_yaw,1.903,45.532427861911565
device_yaw,1.953,43.17508314286793
device_yaw,2.003,40.952199245096125
device_yaw,2.053,38.79538917553235
device_yaw,2.103,36.73488941099253
device_yaw,2.153,34.60155869829762
device_yaw,2.203,32.420998726259185
device_yaw,2.253,30.16085258419529
device_yaw,2.303,27.83285265174437
device_yaw,2.353,25.52199863088686
device_yaw,2.403,23.089450823031868
device_yaw,2.453,20.51966255144439
device_yaw,2.503,17.88099858287114
device_yaw,2.553,15.263308157325747
device_yaw,2.603,12.73718518665474
device_yaw,2.653,10.284051067160744
device_yaw,2.703,8.059121995671562
device_yaw,2.753,6.197908107816416
device_yaw,2.803,4.764813970087511
device_yaw,2.853,3.651087384237815
device_yaw,2.903,2.6824344607696635
device_yaw,2.953,1.8068749157514836
device_yaw,3.003,1.1143656767334376
device_yaw,3.053,0.6439780693926039
device_yaw,3.103,0.35545853348228373
device_yaw,3.153,0.2793160789295818
device_yaw,3.203,0.3385716725851458
device_yaw,3.253,0.48169207717187335
device_yaw,3.303,0.5103410019461037
device_yaw,3.353,0.43799503520732214
device_yaw,3.403,0.3857216855419225
device_yaw,3.453,0.40894430188192116
device_yaw,3.503,0.5584037383195238
device_yaw,3.553,0.7675983993846068
device_yaw,3.603,0.9672711845123164
device_yaw,3.653,1.0909705344001048
device_yaw,3.703,1.0786328515755874
device_yaw,3.753,0.9616349412250091
device_yaw,3.803,0.798389346208589
device_yaw,3.853,0.6693632837047356
device_yaw,3.903,0.5155867694996044
device_yaw,3.953,0.33561398068958986
device_yaw,4.003,0.25892418569359205
device_yaw,4.053,0.3206476351682236
device_yaw,4.103,-2.200859851591882
device_yaw,4.153,-4.905687331802203
device_yaw,4.203,-7.435747693746689
device_yaw,4.253,-9.763638190728914
device_yaw,4.303,-11.877018169035148
device_yaw,4.353,-13.926090870573585
device_yaw,4.403,-16.029123476279036
device_yaw,4.453,-18.23289556874664
device_yaw,4.503,-20.6552709290485
device_yaw,4.553,-23.49369951582398
device_yaw,4.603,-26.924076340696818
device_yaw,4.653,-27.944999786396057
device_yaw,4.703,-28.793404963807472
device_yaw,4.753,-29.732210256826928
device_yaw,4.803,-30.89805061746164
device_yaw,4.853,-32.362100110407134
device_yaw,4.903,-33.971220645936164
device_yaw,4.953,-35.76600637470469
device_yaw,5.003,-37.58810372235935
device_yaw,5.053,-39.289139744059725
device_yaw,5.103,-40.72504326209102
device_yaw,5.153,-41.770308205708744
device_yaw,5.203,-42.750305629342066
device_yaw,5.253,-43.69396290878837
device_yaw,5.303,-44.668634453293876
device_yaw,5.353,-45.55047387986602
device_yaw,5.403,-46.21666303971748
device_yaw,5.453,-46.73696220356033
device_yaw,5.503,-47.08622112714884
device_yaw,5.553,-47.426511647183176
device_yaw,5.603,-47.84088099237254
device_yaw,5.653,-48.44065848510658
device_yaw,5.703,-49.08206960999983
device_yaw,5.753,-49.783878434623375
device_yaw,5.803,-50.5743529248326
device_yaw,5.853,-51.387381466891114
device_yaw,5.903,-52.20059822983478
device_yaw,5.953,-53.090803363078955
device_yaw,6.003,-54.05929912449664
device_yaw,6.053,-54.966082719577344
device_yaw,6.103,-55.769063304777426
device_yaw,6.153,-56.38513795216727
device_yaw,6.203,-56.7472830272329
device_yaw,6.253,-56.92612781755088
device_yaw,6.303,-56.85237009306286
device_yaw,6.353,-56.67563914443206
device_yaw,6.403,-56.398457225635525
device_yaw,6.453,-56.04697701255095
device_yaw,6.503,-55.61977752669784
device_yaw,6.553,-55.11502761559669
device_yaw,6.603,-54.59832629037439
device_yaw,6.653,-54.043189166802215
device_yaw,6.703,-53.52985712125666
device_yaw,6.753,-53.093287219190785
device_yaw,6.803,-52.707781954821755
device_yaw,6.853,-52.36605897551064
device_yaw,6.903,-52.00777582648425
device_yaw,6.953,-51.669414022336696
device_yaw,7.003,-51.39287628302531
device_yaw,7.053,-51.165917952456496
device_yaw,7.103,-50.9709662988688
device_yaw,7.153,-50.80520720687007
device_yaw,7.203,-50.690087336449665
device_yaw,7.253,-50.60858655529707
device_yaw,7.303,-50.51465136389822
device_yaw,7.353,-50.3721304199988
device_yaw,7.403,-50.16389237446916
device_yaw,7.453,-49.9377434859616
device_yaw,7.503,-49.69754585878302
device_yaw,7.553,-49.463076241959364
device_yaw,7.603,-49.22307230238694
device_yaw,7.653,-48.99888059519455
device_yaw,7.703,-48.775569335501785
device_yaw,7.753,-48.540866223799235
device_yaw,7.803,-48.26817651853326
device_yaw,7.853,-47.98211853547802
device_yaw,7.903,-47.71214880313807
device_yaw,7.953,-47.51458989671617
device_yaw,8.003,-47.35456240632695
device_yaw,8.053,-47.229078244311445
device_yaw,8.103,-47.1108334750152
device_yaw,8.153,-47.040549582808396
device_yaw,8.203,-47.00332105477023
device_yaw,8.253,-46.98040256760124
device_yaw,8.303,-46.98865075293127
device_yaw,8.353,-47.04033491597788
device_yaw,8.403,-47.15714773298757
device_yaw,8.453,-47.32152951327228
device_yaw,8.503,-47.513205109000275
device_yaw,8.553,-47.6779382762108
device_yaw,8.603,-47.7987455243642
device_yaw,8.653,-47.84806310366951
device_yaw,8.703,-47.80576221460767
device_yaw,8.753,-47.66238920326575
device_yaw,8.803,-47.45307337143131
device_yaw,8.853,-47.15748448243482
device_yaw,8.903,-46.76770902943717
device_yaw,8.953,-46.310372610757504
device_yaw,9.003,-45.788290255079815
device_yaw,9.053,-45.18359048340664
device_yaw,9.103,-44.5423890688594
device_yaw,9.153,-43.87035860667799
device_yaw,9.203,-43.18688708141543
device_yaw,9.253,-42.463404579196386
device_yaw,9.303,-41.70625644531688
device_yaw,9.353,-40.954399504772496
device_yaw,9.403,-40.241309193233946
device_yaw,9.453,-39.57737876418582
device_yaw,9.503,-38.97649836674015
device_yaw,9.553,-38.480008068488125
device_yaw,9.603,-38.17341484304583
device_yaw,9.653,-38.12277636401657
device_yaw,9.703,-38.30132013499411
device_yaw,9.753,-38.71040420628963
device_yaw,9.803,-39.335312875898516
device_yaw,9.853,-40.21300990704838
device_yaw,9.903,-41.2184719826696
device_yaw,9.953,-42.21191450118172
device_yaw,10.003,-43.13702901626023
device_yaw,10.053,-43.88287989397549
device_yaw,10.103,-44.528554313585026
device_yaw,10.153,-44.91746432093687
device_yaw,10.203,-45.00081968558914
device_yaw,10.253,-44.7900510522808
device_yaw,10.303,-44.20501558286974
device_yaw,10.353,-43.22996051486396
device_yaw,10.403,-41.90120899891917
device_yaw,10.453,-40.34690822643784
device_yaw,10.503,-38.73133695763515
device_yaw,10.553,-37.17930539218805
device_yaw,10.603,-35.722708346496944
device_yaw,10.653,-34.321906018921965
device_yaw,10.703,-33.10000192049279
device_yaw,10.753,-31.96109867606132
device_yaw,10.803,-30.888158395728944
device_yaw,10.853,-30.03950877664141
device_yaw,10.903,-29.56127197007412
device_yaw,10.953,-29.42203356796542
device_yaw,11.003,-29.718179256082234
device_yaw,11.053,-30.236049904802424
device_yaw,11.103,-30.716952409122815
device_yaw,11.153,-31.160427256269273
device_yaw,11.203,-31.483621797932514
device_yaw,11.253,-31.6397734557086
device_yaw,11.303,-31.84774802028411
device_yaw,11.353,-32.14676298792635
device_yaw,11.403,-32.46587968534131
device_yaw,11.453,-32.70461667469694
device_yaw,11.503,-32.88274282532246
device_yaw,11.553,-32.88053138991837
device_yaw,11.603,-32.882105086216775
device_yaw,11.653,-33.07154417238427
device_yaw,11.703,-33.446443953965925
device_yaw,11.753,-34.03249730951857
device_yaw,11.803,-34.785140016585295
device_yaw,11.853,-35.5971518002161
device_yaw,11.903,-36.463381352251155
device_yaw,11.953,-37.37958096087131
device_yaw,12.003,-38.411359127410904
device_yaw,12.053,-39.502002388159305
device_yaw,12.103,-40.567809375917335
device_yaw,12.153,-41.549697802830785
device_yaw,12.203,-42.388862458745535
device_yaw,12.253,-43.082045622677214
device_yaw,12.303,-43.64727935817145
device_yaw,12.353,-44.18830777517268
device_yaw,12.403,-44.57160907775674
device_yaw,12.453,-44.8784632416716
device_yaw,12.503,-45.06157563423691
device_yaw,12.553,-45.07608044875188
device_yaw,12.603,-44.965023904200486
device_yaw,12.653,-44.81793474894325
device_yaw,12.703,-44.69468714388871
device_yaw,12.753,-44.67837759716688
device_yaw,12.803,-44.78738361851956
device_yaw,12.853,-45.00799082741735
device_yaw,12.903,-45.339589079495724
device_yaw,12.953,-45.815450124112374
device_yaw,13.003,-46.4179208262709
device_yaw,13.053,-47.127456913355154
device_yaw,13.103,-47.91403510209948
device_yaw,13.153,-48.72834431218055
device_yaw,13.203,-49.520340838411926
device_yaw,13.253,-50.259197845169886
device_yaw,13.303,-50.937990631337385
device_yaw,13.353,-51.52153331782268
device_yaw,13.403,-52.04139584011022
device_yaw,13.453,-52.44966674459766
device_yaw,13.503,-52.811510039341805
device_yaw,13.553,-53.0671634745491
device_yaw,13.603,-53.27125919430846
device_yaw,13.653,-53.431190055236065
device_yaw,13.703,-53.5665240634704
device_yaw,13.753,-53.698669132421855
device_yaw,13.803,-53.81740306211518
device_yaw,13.853,-53.904065986327126
device_yaw,13.903,-53.95875750915452
device_yaw,13.953,-53.91995539464726
device_yaw,14.003,-53.80667453629308
device_yaw,14.053,-53.67782101517758
device_yaw,14.103,-53.55257018505006
device_yaw,14.153,-53.46717250034943
device_yaw,14.203,-53.43162697905389
device_yaw,14.253,-53.43402101342683
device_yaw,14.303,-53.47959330994006
device_yaw,14.353,-53.595802726881566
device_yaw,14.403,-53.78434182526846
device_yaw,14.453,-54.0385222124466
device_yaw,14.503,-54.35246830629996
device_yaw,14.553,-54.66556240922916
device_yaw,14.603,-54.937672708189886
device_yaw,14.653,-55.16440106081307
device_yaw,14.703,-55.31114610727834
device_yaw,14.753,-55.46906485216205
device_yaw,14.803,-55.638238820251395
device_yaw,14.853,-55.69174155453511
device_yaw,14.903,-55.670857588867015
device_yaw,14.953,-55.525464391511534
device_yaw,15.003,-55.2853839851664
device_yaw,15.053,-55.0315128715441
device_yaw,15.103,-54.79108914089827
device_yaw,15.153,-54.59618089741059
device_yaw,15.203,-54.45076838832174
device_yaw,15.253,-54.37041983150352
device_yaw,15.303,-54.25529259377279
device_yaw,15.353,-54.11757106813255
device_yaw,15.403,-54.07051459175488
device_yaw,15.453,-54.07830226908561
device_yaw,15.503,-54.175139089501116
device_yaw,15.553,-54.388793823623274
device_yaw,15.603,-54.628100055363376
device_yaw,15.653,-54.97558238846306
device_yaw,15.703,-55.3865035825039
device_yaw,15.753,-55.82122704773885
device_yaw,15.803,-56.21147584447862
device_yaw,15.853,-56.54353282259956
device_yaw,15.903,-56.78567966062395
device_yaw,15.953,-56.947446042979955
device_yaw,16.003,-57.02286572951191
device_yaw,16.053,-57.02762532016166
device_yaw,16.103,-56.91851759494375
device_yaw,16.153,-56.8191703832427
device_yaw,16.203,-56.582912680689994
device_yaw,16.253,-56.27796862372978
device_yaw,16.303,-55.88309471544713
device_yaw,16.353,-55.476416721373624
device_yaw,16.403,-55.064612838574675
device_yaw,16.453,-54.69472568908521
device_yaw,16.503,-54.353197122631464
device_yaw,16.553,-54.04669017195924
device_yaw,16.603,-53.77936990993855
device_yaw,16.653,-53.58413423765947
device_yaw,16.703,-53.38612929671974
device_yaw,16.753,-53.22340570814037
device_yaw,16.803,-53.025332389119015
device_yaw,16.853,-52.84152037776328
device_yaw,16.903,-52.650432398913956
device_yaw,16.953,-52.47773487518136
device_yaw,17.003,-52.301141879416335
device_yaw,17.053,-52.16358509341171
device_yaw,17.103,-52.075981817999306
device_yaw,17.153,-52.04995000391114
device_yaw,17.203,-52.074452805632205
device_yaw,17.253,-52.12450415681636
device_yaw,17.303,-52.224709443887065
device_yaw,17.353,-52.35149911856317
device_yaw,17.403,-52.46418516400647
device_yaw,17.453,-52.54647063676785
device_yaw,17.503,-52.56747680723804
device_yaw,17.553,-52.478920366283596
device_yaw,17.603,-52.19366874301631
device_yaw,17.653,-51.719026917044296
device_yaw,17.703,-51.10343642460036
device_yaw,17.753,-50.34211087894791
device_yaw,17.803,-49.51779280112596
device_yaw,17.853,-48.72007734960633
device_yaw,17.903,-48.056679143232806
device_yaw,17.953,-47.54518339430683
device_yaw,18.003,-47.19831351081354
device_yaw,18.053,-46.97954032090326
device_yaw,18.103,-46.90321601528333
device_yaw,18.153,-47.01219221727028
device_yaw,18.203,-47.23338100980097
device_yaw,18.253,-47.471136403519175
device_yaw,18.303,-47.736637116918935
device_yaw,18.353,-47.985135306920455
device_yaw,18.403,-48.07028790961044
device_yaw,18.453,-47.81084926872495
device_yaw,18.503,-47.167352683765515
device_yaw,18.553,-46.153933749644075
device_yaw,18.603,-44.840919097792074
device_yaw,18.653,-43.343376790652
device_yaw,18.703,-41.66482165544549
device_yaw,18.753,-39.93115653174206
device_yaw,18.803,-38.273682570093534
device_yaw,18.853,-36.71520319888452
device_yaw,18.903,-35.163711333903464
device_yaw,18.953,-33.661727358996465
device_yaw,19.003,-32.39754061111132
device_yaw,19.053,-31.469520330969736
device_yaw,19.103,-30.81362232676237
device_yaw,19.153,-30.45379777645677
device_yaw,19.203,-30.450701250995465
device_yaw,19.253,-30.921052398075076
device_yaw,19.303,-31.69760678301924
device_yaw,19.353,-32.563343744747364
device_yaw,19.403,-33.414509680022846
device_yaw,19.453,-34.271542043326306
device_yaw,19.503,-35.241860804818856
device_yaw,19.553,-36.21071916872066
device_yaw,19.603,-37.05979183102193
device_yaw,19.653,-37.849367103540736
device_yaw,19.703,-38.48739966676496
device_yaw,19.753,-38.82493659947405
device_yaw,19.803,-38.75863968696404
device_yaw,19.853,-38.39882770621824
device_yaw,19.903,-38.03222017697765
device_yaw,19.953,-37.7436845448618
device_yaw,20.003,-37.611188697677186
device_yaw,20.053,-37.46554843118148
device_yaw,20.103,-37.34474114440532
device_yaw,20.153,-37.39155770032296
device_yaw,20.203,-37.52287398679347
device_yaw,20.253,-37.82120816910612
device_yaw,20.303,-38.28380209845657
device_yaw,20.353,-38.90266397130892
device_yaw,20.403,-39.662486120088516
device_yaw,20.453,-40.38917455849103
device_yaw,20.503,-41.029517960709875
device_yaw,20.553,-41.50196860289717
device_yaw,20.603,-41.84752531586119
device_yaw,20.653,-42.08188206822235
device_yaw,20.703,-42.15017710225621
device_yaw,20.753,-42.17926507168022
device_yaw,20.803,-42.05375130566175
device_yaw,20.853,-41.85471033703778
device_yaw,20.903,-41.531078085267225
device_yaw,20.953,-41.12309782080392
device_yaw,21.003,-40.656042998526644
device_yaw,21.053,-40.15102221725347
device_yaw,21.103,-39.69319534965011
device_yaw,21.153,-39.32020184418095
device_yaw,21.203,-39.03119570712771
device_yaw,21.253,-38.809616441093674
device_yaw,21.303,-38.625567292173365
device_yaw,21.353,-38.49852072290751
device_yaw,21.403,-38.35468821607589
device_yaw,21.453,-38.28397982660467
device_yaw,21.503,-38.274175349929685
device_yaw,21.553,-38.28909734552363
device_yaw,21.603,-38.32751412238275
device_yaw,21.653,-38.36908270098343
device_yaw,21.703,-38.43210403480514
device_yaw,21.753,-38.550113527754796
device_yaw,21.803,-38.73798824876979
device_yaw,21.853,-38.87251130303928
device_yaw,21.903,-38.9652221208261
device_yaw,21.953,-39.02681188251109
device_yaw,22.003,-39.00183863924509
device_yaw,22.053,-38.878921619127254
device_yaw,22.103,-38.86283546350708
device_yaw,22.153,-38.989497015653555
device_yaw,22.203,-39.28893077165578
device_yaw,22.253,-39.53877819404812
device_yaw,22.303,-39.48290382773117
device_yaw,22.353,-39.0650984858944
device_yaw,22.403,-38.371535876697436
device_yaw,22.453,-37.69113991397109
device_yaw,22.503,-36.99744470404019
device_yaw,22.553,-36.24508578480939
device_yaw,22.603,-35.45010802311533
device_yaw,22.653,-34.391018780664794
device_yaw,22.703,-32.989896839088345
device_yaw,22.753,-31.22257304441752
device_yaw,22.803,-29.386284311469634
device_yaw,22.853,-27.728223238195756
device_yaw,22.903,-26.335185462195486
device_yaw,22.953,-25.259644972540364
device_yaw,23.003,-24.266571478211027
device_yaw,23.053,-23.41433758721652
device_yaw,23.103,-22.8515432458358
device_yaw,23.153,-22.68222894162122
device_yaw,23.203,-22.91175594622789
device_yaw,23.253,-23.52605554983435
device_yaw,23.303,-24.53548787531042
device_yaw,23.353,-25.972383285057276
device_yaw,23.403,-27.757990762245456
device_yaw,23.453,-29.701443500996334
device_yaw,23.503,-31.66301368278604
device_yaw,23.553,-33.61725904321622
device_yaw,23.603,-35.48792491754833
device_yaw,23.653,-37.13582271266917
device_yaw,23.703,-38.388655802990506
device_yaw,23.753,-39.246833801014795
device_yaw,23.803,-39.81222317156463
device_yaw,23.853,-40.00707084713742
device_yaw,23.903,-39.68687229295264
device_yaw,23.953,-38.88875959820735
device_yaw,24.003,-37.82777765212982
device_yaw,24.053,-36.60748338774648
device_yaw,24.103,-35.31508845421974
device_yaw,24.153,-34.02697609168063
device_yaw,24.203,-32.697397481475235
device_yaw,24.253,-31.538343412985764
device_yaw,24.303,-30.68558829459503
device_yaw,24.353,-30.000508715341333
device_yaw,24.403,-29.581178412692694
device_yaw,24.453,-29.52695070129148
device_yaw,24.503,-29.998702386350374
device_yaw,24.553,-31.05188562469068
device_yaw,24.603,-32.54647558531314
device_yaw,24.653,-34.15006654087508
device_yaw,24.703,-35.80583278896375
device_yaw,24.753,-37.60595955841088
device_yaw,24.803,-39.418411569699124
device_yaw,24.853,-41.02439985979508
device_yaw,24.903,-42.52558619788593
device_yaw,24.953,-43.90942029191927
device_yaw,25.003,-45.058503177570664
device_yaw,25.053,-45.7233801543811
device_yaw,25.103,-45.80723633930199
device_yaw,25.153,-45.49352730734401
device_yaw,25.203,-45.06577735028691
device_yaw,25.253,-44.603664667216364
device_yaw,25.303,-44.11773356324724
device_yaw,25.353,-43.535468573686494
device_yaw,25.403,-43.10483891577243
device_yaw,25.453,-42.86960572385551
device_yaw,25.503,-42.739437275048395
device_yaw,25.553,-42.84361730727952
device_yaw,25.603,-43.24941387179635
device_yaw,25.653,-43.90201366166196
device_yaw,25.703,-44.82001459921003
device_yaw,25.753,-45.879813308699376
device_yaw,25.803,-46.95712621762278
device_yaw,25.853,-47.95870243623476
device_yaw,25.903,-48.862555720296434
device_yaw,25.953,-49.645863410952785
device_yaw,26.003,-50.169319963566274
device_yaw,26.053,-50.51904691193247
device_yaw,26.103,-50.704817300577815
device_yaw,26.153,-50.67131651974864
device_yaw,26.203,-46.99954138439727
device_yaw,26.253,-43.08190135247011
device_yaw,26.303,-39.17604262314469
device_yaw,26.353,-35.262403304183415
device_yaw,26.403,-31.477818808987596
device_yaw,26.453,-27.897836092372312
device_yaw,26.503,-24.507081864022997
device_yaw,26.553,-21.375835646883075
device_yaw,26.603,-18.296889302033403
device_yaw,26.653,-15.195045781383051
device_yaw,26.703,-12.155714098066955
device_yaw,26.753,-12.609574667043931
device_yaw,26.803,-13.088657573332087
device_yaw,26.853,-13.432782746297688
device_yaw,26.903,-13.705549162373826
device_yaw,26.953,-13.880541918385683
device_yaw,27.003,-13.955312992283785
device_yaw,27.053,-13.872453491595383
device_yaw,27.103,-13.687226144619471
device_yaw,27.153,-13.585789874037319
device_yaw,27.203,-13.526494042118138
device_yaw,27.253,-13.498569526047568
device_yaw,27.303,-13.55480764593375
device_yaw,27.353,-13.70181066134544
device_yaw,27.403,-13.92276256395935
device_yaw,27.453,-14.215772307341684
device_yaw,27.503,-14.52797050965355
device_yaw,27.553,-14.818158312559857
device_yaw,27.603,-15.040875115083436
device_yaw,27.653,-15.180236308415736
device_yaw,27.703,-15.218509326354377
device_yaw,27.753,-15.17956936400279
device_yaw,27.803,-14.999001010274231
device_yaw,27.853,-14.636162868489247
device_yaw,27.903,-14.211625028991698
device_yaw,27.953,-13.875074428055619
device_yaw,28.003,-13.752638624376708
device_yaw,28.053,-13.849503100766873
device_yaw,28.103,-14.13389221293758
device_yaw,28.153,-14.559205910056335
device_yaw,28.203,-15.056562912349785
device_yaw,28.253,-15.5708985952869
device_yaw,28.303,-16.193086585815298
device_yaw,28.353,-16.877929361718383
device_yaw,28.403,-17.59221061058544
device_yaw,28.453,-18.293408233630306
device_yaw,28.503,-18.806330793171366
device_yaw,28.553,-19.013680583898765
device_yaw,28.603,-18.98388682692314
device_yaw,28.653,-18.77842140689597
device_yaw,28.703,-18.477990048737382
device_yaw,28.753,-18.112076166138344
device_yaw,28.803,-17.777973431137596
device_yaw,28.853,-17.414686890847506
device_yaw,28.903,-17.10027061359766
device_yaw,28.953,-16.884052538021752
device_yaw,29.003,-16.655118705185462
device_yaw,29.053,-16.473680477865702
device_yaw,29.103,-16.322705465232506
device_yaw,29.153,-16.15032963075399
device_yaw,29.203,-16.097584905634733
device_yaw,29.253,-16.143206990638024
device_yaw,29.303,-16.220204408853366
device_yaw,29.353,-16.29383132120133
device_yaw,29.403,-16.278465019715604
device_yaw,29.453,-16.193418322746105
device_yaw,29.503,-16.0618261349014
device_yaw,29.553,-15.924410909199072
device_yaw,29.603,-15.753414635396961
device_yaw,29.653,-15.573204246575324
device_yaw,29.703,-15.49520956729504
device_yaw,29.753,-15.347714626634092
device_yaw,29.803,-15.128318795995453
device_yaw,29.853,-14.861518271185624
device_yaw,29.903,-14.579903685621288
device_yaw,29.953,-14.319777276397224
device_yaw,30.003,-14.138695371306426
device_yaw,30.053,-13.990416559041154
device_yaw,30.103,-13.84385877966318
device_yaw,30.153,-13.75434341571049
device_yaw,30.203,-13.707569568439029
device_yaw,30.253,-13.620416557848598
device_yaw,30.303,-13.513703043735033
device_yaw,30.353,-13.43126558464573
device_yaw,30.403,-13.486340982110242
device_yaw,30.453,-13.547784719774098
device_yaw,30.503,-13.644775342397798
device_yaw,30.553,-13.773220783464843
device_yaw,30.603,-13.947169253046054
device_yaw,30.653,-14.186312280604886
device_yaw,30.703,-14.434450268366634
device_yaw,30.753,-14.704125642593807
device_yaw,30.803,-14.988500301649879
device_yaw,30.853,-15.306468859284912
device_yaw,30.903,-15.603756400444889
device_yaw,30.953,-15.789763599553453
device_yaw,31.003,-15.88975898977134
device_yaw,31.053,-15.773357087312553
device_yaw,31.103,-15.315839650286442
device_yaw,31.153,-14.524506120469074
device_yaw,31.203,-13.668543813167958
device_yaw,31.253,-12.92928505073105
device_yaw,31.303,-12.390578606715032
device_yaw,31.353,-11.965783653249122
device_yaw,31.403,-11.412088575486308
device_yaw,31.453,-10.686024324729162
device_yaw,31.503,-9.825922721124426
device_yaw,31.553,-8.98996193587571
device_yaw,31.603,-8.304398021979297
device_yaw,31.653,-7.887935340092884
device_yaw,31.703,-7.752793168866109
device_yaw,31.753,-7.595484872581588
device_yaw,31.803,-7.162026139796493
device_yaw,31.853,-6.455182861003961
device_yaw,31.903,-5.610153133403346
device_yaw,31.953,-4.801755411937145
device_yaw,32.003,-4.066889953718166
device_yaw,32.053,-3.5631345987308083
device_yaw,32.103,-3.174033550599155
device_yaw,32.153,-2.864360967549676
device_yaw,32.203,-2.692324843905125
device_yaw,32.253,-2.6280611424486633
device_yaw,32.303,-2.6982338356495594
device_yaw,32.353,-2.931196977097074
device_yaw,32.403,-3.2848025063353194
device_yaw,32.453,-3.8174128862200023
device_yaw,32.503,-4.618246411278165
device_yaw,32.553,-5.633897912654873
device_yaw,32.603,-6.616212499155304
device_yaw,32.653,-7.554765099287564
device_yaw,32.703,-8.444211877812638
device_yaw,32.753,-9.099546272655687
device_yaw,32.803,-9.562079235977306
device_yaw,32.853,-9.888517965996142
device_yaw,32.903,-10.06438804030386
device_yaw,32.953,-9.980213251603313
device_yaw,33.003,-9.516281208681578
device_yaw,33.053,-8.648798681850629
device_yaw,33.103,-7.543400396183096
device_yaw,33.153,-6.295328195906747
device_yaw,33.203,-4.994045586090433
device_yaw,33.253,-3.7428966221769784
device_yaw,33.303,-2.6190594970013765
device_yaw,33.353,-1.5480818783463826
device_yaw,33.403,-0.5705367962565465
device_yaw,33.453,0.16008180015096188
device_yaw,33.503,0.672531680049175
device_yaw,33.553,0.9795833264746808
device_yaw,33.603,0.9652080918164248
device_yaw,33.653,0.5334269323045064
device_yaw,33.703,-0.39027276871610467
device_yaw,33.753,-1.6353157534576483
device_yaw,33.803,-3.004884339272721
device_yaw,33.853,-4.447693546809243
device_yaw,33.903,-5.843751980694692
device_yaw,33.953,-7.09393895403806
device_yaw,34.003,-8.230990302013916
device_yaw,34.053,-9.270782405587722
device_yaw,34.103,-10.163483266071738
device_yaw,34.153,-10.862710682502772
device_yaw,34.203,-11.183479427716811
device_yaw,34.253,-11.082445038146968
device_yaw,34.303,-10.734663223660702
device_yaw,34.353,-10.351710571552804
device_yaw,34.403,-10.001542530831756
device_yaw,34.453,-9.899380282399214
device_yaw,34.503,-10.041836516102444
device_yaw,34.553,-10.290009408530098
device_yaw,34.603,-10.815823963125835
device_yaw,34.653,-11.715802904584365
device_yaw,34.703,-12.842832177056028
device_yaw,34.753,-14.146687698605241
device_yaw,34.803,-15.625174002035031
device_yaw,34.853,-17.297891745122403
device_yaw,34.903,-18.906123318054487
device_yaw,34.953,-20.389896573703517
device_yaw,35.003,-21.702615358214956
device_yaw,35.053,-22.797228566215555
device_yaw,35.103,-23.664281575805912
device_yaw,35.153,-24.221777541858806
device_yaw,35.203,-24.57044172156126
device_yaw,35.253,-24.598313148153103
device_yaw,35.303,-24.51538892973325
device_yaw,35.353,-24.256317240921053
device_yaw,35.403,-23.773250732045277
device_yaw,35.453,-23.195286513500612
device_yaw,35.503,-22.61791945210878
device_yaw,35.553,-22.081034956060947
device_yaw,35.603,-21.61024515870666
device_yaw,35.653,-21.25372017812879
device_yaw,35.703,-21.00069143088808
device_yaw,35.753,-20.730150608864466
device_yaw,35.803,-20.60665506539748
device_yaw,35.853,-20.481137824241028
device_yaw,35.903,-20.416571335053817
device_yaw,35.953,-20.380313973302275
device_yaw,36.003,-20.37542875915809
device_yaw,36.053,-20.42666695523329
device_yaw,36.103,-20.407593109998615
device_yaw,36.153,-20.347554895322983
device_yaw,36.203,-20.265077926970307
device_yaw,36.253,-20.266191039002454
device_yaw,36.303,-20.420935595387643
device_yaw,36.353,-20.715469426450355
device_yaw,36.403,-21.18801940864017
device_yaw,36.453,-21.755005366374238
device_yaw,36.503,-22.352893810772496
device_yaw,36.553,-22.996739095348786
device_yaw,36.603,-23.618705909511004
device_yaw,36.653,-24.21797866346623
device_yaw,36.703,-24.75183686160939
device_yaw,36.753,-25.17952746949651
device_yaw,36.803,-25.371542038987208
device_yaw,36.853,-25.27689324510861
device_yaw,36.903,-24.926621614677398
device_yaw,36.953,-24.27337204586013
device_yaw,37.003,-23.418358647502714
device_yaw,37.053,-22.48923348998501
device_yaw,37.103,-21.542956015436857
device_yaw,37.153,-20.6467936151612
device_yaw,37.203,-19.87248026752927
device_yaw,37.253,-19.28562217693437
device_yaw,37.303,-18.852852131911682
device_yaw,37.353,-18.641831721717104
device_yaw,37.403,-18.676452070252072
device_yaw,37.453,-18.86006605961915
device_yaw,37.503,-19.207091308169836
device_yaw,37.553,-19.679448904712874
device_yaw,37.603,-20.227703676302635
device_yaw,37.653,-20.866989248868315
device_yaw,37.703,-21.515147941269333
device_yaw,37.753,-22.1314184411402
device_yaw,37.803,-22.657880773898885
device_yaw,37.853,-23.06627755771214
device_yaw,37.903,-23.29083958421791
device_yaw,37.953,-23.372212075858837
device_yaw,38.003,-23.433269992890757
device_yaw,38.053,-23.318582528697064
device_yaw,38.103,-23.15163289583989
device_yaw,38.153,-22.933575382858933
device_yaw,38.203,-22.64300061358837
device_yaw,38.253,-22.316305427575045
device_yaw,38.303,-21.96270718693072
device_yaw,38.353,-21.656222445812716
device_yaw,38.403,-21.491391198373552
device_yaw,38.453,-21.472635783231645
device_yaw,38.503,-21.520935734261165
device_yaw,38.553,-21.625301090380198
device_yaw,38.603,-21.952577886529607
device_yaw,38.653,-22.36171093939684
device_yaw,38.703,-22.835600350295127
device_yaw,38.753,-23.333621159745817
device_yaw,38.803,-23.806655398576012
device_yaw,38.853,-24.297467743376174
device_yaw,38.903,-24.758455789539706
device_yaw,38.953,-25.152156838368764
device_yaw,39.003,-25.470949149840553
device_yaw,39.053,-25.701914476150208
device_yaw,39.103,-25.797196346323755
device_yaw,39.153,-25.73698582557621
device_yaw,39.203,-25.570589426707066
device_yaw,39.253,-25.356499294386495
device_yaw,39.303,-25.120262738997567
device_yaw,39.353,-24.969977386125915
device_yaw,39.403,-24.93985518786941
device_yaw,39.453,-25.182945567346497
device_yaw,39.503,-25.746645860831197
device_yaw,39.553,-26.66917326049311
device_yaw,39.603,-27.872068014983906
device_yaw,39.653,-29.432931990116312
device_yaw,39.703,-31.227116597572845
device_yaw,39.753,-33.08480376239108
device_yaw,39.803,-34.86136614391136
device_yaw,39.853,-36.516071042160625
device_yaw,39.903,-37.968280362727164
device_yaw,39.953,-39.063913070422764
device_yaw,40.003,-39.54716407814879
device_yaw,40.053,-39.46457455848957
device_yaw,40.103,-38.862329656488356
device_yaw,40.153,-37.76688544428077
device_yaw,40.203,-36.164457311337145
device_yaw,40.253,-34.26857379586077
device_yaw,40.303,-32.28345368187091
device_yaw,40.353,-30.327982673211704
device_yaw,40.403,-28.53598158667541
device_yaw,40.453,-26.930459173558393
device_yaw,40.503,-25.583101879500838
device_yaw,40.553,-24.681698667865373
device_yaw,40.603,-24.24555984974395
device_yaw,40.653,-24.214299154126795
device_yaw,40.703,-24.63931802954876
device_yaw,40.753,-25.545752898151704
device_yaw,40.803,-26.84110239831403
device_yaw,40.853,-28.54883699869646
device_yaw,40.903,-30.58929613247058
device_yaw,40.953,-32.69991369415728
device_yaw,41.003,-34.73271656229504
device_yaw,41.053,-36.61239114611462
device_yaw,41.103,-38.229813287634904
device_yaw,41.153,-39.596236755281815
device_yaw,41.203,-40.58985376085244
device_yaw,41.253,-41.233292198399866
device_yaw,41.303,-41.42327075255556
device_yaw,41.353,-41.18918405644254
device_yaw,41.403,-40.41226747735077
device_yaw,41.453,-39.177575507249976
device_yaw,41.503,-37.760772017342305
device_yaw,41.553,-36.386574020286794
device_yaw,41.603,-35.24733083307651
device_yaw,41.653,-34.37148881967375
device_yaw,41.703,-33.607363638543056
device_yaw,41.753,-33.08004828465792
device_yaw,41.803,-32.70704847563654
device_yaw,41.853,-32.538044447046
device_yaw,41.903,-32.597303617460966
device_yaw,41.953,-33.01260353668883
device_yaw,42.003,-33.771828613563365
device_yaw,42.053,-34.70402852779815
device_yaw,42.103,-35.595723268711644
device_yaw,42.153,-36.26384038950157
device_yaw,42.203,-36.63225381071313
device_yaw,42.253,-36.720364537313586
device_yaw,42.303,-36.49494219602973
device_yaw,42.353,-36.154296756043635
device_yaw,42.403,-35.62497087970311
device_yaw,42.453,-34.91513533652355
device_yaw,42.503,-33.88534193817723
device_yaw,42.553,-32.57459428729737
device_yaw,42.603,-31.066312729057667
device_yaw,42.653,-29.46576648523105
device_yaw,42.703,-27.91366218964945
device_yaw,42.753,-26.493604601541005
device_yaw,42.803,-25.264885121965985
device_yaw,42.853,-24.27412035564199
device_yaw,42.903,-23.38205076282758
device_yaw,42.953,-22.64530636454795
device_yaw,43.003,-21.991324681084702
device_yaw,43.053,-21.478987469746702
device_yaw,43.103,-21.00176535800591
device_yaw,43.153,-20.55877539073722
device_yaw,43.203,-20.17676132689546
device_yaw,43.253,-19.78987756024471
device_yaw,43.303,-19.406889534579072
device_yaw,43.353,-19.01373823307736
device_yaw,43.403,-18.588663181081884
device_yaw,43.453,-18.11941406529669
device_yaw,43.503,-17.621129996206978
device_yaw,43.553,-17.10260175702729
device_yaw,43.603,-16.53054231680243
device_yaw,43.653,-16.02150743853939
device_yaw,43.703,-15.557995732377425
device_yaw,43.753,-15.123210875663704
device_yaw,43.803,-14.766856149643672
device_yaw,43.853,-14.513787580781274
device_yaw,43.903,-14.359992062399504
device_yaw,43.953,-14.321969198226817
device_yaw,44.003,-14.451819623183173
device_yaw,44.053,-14.779357332972255
device_yaw,44.103,-15.353029311438858
device_yaw,44.153,-16.18916947049144
device_yaw,44.203,-17.16834570507105
device_yaw,44.253,-18.311069751514815
device_yaw,44.303,-19.57902921821147
device_yaw,44.353,-20.902259085178443
device_yaw,44.403,-22.294308880065174
device_yaw,44.453,-23.666561300663794
device_yaw,44.503,-24.844049910482603
device_yaw,44.553,-25.799109541031292
device_yaw,44.603,-26.43276786181216
device_yaw,44.653,-26.671926168832105
device_yaw,44.703,-26.451229836762913
device_yaw,44.753,-25.839343476649915
device_yaw,44.803,-24.912792098193087
device_yaw,44.853,-23.807124067374538
device_yaw,44.903,-22.66744239382379
device_yaw,44.953,-21.538276971647498
device_yaw,45.003,-20.49717028853465
device_yaw,45.053,-19.77273728350498
device_yaw,45.103,-19.320068650557143
device_yaw,45.153,-19.150730635789852
device_yaw,45.203,-19.324623477424378
device_yaw,45.253,-19.93900524773552
device_yaw,45.303,-21.004203516418375
device_yaw,45.353,-22.42065224917746
device_yaw,45.403,-24.201836223340024
device_yaw,45.453,-26.224091796467476
device_yaw,45.503,-28.29222188957775
device_yaw,45.553,-30.211073046704385
device_yaw,45.603,-31.812798922302296
device_yaw,45.653,-33.05357131525489
device_yaw,45.703,-34.199580267410234
device_yaw,45.753,-34.90791046029536
device_yaw,45.803,-35.232203489938875
device_yaw,45.853,-35.22112714970667
device_yaw,45.903,-34.855668155892076
device_yaw,45.953,-34.082664079903786
device_yaw,46.003,-33.0136067657412
device_yaw,46.053,-31.759224827869307
device_yaw,46.103,-30.543184726177948
device_yaw,46.153,-29.536210849713566
device_yaw,46.203,-28.78125181216485
device_yaw,46.253,-28.079364247965785
device_yaw,46.303,-27.745612865830594
device_yaw,46.353,-27.676364450120058
device_yaw,46.403,-27.82289970817495
device_yaw,46.453,-28.162051387450934
device_yaw,46.503,-28.677924548632465
device_yaw,46.553,-29.253625730154702
device_yaw,46.603,-29.887087658096508
device_yaw,46.653,-30.466207815272526
device_yaw,46.703,-30.880243968938313
device_yaw,46.753,-31.20684809583834
device_yaw,46.803,-31.41997967294418
device_yaw,46.853,-31.52677291143763
device_yaw,46.903,-31.593957305190358
device_yaw,46.953,-31.708006889387775
device_yaw,47.003,-31.798010961328806
device_yaw,47.053,-31.84293885632147
device_yaw,47.103,-31.901490827104862
device_yaw,47.153,-31.881026291692482
device_yaw,47.203,-31.881391223835283
device_yaw,47.253,-31.98090283774077
device_yaw,47.303,-32.12615670136397
device_yaw,47.353,-32.32677342749562
device_yaw,47.403,-32.55039699706936
device_yaw,47.453,-32.744436613043284
device_yaw,47.503,-32.806466234771875
device_yaw,47.553,-32.87796082523276
device_yaw,47.603,-32.932445594875865
device_yaw,47.653,-32.92527375408225
device_yaw,47.703,-32.961432021585615
device_yaw,47.753,-33.015250316089386
device_yaw,47.803,-33.04408844388479
device_yaw,47.853,-33.056344286987866
device_yaw,47.903,-33.04901161847441
device_yaw,47.953,-33.04503471133838
device_yaw,48.003,-33.05349916697244
device_yaw,48.053,-33.06924990677939
device_yaw,48.103,-33.09357890028949
device_yaw,48.153,-33.057635109692754
device_yaw,48.203,-33.018135594510184
device_yaw,48.253,-32.93013595755878
device_yaw,48.303,-32.7579647003503
device_yaw,48.353,-32.61101791708543
device_yaw,48.403,-32.490705368385285
device_yaw,48.453,-32.43333230585669
device_yaw,48.503,-32.496166726039604
device_yaw,48.553,-32.735895122422114
device_yaw,48.603,-33.15142118065568
device_yaw,48.653,-33.669676966096475
device_yaw,48.703,-34.35523592966797
device_yaw,48.753,-35.14948469751428
device_yaw,48.803,-36.026568401141056
device_yaw,48.853,-37.01376537420954
device_yaw,48.903,-37.925169297333866
device_yaw,48.953,-38.663456023509184
device_yaw,49.003,-39.09511468075822
device_yaw,49.053,-39.14139214681261
device_yaw,49.103,-38.787685106274616
device_yaw,49.153,-37.9616033912153
device_yaw,49.203,-36.76080752754771
device_yaw,49.253,-35.278949228997334
device_yaw,49.303,-33.62592907687524
device_yaw,49.353,-31.909862794674254
device_yaw,49.403,-30.189001719712692
device_yaw,49.453,-28.59518305102571
device_yaw,49.503,-27.29554662178687
device_yaw,49.553,-26.363312375179373
device_yaw,49.603,-25.80801900287108
device_yaw,49.653,-25.54471734871894
device_yaw,49.703,-25.747713979284047
device_yaw,49.753,-26.382473892229484
device_yaw,49.803,-27.35475716230928
device_yaw,49.853,-28.598964626227794
device_yaw,49.903,-29.95449586790845
device_yaw,49.953,-31.367737935416756
device_yaw,50.003,-32.8616025401926
device_yaw,50.053,-34.42933005718474
device_yaw,50.103,-35.98294075721357
device_yaw,50.153,-37.20721688175852
device_yaw,50.203,-38.05232610508435
device_yaw,50.253,-38.386469517726624
device_yaw,50.303,-38.09587399288022
device_yaw,50.353,-37.35131593611933
device_yaw,50.403,-36.26635498775567
device_yaw,50.453,-35.0243362393578
device_yaw,50.503,-33.67869738663269
device_yaw,50.553,-32.269036658563124
device_yaw,50.603,-30.733448994713964
device_yaw,50.653,-29.18877364774772
device_yaw,50.703,-27.910452392156003
device_yaw,50.753,-27.00055524102347
device_yaw,50.803,-26.524961309750008
device_yaw,50.853,-26.62757497891656
device_yaw,50.903,-27.111262024623638
device_yaw,50.953,-27.816388973613506
device_yaw,51.003,-28.65272550238607
device_yaw,51.053,-29.517003934184427
device_yaw,51.103,-30.31495800685656
device_yaw,51.153,-31.13105358801133
device_yaw,51.203,-31.834135337753267
device_yaw,51.253,-32.474259363041334
device_yaw,51.303,-33.070155451942384
device_yaw,51.353,-33.52077619347535
device_yaw,51.403,-33.77518009491222
device_yaw,51.453,-33.89098389844447
device_yaw,51.503,-33.94589192616143
device_yaw,51.553,-33.98683462005594
device_yaw,51.603,-34.09228776098294
device_yaw,51.653,-34.1664620029781
device_yaw,51.703,-34.1359509795389
device_yaw,51.753,-34.18886487206644
device_yaw,51.803,-34.31517840910983
device_yaw,51.853,-34.48098686317338
device_yaw,51.903,-34.7258160438723
device_yaw,51.953,-35.153293777983805
device_yaw,52.003,-35.775406395213764
device_yaw,52.053,-36.54071795022271
device_yaw,52.103,-37.367215994528436
device_yaw,52.153,-38.140976883238004
device_yaw,52.203,-38.885442123967515
device_yaw,52.253,-39.57187081168674
device_yaw,52.303,-40.158297831513664
device_yaw,52.353,-40.53689394794926
device_yaw,52.403,-40.75258908521688
device_yaw,52.453,-40.79943400579812
device_yaw,52.503,-40.53326253778407
device_yaw,52.553,-39.95036676347444
device_yaw,52.603,-39.112379192116876
device_yaw,52.653,-38.14431116753202
device_yaw,52.703,-37.21169608131164
device_yaw,52.753,-36.4113123460063
device_yaw,52.803,-35.74682823930307
device_yaw,52.853,-35.20450209732955
device_yaw,52.903,-34.857788419978455
device_yaw,52.953,-34.6453589715435
device_yaw,53.003,-34.637186447852166
device_yaw,53.053,-34.93535560179294
device_yaw,53.103,-35.48144108576411
device_yaw,53.153,-36.153097453841454
device_yaw,53.203,-36.858333031201795
device_yaw,53.253,-37.434152662001836
device_yaw,53.303,-37.81725033348393
device_yaw,53.353,-38.01994359822665
device_yaw,53.403,-38.1043795326735
device_yaw,53.453,-38.073681023557505
device_yaw,53.503,-37.99430044941775
device_yaw,53.553,-37.83669231426295
device_yaw,53.603,-37.433734505760405
device_yaw,53.653,-36.850039725276396
device_yaw,53.703,-36.18757516348714
device_yaw,53.753,-35.51105191359395
device_yaw,53.803,-34.930490850940934
device_yaw,53.853,-34.4709150401025
device_yaw,53.903,-34.12033993831823
device_yaw,53.953,-33.79547343848417
device_yaw,54.003,-33.54385264868955
device_yaw,54.053,-33.373509501880385
device_yaw,54.103,-33.29162541978536
device_yaw,54.153,-33.306822664144335
device_yaw,54.203,-33.448358407181566
device_yaw,54.253,-33.71400273227637
device_yaw,54.303,-34.05128687295655
device_yaw,54.353,-34.398591763096476
device_yaw,54.403,-34.70338174211623
device_yaw,54.453,-34.96721475726523
device_yaw,54.503,-35.19284287371076
device_yaw,54.553,-35.34885231440215
device_yaw,54.603,-35.32257692386127
device_yaw,54.653,-35.175490949407305
device_yaw,54.703,-34.96773668717483
device_yaw,54.753,-34.58833999262426
device_yaw,54.803,-34.016779334471444
device_yaw,54.853,-33.307401122836076
device_yaw,54.903,-32.54874168317921
device_yaw,54.953,-31.820948677786635
device_yaw,55.003,-31.154992888855613
device_yaw,55.053,-30.51635679567378
device_yaw,55.103,-29.945168717035642
device_yaw,55.153,-29.546015931267686
device_yaw,55.203,-29.26070909713143
device_yaw,55.253,-29.03186393806927
device_yaw,55.303,-28.900501379820994
device_yaw,55.353,-28.936847941402956
device_yaw,55.403,-29.121659094259964
device_yaw,55.453,-29.475719554510167
device_yaw,55.503,-29.971057350988755
device_yaw,55.553,-30.46829030091075
device_yaw,55.603,-30.956933788083212
device_yaw,55.653,-31.50846549020613
device_yaw,55.703,-32.00530502625602
device_yaw,55.753,-32.38094893400024
device_yaw,55.803,-32.75106284151539
device_yaw,55.853,-33.18565402926992
device_yaw,55.903,-33.56255478292569
device_yaw,55.953,-33.81900181938931
device_yaw,56.003,-33.95454793595484
device_yaw,56.053,-34.01420993234546
device_yaw,56.103,-34.10196726937029
device_yaw,56.153,-34.267485301687216
device_yaw,56.203,-34.404335716852266
device_yaw,56.253,-34.506426900972826
device_yaw,56.303,-34.62722901361945
device_yaw,56.353,-34.738345914946024
device_yaw,56.403,-34.82692882586464
device_yaw,56.453,-34.98274383015649
device_yaw,56.503,-35.20955749023128
device_yaw,56.553,-35.431914173948805
device_yaw,56.603,-35.55795283143021
device_yaw,56.653,-35.56118598164207
device_yaw,56.703,-35.48134834501931
device_yaw,56.753,-35.28556571470535
device_yaw,56.803,-35.16857148378477
device_yaw,56.853,-35.034993814656765
device_yaw,56.903,-34.90859580529845
device_yaw,56.953,-34.71612336332378
device_yaw,57.003,-34.36488889430558
device_yaw,57.053,-33.91537508876214
device_yaw,57.103,-33.414005841485576
device_yaw,57.153,-32.94110307599477
device_yaw,57.203,-32.59591108600153
device_yaw,57.253,-32.34102091658438
device_yaw,57.303,-32.195000946769916
device_yaw,57.353,-32.08289636000219
device_yaw,57.403,-32.073007185666874
device_yaw,57.453,-32.17738375259843
device_yaw,57.503,-32.33866572384452
device_yaw,57.553,-32.67628114031641
device_yaw,57.603,-33.221454840313854
device_yaw,57.653,-33.865544147875944
device_yaw,57.703,-34.545768288187425
device_yaw,57.753,-35.16659647408938
device_yaw,57.803,-35.70565486027369
device_yaw,57.853,-36.155090445039356
device_yaw,57.903,-36.569917394502745
device_yaw,57.953,-36.89456579059096
device_yaw,58.003,-37.18352652737435
device_yaw,58.053,-37.512220918710476
device_yaw,58.103,-37.75389071342288
device_yaw,58.153,-37.85664724861395
device_yaw,58.203,-37.902273370206586
device_yaw,58.253,-37.984127312638115
device_yaw,58.303,-38.143698464993165
device_yaw,58.353,-38.41980344540266
device_yaw,58.403,-38.82714431978944
device_yaw,58.453,-39.289012022315106
device_yaw,58.503,-39.957569362061534
device_yaw,58.553,-40.58589688617702
device_yaw,58.603,-41.29220658216019
device_yaw,58.653,-42.08922919753355
device_yaw,58.703,-43.02597110179434
device_yaw,58.753,-44.05393320749667
device_yaw,58.803,-45.08281929831828
device_yaw,58.853,-46.11491048979124
device_yaw,58.903,-47.151317250234065
device_yaw,58.953,-48.224198656812725
device_yaw,59.003,-49.27947568542526
device_yaw,59.053,-50.25100125067154
device_yaw,59.103,-51.31939504860732
device_yaw,59.153,-52.36125490079842
device_yaw,59.203,-53.404225709103684
device_yaw,59.253,-54.39575377921414
device_yaw,59.303,-55.39548321217012
device_yaw,59.353,-56.45052340465045
device_yaw,59.403,-57.58886179888804
device_yaw,59.453,-58.787124598508626
device_yaw,59.503,-60.100868721564574
device_yaw,59.553,-61.61077655000244
device_yaw,59.603,-63.339358635622034
device_yaw,59.653,-65.28970841397232
device_yaw,59.703,-67.41470850526301
device_yaw,59.753,-69.83885047291473
device_yaw,59.803,-72.48942215473546
device_yaw,59.853,-75.49023048096454
device_yaw,59.903,-78.66012167295177
device_yaw,59.953,-81.94727162959957
device_yaw,60.003,-85.39816385685218
device_yaw,60.053,-88.86546066822673
device_yaw,60.103,-92.36001252111713
device_yaw,60.153,-95.64424292793295
device_yaw,60.203,-98.70849533705517
device_yaw,60.253,-100.50555841361758
device_yaw,60.303,-102.23213639468977
device_yaw,60.353,-103.95238805772921
device_yaw,60.403,-105.43334832217393
device_yaw,60.453,-106.85838795679389
gyro_norm,0.003,0.1828240011096682
gyro_norm,0.004,0.1885669059253595
gyro_norm,0.004,0.12015387419807425
gyro_norm,0.028,0.04265841846918375
gyro_norm,0.044,0.02175388467565846
gyro_norm,0.066,0.022779811059517527
gyro_norm,0.088,0.06184421468937091
gyro_norm,0.11,0.09064963885099887
gyro_norm,0.132,0.0916253914317597
gyro_norm,0.154,0.08343463216878422
gyro_norm,0.176,0.07975485690269736
gyro_norm,0.197,0.061259183475180105
gyro_norm,0.22,0.04760313483056974
gyro_norm,0.241,0.014146664680382644
gyro_norm,0.263,0.020246849235991043
gyro_norm,0.285,0.05017604328711545
gyro_norm,0.307,0.06968646045784987
gyro_norm,0.337,0.09543100898505924
gyro_norm,0.35,0.1458394863327244
gyro_norm,0.373,0.1514170841728335
gyro_norm,0.394,0.12688041697370758
gyro_norm,0.416,0.09006501424596845
gyro_norm,0.439,0.08351229937577104
gyro_norm,0.46,0.06281408409441294
gyro_norm,0.484,0.062183250375212974
gyro_norm,0.504,0.09158999823891509
gyro_norm,0.525,0.1434177411724125
gyro_norm,0.547,0.14097508175294687
gyro_norm,0.569,0.09901923114998319
gyro_norm,0.591,0.11179055182319568
gyro_norm,0.613,0.2141694302563326
gyro_norm,0.635,0.8058674447238661
gyro_norm,0.657,0.6681988414708109
gyro_norm,0.679,0.07578847756505389
gyro_norm,0.7,0.3805590220050431
gyro_norm,0.722,0.24574502926441408
gyro_norm,0.744,0.03720606439756097
gyro_norm,0.766,0.12887419456914878
gyro_norm,0.788,0.10527463998673275
gyro_norm,0.81,0.16216655343342104
gyro_norm,0.832,0.19069000593452873
gyro_norm,0.854,0.1641473887002204
gyro_norm,0.876,0.15254345187327006
gyro_norm,0.897,0.17376184517025162
gyro_norm,0.921,0.21015157994820158
gyro_norm,0.941,0.25232976125817785
gyro_norm,0.963,0.3029570226020138
gyro_norm,0.985,0.3377863206922551
gyro_norm,1.012,0.3251844537270744
gyro_norm,1.029,0.31570948743631083
gyro_norm,1.05,0.3522156809988185
gyro_norm,1.073,0.38326610176393855
gyro_norm,1.094,0.3978154038794437
gyro_norm,1.116,0.4150464919556488
gyro_norm,1.138,0.4693923936051067
gyro_norm,1.16,0.5731881487864532
gyro_norm,1.182,0.6641233719982291
gyro_norm,1.21,0.6945686127173611
gyro_norm,1.225,0.6734750869878566
gyro_norm,1.248,0.6131223100537607
gyro_norm,1.27,0.5756247123484265
gyro_norm,1.294,0.5809948766136096
gyro_norm,1.314,0.6055057154371694
gyro_norm,1.335,0.705477468143904
gyro_norm,1.357,0.8664969660255244
gyro_norm,1.379,0.986948682827459
gyro_norm,1.401,1.0263373397753706
gyro_norm,1.435,1.0672643976748857
gyro_norm,1.444,1.191350687403127
gyro_norm,1.466,1.3791005171678992
gyro_norm,1.488,1.5033928890956032
gyro_norm,1.51,1.5379752192627292
gyro_norm,1.532,1.4966246513260333
gyro_norm,1.554,1.4205222558753945
gyro_norm,1.576,1.3781050702493935
gyro_norm,1.598,1.3515777070809885
gyro_norm,1.619,1.313488444440227
gyro_norm,1.641,1.2802799330298178
gyro_norm,1.676,1.264204111576936
gyro_norm,1.685,1.2331677379076003
gyro_norm,1.707,1.1769883329138755
gyro_norm,1.729,1.1224785723551052
gyro_norm,1.751,1.118684442792247
gyro_norm,1.774,1.111513217629508
gyro_norm,1.794,1.0594153330984917
gyro_norm,1.816,1.0029084767439038
gyro_norm,1.839,0.93832150712399
gyro_norm,1.86,0.9748404429429264
gyro_norm,1.889,0.9719328996427968
gyro_norm,1.906,0.8555997608478569
gyro_norm,1.932,0.8072490419416692
gyro_norm,1.947,0.8982898845239339
gyro_norm,1.97,1.0058179371887754
gyro_norm,1.991,0.9754248776964722
gyro_norm,2.013,0.8595232690820956
gyro_norm,2.035,0.7437468317073532
gyro_norm,2.057,0.6683052090584019
gyro_norm,2.079,0.6401568169622923
gyro_norm,2.101,0.7112661740397923
gyro_norm,2.133,0.819910414089252
gyro_norm,2.145,0.8532645343138959
gyro_norm,2.166,0.8215395911749959
gyro_norm,2.192,0.8067983980543606
gyro_norm,2.21,0.851345562589532
gyro_norm,2.233,0.9054522796339318
gyro_norm,2.254,0.9022451983631207
gyro_norm,2.276,0.942365930864628
gyro_norm,2.298,0.988849769976435
gyro_norm,2.32,0.9944121142279555
gyro_norm,2.342,0.979709689540074
gyro_norm,2.372,0.9872249750101781
gyro_norm,2.389,1.0416877580762594
gyro_norm,2.407,1.0809069866820182
gyro_norm,2.429,1.0717693871373135
gyro_norm,2.451,0.9704992119262109
gyro_norm,2.474,0.8848150726476884
gyro_norm,2.495,1.1069313811949446
gyro_norm,2.517,1.5356130145287525
gyro_norm,2.538,1.3829083459360951
gyro_norm,2.56,0.9438392342210246
gyro_norm,2.586,0.7539914031639708
gyro_norm,2.604,0.8450431826708609
gyro_norm,2.633,0.8770951905817953
gyro_norm,2.648,1.0878489328078569
gyro_norm,2.67,1.2483381074752073
gyro_norm,2.691,1.1602954495584534
gyro_norm,2.714,1.0509684558133474
gyro_norm,2.736,1.020839887010452
gyro_norm,2.757,0.9310584357450156
gyro_norm,2.779,0.9286779495478602
gyro_norm,2.801,0.9538925728151836
gyro_norm,2.83,0.8996233845542089
gyro_norm,2.847,0.8248446455370455
gyro_norm,2.87,0.9970160538598429
gyro_norm,2.895,1.090637486201751
gyro_norm,2.911,1.1610859868031749
gyro_norm,2.934,1.679509444984123
gyro_norm,2.954,1.9255582617267262
gyro_norm,2.976,1.3490053614920383
gyro_norm,2.999,0.8944112046811044
gyro_norm,3.02,1.2040952004676502
gyro_norm,3.042,1.6613396353527878
gyro_norm,3.063,1.4503304158166297
gyro_norm,3.085,0.6835173805220643
gyro_norm,3.108,1.0353734962002143
gyro_norm,3.129,0.9324904279208442
gyro_norm,3.151,1.3690193242607518
gyro_norm,3.174,1.596809366581547
gyro_norm,3.195,1.75185458940749
gyro_norm,3.217,1.109407285067708
gyro_norm,3.239,0.7447083498172989
gyro_norm,3.261,0.6661684627659317
gyro_norm,3.283,0.5148111915047137
gyro_norm,3.305,0.6701817182919851
gyro_norm,3.326,0.9497090260007323
gyro_norm,3.348,0.98569542859796
gyro_norm,3.374,0.8098602315915353
gyro_norm,3.391,0.4074161991254905
gyro_norm,3.414,0.2469831194532888
gyro_norm,3.436,0.1810069020909758
gyro_norm,3.457,0.17755089291004886
gyro_norm,3.48,0.4296985173666234
gyro_norm,3.501,0.5546252260061897
gyro_norm,3.524,0.3890835966514153
gyro_norm,3.545,0.14552482790412868
gyro_norm,3.568,0.3382752204580571
gyro_norm,3.589,0.48404596444446524
gyro_norm,3.613,0.5847591159746818
gyro_norm,3.634,0.3921138793638707
gyro_norm,3.654,0.2378345155788468
gyro_norm,3.676,0.37614824500725225
gyro_norm,3.698,0.29859896758597865
gyro_norm,3.72,0.02800999793276269
gyro_norm,3.742,0.37803723415867097
gyro_norm,3.764,0.5403405565732053
gyro_norm,3.786,0.35881497993199
gyro_norm,3.807,0.40562588291664264
gyro_norm,3.832,0.42939617277463854
gyro_norm,3.851,0.44553412024762123
gyro_norm,3.874,0.43988704675706486
gyro_norm,3.896,0.39652963737077285
gyro_norm,3.917,0.3888488362357288
gyro_norm,3.938,0.44772828747638377
gyro_norm,3.961,0.5835039103762584
gyro_norm,3.982,0.6214508573405615
gyro_norm,4.015,0.533222153884333
gyro_norm,4.026,0.35885971866404814
gyro_norm,4.048,0.22016003744582202
gyro_norm,4.07,0.309755540871621
gyro_norm,4.092,0.4052555484297296
gyro_norm,4.114,0.441255050232739
gyro_norm,4.136,0.44998197443632043
gyro_norm,4.158,0.4888349180028616
gyro_norm,4.179,0.5395818647006467
gyro_norm,4.202,0.6301982271211397
gyro_norm,4.232,0.7600439295175864
gyro_norm,4.245,0.7321856359498843
gyro_norm,4.267,1.1028955522678354
gyro_norm,4.289,0.8576795929939691
gyro_norm,4.314,0.5412300180702017
gyro_norm,4.333,0.5351578496423102
gyro_norm,4.354,0.5532521402224274
gyro_norm,4.376,0.3240524986611137
gyro_norm,4.398,0.3775252351156614
gyro_norm,4.42,0.6276964886139702
gyro_norm,4.442,0.8052749522362553
gyro_norm,4.464,0.9130340634494613
gyro_norm,4.49,0.9301848779585059
gyro_norm,4.508,0.8293160144498422
gyro_norm,4.529,0.607202702778297
gyro_norm,4.551,0.4385380343580454
gyro_norm,4.573,0.4164625826641258
gyro_norm,4.595,0.2996869195851434
gyro_norm,4.617,0.16532450897455345
gyro_norm,4.639,0.24371797105019422
gyro_norm,4.661,0.44816378963136105
gyro_norm,4.683,0.4410534137794112
gyro_norm,4.714,0.5445763579883229
gyro_norm,4.726,0.7058676503009561
gyro_norm,4.748,0.7588450960353431
gyro_norm,4.77,0.5918432202369762
gyro_norm,4.792,0.2978262999354688
gyro_norm,4.814,0.3668079796885618
gyro_norm,4.836,0.45928367430851913
gyro_norm,4.857,1.1121853592927542
gyro_norm,4.879,1.2784914464661672
gyro_norm,4.902,0.9751507516793094
gyro_norm,4.929,0.6277356082073206
gyro_norm,4.945,0.35566157787900016
gyro_norm,4.967,0.3038242694304754
gyro_norm,4.993,0.7069572214431654
gyro_norm,5.01,0.8944287177038839
gyro_norm,5.034,0.8349179948635609
gyro_norm,5.056,0.694701710706845
gyro_norm,5.077,0.6518177199956787
gyro_norm,5.099,0.7002027148620736
gyro_norm,5.12,0.6409219656759944
gyro_norm,5.142,0.6686155452894105
gyro_norm,5.168,0.8545970931055816
gyro_norm,5.186,0.9443879256008799
gyro_norm,5.209,0.9156580949157282
gyro_norm,5.23,0.6742063956516712
gyro_norm,5.252,0.2425727951518989
gyro_norm,5.274,0.3141714439838273
gyro_norm,5.297,0.5609866018483602
gyro_norm,5.317,0.5509931328004335
gyro_norm,5.339,0.26282373489922173
gyro_norm,5.361,0.328956389619183
gyro_norm,5.388,0.8616679971880657
gyro_norm,5.404,1.4836436283955456
gyro_norm,5.426,0.6460882634978518
gyro_norm,5.455,0.8420059613815822
gyro_norm,5.47,1.379597739432806
gyro_norm,5.492,1.3214224852936967
gyro_norm,5.514,0.8977858495119535
gyro_norm,5.536,0.6232129801409123
gyro_norm,5.558,0.5470534522561171
gyro_norm,5.58,0.5674065360616918
gyro_norm,5.606,0.7466167377329084
gyro_norm,5.623,0.8085937572382179
gyro_norm,5.654,0.6315302949035145
gyro_norm,5.667,0.4301226900288908
gyro_norm,5.689,0.2712836829479219
gyro_norm,5.711,0.15363469895052523
gyro_norm,5.734,0.31755782444624636
gyro_norm,5.754,0.35930475258672834
gyro_norm,5.78,0.31225682904515445
gyro_norm,5.798,0.4163460474613517
gyro_norm,5.822,0.45567680830915697
gyro_norm,5.842,0.5291431330145339
gyro_norm,5.872,0.6453745439501183
gyro_norm,5.886,0.7120485944940748
gyro_norm,5.908,0.7038476666125011
gyro_norm,5.934,0.7251500971789515
gyro_norm,5.957,0.8417346549069784
gyro_norm,5.973,0.8774874238732326
gyro_norm,5.995,0.8172400185492362
gyro_norm,6.017,0.710593676383293
gyro_norm,6.039,0.8110053476323194
gyro_norm,6.061,0.6721647401533822
gyro_norm,6.087,0.28017244765906785
gyro_norm,6.104,0.3720034600572079
gyro_norm,6.126,0.567737389122887
gyro_norm,6.148,0.6047160209588515
gyro_norm,6.17,0.548245191727398
gyro_norm,6.192,0.4820896562117088
gyro_norm,6.214,0.35632021971631556
gyro_norm,6.237,0.21674436425227728
gyro_norm,6.258,0.46095047842885173
gyro_norm,6.28,0.5402666805580063
gyro_norm,6.302,0.4343414467070462
gyro_norm,6.324,0.3235898333133731
gyro_norm,6.345,0.2667445718301439
gyro_norm,6.367,0.27962655270342646
gyro_norm,6.389,0.4525697391594057
gyro_norm,6.421,0.468956470254148
gyro_norm,6.434,0.22173176806985717
gyro_norm,6.454,0.14292759320711318
gyro_norm,6.476,0.15605121905830988
gyro_norm,6.499,0.3101100019831682
gyro_norm,6.528,0.4404431778669092
gyro_norm,6.542,0.5852598819187935
gyro_norm,6.566,0.49060111125160866
gyro_norm,6.586,0.1795819127113645
gyro_norm,6.608,0.34209423988863313
gyro_norm,6.63,0.5268424100350707
gyro_norm,6.652,0.42592397550665895
gyro_norm,6.673,0.36785108187899745
gyro_norm,6.698,0.5416341373415738
gyro_norm,6.717,0.46280397332626283
gyro_norm,6.739,0.19341793993976128
gyro_norm,6.761,0.3178693515266274
gyro_norm,6.783,0.2967553420685892
gyro_norm,6.805,0.23564866232228987
gyro_norm,6.827,0.24828934068729291
gyro_norm,6.849,0.2571665446132148
gyro_norm,6.87,0.2349808050026488
gyro_norm,6.893,0.2545812347294
gyro_norm,6.914,0.24547393026387976
gyro_norm,6.936,0.16707501039869896
gyro_norm,6.958,0.05732555779211574
gyro_norm,6.98,0.11797738570060547
gyro_norm,7.001,0.13821836289960385
gyro_norm,7.028,0.12127416532598702
gyro_norm,7.045,0.04939938200755139
gyro_norm,7.067,0.06009396789671636
gyro_norm,7.114,0.12930661445896743
gyro_norm,7.114,0.2946672770147127
gyro_norm,7.133,0.29786179866851087
gyro_norm,7.155,0.26626983208217336
gyro_norm,7.176,0.22508098582480354
gyro_norm,7.198,0.08756738915681057
gyro_norm,7.22,0.12022188511466556
gyro_norm,7.243,0.16811021758777164
gyro_norm,7.264,0.18352358041319292
gyro_norm,7.286,0.13993420747133054
gyro_norm,7.308,0.0743028290699147
gyro_norm,7.33,0.16512886688318884
gyro_norm,7.351,0.1333454680628295
gyro_norm,7.373,0.04238060325955093
gyro_norm,7.395,0.08119763739642358
gyro_norm,7.417,0.1039504935215057
gyro_norm,7.439,0.12969147976051304
gyro_norm,7.461,0.13658915952255388
gyro_norm,7.483,0.11742961233466917
gyro_norm,7.505,0.11937152251653171
gyro_norm,7.528,0.17317161390209246
gyro_norm,7.548,0.12412153469703192
gyro_norm,7.57,0.11710872500562511
gyro_norm,7.593,0.17502269032336823
gyro_norm,7.615,0.16687191806229967
gyro_norm,7.636,0.10001709992330762
gyro_norm,7.658,0.02489648661384387
gyro_norm,7.68,0.0991792629876177
gyro_norm,7.702,0.11864190524888517
gyro_norm,7.724,0.11578637328211033
gyro_norm,7.749,0.07785995464509154
gyro_norm,7.767,0.0424092081160523
gyro_norm,7.789,0.1234827336029933
gyro_norm,7.811,0.13602564298656433
gyro_norm,7.833,0.07999807219734498
gyro_norm,7.855,0.06216186878261609
gyro_norm,7.876,0.13758576374268575
gyro_norm,7.899,0.18271355360329644
gyro_norm,7.92,0.16221148851531467
gyro_norm,7.942,0.10443443225265572
gyro_norm,7.965,0.0514803088596299
gyro_norm,7.996,0.059074525408906245
gyro_norm,8.009,0.038075368020200014
gyro_norm,8.03,0.03850992406658807
gyro_norm,8.051,0.09811216538839952
gyro_norm,8.074,0.15612384040695648
gyro_norm,8.096,0.2355711932622472
gyro_norm,8.117,0.3322220974192152
gyro_norm,8.139,0.42752446574054603
gyro_norm,8.164,0.4658538501470039
gyro_norm,8.183,0.5097684825174408
gyro_norm,8.205,0.5940383082992301
gyro_norm,8.227,0.5775057532042267
gyro_norm,8.248,0.350708045078619
gyro_norm,8.27,0.14049442022541067
gyro_norm,8.293,0.3456881301719193
gyro_norm,8.314,0.59678114804432
gyro_norm,8.336,0.8601909542570304
gyro_norm,8.358,1.1764849035305085
gyro_norm,8.38,1.2923957968808995
gyro_norm,8.402,1.0559212442451347
gyro_norm,8.423,0.6860439392064587
gyro_norm,8.451,0.5866792212040859
gyro_norm,8.467,0.5693715698150436
gyro_norm,8.498,0.48856064966509266
gyro_norm,8.512,0.5459927149043191
gyro_norm,8.533,0.48695374127102314
gyro_norm,8.555,0.46313759204624344
gyro_norm,8.577,0.43054443864867964
gyro_norm,8.599,0.32325789446137115
gyro_norm,8.621,0.28567428357193264
gyro_norm,8.642,0.22164844127973798
gyro_norm,8.668,0.13509031417664719
gyro_norm,8.688,0.10383106120996212
gyro_norm,8.708,0.1264218051518409
gyro_norm,8.73,0.1590874016083183
gyro_norm,8.752,0.08124171046367308
gyro_norm,8.774,0.13115156165675773
gyro_norm,8.795,0.17767641897281303
gyro_norm,8.819,0.1324764395430171
gyro_norm,8.839,0.15181387489501277
gyro_norm,8.861,0.22426133583466523
gyro_norm,8.883,0.20149078034489884
gyro_norm,8.909,0.11568148338877457
gyro_norm,8.926,0.10635463395501538
gyro_norm,8.949,0.09807959202759035
gyro_norm,8.976,0.20336396198744383
gyro_norm,8.993,0.33705504687866994
gyro_norm,9.014,0.3392566479944717
gyro_norm,9.036,0.23810968501232438
gyro_norm,9.058,0.5088780925222975
gyro_norm,9.08,0.4435802352173805
gyro_norm,9.102,0.47343236921172294
gyro_norm,9.136,0.5366079672575412
gyro_norm,9.146,0.47262646840644673
gyro_norm,9.171,0.3089305583534631
gyro_norm,9.189,0.14308308639166173
gyro_norm,9.212,0.3373863725124398
gyro_norm,9.234,0.287962897507879
gyro_norm,9.255,0.19300269660354477
gyro_norm,9.277,0.22072742915403357
gyro_norm,9.298,0.27492686318607973
gyro_norm,9.32,0.3555299199660262
gyro_norm,9.349,0.4537539099086964
gyro_norm,9.364,0.5809225754914271
gyro_norm,9.392,0.697505476911162
gyro_norm,9.409,0.8172761643603559
gyro_norm,9.434,0.925076231323994
gyro_norm,9.452,1.000195090628337
gyro_norm,9.474,1.0651114439176108
gyro_norm,9.496,1.1248614520546798
gyro_norm,9.518,1.0055060614547933
gyro_norm,9.539,0.8063850363302261
gyro_norm,9.561,0.5907578131256271
gyro_norm,9.583,0.42392198612441745
gyro_norm,9.61,0.3648665243517118
gyro_norm,9.627,0.42726937958921446
gyro_norm,9.649,0.6203074691049931
gyro_norm,9.671,0.679623881769357
gyro_norm,9.694,0.6672114016706148
gyro_norm,9.714,0.771911993566791
gyro_norm,9.736,0.8654450499376052
gyro_norm,9.758,0.9933101453093581
gyro_norm,9.78,0.9192952127152701
gyro_norm,9.802,0.600601147939985
gyro_norm,9.833,0.5994896748729129
gyro_norm,9.846,0.8276468959690093
gyro_norm,9.867,0.8185127557971352
gyro_norm,9.889,0.7299320981862181
gyro_norm,9.912,0.8088430187002609
gyro_norm,9.936,0.8661113753987275
gyro_norm,9.955,0.8294207853645574
gyro_norm,9.977,0.7804717686142146
gyro_norm,9.999,0.7800778461159517
gyro_norm,10.02,0.7811420618502752
gyro_norm,10.042,0.7588824762431474
gyro_norm,10.064,0.7097782760635409
gyro_norm,10.087,0.6798978767031999
gyro_norm,10.108,0.6118514993369487
gyro_norm,10.13,0.5165881922123816
gyro_norm,10.151,0.4111730841457647
gyro_norm,10.174,0.2858510340918776
gyro_norm,10.196,0.48801604776774804
gyro_norm,10.22,0.8360950411389367
gyro_norm,10.241,0.9077284558787
gyro_norm,10.261,0.7744809540355622
gyro_norm,10.289,0.7209441130741938
gyro_norm,10.305,0.8181746123992736
gyro_norm,10.333,1.130491416746172
gyro_norm,10.349,0.6915860435121233
gyro_norm,10.371,0.5437240800759109
gyro_norm,10.395,0.7944451640858243
gyro_norm,10.416,0.8043563854381465
gyro_norm,10.436,0.7647980471475471
gyro_norm,10.458,0.657357638783517
gyro_norm,10.48,0.8503927406800971
gyro_norm,10.502,0.9480164401248176
gyro_norm,10.531,1.047243403937637
gyro_norm,10.546,1.2130397904599137
gyro_norm,10.57,1.3134870927993592
gyro_norm,10.589,1.2240710626551186
gyro_norm,10.612,1.0406747248275008
gyro_norm,10.633,0.8908200336789581
gyro_norm,10.655,0.7645209605288434
gyro_norm,10.677,0.6765238876273866
gyro_norm,10.699,0.6863517951798283
gyro_norm,10.721,0.7073757578071356
gyro_norm,10.747,0.6911820405122322
gyro_norm,10.764,0.8102825761516366
gyro_norm,10.786,0.9804711361670975
gyro_norm,10.808,1.0709836049148187
gyro_norm,10.83,1.0024164795880393
gyro_norm,10.852,0.8675981226714029
gyro_norm,10.874,0.9223201293515289
gyro_norm,10.899,1.108006371917903
gyro_norm,10.918,1.3571695467535494
gyro_norm,10.939,0.9068521940604927
gyro_norm,10.961,0.40016892465021336
gyro_norm,10.983,0.2756727819310891
gyro_norm,11.015,0.3271484671427048
gyro_norm,11.027,0.2997319817135601
gyro_norm,11.052,0.4090045066944004
gyro_norm,11.071,0.7268785201477034
gyro_norm,11.093,0.787970655438787
gyro_norm,11.114,0.6637971265575009
gyro_norm,11.137,0.6340843061583059
gyro_norm,11.158,0.7289979402151257
gyro_norm,11.18,0.8484061371775791
gyro_norm,11.216,1.0201978014838013
gyro_norm,11.224,1.212331232902632
gyro_norm,11.246,1.2087899588642508
gyro_norm,11.268,0.8819983575336537
gyro_norm,11.29,0.5513981647881492
gyro_norm,11.312,0.8882526430004205
gyro_norm,11.334,1.1498496567197611
gyro_norm,11.357,1.0288916162429649
gyro_norm,11.377,0.7175820435988284
gyro_norm,11.399,0.5415503485385484
gyro_norm,11.421,0.4769989088734331
gyro_norm,11.443,0.7370626477118339
gyro_norm,11.465,0.8643567069839352
gyro_norm,11.486,0.7931114350975537
gyro_norm,11.508,1.0607422646284603
gyro_norm,11.536,0.8429429815662665
gyro_norm,11.553,0.7140067564450447
gyro_norm,11.574,0.8737361557133462
gyro_norm,11.596,0.7119793473769729
gyro_norm,11.618,0.5513638342597846
gyro_norm,11.64,0.6444044884922124
gyro_norm,11.662,0.758208554358796
gyro_norm,11.689,0.9276947218950551
gyro_norm,11.705,1.1897256376977279
gyro_norm,11.727,1.1692160955732744
gyro_norm,11.756,0.8592317978170817
gyro_norm,11.771,0.5044989737271705
gyro_norm,11.794,0.367440948392873
gyro_norm,11.815,0.46543136972747434
gyro_norm,11.836,0.5621813303020051
gyro_norm,11.858,0.6445981881163647
gyro_norm,11.88,0.6378954278428864
gyro_norm,11.902,0.659453145007559
gyro_norm,11.93,0.7075549128066486
gyro_norm,11.947,0.5765546812055768
gyro_norm,11.968,0.4356716763117824
gyro_norm,11.99,0.6405611471095985
gyro_norm,12.016,1.1307898216499324
gyro_norm,12.033,1.1787842942577238
gyro_norm,12.06,0.6510976160954527
gyro_norm,12.077,0.607015933361138
gyro_norm,12.099,0.7709086071408822
gyro_norm,12.121,0.723538770354806
gyro_norm,12.155,0.8773270038933628
gyro_norm,12.164,1.1075353842455768
gyro_norm,12.186,1.082435713775481
gyro_norm,12.208,0.9677262690981281
gyro_norm,12.231,0.8826604086897168
gyro_norm,12.253,0.7665153553662898
gyro_norm,12.274,0.6637859100787091
gyro_norm,12.296,0.6074175757986491
gyro_norm,12.318,0.6807309714770291
gyro_norm,12.34,0.8040002510535397
gyro_norm,12.362,0.7844673231126186
gyro_norm,12.383,0.788639010365809
gyro_norm,12.413,0.8652571212383597
gyro_norm,12.427,1.0034899558104335
gyro_norm,12.449,1.1307725443667795
gyro_norm,12.471,1.1928020477790278
gyro_norm,12.495,1.1866678682652478
gyro_norm,12.515,1.089087534478915
gyro_norm,12.537,0.9472303641439145
gyro_norm,12.558,0.48458064895255826
gyro_norm,12.581,0.4252239646657416
gyro_norm,12.61,0.3132320750283029
gyro_norm,12.624,0.7468092643475709
gyro_norm,12.654,0.7598034730140201
gyro_norm,12.668,0.5626748306250657
gyro_norm,12.69,0.3893035660261718
gyro_norm,12.712,0.20493972737136193
gyro_norm,12.734,0.31443237180545675
gyro_norm,12.755,0.33248489950469434
gyro_norm,12.777,0.22554573959358132
gyro_norm,12.8,0.17312319082248115
gyro_norm,12.821,0.14831148161324506
gyro_norm,12.843,0.06001901700592885
gyro_norm,12.865,0.05385969051178974
gyro_norm,12.887,0.10610523039323369
gyro_norm,12.908,0.14197129085970409
gyro_norm,12.931,0.1437118593891
gyro_norm,12.953,0.1655951335009615
gyro_norm,12.977,0.1687106162520044
gyro_norm,12.996,0.17436057635095045
gyro_norm,13.018,0.26341972065273944
gyro_norm,13.04,0.31200352179596275
gyro_norm,13.062,0.33163913876188067
gyro_norm,13.088,0.4055621478648507
gyro_norm,13.105,0.3962893533760887
gyro_norm,13.127,0.5185368280524735
gyro_norm,13.149,0.6706894867917016
gyro_norm,13.171,0.5432719922015256
gyro_norm,13.193,0.25218623466193807
gyro_norm,13.215,0.3618772799447594
gyro_norm,13.237,0.49340559782727983
gyro_norm,13.258,0.4241418103362339
gyro_norm,13.28,0.4298331579260609
gyro_norm,13.306,0.3457500704872115
gyro_norm,13.324,0.14991800072849804
gyro_norm,13.346,0.21341939285788303
gyro_norm,13.37,0.22271126791808002
gyro_norm,13.39,0.10983045009136219
gyro_norm,13.412,0.16379878100952955
gyro_norm,13.434,0.23326283382188825
gyro_norm,13.456,0.24248604675967714
gyro_norm,13.478,0.21840328035943948
gyro_norm,13.5,0.15372058614354195
gyro_norm,13.521,0.09017888281883385
gyro_norm,13.543,0.10370654790271104
gyro_norm,13.565,0.1485762110476793
gyro_norm,13.587,0.13476475216285747
gyro_norm,13.612,0.06320550280645462
gyro_norm,13.631,0.08674629468213266
gyro_norm,13.657,0.1066166910870552
gyro_norm,13.674,0.11083135305733764
gyro_norm,13.696,0.051561565048875393
gyro_norm,13.718,0.08224728052100261
gyro_norm,13.749,0.034793160490896535
gyro_norm,13.762,0.06467309989308752
gyro_norm,13.784,0.10795317566027088
gyro_norm,13.806,0.08355976327724689
gyro_norm,13.827,0.09375555368736319
gyro_norm,13.85,0.10932666408299363
gyro_norm,13.871,0.1283486735333792
gyro_norm,13.895,0.14199074620824423
gyro_norm,13.915,0.11620599003717047
gyro_norm,13.937,0.06573771348745305
gyro_norm,13.959,0.06654659650079592
gyro_norm,13.981,0.07432714432137803
gyro_norm,14.011,0.08587770927837533
gyro_norm,14.024,0.11020851684285021
gyro_norm,14.046,0.1578823242345296
gyro_norm,14.069,0.22918355602826435
gyro_norm,14.091,0.29533063962343103
gyro_norm,14.112,0.3725726221587256
gyro_norm,14.134,0.46281162565155
gyro_norm,14.156,0.5958045922435469
gyro_norm,14.177,0.8065319720342233
gyro_norm,14.199,1.0142836315149797
gyro_norm,14.221,1.1658165106194287
gyro_norm,14.244,1.2604738812817504
gyro_norm,14.265,1.3432678115249534
gyro_norm,14.287,1.2798711935557792
gyro_norm,14.311,1.1667919412477423
gyro_norm,14.331,1.0937392287823693
gyro_norm,14.353,0.9932264526178576
gyro_norm,14.374,0.8380176766778754
gyro_norm,14.396,0.646541638408173
gyro_norm,14.418,0.48855977202548123
gyro_norm,14.44,0.38983823174622717
gyro_norm,14.462,0.3649177358784443
gyro_norm,14.483,0.4025770654826822
gyro_norm,14.506,0.527959945585783
gyro_norm,14.527,0.7037391988496235
gyro_norm,14.552,0.9053206903280875
gyro_norm,14.573,1.074332421912276
gyro_norm,14.593,1.1418314185737326
gyro_norm,14.615,1.0774858081963286
gyro_norm,14.637,0.9999547251891113
gyro_norm,14.659,0.9571239834374544
gyro_norm,14.68,0.9176490264571283
gyro_norm,14.71,0.8990013620806377
gyro_norm,14.725,0.8525423048443701
gyro_norm,14.746,0.8039463613244685
gyro_norm,14.768,0.70306605391712
gyro_norm,14.79,0.5362628783328248
gyro_norm,14.812,0.3243040109313118
gyro_norm,14.834,0.22931373054677165
gyro_norm,14.856,0.25917199064836444
gyro_norm,14.878,0.2803745417430635
gyro_norm,14.899,0.4057364883835893
gyro_norm,14.921,0.458212950112493
gyro_norm,14.943,0.17059287576526935
gyro_norm,14.968,0.27862709562259647
gyro_norm,14.987,0.6073148997798176
gyro_norm,15.009,0.5793831026679522
gyro_norm,15.03,0.4839135597777687
gyro_norm,15.053,1.1395837737069279
gyro_norm,15.074,1.4129715890781225
gyro_norm,15.097,1.2816678852101089
gyro_norm,15.118,0.9975313383103248
gyro_norm,15.14,0.6664297439226152
gyro_norm,15.162,0.4979633898073938
gyro_norm,15.184,0.6721352337489296
gyro_norm,15.21,0.6117580060592551
gyro_norm,15.227,0.43912195584473623
gyro_norm,15.25,0.37230070069878257
gyro_norm,15.272,0.2424442580436555
gyro_norm,15.294,0.21674156432859948
gyro_norm,15.315,0.3235949973815544
gyro_norm,15.337,0.3456534580243734
gyro_norm,15.359,0.26071946151891634
gyro_norm,15.381,0.18468970300174586
gyro_norm,15.403,0.18003710882789037
gyro_norm,15.426,0.24564907753103613
gyro_norm,15.447,0.25186461639241947
gyro_norm,15.468,0.19000921567378776
gyro_norm,15.493,0.15171007003026385
gyro_norm,15.512,0.18624921642634962
gyro_norm,15.534,0.16648762845315676
gyro_norm,15.564,0.178872394847191
gyro_norm,15.577,0.2023431365108503
gyro_norm,15.599,0.23624840115688492
gyro_norm,15.622,0.2912584315669698
gyro_norm,15.643,0.36019395366794316
gyro_norm,15.675,0.29535977898055565
gyro_norm,15.687,0.23412786721881906
gyro_norm,15.709,0.41237017820074434
gyro_norm,15.731,0.3448515182686528
gyro_norm,15.754,0.20822632767834282
gyro_norm,15.775,0.3611493373989285
gyro_norm,15.796,0.18749723535447876
gyro_norm,15.818,0.12701305673847596
gyro_norm,15.841,0.29370073214793735
gyro_norm,15.863,0.37496231546270087
gyro_norm,15.884,0.43268317944880674
gyro_norm,15.909,0.3341095926351977
gyro_norm,15.928,0.36358440249271834
gyro_norm,15.95,0.4177715891959233
gyro_norm,15.976,0.36965607221361957
gyro_norm,15.993,0.2846368893997436
gyro_norm,16.016,0.2053210591736299
gyro_norm,16.037,0.16565322010221975
gyro_norm,16.059,0.06206180135790096
gyro_norm,16.081,0.06971523530788536
gyro_norm,16.103,0.13816098850093328
gyro_norm,16.125,0.1483341349225743
gyro_norm,16.147,0.10880447586547849
gyro_norm,16.174,0.0741812541131036
gyro_norm,16.19,0.12291566425371984
gyro_norm,16.214,0.2086392776262896
gyro_norm,16.24,0.22345453153255126
gyro_norm,16.256,0.18606242439223322
gyro_norm,16.278,0.2370368916020151
gyro_norm,16.3,0.45154047735152
gyro_norm,16.321,0.6435950527344635
gyro_norm,16.343,0.5754499125495725
gyro_norm,16.365,0.6534434762534015
gyro_norm,16.392,0.8189722621269349
gyro_norm,16.409,0.649824147073077
gyro_norm,16.431,0.5751513839016981
gyro_norm,16.453,0.4768209723938834
gyro_norm,16.475,0.7771069695317159
gyro_norm,16.497,0.46129282005756334
gyro_norm,16.518,0.31526895578651987
gyro_norm,16.54,0.3684062131612233
gyro_norm,16.562,0.13503885620496126
gyro_norm,16.584,0.1845491052470597
gyro_norm,16.606,0.2411342762071648
gyro_norm,16.628,0.27552189230304425
gyro_norm,16.65,0.23399719257488324
gyro_norm,16.672,0.22964955606447351
gyro_norm,16.694,0.1977512582054455
gyro_norm,16.716,0.23118593476604868
gyro_norm,16.737,0.27121906468163354
gyro_norm,16.759,0.2574357414481837
gyro_norm,16.781,0.19393760196270243
gyro_norm,16.803,0.17663165165061975
gyro_norm,16.825,0.16470580802710535
gyro_norm,16.847,0.165578798846263
gyro_norm,16.868,0.136574218775826
gyro_norm,16.89,0.05565955321268676
gyro_norm,16.914,0.12582349746479132
gyro_norm,16.934,0.1813396659376117
gyro_norm,16.956,0.09628462178997792
gyro_norm,16.978,0.22307800566689873
gyro_norm,17.018,0.21923040496529753
gyro_norm,17.022,0.2788168264938302
gyro_norm,17.043,0.25986719791034996
gyro_norm,17.066,0.20970407973199337
gyro_norm,17.088,0.13470174687395214
gyro_norm,17.109,0.10308309067690655
gyro_norm,17.133,0.11428733098578693
gyro_norm,17.154,0.06368723201180787
gyro_norm,17.175,0.05840910327876178
gyro_norm,17.197,0.14239751123830793
gyro_norm,17.219,0.2006179906894808
gyro_norm,17.241,0.21244359590034842
gyro_norm,17.263,0.1898867229823529
gyro_norm,17.284,0.21315029585523976
gyro_norm,17.306,0.23425459280454342
gyro_norm,17.329,0.24744896334469524
gyro_norm,17.35,0.24368154932431152
gyro_norm,17.372,0.2480579730441199
gyro_norm,17.394,0.28586713387168416
gyro_norm,17.416,0.30959975821240654
gyro_norm,17.437,0.33768247035077936
gyro_norm,17.46,0.38033365449011086
gyro_norm,17.481,0.4157825335000552
gyro_norm,17.503,0.3906953163767783
gyro_norm,17.525,0.34838151551766583
gyro_norm,17.547,0.26851633117894097
gyro_norm,17.568,0.1755953375033382
gyro_norm,17.591,0.1298775613609262
gyro_norm,17.619,0.1487686153461202
gyro_norm,17.634,0.13400530571217797
gyro_norm,17.657,0.16389386636148198
gyro_norm,17.678,0.25239334256286494
gyro_norm,17.7,0.3651848419655284
gyro_norm,17.724,0.426729274954406
gyro_norm,17.744,0.5219556797173649
gyro_norm,17.768,0.6213122646977037
gyro_norm,17.788,0.6142116599516076
gyro_norm,17.813,0.5753287313454034
gyro_norm,17.831,0.700075946860609
gyro_norm,17.853,0.7252322428044649
gyro_norm,17.875,0.6426471994252018
gyro_norm,17.897,0.7236700280137316
gyro_norm,17.919,0.895502646485017
gyro_norm,17.941,0.9220658417415646
gyro_norm,17.97,0.7736183174756925
gyro_norm,17.985,0.430611655454937
gyro_norm,18.011,0.29886984494542584
gyro_norm,18.028,0.519887099388793
gyro_norm,18.05,0.5504929715091601
gyro_norm,18.072,0.3652249246542407
gyro_norm,18.096,0.42177034703283894
gyro_norm,18.116,0.764106702205102
gyro_norm,18.138,0.9839170943192128
gyro_norm,18.16,1.0081719926569634
gyro_norm,18.182,0.9318833068844776
gyro_norm,18.214,0.827447207479876
gyro_norm,18.225,0.7812068846763276
gyro_norm,18.246,0.7299177221654314
gyro_norm,18.27,0.618163207735941
gyro_norm,18.291,0.4104727556893829
gyro_norm,18.314,0.38678044064096956
gyro_norm,18.334,0.5351441464864458
gyro_norm,18.357,0.6082792493941274
gyro_norm,18.378,0.6705641798347569
gyro_norm,18.4,0.6719629347068139
gyro_norm,18.422,0.6739190156084778
gyro_norm,18.444,0.6930785533321957
gyro_norm,18.472,0.684253736462035
gyro_norm,18.487,0.663853177192839
gyro_norm,18.51,0.6523170991021839
gyro_norm,18.531,0.5104629100152733
gyro_norm,18.555,0.4417244313071649
gyro_norm,18.581,0.40531675478856527
gyro_norm,18.597,0.36454135780687036
gyro_norm,18.619,0.9131830667475845
gyro_norm,18.641,1.0768941087346933
gyro_norm,18.663,1.096240303117999
gyro_norm,18.684,1.0570990569245993
gyro_norm,18.709,1.083485394930903
gyro_norm,18.736,1.1448502520687613
gyro_norm,18.75,1.1834101005305133
gyro_norm,18.772,1.1783910763580303
gyro_norm,18.794,1.1355050560294382
gyro_norm,18.816,1.0762865858096653
gyro_norm,18.838,1.0246967261257394
gyro_norm,18.86,0.984127151897591
gyro_norm,18.883,0.923419412783345
gyro_norm,18.906,0.8669394013428394
gyro_norm,18.926,0.8575224775010428
gyro_norm,18.947,0.8254617435963456
gyro_norm,18.969,0.6983687044410002
gyro_norm,18.991,0.589205899577205
gyro_norm,19.014,0.5739089401898939
gyro_norm,19.035,0.5226840054389155
gyro_norm,19.056,0.5809271508336314
gyro_norm,19.078,0.7827252770633173
gyro_norm,19.1,0.869955630099201
gyro_norm,19.122,0.7651023912995751
gyro_norm,19.144,0.6866276337800679
gyro_norm,19.171,0.7409682928805221
gyro_norm,19.188,0.9169650640830104
gyro_norm,19.213,1.0791057448353858
gyro_norm,19.231,1.0610060274573194
gyro_norm,19.254,1.0332327115342523
gyro_norm,19.275,0.8533698052208037
gyro_norm,19.297,0.4502449099321286
gyro_norm,19.319,0.18088677867868674
gyro_norm,19.341,0.4821931464197666
gyro_norm,19.363,0.7432135067571214
gyro_norm,19.385,0.8043148182004868
gyro_norm,19.406,0.7296463569051497
gyro_norm,19.429,0.8262384706498386
gyro_norm,19.455,1.0814894991276303
gyro_norm,19.472,1.3269834942764496
gyro_norm,19.494,1.3341830409409463
gyro_norm,19.516,1.1862889742909484
gyro_norm,19.537,0.9839968728875583
gyro_norm,19.56,0.6989221288662044
gyro_norm,19.581,0.42965341175779215
gyro_norm,19.604,0.29052277625651207
gyro_norm,19.629,0.3069567488027308
gyro_norm,19.647,0.6252626113790011
gyro_norm,19.669,0.7642384520025611
gyro_norm,19.696,0.5571078773014252
gyro_norm,19.714,0.23323492803637091
gyro_norm,19.735,0.38849763084876093
gyro_norm,19.757,0.7990077624356544
gyro_norm,19.778,0.36566147189730563
gyro_norm,19.8,0.9121056284764578
gyro_norm,19.822,1.4496398095531111
gyro_norm,19.851,1.373009254159731
gyro_norm,19.866,1.112446718123999
gyro_norm,19.889,0.8440899379537918
gyro_norm,19.91,0.9450954091031983
gyro_norm,19.932,1.0897315089429729
gyro_norm,19.953,1.0171292869157826
gyro_norm,19.975,1.0206285238863304
gyro_norm,19.997,1.0609520826821304
gyro_norm,20.02,0.9959200753778804
gyro_norm,20.04,0.8864225155838272
gyro_norm,20.066,0.712140316313889
gyro_norm,20.084,0.4693985470492243
gyro_norm,20.106,0.39052409447455133
gyro_norm,20.128,0.5570186468718252
gyro_norm,20.154,0.7363328287046795
gyro_norm,20.172,0.7084556375240915
gyro_norm,20.194,0.6390660786082955
gyro_norm,20.216,0.6567378956093824
gyro_norm,20.238,0.6238400622263615
gyro_norm,20.259,0.5063847324202485
gyro_norm,20.281,0.5128760393721202
gyro_norm,20.303,0.6855977796348285
gyro_norm,20.336,0.9193439972331439
gyro_norm,20.349,1.0974533834945563
gyro_norm,20.369,1.097887929964688
gyro_norm,20.391,0.9158007798117656
gyro_norm,20.414,0.3961172525210195
gyro_norm,20.434,0.15861714939474864
gyro_norm,20.456,0.26620019492737884
gyro_norm,20.478,0.42271484250382596
gyro_norm,20.5,0.3880243494533046
gyro_norm,20.522,0.2602378384827053
gyro_norm,20.544,0.3174292681843408
gyro_norm,20.57,0.49744017051917694
gyro_norm,20.587,0.4961870446107081
gyro_norm,20.61,0.38112557679760417
gyro_norm,20.636,0.26919022828468736
gyro_norm,20.653,0.3104222180695729
gyro_norm,20.675,0.506474817846503
gyro_norm,20.697,0.5134944875135397
gyro_norm,20.719,0.3662453111166864
gyro_norm,20.741,0.2545350627270575
gyro_norm,20.763,0.19982171775122975
gyro_norm,20.784,0.2133461095253731
gyro_norm,20.819,0.3201417008095573
gyro_norm,20.828,0.39457986928036937
gyro_norm,20.85,0.378807862094804
gyro_norm,20.873,0.3488023893974072
gyro_norm,20.894,0.4001788512055358
gyro_norm,20.916,0.6677822659685977
gyro_norm,20.938,0.8220535932275046
gyro_norm,20.96,0.5732247347184428
gyro_norm,20.981,0.583758133819342
gyro_norm,21.004,0.6339596777305918
gyro_norm,21.035,0.5636031860208988
gyro_norm,21.047,0.307228479638182
gyro_norm,21.07,0.43975012479148345
gyro_norm,21.091,0.3317508318886857
gyro_norm,21.114,0.24549991571496824
gyro_norm,21.135,0.329876709818663
gyro_norm,21.157,0.2709783164429145
gyro_norm,21.179,0.319769081103308
gyro_norm,21.2,0.3458713260848121
gyro_norm,21.222,0.2579868739016656
gyro_norm,21.244,0.18154217906797487
gyro_norm,21.266,0.2684899182667245
gyro_norm,21.294,0.28328183747268687
gyro_norm,21.309,0.2827593425561534
gyro_norm,21.332,0.23814795917054113
gyro_norm,21.354,0.19430356404670188
gyro_norm,21.375,0.1550419917492733
gyro_norm,21.397,0.09458583236903334
gyro_norm,21.419,0.05623482320411201
gyro_norm,21.443,0.04957375371317506
gyro_norm,21.463,0.14982120656295733
gyro_norm,21.485,0.280705279584184
gyro_norm,21.507,0.21801080660384908
gyro_norm,21.536,0.16126092509354104
gyro_norm,21.552,0.2610368753844652
gyro_norm,21.573,0.4448082227293395
gyro_norm,21.594,0.5228872980213993
gyro_norm,21.616,0.47994659598188893
gyro_norm,21.638,0.5602949798465094
gyro_norm,21.66,0.5233489165033455
gyro_norm,21.682,0.1996821375312628
gyro_norm,21.704,0.2906849243276921
gyro_norm,21.732,0.2588163275946009
gyro_norm,21.747,0.19170147434278417
gyro_norm,21.769,0.1288899309711457
gyro_norm,21.791,0.08293670509404276
gyro_norm,21.814,0.03340332942090044
gyro_norm,21.835,0.10568104231472107
gyro_norm,21.857,0.0797678682174583
gyro_norm,21.879,0.07668512490701264
gyro_norm,21.901,0.08008446621431911
gyro_norm,21.926,0.08066740553582402
gyro_norm,21.944,0.11988474066694027
gyro_norm,21.966,0.2293279101606538
gyro_norm,21.988,0.3703297787824691
gyro_norm,22.01,0.5057497574574539
gyro_norm,22.032,0.6159633108097495
gyro_norm,22.054,0.74125334395566
gyro_norm,22.077,0.9698132996439663
gyro_norm,22.097,1.2661744593007498
gyro_norm,22.119,1.3463454054943738
gyro_norm,22.141,1.2553603006964849
gyro_norm,22.175,1.4014908959559966
gyro_norm,22.185,1.7062630521020876
gyro_norm,22.207,1.7304566925620861
gyro_norm,22.229,1.831957764729765
gyro_norm,22.251,2.0531468292269452
gyro_norm,22.274,1.8098219819683474
gyro_norm,22.294,1.4062241558941384
gyro_norm,22.316,1.5956777908987179
gyro_norm,22.338,1.6995910875201996
gyro_norm,22.361,1.71603110300031
gyro_norm,22.382,1.6582278870425868
gyro_norm,22.409,1.2827128402113013
gyro_norm,22.426,0.8904283110211862
gyro_norm,22.447,0.5008463924915563
gyro_norm,22.47,0.3237860345899355
gyro_norm,22.492,0.5704478189378726
gyro_norm,22.514,0.9752904224899742
gyro_norm,22.535,1.925836344643017
gyro_norm,22.557,2.166959323946892
gyro_norm,22.579,2.026706418026718
gyro_norm,22.601,2.1262313766059
gyro_norm,22.632,2.675146954219102
gyro_norm,22.645,2.853099568895299
gyro_norm,22.669,2.2042753576319143
gyro_norm,22.688,2.207956771790528
gyro_norm,22.71,2.140930737627176
gyro_norm,22.742,1.9194336776100145
gyro_norm,22.754,2.0207238340550995
gyro_norm,22.776,1.818870834269574
gyro_norm,22.797,1.3492569257228417
gyro_norm,22.82,1.0631578672426405
gyro_norm,22.841,0.9100403589292537
gyro_norm,22.874,0.8184581554850086
gyro_norm,22.885,0.9776431662779504
gyro_norm,22.907,1.1528327651847603
gyro_norm,22.929,1.2817230841878366
gyro_norm,22.951,1.398663811031119
gyro_norm,22.974,1.3109702244776513
gyro_norm,22.995,1.1108942481219664
gyro_norm,23.017,0.8834808566813404
gyro_norm,23.039,0.7723817408386123
gyro_norm,23.06,0.7678004255412885
gyro_norm,23.082,0.6879979296952644
gyro_norm,23.104,0.44430202717772616
gyro_norm,23.126,0.10164074074545919
gyro_norm,23.148,0.257390632337995
gyro_norm,23.17,0.5129260556089977
gyro_norm,23.191,0.701754010614674
gyro_norm,23.215,0.7195588899745531
gyro_norm,23.235,0.7084442383604442
gyro_norm,23.257,0.7180073671056428
gyro_norm,23.279,0.7718114724727972
gyro_norm,23.301,1.1891544179100564
gyro_norm,23.323,1.3003509213950109
gyro_norm,23.356,1.0982837728820385
gyro_norm,23.37,1.160434360150557
gyro_norm,23.388,1.3130937310862008
gyro_norm,23.416,1.1628589163293632
gyro_norm,23.432,0.8863760830169238
gyro_norm,23.454,0.7294115615687894
gyro_norm,23.476,0.7189612901471739
gyro_norm,23.498,0.798119477122353
gyro_norm,23.52,0.9570588829868597
gyro_norm,23.543,1.0693791268166497
gyro_norm,23.572,1.1277387381619828
gyro_norm,23.586,1.2451216218665693
gyro_norm,23.607,1.417479063025097
gyro_norm,23.629,1.5238784669533783
gyro_norm,23.651,1.413251786515511
gyro_norm,23.674,1.0680144494560777
gyro_norm,23.694,0.8035993382947179
gyro_norm,23.717,0.7626072575493171
gyro_norm,23.739,0.6485508898699734
gyro_norm,23.76,0.25900005136960547
gyro_norm,23.782,0.2072235559147777
gyro_norm,23.804,0.2450142762428955
gyro_norm,23.826,0.3276162469313136
gyro_norm,23.848,0.6030845285490264
gyro_norm,23.869,0.9147623222790141
gyro_norm,23.892,0.4181700967104116
gyro_norm,23.914,0.49076782179694717
gyro_norm,23.935,0.8959440826650205
gyro_norm,23.958,1.3345319629319736
gyro_norm,23.979,1.413352702786687
gyro_norm,24.001,1.2743671384119928
gyro_norm,24.023,1.3158585797643794
gyro_norm,24.056,1.523962636696478
gyro_norm,24.066,1.7058571916273078
gyro_norm,24.088,1.7488990053036422
gyro_norm,24.11,1.6594575569661572
gyro_norm,24.132,1.484412517283137
gyro_norm,24.154,1.2803364784477476
gyro_norm,24.176,1.0682920679272077
gyro_norm,24.198,0.8587533820920362
gyro_norm,24.22,0.6964724987800904
gyro_norm,24.241,0.6052697248369752
gyro_norm,24.271,0.5105664754473205
gyro_norm,24.285,0.47690591307766295
gyro_norm,24.307,0.425212696830778
gyro_norm,24.331,0.5572190489444241
gyro_norm,24.351,0.9526555765650746
gyro_norm,24.374,1.2653370933003276
gyro_norm,24.394,1.2711689509127886
gyro_norm,24.416,1.1986863565861756
gyro_norm,24.438,1.5416641711225731
gyro_norm,24.46,2.4241674815957275
gyro_norm,24.482,2.8974168151477007
gyro_norm,24.504,2.408610239448203
gyro_norm,24.526,1.5704856349533864
gyro_norm,24.548,1.0717703329435877
gyro_norm,24.572,0.6971929954852525
gyro_norm,24.592,0.4615637118333841
gyro_norm,24.613,0.5454301008445406
gyro_norm,24.635,0.7986438502138525
gyro_norm,24.657,0.9879699745546477
gyro_norm,24.679,0.928179756995969
gyro_norm,24.701,0.9919799465641082
gyro_norm,24.729,1.2424055150997118
gyro_norm,24.744,1.5755315683002826
gyro_norm,24.766,1.8216008483088968
gyro_norm,24.788,1.8472511536973368
gyro_norm,24.811,1.7273141779307746
gyro_norm,24.832,1.3845011426324596
gyro_norm,24.854,0.8654899823010352
gyro_norm,24.876,0.5164134517564363
gyro_norm,24.898,0.6414640161269863
gyro_norm,24.92,0.824113588458045
gyro_norm,24.941,0.8720491857672222
gyro_norm,24.971,0.8710988531067935
gyro_norm,24.985,0.9141123551662277
gyro_norm,25.007,1.0743131317620493
gyro_norm,25.029,1.374315630865074
gyro_norm,25.051,1.607008197210938
gyro_norm,25.074,1.671853901096995
gyro_norm,25.094,1.9999757982935535
gyro_norm,25.117,1.604559217796577
gyro_norm,25.142,1.1642640347869448
gyro_norm,25.16,0.9989318132607595
gyro_norm,25.182,1.0893936065561725
gyro_norm,25.204,1.2499480304517998
gyro_norm,25.226,1.3467212832568782
gyro_norm,25.259,1.432839712299999
gyro_norm,25.269,1.4598534972296955
gyro_norm,25.291,1.3689460362178563
gyro_norm,25.314,1.1314613435958707
gyro_norm,25.335,0.8642135259945741
gyro_norm,25.357,0.6959608396541144
gyro_norm,25.379,0.6737057680841726
gyro_norm,25.401,0.7448450538640335
gyro_norm,25.423,0.7242288235756489
gyro_norm,25.454,0.7306226670179273
gyro_norm,25.466,0.7866217274956718
gyro_norm,25.488,0.7828244908268226
gyro_norm,25.51,0.8057850271165308
gyro_norm,25.533,0.7853966452545004
gyro_norm,25.554,0.7347727282430381
gyro_norm,25.576,0.5632790288028334
gyro_norm,25.598,0.38335166524568903
gyro_norm,25.62,0.5754472310278358
gyro_norm,25.642,1.1311660203456841
gyro_norm,25.67,0.9160509451766151
gyro_norm,25.685,0.4184622714832834
gyro_norm,25.707,0.553318124288854
gyro_norm,25.729,0.8119031317181084
gyro_norm,25.754,1.0434282073112928
gyro_norm,25.773,1.3226693263909615
gyro_norm,25.795,1.2798457521224422
gyro_norm,25.817,1.0740432111437603
gyro_norm,25.838,0.882377491021794
gyro_norm,25.86,0.8193550709246037
gyro_norm,25.884,0.8718293744124435
gyro_norm,25.904,0.8513787632082569
gyro_norm,25.934,0.8587028577171898
gyro_norm,25.948,0.7995992775236862
gyro_norm,25.97,0.5484759958614969
gyro_norm,25.991,0.2912315029513015
gyro_norm,26.014,0.16221227333803004
gyro_norm,26.035,0.1602628918922841
gyro_norm,26.058,0.2620294423942305
gyro_norm,26.079,0.49192371054070255
gyro_norm,26.101,0.5754087554399379
gyro_norm,26.123,0.8105729700210399
gyro_norm,26.153,0.9845924380250038
gyro_norm,26.166,0.6409203315080524
gyro_norm,26.189,0.5136744620529407
gyro_norm,26.219,0.942183718705924
gyro_norm,26.233,0.9558032540274222
gyro_norm,26.254,0.9794813400848198
gyro_norm,26.276,0.7096656890381959
gyro_norm,26.298,0.305662494467858
gyro_norm,26.32,0.23579350480135353
gyro_norm,26.341,0.45488985694107653
gyro_norm,26.363,0.6387928930474553
gyro_norm,26.385,0.7415835839902081
gyro_norm,26.407,0.7168707371828147
gyro_norm,26.432,0.5812912844345344
gyro_norm,26.451,0.37823662751422915
gyro_norm,26.474,0.17863833057811584
gyro_norm,26.495,0.236262065598085
gyro_norm,26.516,0.31713124304167084
gyro_norm,26.539,0.30119854132953733
gyro_norm,26.56,0.2633781499881892
gyro_norm,26.582,0.26531347941183997
gyro_norm,26.604,0.2604329253898871
gyro_norm,26.626,0.25351969623759973
gyro_norm,26.648,0.3058765248466356
gyro_norm,26.678,0.3997099882774342
gyro_norm,26.692,0.5576502371381051
gyro_norm,26.714,0.6553543412090221
gyro_norm,26.735,0.5930696966700204
gyro_norm,26.757,0.8311323152315477
gyro_norm,26.779,1.1640316633029466
gyro_norm,26.803,0.8298041608751323
gyro_norm,26.823,0.4218074235870948
gyro_norm,26.844,0.5879315909002841
gyro_norm,26.866,0.5599877772534677
gyro_norm,26.889,0.45577801483440594
gyro_norm,26.912,0.19316069182452236
gyro_norm,26.933,0.12956148826793623
gyro_norm,26.954,0.24313137833155907
gyro_norm,26.976,0.2702209847753485
gyro_norm,26.998,0.21338180161626555
gyro_norm,27.02,0.1398662710618856
gyro_norm,27.042,0.17151743083272508
gyro_norm,27.064,0.17900232690133194
gyro_norm,27.085,0.1892853678364705
gyro_norm,27.108,0.23076680574337358
gyro_norm,27.136,0.25050320692862144
gyro_norm,27.151,0.20577820553983078
gyro_norm,27.174,0.14654581657848814
gyro_norm,27.195,0.14842144839623767
gyro_norm,27.217,0.18240005363055065
gyro_norm,27.239,0.14936713655822867
gyro_norm,27.261,0.06792644023960386
gyro_norm,27.282,0.06093567430839511
gyro_norm,27.304,0.07428304765132797
gyro_norm,27.337,0.1241162734145825
gyro_norm,27.348,0.1387077589171115
gyro_norm,27.371,0.15993936008395088
gyro_norm,27.391,0.1506878604323491
gyro_norm,27.414,0.0904608554391566
gyro_norm,27.436,0.10640384579687986
gyro_norm,27.457,0.13511310886810643
gyro_norm,27.479,0.12742618032234168
gyro_norm,27.501,0.07115509608354521
gyro_norm,27.523,0.12241191179874338
gyro_norm,27.545,0.1888949315423344
gyro_norm,27.569,0.15902831192415362
gyro_norm,27.589,0.10430706364786613
gyro_norm,27.61,0.09457991147920092
gyro_norm,27.634,0.11927623688179373
gyro_norm,27.654,0.11933087160895324
gyro_norm,27.676,0.08428177271561958
gyro_norm,27.698,0.04620213870647727
gyro_norm,27.72,0.10506130614170951
gyro_norm,27.742,0.0902718077008757
gyro_norm,27.763,0.06641767666096145
gyro_norm,27.785,0.08140102671710281
gyro_norm,27.807,0.11695498728765781
gyro_norm,27.829,0.1611842582344549
gyro_norm,27.851,0.22749024199758563
gyro_norm,27.873,0.3415089997709588
gyro_norm,27.895,0.4290362939775361
gyro_norm,27.917,0.5135013673884817
gyro_norm,27.938,0.6272954759680133
gyro_norm,27.961,0.7590184470975431
gyro_norm,27.983,0.8616611441295322
gyro_norm,28.01,0.9465244583863761
gyro_norm,28.026,1.1062793530599073
gyro_norm,28.048,1.3539999575550459
gyro_norm,28.077,1.5412725478035745
gyro_norm,28.092,1.6355874721176342
gyro_norm,28.114,1.6062382638968702
gyro_norm,28.136,1.424384648334751
gyro_norm,28.157,1.1497162512836026
gyro_norm,28.18,1.0932776459747322
gyro_norm,28.201,1.1883494004299664
gyro_norm,28.223,1.2257716542714399
gyro_norm,28.251,1.2974651962650523
gyro_norm,28.266,1.1891043252006335
gyro_norm,28.289,0.9370931633087624
gyro_norm,28.31,0.7628541474199984
gyro_norm,28.334,0.7581651726136445
gyro_norm,28.355,0.7970222119799809
gyro_norm,28.376,0.7909229358905353
gyro_norm,28.398,0.9185306200350537
gyro_norm,28.42,1.0481376449795905
gyro_norm,28.444,1.0490946944128798
gyro_norm,28.463,0.9407013490018169
gyro_norm,28.486,0.9734588602156111
gyro_norm,28.508,0.821585254935624
gyro_norm,28.529,0.7697612872710098
gyro_norm,28.551,0.8461492182532893
gyro_norm,28.574,0.8209814010450541
gyro_norm,28.595,1.1505266658854327
gyro_norm,28.617,1.4665977559522758
gyro_norm,28.638,1.2667897739230933
gyro_norm,28.661,0.8092181964811165
gyro_norm,28.683,0.6385849920487037
gyro_norm,28.705,0.6335642772659783
gyro_norm,28.726,0.654319786315767
gyro_norm,28.748,0.6437705156581376
gyro_norm,28.771,0.5974833857397555
gyro_norm,28.793,0.5573673670366842
gyro_norm,28.814,0.4258645779813768
gyro_norm,28.836,0.31763827263166294
gyro_norm,28.859,0.36255805627684207
gyro_norm,28.88,0.5175375057831915
gyro_norm,28.901,0.5199098979905742
gyro_norm,28.923,0.45279905256447756
gyro_norm,28.945,0.36907633478020985
gyro_norm,28.977,0.2929802419673451
gyro_norm,28.989,0.2909032285441334
gyro_norm,29.011,0.37551422018690744
gyro_norm,29.034,0.4035302367838796
gyro_norm,29.054,0.37229565154524136
gyro_norm,29.076,0.265632522874527
gyro_norm,29.098,0.11912303610655317
gyro_norm,29.121,0.09559326654621658
gyro_norm,29.143,0.2746497143028909
gyro_norm,29.164,0.36956353205178716
gyro_norm,29.186,0.21777103886636992
gyro_norm,29.208,0.261451020951768
gyro_norm,29.229,0.48276885229934596
gyro_norm,29.252,0.517794593167123
gyro_norm,29.273,0.21879759346815997
gyro_norm,29.295,0.10827589010136027
gyro_norm,29.317,0.19425457737586294
gyro_norm,29.339,0.3532359004261125
gyro_norm,29.36,0.4339065350322975
gyro_norm,29.382,0.3993577812014937
gyro_norm,29.404,0.4091237370897962
gyro_norm,29.426,0.5933234963981131
gyro_norm,29.462,0.6565526493598023
gyro_norm,29.473,0.4545251228155312
gyro_norm,29.492,0.4947447293294426
gyro_norm,29.514,0.617775722797743
gyro_norm,29.536,0.5546421358927197
gyro_norm,29.558,0.4007720669905932
gyro_norm,29.579,0.2719580794804767
gyro_norm,29.601,0.12717609935304575
gyro_norm,29.623,0.23922074560249681
gyro_norm,29.645,0.39968512082231034
gyro_norm,29.668,0.38657423946558117
gyro_norm,29.691,0.272479678109222
gyro_norm,29.71,0.19936653363449972
gyro_norm,29.733,0.21614801950783827
gyro_norm,29.755,0.23229835476941352
gyro_norm,29.776,0.29817155648884114
gyro_norm,29.798,0.3911532039270167
gyro_norm,29.821,0.5493803765852047
gyro_norm,29.849,0.9233656677366299
gyro_norm,29.864,1.0502091175827994
gyro_norm,29.886,0.6299728599061413
gyro_norm,29.908,0.8574476151302578
gyro_norm,29.94,0.7707580433011195
gyro_norm,29.952,0.10165210119817268
gyro_norm,29.974,0.3457306108368316
gyro_norm,29.995,0.5101175256292588
gyro_norm,30.017,0.48631630306912665
gyro_norm,30.039,0.0988894878987446
gyro_norm,30.061,0.3144053066515489
gyro_norm,30.083,0.45070494597246213
gyro_norm,30.104,0.41494000734285974
gyro_norm,30.127,0.31023943755067485
gyro_norm,30.149,0.14864385459083124
gyro_norm,30.17,0.18331345392587883
gyro_norm,30.193,0.41010507754545367
gyro_norm,30.216,0.4796226467741499
gyro_norm,30.236,0.49144527956668205
gyro_norm,30.258,0.4270190859520987
gyro_norm,30.28,0.31376208982547504
gyro_norm,30.302,0.28057776262866396
gyro_norm,30.323,0.22669884435379045
gyro_norm,30.345,0.14836863964206767
gyro_norm,30.367,0.05798752751124801
gyro_norm,30.389,0.1221273269475063
gyro_norm,30.415,0.13350243375140505
gyro_norm,30.433,0.13423640291361597
gyro_norm,30.455,0.08551070634609685
gyro_norm,30.477,0.06759895632233459
gyro_norm,30.498,0.08443161713694099
gyro_norm,30.52,0.04645435009480728
gyro_norm,30.542,0.08726725343240191
gyro_norm,30.564,0.09185419217918915
gyro_norm,30.586,0.20343132719541804
gyro_norm,30.61,0.32069558390580655
gyro_norm,30.63,0.3982859700935504
gyro_norm,30.652,0.40344909191589773
gyro_norm,30.673,0.31777283349309793
gyro_norm,30.695,0.2947424885602273
gyro_norm,30.743,0.2831140024684053
gyro_norm,30.744,0.2475016950933011
gyro_norm,30.761,0.21694753254043797
gyro_norm,30.783,0.1459612994019073
gyro_norm,30.805,0.17631083612431708
gyro_norm,30.827,0.18944479500566427
gyro_norm,30.848,0.18359547783030428
gyro_norm,30.872,0.17573786979669076
gyro_norm,30.893,0.10253854929848498
gyro_norm,30.914,0.07367364954210376
gyro_norm,30.936,0.08478169585624812
gyro_norm,30.958,0.07977049907814646
gyro_norm,30.98,0.09709748322395023
gyro_norm,31.002,0.12684696011480281
gyro_norm,31.024,0.11262692697551178
gyro_norm,31.049,0.12680898538783228
gyro_norm,31.067,0.17413832158094678
gyro_norm,31.089,0.26211025315304187
gyro_norm,31.111,0.30733184863542995
gyro_norm,31.134,0.2882389407192622
gyro_norm,31.156,0.2848305192466745
gyro_norm,31.177,0.30965644691597694
gyro_norm,31.199,0.4556222889478005
gyro_norm,31.22,0.6891488474493719
gyro_norm,31.242,0.8912703691935482
gyro_norm,31.272,1.1306322234330544
gyro_norm,31.286,1.4905801226424802
gyro_norm,31.308,1.7497626462145126
gyro_norm,31.33,1.890504803180886
gyro_norm,31.352,2.2411791581180855
gyro_norm,31.375,2.5867415807124936
gyro_norm,31.395,2.4002223231508473
gyro_norm,31.417,1.9748827355618306
gyro_norm,31.439,1.7977668598275611
gyro_norm,31.461,1.6508934410216092
gyro_norm,31.483,1.4351406595996257
gyro_norm,31.505,1.1869538992995496
gyro_norm,31.53,0.9668035753751463
gyro_norm,31.548,0.8664534112074339
gyro_norm,31.57,0.7643742340708722
gyro_norm,31.593,0.6512477776751556
gyro_norm,31.614,0.6134307604176693
gyro_norm,31.636,0.7859370641721858
gyro_norm,31.658,1.0585696924659354
gyro_norm,31.68,1.3320402803776124
gyro_norm,31.701,1.5504439363606348
gyro_norm,31.729,1.606587121362486
gyro_norm,31.751,1.3315683631036555
gyro_norm,31.767,1.1095188307179795
gyro_norm,31.79,1.1584270035625668
gyro_norm,31.811,1.4569465658651817
gyro_norm,31.834,1.6583377573361615
gyro_norm,31.855,1.4128341334218109
gyro_norm,31.877,0.9760187114849375
gyro_norm,31.899,0.7011653848041202
gyro_norm,31.92,0.8136672460548372
gyro_norm,31.942,0.900529729764512
gyro_norm,31.964,1.019546592624888
gyro_norm,31.987,1.0473314213182654
gyro_norm,32.008,0.9015613483869592
gyro_norm,32.03,0.8458661272128932
gyro_norm,32.052,0.8387700411245853
gyro_norm,32.074,0.7284853762296183
gyro_norm,32.096,0.5830831964015979
gyro_norm,32.117,0.614556376207009
gyro_norm,32.139,0.6808012721200769
gyro_norm,32.161,0.5945176362218281
gyro_norm,32.183,0.5357772598001438
gyro_norm,32.205,0.5609125254714944
gyro_norm,32.227,0.48641520365386903
gyro_norm,32.255,0.42338190363905115
gyro_norm,32.27,0.5649619733673261
gyro_norm,32.294,0.7618492882620108
gyro_norm,32.314,0.8940892613104869
gyro_norm,32.336,0.89599940947927
gyro_norm,32.358,0.8068531563033638
gyro_norm,32.38,0.6768456422611197
gyro_norm,32.402,0.8095989460618073
gyro_norm,32.424,1.192700845603201
gyro_norm,32.446,1.157390399492978
gyro_norm,32.468,0.880877556654768
gyro_norm,32.497,0.8923987200996658
gyro_norm,32.511,0.9197245783923883
gyro_norm,32.533,0.6991020185018857
gyro_norm,32.555,0.4777615081252727
gyro_norm,32.577,0.6791187985104733
gyro_norm,32.599,0.86836623662715
gyro_norm,32.621,0.9055433079975934
gyro_norm,32.655,0.8110028416913656
gyro_norm,32.664,0.704549721466434
gyro_norm,32.686,0.672635046110615
gyro_norm,32.708,0.7391184954677206
gyro_norm,32.73,0.9122814507842786
gyro_norm,32.752,0.9666181447213095
gyro_norm,32.774,0.8526940496380588
gyro_norm,32.796,0.6514582113639289
gyro_norm,32.818,0.3415349090672305
gyro_norm,32.839,0.21208876676119293
gyro_norm,32.861,0.5739128474670213
gyro_norm,32.883,0.8600672254122642
gyro_norm,32.911,1.0026853442024772
gyro_norm,32.927,0.9800367304062535
gyro_norm,32.949,0.8505746104863817
gyro_norm,32.971,0.6868630630710553
gyro_norm,32.994,0.6525509913874448
gyro_norm,33.014,0.7367457443090875
gyro_norm,33.036,0.6578612954635891
gyro_norm,33.058,0.6998273377081445
gyro_norm,33.08,0.3297993349595057
gyro_norm,33.102,0.5558731188403688
gyro_norm,33.128,0.6522138566950632
gyro_norm,33.146,0.7315124879106913
gyro_norm,33.167,1.0288641067812985
gyro_norm,33.189,1.3493641539937442
gyro_norm,33.211,1.4253484742434739
gyro_norm,33.233,1.362254549679337
gyro_norm,33.255,1.3572743879576377
gyro_norm,33.277,1.3470720075781775
gyro_norm,33.299,1.181260823380481
gyro_norm,33.321,0.8935079584319081
gyro_norm,33.343,0.7349423398063851
gyro_norm,33.364,0.7286790944140575
gyro_norm,33.387,0.7471152753884203
gyro_norm,33.408,0.6890108748814711
gyro_norm,33.43,0.5503492297297133
gyro_norm,33.454,0.6236398019317302
gyro_norm,33.474,0.9498187527524312
gyro_norm,33.496,1.31300284280236
gyro_norm,33.518,1.4515876020447038
gyro_norm,33.54,1.400197354173941
gyro_norm,33.561,1.3960344567369811
gyro_norm,33.583,1.416157460682226
gyro_norm,33.605,1.5144550792698905
gyro_norm,33.628,1.737761527535989
gyro_norm,33.648,1.6222542566925626
gyro_norm,33.671,1.2283980269131898
gyro_norm,33.694,0.8968808175783609
gyro_norm,33.714,0.6430879319026122
gyro_norm,33.737,0.26137295096529084
gyro_norm,33.758,0.561074914326507
gyro_norm,33.78,0.9934620018549752
gyro_norm,33.802,1.1572623522656096
gyro_norm,33.824,1.1580667094899255
gyro_norm,33.853,1.0966894171180943
gyro_norm,33.867,1.0718185558885795
gyro_norm,33.89,1.171191351835536
gyro_norm,33.911,1.3700862610963536
gyro_norm,33.933,1.4837932447898148
gyro_norm,33.955,1.4347599111730047
gyro_norm,33.977,1.2103247457515929
gyro_norm,33.999,0.8693104130741153
gyro_norm,34.021,0.6340372787153781
gyro_norm,34.05,0.7270716663308368
gyro_norm,34.065,0.8976395053297944
gyro_norm,34.095,0.756057226596225
gyro_norm,34.108,0.6436336463388909
gyro_norm,34.13,0.7361284376969411
gyro_norm,34.152,0.8427989859275633
gyro_norm,34.174,0.9133498279048724
gyro_norm,34.203,1.0045214469173915
gyro_norm,34.217,0.9452138995076959
gyro_norm,34.24,1.0022121540450828
gyro_norm,34.261,0.5407694472960288
gyro_norm,34.283,1.247874744759561
gyro_norm,34.305,1.6323172495495821
gyro_norm,34.335,1.6065105602475855
gyro_norm,34.349,1.3792484797202569
gyro_norm,34.371,1.1454095216206415
gyro_norm,34.394,0.9751372962313593
gyro_norm,34.415,0.8813710404821592
gyro_norm,34.437,0.8605333515019008
gyro_norm,34.458,0.8842847721581911
gyro_norm,34.48,0.8992738723075635
gyro_norm,34.502,0.7463444809572406
gyro_norm,34.524,0.4838745616997201
gyro_norm,34.546,0.33686424004005977
gyro_norm,34.577,0.32654328810732003
gyro_norm,34.59,0.37093140204091624
gyro_norm,34.615,0.5059031055024537
gyro_norm,34.633,0.809921281252431
gyro_norm,34.655,0.9907239573096395
gyro_norm,34.677,1.1155401466506303
gyro_norm,34.699,1.2938182577354045
gyro_norm,34.721,1.4006930265200124
gyro_norm,34.743,1.3589844726522515
gyro_norm,34.765,0.9492208851987344
gyro_norm,34.787,0.6417406824465111
gyro_norm,34.816,1.132222237383524
gyro_norm,34.83,1.6366964315657884
gyro_norm,34.853,1.6396296647782203
gyro_norm,34.878,1.2950885708653785
gyro_norm,34.896,1.1041245327374325
gyro_norm,34.917,0.9492454001609225
gyro_norm,34.94,0.8745959844363187
gyro_norm,34.962,0.9828309968525004
gyro_norm,34.99,1.2957835123059147
gyro_norm,35.006,1.6444409351090417
gyro_norm,35.027,1.951504546556442
gyro_norm,35.053,2.2048968882291993
gyro_norm,35.071,1.954752104507082
gyro_norm,35.094,1.484086909244181
gyro_norm,35.114,1.1601217445212784
gyro_norm,35.136,0.738473525739512
gyro_norm,35.159,0.40659338345461593
gyro_norm,35.181,0.49410866528562897
gyro_norm,35.203,0.28176820128783825
gyro_norm,35.224,0.1817920674309375
gyro_norm,35.246,0.08977569428439806
gyro_norm,35.268,0.3365416081215827
gyro_norm,35.29,0.5120871599896633
gyro_norm,35.312,0.48828397716626676
gyro_norm,35.334,0.5598374332249252
gyro_norm,35.355,0.8787688682918376
gyro_norm,35.377,1.1150404649922239
gyro_norm,35.399,0.6104037474639957
gyro_norm,35.423,0.6216841356327361
gyro_norm,35.443,0.8628453524956037
gyro_norm,35.466,0.671425142514185
gyro_norm,35.486,0.715164227901207
gyro_norm,35.509,0.3940656197037054
gyro_norm,35.53,0.33568692784553583
gyro_norm,35.554,0.08079668346480726
gyro_norm,35.574,0.5043416032786295
gyro_norm,35.6,0.4989662181097571
gyro_norm,35.618,0.43517338558650903
gyro_norm,35.64,0.3231976231534426
gyro_norm,35.662,0.36595067650057556
gyro_norm,35.685,0.3944269535649503
gyro_norm,35.705,0.3737753045265738
gyro_norm,35.727,0.32354304171453563
gyro_norm,35.749,0.27876382692580576
gyro_norm,35.771,0.2803090749982344
gyro_norm,35.794,0.2994877053843309
gyro_norm,35.815,0.296556525221388
gyro_norm,35.837,0.2679679204542622
gyro_norm,35.859,0.2069116236788599
gyro_norm,35.881,0.17860438435379886
gyro_norm,35.903,0.1777481363127944
gyro_norm,35.924,0.2152802776265163
gyro_norm,35.946,0.23254589189219171
gyro_norm,35.968,0.1403921195587126
gyro_norm,35.99,0.0850097110918734
gyro_norm,36.013,0.14746660641843953
gyro_norm,36.034,0.2833460381397976
gyro_norm,36.056,0.3902226199981544
gyro_norm,36.077,0.40848760299560244
gyro_norm,36.1,0.3334051939401672
gyro_norm,36.121,0.2705681848664543
gyro_norm,36.144,0.32509408260054884
gyro_norm,36.165,0.3992232840719189
gyro_norm,36.187,0.5049911333183087
gyro_norm,36.209,0.5178307941695963
gyro_norm,36.23,0.4311483528435616
gyro_norm,36.253,0.2729185454899203
gyro_norm,36.274,0.20338071359492757
gyro_norm,36.296,0.43627148950953537
gyro_norm,36.318,0.9439677188085942
gyro_norm,36.34,1.206293086753073
gyro_norm,36.362,1.0694409972384629
gyro_norm,36.385,0.9115899486006219
gyro_norm,36.405,0.8215850039441254
gyro_norm,36.43,0.6740291274568793
gyro_norm,36.449,0.4270177895815844
gyro_norm,36.471,0.3573497601448952
gyro_norm,36.497,0.44064802614437504
gyro_norm,36.515,0.5351362080157946
gyro_norm,36.537,0.5976534417434891
gyro_norm,36.559,0.6682018511139808
gyro_norm,36.581,0.8154896268316231
gyro_norm,36.603,0.966647965758259
gyro_norm,36.625,1.0405944344238314
gyro_norm,36.646,1.0019263646284604
gyro_norm,36.668,0.834182267311628
gyro_norm,36.69,0.6605408796573571
gyro_norm,36.712,0.5175820446918609
gyro_norm,36.734,0.4253118044920297
gyro_norm,36.756,0.381889042799627
gyro_norm,36.778,0.4116518566793836
gyro_norm,36.8,0.49078668198408215
gyro_norm,36.821,0.5323183067895246
gyro_norm,36.843,0.48957415045625524
gyro_norm,36.865,0.3870281051218247
gyro_norm,36.887,0.34260564736402854
gyro_norm,36.914,0.6982920730421085
gyro_norm,36.93,0.9822349497004129
gyro_norm,36.953,1.267093590095777
gyro_norm,36.974,1.079469284648461
gyro_norm,36.996,0.6604474465831137
gyro_norm,37.019,1.0760346597481172
gyro_norm,37.04,1.2676960716987729
gyro_norm,37.062,1.2824908291018988
gyro_norm,37.084,1.074284659151658
gyro_norm,37.112,0.7401219885754865
gyro_norm,37.136,0.6169858545535282
gyro_norm,37.149,0.7137633987263092
gyro_norm,37.171,0.9509174022271645
gyro_norm,37.194,1.1199042124872178
gyro_norm,37.215,1.033447901959128
gyro_norm,37.237,0.767133854992871
gyro_norm,37.259,0.7245205867122958
gyro_norm,37.281,0.8037945922380437
gyro_norm,37.303,0.7715550719857274
gyro_norm,37.325,0.6545433989784638
gyro_norm,37.346,0.5900450454503485
gyro_norm,37.368,0.7758960444599936
gyro_norm,37.39,1.0450072696884625
gyro_norm,37.412,1.0907091331990852
gyro_norm,37.435,0.8278080760168132
gyro_norm,37.457,0.5929159912226849
gyro_norm,37.478,0.643615771410865
gyro_norm,37.5,0.7882086005890839
gyro_norm,37.521,0.7969815800192304
gyro_norm,37.544,0.3898027015592915
gyro_norm,37.571,0.3065819395375576
gyro_norm,37.587,0.6468706760373696
gyro_norm,37.61,0.7948439650446846
gyro_norm,37.631,0.7574010242558283
gyro_norm,37.654,0.458173977461921
gyro_norm,37.675,0.501271266930849
gyro_norm,37.696,1.02211452724995
gyro_norm,37.718,1.3900016715604893
gyro_norm,37.74,1.6506482327077934
gyro_norm,37.767,1.666331122449394
gyro_norm,37.784,1.4177484023616331
gyro_norm,37.806,1.2000328434682224
gyro_norm,37.828,1.1182907682490035
gyro_norm,37.856,1.1782102297155364
gyro_norm,37.871,1.2281120723712522
gyro_norm,37.894,1.0658018250296284
gyro_norm,37.915,0.8439044829612499
gyro_norm,37.937,0.6752628920004167
gyro_norm,37.959,0.5240040396014282
gyro_norm,37.981,0.38722375675401294
gyro_norm,38.003,0.3071470933231484
gyro_norm,38.025,0.22314135032971955
gyro_norm,38.046,0.2060895909346782
gyro_norm,38.068,0.3518221104427307
gyro_norm,38.097,0.5132428244016555
gyro_norm,38.112,0.5438800151717006
gyro_norm,38.135,0.47841360853029147
gyro_norm,38.156,0.4881507723879221
gyro_norm,38.178,0.36443019530120074
gyro_norm,38.2,0.20228699981222115
gyro_norm,38.227,0.5866386851599991
gyro_norm,38.244,0.7623967956081902
gyro_norm,38.265,0.7463009274353358
gyro_norm,38.287,0.6046732869080693
gyro_norm,38.313,0.408923956831037
gyro_norm,38.33,0.5235125908688587
gyro_norm,38.354,0.3608847893202183
gyro_norm,38.376,0.13508833322463393
gyro_norm,38.396,0.3105092957644524
gyro_norm,38.418,0.31683230451661415
gyro_norm,38.44,0.29059552591652765
gyro_norm,38.462,0.2618860140083814
gyro_norm,38.484,0.23223755841509572
gyro_norm,38.51,0.19915117102783203
gyro_norm,38.527,0.2642191031442537
gyro_norm,38.55,0.22073031651598657
gyro_norm,38.571,0.06369088995322289
gyro_norm,38.594,0.12273272030232713
gyro_norm,38.615,0.19627531045127886
gyro_norm,38.637,0.25694780925979555
gyro_norm,38.659,0.26768544580521786
gyro_norm,38.681,0.1617536316046617
gyro_norm,38.702,0.09652883772696938
gyro_norm,38.731,0.1900334422879531
gyro_norm,38.747,0.20801139924254294
gyro_norm,38.768,0.2126101649700658
gyro_norm,38.79,0.2478025390640334
gyro_norm,38.812,0.3176811525522032
gyro_norm,38.834,0.4125120399616964
gyro_norm,38.856,0.4380075620074887
gyro_norm,38.878,0.3817064827175276
gyro_norm,38.9,0.3186646188800409
gyro_norm,38.922,0.30210684028548346
gyro_norm,38.944,0.296574814092736
gyro_norm,38.971,0.2943984988015572
gyro_norm,38.987,0.2404933347896818
gyro_norm,39.009,0.17598432863584432
gyro_norm,39.031,0.1762419691869937
gyro_norm,39.054,0.1348541959971547
gyro_norm,39.075,0.07473394927153404
gyro_norm,39.097,0.11841907671793665
gyro_norm,39.118,0.15129689411525657
gyro_norm,39.141,0.14713941632772742
gyro_norm,39.162,0.14743481364404673
gyro_norm,39.184,0.192401921783488
gyro_norm,39.206,0.26165164660270374
gyro_norm,39.228,0.30449941247721124
gyro_norm,39.249,0.3325863215101262
gyro_norm,39.272,0.37069707079618336
gyro_norm,39.296,0.458359487659511
gyro_norm,39.316,0.6026159081493431
gyro_norm,39.337,0.7843002450642599
gyro_norm,39.359,0.886776785130772
gyro_norm,39.381,0.8942925810211623
gyro_norm,39.403,0.8509067147907415
gyro_norm,39.425,0.8024765171133104
gyro_norm,39.447,0.8075834801316071
gyro_norm,39.469,1.0252707964504075
gyro_norm,39.49,1.3086020006812866
gyro_norm,39.516,1.33038165993419
gyro_norm,39.534,1.0033733700937981
gyro_norm,39.556,0.7531144823005363
gyro_norm,39.578,0.6587537771535107
gyro_norm,39.6,0.5606682453680412
gyro_norm,39.621,0.5838701464365836
gyro_norm,39.644,0.7949671065867208
gyro_norm,39.666,1.031973879588219
gyro_norm,39.695,1.148187433541291
gyro_norm,39.709,1.184931245677772
gyro_norm,39.731,1.2501992046824633
gyro_norm,39.755,1.2936090093701198
gyro_norm,39.775,1.300689447617609
gyro_norm,39.797,1.3210837035066063
gyro_norm,39.819,1.3397300176729197
gyro_norm,39.849,1.2761866293097062
gyro_norm,39.864,1.1986029036818369
gyro_norm,39.887,1.153346113650383
gyro_norm,39.907,1.0642531795843082
gyro_norm,39.928,0.9378062291166922
gyro_norm,39.95,0.9232920558739804
gyro_norm,39.972,0.9976085121557897
gyro_norm,39.994,0.9853575076677032
gyro_norm,40.016,0.9150639544212622
gyro_norm,40.038,0.9009190783164015
gyro_norm,40.06,0.9701105104642829
gyro_norm,40.081,1.0350138539653122
gyro_norm,40.111,1.0432301408097469
gyro_norm,40.125,0.8209208370674732
gyro_norm,40.147,0.6224709794840524
gyro_norm,40.168,0.6822297737974121
gyro_norm,40.191,1.0241995213328956
gyro_norm,40.214,1.7395070581978131
gyro_norm,40.234,2.1144040720692656
gyro_norm,40.256,2.0320950171624297
gyro_norm,40.279,1.6929875800639653
gyro_norm,40.3,1.4243285797117522
gyro_norm,40.322,1.4004202866248132
gyro_norm,40.346,1.3886168469561342
gyro_norm,40.365,1.4274405984026715
gyro_norm,40.388,1.458287067782407
gyro_norm,40.409,1.462148093171627
gyro_norm,40.431,1.3635880084634107
gyro_norm,40.454,1.1926293062295634
gyro_norm,40.475,1.0847923931603987
gyro_norm,40.497,1.0389613945355387
gyro_norm,40.518,1.019815453110709
gyro_norm,40.541,1.0340444967083617
gyro_norm,40.562,1.0511410746162022
gyro_norm,40.584,0.8973857645004691
gyro_norm,40.606,0.5763279608491916
gyro_norm,40.631,0.3770884853142444
gyro_norm,40.654,0.5267080982264511
gyro_norm,40.672,0.7210863120441401
gyro_norm,40.694,0.7770356249550305
gyro_norm,40.716,0.6778847574750254
gyro_norm,40.737,0.6244499922725987
gyro_norm,40.76,0.9981304970949828
gyro_norm,40.782,1.6599936219286207
gyro_norm,40.803,1.7841702363729561
gyro_norm,40.825,1.4382565451067657
gyro_norm,40.847,1.2221731740556092
gyro_norm,40.869,1.158718766197815
gyro_norm,40.89,0.8994788831267914
gyro_norm,40.914,0.7124253429816088
gyro_norm,40.934,0.7822625253637925
gyro_norm,40.956,0.9103288365657813
gyro_norm,40.978,1.0136969664453177
gyro_norm,41.0,1.1159191377910143
gyro_norm,41.022,1.2045282018966026
gyro_norm,41.047,1.2694467762156243
gyro_norm,41.066,1.2937580083236866
gyro_norm,41.087,1.3519970054696637
gyro_norm,41.11,1.29699931959309
gyro_norm,41.133,1.1170158626372875
gyro_norm,41.154,0.892186798348202
gyro_norm,41.174,0.6416728621427809
gyro_norm,41.196,0.38616926596964374
gyro_norm,41.218,0.35110957984406055
gyro_norm,41.24,0.585880495181228
gyro_norm,41.262,0.792576305808189
gyro_norm,41.284,0.8964527760300194
gyro_norm,41.306,0.9069593831821497
gyro_norm,41.328,0.8521435523658641
gyro_norm,41.349,0.7828710145268778
gyro_norm,41.371,0.6429029640719568
gyro_norm,41.393,0.7089182916883469
gyro_norm,41.418,0.5240721981841385
gyro_norm,41.439,1.12686960964372
gyro_norm,41.458,1.4174512539219506
gyro_norm,41.48,1.3651081192267183
gyro_norm,41.501,1.113881467428977
gyro_norm,41.521,0.9851835125397722
gyro_norm,41.542,1.0313827303001497
gyro_norm,41.563,1.0988535895379392
gyro_norm,41.583,1.0676910915042868
gyro_norm,41.606,1.0428861818072108
gyro_norm,41.626,1.1639266045385297
gyro_norm,41.646,1.3349224808794027
gyro_norm,41.667,1.2859554758900935
gyro_norm,41.688,1.0563581992734226
gyro_norm,41.708,0.9604398814565908
gyro_norm,41.729,1.009089971608491
gyro_norm,41.751,0.972412413685249
gyro_norm,41.77,0.8715681571967611
gyro_norm,41.792,0.7645262601737425
gyro_norm,41.814,0.7576184218184787
gyro_norm,41.833,0.8026786170017947
gyro_norm,41.854,0.8229484954459999
gyro_norm,41.875,0.8067823680120646
gyro_norm,41.903,0.57795583234891
gyro_norm,41.925,0.28219286886413875
gyro_norm,41.947,0.48704288875925067
gyro_norm,41.969,0.7044235381237939
gyro_norm,41.991,0.7606922763184719
gyro_norm,42.014,0.7718700237605295
gyro_norm,42.035,0.5614574562043346
gyro_norm,42.057,0.6193013532971219
gyro_norm,42.078,0.804039682541756
gyro_norm,42.1,0.9330185089363057
gyro_norm,42.122,1.2258771258995413
gyro_norm,42.144,1.5233357473660811
gyro_norm,42.166,1.5954213357842435
gyro_norm,42.188,1.5311490372001166
gyro_norm,42.209,1.4392164441656026
gyro_norm,42.231,1.3059837987601122
gyro_norm,42.253,1.0847002465979632
gyro_norm,42.275,0.8646864471211481
gyro_norm,42.297,0.7344309117305633
gyro_norm,42.319,0.7081999202204019
gyro_norm,42.341,0.7388624921222928
gyro_norm,42.363,0.7756974702037718
gyro_norm,42.385,0.8151180350820134
gyro_norm,42.406,0.8849381830536902
gyro_norm,42.428,0.966244809609842
gyro_norm,42.45,1.045049189872869
gyro_norm,42.473,1.0683192332921396
gyro_norm,42.494,1.003062048673947
gyro_norm,42.516,1.1098383016259319
gyro_norm,42.538,1.4342007212367538
gyro_norm,42.559,1.3571597860941478
gyro_norm,42.581,0.7297927309103046
gyro_norm,42.604,0.88163020174615
gyro_norm,42.625,0.814860033131975
gyro_norm,42.647,0.8112089351548165
gyro_norm,42.669,0.6801319118484026
gyro_norm,42.691,0.42310104581279834
gyro_norm,42.713,0.4463372445603142
gyro_norm,42.734,0.7570087250077138
gyro_norm,42.757,0.835138899688548
gyro_norm,42.779,0.6665877855929979
gyro_norm,42.8,0.39446831338077126
gyro_norm,42.822,0.35356402197521075
gyro_norm,42.844,0.5603831314787641
gyro_norm,42.867,0.6973616045664975
gyro_norm,42.888,0.614920318435265
gyro_norm,42.91,0.44785140653967104
gyro_norm,42.931,0.34619830569529264
gyro_norm,42.954,0.33456023654732564
gyro_norm,42.975,0.33634489096881537
gyro_norm,42.997,0.2988880689586023
gyro_norm,43.02,0.23647953622548526
gyro_norm,43.041,0.221478190612585
gyro_norm,43.063,0.23720064116473633
gyro_norm,43.085,0.18315963291210832
gyro_norm,43.107,0.08286524913983818
gyro_norm,43.128,0.08345321872039509
gyro_norm,43.15,0.11037916350499445
gyro_norm,43.173,0.13621368943041592
gyro_norm,43.194,0.14599420326349324
gyro_norm,43.216,0.12890911439677313
gyro_norm,43.238,0.15340955229310216
gyro_norm,43.26,0.3098070401378888
gyro_norm,43.282,0.20909350927952122
gyro_norm,43.303,0.1472884184398533
gyro_norm,43.326,0.373712161200288
gyro_norm,43.347,0.5020462273765955
gyro_norm,43.369,0.34391570524905213
gyro_norm,43.391,0.10109004709424746
gyro_norm,43.413,0.1115203692593739
gyro_norm,43.435,0.18724556886503432
gyro_norm,43.456,0.3784407664550038
gyro_norm,43.479,0.5035209531681105
gyro_norm,43.501,0.5656734380707523
gyro_norm,43.523,0.5504327667984207
gyro_norm,43.544,0.5167044588677911
gyro_norm,43.567,0.39871591748566954
gyro_norm,43.588,0.21328908523842122
gyro_norm,43.609,0.22747378059492804
gyro_norm,43.632,0.27155931658871035
gyro_norm,43.653,0.3364779723517445
gyro_norm,43.68,0.2671944310853417
gyro_norm,43.697,0.2583472964371681
gyro_norm,43.72,0.26057809367786317
gyro_norm,43.741,0.23092840325048
gyro_norm,43.763,0.18353120269582374
gyro_norm,43.79,0.19123061761898566
gyro_norm,43.806,0.24378298919256164
gyro_norm,43.829,0.27626513573749956
gyro_norm,43.85,0.24555292349925167
gyro_norm,43.874,0.16410568483057827
gyro_norm,43.894,0.17755778114081608
gyro_norm,43.916,0.2327336205422924
gyro_norm,43.938,0.25211269273632875
gyro_norm,43.961,0.2596893789548141
gyro_norm,43.982,0.21639070516133907
gyro_norm,44.005,0.17917886214331033
gyro_norm,44.026,0.15710584940921538
gyro_norm,44.047,0.19768396141352138
gyro_norm,44.07,0.30911281806534047
gyro_norm,44.091,0.4508874006518027
gyro_norm,44.114,0.5808934693447549
gyro_norm,44.135,0.7069431439552633
gyro_norm,44.157,0.7990575058630094
gyro_norm,44.178,0.8864841812343854
gyro_norm,44.201,0.9851784584085134
gyro_norm,44.223,1.0709118277676961
gyro_norm,44.245,1.1753840966022564
gyro_norm,44.273,1.2721894411797396
gyro_norm,44.288,1.3265222312323512
gyro_norm,44.311,1.3350933070271493
gyro_norm,44.332,1.3201203577317813
gyro_norm,44.354,1.3362685218862778
gyro_norm,44.377,1.346042089631306
gyro_norm,44.397,1.3442141772071197
gyro_norm,44.419,1.3213863213542887
gyro_norm,44.441,1.207286156034635
gyro_norm,44.47,0.9955132153916957
gyro_norm,44.486,0.7800901860956719
gyro_norm,44.507,0.7107243374813752
gyro_norm,44.529,0.645785339952631
gyro_norm,44.551,0.5022270393025832
gyro_norm,44.573,0.4058951613003114
gyro_norm,44.594,0.4260590959681158
gyro_norm,44.617,0.45419736315607573
gyro_norm,44.639,0.6125801478355628
gyro_norm,44.66,0.6798353527741063
gyro_norm,44.682,0.3620881944107484
gyro_norm,44.704,1.3219322912049092
gyro_norm,44.726,1.898386682398525
gyro_norm,44.755,1.724400411903874
gyro_norm,44.769,1.210435280426715
gyro_norm,44.791,0.7495978612266052
gyro_norm,44.813,0.6189720420858109
gyro_norm,44.836,0.7705495983200948
gyro_norm,44.857,0.9478684659975062
gyro_norm,44.879,1.1238426441342853
gyro_norm,44.901,1.3234827307286898
gyro_norm,44.925,1.3081744865841693
gyro_norm,44.944,1.20575918012439
gyro_norm,44.967,1.2824842823983968
gyro_norm,44.988,1.4301055583186542
gyro_norm,45.01,1.471565736999293
gyro_norm,45.032,1.3809761510859528
gyro_norm,45.054,1.1777135071655955
gyro_norm,45.076,0.8760681997474833
gyro_norm,45.098,0.6367930011214854
gyro_norm,45.119,0.588261873200876
gyro_norm,45.142,0.715228293017131
gyro_norm,45.166,0.9111077730319669
gyro_norm,45.185,1.1105881723137627
gyro_norm,45.21,1.190188708742906
gyro_norm,45.229,1.165641717539719
gyro_norm,45.251,1.071517937829596
gyro_norm,45.274,1.1549627454266087
gyro_norm,45.294,1.4128269618661748
gyro_norm,45.317,1.3540009149829892
gyro_norm,45.338,0.9540304481837202
gyro_norm,45.36,0.9263907005673442
gyro_norm,45.382,1.130464699060618
gyro_norm,45.404,1.0315315458004592
gyro_norm,45.427,0.9122475556606151
gyro_norm,45.449,1.024937879372565
gyro_norm,45.47,1.1628238899503411
gyro_norm,45.491,1.1738803013902561
gyro_norm,45.514,1.0521951138206693
gyro_norm,45.535,0.9397497384788891
gyro_norm,45.557,0.990921698325847
gyro_norm,45.579,1.1350319180020811
gyro_norm,45.601,1.320792948625109
gyro_norm,45.623,1.4566612860625943
gyro_norm,45.646,1.3900225175098926
gyro_norm,45.667,1.2048484044308505
gyro_norm,45.688,0.9999258393948571
gyro_norm,45.71,0.8904847957752189
gyro_norm,45.732,0.7105223928849532
gyro_norm,45.754,0.9456717414493416
gyro_norm,45.776,1.1784658452124355
gyro_norm,45.798,1.0246711660020906
gyro_norm,45.82,0.8496074228680321
gyro_norm,45.842,0.8734475555860937
gyro_norm,45.865,0.9906463211661072
gyro_norm,45.885,1.0051038771733618
gyro_norm,45.908,0.9177297132014138
gyro_norm,45.93,1.1150404803412775
gyro_norm,45.952,0.6589667890803108
gyro_norm,45.974,1.2591817179980695
gyro_norm,45.996,2.045929154213552
gyro_norm,46.016,1.753754970773355
gyro_norm,46.039,1.4443247407334212
gyro_norm,46.06,1.4401724718063893
gyro_norm,46.082,1.5132633787489704
gyro_norm,46.104,1.4299167707565166
gyro_norm,46.126,1.1875567031598067
gyro_norm,46.149,1.0895614388927757
gyro_norm,46.17,1.1065744965764543
gyro_norm,46.192,1.1856621857369234
gyro_norm,46.214,1.1216940745889508
gyro_norm,46.235,0.9655452725633306
gyro_norm,46.258,0.882302182597441
gyro_norm,46.279,0.8812281563635594
gyro_norm,46.301,0.8417793967362599
gyro_norm,46.329,0.6325666808143263
gyro_norm,46.345,0.38738029867407175
gyro_norm,46.366,0.31441030241773693
gyro_norm,46.395,0.30936469388202376
gyro_norm,46.412,0.345929777663415
gyro_norm,46.432,0.3833533579556998
gyro_norm,46.454,0.8243947022974235
gyro_norm,46.476,0.8810134071673548
gyro_norm,46.498,0.6198965473868597
gyro_norm,46.52,0.6232594942914562
gyro_norm,46.541,0.587417676375261
gyro_norm,46.565,0.5874861260063524
gyro_norm,46.585,0.45998064305083197
gyro_norm,46.608,0.46100564377343495
gyro_norm,46.629,0.417242628288799
gyro_norm,46.651,0.2521926067923872
gyro_norm,46.674,0.1652298226094557
gyro_norm,46.695,0.3599892383135849
gyro_norm,46.717,0.43114759847717743
gyro_norm,46.738,0.39655905210300935
gyro_norm,46.761,0.4201114922983493
gyro_norm,46.794,0.46897474695592567
gyro_norm,46.804,0.44245231421621345
gyro_norm,46.826,0.3896678717621719
gyro_norm,46.848,0.3361962268894282
gyro_norm,46.87,0.2990246305808988
gyro_norm,46.892,0.3032939711553232
gyro_norm,46.914,0.3370746843011711
gyro_norm,46.935,0.4362348069380615
gyro_norm,46.957,0.3871264026340941
gyro_norm,46.979,0.2262846950890866
gyro_norm,47.001,0.17124253277355747
gyro_norm,47.023,0.21540531858672873
gyro_norm,47.045,0.27212650369235497
gyro_norm,47.067,0.3235753776276117
gyro_norm,47.089,0.3916610803335337
gyro_norm,47.111,0.4484409583621198
gyro_norm,47.133,0.4036844970614293
gyro_norm,47.154,0.3392880177936286
gyro_norm,47.176,0.5956547419603521
gyro_norm,47.198,0.7129888737179985
gyro_norm,47.22,0.4565652755072643
gyro_norm,47.242,0.22285626090582725
gyro_norm,47.264,0.23837021916262274
gyro_norm,47.294,0.32472811840354837
gyro_norm,47.308,0.3268808067607281
gyro_norm,47.33,0.38151785508768493
gyro_norm,47.351,0.4230579578363951
gyro_norm,47.373,0.4326625986142142
gyro_norm,47.41,0.2950091456424614
gyro_norm,47.417,0.21528298433394982
gyro_norm,47.438,0.0916300978837209
gyro_norm,47.46,0.03600638594871899
gyro_norm,47.482,0.06165555656206263
gyro_norm,47.504,0.13715079287783785
gyro_norm,47.526,0.1806490538629102
gyro_norm,47.548,0.14379808637741776
gyro_norm,47.57,0.12899040761063138
gyro_norm,47.592,0.1277172222910971
gyro_norm,47.614,0.0996961908724526
gyro_norm,47.635,0.09115480997784281
gyro_norm,47.657,0.1392198878594345
gyro_norm,47.679,0.2163137435127702
gyro_norm,47.701,0.2873955326240464
gyro_norm,47.723,0.34545269514292126
gyro_norm,47.748,0.33210618371489936
gyro_norm,47.767,0.29528160762176875
gyro_norm,47.789,0.31406452125643786
gyro_norm,47.81,0.2598266683957575
gyro_norm,47.834,0.17591592512911444
gyro_norm,47.854,0.16638084440324133
gyro_norm,47.877,0.18031436803733186
gyro_norm,47.899,0.10652389595365291
gyro_norm,47.92,0.049180779410692196
gyro_norm,47.942,0.15399457812956402
gyro_norm,47.964,0.18839324385656683
gyro_norm,47.986,0.17258045079632056
gyro_norm,48.019,0.15332561407869483
gyro_norm,48.03,0.1330951179892585
gyro_norm,48.051,0.13028830996005628
gyro_norm,48.074,0.17530403102118916
gyro_norm,48.095,0.16426619149648727
gyro_norm,48.117,0.13660214432534185
gyro_norm,48.139,0.14393888270645805
gyro_norm,48.161,0.15944375092093818
gyro_norm,48.183,0.14150364959702152
gyro_norm,48.204,0.12856953053621453
gyro_norm,48.226,0.05378494345263395
gyro_norm,48.249,0.17337352221799585
gyro_norm,48.27,0.41806616319419365
gyro_norm,48.292,0.6124641056031596
gyro_norm,48.313,0.542807173535824
gyro_norm,48.336,0.23668586056512644
gyro_norm,48.358,0.21963381634009665
gyro_norm,48.38,0.35261418209327405
gyro_norm,48.401,0.42086682052661456
gyro_norm,48.424,0.4857954979180191
gyro_norm,48.445,0.44725662952976436
gyro_norm,48.467,0.28264142174725365
gyro_norm,48.495,0.44180433203472197
gyro_norm,48.51,0.546143745595059
gyro_norm,48.534,0.4560470664276528
gyro_norm,48.554,0.27981617110754087
gyro_norm,48.576,0.3640328689163615
gyro_norm,48.598,0.5551586421451468
gyro_norm,48.621,0.7137795180409445
gyro_norm,48.642,0.8971190584188505
gyro_norm,48.664,1.1140273291094527
gyro_norm,48.686,1.3078959499112546
gyro_norm,48.708,1.4711436148863037
gyro_norm,48.735,1.574040764522281
gyro_norm,48.751,1.5835992762680362
gyro_norm,48.774,1.4622113728074495
gyro_norm,48.796,1.3001431038791127
gyro_norm,48.817,1.250966177236951
gyro_norm,48.839,1.160719342439125
gyro_norm,48.86,1.0133530991220001
gyro_norm,48.887,0.8938272311069879
gyro_norm,48.905,0.8521310098482311
gyro_norm,48.927,0.7800675477619089
gyro_norm,48.948,0.7235687803491598
gyro_norm,48.975,0.6591709817537617
gyro_norm,48.992,0.5111039899234
gyro_norm,49.014,0.29228403449766716
gyro_norm,49.036,0.21038893501619443
gyro_norm,49.057,0.29073153142425806
gyro_norm,49.08,0.3515714247604834
gyro_norm,49.102,0.21831713414288398
gyro_norm,49.135,0.7916665523460211
gyro_norm,49.145,1.309968726224583
gyro_norm,49.167,1.2678051287917793
gyro_norm,49.192,1.100563119351842
gyro_norm,49.21,1.1511081262427052
gyro_norm,49.234,1.3289390309459421
gyro_norm,49.255,1.3831935042730257
gyro_norm,49.277,1.364151661657988
gyro_norm,49.298,1.382757147578869
gyro_norm,49.32,1.3820912148404279
gyro_norm,49.342,1.2997143551963648
gyro_norm,49.369,1.2032809370174018
gyro_norm,49.386,1.127517938101966
gyro_norm,49.407,1.0288645234671416
gyro_norm,49.429,0.9276489695621324
gyro_norm,49.452,0.8588679733548609
gyro_norm,49.474,0.7487372245240738
gyro_norm,49.496,0.6284098125297173
gyro_norm,49.517,0.5285488705769177
gyro_norm,49.539,0.44036054457266505
gyro_norm,49.561,0.38422915412329356
gyro_norm,49.583,0.34424892734899276
gyro_norm,49.615,0.310076423953309
gyro_norm,49.626,0.3313921771413849
gyro_norm,49.648,0.35209802173382687
gyro_norm,49.671,0.31516792965554363
gyro_norm,49.692,0.3329713558747353
gyro_norm,49.714,0.6583956669901005
gyro_norm,49.736,0.903697509477775
gyro_norm,49.758,0.7440351154164067
gyro_norm,49.78,0.5434650206858831
gyro_norm,49.801,0.6508608368706382
gyro_norm,49.823,0.5968047292181634
gyro_norm,49.845,0.4467424047680966
gyro_norm,49.867,0.6315689959119409
gyro_norm,49.889,0.7316886147345709
gyro_norm,49.911,0.7474654478514097
gyro_norm,49.937,0.785957319768903
gyro_norm,49.954,0.7328916544132581
gyro_norm,49.976,0.7434445787077545
gyro_norm,49.998,0.9589905962731439
gyro_norm,50.02,1.2386200801560439
gyro_norm,50.042,1.4103169570332579
gyro_norm,50.071,1.4176084820693495
gyro_norm,50.086,1.24459282523237
gyro_norm,50.108,1.007423563693045
gyro_norm,50.13,0.8801711470582533
gyro_norm,50.151,1.0404054719413838
gyro_norm,50.173,1.2019295343074745
gyro_norm,50.195,1.1318268438082268
gyro_norm,50.217,1.000509751075088
gyro_norm,50.239,1.2903421181323886
gyro_norm,50.261,1.835149435613278
gyro_norm,50.289,2.0505282534660436
gyro_norm,50.304,1.7947567380639116
gyro_norm,50.326,1.2787581509670038
gyro_norm,50.348,0.7112187564632866
gyro_norm,50.371,0.9804919262960501
gyro_norm,50.392,1.5429070922708117
gyro_norm,50.416,1.5828162336894263
gyro_norm,50.436,1.4674532375064173
gyro_norm,50.457,1.6950023308586584
gyro_norm,50.48,2.0294351389408454
gyro_norm,50.502,2.2134738992269054
gyro_norm,50.527,2.1666375749265057
gyro_norm,50.545,1.8950644498512104
gyro_norm,50.569,1.4805495992553754
gyro_norm,50.589,1.160425280643795
gyro_norm,50.611,0.9097506147172676
gyro_norm,50.634,0.7151189048335115
gyro_norm,50.656,0.5607254975502406
gyro_norm,50.677,0.43677907353704176
gyro_norm,50.699,0.4677160921596179
gyro_norm,50.721,0.5510813764251615
gyro_norm,50.742,0.3542713582390699
gyro_norm,50.764,0.3281214328779042
gyro_norm,50.786,0.3798289943824181
gyro_norm,50.808,0.41054305787689077
gyro_norm,50.832,0.7244906075713801
gyro_norm,50.851,0.8364199708713592
gyro_norm,50.873,0.648632460158603
gyro_norm,50.898,0.34410407100825413
gyro_norm,50.917,0.49776825292294163
gyro_norm,50.939,0.42455691333579304
gyro_norm,50.961,0.5169909102079421
gyro_norm,50.983,0.5908342688271608
gyro_norm,51.011,0.5776847214966181
gyro_norm,51.027,0.6440784127449778
gyro_norm,51.049,0.8334707382845273
gyro_norm,51.07,0.8773865622903022
gyro_norm,51.092,0.7641346542323915
gyro_norm,51.114,0.621317715145544
gyro_norm,51.136,0.4623573124735017
gyro_norm,51.158,0.40482957300534284
gyro_norm,51.18,0.4940958033247178
gyro_norm,51.203,0.5290860125635282
gyro_norm,51.223,0.4360206840060415
gyro_norm,51.245,0.32059295388561876
gyro_norm,51.268,0.30204264520848034
gyro_norm,51.289,0.3416833270263198
gyro_norm,51.312,0.25376864932854604
gyro_norm,51.334,0.19756081182659
gyro_norm,51.355,0.390699155363644
gyro_norm,51.377,0.6562765583372812
gyro_norm,51.399,0.9665297865129274
gyro_norm,51.421,0.8807540007252002
gyro_norm,51.442,0.6289289470856326
gyro_norm,51.464,0.48722499914007006
gyro_norm,51.488,0.5666505278085099
gyro_norm,51.508,0.5296326083005602
gyro_norm,51.529,0.2378559488769247
gyro_norm,51.551,0.45165929193604165
gyro_norm,51.574,0.4087195424560628
gyro_norm,51.595,0.25303750653050056
gyro_norm,51.618,0.3302595934844691
gyro_norm,51.64,0.40080205626463405
gyro_norm,51.661,0.357368088796934
gyro_norm,51.684,0.21526559657947278
gyro_norm,51.704,0.1358624065572885
gyro_norm,51.726,0.15442907447543802
gyro_norm,51.749,0.20213959884975358
gyro_norm,51.77,0.25371238449569417
gyro_norm,51.795,0.3810220615441086
gyro_norm,51.814,0.5851720912880197
gyro_norm,51.836,0.7788637410063695
gyro_norm,51.858,0.9485085017227097
gyro_norm,51.88,1.0266918142773447
gyro_norm,51.902,0.8896656551258646
gyro_norm,51.924,0.46041018616609103
gyro_norm,51.946,0.4236122246640709
gyro_norm,51.967,0.7705319548583037
gyro_norm,51.99,0.7942780606599324
gyro_norm,52.02,0.705492120631325
gyro_norm,52.034,0.4593200108771274
gyro_norm,52.055,0.46369007035028453
gyro_norm,52.077,0.37142086196919516
gyro_norm,52.099,0.39407449827741503
gyro_norm,52.12,0.7143534213545332
gyro_norm,52.142,0.8921789249101021
gyro_norm,52.164,0.8822419313129575
gyro_norm,52.188,0.7287539143226766
gyro_norm,52.208,0.6241550783442932
gyro_norm,52.23,0.597565434861419
gyro_norm,52.252,0.6650671740467872
gyro_norm,52.274,0.8130792340890799
gyro_norm,52.296,0.9249634029936686
gyro_norm,52.317,0.9082332594665737
gyro_norm,52.339,0.74100215747634
gyro_norm,52.361,0.5047297834624443
gyro_norm,52.383,0.48991759857850853
gyro_norm,52.405,0.7120129240942911
gyro_norm,52.427,0.8237493212813608
gyro_norm,52.453,0.6851830291259303
gyro_norm,52.471,0.6107028382051599
gyro_norm,52.493,0.4832161962640352
gyro_norm,52.514,1.0666538195514705
gyro_norm,52.536,0.7572434628169645
gyro_norm,52.559,0.7289123929522147
gyro_norm,52.58,1.080012806264413
gyro_norm,52.602,0.7073492628539497
gyro_norm,52.623,0.4735126655071076
gyro_norm,52.645,0.9097385047640797
gyro_norm,52.667,1.1440416477449586
gyro_norm,52.689,1.0507022626309028
gyro_norm,52.711,0.9608472227878181
gyro_norm,52.733,1.0594536108082802
gyro_norm,52.755,1.1431175361504853
gyro_norm,52.777,0.9971230610845155
gyro_norm,52.799,0.7774700472193984
gyro_norm,52.821,0.6368957840009526
gyro_norm,52.85,0.4585760847069923
gyro_norm,52.864,0.3292472265833615
gyro_norm,52.894,0.36281929143631214
gyro_norm,52.908,0.554497234154083
gyro_norm,52.93,0.6464162658887623
gyro_norm,52.954,0.5524883840060825
gyro_norm,52.974,0.4332714090224061
gyro_norm,52.996,0.425925147415467
gyro_norm,53.018,0.43571282499482644
gyro_norm,53.039,0.5705681717539829
gyro_norm,53.061,0.7905240538190567
gyro_norm,53.083,0.6112251161959064
gyro_norm,53.106,0.40600599302423723
gyro_norm,53.127,0.2854581470121648
gyro_norm,53.149,0.4446445657470025
gyro_norm,53.17,0.3243125697111124
gyro_norm,53.194,0.2387302476049534
gyro_norm,53.214,0.2678753005878779
gyro_norm,53.236,0.3935804848174069
gyro_norm,53.258,0.5963472260555802
gyro_norm,53.281,0.7202410486698997
gyro_norm,53.302,0.6945096588818432
gyro_norm,53.33,0.6993201409633997
gyro_norm,53.347,0.7517700240871782
gyro_norm,53.367,0.5923892685052726
gyro_norm,53.39,0.37979498865239986
gyro_norm,53.412,0.2739170951079144
gyro_norm,53.434,0.22182693904486503
gyro_norm,53.458,0.30894335411391544
gyro_norm,53.477,0.48333464239318175
gyro_norm,53.499,0.5611903726752059
gyro_norm,53.521,0.6225660174854079
gyro_norm,53.552,0.6053747583419732
gyro_norm,53.566,0.4656491925344285
gyro_norm,53.591,0.3581539017403214
gyro_norm,53.608,0.49049348554704736
gyro_norm,53.63,0.37518596919071284
gyro_norm,53.652,0.538873470177988
gyro_norm,53.674,0.3949085242169736
gyro_norm,53.696,0.5371205756339629
gyro_norm,53.717,0.5354563512499574
gyro_norm,53.74,0.15763419499619524
gyro_norm,53.762,0.3520841048811449
gyro_norm,53.784,0.3782849399681689
gyro_norm,53.805,0.5204613262350098
gyro_norm,53.835,0.5407602041982861
gyro_norm,53.849,0.4732750333190651
gyro_norm,53.87,0.4279304704732342
gyro_norm,53.894,0.4436258508566731
gyro_norm,53.915,0.4265403773784486
gyro_norm,53.936,0.3165737842734677
gyro_norm,53.958,0.24356418855379464
gyro_norm,53.98,0.2821730092671334
gyro_norm,54.002,0.27185106964162287
gyro_norm,54.024,0.16620307667934792
gyro_norm,54.046,0.19182241967760566
gyro_norm,54.068,0.1592449149438508
gyro_norm,54.09,0.13647898745935783
gyro_norm,54.111,0.1371180536525588
gyro_norm,54.134,0.16936591130585124
gyro_norm,54.156,0.2679081650255296
gyro_norm,54.177,0.2693623244028729
gyro_norm,54.198,0.14534434737474528
gyro_norm,54.221,0.025657229333942003
gyro_norm,54.243,0.1574088403400099
gyro_norm,54.264,0.2600216946725934
gyro_norm,54.286,0.40085397147319024
gyro_norm,54.309,0.6961187140731098
gyro_norm,54.33,0.6772109743041095
gyro_norm,54.352,0.5796875221171942
gyro_norm,54.374,0.6778750051829562
gyro_norm,54.396,0.6956800644441676
gyro_norm,54.417,0.5651220095657111
gyro_norm,54.439,0.4668965638710736
gyro_norm,54.461,0.4509940102080357
gyro_norm,54.483,0.4284169509479748
gyro_norm,54.51,0.4118666405796413
gyro_norm,54.527,0.4399991433128248
gyro_norm,54.549,0.4495843181826144
gyro_norm,54.57,0.4183636172027986
gyro_norm,54.594,0.32594441415869824
gyro_norm,54.614,0.15520391077544812
gyro_norm,54.637,0.13923605658415736
gyro_norm,54.659,0.3339741632760169
gyro_norm,54.681,0.4225635275143062
gyro_norm,54.702,0.46201858169998145
gyro_norm,54.733,0.36860760830685535
gyro_norm,54.746,0.3678101992006779
gyro_norm,54.767,0.44538569218311663
gyro_norm,54.789,0.6417141285504264
gyro_norm,54.812,0.7763606218369878
gyro_norm,54.834,0.7085808154366094
gyro_norm,54.855,0.5126307874130644
gyro_norm,54.878,0.2658831924021797
gyro_norm,54.899,0.20498848854371435
gyro_norm,54.921,0.5167096732622841
gyro_norm,54.943,0.7028309102967587
gyro_norm,54.966,0.612193121263297
gyro_norm,54.986,0.473194861729584
gyro_norm,55.01,0.46559091884659976
gyro_norm,55.03,0.46767199925776
gyro_norm,55.057,0.3982129932244767
gyro_norm,55.074,0.3341261192991255
gyro_norm,55.096,0.33002561637386263
gyro_norm,55.118,0.3119646878695025
gyro_norm,55.14,0.3046268697825259
gyro_norm,55.162,0.336193275778356
gyro_norm,55.184,0.3294251093526888
gyro_norm,55.214,0.4096232738742783
gyro_norm,55.227,0.46727575029812496
gyro_norm,55.249,0.4768683316038727
gyro_norm,55.271,0.4640604342013143
gyro_norm,55.293,0.35932126975927464
gyro_norm,55.316,0.26264846182304036
gyro_norm,55.337,0.53850736510775
gyro_norm,55.358,0.41856860497410997
gyro_norm,55.38,0.342784455488892
gyro_norm,55.403,0.6871897412394613
gyro_norm,55.424,0.9757007728037357
gyro_norm,55.446,1.090221136758046
gyro_norm,55.475,1.0692090207597693
gyro_norm,55.489,0.9359226485481212
gyro_norm,55.511,0.6810977078341627
gyro_norm,55.533,0.5249914472568449
gyro_norm,55.555,0.5125473417522804
gyro_norm,55.578,0.44224406523192633
gyro_norm,55.599,0.32930119962216975
gyro_norm,55.621,0.6066933212336778
gyro_norm,55.651,0.989580830755122
gyro_norm,55.665,1.2636455095111125
gyro_norm,55.689,1.3463434892653872
gyro_norm,55.709,1.2514945154049708
gyro_norm,55.73,1.0093396836512871
gyro_norm,55.753,0.7049330390407276
gyro_norm,55.774,0.5121133601975232
gyro_norm,55.797,0.5463147765385614
gyro_norm,55.818,0.5225084006839453
gyro_norm,55.84,0.3193564463912783
gyro_norm,55.862,0.12810003511725213
gyro_norm,55.883,0.8791937117168513
gyro_norm,55.905,1.1705904946186005
gyro_norm,55.927,0.07024563366644668
gyro_norm,55.949,1.2338975881523446
gyro_norm,55.972,1.3233677540179294
gyro_norm,55.994,0.9662709187915932
gyro_norm,56.015,0.6022309750665359
gyro_norm,56.037,0.8337096185832192
gyro_norm,56.059,0.8462756237381986
gyro_norm,56.08,0.8257667942421066
gyro_norm,56.103,0.9346401163284952
gyro_norm,56.132,1.0954185251364894
gyro_norm,56.146,1.173618479247147
gyro_norm,56.175,1.008174274264195
gyro_norm,56.19,0.6981864826212107
gyro_norm,56.212,0.44383238283629123
gyro_norm,56.234,0.3293166389557573
gyro_norm,56.255,0.25562218426890576
gyro_norm,56.278,0.2826387668184993
gyro_norm,56.3,0.31814506673607806
gyro_norm,56.321,0.40011654727800244
gyro_norm,56.344,0.43740631920416584
gyro_norm,56.365,0.41887712591820203
gyro_norm,56.391,0.413854757633282
gyro_norm,56.408,0.43411870388125773
gyro_norm,56.43,0.4157823079934825
gyro_norm,56.454,0.3911865517858664
gyro_norm,56.474,0.5658895290262648
gyro_norm,56.496,0.5539634848488338
gyro_norm,56.518,0.3767815762216336
gyro_norm,56.54,0.5013358767028014
gyro_norm,56.562,0.736614569807447
gyro_norm,56.584,0.6834190921462476
gyro_norm,56.616,0.44763537272766574
gyro_norm,56.628,0.41245024700310234
gyro_norm,56.651,0.5484294120787311
gyro_norm,56.671,0.40623905186291787
gyro_norm,56.694,0.37473563563949386
gyro_norm,56.715,0.5489819188650141
gyro_norm,56.737,0.5576686273683982
gyro_norm,56.759,0.49999527003975236
gyro_norm,56.781,0.5244097194177504
gyro_norm,56.803,0.6748197304739503
gyro_norm,56.825,0.7467722901395101
gyro_norm,56.846,0.6668018177888952
gyro_norm,56.868,0.5769734541455525
gyro_norm,56.89,0.48853053436897415
gyro_norm,56.912,0.47099927103502176
gyro_norm,56.934,0.31676925210797735
gyro_norm,56.955,0.3736517260179583
gyro_norm,56.977,0.7482307642092138
gyro_norm,56.999,0.6510529559820007
gyro_norm,57.021,1.6218031038981413
gyro_norm,57.043,0.9670690769533427
gyro_norm,57.065,0.3178694681919409
gyro_norm,57.087,0.6995202087317319
gyro_norm,57.115,0.7099370495761883
gyro_norm,57.132,0.4991610346140307
gyro_norm,57.153,0.49120941764791004
gyro_norm,57.174,0.4344067732495181
gyro_norm,57.196,0.5128573287031272
gyro_norm,57.218,0.9649726539815986
gyro_norm,57.241,1.1924113803204985
gyro_norm,57.262,1.052999191518083
gyro_norm,57.287,0.8455482475761371
gyro_norm,57.306,0.6721467772340353
gyro_norm,57.328,0.5240419738813396
gyro_norm,57.35,0.47379649432270865
gyro_norm,57.371,0.5066483904839345
gyro_norm,57.394,0.5102657836467855
gyro_norm,57.415,0.4726987038023094
gyro_norm,57.437,0.46506573350507957
gyro_norm,57.458,0.47114858132701903
gyro_norm,57.481,0.6100637257530745
gyro_norm,57.513,0.5454535072127915
gyro_norm,57.524,0.12480202273459863
gyro_norm,57.546,0.656350551884545
gyro_norm,57.568,1.0258532934713862
gyro_norm,57.59,0.7547978491025454
gyro_norm,57.614,0.7474180077197168
gyro_norm,57.633,1.0869129001729074
gyro_norm,57.656,1.0709493958925587
gyro_norm,57.678,0.9119942234722095
gyro_norm,57.7,0.7147009205350502
gyro_norm,57.721,0.6151572340926038
gyro_norm,57.744,0.569885830046365
gyro_norm,57.774,0.5258695129472257
gyro_norm,57.787,0.6799408076457725
gyro_norm,57.813,0.8399008223979004
gyro_norm,57.831,0.8235076988415616
gyro_norm,57.853,0.7328901715366776
gyro_norm,57.875,0.5388520340091023
gyro_norm,57.896,0.3314824409357933
gyro_norm,57.918,0.3470664250308838
gyro_norm,57.94,0.3117539779144133
gyro_norm,57.962,0.12438731875325082
gyro_norm,57.984,0.15273826066091067
gyro_norm,58.006,0.3314823130923614
gyro_norm,58.028,0.4363629825350999
gyro_norm,58.049,0.5378502040829645
gyro_norm,58.071,0.6735562088748744
gyro_norm,58.098,0.8257934301311122
gyro_norm,58.115,0.9187855843790368
gyro_norm,58.137,0.7780412170534183
gyro_norm,58.159,0.48483895058591014
gyro_norm,58.181,0.3317400152917064
gyro_norm,58.214,0.4999278190419798
gyro_norm,58.224,0.18932749002389584
gyro_norm,58.25,0.5327852223915814
gyro_norm,58.268,0.4687785838176394
gyro_norm,58.29,0.4616953094702889
gyro_norm,58.312,0.2775756230195637
gyro_norm,58.334,0.20608663900423632
gyro_norm,58.356,0.3392281213557971
gyro_norm,58.378,0.27328912391482746
gyro_norm,58.399,0.15487154419145896
gyro_norm,58.422,0.08292222024207814
gyro_norm,58.443,0.13667212487326078
gyro_norm,58.465,0.27346456499249516
gyro_norm,58.487,0.26437132886918113
gyro_norm,58.512,0.26613358486902666
gyro_norm,58.531,0.29779022559773544
gyro_norm,58.554,0.3184447925563636
gyro_norm,58.575,0.3451843029352212
gyro_norm,58.597,0.3405992042229365
gyro_norm,58.619,0.3277068825179074
gyro_norm,58.64,0.2639672008255419
gyro_norm,58.662,0.3371781749135976
gyro_norm,58.684,0.450975159428809
gyro_norm,58.706,0.7209227799290004
gyro_norm,58.73,1.0356027546255722
gyro_norm,58.754,0.9223576703108197
gyro_norm,58.771,0.5752191367162035
gyro_norm,58.794,0.45091707717376084
gyro_norm,58.815,0.42786664148172443
gyro_norm,58.837,0.5958857780384924
gyro_norm,58.859,0.6238497502007054
gyro_norm,58.881,0.5161657009477877
gyro_norm,58.902,0.427898095000231
gyro_norm,58.924,0.5182273779310635
gyro_norm,58.946,0.6561796389814329
gyro_norm,58.968,0.5702332941004015
gyro_norm,58.99,0.4334758980425655
gyro_norm,59.011,0.39937394488208977
gyro_norm,59.033,0.45419903965826014
gyro_norm,59.055,0.3590634881217388
gyro_norm,59.077,0.34036165221316766
gyro_norm,59.099,0.34970415934500404
gyro_norm,59.121,0.3552926475220416
gyro_norm,59.156,0.4845049704477636
gyro_norm,59.177,0.4890728799783556
gyro_norm,59.197,0.4456327040215776
gyro_norm,59.218,0.3716816347372533
gyro_norm,59.24,0.34172722346161377
gyro_norm,59.26,0.3670019667354705
gyro_norm,59.281,0.37160448952090785
gyro_norm,59.302,0.37069202568134946
gyro_norm,59.322,0.36940990376053545
gyro_norm,59.343,0.3842282503608903
gyro_norm,59.365,0.37063216888888
gyro_norm,59.384,0.33788888847756005
gyro_norm,59.406,0.32232926267306344
gyro_norm,59.427,0.33498074912827086
gyro_norm,59.447,0.332605008252878
gyro_norm,59.468,0.3321203805608943
gyro_norm,59.489,0.34858509053526976
gyro_norm,59.509,0.37793791888585093
gyro_norm,59.53,0.42066923848094717
gyro_norm,59.552,0.496914798650736
gyro_norm,59.571,0.5493352817001017
gyro_norm,59.613,0.5923691209868545
gyro_norm,59.635,0.6233050060610609
gyro_norm,59.657,0.6814292887572369
gyro_norm,59.679,0.7487622141475087
gyro_norm,59.701,0.7901984792599372
gyro_norm,59.723,0.834765282004882
gyro_norm,59.745,0.8919870610989185
gyro_norm,59.766,0.9250727855528688
gyro_norm,59.788,0.975817962333054
gyro_norm,59.81,1.0401409550527803
gyro_norm,59.833,1.084938787806035
gyro_norm,59.854,1.121309307129244
gyro_norm,59.876,1.1904472502600976
gyro_norm,59.898,1.2662555323787763
gyro_norm,59.919,1.288765874131191
gyro_norm,59.942,1.3085244555259699
gyro_norm,59.963,1.3287194223506564
gyro_norm,59.985,1.343364330763425
gyro_norm,60.007,1.3509204478417858
gyro_norm,60.029,1.3654582858000046
gyro_norm,60.051,1.3832338022939685
gyro_norm,60.073,1.368427550934342
gyro_norm,60.094,1.3208204760159923
gyro_norm,60.117,1.2549416921688181
gyro_norm,60.138,1.188287044585071
gyro_norm,60.16,1.141121777259791
gyro_norm,60.182,1.1353238294300718
gyro_norm,60.204,1.189295853223071
gyro_norm,60.226,1.1462396643800987
gyro_norm,60.248,1.0143029271154371
gyro_norm,60.27,0.9118824039536746
gyro_norm,60.291,0.9234704316944706
gyro_norm,60.313,1.2227905541762774
gyro_norm,60.335,1.2335958131650924
gyro_norm,60.357,0.8188533656063783
gyro_norm,60.379,0.5557336226067069
gyro_norm,60.401,0.43745470471225684
gyro_norm,60.423,0.43204790129019643
gyro_norm,60.445,0.5065904741429876
gyro_norm,60.467,0.6145871380992857
gyro_norm,60.488,0.43811045819918903
