sensor,time_s,value
dynamic_accel,0.001,0.6266916451647724
dynamic_accel,0.051,-0.15098315482692826
dynamic_accel,0.101,-0.18169944075907551
dynamic_accel,0.151,-0.031605493569697884
dynamic_accel,0.201,-0.39422599484433185
dynamic_accel,0.251,0.34432485299252313
dynamic_accel,0.301,-0.4303367829927396
dynamic_accel,0.351,-0.10314156309313383
dynamic_accel,0.401,0.3967238620724167
dynamic_accel,0.451,-0.6641069888445372
dynamic_accel,0.501,0.9651929277224038
dynamic_accel,0.551,-0.1353024146797317
dynamic_accel,0.601,0.2833457986969492
dynamic_accel,0.651,0.7398656199877589
dynamic_accel,0.701,-0.9514744216217039
dynamic_accel,0.751,0.4396992491736391
dynamic_accel,0.801,-0.39515720253994147
dynamic_accel,0.851,-0.2874877438258707
dynamic_accel,0.901,-1.003488549700096
dynamic_accel,0.951,-0.34389276162918136
dynamic_accel,1.001,1.509596227664563
dynamic_accel,1.051,0.09696781651939013
dynamic_accel,1.101,-1.1192081910429774
dynamic_accel,1.151,-0.725117071931118
dynamic_accel,1.201,1.5484258136149869
dynamic_accel,1.251,0.6135430612290911
dynamic_accel,1.301,-1.0573544923473754
dynamic_accel,1.351,-0.6405014661796962
dynamic_accel,1.401,-0.4848304299500832
dynamic_accel,1.451,-0.11942004538708773
dynamic_accel,1.501,0.33091533869713174
dynamic_accel,1.551,0.8636066138621334
dynamic_accel,1.601,0.9023350202320675
dynamic_accel,1.651,-0.6739831847531388
dynamic_accel,1.701,3.7466774271275813
dynamic_accel,1.751,0.9059326752646069
dynamic_accel,1.801,-1.8621222397271033
dynamic_accel,1.851,-0.8731935881456483
dynamic_accel,1.901,1.1219217847537308
dynamic_accel,1.951,-3.101258555492345
dynamic_accel,2.001,-2.4061368153795257
dynamic_accel,2.051,-0.047515218386168456
dynamic_accel,2.101,-0.13512990899808663
dynamic_accel,2.151,0.7762363901623086
dynamic_accel,2.201,0.5809770665948175
dynamic_accel,2.251,1.3903881800884683
dynamic_accel,2.301,1.3445069545985024
dynamic_accel,2.351,3.5012537275826148
dynamic_accel,2.401,-2.61974415310402
dynamic_accel,2.451,0.47556081048386467
dynamic_accel,2.501,-0.14643526448233146
dynamic_accel,2.551,-3.4592718560880398
dynamic_accel,2.601,-1.7380214252725175
dynamic_accel,2.651,0.06328389776833099
dynamic_accel,2.701,0.15065807426230116
dynamic_accel,2.751,0.8108949810848856
dynamic_accel,2.801,1.8767507574134417
dynamic_accel,2.851,0.36956936664581974
dynamic_accel,2.901,1.9129481890957134
dynamic_accel,2.951,2.335204921040564
dynamic_accel,3.001,-4.026134787331284
dynamic_accel,3.051,1.1115602923108625
dynamic_accel,3.101,-1.5627120372310923
dynamic_accel,3.151,-2.8282598070414995
dynamic_accel,3.201,-1.6547722176218347
dynamic_accel,3.251,0.6704611216773646
dynamic_accel,3.301,0.8385175703671983
dynamic_accel,3.351,1.6122127481086785
dynamic_accel,3.401,2.83506186203722
dynamic_accel,3.451,-0.44918398330028886
dynamic_accel,3.501,5.46898139891751
dynamic_accel,3.551,-2.339679133662771
dynamic_accel,3.601,-1.6319407798560537
dynamic_accel,3.651,-1.2991699025449641
dynamic_accel,3.701,-3.6994897537044356
dynamic_accel,3.751,-3.142857121752665
dynamic_accel,3.801,0.2561396608942754
dynamic_accel,3.851,2.1278236090140634
dynamic_accel,3.901,0.778926779222866
dynamic_accel,3.951,3.359530598950295
dynamic_accel,4.001,-0.5512806365107732
dynamic_accel,4.051,7.071698628566539
dynamic_accel,4.101,-2.204136203062186
dynamic_accel,4.151,-3.0217654629544857
dynamic_accel,4.201,-2.313028458948965
dynamic_accel,4.251,-1.8263449783515675
dynamic_accel,4.301,-2.8923451131542697
dynamic_accel,4.351,0.14356316651668877
dynamic_accel,4.401,1.5757079609199192
dynamic_accel,4.451,1.2871261754650796
dynamic_accel,4.501,2.719145699378112
dynamic_accel,4.551,-1.0843053397736906
dynamic_accel,4.601,6.743175776189922
dynamic_accel,4.651,-1.9396488281325297
dynamic_accel,4.701,-2.7832425432889014
dynamic_accel,4.751,-0.9219576209745863
dynamic_accel,4.801,-3.513331946963598
dynamic_accel,4.851,-2.6746392803700836
dynamic_accel,4.901,-0.4622273857292747
dynamic_accel,4.951,1.3281324649949635
dynamic_accel,5.001,1.7335392172960322
dynamic_accel,5.051,4.2289897554197875
dynamic_accel,5.101,0.7412993097334741
dynamic_accel,5.151,4.472726728527338
dynamic_accel,5.201,-2.2461736233166834
dynamic_accel,5.251,-1.6995566539164066
dynamic_accel,5.301,-1.0364858175258167
dynamic_accel,5.351,-3.4664398081313896
dynamic_accel,5.401,-1.7703524056161353
dynamic_accel,5.451,-1.2477882848534598
dynamic_accel,5.501,1.336191647273985
dynamic_accel,5.551,1.3941842413015788
dynamic_accel,5.601,1.183404555392812
dynamic_accel,5.651,0.6400429085398898
dynamic_accel,5.701,4.977934655722494
dynamic_accel,5.751,-3.199953774803169
dynamic_accel,5.801,1.9751999332598213
dynamic_accel,5.851,-2.512667505594826
dynamic_accel,5.901,-3.2793051937215187
dynamic_accel,5.951,-1.790837927265299
dynamic_accel,6.001,-0.1452935550240344
dynamic_accel,6.051,1.7325321812029735
dynamic_accel,6.101,0.9440137847666605
dynamic_accel,6.151,1.5696920568483446
dynamic_accel,6.201,2.0009037069338014
dynamic_accel,6.251,1.753267034572124
dynamic_accel,6.301,-1.8148860552860713
dynamic_accel,6.351,0.2901254757827427
dynamic_accel,6.401,-1.9200141157103712
dynamic_accel,6.451,-1.8306095967972453
dynamic_accel,6.501,-1.8019561943726234
dynamic_accel,6.551,0.9663095725532624
dynamic_accel,6.601,-0.892803413583307
dynamic_accel,6.651,1.9708502520261693
dynamic_accel,6.701,0.15823440438470193
dynamic_accel,6.751,1.572816466596306
dynamic_accel,6.801,5.122352347791422
dynamic_accel,6.851,-4.841039045909747
dynamic_accel,6.901,1.1723408118515888
dynamic_accel,6.951,-0.3719899035885543
dynamic_accel,7.001,-1.0863733462324028
dynamic_accel,7.051,-2.8154200236728677
dynamic_accel,7.101,-0.24050421352699658
dynamic_accel,7.151,0.5214287987814696
dynamic_accel,7.201,0.22935421211909102
dynamic_accel,7.251,0.7472665107508014
dynamic_accel,7.301,0.6307790518370187
dynamic_accel,7.351,0.6266711075618048
dynamic_accel,7.401,-1.2311995767514272
dynamic_accel,7.451,2.1627189173421346
dynamic_accel,7.501,-0.6764925552301015
dynamic_accel,7.551,-1.119548239514394
dynamic_accel,7.601,-0.1823020021974351
dynamic_accel,7.651,0.7388169790516201
dynamic_accel,7.701,0.8064852131413449
dynamic_accel,7.751,0.32758688413986015
dynamic_accel,7.801,-0.885944950483248
dynamic_accel,7.851,-0.7804284186977366
dynamic_accel,7.901,-0.7100327823194803
dynamic_accel,7.951,1.5196503718530199
dynamic_accel,8.001,-0.254762125981598
dynamic_accel,8.051,-0.7928655150245021
dynamic_accel,8.101,0.42453093184462
dynamic_accel,8.151,-0.1882134733901104
dynamic_accel,8.201,0.740547218872809
dynamic_accel,8.251,-0.153535874233528
dynamic_accel,8.301,-0.09099696786604028
dynamic_accel,8.351,-0.24450649707947392
dynamic_accel,8.401,0.33319865764909906
dynamic_accel,8.451,0.5051889136896808
dynamic_accel,8.501,0.2324321782872758
dynamic_accel,8.551,-0.3264590648821226
dynamic_accel,8.601,-0.5451178493225477
dynamic_accel,8.651,-0.4790520545586503
dynamic_accel,8.701,-0.8028549542579722
dynamic_accel,8.751,1.560172633656446
dynamic_accel,8.801,-0.7540598736473534
dynamic_accel,8.851,-0.662201584888706
dynamic_accel,8.901,-0.7075276458950892
dynamic_accel,8.951,1.0779130797548415
dynamic_accel,9.001,-0.955502440580462
dynamic_accel,9.051,-0.6060271661989489
dynamic_accel,9.101,-0.2131874886422942
dynamic_accel,9.151,-0.35576386711596086
dynamic_accel,9.201,1.9703223510207586
dynamic_accel,9.251,2.477990514776737
dynamic_accel,9.301,0.40208794081700816
dynamic_accel,9.351,4.83703412336382
dynamic_accel,9.401,-0.8266846099721565
dynamic_accel,9.451,-2.4872450340290913
dynamic_accel,9.501,-2.27123311520549
dynamic_accel,9.551,-2.872778470773066
dynamic_accel,9.601,-3.872130511928721
dynamic_accel,9.651,-0.8648595664023819
dynamic_accel,9.701,1.8664064762406252
dynamic_accel,9.751,2.6994300614118867
dynamic_accel,9.801,2.783259032233385
dynamic_accel,9.851,2.83126002292655
dynamic_accel,9.901,4.141509642668348
dynamic_accel,9.951,-3.8763715003260213
dynamic_accel,10.001,-1.4675255617937921
dynamic_accel,10.051,-3.6012921094904478
dynamic_accel,10.101,-3.196661571957665
dynamic_accel,10.151,-2.2471265007152583
dynamic_accel,10.201,2.5521205700029235
dynamic_accel,10.251,2.501795739200576
dynamic_accel,10.301,2.669320782238458
dynamic_accel,10.351,0.4728890572942088
dynamic_accel,10.401,6.181166525399043
dynamic_accel,10.451,-4.163780132843187
dynamic_accel,10.501,-1.4169269271023381
dynamic_accel,10.551,-3.14773994896715
dynamic_accel,10.601,-3.039881821003105
dynamic_accel,10.651,-0.8063485241527442
dynamic_accel,10.701,0.02055806502711377
dynamic_accel,10.751,2.3080976668121522
dynamic_accel,10.801,3.3287947165224043
dynamic_accel,10.851,-0.8207697610726807
dynamic_accel,10.901,2.3996921870370667
dynamic_accel,10.951,-0.3103633077986885
dynamic_accel,11.001,-0.7304026418541607
dynamic_accel,11.051,0.08814830099829152
dynamic_accel,11.101,-2.453753273803624
dynamic_accel,11.151,-0.570471868444983
dynamic_accel,11.201,-1.4332727304319537
dynamic_accel,11.251,-0.27942567013732145
dynamic_accel,11.301,3.6854210757951194
dynamic_accel,11.351,-0.22439865328987274
dynamic_accel,11.401,3.852641357350034
dynamic_accel,11.451,-0.7595645319543909
dynamic_accel,11.501,-1.1434291792087148
dynamic_accel,11.551,-0.7649897431511441
dynamic_accel,11.601,-1.8289310184752772
dynamic_accel,11.651,-3.1814725459536817
dynamic_accel,11.701,-0.6634678151526359
dynamic_accel,11.751,0.45715342486440136
dynamic_accel,11.801,1.5698659737354355
dynamic_accel,11.851,-1.229328201100227
dynamic_accel,11.901,6.770932032897171
dynamic_accel,11.951,0.45850380711621774
dynamic_accel,12.001,0.42847516634779304
dynamic_accel,12.051,0.4153522945960564
dynamic_accel,12.101,-4.091168859869474
dynamic_accel,12.151,-3.086780136149585
dynamic_accel,12.201,-1.1615307011583607
dynamic_accel,12.251,-0.022050426133414902
dynamic_accel,12.301,-0.01371446731043946
dynamic_accel,12.351,1.335790734309498
dynamic_accel,12.401,-0.03503184174272356
dynamic_accel,12.451,6.784406131198571
dynamic_accel,12.501,-0.3573555524867089
dynamic_accel,12.551,-0.9829551669182841
dynamic_accel,12.601,-0.4873359629662595
dynamic_accel,12.651,0.1518221129511499
dynamic_accel,12.701,-4.818082968455801
dynamic_accel,12.751,-2.9150482073498063
dynamic_accel,12.801,-0.4404605246960571
dynamic_accel,12.851,1.5891629601667
dynamic_accel,12.901,1.3612085071365616
dynamic_accel,12.951,-0.6300756041560707
dynamic_accel,13.001,8.68170185778761
dynamic_accel,13.051,-4.486296207126457
dynamic_accel,13.101,3.6042508566078286
dynamic_accel,13.151,-0.5968880895808031
dynamic_accel,13.201,-1.8396245912793958
dynamic_accel,13.251,-2.8603562916484018
dynamic_accel,13.301,-0.5181541890247008
dynamic_accel,13.351,-0.9351999120141539
dynamic_accel,13.401,1.8930644531117746
dynamic_accel,13.451,1.6114661066527152
dynamic_accel,13.501,-1.9469956513819229
dynamic_accel,13.551,0.24155596842540739
dynamic_accel,13.601,-0.2697640653289284
dynamic_accel,13.651,0.9922369961407185
dynamic_accel,13.701,-0.6369152998847785
dynamic_accel,13.751,0.020948659601325303
dynamic_accel,13.801,-0.43832937852190845
dynamic_accel,13.851,0.0937342844859792
dynamic_accel,13.901,1.0339500044263925
dynamic_accel,13.951,-0.7861096700304895
dynamic_accel,14.001,0.7885345351151773
dynamic_accel,14.051,-1.108086209942261
dynamic_accel,14.101,0.9138955847430168
dynamic_accel,14.151,-0.26186812561721773
dynamic_accel,14.201,-0.22556572647769535
dynamic_accel,14.251,0.12111189167940672
dynamic_accel,14.301,-1.868484312172498
dynamic_accel,14.351,-0.48867812878100025
dynamic_accel,14.401,1.481820787567786
dynamic_accel,14.451,-2.2984684330089156
dynamic_accel,14.501,-1.0894879550712222
dynamic_accel,14.551,-0.8128707071839916
dynamic_accel,14.601,2.6558507714965636
dynamic_accel,14.651,3.7220319105408883
dynamic_accel,14.701,2.4484311217639974
dynamic_accel,14.751,3.114370384886799
dynamic_accel,14.801,-0.6855233588114125
dynamic_accel,14.851,-2.5640084686938494
dynamic_accel,14.901,0.5876100505393413
dynamic_accel,14.951,-2.74914320366849
dynamic_accel,15.001,-2.8615416513432033
dynamic_accel,15.051,-3.4831246599687153
dynamic_accel,15.101,0.2667980393146081
dynamic_accel,15.151,0.6036953326767787
dynamic_accel,15.201,4.760252739105615
dynamic_accel,15.251,1.5840830812689148
dynamic_accel,15.301,-0.4721424684117075
dynamic_accel,15.351,2.5364692021604203
dynamic_accel,15.401,-3.699024919366404
dynamic_accel,15.451,2.362942499982294
dynamic_accel,15.501,-3.3751580603201052
dynamic_accel,15.551,-2.5769109205873706
dynamic_accel,15.601,-0.9211179385762698
dynamic_accel,15.651,1.0303912103615644
dynamic_accel,15.701,0.6257101791359574
dynamic_accel,15.751,0.35406061412367684
dynamic_accel,15.801,-1.1064178092663468
dynamic_accel,15.851,5.952239516081574
dynamic_accel,15.901,-2.5725736325273783
dynamic_accel,15.951,-3.241636159351125
dynamic_accel,16.001,7.830367988264509
dynamic_accel,16.051,-2.134157317865668
dynamic_accel,16.101,-3.2331266358031954
dynamic_accel,16.151,0.12008428877814126
dynamic_accel,16.201,-0.4528151022229867
dynamic_accel,16.251,0.7824541937666272
dynamic_accel,16.301,0.9754449946843469
dynamic_accel,16.351,-1.5425565384851048
dynamic_accel,16.401,-0.2278761754147407
dynamic_accel,16.451,1.5991882831977673
dynamic_accel,16.501,-0.7307809950499315
dynamic_accel,16.551,0.5223941939829011
dynamic_accel,16.601,-0.16993201939862423
dynamic_accel,16.651,0.040795284462372905
dynamic_accel,16.701,0.11055113079672907
dynamic_accel,16.751,-0.32955897094102227
dynamic_accel,16.801,-1.3189474206720817
dynamic_accel,16.851,-1.7235182307519832
dynamic_accel,16.901,1.6836541959932898
dynamic_accel,16.951,-0.41458079125080083
dynamic_accel,17.001,-2.499445398137727
dynamic_accel,17.051,-1.1226367808167215
dynamic_accel,17.101,1.5037160125189626
dynamic_accel,17.151,1.474870217697175
dynamic_accel,17.201,2.1660114504505383
dynamic_accel,17.251,2.522434301368902
dynamic_accel,17.301,-0.24635519884429335
dynamic_accel,17.351,3.3262951892865775
dynamic_accel,17.401,2.143100957277765
dynamic_accel,17.451,-1.3501411651823858
dynamic_accel,17.501,-3.1353921161882337
dynamic_accel,17.551,-3.523531856402726
dynamic_accel,17.601,-4.954753917355098
dynamic_accel,17.651,-0.6555895168367769
dynamic_accel,17.701,0.7288892245482419
dynamic_accel,17.751,3.880790769587625
dynamic_accel,17.801,3.2068354860113217
dynamic_accel,17.851,-2.0957166683120683
dynamic_accel,17.901,8.527659316800296
dynamic_accel,17.951,-6.757644831980905
dynamic_accel,18.001,1.9716761825286095
dynamic_accel,18.051,-5.107160287395259
dynamic_accel,18.101,-4.696856291138851
dynamic_accel,18.151,-2.186788658662734
dynamic_accel,18.201,0.7611812603649586
dynamic_accel,18.251,3.380188636616099
dynamic_accel,18.301,3.6029953010973603
dynamic_accel,18.351,1.854032326402658
dynamic_accel,18.401,10.810200050738096
dynamic_accel,18.451,-3.097385779381729
dynamic_accel,18.501,-2.33129726705189
dynamic_accel,18.551,-4.508833828947755
dynamic_accel,18.601,-5.549264463967071
dynamic_accel,18.651,-3.944537516264898
dynamic_accel,18.701,-1.6219307101012195
dynamic_accel,18.751,2.021994833757823
dynamic_accel,18.801,3.1999486891970275
dynamic_accel,18.851,2.7947088781084055
dynamic_accel,18.901,-0.8197749467476676
dynamic_accel,18.951,11.363789333930585
dynamic_accel,19.001,-4.279178398198165
dynamic_accel,19.051,-0.08425254491658407
dynamic_accel,19.101,0.240059751684365
dynamic_accel,19.151,-5.459509787876557
dynamic_accel,19.201,-3.0740864691524568
dynamic_accel,19.251,-2.1954199329789272
dynamic_accel,19.301,-1.1539074337760429
dynamic_accel,19.351,-1.014893435023243
dynamic_accel,19.401,2.668969307532448
dynamic_accel,19.451,2.561417978079083
dynamic_accel,19.501,-1.1425379454307905
dynamic_accel,19.551,7.683020602041928
dynamic_accel,19.601,1.8517074032139664
dynamic_accel,19.651,0.7388887907967394
dynamic_accel,19.701,1.7014214691264335
dynamic_accel,19.751,-5.205658706742337
dynamic_accel,19.801,-2.215685358667013
dynamic_accel,19.851,-3.0932129832241158
dynamic_accel,19.901,0.4421725904204017
dynamic_accel,19.951,-1.9622138868293018
dynamic_accel,20.001,-1.6104606029636557
dynamic_accel,20.051,7.866827002987366
dynamic_accel,20.101,-4.00054348927779
dynamic_accel,20.151,-1.5085133984787715
dynamic_accel,20.201,3.0579496154644463
dynamic_accel,20.251,-0.030608582780146776
dynamic_accel,20.301,1.2207093585011908
dynamic_accel,20.351,-0.27366143891388717
dynamic_accel,20.401,-2.236574295896884
dynamic_accel,20.451,0.3341136883635052
dynamic_accel,20.501,0.7688079896847455
dynamic_accel,20.551,-0.08435186498348557
dynamic_accel,20.601,-0.7653897822951912
dynamic_accel,20.651,0.861920483559997
dynamic_accel,20.701,-1.83768054812648
dynamic_accel,20.751,-3.1185221293739174
dynamic_accel,20.801,-1.3622063762941625
dynamic_accel,20.851,-0.48290778697498915
dynamic_accel,20.901,1.0984094369634292
dynamic_accel,20.951,3.062856183803957
dynamic_accel,21.001,4.682788506846833
dynamic_accel,21.051,1.4965141707995961
dynamic_accel,21.101,0.6992903338544192
dynamic_accel,21.151,6.072385694155786
dynamic_accel,21.201,-2.296654753598414
dynamic_accel,21.251,-3.7597092176452334
dynamic_accel,21.301,-5.523243441368995
dynamic_accel,21.351,-4.896847994824585
dynamic_accel,21.401,-2.2526265558676766
dynamic_accel,21.451,0.6024662222853774
dynamic_accel,21.501,4.096769434206074
dynamic_accel,21.551,9.142110827764348
dynamic_accel,21.601,-0.5984172290845411
dynamic_accel,21.651,4.2497635492858326
dynamic_accel,21.701,-4.9900631630353764
dynamic_accel,21.751,-0.29763822626540026
dynamic_accel,21.801,-3.1562912242778705
dynamic_accel,21.851,-7.249189405965732
dynamic_accel,21.901,-0.8497040023278792
dynamic_accel,21.951,-3.61975931897567
dynamic_accel,22.001,6.4100082885407
dynamic_accel,22.051,3.9799948351270267
dynamic_accel,22.101,3.7085743236620825
dynamic_accel,22.151,1.9345285430523198
dynamic_accel,22.201,4.099952672919265
dynamic_accel,22.251,-1.035779680223584
dynamic_accel,22.301,-3.374406166352066
dynamic_accel,22.351,-6.869809261745237
dynamic_accel,22.401,-4.005471638685766
dynamic_accel,22.451,-4.0473497279808965
dynamic_accel,22.501,2.8854762424045575
dynamic_accel,22.551,3.3497759934527718
dynamic_accel,22.601,5.4364539775537235
dynamic_accel,22.651,-1.6695221044947717
dynamic_accel,22.701,11.820850594463264
dynamic_accel,22.751,-1.8669049044546675
dynamic_accel,22.801,-5.193139445531205
dynamic_accel,22.851,-2.8036380284720313
dynamic_accel,22.901,-6.812010398434646
dynamic_accel,22.951,-3.161038487949763
dynamic_accel,23.001,-1.3605548837761638
dynamic_accel,23.051,2.3377275013381578
dynamic_accel,23.101,3.1831408664270384
dynamic_accel,23.151,3.6656546712395954
dynamic_accel,23.201,-0.5356854947361782
dynamic_accel,23.251,10.634571058424541
dynamic_accel,23.301,-3.0614533364398175
dynamic_accel,23.351,-0.08472868619164231
dynamic_accel,23.401,-0.469764130709331
dynamic_accel,23.451,-5.604028370403147
dynamic_accel,23.501,-4.1075935285465865
dynamic_accel,23.551,-2.834654789402565
dynamic_accel,23.601,-0.09023136568132806
dynamic_accel,23.651,-0.6905156327639741
dynamic_accel,23.701,1.9042641355757617
dynamic_accel,23.751,1.3803741214280656
dynamic_accel,23.801,6.312750985233411
dynamic_accel,23.851,0.9527220110031926
dynamic_accel,23.901,0.49533081679776103
dynamic_accel,23.951,3.686835021280313
dynamic_accel,24.001,-4.87677273050463
dynamic_accel,24.051,-1.9031810247148524
dynamic_accel,24.101,-0.23305072194263943
dynamic_accel,24.151,-0.6935704035700265
dynamic_accel,24.201,-0.9348523455839235
dynamic_accel,24.251,-1.3146296179579018
dynamic_accel,24.301,4.239432184530775
dynamic_accel,24.351,-1.7513930435678695
dynamic_accel,24.401,-3.0889353873125316
dynamic_accel,24.451,0.22911818805422968
dynamic_accel,24.501,3.9780319381514673
dynamic_accel,24.551,0.038616081706589256
dynamic_accel,24.601,-0.6266318282848626
dynamic_accel,24.651,-0.8293074071686828
dynamic_accel,24.701,-0.006304474506823254
dynamic_accel,24.751,-0.8519751680058558
dynamic_accel,24.801,0.703751583016242
dynamic_accel,24.851,-2.009587800587548
dynamic_accel,24.901,-1.3663144443327333
dynamic_accel,24.951,-0.17526483965256823
dynamic_accel,25.001,1.3865173208654795
dynamic_accel,25.051,1.0648244727690646
dynamic_accel,25.101,-0.07955160340543799
dynamic_accel,25.151,3.2582963162284617
dynamic_accel,25.201,1.1294493555656153
dynamic_accel,25.251,2.6053493583229557
dynamic_accel,25.301,1.0166225913343894
dynamic_accel,25.351,-1.4786604595805226
dynamic_accel,25.401,2.1934895340222873
dynamic_accel,25.451,-4.437813526132218
dynamic_accel,25.501,-4.4717528602792225
dynamic_accel,25.551,-3.924474849127405
dynamic_accel,25.601,-2.414852372611314
dynamic_accel,25.651,0.11852940350217267
dynamic_accel,25.701,0.6963850276345571
dynamic_accel,25.751,1.7813230682416261
dynamic_accel,25.801,1.0615445307349614
dynamic_accel,25.851,4.267429859094943
dynamic_accel,25.901,-1.0118048697972597
dynamic_accel,25.951,-1.3409956302808848
dynamic_accel,26.001,14.187157284618406
dynamic_accel,26.051,-5.56363270094396
dynamic_accel,26.101,-0.41297771408129336
dynamic_accel,26.151,-3.6104806434204653
dynamic_accel,26.201,-0.22517706277788996
dynamic_accel,26.251,-1.5434447951933645
dynamic_accel,26.301,-0.2582143866742115
dynamic_accel,26.351,-1.327265561257592
dynamic_accel,26.401,-0.834046991223385
dynamic_accel,26.451,0.9192635362385708
dynamic_accel,26.501,-1.3255902706907907
dynamic_accel,26.551,-1.0073927938665008
dynamic_accel,26.601,7.581638082278593
dynamic_accel,26.651,-3.213883228034798
dynamic_accel,26.701,0.33658924431371595
dynamic_accel,26.751,-1.6987450655836511
dynamic_accel,26.801,0.12681833604312054
dynamic_accel,26.851,0.33902986930362466
dynamic_accel,26.901,1.8836518424246655
dynamic_accel,26.951,-1.4670836608384832
dynamic_accel,27.001,-0.9692422320792016
dynamic_accel,27.051,0.2814048876696962
dynamic_accel,27.101,0.08090310077714769
dynamic_accel,27.151,1.4930968125673107
dynamic_accel,27.201,-1.4346307818765496
dynamic_accel,27.251,0.08085905266437443
dynamic_accel,27.301,-0.4967332305844998
dynamic_accel,27.351,-0.6689773810163899
dynamic_accel,27.401,-1.0582198461050147
dynamic_accel,27.451,1.8496466934396079
dynamic_accel,27.501,-3.6122330828507554
dynamic_accel,27.551,-3.584170786143228
dynamic_accel,27.601,-0.3921263898566103
dynamic_accel,27.651,2.6309354342833497
dynamic_accel,27.701,4.707062113780999
dynamic_accel,27.751,4.019274979557281
dynamic_accel,27.801,1.6452225220229817
dynamic_accel,27.851,4.7022852253412655
dynamic_accel,27.901,1.4771836816049166
dynamic_accel,27.951,-4.489989427867791
dynamic_accel,28.001,-4.109285963536691
dynamic_accel,28.051,-6.581358500773794
dynamic_accel,28.101,-4.765011692561814
dynamic_accel,28.151,0.5780931497409334
dynamic_accel,28.201,3.0149243110696293
dynamic_accel,28.251,4.584658379274446
dynamic_accel,28.301,4.435818367061401
dynamic_accel,28.351,-1.9389464085896257
dynamic_accel,28.401,8.146875007497584
dynamic_accel,28.451,-4.298906927669566
dynamic_accel,28.501,-2.776514591781022
dynamic_accel,28.551,-5.6798543332790645
dynamic_accel,28.601,-3.031701913318373
dynamic_accel,28.651,-2.0859710526212822
dynamic_accel,28.701,-0.029774896813854923
dynamic_accel,28.751,2.7636627922520702
dynamic_accel,28.801,4.949946344922443
dynamic_accel,28.851,1.1663598639090846
dynamic_accel,28.901,7.365019901127459
dynamic_accel,28.951,0.663559068080442
dynamic_accel,29.001,0.04597808778841994
dynamic_accel,29.051,-6.2698572763098905
dynamic_accel,29.101,-7.687216187732556
dynamic_accel,29.151,-3.343075936969453
dynamic_accel,29.201,0.3061525428339298
dynamic_accel,29.251,1.3152148683060183
dynamic_accel,29.301,1.912420548948658
dynamic_accel,29.351,4.212310537715295
dynamic_accel,29.401,0.7057024953309323
dynamic_accel,29.451,10.05926875477328
dynamic_accel,29.501,-2.8129961852709657
dynamic_accel,29.551,-0.7948387725127137
dynamic_accel,29.601,-2.9942469487199412
dynamic_accel,29.651,-6.486191357409409
dynamic_accel,29.701,-3.6018641217979406
dynamic_accel,29.751,-1.1395012398353224
dynamic_accel,29.801,-1.4158723270212992
dynamic_accel,29.851,3.7356901847263426
dynamic_accel,29.901,3.8991104096955773
dynamic_accel,29.951,2.7663862656739973
dynamic_accel,30.001,3.5776934410428325
dynamic_accel,30.051,4.4085358828493355
dynamic_accel,30.101,-2.9933923314311173
dynamic_accel,30.151,-0.7346444986977598
dynamic_accel,30.201,-5.524837156529558
dynamic_accel,30.251,-3.099423836823833
dynamic_accel,30.301,-1.8544726713193747
dynamic_accel,30.351,0.9145676127304956
dynamic_accel,30.401,0.8763022239777882
dynamic_accel,30.451,1.2342115922207988
dynamic_accel,30.501,-0.30278618853898287
dynamic_accel,30.551,-1.1658233551146235
dynamic_accel,30.601,8.202127890864064
dynamic_accel,30.651,-4.70620798155185
dynamic_accel,30.701,3.0854116211156146
dynamic_accel,30.751,-1.7479584600539422
dynamic_accel,30.801,-2.283477584020729
dynamic_accel,30.851,1.0076367964688586
dynamic_accel,30.901,-0.9488635098182048
dynamic_accel,30.951,-0.2244294474716213
dynamic_accel,31.001,1.1402208766700461
dynamic_accel,31.051,0.7997294448201018
dynamic_accel,31.101,0.5633164691609487
dynamic_accel,31.151,-2.6345541321860155
dynamic_accel,31.201,0.21473765790425148
dynamic_accel,31.251,1.5827373027068745
dynamic_accel,31.301,-0.8863205655277273
dynamic_accel,31.351,0.1757600492257918
dynamic_accel,31.401,-2.069338614295477
dynamic_accel,31.451,2.1106932275233437
dynamic_accel,31.501,-2.8103231763735383
dynamic_accel,31.551,-2.1260535188221805
dynamic_accel,31.601,-0.518802128030341
dynamic_accel,31.651,-0.1344807558172576
dynamic_accel,31.701,3.3867814421207676
dynamic_accel,31.751,2.022435051176842
dynamic_accel,31.801,2.581164223107656
dynamic_accel,31.851,0.9488347045441152
dynamic_accel,31.901,6.402444242689652
dynamic_accel,31.951,-4.724892230691671
dynamic_accel,32.001,-0.17520010559721122
dynamic_accel,32.051,-3.2556671206636736
dynamic_accel,32.101,-4.2997524593178165
dynamic_accel,32.151,-3.6900576596653174
dynamic_accel,32.201,-0.05485428683278215
dynamic_accel,32.251,1.4387708318495207
dynamic_accel,32.301,0.3608330880005557
dynamic_accel,32.351,4.239877014305609
dynamic_accel,32.401,-1.7120505528310828
dynamic_accel,32.451,13.984967177581604
dynamic_accel,32.501,-6.404817734061208
dynamic_accel,32.551,-1.5355005730479743
dynamic_accel,32.601,-2.2132812426371355
dynamic_accel,32.651,-5.579000135692469
dynamic_accel,32.701,-1.4191035649287027
dynamic_accel,32.751,-0.9765924657751199
dynamic_accel,32.801,2.1397463959104073
dynamic_accel,32.851,-0.06010949751409278
dynamic_accel,32.901,2.0028044538449628
dynamic_accel,32.951,-0.6381173323623273
dynamic_accel,33.001,9.99750959280415
dynamic_accel,33.051,-2.112580150991427
dynamic_accel,33.101,-4.540751311904779
dynamic_accel,33.151,4.668701660467988
dynamic_accel,33.201,-4.5647315876393355
dynamic_accel,33.251,-0.6196189414955864
dynamic_accel,33.301,0.36221616235392773
dynamic_accel,33.351,-1.4230080135039653
dynamic_accel,33.401,-0.8124507761928861
dynamic_accel,33.451,2.666432098889052
dynamic_accel,33.501,0.9985315598424389
dynamic_accel,33.551,-3.471029934505668
dynamic_accel,33.601,-0.8795483826994275
dynamic_accel,33.651,2.8042314896703235
dynamic_accel,33.701,-0.9159726208613215
dynamic_accel,33.751,-2.3563893207443334
dynamic_accel,33.801,2.5587328829903093
dynamic_accel,33.851,-1.348184621842904
dynamic_accel,33.901,-1.5381244335370479
dynamic_accel,33.951,-0.36662346685981717
dynamic_accel,34.001,-0.5479378420489347
dynamic_accel,34.051,-0.5182180781441801
dynamic_accel,34.101,2.700633808574265
dynamic_accel,34.151,4.080246209742954
dynamic_accel,34.201,-0.17749527794113718
dynamic_accel,34.251,7.130049623344174
dynamic_accel,34.301,-2.1893916923336425
dynamic_accel,34.351,0.33017396333784
dynamic_accel,34.401,-1.9760017735920492
dynamic_accel,34.451,-6.687119412243928
dynamic_accel,34.501,-5.254351455245694
dynamic_accel,34.551,-2.3813533937727556
dynamic_accel,34.601,1.139264082900704
dynamic_accel,34.651,1.5791318687402338
dynamic_accel,34.701,5.39516243629971
dynamic_accel,34.751,3.645760350470061
dynamic_accel,34.801,3.080269710799712
dynamic_accel,34.851,6.857237010797098
dynamic_accel,34.901,-4.486957061748185
dynamic_accel,34.951,-1.7897530857858435
dynamic_accel,35.001,-5.568686763162359
dynamic_accel,35.051,-7.240091542745993
dynamic_accel,35.101,-5.193142761815837
dynamic_accel,35.151,-2.416260338669578
dynamic_accel,35.201,4.023269469123829
dynamic_accel,35.251,5.6248634693240795
dynamic_accel,35.301,6.235522616471357
dynamic_accel,35.351,1.5426574623456926
dynamic_accel,35.401,13.968399295908025
dynamic_accel,35.451,-8.208831787113176
dynamic_accel,35.501,-2.5113306675165603
dynamic_accel,35.551,-4.289540437271921
dynamic_accel,35.601,-8.145512729317838
dynamic_accel,35.651,-3.5886726483800073
dynamic_accel,35.701,-1.2967679429380023
dynamic_accel,35.751,1.4442025952357262
dynamic_accel,35.801,5.472929781238708
dynamic_accel,35.851,3.5076007464884604
dynamic_accel,35.901,10.331170022237293
dynamic_accel,35.951,0.8689945731244801
dynamic_accel,36.001,-5.478011759616612
dynamic_accel,36.051,0.5674549880388611
dynamic_accel,36.101,-5.034168165632802
dynamic_accel,36.151,-3.7870192156832303
dynamic_accel,36.201,-4.116610357837141
dynamic_accel,36.251,-0.8843616830486862
dynamic_accel,36.301,1.256229028941405
dynamic_accel,36.351,1.9969398840822095
dynamic_accel,36.401,0.2028915691427251
dynamic_accel,36.451,12.203993026439123
dynamic_accel,36.501,-3.17325385942416
dynamic_accel,36.551,1.711846553623456
dynamic_accel,36.601,-2.0292476418825807
dynamic_accel,36.651,-5.411123800763558
dynamic_accel,36.701,-1.532762038549004
dynamic_accel,36.751,-0.2817316059621753
dynamic_accel,36.801,2.0537644186358275
dynamic_accel,36.851,-1.3523159648354586
dynamic_accel,36.901,5.493543611909324
dynamic_accel,36.951,-2.093399471649109
dynamic_accel,37.001,-2.508648555827307
dynamic_accel,37.051,2.162251811966021
dynamic_accel,37.101,-1.3512522886031153
dynamic_accel,37.151,-0.8808324297920631
dynamic_accel,37.201,-1.0179076086841476
dynamic_accel,37.251,0.9770863375639891
dynamic_accel,37.301,2.9743155429843977
dynamic_accel,37.351,0.5507069381706646
dynamic_accel,37.401,-1.5819209512456993
dynamic_accel,37.451,-0.5223472195467291
dynamic_accel,37.501,0.6740566418447003
dynamic_accel,37.551,-0.6084340424184891
dynamic_accel,37.601,0.39417979560007765
dynamic_accel,37.651,-1.5467006518410802
dynamic_accel,37.701,-0.991275009093556
dynamic_accel,37.751,-0.5519348203209855
dynamic_accel,37.801,0.584269697763979
dynamic_accel,37.851,-2.416819376261383
dynamic_accel,37.901,-1.8490599247274933
dynamic_accel,37.951,0.43062244407893324
dynamic_accel,38.001,1.660001128840877
dynamic_accel,38.051,5.989921872408555
dynamic_accel,38.101,2.05025151252571
dynamic_accel,38.151,3.7011459465470917
dynamic_accel,38.201,3.274398136424658
dynamic_accel,38.251,-3.2574613796354255
dynamic_accel,38.301,-3.0623030347573694
dynamic_accel,38.351,-5.772003981163688
dynamic_accel,38.401,-4.449516106809829
dynamic_accel,38.451,-4.360462815501023
dynamic_accel,38.501,1.400712603688259
dynamic_accel,38.551,2.444427169571183
dynamic_accel,38.601,7.709975140852167
dynamic_accel,38.651,0.13959972215035954
dynamic_accel,38.701,8.559586351049163
dynamic_accel,38.751,0.45653433210052796
dynamic_accel,38.801,-4.953994025138758
dynamic_accel,38.851,-0.3621636418633223
dynamic_accel,38.901,-7.009146296020807
dynamic_accel,38.951,-4.79766640335244
dynamic_accel,39.001,-3.6149358939822482
dynamic_accel,39.051,-0.6595287483628045
dynamic_accel,39.101,2.868654197139593
dynamic_accel,39.151,3.7612249888732823
dynamic_accel,39.201,-2.218066755613819
dynamic_accel,39.251,17.383863953008913
dynamic_accel,39.301,-3.8086780724434117
dynamic_accel,39.351,0.16567737801301874
dynamic_accel,39.401,-1.6209884314187821
dynamic_accel,39.451,-4.908127958626044
dynamic_accel,39.501,-1.939727338006687
dynamic_accel,39.551,-1.0225343439388563
dynamic_accel,39.601,1.670835431821697
dynamic_accel,39.651,-1.2536953748261777
dynamic_accel,39.701,-3.5131126722454216
dynamic_accel,39.751,9.488015661722601
dynamic_accel,39.801,-4.3958330487701085
dynamic_accel,39.851,1.6590370206547096
dynamic_accel,39.901,-1.5695286325135527
dynamic_accel,39.951,-0.10363310215536714
dynamic_accel,40.001,-1.8039504982550918
dynamic_accel,40.051,0.822143261407156
dynamic_accel,40.101,6.097472058390251
dynamic_accel,40.151,-5.475598519230811
dynamic_accel,40.201,-0.7792609229649514
dynamic_accel,40.251,1.017880202343317
dynamic_accel,40.301,-0.08419148575222302
dynamic_accel,40.351,-1.392076849270941
dynamic_accel,40.401,-2.511790116916039
dynamic_accel,40.451,1.0054741921411523
dynamic_accel,40.501,-3.613767702797844
dynamic_accel,40.551,0.06929759466673246
dynamic_accel,40.601,1.4539468592673543
dynamic_accel,40.651,4.403708515253527
dynamic_accel,40.701,2.2910547827317984
dynamic_accel,40.751,4.513617797292978
dynamic_accel,40.801,6.934642905892499
dynamic_accel,40.851,-1.7704451321311758
dynamic_accel,40.901,-4.658306736601188
dynamic_accel,40.951,-6.12251917555456
dynamic_accel,41.001,-2.4900875548876487
dynamic_accel,41.051,-4.692925187349072
dynamic_accel,41.101,-1.5795919282193367
dynamic_accel,41.151,2.5836768369499463
dynamic_accel,41.201,5.511338541617095
dynamic_accel,41.251,-0.3709141307209194
dynamic_accel,41.301,6.0497413814260295
dynamic_accel,41.351,1.614963216105405
dynamic_accel,41.401,-4.740852807820998
dynamic_accel,41.451,3.0973046485891587
dynamic_accel,41.501,-7.435903346840318
dynamic_accel,41.551,-4.107311285283017
dynamic_accel,41.601,-2.373928469117221
dynamic_accel,41.651,2.077404436971026
dynamic_accel,41.701,3.493978624576471
dynamic_accel,41.751,5.111820714855465
dynamic_accel,41.801,1.5922842499974141
dynamic_accel,41.851,2.7022777914799487
dynamic_accel,41.901,0.1554972209968266
dynamic_accel,41.951,-1.877477899988138
dynamic_accel,42.001,-1.9037549953390371
dynamic_accel,42.051,-6.210094087618159
dynamic_accel,42.101,-3.3209465303613754
dynamic_accel,42.151,-0.9538438874372499
dynamic_accel,42.201,2.86067999395776
dynamic_accel,42.251,3.823673701661397
dynamic_accel,42.301,4.255946028832565
dynamic_accel,42.351,-1.1728410444085107
dynamic_accel,42.401,7.876241784442934
dynamic_accel,42.451,-4.821459263499373
dynamic_accel,42.501,-5.051705454902948
dynamic_accel,42.551,-3.522602467200178
dynamic_accel,42.601,-3.864287256932373
dynamic_accel,42.651,-1.7970953519874353
dynamic_accel,42.701,1.134461520614158
dynamic_accel,42.751,6.697617587683068
dynamic_accel,42.801,1.716020698412029
dynamic_accel,42.851,8.535271392274941
dynamic_accel,42.901,5.511561626445678
dynamic_accel,42.951,-7.795809937621838
dynamic_accel,43.001,-3.6117258810265422
dynamic_accel,43.051,-6.676506064861007
dynamic_accel,43.101,-4.398404808223469
dynamic_accel,43.151,-0.8292793968797785
dynamic_accel,43.201,3.778007110785097
dynamic_accel,43.251,5.019345598783753
dynamic_accel,43.301,0.5672679794853845
dynamic_accel,43.351,5.3343683424578625
dynamic_accel,43.401,3.5093902119509437
dynamic_accel,43.451,-8.358061218404881
dynamic_accel,43.501,0.8732573643452124
dynamic_accel,43.551,-4.66002412667082
dynamic_accel,43.601,-3.7776116267097226
dynamic_accel,43.651,-0.9560589420833292
dynamic_accel,43.701,3.1906010490975483
dynamic_accel,43.751,4.749382270165567
dynamic_accel,43.801,1.3760831526159976
dynamic_accel,43.851,6.174803174257569
dynamic_accel,43.901,1.2740320954939133
dynamic_accel,43.951,-7.368032351770622
dynamic_accel,44.001,-2.257024980145655
dynamic_accel,44.051,-6.829461775249591
dynamic_accel,44.101,-3.2991521349338173
dynamic_accel,44.151,2.7941665724368647
dynamic_accel,44.201,6.260742518660583
dynamic_accel,44.251,5.857152180108985
dynamic_accel,44.301,-2.6233601007520866
dynamic_accel,44.351,6.530920468868086
dynamic_accel,44.401,0.6610136975629395
dynamic_accel,44.451,-5.016532400844113
dynamic_accel,44.501,-4.760703056189891
dynamic_accel,44.551,-5.489788612429944
dynamic_accel,44.601,-2.129941087442031
dynamic_accel,44.651,0.0852131534765963
dynamic_accel,44.701,4.0460918270651565
dynamic_accel,44.751,5.712396220947046
dynamic_accel,44.801,1.033959105625545
dynamic_accel,44.851,5.8415677094849645
dynamic_accel,44.901,0.5495180874157093
dynamic_accel,44.951,-7.294515249871727
dynamic_accel,45.001,-1.6347049112633698
dynamic_accel,45.051,-3.436734836003038
dynamic_accel,45.101,-2.330211412893693
dynamic_accel,45.151,1.145905815236162
dynamic_accel,45.201,2.729622576232453
dynamic_accel,45.251,3.7478834882917926
dynamic_accel,45.301,-0.16847904168990624
dynamic_accel,45.351,5.769841608286022
dynamic_accel,45.401,-2.107435285290822
dynamic_accel,45.451,-3.8139091041636632
dynamic_accel,45.501,-3.157677738706976
dynamic_accel,45.551,-3.832197651358862
dynamic_accel,45.601,-0.9665935953688329
dynamic_accel,45.651,1.087998734166801
dynamic_accel,45.701,2.417700666929413
dynamic_accel,45.751,3.311735407747884
dynamic_accel,45.801,3.040358146139276
dynamic_accel,45.851,4.9884630081230235
dynamic_accel,45.901,-3.3998499057306164
dynamic_accel,45.951,-1.518844490557985
dynamic_accel,46.001,-4.730190780055214
dynamic_accel,46.051,-3.126232239613371
dynamic_accel,46.101,0.06953726712999675
dynamic_accel,46.151,0.9683639009457501
dynamic_accel,46.201,1.990132460448276
dynamic_accel,46.251,1.0660005926995044
dynamic_accel,46.301,3.3835369876794665
dynamic_accel,46.351,4.450156916125765
dynamic_accel,46.401,-4.8716284149586455
dynamic_accel,46.451,-3.2375562540131773
dynamic_accel,46.501,-4.361480193373455
dynamic_accel,46.551,-2.0559652084312603
dynamic_accel,46.601,1.4167160422387681
dynamic_accel,46.651,1.8501104784473554
dynamic_accel,46.701,4.451303920646886
dynamic_accel,46.751,1.1430245435899415
dynamic_accel,46.801,5.091721065371972
dynamic_accel,46.851,2.3440018089922994
dynamic_accel,46.901,-6.11597198096673
dynamic_accel,46.951,0.15712869743026658
dynamic_accel,47.001,-5.5619056843862325
dynamic_accel,47.051,-4.2669928127873415
dynamic_accel,47.101,-1.8362008104194576
dynamic_accel,47.151,5.472227198636473
dynamic_accel,47.201,0.5861185999587395
dynamic_accel,47.251,2.8340093336735865
dynamic_accel,47.301,4.615322608849064
dynamic_accel,47.351,1.3516881829217624
dynamic_accel,47.401,-1.8538123740030983
dynamic_accel,47.451,-2.3202354216190333
dynamic_accel,47.501,-4.160618916966344
dynamic_accel,47.551,-2.0674503545757474
dynamic_accel,47.601,-0.7320333100894931
dynamic_accel,47.651,-0.483576528080917
dynamic_accel,47.701,1.8425184215436463
dynamic_accel,47.751,-0.6866243617401011
dynamic_accel,47.801,9.906674498248744
dynamic_accel,47.851,0.279736346621668
dynamic_accel,47.901,-3.991392471464902
dynamic_accel,47.951,1.3757956198986374
dynamic_accel,48.001,-4.517047068904766
dynamic_accel,48.051,-2.8750289446016604
dynamic_accel,48.101,-1.044669000448053
dynamic_accel,48.151,1.3760813265113363
dynamic_accel,48.201,2.13746328590954
dynamic_accel,48.251,-0.038058765879611656
dynamic_accel,48.301,-2.668738154320926
dynamic_accel,48.351,13.26481506888694
dynamic_accel,48.401,-9.183826683257513
dynamic_accel,48.451,2.8428951826349493
dynamic_accel,48.501,-0.03293942800185512
dynamic_accel,48.551,-3.6398685812594263
dynamic_accel,48.601,-0.6489698207916934
dynamic_accel,48.651,0.7371584724896927
dynamic_accel,48.701,-0.6120239040099502
dynamic_accel,48.751,1.5845004080389753
dynamic_accel,48.801,-1.6483810647441253
dynamic_accel,48.851,-0.9797175054775025
dynamic_accel,48.901,-0.0875692124503118
dynamic_accel,48.951,-1.462752103238799
dynamic_accel,49.001,1.5581526501480791
dynamic_accel,49.051,-0.7422359244063017
dynamic_accel,49.101,1.9012490395043997
dynamic_accel,49.151,1.396330628937374
dynamic_accel,49.201,1.3545063064755762
dynamic_accel,49.251,-0.19946594964552666
dynamic_accel,49.301,0.1900857521588737
dynamic_accel,49.351,0.9980359906353762
dynamic_accel,49.401,0.222597807140561
dynamic_accel,49.451,-1.2418129417251027
dynamic_accel,49.501,-0.4662516005954753
dynamic_accel,49.551,-2.194219667928536
dynamic_accel,49.601,4.340124847006001
dynamic_accel,49.651,-1.5275409968804343
dynamic_accel,49.701,-1.2536917547277326
dynamic_accel,49.751,0.9087420320054509
dynamic_accel,49.801,-3.485787290527081
dynamic_accel,49.851,-0.4760115619220837
dynamic_accel,49.901,-1.9364789521308552
dynamic_accel,49.951,2.329990472654533
dynamic_accel,50.001,-0.01148060711687826
dynamic_accel,50.051,2.9683937854781615
dynamic_accel,50.101,1.3023007412028456
dynamic_accel,50.151,1.0831209747241228
dynamic_accel,50.201,3.0046404613383597
dynamic_accel,50.251,-5.4911533910510055
dynamic_accel,50.301,-0.2586027757786127
dynamic_accel,50.351,-4.362975757907497
dynamic_accel,50.401,-0.9673942036125336
dynamic_accel,50.451,0.5210748317462173
dynamic_accel,50.501,2.5486315597869638
dynamic_accel,50.551,4.71274566865581
dynamic_accel,50.601,-2.454015974116058
magnetic_norm,0.002,53.69899361975981
magnetic_norm,0.002,47.67188326047135
magnetic_norm,0.003,51.423338060407964
magnetic_norm,0.022,46.68131736171335
magnetic_norm,0.026,52.65746282009802
magnetic_norm,0.046,53.36411220157705
magnetic_norm,0.066,53.72517631718392
magnetic_norm,0.086,53.75644195047705
magnetic_norm,0.105,51.422989388015964
magnetic_norm,0.126,50.81686212825916
magnetic_norm,0.146,49.79280615322359
magnetic_norm,0.167,51.52858611428725
magnetic_norm,0.186,53.151839956040135
magnetic_norm,0.206,50.98103763729221
magnetic_norm,0.226,52.421876439135644
magnetic_norm,0.249,53.51739422257964
magnetic_norm,0.265,52.14505299055231
magnetic_norm,0.286,51.82190012726293
magnetic_norm,0.306,50.757201765734784
magnetic_norm,0.326,50.59247624672088
magnetic_norm,0.346,49.94364290928332
magnetic_norm,0.366,49.09376591712038
magnetic_norm,0.386,50.49665035338979
magnetic_norm,0.408,51.02855270397648
magnetic_norm,0.427,49.98177940672485
magnetic_norm,0.447,50.17160246905117
magnetic_norm,0.467,51.174617555117116
magnetic_norm,0.486,50.52800433361201
magnetic_norm,0.506,50.313281140023115
magnetic_norm,0.526,47.30026665014702
magnetic_norm,0.545,48.65652197804529
magnetic_norm,0.566,47.27974480935269
magnetic_norm,0.586,46.16076945375267
magnetic_norm,0.606,46.449781467462344
magnetic_norm,0.626,49.99391311974898
magnetic_norm,0.645,51.7068811483299
magnetic_norm,0.665,52.12741199851094
magnetic_norm,0.685,49.318156594960165
magnetic_norm,0.707,49.72991068926732
magnetic_norm,0.726,48.679371854128405
magnetic_norm,0.746,52.178197178036044
magnetic_norm,0.767,52.01046684598692
magnetic_norm,0.786,50.923082173755006
magnetic_norm,0.805,49.958452920652014
magnetic_norm,0.826,50.755369506585296
magnetic_norm,0.847,51.43203298383218
magnetic_norm,0.867,51.42763992543318
magnetic_norm,0.888,51.373833244050424
magnetic_norm,0.906,51.337472921468525
magnetic_norm,0.926,52.5728694564745
magnetic_norm,0.946,50.93384294798512
magnetic_norm,0.966,50.83635478056036
magnetic_norm,0.993,51.3181916758083
magnetic_norm,1.006,51.463494669765716
magnetic_norm,1.026,51.551339780601324
magnetic_norm,1.048,50.62911582861688
magnetic_norm,1.066,51.38510967829117
magnetic_norm,1.086,51.20091123139323
magnetic_norm,1.106,52.41067878746186
magnetic_norm,1.126,51.228417995044516
magnetic_norm,1.148,51.908412507511855
magnetic_norm,1.166,51.452723192873876
magnetic_norm,1.187,50.859988847447745
magnetic_norm,1.206,51.93299530753547
magnetic_norm,1.225,50.51880903918362
magnetic_norm,1.245,53.246648725530214
magnetic_norm,1.266,54.00399399292149
magnetic_norm,1.286,45.57201066128753
magnetic_norm,1.306,46.664915445921615
magnetic_norm,1.326,48.43909205538446
magnetic_norm,1.346,48.373467078812965
magnetic_norm,1.365,51.87037743500624
magnetic_norm,1.385,53.88376869684415
magnetic_norm,1.406,50.04879967142078
magnetic_norm,1.426,48.20921632180413
magnetic_norm,1.447,52.89310214916981
magnetic_norm,1.466,50.87227827609061
magnetic_norm,1.486,54.19219103085807
magnetic_norm,1.514,51.92706281554931
magnetic_norm,1.525,51.15622093255134
magnetic_norm,1.546,52.50887223353308
magnetic_norm,1.567,51.227505185081
magnetic_norm,1.586,50.61204833918011
magnetic_norm,1.606,53.194706422843474
magnetic_norm,1.626,51.19822120689355
magnetic_norm,1.646,50.425596097121236
magnetic_norm,1.665,50.96119389459498
magnetic_norm,1.686,49.89242176924267
magnetic_norm,1.706,53.94571073704571
magnetic_norm,1.726,53.29573959872402
magnetic_norm,1.746,50.71011777853119
magnetic_norm,1.766,50.95546654003376
magnetic_norm,1.786,51.55803447608822
magnetic_norm,1.806,51.911981283948414
magnetic_norm,1.827,50.90069878535564
magnetic_norm,1.846,51.85199254042704
magnetic_norm,1.866,48.318898284599875
magnetic_norm,1.887,50.6435313753889
magnetic_norm,1.906,50.828568603198
magnetic_norm,1.925,50.8575176555788
magnetic_norm,1.945,49.119513702346545
magnetic_norm,1.967,51.896631057926136
magnetic_norm,1.986,52.992338144726205
magnetic_norm,2.006,51.1946659632379
magnetic_norm,2.026,52.489119523597545
magnetic_norm,2.046,51.9153102287756
magnetic_norm,2.065,53.88358545296054
magnetic_norm,2.086,56.52568350815634
magnetic_norm,2.107,49.48611591387284
magnetic_norm,2.127,50.443692697154916
magnetic_norm,2.146,51.889377525655476
magnetic_norm,2.166,53.505277662233745
magnetic_norm,2.186,51.976911411981774
magnetic_norm,2.206,45.40425451568636
magnetic_norm,2.226,47.08116097625993
magnetic_norm,2.247,45.38135673448404
magnetic_norm,2.266,42.49932125355072
magnetic_norm,2.286,41.76960524439392
magnetic_norm,2.306,48.03040778644829
magnetic_norm,2.326,50.12450223668063
magnetic_norm,2.345,41.3949767672661
magnetic_norm,2.366,41.12222112571863
magnetic_norm,2.386,45.589306035845745
magnetic_norm,2.406,49.192659797651814
magnetic_norm,2.426,48.95494306060932
magnetic_norm,2.446,47.67471813537552
magnetic_norm,2.466,47.65936137384239
magnetic_norm,2.486,48.06728192141204
magnetic_norm,2.506,46.97518650468578
magnetic_norm,2.526,46.42042604446884
magnetic_norm,2.548,44.96116141447815
magnetic_norm,2.567,45.052860767658295
magnetic_norm,2.586,45.95095328717353
magnetic_norm,2.606,47.4431396841261
magnetic_norm,2.626,46.71875459866199
magnetic_norm,2.646,46.082835759097996
magnetic_norm,2.667,45.9469647698573
magnetic_norm,2.686,46.8353036654777
magnetic_norm,2.707,45.69486472050234
magnetic_norm,2.729,44.966408400605104
magnetic_norm,2.746,47.04349993476784
magnetic_norm,2.766,46.4525510030128
magnetic_norm,2.786,47.23268209738368
magnetic_norm,2.806,47.09358180952054
magnetic_norm,2.826,47.91920839535542
magnetic_norm,2.846,47.08138156054899
magnetic_norm,2.87,44.86201892678817
magnetic_norm,2.886,47.05921059062194
magnetic_norm,2.911,45.571087440942215
magnetic_norm,2.926,45.75017845579955
magnetic_norm,2.946,47.2686015642255
magnetic_norm,2.966,45.83427080485192
magnetic_norm,2.986,47.559779638629635
magnetic_norm,3.006,46.20364517600317
magnetic_norm,3.026,48.237719778587184
magnetic_norm,3.046,45.342178620049886
magnetic_norm,3.066,44.48232087385959
magnetic_norm,3.086,45.6469031179828
magnetic_norm,3.112,44.137690571806225
magnetic_norm,3.126,44.449407740851946
magnetic_norm,3.146,44.98867955608391
magnetic_norm,3.167,44.17631946968314
magnetic_norm,3.187,43.102988874902884
magnetic_norm,3.206,43.42667698229976
magnetic_norm,3.226,44.06877880796109
magnetic_norm,3.246,44.653708725871894
magnetic_norm,3.266,43.84363061280966
magnetic_norm,3.288,43.10726790229239
magnetic_norm,3.306,43.14187577415358
magnetic_norm,3.326,43.11399771869341
magnetic_norm,3.346,43.08573348206457
magnetic_norm,3.366,43.29502628261708
magnetic_norm,3.386,43.04718137854683
magnetic_norm,3.406,41.03263040328392
magnetic_norm,3.426,41.97631432441993
magnetic_norm,3.452,43.15431940808481
magnetic_norm,3.466,43.090034081705035
magnetic_norm,3.486,41.37989263836372
magnetic_norm,3.506,42.50583470066207
magnetic_norm,3.528,40.06656149662086
magnetic_norm,3.546,41.69590766834923
magnetic_norm,3.567,41.92518301748973
magnetic_norm,3.587,43.19581472608203
magnetic_norm,3.612,40.285281508883614
magnetic_norm,3.625,42.79776255979983
magnetic_norm,3.646,42.074445333688026
magnetic_norm,3.667,42.45770137737087
magnetic_norm,3.689,40.291516341067386
magnetic_norm,3.709,42.16850086453755
magnetic_norm,3.726,46.99466066586718
magnetic_norm,3.746,50.40516605778126
magnetic_norm,3.765,47.88783137316832
magnetic_norm,3.785,45.525776095114516
magnetic_norm,3.806,45.662573324332094
magnetic_norm,3.826,43.376952855894565
magnetic_norm,3.846,44.573642246006834
magnetic_norm,3.866,51.01447749475143
magnetic_norm,3.885,51.01447749475143
magnetic_norm,3.905,47.85757628696323
magnetic_norm,3.926,43.63732167938359
magnetic_norm,3.946,44.78901111475345
magnetic_norm,3.966,43.95437272701096
magnetic_norm,3.986,43.95437272701096
magnetic_norm,4.006,49.47950456186388
magnetic_norm,4.026,49.47950456186388
magnetic_norm,4.046,39.59602851060323
magnetic_norm,4.066,42.96669223407244
magnetic_norm,4.086,44.31674137698991
magnetic_norm,4.106,42.172019329467794
magnetic_norm,4.126,42.63797822950802
magnetic_norm,4.147,42.63797822950802
magnetic_norm,4.166,42.586880407145344
magnetic_norm,4.186,43.83436695348194
magnetic_norm,4.206,41.599134184199244
magnetic_norm,4.226,41.34800792495941
magnetic_norm,4.245,42.985576250935615
magnetic_norm,4.266,43.88796325417712
magnetic_norm,4.286,39.30318450838303
magnetic_norm,4.306,39.301897988519634
magnetic_norm,4.326,37.320627634895224
magnetic_norm,4.346,37.82680028547884
magnetic_norm,4.366,42.34410672056389
magnetic_norm,4.386,34.6993665556376
magnetic_norm,4.407,34.61388774520287
magnetic_norm,4.426,42.48394467648937
magnetic_norm,4.446,34.105658903618966
magnetic_norm,4.465,33.344081324502
magnetic_norm,4.486,33.038895257143544
magnetic_norm,4.506,29.612561140502542
magnetic_norm,4.526,30.65694019161901
magnetic_norm,4.546,30.841465293497357
magnetic_norm,4.566,33.85371778143436
magnetic_norm,4.585,30.942172113274545
magnetic_norm,4.605,29.144776803056924
magnetic_norm,4.626,31.845793904964985
magnetic_norm,4.646,30.643795076042785
magnetic_norm,4.666,29.932712537456425
magnetic_norm,4.686,29.82196201524558
magnetic_norm,4.706,31.914609580684203
magnetic_norm,4.726,29.646377430050403
magnetic_norm,4.745,32.489818134878846
magnetic_norm,4.766,28.471367195833782
magnetic_norm,4.786,29.18187560049052
magnetic_norm,4.806,28.425626664596244
magnetic_norm,4.826,28.31730567228284
magnetic_norm,4.846,28.22911475697568
magnetic_norm,4.866,27.040920559288498
magnetic_norm,4.886,27.880518652143113
magnetic_norm,4.905,28.42560823537915
magnetic_norm,4.926,26.98995270524293
magnetic_norm,4.946,28.30360819180129
magnetic_norm,4.966,25.86576731744106
magnetic_norm,4.986,26.924967779019738
magnetic_norm,5.006,28.039501873696008
magnetic_norm,5.025,29.26719043090324
magnetic_norm,5.045,26.621012931047552
magnetic_norm,5.066,26.462734185973687
magnetic_norm,5.086,27.238279004142335
magnetic_norm,5.106,28.121307023412005
magnetic_norm,5.126,26.19364940725137
magnetic_norm,5.146,25.321679066365252
magnetic_norm,5.165,26.06299922903157
magnetic_norm,5.185,24.811012476922443
magnetic_norm,5.206,27.06082991382563
magnetic_norm,5.226,26.273516271951593
magnetic_norm,5.246,27.59894281888348
magnetic_norm,5.266,24.409808887156494
magnetic_norm,5.286,25.270423361609915
magnetic_norm,5.305,23.35456077637728
magnetic_norm,5.325,25.62348750926587
magnetic_norm,5.346,25.08432081291029
magnetic_norm,5.366,23.12262176565417
magnetic_norm,5.386,24.237919832619713
magnetic_norm,5.406,23.91663014034377
magnetic_norm,5.426,21.743218266404355
magnetic_norm,5.445,24.994054452609408
magnetic_norm,5.465,22.40691781624039
magnetic_norm,5.486,24.154900125388725
magnetic_norm,5.506,23.329769910192002
magnetic_norm,5.526,20.34745646028331
magnetic_norm,5.546,24.03502084064002
magnetic_norm,5.566,22.868621044676043
magnetic_norm,5.585,21.631836888889026
magnetic_norm,5.605,22.277503463191383
magnetic_norm,5.626,23.637987501583126
magnetic_norm,5.646,23.507154959448005
magnetic_norm,5.666,22.76602886566957
magnetic_norm,5.686,24.78687784111795
magnetic_norm,5.706,21.729084004221253
magnetic_norm,5.725,22.50676462827343
magnetic_norm,5.745,24.26201565306356
magnetic_norm,5.765,24.49692546305565
magnetic_norm,5.786,22.827262691927263
magnetic_norm,5.806,23.664943999933744
magnetic_norm,5.826,22.060791506199415
magnetic_norm,5.846,25.016414246500236
magnetic_norm,5.865,23.118742751823707
magnetic_norm,5.885,23.32191006277681
magnetic_norm,5.905,23.31615085353927
magnetic_norm,5.926,24.531056089424705
magnetic_norm,5.946,25.084143880896175
magnetic_norm,5.966,23.267752828915388
magnetic_norm,5.986,24.423011680073405
magnetic_norm,6.005,26.554701258734323
magnetic_norm,6.025,24.121924188640094
magnetic_norm,6.045,23.418337516863808
magnetic_norm,6.066,22.944592249318813
magnetic_norm,6.086,23.779385795001183
magnetic_norm,6.106,24.275639920247237
magnetic_norm,6.126,22.1317125378381
magnetic_norm,6.145,23.025328367935387
magnetic_norm,6.166,23.775850241105992
magnetic_norm,6.186,23.359106604839372
magnetic_norm,6.206,22.708332503840968
magnetic_norm,6.226,23.052849866394006
magnetic_norm,6.246,24.545090542611614
magnetic_norm,6.266,22.783078845686116
magnetic_norm,6.286,23.62256698257516
magnetic_norm,6.306,24.07431473985815
magnetic_norm,6.329,22.889580549810216
magnetic_norm,6.346,25.560761761095854
magnetic_norm,6.366,25.03061104105831
magnetic_norm,6.391,22.48297999565459
magnetic_norm,6.406,24.381656369364062
magnetic_norm,6.426,24.189011731827744
magnetic_norm,6.446,23.55975365294595
magnetic_norm,6.466,24.339276707104506
magnetic_norm,6.488,24.00678255644646
magnetic_norm,6.506,24.741653422164415
magnetic_norm,6.526,24.416488756319982
magnetic_norm,6.546,23.898542937436584
magnetic_norm,6.566,24.441846200215746
magnetic_norm,6.585,24.825035404053306
magnetic_norm,6.605,25.369553900788247
magnetic_norm,6.626,24.48348694145709
magnetic_norm,6.647,25.15994486728864
magnetic_norm,6.666,26.51969277056203
magnetic_norm,6.686,27.303819349451867
magnetic_norm,6.706,26.07664767495531
magnetic_norm,6.726,26.065805546491386
magnetic_norm,6.746,26.2914391777533
magnetic_norm,6.775,27.842008793368375
magnetic_norm,6.786,27.51320300055959
magnetic_norm,6.806,25.672996372428972
magnetic_norm,6.826,27.658260638234378
magnetic_norm,6.846,24.946049795784326
magnetic_norm,6.865,25.31373608093045
magnetic_norm,6.886,26.1836357358943
magnetic_norm,6.906,26.264501352348216
magnetic_norm,6.926,27.416206191799223
magnetic_norm,6.95,26.197743055127884
magnetic_norm,6.966,26.882859722809513
magnetic_norm,6.986,27.964072674818024
magnetic_norm,7.007,26.67674429615618
magnetic_norm,7.026,27.793605641631025
magnetic_norm,7.046,27.748031255027847
magnetic_norm,7.066,28.65930202264188
magnetic_norm,7.086,27.713673861336055
magnetic_norm,7.106,27.38055606411245
magnetic_norm,7.126,27.870102075970248
magnetic_norm,7.146,27.259418798164997
magnetic_norm,7.165,29.211729845560328
magnetic_norm,7.186,27.45023151487071
magnetic_norm,7.206,26.82069547196724
magnetic_norm,7.226,28.28789922389528
magnetic_norm,7.247,29.821407867293924
magnetic_norm,7.266,28.889284523850726
magnetic_norm,7.286,31.40020503913949
magnetic_norm,7.305,28.355643973907643
magnetic_norm,7.326,28.446284116383303
magnetic_norm,7.346,26.476881146837425
magnetic_norm,7.366,28.052589843675822
magnetic_norm,7.386,31.174406357218754
magnetic_norm,7.406,28.86081266722233
magnetic_norm,7.426,29.852857790963732
magnetic_norm,7.447,31.337271253253753
magnetic_norm,7.466,31.493197724469027
magnetic_norm,7.487,31.37573796175958
magnetic_norm,7.506,28.999881944285637
magnetic_norm,7.527,30.184973634036872
magnetic_norm,7.546,30.958596889232627
magnetic_norm,7.566,30.33477081766071
magnetic_norm,7.586,30.231484297004027
magnetic_norm,7.606,29.526298551376232
magnetic_norm,7.626,30.47360244198249
magnetic_norm,7.646,30.16697373950528
magnetic_norm,7.667,30.038957127578517
magnetic_norm,7.686,31.527250489061124
magnetic_norm,7.706,29.214517970095024
magnetic_norm,7.725,30.695789174779346
magnetic_norm,7.746,30.657169655685845
magnetic_norm,7.769,29.141447434410406
magnetic_norm,7.786,30.25129323679816
magnetic_norm,7.806,30.302844751978405
magnetic_norm,7.827,31.01170734996706
magnetic_norm,7.848,31.52361973326512
magnetic_norm,7.866,31.134278044865614
magnetic_norm,7.886,31.676583186953813
magnetic_norm,7.906,31.51752438402328
magnetic_norm,7.926,30.983823274252728
magnetic_norm,7.946,30.875239818906707
magnetic_norm,7.966,31.477816737148416
magnetic_norm,7.986,30.528944821758923
magnetic_norm,8.006,31.414618652786555
magnetic_norm,8.026,31.68199879939719
magnetic_norm,8.046,33.063578660098244
magnetic_norm,8.066,32.64939997464737
magnetic_norm,8.087,31.877807269909596
magnetic_norm,8.106,30.010768936604276
magnetic_norm,8.126,32.75990023679868
magnetic_norm,8.148,32.6015338308645
magnetic_norm,8.166,30.553371372280687
magnetic_norm,8.186,33.266215360922125
magnetic_norm,8.206,31.56515628056514
magnetic_norm,8.228,32.81930909833228
magnetic_norm,8.246,31.771044140655828
magnetic_norm,8.276,31.999226182440758
magnetic_norm,8.285,32.52820453756255
magnetic_norm,8.306,31.96173533598426
magnetic_norm,8.327,32.203507064836934
magnetic_norm,8.346,29.283022652639552
magnetic_norm,8.366,32.44283958803552
magnetic_norm,8.386,32.63350691390677
magnetic_norm,8.408,33.85087706120041
magnetic_norm,8.425,33.06725260365616
magnetic_norm,8.446,32.52945600649894
magnetic_norm,8.466,31.52229679753682
magnetic_norm,8.488,32.089196166700795
magnetic_norm,8.506,33.71438224723241
magnetic_norm,8.528,30.54372743891127
magnetic_norm,8.546,31.84216507341327
magnetic_norm,8.566,33.012469691826375
magnetic_norm,8.586,32.3177621891198
magnetic_norm,8.606,33.13223375732468
magnetic_norm,8.627,31.34601919343549
magnetic_norm,8.647,30.29771595727356
magnetic_norm,8.666,30.13742293955311
magnetic_norm,8.685,31.122709228953784
magnetic_norm,8.706,31.440335899147993
magnetic_norm,8.731,31.887584312961916
magnetic_norm,8.746,32.926336037813286
magnetic_norm,8.766,31.87604272647408
magnetic_norm,8.787,31.18441291349736
magnetic_norm,8.806,32.234873316991724
magnetic_norm,8.825,31.45069331953393
magnetic_norm,8.845,32.81970456619773
magnetic_norm,8.866,31.009586964155147
magnetic_norm,8.887,31.30343853556668
magnetic_norm,8.906,33.098473443904915
magnetic_norm,8.926,31.844197371656286
magnetic_norm,8.946,31.405333834995357
magnetic_norm,8.966,32.179165524062434
magnetic_norm,8.986,31.09515170862662
magnetic_norm,9.006,32.49589304358324
magnetic_norm,9.026,30.71770789892615
magnetic_norm,9.046,32.40027177559628
magnetic_norm,9.066,31.985429904293987
magnetic_norm,9.086,29.023264059974455
magnetic_norm,9.106,33.28434133513466
magnetic_norm,9.125,32.65663338083091
magnetic_norm,9.145,31.931703629778433
magnetic_norm,9.166,33.11191126090431
magnetic_norm,9.188,32.79178360942724
magnetic_norm,9.206,33.817775697478986
magnetic_norm,9.226,35.007742994943335
magnetic_norm,9.246,33.95556768348166
magnetic_norm,9.266,33.71566535540269
magnetic_norm,9.292,34.035477693155094
magnetic_norm,9.312,34.1229468651596
magnetic_norm,9.326,35.52497635907025
magnetic_norm,9.346,34.976370363253835
magnetic_norm,9.371,36.047013053441866
magnetic_norm,9.385,36.71329089740528
magnetic_norm,9.405,38.93860853157185
magnetic_norm,9.429,36.369424653907494
magnetic_norm,9.446,38.02384602045806
magnetic_norm,9.466,39.1357982661017
magnetic_norm,9.486,39.63470265956973
magnetic_norm,9.506,39.331607306592545
magnetic_norm,9.531,38.517490063768484
magnetic_norm,9.547,39.447139839759
magnetic_norm,9.566,39.28481250232081
magnetic_norm,9.586,39.22250467000738
magnetic_norm,9.606,39.08369556125676
magnetic_norm,9.626,40.73359715885647
magnetic_norm,9.646,39.18483992167762
magnetic_norm,9.666,39.81369958921177
magnetic_norm,9.686,41.200351847405436
magnetic_norm,9.706,41.18393961515829
magnetic_norm,9.727,41.2521399694913
magnetic_norm,9.747,41.68581582460045
magnetic_norm,9.766,41.60251606769119
magnetic_norm,9.787,42.021130287332824
magnetic_norm,9.806,43.10127880208428
magnetic_norm,9.825,42.98433060968269
magnetic_norm,9.846,44.05141911264052
magnetic_norm,9.866,44.97921813668509
magnetic_norm,9.886,45.16139079775446
magnetic_norm,9.906,43.57874936494283
magnetic_norm,9.926,44.49961830159339
magnetic_norm,9.947,47.10754912989014
magnetic_norm,9.966,47.536889831082945
magnetic_norm,9.986,49.27405902982829
magnetic_norm,10.006,47.01970185345192
magnetic_norm,10.026,46.00849164651578
magnetic_norm,10.046,47.78204741192037
magnetic_norm,10.066,49.81368293764777
magnetic_norm,10.086,49.270167379840565
magnetic_norm,10.112,50.29388276085374
magnetic_norm,10.126,47.18121853886883
magnetic_norm,10.146,48.49439378100843
magnetic_norm,10.17,51.657740774858844
magnetic_norm,10.186,50.794673994918014
magnetic_norm,10.206,52.79422731262862
magnetic_norm,10.226,53.28873136332393
magnetic_norm,10.246,51.05966523649073
magnetic_norm,10.266,53.57044198062963
magnetic_norm,10.287,52.707799468508505
magnetic_norm,10.307,54.703751545597896
magnetic_norm,10.329,56.09781135403149
magnetic_norm,10.346,55.54894137076335
magnetic_norm,10.366,54.79752693906458
magnetic_norm,10.386,54.576562727282536
magnetic_norm,10.406,55.473113208675244
magnetic_norm,10.426,56.27246426428294
magnetic_norm,10.446,55.293562436101006
magnetic_norm,10.466,55.46465124969243
magnetic_norm,10.492,55.726785789353585
magnetic_norm,10.506,55.979717048454276
magnetic_norm,10.525,56.532660117404774
magnetic_norm,10.545,55.80269020732782
magnetic_norm,10.566,56.072535442942204
magnetic_norm,10.592,56.22177139551902
magnetic_norm,10.606,58.044652254966714
magnetic_norm,10.626,56.687380788187774
magnetic_norm,10.648,55.815554500739346
magnetic_norm,10.666,57.275354986678174
magnetic_norm,10.686,55.782669301943635
magnetic_norm,10.706,58.17284213015558
magnetic_norm,10.727,56.855840831549585
magnetic_norm,10.746,57.23567195508413
magnetic_norm,10.766,55.011442619354206
magnetic_norm,10.786,54.64969193074193
magnetic_norm,10.811,55.56818657626862
magnetic_norm,10.825,56.69239864920168
magnetic_norm,10.847,55.28117785659516
magnetic_norm,10.866,55.46613261092319
magnetic_norm,10.887,53.770642716774375
magnetic_norm,10.906,57.37097130463716
magnetic_norm,10.926,54.56335464450938
magnetic_norm,10.946,54.91858555386788
magnetic_norm,10.971,51.64774203982687
magnetic_norm,10.986,54.76158632232544
magnetic_norm,11.006,54.47559210933374
magnetic_norm,11.026,51.96296122479942
magnetic_norm,11.052,53.94073269385588
magnetic_norm,11.066,51.16350378858949
magnetic_norm,11.086,51.03879154317331
magnetic_norm,11.106,51.40101008260937
magnetic_norm,11.126,53.56156978480466
magnetic_norm,11.146,52.22852154283137
magnetic_norm,11.166,49.144306795396005
magnetic_norm,11.186,49.13153336478531
magnetic_norm,11.207,48.880235432125424
magnetic_norm,11.225,48.767684981835096
magnetic_norm,11.245,47.325222860014094
magnetic_norm,11.266,46.1836558443569
magnetic_norm,11.293,45.460900358714945
magnetic_norm,11.306,44.98316512346592
magnetic_norm,11.326,44.49254530733212
magnetic_norm,11.346,46.12853644979429
magnetic_norm,11.366,43.766765839090176
magnetic_norm,11.386,43.350131932325255
magnetic_norm,11.406,42.37257124145884
magnetic_norm,11.427,42.20891760126058
magnetic_norm,11.446,43.240785065057516
magnetic_norm,11.466,42.280730556897915
magnetic_norm,11.486,41.64942986614593
magnetic_norm,11.506,40.6947663491726
magnetic_norm,11.525,42.08283903142711
magnetic_norm,11.546,40.3562640351532
magnetic_norm,11.567,38.35805700762233
magnetic_norm,11.586,39.26478164000799
magnetic_norm,11.607,39.32644337465569
magnetic_norm,11.626,37.181502608067824
magnetic_norm,11.646,38.3671826321011
magnetic_norm,11.667,39.39841274865969
magnetic_norm,11.687,37.11352573803114
magnetic_norm,11.706,36.767349221150006
magnetic_norm,11.726,37.49318380592665
magnetic_norm,11.747,36.91246275209782
magnetic_norm,11.768,35.3361317911639
magnetic_norm,11.785,37.21242846123468
magnetic_norm,11.806,35.74533657993031
magnetic_norm,11.826,35.504589277039244
magnetic_norm,11.847,35.85402044046107
magnetic_norm,11.866,36.27544043130283
magnetic_norm,11.886,36.47546855793973
magnetic_norm,11.906,35.73825749506752
magnetic_norm,11.934,33.773793705900886
magnetic_norm,11.947,36.611225332983715
magnetic_norm,11.965,34.7218896463385
magnetic_norm,11.986,34.12906397504186
magnetic_norm,12.006,33.367274616568615
magnetic_norm,12.026,34.010458575837376
magnetic_norm,12.047,32.224350287787026
magnetic_norm,12.066,31.85713385471928
magnetic_norm,12.092,33.00923289520689
magnetic_norm,12.112,32.972641385719314
magnetic_norm,12.126,33.50726025069058
magnetic_norm,12.146,34.34606140618607
magnetic_norm,12.166,33.507915006728325
magnetic_norm,12.186,32.990570392367424
magnetic_norm,12.205,31.719965040885594
magnetic_norm,12.234,31.450464277773406
magnetic_norm,12.246,32.32342495234693
magnetic_norm,12.266,33.702437226968534
magnetic_norm,12.286,32.81017255876992
magnetic_norm,12.306,31.541503682965146
magnetic_norm,12.326,32.79012393892418
magnetic_norm,12.345,34.05496591636086
magnetic_norm,12.366,30.112220799826456
magnetic_norm,12.386,33.20083418678099
magnetic_norm,12.409,33.57779504840215
magnetic_norm,12.426,30.847579549727236
magnetic_norm,12.446,33.84967055637322
magnetic_norm,12.466,28.71625498541725
magnetic_norm,12.486,30.476642279990443
magnetic_norm,12.505,28.811094076969727
magnetic_norm,12.527,30.308295808717965
magnetic_norm,12.546,31.15955735644369
magnetic_norm,12.566,28.779889998161114
magnetic_norm,12.586,30.038297877792676
magnetic_norm,12.607,31.072896901882196
magnetic_norm,12.625,30.999173488155357
magnetic_norm,12.645,32.0013581712871
magnetic_norm,12.667,31.53562259929239
magnetic_norm,12.686,33.07913653074252
magnetic_norm,12.706,31.831061641225542
magnetic_norm,12.727,30.99192008130916
magnetic_norm,12.746,29.66949783131659
magnetic_norm,12.767,31.299080235208194
magnetic_norm,12.786,28.76840408054036
magnetic_norm,12.806,29.68395638218565
magnetic_norm,12.826,29.924283385216597
magnetic_norm,12.847,30.865423699254542
magnetic_norm,12.866,29.7046693772629
magnetic_norm,12.886,31.558552483700897
magnetic_norm,12.906,30.46595955591263
magnetic_norm,12.926,30.15828560371932
magnetic_norm,12.946,29.871480595712022
magnetic_norm,12.967,28.90316197243831
magnetic_norm,12.986,27.838920041704206
magnetic_norm,13.006,30.027651372755646
magnetic_norm,13.026,30.471294125364942
magnetic_norm,13.046,31.29163988523938
magnetic_norm,13.065,30.77585812818635
magnetic_norm,13.085,29.538041883095453
magnetic_norm,13.106,27.736601385150884
magnetic_norm,13.126,30.092963432835987
magnetic_norm,13.146,29.22711243969373
magnetic_norm,13.166,29.093911435212714
magnetic_norm,13.186,29.28722590953698
magnetic_norm,13.209,29.06819101840533
magnetic_norm,13.225,30.468053896663697
magnetic_norm,13.246,31.00604440439801
magnetic_norm,13.266,30.65141017306545
magnetic_norm,13.287,30.998218825756748
magnetic_norm,13.307,28.307788310595747
magnetic_norm,13.326,28.825013551601323
magnetic_norm,13.346,28.796974476496725
magnetic_norm,13.373,29.36564976831989
magnetic_norm,13.386,29.948177913063493
magnetic_norm,13.406,29.405172393092705
magnetic_norm,13.427,29.892024500516925
magnetic_norm,13.446,31.016382465440746
magnetic_norm,13.466,30.536920037349937
magnetic_norm,13.487,28.693959570787786
magnetic_norm,13.509,29.906510601698486
magnetic_norm,13.526,30.421775390637546
magnetic_norm,13.549,31.193886561993203
magnetic_norm,13.566,30.28491850873137
magnetic_norm,13.586,29.249867847586085
magnetic_norm,13.606,30.983087721428834
magnetic_norm,13.625,30.92430597852002
magnetic_norm,13.646,29.451316417522055
magnetic_norm,13.667,27.39603627701011
magnetic_norm,13.686,28.956271584278593
magnetic_norm,13.706,30.028177255308908
magnetic_norm,13.726,29.389106310842525
magnetic_norm,13.746,28.966760674543004
magnetic_norm,13.766,28.60619608399988
magnetic_norm,13.785,28.298075699815772
magnetic_norm,13.806,29.519344832795728
magnetic_norm,13.826,28.533769039157868
magnetic_norm,13.847,30.449615195228724
magnetic_norm,13.869,32.29321155010757
magnetic_norm,13.886,31.47755344757793
magnetic_norm,13.906,29.461562651211395
magnetic_norm,13.926,30.51830403628704
magnetic_norm,13.947,31.468027103196416
magnetic_norm,13.97,30.107765427917432
magnetic_norm,13.986,31.151562618390493
magnetic_norm,14.007,30.406245580135344
magnetic_norm,14.026,31.46454018202874
magnetic_norm,14.046,31.11771008304602
magnetic_norm,14.066,31.39997516850133
magnetic_norm,14.087,28.610424401125215
magnetic_norm,14.106,30.84977538459566
magnetic_norm,14.127,29.409411363669008
magnetic_norm,14.146,30.85615448058945
magnetic_norm,14.166,30.774056900659037
magnetic_norm,14.186,30.079519642316498
magnetic_norm,14.206,31.288241082202173
magnetic_norm,14.227,30.840678038509463
magnetic_norm,14.25,30.85615448058945
magnetic_norm,14.266,30.544170210737438
magnetic_norm,14.286,29.46744992197961
magnetic_norm,14.306,30.136733321853253
magnetic_norm,14.332,29.970531433601593
magnetic_norm,14.345,29.67424309341352
magnetic_norm,14.367,30.08959673538348
magnetic_norm,14.387,27.5984596689743
magnetic_norm,14.406,29.195604472634233
magnetic_norm,14.427,29.97354010060375
magnetic_norm,14.446,28.162381407872807
magnetic_norm,14.466,27.456691043873985
magnetic_norm,14.49,30.569092525784995
magnetic_norm,14.506,29.1465609191505
magnetic_norm,14.526,28.739819446490596
magnetic_norm,14.547,28.171699709770817
magnetic_norm,14.566,29.474823123387935
magnetic_norm,14.587,29.333931129367937
magnetic_norm,14.606,28.12373752546503
magnetic_norm,14.626,29.5428668282633
magnetic_norm,14.648,28.892412619535623
magnetic_norm,14.666,28.635768427025848
magnetic_norm,14.687,30.132883539415875
magnetic_norm,14.707,29.647414384520957
magnetic_norm,14.726,27.833200818783926
magnetic_norm,14.745,29.973468736951354
magnetic_norm,14.775,28.94177155827283
magnetic_norm,14.786,30.492372854740285
magnetic_norm,14.806,30.974241462382967
magnetic_norm,14.826,31.23943201511519
magnetic_norm,14.847,30.160294547119403
magnetic_norm,14.867,29.159145650730302
magnetic_norm,14.885,31.40072158506081
magnetic_norm,14.905,30.386370353951477
magnetic_norm,14.926,28.950825765425066
magnetic_norm,14.946,30.404322230359025
magnetic_norm,14.966,30.40546504639791
magnetic_norm,14.986,30.522340345433886
magnetic_norm,15.006,30.484630424652174
magnetic_norm,15.025,30.190401531407776
magnetic_norm,15.046,30.242128688098347
magnetic_norm,15.065,32.54847354240486
magnetic_norm,15.086,25.573998532298468
magnetic_norm,15.106,30.605755434354172
magnetic_norm,15.126,32.45698694137367
magnetic_norm,15.146,32.58569514507102
magnetic_norm,15.166,31.198254711762356
magnetic_norm,15.186,31.242142137063844
magnetic_norm,15.206,31.697922119982895
magnetic_norm,15.226,31.095784829048853
magnetic_norm,15.246,30.7977772347292
magnetic_norm,15.266,31.829339916577002
magnetic_norm,15.288,31.013945693812502
magnetic_norm,15.307,31.84196634443294
magnetic_norm,15.326,32.014950520421
magnetic_norm,15.346,30.77625155708541
magnetic_norm,15.367,32.28375958299312
magnetic_norm,15.389,31.29782257184597
magnetic_norm,15.407,32.067971030005154
magnetic_norm,15.427,32.11468016421781
magnetic_norm,15.448,31.68278663939624
magnetic_norm,15.465,31.719111398532338
magnetic_norm,15.486,33.05695415755972
magnetic_norm,15.506,33.3880873974911
magnetic_norm,15.527,33.422690754560804
magnetic_norm,15.546,30.351159625704582
magnetic_norm,15.566,30.913206384893176
magnetic_norm,15.587,29.62299478201016
magnetic_norm,15.609,30.750030813399277
magnetic_norm,15.625,34.09650434428732
magnetic_norm,15.647,30.93720545071906
magnetic_norm,15.667,31.216447415985712
magnetic_norm,15.686,31.370857360773567
magnetic_norm,15.706,31.23597721594452
magnetic_norm,15.726,31.02774338285013
magnetic_norm,15.746,32.56201532409932
magnetic_norm,15.771,32.009380339011564
magnetic_norm,15.786,30.76137589453705
magnetic_norm,15.807,31.95222946974909
magnetic_norm,15.827,30.872636549216203
magnetic_norm,15.848,32.51185255641398
magnetic_norm,15.866,33.14935000437421
magnetic_norm,15.886,32.32670969898584
magnetic_norm,15.906,31.364334401713375
magnetic_norm,15.927,30.865993456594023
magnetic_norm,15.946,33.45997258852733
magnetic_norm,15.967,33.00237253371346
magnetic_norm,15.987,31.692638655825977
magnetic_norm,16.006,30.959293926662813
magnetic_norm,16.026,32.798086611493076
magnetic_norm,16.046,33.81340054992996
magnetic_norm,16.069,30.767769147254633
magnetic_norm,16.086,33.4329960974185
magnetic_norm,16.106,32.43891115889997
magnetic_norm,16.127,33.29435658244127
magnetic_norm,16.146,30.98878187102554
magnetic_norm,16.166,32.73677512519369
magnetic_norm,16.185,33.26700269862016
magnetic_norm,16.207,31.39259255294161
magnetic_norm,16.227,32.36539085697873
magnetic_norm,16.247,33.11458227427914
magnetic_norm,16.268,31.9504071470537
magnetic_norm,16.286,33.16266549619466
magnetic_norm,16.306,34.629992931814236
magnetic_norm,16.326,32.48821000089879
magnetic_norm,16.346,33.12340295074618
magnetic_norm,16.366,33.65311617276326
magnetic_norm,16.386,34.47745871826989
magnetic_norm,16.407,32.85702688326355
magnetic_norm,16.426,34.98712491492412
magnetic_norm,16.446,32.391888090423194
magnetic_norm,16.466,34.062828142015825
magnetic_norm,16.499,34.8676710519573
magnetic_norm,16.506,34.03186471499909
magnetic_norm,16.526,32.643714038463884
magnetic_norm,16.546,36.241364715094605
magnetic_norm,16.567,33.814980500068344
magnetic_norm,16.586,34.917465851562085
magnetic_norm,16.606,36.08904789927629
magnetic_norm,16.627,35.38985929171662
magnetic_norm,16.646,35.05160101980014
magnetic_norm,16.667,35.05725332777096
magnetic_norm,16.687,34.70404435779075
magnetic_norm,16.706,35.54698455391471
magnetic_norm,16.725,35.44328411578844
magnetic_norm,16.745,33.03744311289093
magnetic_norm,16.766,35.05890081714273
magnetic_norm,16.786,32.99907538858104
magnetic_norm,16.807,35.18184573107273
magnetic_norm,16.826,34.460265899402174
magnetic_norm,16.846,34.274143572013585
magnetic_norm,16.865,35.93295107784081
magnetic_norm,16.885,35.6503243172661
magnetic_norm,16.906,32.77262398424178
magnetic_norm,16.926,32.92144683902893
magnetic_norm,16.946,34.08410726295323
magnetic_norm,16.966,34.4952970096106
magnetic_norm,16.986,34.62225574204408
magnetic_norm,17.006,35.74603780490923
magnetic_norm,17.025,34.25932944888883
magnetic_norm,17.054,33.745927613195065
magnetic_norm,17.066,34.64931541152727
magnetic_norm,17.086,36.60048112081318
magnetic_norm,17.111,38.14456516415543
magnetic_norm,17.126,36.727546973116844
magnetic_norm,17.145,35.96563507815488
magnetic_norm,17.166,35.17572487472719
magnetic_norm,17.187,37.12227765473182
magnetic_norm,17.207,34.95957989682513
magnetic_norm,17.226,37.09575249944399
magnetic_norm,17.246,37.0858609926007
magnetic_norm,17.266,37.107336292841126
magnetic_norm,17.285,38.34233054243058
magnetic_norm,17.305,36.739290653365984
magnetic_norm,17.326,38.360254699688845
magnetic_norm,17.352,38.77852321469323
magnetic_norm,17.366,39.239025545048946
magnetic_norm,17.386,41.453403507432405
magnetic_norm,17.406,40.101478038222034
magnetic_norm,17.426,39.44581742038698
magnetic_norm,17.446,41.71626042054826
magnetic_norm,17.471,40.88836927736914
magnetic_norm,17.486,39.73169409143037
magnetic_norm,17.507,41.081735516072165
magnetic_norm,17.529,42.10930552443259
magnetic_norm,17.546,41.41219674277737
magnetic_norm,17.566,43.225929717734296
magnetic_norm,17.585,42.58092211938941
magnetic_norm,17.607,43.62111536959491
magnetic_norm,17.626,43.015926553574374
magnetic_norm,17.646,44.91875151287044
magnetic_norm,17.666,43.998632939416446
magnetic_norm,17.686,44.06726242220535
magnetic_norm,17.705,43.90784027369144
magnetic_norm,17.725,45.30798547124448
magnetic_norm,17.745,48.64904109987687
magnetic_norm,17.766,47.185154643171465
magnetic_norm,17.787,46.62086358997439
magnetic_norm,17.806,47.12414824270038
magnetic_norm,17.826,46.034709162896995
magnetic_norm,17.852,47.31020476374525
magnetic_norm,17.866,48.71383645741735
magnetic_norm,17.886,49.283831186556604
magnetic_norm,17.906,49.519405726820956
magnetic_norm,17.926,50.394132385005996
magnetic_norm,17.946,50.40550395579337
magnetic_norm,17.966,51.8060226650821
magnetic_norm,17.985,51.13211202353672
magnetic_norm,18.01,50.94108677469986
magnetic_norm,18.025,51.83565809363288
magnetic_norm,18.046,52.331348713271325
magnetic_norm,18.066,53.15220079921441
magnetic_norm,18.086,52.6370790320379
magnetic_norm,18.106,52.005803957587396
magnetic_norm,18.126,52.44811181682334
magnetic_norm,18.146,53.613288895688065
magnetic_norm,18.17,52.65182563038544
magnetic_norm,18.187,54.20755445196272
magnetic_norm,18.207,54.87936984309314
magnetic_norm,18.226,58.22474407887094
magnetic_norm,18.246,54.40764882716404
magnetic_norm,18.266,54.313168722235346
magnetic_norm,18.285,56.37844716412038
magnetic_norm,18.306,56.40883127800123
magnetic_norm,18.327,57.12989872638939
magnetic_norm,18.346,57.222276128161
magnetic_norm,18.366,59.31345114516612
magnetic_norm,18.386,58.36659556030323
magnetic_norm,18.406,58.47231296669401
magnetic_norm,18.426,58.08580533357526
magnetic_norm,18.445,58.95927521465566
magnetic_norm,18.466,58.62696152784578
magnetic_norm,18.492,60.661818541917334
magnetic_norm,18.506,58.51540164307186
magnetic_norm,18.526,57.737670334778045
magnetic_norm,18.546,57.92413073905382
magnetic_norm,18.566,57.3162474919852
magnetic_norm,18.586,58.422127585038396
magnetic_norm,18.606,56.95108583732191
magnetic_norm,18.626,58.407164920602845
magnetic_norm,18.651,57.35799380317446
magnetic_norm,18.666,58.96003636479131
magnetic_norm,18.686,58.316160353284616
magnetic_norm,18.705,57.25049984967396
magnetic_norm,18.726,57.31303560785721
magnetic_norm,18.746,57.50522894235367
magnetic_norm,18.766,54.83087860754198
magnetic_norm,18.786,55.250477422258584
magnetic_norm,18.806,58.36777936199055
magnetic_norm,18.826,58.65153080610947
magnetic_norm,18.846,56.3800445547891
magnetic_norm,18.866,55.460377381965266
magnetic_norm,18.887,55.57202775520255
magnetic_norm,18.906,55.60311626361427
magnetic_norm,18.926,54.37213872092501
magnetic_norm,18.946,54.63727157639279
magnetic_norm,18.97,52.376592002176935
magnetic_norm,18.985,53.88155724921102
magnetic_norm,19.006,53.42778725660934
magnetic_norm,19.026,53.114974028516784
magnetic_norm,19.047,52.385783921785574
magnetic_norm,19.066,52.08125213788555
magnetic_norm,19.086,50.85034486203127
magnetic_norm,19.11,50.24380653361675
magnetic_norm,19.126,50.77945029795523
magnetic_norm,19.146,51.790926167983365
magnetic_norm,19.166,52.0399317081364
magnetic_norm,19.186,48.53258401089942
magnetic_norm,19.207,47.02328748197549
magnetic_norm,19.227,48.935205212096704
magnetic_norm,19.246,46.788712335081435
magnetic_norm,19.266,46.4481567929504
magnetic_norm,19.286,45.999843853539424
magnetic_norm,19.307,47.39856952588342
magnetic_norm,19.327,44.810669669315416
magnetic_norm,19.346,45.70700079719736
magnetic_norm,19.366,45.51649921786614
magnetic_norm,19.386,44.08120771967352
magnetic_norm,19.405,44.04491633449318
magnetic_norm,19.425,43.69873047068994
magnetic_norm,19.446,43.607040365490356
magnetic_norm,19.466,43.28600736785508
magnetic_norm,19.486,42.4718318166583
magnetic_norm,19.506,41.56518761596065
magnetic_norm,19.526,41.01599795933295
magnetic_norm,19.546,41.064052064275224
magnetic_norm,19.565,39.911850920497336
magnetic_norm,19.587,41.23943763680598
magnetic_norm,19.607,38.621513798982555
magnetic_norm,19.626,37.23069305609959
magnetic_norm,19.646,38.59975014151657
magnetic_norm,19.667,36.89760535725866
magnetic_norm,19.685,35.64529567137864
magnetic_norm,19.706,36.52949114380054
magnetic_norm,19.727,37.11189759194485
magnetic_norm,19.746,36.58683623774417
magnetic_norm,19.766,36.369830617216294
magnetic_norm,19.787,36.702014746298396
magnetic_norm,19.806,34.33242456647221
magnetic_norm,19.826,33.393304632066666
magnetic_norm,19.846,35.94217249955135
magnetic_norm,19.866,33.86668612386671
magnetic_norm,19.886,35.027722142076335
magnetic_norm,19.906,33.329131350629304
magnetic_norm,19.935,33.41503041765038
magnetic_norm,19.946,33.44374248364713
magnetic_norm,19.966,34.31713634550895
magnetic_norm,19.986,34.12530057889606
magnetic_norm,20.006,33.14538880711774
magnetic_norm,20.026,31.91619178528358
magnetic_norm,20.046,34.408769534996466
magnetic_norm,20.067,33.58675659151239
magnetic_norm,20.087,31.664670396792403
magnetic_norm,20.105,33.303642452252895
magnetic_norm,20.125,34.21920205180857
magnetic_norm,20.146,32.356249513714566
magnetic_norm,20.166,32.23453844481103
magnetic_norm,20.186,34.46016559884767
magnetic_norm,20.207,32.91298126537616
magnetic_norm,20.226,32.91298126537616
magnetic_norm,20.246,30.297696771990772
magnetic_norm,20.266,33.544778813736485
magnetic_norm,20.287,32.86889020734503
magnetic_norm,20.307,33.89250858596933
magnetic_norm,20.326,32.702526421898966
magnetic_norm,20.358,32.35685120341598
magnetic_norm,20.366,34.07069176084489
magnetic_norm,20.386,34.07069176084489
magnetic_norm,20.408,34.165088422247656
magnetic_norm,20.426,33.055794749559496
magnetic_norm,20.446,33.427991656133095
magnetic_norm,20.467,31.8690495144584
magnetic_norm,20.486,33.50474115237282
magnetic_norm,20.506,33.740729948016906
magnetic_norm,20.526,33.07392671104387
magnetic_norm,20.546,34.25843109531581
magnetic_norm,20.566,33.26855567762147
magnetic_norm,20.586,34.464062855204766
magnetic_norm,20.606,33.23187390969707
magnetic_norm,20.626,31.11714885919017
magnetic_norm,20.646,30.728259933243912
magnetic_norm,20.666,31.738091856041127
magnetic_norm,20.686,32.46870632432104
magnetic_norm,20.706,32.37674479719204
magnetic_norm,20.726,32.090072057608474
magnetic_norm,20.746,30.69769027488063
magnetic_norm,20.767,29.1904281501232
magnetic_norm,20.79,30.750721490926065
magnetic_norm,20.805,30.427295020261084
magnetic_norm,20.825,30.059555859992408
magnetic_norm,20.845,30.790733455660078
magnetic_norm,20.866,27.333320505611848
magnetic_norm,20.886,31.34464557264928
magnetic_norm,20.906,29.215275506145804
magnetic_norm,20.926,28.79791252200409
magnetic_norm,20.946,29.159205731852573
magnetic_norm,20.966,28.440802728650294
magnetic_norm,20.985,29.011978288932745
magnetic_norm,21.007,27.522248185331843
magnetic_norm,21.026,27.938822140526987
magnetic_norm,21.05,27.602808535772226
magnetic_norm,21.066,26.89893233452772
magnetic_norm,21.086,28.213666829880534
magnetic_norm,21.106,28.191559071156405
magnetic_norm,21.126,26.648822968847984
magnetic_norm,21.146,25.86937564959777
magnetic_norm,21.166,27.881408396322126
magnetic_norm,21.186,26.515339251082647
magnetic_norm,21.206,25.995975682064792
magnetic_norm,21.226,26.290816609607244
magnetic_norm,21.245,27.02018224295501
magnetic_norm,21.265,26.955308537605372
magnetic_norm,21.286,25.815802183933798
magnetic_norm,21.306,26.6739511761007
magnetic_norm,21.331,26.91006687631051
magnetic_norm,21.346,26.886512795684382
magnetic_norm,21.366,26.178210870970563
magnetic_norm,21.386,25.213697948387185
magnetic_norm,21.407,26.325254089229624
magnetic_norm,21.426,26.86294170297631
magnetic_norm,21.446,25.97692109267388
magnetic_norm,21.466,25.253592975307573
magnetic_norm,21.486,26.110975974434602
magnetic_norm,21.506,26.45322762750325
magnetic_norm,21.531,26.901247030899963
magnetic_norm,21.545,27.215733594512955
magnetic_norm,21.566,28.413881165066226
magnetic_norm,21.586,28.784059735815607
magnetic_norm,21.609,27.69655539900224
magnetic_norm,21.626,31.448827839245535
magnetic_norm,21.646,28.852450422169586
magnetic_norm,21.666,27.437691584205933
magnetic_norm,21.688,25.492995748930745
magnetic_norm,21.706,28.636044539618243
magnetic_norm,21.726,29.190150029162254
magnetic_norm,21.747,27.926469361633455
magnetic_norm,21.766,28.161260112519912
magnetic_norm,21.786,28.534771537766005
magnetic_norm,21.806,27.33303299189929
magnetic_norm,21.825,27.640635856153907
magnetic_norm,21.849,28.369860025209874
magnetic_norm,21.866,26.812480701391678
magnetic_norm,21.886,28.17493729615917
magnetic_norm,21.906,27.573856486262507
magnetic_norm,21.926,27.508071258723323
magnetic_norm,21.945,27.888556120746017
magnetic_norm,21.966,28.17641591140543
magnetic_norm,21.986,28.4595001686608
magnetic_norm,22.013,27.352786365185906
magnetic_norm,22.027,29.0006577615061
magnetic_norm,22.047,28.937333029388768
magnetic_norm,22.067,29.172511542332106
magnetic_norm,22.086,28.501887273038605
magnetic_norm,22.11,28.277899135190456
magnetic_norm,22.126,30.311492136853044
magnetic_norm,22.146,29.655079675664336
magnetic_norm,22.168,29.65736209484925
magnetic_norm,22.186,28.719059631923972
magnetic_norm,22.206,30.16879301985754
magnetic_norm,22.226,29.791952699093173
magnetic_norm,22.246,28.029897222207293
magnetic_norm,22.266,29.53766225241099
magnetic_norm,22.288,28.815426017152703
magnetic_norm,22.306,29.59078612930047
magnetic_norm,22.33,28.683862307402133
magnetic_norm,22.346,28.765643358223453
magnetic_norm,22.366,30.108941156747857
magnetic_norm,22.386,30.691890485273206
magnetic_norm,22.407,29.993578335203704
magnetic_norm,22.426,28.70418813953817
magnetic_norm,22.447,28.87457000329191
magnetic_norm,22.466,31.17814972157987
magnetic_norm,22.486,26.409073813511522
magnetic_norm,22.505,29.95441595199282
magnetic_norm,22.526,31.211908538649173
magnetic_norm,22.546,31.504482428100673
magnetic_norm,22.567,30.435370481357786
magnetic_norm,22.588,29.139570872998526
magnetic_norm,22.606,30.17893370929465
magnetic_norm,22.636,31.705030284049567
magnetic_norm,22.646,31.230775539241755
magnetic_norm,22.665,29.999258613964248
magnetic_norm,22.686,31.56009418712183
magnetic_norm,22.706,30.55450057692001
magnetic_norm,22.73,28.885944781147526
magnetic_norm,22.746,30.716885424510473
magnetic_norm,22.766,31.638675762032218
magnetic_norm,22.786,30.698831584606037
magnetic_norm,22.813,28.839536413273027
magnetic_norm,22.826,31.289442993783926
magnetic_norm,22.846,31.712377806278262
magnetic_norm,22.866,31.63878633991045
magnetic_norm,22.888,32.65861497443096
magnetic_norm,22.906,32.116808692645726
magnetic_norm,22.925,32.78088354977259
magnetic_norm,22.946,30.69851562026255
magnetic_norm,22.967,31.289442993783926
magnetic_norm,22.987,32.829635832392476
magnetic_norm,23.007,30.725050128722394
magnetic_norm,23.028,29.529084051363682
magnetic_norm,23.047,31.505721374458403
magnetic_norm,23.065,31.038024188747098
magnetic_norm,23.086,30.722428570813705
magnetic_norm,23.107,30.483671346327366
magnetic_norm,23.129,32.359219918363316
magnetic_norm,23.146,32.75145874100502
magnetic_norm,23.167,31.7926654282085
magnetic_norm,23.186,28.208908119433303
magnetic_norm,23.206,30.351509918371573
magnetic_norm,23.226,33.06304058510804
magnetic_norm,23.247,32.35799363306546
magnetic_norm,23.267,31.498420719339247
magnetic_norm,23.286,32.14111586192989
magnetic_norm,23.306,33.92995254472809
magnetic_norm,23.327,32.19727284208251
magnetic_norm,23.345,33.04216589333242
magnetic_norm,23.369,32.51132138330815
magnetic_norm,23.386,33.52862881971169
magnetic_norm,23.406,33.14648954535006
magnetic_norm,23.427,31.971880019792454
magnetic_norm,23.446,34.224284902883774
magnetic_norm,23.466,34.84492731223587
magnetic_norm,23.485,34.338829136634885
magnetic_norm,23.506,33.8018833695144
magnetic_norm,23.528,32.567909548626304
magnetic_norm,23.546,34.57055266136924
magnetic_norm,23.566,33.14648954535006
magnetic_norm,23.586,32.528110439280056
magnetic_norm,23.606,33.36463916382884
magnetic_norm,23.627,31.489748609865117
magnetic_norm,23.645,33.15736599215179
magnetic_norm,23.666,33.22881585367592
magnetic_norm,23.686,32.096868343734116
magnetic_norm,23.707,32.45802761509861
magnetic_norm,23.727,31.133324751783324
magnetic_norm,23.747,32.13722776780853
magnetic_norm,23.77,31.24284055829833
magnetic_norm,23.787,31.740102743631045
magnetic_norm,23.805,28.938589416426314
magnetic_norm,23.826,32.066036671024705
magnetic_norm,23.847,31.739559115558052
magnetic_norm,23.866,32.54841827723739
magnetic_norm,23.886,31.922540775582874
magnetic_norm,23.906,30.973332882921305
magnetic_norm,23.927,30.211905948876346
magnetic_norm,23.945,31.69111942169301
magnetic_norm,23.966,33.307991287189644
magnetic_norm,23.986,30.67596848391669
magnetic_norm,24.007,31.862542192596717
magnetic_norm,24.027,30.662035653434707
magnetic_norm,24.045,33.48564322399981
magnetic_norm,24.066,30.173091987729798
magnetic_norm,24.086,32.31887086614414
magnetic_norm,24.106,31.78348544586484
magnetic_norm,24.126,31.09856397689451
magnetic_norm,24.147,31.15062534946135
magnetic_norm,24.167,33.004442923074784
magnetic_norm,24.186,32.31121733430977
magnetic_norm,24.206,32.17675985047284
magnetic_norm,24.226,31.31002984268779
magnetic_norm,24.248,32.846929625917916
magnetic_norm,24.266,31.495112829215348
magnetic_norm,24.286,31.45895763729307
magnetic_norm,24.306,31.829410412187972
magnetic_norm,24.326,30.695789392235884
magnetic_norm,24.345,31.20591549330032
magnetic_norm,24.366,32.340892607695665
magnetic_norm,24.387,32.68318722542987
magnetic_norm,24.406,32.02873390410562
magnetic_norm,24.426,34.47066040381299
magnetic_norm,24.446,36.00026508548241
magnetic_norm,24.466,33.396934892479294
magnetic_norm,24.486,34.68612899993319
magnetic_norm,24.515,34.968396073812265
magnetic_norm,24.535,32.54283340057379
magnetic_norm,24.546,34.56062474749988
magnetic_norm,24.566,33.297999711319015
magnetic_norm,24.586,35.85512388226404
magnetic_norm,24.606,32.593952433695506
magnetic_norm,24.626,32.83628309564743
magnetic_norm,24.646,34.032258547589876
magnetic_norm,24.666,32.88822796001636
magnetic_norm,24.686,34.9690318969871
magnetic_norm,24.706,34.21408077239546
magnetic_norm,24.726,32.87677168857218
magnetic_norm,24.746,34.25745113000967
magnetic_norm,24.766,32.31202479844007
magnetic_norm,24.785,31.373692737307817
magnetic_norm,24.806,34.052086795085025
magnetic_norm,24.826,34.3143550651546
magnetic_norm,24.846,31.920772917686392
magnetic_norm,24.866,32.53900907526228
magnetic_norm,24.886,33.7826983330595
magnetic_norm,24.906,35.65533374686043
magnetic_norm,24.926,33.36927443865839
magnetic_norm,24.946,32.40869085465349
magnetic_norm,24.967,32.17652045416821
magnetic_norm,24.986,31.961223276417392
magnetic_norm,25.006,31.183168393782648
magnetic_norm,25.026,31.571544951704627
magnetic_norm,25.045,32.58468055812432
magnetic_norm,25.066,29.316517413823235
magnetic_norm,25.086,32.34108255145465
magnetic_norm,25.106,32.092218119818405
magnetic_norm,25.126,31.87784724459927
magnetic_norm,25.15,32.569532589906785
magnetic_norm,25.166,32.014992215562074
magnetic_norm,25.186,32.95080850677264
magnetic_norm,25.205,34.43368516311463
magnetic_norm,25.226,33.851644354078296
magnetic_norm,25.246,33.75942233306881
magnetic_norm,25.266,33.41156412045089
magnetic_norm,25.286,34.05281462045395
magnetic_norm,25.306,31.96087078913846
magnetic_norm,25.326,32.503623443394865
magnetic_norm,25.345,32.58988471193939
magnetic_norm,25.368,33.037537841068016
magnetic_norm,25.386,34.65173667563438
magnetic_norm,25.406,34.33894984652996
magnetic_norm,25.427,34.18697325919626
magnetic_norm,25.446,33.181494268454856
magnetic_norm,25.465,32.608907669147705
magnetic_norm,25.485,34.926883437225044
magnetic_norm,25.508,34.47356832977267
magnetic_norm,25.526,35.36787803749329
magnetic_norm,25.546,34.34642278043668
magnetic_norm,25.566,33.947837395775316
magnetic_norm,25.586,34.79358674364438
magnetic_norm,25.605,34.346366483588916
magnetic_norm,25.626,34.815019587995366
magnetic_norm,25.646,34.9555576675584
magnetic_norm,25.666,35.58796055076076
magnetic_norm,25.693,35.19917879013657
magnetic_norm,25.706,36.604012934718085
magnetic_norm,25.726,35.107971851133755
magnetic_norm,25.746,30.723699991415486
magnetic_norm,25.766,33.82249679041311
magnetic_norm,25.786,34.11112242161648
magnetic_norm,25.806,37.88543926579853
magnetic_norm,25.826,35.265879639178166
magnetic_norm,25.846,35.63775449681145
magnetic_norm,25.866,34.13285570073948
magnetic_norm,25.886,33.342525937794576
magnetic_norm,25.905,33.835491815732546
magnetic_norm,25.926,34.774230605435434
magnetic_norm,25.946,33.263335444976065
magnetic_norm,25.966,32.973517075829264
magnetic_norm,25.986,34.173371596719925
magnetic_norm,26.006,32.319926434786346
magnetic_norm,26.026,33.79622547101237
magnetic_norm,26.046,31.77379387049965
magnetic_norm,26.066,33.2247527581095
magnetic_norm,26.086,32.814070108720145
magnetic_norm,26.106,32.13008873178694
magnetic_norm,26.127,32.23819782532828
magnetic_norm,26.146,33.95265297458362
magnetic_norm,26.166,32.55272753491635
magnetic_norm,26.185,31.089067450833934
magnetic_norm,26.206,31.78818058414171
magnetic_norm,26.226,31.638124005896763
magnetic_norm,26.246,30.735512866023647
magnetic_norm,26.267,31.738972700175804
magnetic_norm,26.286,30.804150842053755
magnetic_norm,26.305,31.646328652586227
magnetic_norm,26.333,31.63366173378447
magnetic_norm,26.346,31.43330647855873
magnetic_norm,26.367,32.43524607660625
magnetic_norm,26.387,29.810165919950897
magnetic_norm,26.407,31.329231165957488
magnetic_norm,26.426,29.997984778564728
magnetic_norm,26.446,33.087742990796514
magnetic_norm,26.466,31.66779572807367
magnetic_norm,26.49,32.29537261512866
magnetic_norm,26.506,31.572112201672585
magnetic_norm,26.526,33.56085587202002
magnetic_norm,26.547,30.031982964000314
magnetic_norm,26.567,31.890603950654526
magnetic_norm,26.586,33.93290366001725
magnetic_norm,26.605,33.983206155761756
magnetic_norm,26.626,33.279570380152144
magnetic_norm,26.648,33.603185884116705
magnetic_norm,26.666,34.881241907005084
magnetic_norm,26.686,32.811932684238535
magnetic_norm,26.706,33.26705220822858
magnetic_norm,26.726,33.2331311376539
magnetic_norm,26.746,31.144946951110718
magnetic_norm,26.766,32.43246099531304
magnetic_norm,26.786,31.915541092467805
magnetic_norm,26.806,29.576430296775186
magnetic_norm,26.826,33.08184495384139
magnetic_norm,26.846,32.54705286773297
magnetic_norm,26.866,36.5269357541459
magnetic_norm,26.886,34.14382950073126
magnetic_norm,26.905,33.726462956593984
magnetic_norm,26.927,34.570165852943234
magnetic_norm,26.946,34.496276831710475
magnetic_norm,26.966,34.44193424446429
magnetic_norm,26.986,34.75061180270795
magnetic_norm,27.006,33.51481759461037
magnetic_norm,27.025,34.472038007637465
magnetic_norm,27.045,34.37718936536994
magnetic_norm,27.066,35.0722059058167
magnetic_norm,27.086,35.994752000291705
magnetic_norm,27.106,34.35770226637697
magnetic_norm,27.132,34.79184137930184
magnetic_norm,27.145,35.69860267223358
magnetic_norm,27.182,35.37608807761256
magnetic_norm,27.186,34.46227736054315
magnetic_norm,27.206,34.6342723613476
magnetic_norm,27.226,35.92958505239799
magnetic_norm,27.246,36.612180192526175
magnetic_norm,27.266,35.24410136604425
magnetic_norm,27.286,36.30023986542662
magnetic_norm,27.305,36.95360688975441
magnetic_norm,27.326,34.43477741869404
magnetic_norm,27.346,37.8939101203941
magnetic_norm,27.366,34.31449415024945
magnetic_norm,27.386,37.6717844701111
magnetic_norm,27.406,37.06431818778012
magnetic_norm,27.426,35.68706393306269
magnetic_norm,27.446,36.835530025031595
magnetic_norm,27.465,35.472651652188354
magnetic_norm,27.486,38.47356143314525
magnetic_norm,27.506,35.979028431157005
magnetic_norm,27.527,37.2608559961054
magnetic_norm,27.546,37.07180478308282
magnetic_norm,27.566,36.86562507404432
magnetic_norm,27.585,37.67324823813975
magnetic_norm,27.606,36.611478654412544
magnetic_norm,27.626,36.397054793794844
magnetic_norm,27.646,36.6010806064862
magnetic_norm,27.667,38.54735351421689
magnetic_norm,27.687,37.10007325144389
magnetic_norm,27.706,37.481571315281165
magnetic_norm,27.726,40.742163939216645
magnetic_norm,27.745,39.15881060007449
magnetic_norm,27.768,41.0635547111122
magnetic_norm,27.786,38.64335548609883
magnetic_norm,27.806,39.05891495516742
magnetic_norm,27.826,39.49708601735714
magnetic_norm,27.845,39.66433489972448
magnetic_norm,27.865,43.113792237954534
magnetic_norm,27.886,48.68749592605894
magnetic_norm,27.906,48.82867333954512
magnetic_norm,27.926,46.30689171751334
magnetic_norm,27.946,44.31895479335009
magnetic_norm,27.966,44.37740126362183
magnetic_norm,27.986,48.178224876623545
magnetic_norm,28.005,43.88293041363017
magnetic_norm,28.025,45.614439218848275
magnetic_norm,28.046,46.8362321129433
magnetic_norm,28.066,48.61447452508363
magnetic_norm,28.086,46.412567751768485
magnetic_norm,28.106,45.299667432554116
magnetic_norm,28.125,52.620639514357904
magnetic_norm,28.146,50.806152541178555
magnetic_norm,28.166,48.20783000327855
magnetic_norm,28.186,45.200810260021896
magnetic_norm,28.206,45.78049411225816
magnetic_norm,28.226,45.524426116234615
magnetic_norm,28.246,50.184868536616705
magnetic_norm,28.266,44.68157704076705
magnetic_norm,28.286,41.618625347913735
magnetic_norm,28.306,48.460066239508066
magnetic_norm,28.326,49.85777746099403
magnetic_norm,28.345,47.45372790255789
magnetic_norm,28.366,50.55910480541569
magnetic_norm,28.386,50.32545461270073
magnetic_norm,28.406,52.93005995049041
magnetic_norm,28.426,49.993570171573104
magnetic_norm,28.445,49.32855711616248
magnetic_norm,28.466,47.59644080706044
magnetic_norm,28.486,48.67102114554413
magnetic_norm,28.506,44.05738412811761
magnetic_norm,28.526,44.574211021761336
magnetic_norm,28.546,44.188599776695845
magnetic_norm,28.565,42.31769176833732
magnetic_norm,28.585,47.38594436143491
magnetic_norm,28.606,49.991441706556266
magnetic_norm,28.626,45.75766787135259
magnetic_norm,28.646,46.88382705328674
magnetic_norm,28.666,47.28700289032923
magnetic_norm,28.686,43.71977750758231
magnetic_norm,28.706,41.78625858161987
magnetic_norm,28.726,44.24335230023274
magnetic_norm,28.746,43.54940521249976
magnetic_norm,28.766,42.40901461275658
magnetic_norm,28.786,41.995759170718785
magnetic_norm,28.806,43.55063593823861
magnetic_norm,28.826,42.07370813168256
magnetic_norm,28.846,47.35204263532365
magnetic_norm,28.866,43.672523215690255
magnetic_norm,28.886,42.87127975390402
magnetic_norm,28.906,43.402564936015025
magnetic_norm,28.926,42.07812976951331
magnetic_norm,28.946,39.84995727695327
magnetic_norm,28.966,41.32951321090052
magnetic_norm,28.985,40.46150201317921
magnetic_norm,29.006,39.831783497133294
magnetic_norm,29.026,40.91550211900143
magnetic_norm,29.046,44.135162469113
magnetic_norm,29.066,44.135162469113
magnetic_norm,29.086,43.611936207017926
magnetic_norm,29.106,41.8532130823011
magnetic_norm,29.126,45.40624827942186
magnetic_norm,29.145,44.809026143177945
magnetic_norm,29.166,43.13235713374011
magnetic_norm,29.186,58.031299826149905
magnetic_norm,29.206,49.20179640775334
magnetic_norm,29.226,50.465058269806896
magnetic_norm,29.246,50.37987555512632
magnetic_norm,29.265,50.323285237179235
magnetic_norm,29.285,52.01494029927845
magnetic_norm,29.306,42.893653315933605
magnetic_norm,29.326,44.67259513994575
magnetic_norm,29.346,43.11437833890227
magnetic_norm,29.366,42.275477889374706
magnetic_norm,29.386,46.522201189190355
magnetic_norm,29.406,44.4945543934874
magnetic_norm,29.426,43.94023289338604
magnetic_norm,29.446,42.90626651521902
magnetic_norm,29.466,41.84463333152776
magnetic_norm,29.486,44.60368483755015
magnetic_norm,29.506,43.19197611941371
magnetic_norm,29.526,44.28579670687333
magnetic_norm,29.545,40.49693564795983
magnetic_norm,29.566,39.05081275162529
magnetic_norm,29.586,40.481699193895075
magnetic_norm,29.606,39.466542341583526
magnetic_norm,29.626,39.713037149813964
magnetic_norm,29.646,39.52769693170859
magnetic_norm,29.666,42.24052744832273
magnetic_norm,29.685,38.14454825283037
magnetic_norm,29.705,39.94343840122561
magnetic_norm,29.726,40.36897844384974
magnetic_norm,29.746,41.407517539391435
magnetic_norm,29.766,40.75012417971884
magnetic_norm,29.786,41.42812393923964
magnetic_norm,29.806,40.57724612544579
magnetic_norm,29.826,41.42812393923964
magnetic_norm,29.846,39.14910689833806
magnetic_norm,29.866,41.63034326921295
magnetic_norm,29.886,40.66871151727088
magnetic_norm,29.906,39.444236276673024
magnetic_norm,29.926,39.69029566925019
magnetic_norm,29.946,39.57503245339795
magnetic_norm,29.965,35.84469141135135
magnetic_norm,29.985,40.90207649939676
magnetic_norm,30.006,40.39865792944117
magnetic_norm,30.026,40.14473162321554
magnetic_norm,30.046,39.81003507392957
magnetic_norm,30.066,37.03666574321992
magnetic_norm,30.086,39.51689372281184
magnetic_norm,30.105,36.722329772394644
magnetic_norm,30.126,38.95386934583652
magnetic_norm,30.146,38.37309696014253
magnetic_norm,30.166,36.95180795272406
magnetic_norm,30.186,39.22853237058458
magnetic_norm,30.206,37.848421979159234
magnetic_norm,30.226,37.75251125289555
magnetic_norm,30.246,37.062757268247125
magnetic_norm,30.265,38.55674137942688
magnetic_norm,30.286,38.621297491474905
magnetic_norm,30.306,37.368319262946585
magnetic_norm,30.326,39.26327697273253
magnetic_norm,30.346,37.061751504752245
magnetic_norm,30.366,36.62349797483169
magnetic_norm,30.386,37.76483821261524
magnetic_norm,30.406,37.26824678664132
magnetic_norm,30.428,37.48459511786148
magnetic_norm,30.446,38.08256285083115
magnetic_norm,30.467,36.383369663900034
magnetic_norm,30.495,37.737042995742264
magnetic_norm,30.507,37.03761225143307
magnetic_norm,30.526,35.992558674676104
magnetic_norm,30.546,36.6657508986589
magnetic_norm,30.574,36.16634991310986
magnetic_norm,30.586,38.41499978133548
magnetic_norm,30.607,35.857438193316334
magnetic_norm,30.628,35.329479389031505
magnetic_norm,30.654,35.431876568106084
magnetic_norm,30.666,38.071869970327185
magnetic_norm,30.686,38.09419253820069
magnetic_norm,30.706,36.22057957553276
magnetic_norm,30.727,36.051341494804355
magnetic_norm,30.746,37.09425943458103
magnetic_norm,30.769,35.74084672052421
magnetic_norm,30.786,35.916672456534776
magnetic_norm,30.806,36.97238141386762
magnetic_norm,30.826,36.498123040952464
magnetic_norm,30.846,37.81583285080477
magnetic_norm,30.866,38.114901562250004
magnetic_norm,30.889,36.69532250181898
magnetic_norm,30.906,38.97015683282536
magnetic_norm,30.926,35.51514449815746
magnetic_norm,30.946,38.529813606316615
magnetic_norm,30.966,36.475943186229
magnetic_norm,30.995,36.11052550001876
magnetic_norm,31.006,36.99537153618009
magnetic_norm,31.026,36.8396108372158
magnetic_norm,31.046,38.13529782825882
magnetic_norm,31.066,37.9931686915556
magnetic_norm,31.086,39.64991084085184
magnetic_norm,31.106,38.59937019612497
magnetic_norm,31.126,38.56625945629169
magnetic_norm,31.146,37.9192742320776
magnetic_norm,31.166,37.7374163021596
magnetic_norm,31.187,36.78435228888099
magnetic_norm,31.206,39.43027370403355
magnetic_norm,31.226,35.286012371405825
magnetic_norm,31.245,37.378971400374326
magnetic_norm,31.266,38.78556259228431
magnetic_norm,31.287,36.7188914890891
magnetic_norm,31.308,38.17340496815171
magnetic_norm,31.326,37.864089436925696
magnetic_norm,31.346,41.030283917035035
magnetic_norm,31.366,37.63141461398979
magnetic_norm,31.385,35.71383332302765
magnetic_norm,31.406,37.20564630788585
magnetic_norm,31.427,36.56177016502352
magnetic_norm,31.452,36.971758940101886
magnetic_norm,31.466,36.557879998366985
magnetic_norm,31.486,36.41070895440653
magnetic_norm,31.506,35.77854806357437
magnetic_norm,31.525,36.18442020573219
magnetic_norm,31.545,36.27696346615859
magnetic_norm,31.567,36.130706501361196
magnetic_norm,31.587,36.631177289639545
magnetic_norm,31.606,35.78591801271144
magnetic_norm,31.627,36.761447735875585
magnetic_norm,31.647,36.74172056276766
magnetic_norm,31.665,37.42217419542196
magnetic_norm,31.685,36.03436530175057
magnetic_norm,31.707,36.915108452705404
magnetic_norm,31.726,35.627261026670325
magnetic_norm,31.752,37.51760883421954
magnetic_norm,31.766,36.272552252012815
magnetic_norm,31.786,37.66429434623731
magnetic_norm,31.806,34.62571186091341
magnetic_norm,31.825,35.97382486701274
magnetic_norm,31.848,35.0414637060512
magnetic_norm,31.866,35.44998635736708
magnetic_norm,31.887,35.72197874173547
magnetic_norm,31.906,34.63941281762734
magnetic_norm,31.934,36.14541505986618
magnetic_norm,31.945,34.61894505325086
magnetic_norm,31.966,35.78591801271144
magnetic_norm,31.987,36.396636365191895
magnetic_norm,32.007,34.38546650476044
magnetic_norm,32.026,34.05889666592282
magnetic_norm,32.047,34.37431977672433
magnetic_norm,32.067,33.7799351037343
magnetic_norm,32.086,35.10394224068718
magnetic_norm,32.108,32.453499609633845
magnetic_norm,32.126,33.07774806100774
magnetic_norm,32.146,32.76447068453115
magnetic_norm,32.166,33.967539001964816
magnetic_norm,32.186,30.967928707374035
magnetic_norm,32.206,32.41238013012937
magnetic_norm,32.226,30.46799538388606
magnetic_norm,32.252,31.38854219356963
magnetic_norm,32.266,31.714472104230335
magnetic_norm,32.286,30.891996590338817
magnetic_norm,32.306,34.199532897577726
magnetic_norm,32.327,32.72953667637233
magnetic_norm,32.347,30.75460758711613
magnetic_norm,32.366,30.24419278721127
magnetic_norm,32.386,27.893264688361615
magnetic_norm,32.412,29.764495549437754
magnetic_norm,32.426,30.145902787526584
magnetic_norm,32.446,30.260143409483454
magnetic_norm,32.467,29.780178990395694
magnetic_norm,32.486,28.38967396959678
magnetic_norm,32.508,27.867238208154053
magnetic_norm,32.526,28.269348324421983
magnetic_norm,32.546,27.24876346231148
magnetic_norm,32.566,27.4204136108029
magnetic_norm,32.586,28.497286054991275
magnetic_norm,32.606,28.11240968193584
magnetic_norm,32.626,28.648927911878395
magnetic_norm,32.646,27.891493158757207
magnetic_norm,32.673,25.986053386143535
magnetic_norm,32.686,27.516383613903553
magnetic_norm,32.706,27.565110097503783
magnetic_norm,32.732,27.745813170638936
magnetic_norm,32.746,26.62416848208599
magnetic_norm,32.767,27.43018024434949
magnetic_norm,32.786,27.231004980306952
magnetic_norm,32.806,26.898254149898
magnetic_norm,32.826,27.364275650015003
magnetic_norm,32.847,28.822288966830932
magnetic_norm,32.866,24.635424634050903
magnetic_norm,32.892,26.644945817640593
magnetic_norm,32.906,29.533744353704982
magnetic_norm,32.926,27.207620192236604
magnetic_norm,32.956,27.923233460015012
magnetic_norm,32.965,29.960096083791253
magnetic_norm,32.986,30.714316216139423
magnetic_norm,33.006,31.321380195283556
magnetic_norm,33.027,29.85562374662437
magnetic_norm,33.046,30.57125549740326
magnetic_norm,33.065,30.041398235185422
magnetic_norm,33.085,30.313259971710433
magnetic_norm,33.105,29.60492690393783
magnetic_norm,33.127,28.319099412322437
magnetic_norm,33.146,30.506211094627993
magnetic_norm,33.166,29.33152804769131
magnetic_norm,33.186,29.89406936459138
magnetic_norm,33.206,31.17746707359339
magnetic_norm,33.225,30.032245426166558
magnetic_norm,33.246,30.413206139151164
magnetic_norm,33.266,31.019028937895527
magnetic_norm,33.288,31.7455828620298
magnetic_norm,33.308,32.085858877588144
magnetic_norm,33.327,30.328189787102495
magnetic_norm,33.346,30.90038158987686
magnetic_norm,33.375,31.544390255638245
magnetic_norm,33.386,30.614989916093407
magnetic_norm,33.406,30.51346522234086
magnetic_norm,33.426,33.067101947025854
magnetic_norm,33.448,31.068954840000686
magnetic_norm,33.469,31.121438042569707
magnetic_norm,33.487,32.22882368470809
magnetic_norm,33.506,33.68196455541905
magnetic_norm,33.531,31.605927248500414
magnetic_norm,33.546,32.31723958644211
magnetic_norm,33.572,32.174967671895196
magnetic_norm,33.586,30.6632632412143
magnetic_norm,33.606,35.980823049577516
magnetic_norm,33.626,33.157115762872095
magnetic_norm,33.645,34.48084866052464
magnetic_norm,33.666,33.28084858912855
magnetic_norm,33.686,34.7038825416193
magnetic_norm,33.706,34.15919855178116
magnetic_norm,33.726,33.361736578564106
magnetic_norm,33.746,34.651412780722346
magnetic_norm,33.766,33.956096535821146
magnetic_norm,33.785,34.476336738587875
magnetic_norm,33.805,36.155217141686485
magnetic_norm,33.832,32.958954186988414
magnetic_norm,33.846,36.03179495528925
magnetic_norm,33.866,33.93905953378056
magnetic_norm,33.886,36.39051442649583
magnetic_norm,33.906,34.60929155010261
magnetic_norm,33.926,35.463528770061856
magnetic_norm,33.945,35.59510642946585
magnetic_norm,33.966,35.55706516028144
magnetic_norm,33.987,35.205396198239285
magnetic_norm,34.008,35.696549292788845
magnetic_norm,34.026,35.80604555239242
magnetic_norm,34.046,36.29686840417511
magnetic_norm,34.065,36.76906261774299
magnetic_norm,34.086,36.61007719467426
magnetic_norm,34.106,36.25972847526584
magnetic_norm,34.126,38.30487111125696
magnetic_norm,34.148,37.28173880031618
magnetic_norm,34.166,38.698720380976475
magnetic_norm,34.186,39.2069914023635
magnetic_norm,34.206,38.399937847117734
magnetic_norm,34.225,38.09912989951352
magnetic_norm,34.246,40.43306271033033
magnetic_norm,34.266,40.94500015035418
magnetic_norm,34.286,39.57599640217541
magnetic_norm,34.306,39.75494415525572
magnetic_norm,34.332,38.95276436692273
magnetic_norm,34.346,39.57489102211785
magnetic_norm,34.366,38.90511882596568
magnetic_norm,34.386,39.70107056774419
magnetic_norm,34.406,39.888640887789094
magnetic_norm,34.427,39.777024947669275
magnetic_norm,34.447,38.68816684934173
magnetic_norm,34.466,39.306951558852845
magnetic_norm,34.49,38.68505415903539
magnetic_norm,34.505,39.890184827536274
magnetic_norm,34.526,39.010159448853884
magnetic_norm,34.546,40.469299313337565
magnetic_norm,34.566,41.90221181214667
magnetic_norm,34.587,41.06201301811693
magnetic_norm,34.606,38.87924671675758
magnetic_norm,34.626,39.16639135885517
magnetic_norm,34.656,39.25354983995079
magnetic_norm,34.666,40.342621052058625
magnetic_norm,34.686,40.02053178994508
magnetic_norm,34.706,39.10736913949218
magnetic_norm,34.726,40.43544090769884
magnetic_norm,34.746,37.49938689048801
magnetic_norm,34.766,38.79974130922143
magnetic_norm,34.785,39.470293383600605
magnetic_norm,34.806,38.523404454305506
magnetic_norm,34.826,40.471485861344526
magnetic_norm,34.846,36.70831757892219
magnetic_norm,34.866,37.976829197716135
magnetic_norm,34.886,38.09055969955024
magnetic_norm,34.906,37.72250784959163
magnetic_norm,34.926,36.630422486814155
magnetic_norm,34.946,37.25102386344575
magnetic_norm,34.973,36.20035239124066
magnetic_norm,34.986,36.38030566975764
magnetic_norm,35.006,38.38554110110993
magnetic_norm,35.027,38.38554110110993
magnetic_norm,35.046,36.9504118985839
magnetic_norm,35.066,35.8360524646619
magnetic_norm,35.086,37.88133919722216
magnetic_norm,35.107,35.58339081966476
magnetic_norm,35.126,36.597531294815504
magnetic_norm,35.146,35.172458050476145
magnetic_norm,35.166,35.172458050476145
magnetic_norm,35.185,36.350472168013184
magnetic_norm,35.206,37.1353874548927
magnetic_norm,35.231,34.727683056712856
magnetic_norm,35.246,35.02646595968542
magnetic_norm,35.267,35.965341937238755
magnetic_norm,35.289,36.412654891534636
magnetic_norm,35.306,36.442622080470585
magnetic_norm,35.326,36.00918890748585
magnetic_norm,35.346,36.00918890748585
magnetic_norm,35.366,34.09062702983776
magnetic_norm,35.388,34.225596975089424
magnetic_norm,35.406,34.826306816902076
magnetic_norm,35.426,34.35072343108299
magnetic_norm,35.446,37.225782048030915
magnetic_norm,35.465,35.72075812675315
magnetic_norm,35.486,35.50881222863911
magnetic_norm,35.506,35.821674737336124
magnetic_norm,35.526,34.83013753838047
magnetic_norm,35.546,36.020570677982064
magnetic_norm,35.566,36.84076837085515
magnetic_norm,35.586,34.3793102450442
magnetic_norm,35.613,34.535863292923565
magnetic_norm,35.625,32.946161751902146
magnetic_norm,35.645,33.76979760312834
magnetic_norm,35.667,34.452792090228336
magnetic_norm,35.686,34.654252923414816
magnetic_norm,35.706,34.05564424199761
magnetic_norm,35.727,33.839906351100474
magnetic_norm,35.746,33.77795222978298
magnetic_norm,35.767,33.22691617623431
magnetic_norm,35.785,33.32962359654702
magnetic_norm,35.806,31.951245363522286
magnetic_norm,35.826,34.86848523317666
magnetic_norm,35.846,31.338281050517978
magnetic_norm,35.867,33.43758528026508
magnetic_norm,35.888,33.517889535552506
magnetic_norm,35.905,34.46823281893054
magnetic_norm,35.925,34.22929460820074
magnetic_norm,35.947,34.74817167697461
magnetic_norm,35.966,35.36603913191298
magnetic_norm,35.986,33.4835209996089
magnetic_norm,36.007,34.34200577947509
magnetic_norm,36.026,32.3460609110677
magnetic_norm,36.046,32.86881443404981
magnetic_norm,36.066,32.27204201696887
magnetic_norm,36.089,32.327354550674265
magnetic_norm,36.106,34.356807643537046
magnetic_norm,36.126,32.63735758272259
magnetic_norm,36.146,34.65627986923871
magnetic_norm,36.166,34.28257404312722
magnetic_norm,36.185,31.587879647500873
magnetic_norm,36.206,33.70627897272999
magnetic_norm,36.226,33.77105293479914
magnetic_norm,36.247,33.590337784956915
magnetic_norm,36.266,33.417263015730434
magnetic_norm,36.286,34.652498726029975
magnetic_norm,36.306,31.634473013035954
magnetic_norm,36.326,34.04499426751318
magnetic_norm,36.345,32.67066309135384
magnetic_norm,36.366,30.941056613745435
magnetic_norm,36.387,33.68446856917148
magnetic_norm,36.406,33.34289055630907
magnetic_norm,36.426,32.034627951445046
magnetic_norm,36.446,32.94646051467441
magnetic_norm,36.466,34.77062553239086
magnetic_norm,36.485,33.925927243960494
magnetic_norm,36.506,35.52162860434478
magnetic_norm,36.526,34.51538470341887
magnetic_norm,36.547,32.56248866974851
magnetic_norm,36.571,32.88684970622763
magnetic_norm,36.586,32.884212759145534
magnetic_norm,36.608,34.685834484880196
magnetic_norm,36.626,33.03138067618428
magnetic_norm,36.646,32.398884630570315
magnetic_norm,36.666,32.64390084445332
magnetic_norm,36.686,33.6952170359534
magnetic_norm,36.706,33.36923803576433
magnetic_norm,36.726,34.153674878225054
magnetic_norm,36.745,34.53232351272501
magnetic_norm,36.766,33.24559175721653
magnetic_norm,36.787,34.439416915795775
magnetic_norm,36.806,34.475709120335786
magnetic_norm,36.826,35.83576470249385
magnetic_norm,36.846,34.50384194640505
magnetic_norm,36.866,33.36333259433179
magnetic_norm,36.886,34.32240829236062
magnetic_norm,36.905,33.96554654241561
magnetic_norm,36.928,33.008789999786494
magnetic_norm,36.946,33.59691975222583
magnetic_norm,36.966,31.667463908758215
magnetic_norm,36.986,29.645560372423457
magnetic_norm,37.006,34.5639818355033
magnetic_norm,37.025,33.05864314819955
magnetic_norm,37.052,33.28797337665664
magnetic_norm,37.066,34.401734135796154
magnetic_norm,37.086,32.80905019807798
magnetic_norm,37.106,35.759285549700316
magnetic_norm,37.127,34.035900887151584
magnetic_norm,37.147,30.862631395832096
magnetic_norm,37.166,31.356061904359134
magnetic_norm,37.189,32.7584889561088
magnetic_norm,37.214,31.99914993597494
magnetic_norm,37.226,33.64649436271192
magnetic_norm,37.246,32.82484675935292
magnetic_norm,37.266,32.85173574067289
magnetic_norm,37.286,30.57520292941653
magnetic_norm,37.306,31.449615341447405
magnetic_norm,37.325,35.04254857437606
magnetic_norm,37.346,31.566202753102885
magnetic_norm,37.366,32.79662378546002
magnetic_norm,37.386,32.012274257306366
magnetic_norm,37.407,31.75267682278935
magnetic_norm,37.432,34.85050095461328
magnetic_norm,37.445,32.259870336650486
magnetic_norm,37.465,35.11124316244734
magnetic_norm,37.486,32.74882792501895
magnetic_norm,37.506,32.46870632432104
magnetic_norm,37.527,31.927952748140633
magnetic_norm,37.546,30.91297323232594
magnetic_norm,37.566,32.2286111520106
magnetic_norm,37.586,32.16128119940973
magnetic_norm,37.606,32.44076414443724
magnetic_norm,37.626,32.71342201203514
magnetic_norm,37.646,31.360927101649946
magnetic_norm,37.666,33.21228582693463
magnetic_norm,37.686,31.676231800042142
magnetic_norm,37.706,30.60605497140234
magnetic_norm,37.725,30.744849932753
magnetic_norm,37.745,33.74880727059106
magnetic_norm,37.767,30.795230914258497
magnetic_norm,37.786,35.13393534586623
magnetic_norm,37.806,30.65598867656214
magnetic_norm,37.827,31.188106164450016
magnetic_norm,37.848,30.08561921001464
magnetic_norm,37.865,32.785065779253834
magnetic_norm,37.887,30.930675383630085
magnetic_norm,37.907,32.8706820806932
magnetic_norm,37.926,30.508060500669362
magnetic_norm,37.946,32.23090764914172
magnetic_norm,37.967,31.215485762678803
magnetic_norm,37.986,30.30826581252217
magnetic_norm,38.006,31.71634621453121
magnetic_norm,38.025,33.88532361288592
magnetic_norm,38.047,30.68330914112759
magnetic_norm,38.066,34.04986757793641
magnetic_norm,38.087,32.878252973660324
magnetic_norm,38.106,35.52935566770809
magnetic_norm,38.127,32.440350846399625
magnetic_norm,38.146,30.587112948715856
magnetic_norm,38.169,32.10024838513723
magnetic_norm,38.185,30.297505759963162
magnetic_norm,38.207,31.323221153203594
magnetic_norm,38.227,28.88274899139625
magnetic_norm,38.25,28.73994721876681
magnetic_norm,38.266,29.812771225181333
magnetic_norm,38.286,29.494925160949336
magnetic_norm,38.306,29.1680307466498
magnetic_norm,38.326,29.23409523292113
magnetic_norm,38.346,28.794978158526273
magnetic_norm,38.367,28.75686642612517
magnetic_norm,38.386,29.392830359842858
magnetic_norm,38.406,26.488282917877125
magnetic_norm,38.425,28.063502424635136
magnetic_norm,38.446,25.825292823122105
magnetic_norm,38.466,28.037024906808497
magnetic_norm,38.49,26.45345263382457
magnetic_norm,38.506,26.167465658332375
magnetic_norm,38.526,26.086614940520764
magnetic_norm,38.547,26.008224963941736
magnetic_norm,38.566,24.885523841683543
magnetic_norm,38.586,24.906303974370648
magnetic_norm,38.606,25.471439166275058
magnetic_norm,38.626,26.02480419285129
magnetic_norm,38.649,25.08974258138176
magnetic_norm,38.666,27.26075957904055
magnetic_norm,38.686,25.41569243351438
magnetic_norm,38.706,26.016927332267738
magnetic_norm,38.733,23.822546833304894
magnetic_norm,38.746,24.06857566091114
magnetic_norm,38.767,24.496464190011178
magnetic_norm,38.786,22.928584440333534
magnetic_norm,38.811,23.250801877462226
magnetic_norm,38.826,23.6240787385456
magnetic_norm,38.846,22.20583705273244
magnetic_norm,38.866,24.57040718374445
magnetic_norm,38.886,21.908973589348133
magnetic_norm,38.908,21.59503523671587
magnetic_norm,38.926,21.981790706741823
magnetic_norm,38.947,22.098370292852007
magnetic_norm,38.966,22.73472323605469
magnetic_norm,38.986,22.214550503724
magnetic_norm,39.006,22.67452755836386
magnetic_norm,39.026,23.374123713681847
magnetic_norm,39.046,21.0485269799338
magnetic_norm,39.066,21.30482768705255
magnetic_norm,39.087,21.702507794895524
magnetic_norm,39.107,22.24257432728955
magnetic_norm,39.134,20.507684280227767
magnetic_norm,39.146,22.577042036546864
magnetic_norm,39.166,21.3094224988032
magnetic_norm,39.187,22.491172073171377
magnetic_norm,39.206,22.320518534551343
magnetic_norm,39.226,21.914965349904186
magnetic_norm,39.246,21.65057555528259
magnetic_norm,39.266,23.92823254024417
magnetic_norm,39.286,22.071435204948756
magnetic_norm,39.305,21.29328137946334
magnetic_norm,39.327,19.646011805198633
magnetic_norm,39.347,21.62131923280527
magnetic_norm,39.367,22.675921632317397
magnetic_norm,39.386,19.62413215823197
magnetic_norm,39.406,21.043832603045484
magnetic_norm,39.43,19.890685714989925
magnetic_norm,39.446,19.863509802210285
magnetic_norm,39.466,20.259060574839104
magnetic_norm,39.486,21.122413916293993
magnetic_norm,39.507,21.049912781885823
magnetic_norm,39.526,23.180521186979384
magnetic_norm,39.546,18.83824546736638
magnetic_norm,39.566,18.095199487972053
magnetic_norm,39.586,19.1202751763671
magnetic_norm,39.607,18.095849309302977
magnetic_norm,39.626,18.136377935781447
magnetic_norm,39.646,19.424357529838666
magnetic_norm,39.666,21.695386714403135
magnetic_norm,39.687,20.14427359635986
magnetic_norm,39.708,18.152730941238566
magnetic_norm,39.726,19.831314049048792
magnetic_norm,39.747,19.147240868399393
magnetic_norm,39.767,19.237993455776515
magnetic_norm,39.786,17.520308483799628
magnetic_norm,39.806,19.503084690921437
magnetic_norm,39.826,20.385087645322994
magnetic_norm,39.846,18.867708747818327
magnetic_norm,39.865,20.28183261875021
magnetic_norm,39.887,20.229764194745325
magnetic_norm,39.906,19.970449932713112
magnetic_norm,39.928,18.944488290595242
magnetic_norm,39.946,19.486546768860844
magnetic_norm,39.966,19.4919665146311
magnetic_norm,39.986,21.09368336896143
magnetic_norm,40.006,19.410019745160078
magnetic_norm,40.026,20.40063764371104
magnetic_norm,40.046,20.108963888338554
magnetic_norm,40.066,20.732956102543604
magnetic_norm,40.1,22.23982387486466
magnetic_norm,40.106,21.66457644693291
magnetic_norm,40.126,21.762159870863
magnetic_norm,40.146,20.644816358652943
magnetic_norm,40.166,23.84393450733333
magnetic_norm,40.186,23.71889277506444
magnetic_norm,40.207,20.56417940266531
magnetic_norm,40.226,20.98744986003543
magnetic_norm,40.246,20.457530355165062
magnetic_norm,40.265,21.569550493143105
magnetic_norm,40.286,20.77551620586117
magnetic_norm,40.31,21.7238151200474
magnetic_norm,40.326,23.624189991431475
magnetic_norm,40.346,26.06380175900093
magnetic_norm,40.366,22.696586604983143
magnetic_norm,40.387,21.00925675687389
magnetic_norm,40.405,20.367749851051393
magnetic_norm,40.426,18.28018266114975
magnetic_norm,40.447,20.978453557608916
magnetic_norm,40.467,22.405159905700316
magnetic_norm,40.486,23.07339700323189
magnetic_norm,40.506,21.36868331226798
magnetic_norm,40.526,20.86015014267645
magnetic_norm,40.546,20.690597489379087
magnetic_norm,40.566,21.970880176781726
magnetic_norm,40.586,19.809390740504874
magnetic_norm,40.606,21.234432737007694
magnetic_norm,40.627,20.127808517819325
magnetic_norm,40.646,22.367658035375563
magnetic_norm,40.666,21.308234600325296
magnetic_norm,40.686,23.43633747116857
magnetic_norm,40.706,22.288545439586226
magnetic_norm,40.73,21.510329164322457
magnetic_norm,40.746,24.529106670851267
magnetic_norm,40.767,21.159422768001022
magnetic_norm,40.787,21.64684140296226
magnetic_norm,40.806,22.122753453571374
magnetic_norm,40.825,21.566323174106433
magnetic_norm,40.846,21.831645657365232
magnetic_norm,40.868,22.41738751376931
magnetic_norm,40.888,21.847130511808665
magnetic_norm,40.906,22.832690898824307
magnetic_norm,40.927,21.372376483734794
magnetic_norm,40.946,22.516564373533992
magnetic_norm,40.966,22.106162657842724
magnetic_norm,40.986,22.19958833131822
magnetic_norm,41.006,19.914106573607565
magnetic_norm,41.026,22.6465481788617
magnetic_norm,41.046,21.896419870038116
magnetic_norm,41.07,23.267601704140027
magnetic_norm,41.086,22.964831298367947
magnetic_norm,41.106,21.861376306113574
magnetic_norm,41.126,22.79319902679306
magnetic_norm,41.145,20.561272886910583
magnetic_norm,41.167,23.133655562621318
magnetic_norm,41.186,21.6589853041411
magnetic_norm,41.211,23.741202317911366
magnetic_norm,41.226,24.05684189451101
magnetic_norm,41.246,20.649845830235634
magnetic_norm,41.274,24.272626369250816
magnetic_norm,41.286,23.027871324223632
magnetic_norm,41.308,22.971887604227263
magnetic_norm,41.326,24.930818804844822
magnetic_norm,41.346,23.231583069605914
magnetic_norm,41.366,25.09426865532499
magnetic_norm,41.385,23.860736145810762
magnetic_norm,41.406,23.955236575812084
magnetic_norm,41.426,23.01202563297069
magnetic_norm,41.446,21.462110598680738
magnetic_norm,41.467,21.905377263642375
magnetic_norm,41.486,22.485346932780473
magnetic_norm,41.506,22.63361895488656
magnetic_norm,41.531,23.18553310528464
magnetic_norm,41.546,24.405903647990588
magnetic_norm,41.566,23.56392403359954
magnetic_norm,41.586,23.58834431636746
magnetic_norm,41.607,22.6746812959962
magnetic_norm,41.626,23.110058615990162
magnetic_norm,41.647,23.572704531963534
magnetic_norm,41.666,24.87086975620274
magnetic_norm,41.689,23.40715785956296
magnetic_norm,41.705,23.717950540677013
magnetic_norm,41.727,23.90649279484551
magnetic_norm,41.746,22.282661245629974
magnetic_norm,41.767,24.121246469658235
magnetic_norm,41.793,21.82542886863862
magnetic_norm,41.805,23.897064427613277
magnetic_norm,41.825,22.885609879627424
magnetic_norm,41.848,23.77979887112696
magnetic_norm,41.866,25.66436892630772
magnetic_norm,41.886,25.41992498021975
magnetic_norm,41.907,25.4127270754735
magnetic_norm,41.926,25.084143880896175
magnetic_norm,41.946,22.444517633238412
magnetic_norm,41.966,22.739067934262483
magnetic_norm,41.986,23.45492554566107
magnetic_norm,42.009,21.488391833586576
magnetic_norm,42.026,23.898778625277085
magnetic_norm,42.046,21.548065941749858
magnetic_norm,42.067,22.672923342888627
magnetic_norm,42.086,19.18720587054692
magnetic_norm,42.105,23.379205103280352
magnetic_norm,42.126,25.30951560628935
magnetic_norm,42.146,21.43056933459772
magnetic_norm,42.166,18.097140249428914
magnetic_norm,42.187,23.198084679828636
magnetic_norm,42.206,21.871190317058673
magnetic_norm,42.226,20.808446655745385
magnetic_norm,42.246,21.877530336626208
magnetic_norm,42.266,21.882768369941225
magnetic_norm,42.287,20.219248556882654
magnetic_norm,42.307,22.607136624139315
magnetic_norm,42.328,20.725579018449665
magnetic_norm,42.346,23.961811352389475
magnetic_norm,42.366,22.49044420081562
magnetic_norm,42.386,23.10819499814949
magnetic_norm,42.406,21.65099773971687
magnetic_norm,42.426,21.614692279818605
magnetic_norm,42.446,22.578161117507445
magnetic_norm,42.467,22.06910046450693
magnetic_norm,42.486,21.30716208813365
magnetic_norm,42.506,20.448593939437597
magnetic_norm,42.526,22.031569146624577
magnetic_norm,42.546,21.032161730460665
magnetic_norm,42.567,21.860869150150506
magnetic_norm,42.586,20.330612687213854
magnetic_norm,42.607,21.48779511943934
magnetic_norm,42.626,22.17127047273115
magnetic_norm,42.646,20.516039451889856
magnetic_norm,42.67,21.372302461784503
magnetic_norm,42.686,22.673789762355565
magnetic_norm,42.707,21.104015573167636
magnetic_norm,42.729,21.929878483760458
magnetic_norm,42.746,23.686564879431145
magnetic_norm,42.767,23.077389135255334
magnetic_norm,42.786,24.4018914173036
magnetic_norm,42.812,22.54125191315915
magnetic_norm,42.826,22.856689045102332
magnetic_norm,42.846,25.326497630150207
magnetic_norm,42.866,24.897601734052724
magnetic_norm,42.887,23.179740818492792
magnetic_norm,42.906,21.1478320724017
magnetic_norm,42.926,21.64632145560767
magnetic_norm,42.946,21.82352746217948
magnetic_norm,42.969,22.745173497085133
magnetic_norm,42.986,24.8176575240544
magnetic_norm,43.006,24.042189158071796
magnetic_norm,43.026,23.394335251829663
magnetic_norm,43.047,22.601000596931563
magnetic_norm,43.066,23.37643795710758
magnetic_norm,43.085,23.807826807152622
magnetic_norm,43.106,22.716436243665093
magnetic_norm,43.126,23.618907586349227
magnetic_norm,43.146,23.399167582149243
magnetic_norm,43.168,23.390060904580864
magnetic_norm,43.187,23.404973854557156
magnetic_norm,43.207,23.190968434015428
magnetic_norm,43.226,22.601000596931563
magnetic_norm,43.246,23.339933359079115
magnetic_norm,43.267,24.107755821778706
magnetic_norm,43.287,24.945436489716933
magnetic_norm,43.306,24.574727400675272
magnetic_norm,43.327,23.934721157504804
magnetic_norm,43.351,24.94444989697109
magnetic_norm,43.366,26.512859397847002
magnetic_norm,43.385,24.478037730943655
magnetic_norm,43.408,25.496035997042757
magnetic_norm,43.428,24.846779608482546
magnetic_norm,43.446,25.588909660241583
magnetic_norm,43.466,24.979222629667643
magnetic_norm,43.487,25.57313872332655
magnetic_norm,43.507,24.440696609446388
magnetic_norm,43.529,25.128260049693054
magnetic_norm,43.546,26.456808136564774
magnetic_norm,43.566,24.791600187966974
magnetic_norm,43.586,25.643372224855685
magnetic_norm,43.606,27.526468795960735
magnetic_norm,43.626,27.135728096920563
magnetic_norm,43.646,28.077365999457644
magnetic_norm,43.666,27.902186154269344
magnetic_norm,43.686,28.24313523916042
magnetic_norm,43.707,28.16323097320336
magnetic_norm,43.727,28.24313523916042
magnetic_norm,43.748,29.383290157502785
magnetic_norm,43.77,28.084133598127984
magnetic_norm,43.785,29.695815282839096
magnetic_norm,43.806,28.868382615761504
magnetic_norm,43.83,29.87762344652767
magnetic_norm,43.846,29.371994885009173
magnetic_norm,43.866,31.985638340316175
magnetic_norm,43.886,33.46179589939101
magnetic_norm,43.906,32.34899060558158
magnetic_norm,43.927,34.31279813804905
magnetic_norm,43.946,32.71942263148148
magnetic_norm,43.966,31.871520471849177
magnetic_norm,43.986,32.625809401454
magnetic_norm,44.006,33.28232791944549
magnetic_norm,44.027,32.32114476082184
magnetic_norm,44.047,32.74036779592589
magnetic_norm,44.066,35.21380850124708
magnetic_norm,44.092,35.23522735984549
magnetic_norm,44.106,33.933217380061414
magnetic_norm,44.127,33.04270319412442
magnetic_norm,44.146,36.336851774403904
magnetic_norm,44.166,36.36889183560589
magnetic_norm,44.186,35.60805251151067
magnetic_norm,44.205,34.68426782617016
magnetic_norm,44.226,36.069121060992174
magnetic_norm,44.251,35.5617377964014
magnetic_norm,44.266,36.297821427910804
magnetic_norm,44.286,36.42926204046
magnetic_norm,44.311,36.21337339505953
magnetic_norm,44.326,37.064792092699044
magnetic_norm,44.346,36.2027542331036
magnetic_norm,44.366,36.2976536023681
magnetic_norm,44.385,37.46995771664959
magnetic_norm,44.406,39.48339842088709
magnetic_norm,44.426,38.19751521008927
magnetic_norm,44.446,37.61354857960101
magnetic_norm,44.467,38.645862325577696
magnetic_norm,44.486,36.43030469849245
magnetic_norm,44.505,38.37238731529485
magnetic_norm,44.525,37.45115455680245
magnetic_norm,44.546,36.56141862913693
magnetic_norm,44.567,38.43370117813278
magnetic_norm,44.586,38.332895330088334
magnetic_norm,44.607,38.327912728845554
magnetic_norm,44.626,38.44938648649036
magnetic_norm,44.645,38.718737441160215
magnetic_norm,44.666,38.66159662135676
magnetic_norm,44.687,41.224804660392316
magnetic_norm,44.706,40.00852087993261
magnetic_norm,44.726,38.111727139097255
magnetic_norm,44.746,40.0644913108853
magnetic_norm,44.768,39.439260384165436
magnetic_norm,44.787,38.2957125741577
magnetic_norm,44.805,39.48596571330761
magnetic_norm,44.826,39.613125329554634
magnetic_norm,44.846,37.78704228502147
magnetic_norm,44.87,37.482498960931785
magnetic_norm,44.886,38.38140664843463
magnetic_norm,44.906,38.05164837428213
magnetic_norm,44.926,38.34465439275733
magnetic_norm,44.946,36.681124871996495
magnetic_norm,44.966,39.37684534428202
magnetic_norm,44.986,38.18940979006811
magnetic_norm,45.006,38.53758435816272
magnetic_norm,45.026,38.18940979006811
magnetic_norm,45.052,39.35166399731407
magnetic_norm,45.065,35.965937245017045
magnetic_norm,45.086,36.570442037935514
magnetic_norm,45.107,35.760405495813444
magnetic_norm,45.126,37.35276255431116
magnetic_norm,45.147,34.82762066377782
magnetic_norm,45.167,36.35389649973926
magnetic_norm,45.186,35.96473508278633
magnetic_norm,45.208,36.134851740667266
magnetic_norm,45.225,35.34699892239796
magnetic_norm,45.247,34.95700594265763
magnetic_norm,45.268,36.004819020531826
magnetic_norm,45.286,36.81849976438481
magnetic_norm,45.306,34.54449283333743
magnetic_norm,45.328,36.41413165757218
magnetic_norm,45.346,34.21313191365641
magnetic_norm,45.366,36.268651409481734
magnetic_norm,45.386,35.11555420088095
magnetic_norm,45.406,33.18960968283228
magnetic_norm,45.426,34.2754428067677
magnetic_norm,45.446,35.88659484281706
magnetic_norm,45.466,32.35215925278416
magnetic_norm,45.486,33.90146907419727
magnetic_norm,45.506,35.65496437471932
magnetic_norm,45.529,35.467591399861085
magnetic_norm,45.546,35.440457111964584
magnetic_norm,45.566,36.19582653262672
magnetic_norm,45.586,34.18336869462254
magnetic_norm,45.606,34.30768578248909
magnetic_norm,45.626,34.15836904590519
magnetic_norm,45.646,36.043650316075095
magnetic_norm,45.667,34.76623381350078
magnetic_norm,45.686,33.17410353178367
magnetic_norm,45.706,35.5564571056721
magnetic_norm,45.726,35.364843876193035
magnetic_norm,45.747,32.7216080413616
magnetic_norm,45.767,33.157747562975416
magnetic_norm,45.785,32.77144445370849
magnetic_norm,45.806,35.68852233299249
magnetic_norm,45.827,34.13860134162646
magnetic_norm,45.848,34.42173270769502
magnetic_norm,45.866,32.28622602016222
magnetic_norm,45.886,32.10564175129513
magnetic_norm,45.906,33.947313843476635
magnetic_norm,45.926,32.35438686368524
magnetic_norm,45.946,33.11556338819409
magnetic_norm,45.967,31.782690252952627
magnetic_norm,45.988,30.767482186384722
magnetic_norm,46.007,31.347680352101076
magnetic_norm,46.026,32.91322221577529
magnetic_norm,46.046,31.3721073523122
magnetic_norm,46.066,32.41771478393412
magnetic_norm,46.087,31.85481530394973
magnetic_norm,46.106,31.105031161895724
magnetic_norm,46.127,32.71374245347817
magnetic_norm,46.147,31.575319547670535
magnetic_norm,46.166,31.57448225525638
magnetic_norm,46.185,32.30269809551521
magnetic_norm,46.206,31.18662424930767
magnetic_norm,46.227,32.111855687386004
magnetic_norm,46.25,31.832234591801832
magnetic_norm,46.266,32.982513159835925
magnetic_norm,46.288,31.338539317348612
magnetic_norm,46.307,32.186854051013604
magnetic_norm,46.326,31.387327755799827
magnetic_norm,46.345,31.561865563801902
magnetic_norm,46.366,33.20188860460352
magnetic_norm,46.387,32.24358078788715
magnetic_norm,46.406,30.888814463451023
magnetic_norm,46.426,32.68247177349046
magnetic_norm,46.447,32.55989330940754
magnetic_norm,46.467,29.533471548312807
magnetic_norm,46.486,32.0422595289409
magnetic_norm,46.506,31.31950689793829
magnetic_norm,46.526,32.38446897185054
magnetic_norm,46.546,31.336508111566197
magnetic_norm,46.567,30.714457355209777
magnetic_norm,46.586,30.355647770431453
magnetic_norm,46.605,30.324390721228845
magnetic_norm,46.626,32.80952214990339
magnetic_norm,46.646,32.27151845462968
magnetic_norm,46.67,30.092325533888225
magnetic_norm,46.687,32.546686835298736
magnetic_norm,46.707,30.66572160776591
magnetic_norm,46.727,30.778375405469358
magnetic_norm,46.746,30.652425220119206
magnetic_norm,46.766,30.48965141474237
magnetic_norm,46.786,29.482781659555126
magnetic_norm,46.806,30.888264153032377
magnetic_norm,46.826,30.09877515813567
magnetic_norm,46.846,28.961189489772412
magnetic_norm,46.866,29.809823527027145
magnetic_norm,46.886,28.480188426562417
magnetic_norm,46.906,27.861101626416445
magnetic_norm,46.926,28.112022511285115
magnetic_norm,46.946,27.599700660740872
magnetic_norm,46.974,27.108123853607076
magnetic_norm,46.986,26.839346268072553
magnetic_norm,47.006,28.14687497773962
magnetic_norm,47.026,29.168409211208317
magnetic_norm,47.046,25.90549156105709
magnetic_norm,47.066,26.180245266908813
magnetic_norm,47.086,25.376953145275362
magnetic_norm,47.106,25.82093536507973
magnetic_norm,47.127,27.023721843733963
magnetic_norm,47.146,25.336190302855318
magnetic_norm,47.166,25.349466063245295
magnetic_norm,47.186,25.60336358048489
magnetic_norm,47.206,25.937567017985707
magnetic_norm,47.227,27.064702458991714
magnetic_norm,47.247,26.903220352078744
magnetic_norm,47.267,27.603293861331153
magnetic_norm,47.286,27.61017015625766
magnetic_norm,47.309,26.305804158160683
magnetic_norm,47.326,27.543930913633314
magnetic_norm,47.346,26.030464151307427
magnetic_norm,47.367,28.103199618326453
magnetic_norm,47.387,24.736830200027693
magnetic_norm,47.406,26.826703355518752
magnetic_norm,47.427,27.31419410384462
magnetic_norm,47.449,26.992676626054596
magnetic_norm,47.465,27.95062198460439
magnetic_norm,47.486,27.587725335056188
magnetic_norm,47.507,28.20458828098721
magnetic_norm,47.527,28.10885963268528
magnetic_norm,47.546,28.699361550389966
magnetic_norm,47.567,29.04609885982973
magnetic_norm,47.586,27.299910551364487
magnetic_norm,47.606,28.051887453208955
magnetic_norm,47.625,30.49846507797568
magnetic_norm,47.646,29.68980771704327
magnetic_norm,47.667,29.910211336389786
magnetic_norm,47.688,31.731373051366752
magnetic_norm,47.706,28.69569123252653
magnetic_norm,47.727,31.56977914913253
magnetic_norm,47.746,31.44168827408926
magnetic_norm,47.772,31.542946898831502
magnetic_norm,47.786,32.88016801622226
magnetic_norm,47.806,34.18661577028364
magnetic_norm,47.831,35.13432316215157
magnetic_norm,47.846,31.95692718977377
magnetic_norm,47.866,32.84660849844322
magnetic_norm,47.886,32.86158538171897
magnetic_norm,47.906,33.25935714069808
magnetic_norm,47.928,33.884841247968126
magnetic_norm,47.946,35.000260909741876
magnetic_norm,47.967,35.00657177088326
magnetic_norm,47.986,34.78906323616664
magnetic_norm,48.006,34.214107054875804
magnetic_norm,48.025,33.51909225855475
magnetic_norm,48.046,36.05778118901662
magnetic_norm,48.066,36.08061816907384
magnetic_norm,48.09,35.14099168883827
magnetic_norm,48.106,36.3251192504925
magnetic_norm,48.127,37.40615331566459
magnetic_norm,48.146,35.07868688017705
magnetic_norm,48.166,36.38893462785083
magnetic_norm,48.186,36.18465429173674
magnetic_norm,48.207,37.0215101763489
magnetic_norm,48.227,38.47738022608218
magnetic_norm,48.248,35.50357966371139
magnetic_norm,48.266,34.48437185052099
magnetic_norm,48.286,37.8824861304667
magnetic_norm,48.306,37.68718916040972
magnetic_norm,48.326,40.49762905097051
magnetic_norm,48.347,40.84770017240873
magnetic_norm,48.366,39.14024801626843
magnetic_norm,48.386,40.29101269064241
magnetic_norm,48.407,41.199013114393956
magnetic_norm,48.426,42.641989799228426
magnetic_norm,48.446,39.55493786305322
magnetic_norm,48.466,40.139962932531475
magnetic_norm,48.487,40.54332502875791
magnetic_norm,48.506,40.820013008480316
magnetic_norm,48.53,40.69833959067008
magnetic_norm,48.547,41.94502819912034
magnetic_norm,48.566,40.65450761308646
magnetic_norm,48.586,41.940263505520576
magnetic_norm,48.606,40.62074448865382
magnetic_norm,48.627,40.665718334673606
magnetic_norm,48.647,43.23849603145905
magnetic_norm,48.667,42.58960594631634
magnetic_norm,48.686,41.32176851249235
magnetic_norm,48.714,42.84829670272789
magnetic_norm,48.726,44.72268607499448
magnetic_norm,48.745,45.63147646197748
magnetic_norm,48.768,42.18000766802918
magnetic_norm,48.789,43.51630763978033
magnetic_norm,48.819,43.39203474616631
magnetic_norm,48.827,44.12206674358087
magnetic_norm,48.846,48.677605072430424
magnetic_norm,48.866,43.0089017854154
magnetic_norm,48.886,42.85999873760499
magnetic_norm,48.906,43.52751602664692
magnetic_norm,48.926,43.517756343675394
magnetic_norm,48.946,44.14175917470336
magnetic_norm,48.97,42.11061520804473
magnetic_norm,48.986,45.814068472331826
magnetic_norm,49.006,40.47812544032276
magnetic_norm,49.026,43.15698283114222
magnetic_norm,49.046,41.78490567746926
magnetic_norm,49.066,42.38141123667911
magnetic_norm,49.086,42.89468298999895
magnetic_norm,49.107,39.294070068364064
magnetic_norm,49.127,40.65076779533206
magnetic_norm,49.145,40.23179685398118
magnetic_norm,49.166,38.76797426001266
magnetic_norm,49.187,38.29940915510322
magnetic_norm,49.207,37.52974091327443
magnetic_norm,49.226,38.42332104393113
magnetic_norm,49.247,37.71493870553816
magnetic_norm,49.267,35.89346541328937
magnetic_norm,49.286,34.44389894262845
magnetic_norm,49.306,34.42469585388527
magnetic_norm,49.326,35.4064248671763
magnetic_norm,49.346,33.337808062018794
magnetic_norm,49.367,35.897451598268084
magnetic_norm,49.386,35.368246194869506
magnetic_norm,49.406,36.09784734094271
magnetic_norm,49.426,36.719896790602505
magnetic_norm,49.446,36.672187505144876
magnetic_norm,49.466,38.009692389737964
magnetic_norm,49.488,39.031747166409374
magnetic_norm,49.506,39.524245043074565
magnetic_norm,49.526,42.27429875275876
magnetic_norm,49.546,41.8107606979053
magnetic_norm,49.566,43.63303929120112
magnetic_norm,49.586,44.9962743632737
magnetic_norm,49.606,47.254110684283326
magnetic_norm,49.626,48.01198969671539
magnetic_norm,49.646,48.797058967856906
magnetic_norm,49.667,50.15934129651227
magnetic_norm,49.686,52.268937082051906
magnetic_norm,49.706,52.48186293854287
magnetic_norm,49.726,53.87852221664956
magnetic_norm,49.746,52.70809543692036
magnetic_norm,49.771,54.57827779815429
magnetic_norm,49.786,53.185772225168456
magnetic_norm,49.806,54.42983407700233
magnetic_norm,49.826,55.29210958909508
magnetic_norm,49.846,55.74219263616667
magnetic_norm,49.868,55.85341319885925
magnetic_norm,49.886,55.804118073512434
magnetic_norm,49.906,57.272453483164625
magnetic_norm,49.927,53.79552168745104
magnetic_norm,49.946,55.119295731293285
magnetic_norm,49.969,57.567261626509705
magnetic_norm,49.986,59.03580862281812
magnetic_norm,50.006,56.15112337573947
magnetic_norm,50.026,56.57742405456442
magnetic_norm,50.047,56.44136512153565
magnetic_norm,50.068,58.4981109214222
magnetic_norm,50.086,56.61367114586819
magnetic_norm,50.106,58.485233502227004
magnetic_norm,50.127,56.67486312024718
magnetic_norm,50.146,56.05144017262179
magnetic_norm,50.166,58.665226404255016
magnetic_norm,50.186,56.45953476236321
magnetic_norm,50.206,57.65745425575518
magnetic_norm,50.227,56.41608381038173
magnetic_norm,50.246,56.4259880634581
magnetic_norm,50.265,56.4259880634581
magnetic_norm,50.286,55.26067805471287
magnetic_norm,50.306,55.86357895019796
magnetic_norm,50.327,54.232190381739755
magnetic_norm,50.346,56.99411144918837
magnetic_norm,50.366,55.16134344729107
magnetic_norm,50.393,56.090454984114814
magnetic_norm,50.406,53.148663323043785
magnetic_norm,50.426,55.3774161105636
magnetic_norm,50.446,54.14985096343757
magnetic_norm,50.466,53.98304447486267
magnetic_norm,50.487,53.905976651481005
magnetic_norm,50.506,55.037161164298844
magnetic_norm,50.527,53.97527717024141
magnetic_norm,50.546,54.49727315036052
magnetic_norm,50.568,56.13482492123322
magnetic_norm,50.585,54.97750353123548
magnetic_norm,50.607,54.29767916183206
magnetic_norm,50.626,54.42636367147818
pressure,0.072,999.0692
pressure,0.232,999.06024
pressure,0.392,999.05133
pressure,0.552,999.05133
pressure,0.712,999.0507
pressure,0.883,999.0524
pressure,1.033,999.0562
pressure,1.192,999.0579
pressure,1.352,999.06433
pressure,1.514,999.07385
pressure,1.674,999.07684
pressure,1.832,999.0783
pressure,1.992,999.0783
pressure,2.155,999.0641
pressure,2.312,999.0545
pressure,2.472,999.056
pressure,2.632,999.06024
pressure,2.802,999.0588
pressure,2.952,999.0688
pressure,3.113,999.07513
pressure,3.272,999.06964
pressure,3.432,999.0626
pressure,3.593,999.06323
pressure,3.752,999.0635
pressure,3.912,999.0586
pressure,4.072,999.0592
pressure,4.232,999.0641
pressure,4.392,999.0622
pressure,4.552,999.0664
pressure,4.712,999.076
pressure,4.872,999.07495
pressure,5.032,999.06683
pressure,5.192,999.07025
pressure,5.352,999.0734
pressure,5.512,999.06537
pressure,5.675,999.0624
pressure,5.832,999.06555
pressure,5.992,999.0639
pressure,6.154,999.0645
pressure,6.313,999.07043
pressure,6.482,999.07025
pressure,6.632,999.06433
pressure,6.792,999.0626
pressure,6.952,999.0635
pressure,7.112,999.0605
pressure,7.272,999.05493
pressure,7.432,999.0528
pressure,7.592,999.0526
pressure,7.764,999.0528
pressure,7.915,999.05115
pressure,8.08,999.05115
pressure,8.232,999.05493
pressure,8.392,999.0671
pressure,8.552,999.0658
pressure,8.712,999.0615
pressure,8.872,999.0598
pressure,9.032,999.0598
pressure,9.192,999.0628
pressure,9.352,999.06854
pressure,9.512,999.07983
pressure,9.672,999.08276
pressure,9.832,999.077
pressure,9.992,999.077
pressure,10.152,999.06793
pressure,10.315,999.05536
pressure,10.472,999.05493
pressure,10.643,999.05005
pressure,10.792,999.0337
pressure,10.959,999.0526
pressure,11.112,999.077
pressure,11.272,999.0898
pressure,11.432,999.09595
pressure,11.592,999.0991
pressure,11.753,999.0783
pressure,11.912,999.06494
pressure,12.072,999.0651
pressure,12.234,999.0628
pressure,12.392,999.05304
pressure,12.552,999.06726
pressure,12.712,999.0796
pressure,12.872,999.0813
pressure,13.033,999.0892
pressure,13.192,999.1055
pressure,13.352,999.093
pressure,13.512,999.08276
pressure,13.673,999.0794
pressure,13.832,999.0783
pressure,13.992,999.0819
pressure,14.152,999.077
pressure,14.312,999.06555
pressure,14.472,999.05707
pressure,14.632,999.05365
pressure,14.792,999.0598
pressure,14.952,999.0639
pressure,15.112,999.05347
pressure,15.272,999.0505
pressure,15.432,999.0611
pressure,15.592,999.0664
pressure,15.752,999.0615
pressure,15.912,999.06323
pressure,16.072,999.0645
pressure,16.233,999.06134
pressure,16.392,999.056
pressure,16.552,999.0586
pressure,16.712,999.06134
pressure,16.872,999.0592
pressure,17.032,999.05475
pressure,17.192,999.05347
pressure,17.353,999.06494
pressure,17.512,999.08514
pressure,17.672,999.08685
pressure,17.832,999.07684
pressure,17.992,999.08514
pressure,18.152,999.0766
pressure,18.312,999.0635
pressure,18.472,999.07025
pressure,18.632,999.076
pressure,18.792,999.0532
pressure,18.952,999.06177
pressure,19.112,999.0813
pressure,19.272,999.079
pressure,19.432,999.0641
pressure,19.592,999.0639
pressure,19.752,999.06366
pressure,19.913,999.0522
pressure,20.082,999.0454
pressure,20.232,999.05347
pressure,20.392,999.06494
pressure,20.552,999.0647
pressure,20.712,999.06494
pressure,20.872,999.06433
pressure,21.032,999.0677
pressure,21.192,999.08685
pressure,21.352,999.09
pressure,21.512,999.07007
pressure,21.672,999.06323
pressure,21.833,999.0664
pressure,21.992,999.0594
pressure,22.152,999.0747
pressure,22.312,999.1017
pressure,22.472,999.0991
pressure,22.636,999.0832
pressure,22.802,999.09174
pressure,22.952,999.0881
pressure,23.112,999.07385
pressure,23.272,999.07684
pressure,23.432,999.0926
pressure,23.592,999.08765
pressure,23.752,999.07214
pressure,23.912,999.07495
pressure,24.072,999.08026
pressure,24.244,999.0754
pressure,24.397,999.0651
pressure,24.552,999.06537
pressure,24.712,999.07196
pressure,24.872,999.0747
pressure,25.032,999.07086
pressure,25.192,999.06964
pressure,25.352,999.0819
pressure,25.512,999.0883
pressure,25.683,999.07874
pressure,25.834,999.073
pressure,25.992,999.08514
pressure,26.152,999.0964
pressure,26.312,999.0777
pressure,26.472,999.0562
pressure,26.637,999.05365
pressure,26.792,999.05475
pressure,26.952,999.0545
pressure,27.112,999.0558
pressure,27.272,999.0558
pressure,27.432,999.0562
pressure,27.592,999.0569
pressure,27.752,999.06323
pressure,27.912,999.0847
pressure,28.072,999.0936
pressure,28.232,999.0743
pressure,28.392,999.06793
pressure,28.553,999.0817
pressure,28.712,999.0658
pressure,28.872,999.0635
pressure,29.032,999.08514
pressure,29.192,999.08344
pressure,29.352,999.07495
pressure,29.512,999.1021
pressure,29.672,999.1098
pressure,29.832,999.07874
pressure,29.994,999.0641
pressure,30.152,999.0919
pressure,30.312,999.09
pressure,30.472,999.07324
pressure,30.644,999.0754
pressure,30.792,999.0847
pressure,30.952,999.076
pressure,31.112,999.07745
pressure,31.272,999.0777
pressure,31.432,999.0728
pressure,31.592,999.07086
pressure,31.753,999.0717
pressure,31.912,999.079
pressure,32.085,999.0819
pressure,32.232,999.07043
pressure,32.393,999.06195
pressure,32.552,999.0889
pressure,32.712,999.0981
pressure,32.872,999.08575
pressure,33.032,999.0819
pressure,33.192,999.0807
pressure,33.352,999.07025
pressure,33.512,999.0639
pressure,33.672,999.0605
pressure,33.833,999.0622
pressure,33.992,999.0681
pressure,34.152,999.0713
pressure,34.312,999.08276
pressure,34.472,999.08875
pressure,34.632,999.07153
pressure,34.792,999.0579
pressure,34.963,999.08405
pressure,35.112,999.09064
pressure,35.272,999.0794
pressure,35.432,999.0892
pressure,35.602,999.10406
pressure,35.752,999.07324
pressure,35.912,999.0671
pressure,36.072,999.0836
pressure,36.232,999.0826
pressure,36.393,999.066
pressure,36.552,999.0811
pressure,36.712,999.09406
pressure,36.872,999.0853
pressure,37.032,999.0762
pressure,37.205,999.07214
pressure,37.352,999.07086
pressure,37.512,999.0779
pressure,37.672,999.08234
pressure,37.832,999.07983
pressure,37.992,999.0781
pressure,38.152,999.0883
pressure,38.312,999.11
pressure,38.472,999.1032
pressure,38.632,999.08
pressure,38.792,999.08704
pressure,38.953,999.0845
pressure,39.124,999.0615
pressure,39.277,999.06366
pressure,39.432,999.09467
pressure,39.592,999.1081
pressure,39.752,999.0889
pressure,39.912,999.086
pressure,40.072,999.0826
pressure,40.238,999.0811
pressure,40.392,999.08276
pressure,40.552,999.08405
pressure,40.712,999.0898
pressure,40.879,999.1021
pressure,41.032,999.10126
pressure,41.192,999.0711
pressure,41.359,999.08154
pressure,41.512,999.08746
pressure,41.672,999.0745
pressure,41.832,999.07513
pressure,41.992,999.0938
pressure,42.152,999.0796
pressure,42.312,999.0611
pressure,42.472,999.06024
pressure,42.632,999.0598
pressure,42.792,999.05005
pressure,42.952,999.07983
pressure,43.112,999.1028
pressure,43.272,999.09467
pressure,43.432,999.09467
pressure,43.592,999.10596
pressure,43.752,999.0896
pressure,43.912,999.1008
pressure,44.073,999.1068
pressure,44.232,999.08154
pressure,44.392,999.0711
pressure,44.552,999.07684
pressure,44.712,999.0524
pressure,44.872,999.0479
pressure,45.032,999.0645
pressure,45.192,999.0645
pressure,45.352,999.0717
pressure,45.513,999.0864
pressure,45.672,999.0813
pressure,45.839,999.07983
pressure,45.992,999.0991
pressure,46.152,999.0915
pressure,46.321,999.08514
pressure,46.479,999.0934
pressure,46.632,999.08685
pressure,46.792,999.073
pressure,46.952,999.0881
pressure,47.112,999.08704
pressure,47.278,999.08575
pressure,47.432,999.09766
pressure,47.592,999.0915
pressure,47.752,999.08044
pressure,47.912,999.0843
pressure,48.072,999.08514
pressure,48.232,999.07684
pressure,48.392,999.0811
pressure,48.552,999.08704
pressure,48.715,999.0779
pressure,48.876,999.0779
pressure,49.032,999.0807
pressure,49.192,999.07556
pressure,49.356,999.05774
pressure,49.514,999.0456
pressure,49.673,999.05646
pressure,49.837,999.0692
pressure,49.996,999.0781
pressure,50.158,999.086
pressure,50.312,999.07385
pressure,50.472,999.05005
pressure,50.632,999.04877
device_yaw,0.002,106.07394567203043
device_yaw,0.052,106.10402337991722
device_yaw,0.102,106.11780506465267
device_yaw,0.152,106.1258570306615
device_yaw,0.202,106.13756727766656
device_yaw,0.252,106.11874786382342
device_yaw,0.302,106.10243808398663
device_yaw,0.352,106.06577389389672
device_yaw,0.402,106.02425632803721
device_yaw,0.452,105.96861932193802
device_yaw,0.502,105.88881187375465
device_yaw,0.552,105.78447779528534
device_yaw,0.602,105.65399229478083
device_yaw,0.652,105.46426321766093
device_yaw,0.702,105.2356127236023
device_yaw,0.752,104.9499205220177
device_yaw,0.802,104.63899777187272
device_yaw,0.852,104.27665564984387
device_yaw,0.902,103.89772827351025
device_yaw,0.952,103.50815663880313
device_yaw,1.002,103.07992455348955
device_yaw,1.052,102.60769279843943
device_yaw,1.102,102.05773182949861
device_yaw,1.152,101.44028072677503
device_yaw,1.202,100.81847824903792
device_yaw,1.252,100.14307032295716
device_yaw,1.302,99.39942170932382
device_yaw,1.352,98.5254462047727
device_yaw,1.402,97.52320378699942
device_yaw,1.452,96.32317204341024
device_yaw,1.502,94.90185415254642
device_yaw,1.552,93.23388834225335
device_yaw,1.602,91.28144874585472
device_yaw,1.652,89.14694510815572
device_yaw,1.702,86.84100267832031
device_yaw,1.752,84.37257981634943
device_yaw,1.802,81.70165013097173
device_yaw,1.852,78.86529874637675
device_yaw,1.902,75.9519143050665
device_yaw,1.952,72.99662181494806
device_yaw,2.002,70.06054896904433
device_yaw,2.052,67.1105234207985
device_yaw,2.102,64.22237984281288
device_yaw,2.152,61.53959385127218
device_yaw,2.202,59.01180745720762
device_yaw,2.252,56.57544818604578
device_yaw,2.302,54.2104778200811
device_yaw,2.352,51.9870318575269
device_yaw,2.402,49.901190780126065
device_yaw,2.452,47.97472162106033
device_yaw,2.502,46.169566057455796
device_yaw,2.552,44.454129149019145
device_yaw,2.602,42.867638233420216
device_yaw,2.652,41.369831372270546
device_yaw,2.702,39.884061809641416
device_yaw,2.752,38.34159656838502
device_yaw,2.802,36.79700783122487
device_yaw,2.852,35.34417838108115
device_yaw,2.902,33.984143672174305
device_yaw,2.952,32.658971660543656
device_yaw,3.002,31.306457056886984
device_yaw,3.052,29.97758338705762
device_yaw,3.102,28.717285717024893
device_yaw,3.152,27.549309392842282
device_yaw,3.202,26.500607281554075
device_yaw,3.252,25.568953576321988
device_yaw,3.302,24.862849180461755
device_yaw,3.352,24.403008657323927
device_yaw,3.402,24.078118963432882
device_yaw,3.452,23.869717672716106
device_yaw,3.502,23.800868482909934
device_yaw,3.552,23.869181939687145
device_yaw,3.602,24.042022350815945
device_yaw,3.652,24.276352932797053
device_yaw,3.702,24.550131398288976
device_yaw,3.752,24.802383720092486
device_yaw,3.802,25.88849193094131
device_yaw,3.852,27.43943956120695
device_yaw,3.902,28.869160724700222
device_yaw,3.952,30.203741721903647
device_yaw,4.002,31.442628135191832
device_yaw,4.052,32.57917008042164
device_yaw,4.102,33.643108508289764
device_yaw,4.152,34.66991600221117
device_yaw,4.202,35.675263674770626
device_yaw,4.252,36.66113638003364
device_yaw,4.302,37.700693325281655
device_yaw,4.352,37.97215792930029
device_yaw,4.402,37.762027694280974
device_yaw,4.452,37.71340771310889
device_yaw,4.502,37.76913668309422
device_yaw,4.552,37.94724518649065
device_yaw,4.602,38.30690853866597
device_yaw,4.652,38.76086728875527
device_yaw,4.702,39.26680684442562
device_yaw,4.752,39.81713269853737
device_yaw,4.802,40.38331019184243
device_yaw,4.852,40.90146907650174
device_yaw,4.902,41.294879975937
device_yaw,4.952,41.61705217731474
device_yaw,5.002,41.780052407805215
device_yaw,5.052,41.799626484992096
device_yaw,5.102,41.687869636310964
device_yaw,5.152,41.41763102166917
device_yaw,5.202,41.06755035024567
device_yaw,5.252,40.67322380779769
device_yaw,5.302,40.25299145949611
device_yaw,5.352,39.8640889641281
device_yaw,5.402,39.58900086654088
device_yaw,5.452,39.41950510129811
device_yaw,5.502,39.38459951645946
device_yaw,5.552,39.460334825710916
device_yaw,5.602,39.69015609653475
device_yaw,5.652,40.07192297035189
device_yaw,5.702,40.55990184841436
device_yaw,5.752,41.14281655736584
device_yaw,5.802,41.76442968105828
device_yaw,5.852,42.385064531202836
device_yaw,5.902,42.94207415460556
device_yaw,5.952,43.40617158105498
device_yaw,6.002,43.789316320345854
device_yaw,6.052,44.06736120969067
device_yaw,6.102,44.225695933876636
device_yaw,6.152,44.26407787790988
device_yaw,6.202,44.160704517687165
device_yaw,6.252,43.942651839785
device_yaw,6.302,43.635210477162865
device_yaw,6.352,43.25621268755605
device_yaw,6.402,42.84647296888541
device_yaw,6.452,42.43562606976644
device_yaw,6.502,42.05082375047227
device_yaw,6.552,41.646462691638106
device_yaw,6.602,41.27451620499269
device_yaw,6.652,40.95344736637781
device_yaw,6.702,40.56887526550926
device_yaw,6.752,40.17830126945003
device_yaw,6.802,39.81319907206741
device_yaw,6.852,39.44449591790547
device_yaw,6.902,39.096203062500166
device_yaw,6.952,38.74339406481102
device_yaw,7.002,38.36238898932283
device_yaw,7.052,37.933834573757785
device_yaw,7.102,37.53086616027868
device_yaw,7.152,37.04715849851519
device_yaw,7.202,36.56217150623865
device_yaw,7.252,36.20592882094825
device_yaw,7.302,35.91044634747738
device_yaw,7.352,36.54091965055938
device_yaw,7.402,37.53904167939583
device_yaw,7.452,39.27090848447181
device_yaw,7.502,41.28939833849314
device_yaw,7.552,43.412244629580044
device_yaw,7.602,46.13885279836337
device_yaw,7.652,49.52751642656685
device_yaw,7.702,53.099489041306924
device_yaw,7.752,56.96557876539161
device_yaw,7.802,60.89723644121313
device_yaw,7.852,64.90659571363072
device_yaw,7.902,68.16428167081813
device_yaw,7.952,71.19644186769466
device_yaw,8.002,73.53934340418749
device_yaw,8.052,75.66386908487776
device_yaw,8.102,77.77023295122096
device_yaw,8.152,79.29654324658435
device_yaw,8.202,80.19659405813094
device_yaw,8.252,80.99223824336319
device_yaw,8.302,81.49659032959224
device_yaw,8.352,81.88160478733231
device_yaw,8.402,82.16827790512338
device_yaw,8.452,82.33650432670056
device_yaw,8.502,82.42145309204005
device_yaw,8.552,82.51719872193645
device_yaw,8.602,82.62336547556286
device_yaw,8.652,82.74445707304982
device_yaw,8.702,82.89746348923221
device_yaw,8.752,83.05454468295645
device_yaw,8.802,83.18416693140932
device_yaw,8.852,83.29164650309377
device_yaw,8.902,83.40392330022452
device_yaw,8.952,83.47665558011161
device_yaw,9.002,83.48905998119345
device_yaw,9.052,83.46388613715565
device_yaw,9.102,83.35472447034535
device_yaw,9.152,83.17846534471255
device_yaw,9.202,82.9255134916951
device_yaw,9.252,82.6451324333147
device_yaw,9.302,82.40203389506222
device_yaw,9.352,82.15888044757047
device_yaw,9.402,81.89451259330525
device_yaw,9.452,81.63505690332494
device_yaw,9.502,81.44659786597964
device_yaw,9.552,81.31734404775786
device_yaw,9.602,81.22756412752227
device_yaw,9.652,81.18423441543676
device_yaw,9.702,81.2010328729477
device_yaw,9.752,81.26675122459368
device_yaw,9.802,81.36294233913728
device_yaw,9.852,81.49427984538065
device_yaw,9.902,81.68540283708003
device_yaw,9.952,81.9400326308408
device_yaw,10.002,82.25007981100715
device_yaw,10.052,82.59068734932265
device_yaw,10.102,82.86735410836559
device_yaw,10.152,83.07825113257368
device_yaw,10.202,83.29222333177032
device_yaw,10.252,83.43036356441846
device_yaw,10.302,83.52279204107116
device_yaw,10.352,83.54255613579731
device_yaw,10.402,83.42202564449917
device_yaw,10.452,83.19392897113529
device_yaw,10.502,82.95650273543315
device_yaw,10.552,82.63223128509951
device_yaw,10.602,82.24189265341968
device_yaw,10.652,81.93155046981146
device_yaw,10.702,81.75889069863534
device_yaw,10.752,81.64738331100287
device_yaw,10.802,81.65415780825518
device_yaw,10.852,81.75216331053998
device_yaw,10.902,81.92323573443305
device_yaw,10.952,81.99676528098813
device_yaw,11.002,82.06622742794333
device_yaw,11.052,82.02302587668818
device_yaw,11.102,81.93413578764623
device_yaw,11.152,81.74319445164801
device_yaw,11.202,81.59138404557197
device_yaw,11.252,81.38070519251875
device_yaw,11.302,81.16537198569223
device_yaw,11.352,80.86183943278438
device_yaw,11.402,80.49875179637802
device_yaw,11.452,80.13346108536899
device_yaw,11.502,79.94608911042265
device_yaw,11.552,79.84545901914257
device_yaw,11.602,79.95382585106573
device_yaw,11.652,80.17853947721883
device_yaw,11.702,80.67654280695783
device_yaw,11.752,81.09047605482978
device_yaw,11.802,81.53014879262932
device_yaw,11.852,81.94539608217677
device_yaw,11.902,82.38256569121872
device_yaw,11.952,82.79854176456121
device_yaw,12.002,83.1516292883248
device_yaw,12.052,83.43828705756734
device_yaw,12.102,83.60295340214992
device_yaw,12.152,83.56925207284776
device_yaw,12.202,83.43302903452077
device_yaw,12.252,83.14475186824068
device_yaw,12.302,82.79152380404793
device_yaw,12.352,82.3362957094639
device_yaw,12.402,81.80898237795337
device_yaw,12.452,81.18141771314032
device_yaw,12.502,80.57445091130766
device_yaw,12.552,80.05994273679917
device_yaw,12.602,79.65889205003768
device_yaw,12.652,79.45947292876541
device_yaw,12.702,79.40808910152393
device_yaw,12.752,79.54776338160491
device_yaw,12.802,79.8242309629927
device_yaw,12.852,80.21957301310171
device_yaw,12.902,80.70895777199271
device_yaw,12.952,81.2725787063498
device_yaw,13.002,81.93828077061116
device_yaw,13.052,82.61048659040557
device_yaw,13.102,83.24750054397147
device_yaw,13.152,83.82096997463391
device_yaw,13.202,84.25931411885435
device_yaw,13.252,84.59194477709485
device_yaw,13.302,84.74832699609482
device_yaw,13.352,84.73229540514022
device_yaw,13.402,84.67519830752784
device_yaw,13.452,84.56208431519967
device_yaw,13.502,84.40349692019399
device_yaw,13.552,84.19140640515923
device_yaw,13.602,83.94991966057317
device_yaw,13.652,83.68441997540096
device_yaw,13.702,83.41572746099894
device_yaw,13.752,83.16639096831959
device_yaw,13.802,82.92653638052809
device_yaw,13.852,82.72166296912442
device_yaw,13.902,82.52290663520938
device_yaw,13.952,82.26244560482581
device_yaw,14.002,81.97215432888821
device_yaw,14.052,81.62972514819376
device_yaw,14.102,81.26965522854279
device_yaw,14.152,80.89689895336588
device_yaw,14.202,80.53246158773328
device_yaw,14.252,80.15200914416114
device_yaw,14.302,79.74855581984816
device_yaw,14.352,79.35879756404144
device_yaw,14.402,79.00346061765549
device_yaw,14.452,78.700869174571
device_yaw,14.502,78.53378100040786
device_yaw,14.552,78.44725325532364
device_yaw,14.602,78.46910837259033
device_yaw,14.652,78.5623229887327
device_yaw,14.702,78.69038452384532
device_yaw,14.752,78.83030637066287
device_yaw,14.802,78.97853548633975
device_yaw,14.852,79.12195199627503
device_yaw,14.902,79.23657784359006
device_yaw,14.952,79.29057187517279
device_yaw,15.002,79.29016430568147
device_yaw,15.052,79.17260963723874
device_yaw,15.102,78.9566176506915
device_yaw,15.152,78.62271292739423
device_yaw,15.202,78.21005319254897
device_yaw,15.252,77.80105125058918
device_yaw,15.302,77.35592399292048
device_yaw,15.352,76.88220697038638
device_yaw,15.402,76.39153521929485
device_yaw,15.452,75.96878976788845
device_yaw,15.502,75.61753602105483
device_yaw,15.552,75.31757379107306
device_yaw,15.602,75.08620107309106
device_yaw,15.652,75.05047972849214
device_yaw,15.702,75.13938915555735
device_yaw,15.752,75.26123253052636
device_yaw,15.802,75.40239219780106
device_yaw,15.852,75.60029055023239
device_yaw,15.902,75.83863352158549
device_yaw,15.952,76.11134080346041
device_yaw,16.002,76.33374182636778
device_yaw,16.052,76.52321972274966
device_yaw,16.102,76.6738329356214
device_yaw,16.152,76.79840967677659
device_yaw,16.202,76.7678318938281
device_yaw,16.252,76.66510502896737
device_yaw,16.302,76.56783126250895
device_yaw,16.352,76.42691697834081
device_yaw,16.402,76.2417321703709
device_yaw,16.452,76.03754940706544
device_yaw,16.502,75.85357176390413
device_yaw,16.552,75.70998889871827
device_yaw,16.602,75.58793688516472
device_yaw,16.652,75.47014325234115
device_yaw,16.702,75.3350093803417
device_yaw,16.752,75.23174251015725
device_yaw,16.802,75.18797411592612
device_yaw,16.852,75.18821367805945
device_yaw,16.902,75.21579331312664
device_yaw,16.952,75.27335628860601
device_yaw,17.002,75.3622934424028
device_yaw,17.052,75.43949858994553
device_yaw,17.102,75.47081368283828
device_yaw,17.152,75.47025521833552
device_yaw,17.202,75.41457632190826
device_yaw,17.252,75.31000378526814
device_yaw,17.302,75.17718466667692
device_yaw,17.352,75.01576597516457
device_yaw,17.402,74.84190422264625
device_yaw,17.452,74.67683475011184
device_yaw,17.502,74.49871803157639
device_yaw,17.552,74.33413856241356
device_yaw,17.602,74.17961935168054
device_yaw,17.652,74.09227947804914
device_yaw,17.702,74.15294319312278
device_yaw,17.752,74.27662816827936
device_yaw,17.802,74.49039094664607
device_yaw,17.852,74.75905700431572
device_yaw,17.902,75.07522202568585
device_yaw,17.952,75.40552333567301
device_yaw,18.002,75.72858903441835
device_yaw,18.052,76.05536539291724
device_yaw,18.102,76.32838377361486
device_yaw,18.152,76.56599524219881
device_yaw,18.202,76.83544485853439
device_yaw,18.252,76.91000180387095
device_yaw,18.302,76.93270204970646
device_yaw,18.352,76.90643546739683
device_yaw,18.402,76.79885493301579
device_yaw,18.452,76.60569130032293
device_yaw,18.502,76.34569686442772
device_yaw,18.552,76.06993671643868
device_yaw,18.602,75.83393493512122
device_yaw,18.652,75.6871232131363
device_yaw,18.702,75.63253002998194
device_yaw,18.752,75.6380262110395
device_yaw,18.802,75.80852517619245
device_yaw,18.852,76.09505940823021
device_yaw,18.902,76.45201899396179
device_yaw,18.952,76.82899583719308
device_yaw,19.002,77.192129215639
device_yaw,19.052,77.5148811446033
device_yaw,19.102,77.73185075468047
device_yaw,19.152,77.80050224627212
device_yaw,19.202,77.71835302033405
device_yaw,19.252,77.53579602921667
device_yaw,19.302,77.09249497323495
device_yaw,19.352,76.5411248723775
device_yaw,19.402,75.93741908916856
device_yaw,19.452,75.31531464702603
device_yaw,19.502,74.76873094731175
device_yaw,19.552,74.23623753552414
device_yaw,19.602,73.7553341150659
device_yaw,19.652,73.39111109491326
device_yaw,19.702,73.1666053786515
device_yaw,19.752,73.04952292986529
device_yaw,19.802,73.00886710644924
device_yaw,19.852,73.17933470599252
device_yaw,19.902,73.34673855902334
device_yaw,19.952,73.48114380604115
device_yaw,20.002,73.58355181805081
device_yaw,20.052,73.64854971973399
device_yaw,20.102,73.75390102452421
device_yaw,20.152,73.84842617918271
device_yaw,20.202,73.90192720504264
device_yaw,20.252,73.89591919788133
device_yaw,20.302,73.8522511540785
device_yaw,20.352,73.76588656430627
device_yaw,20.402,73.58083068959512
device_yaw,20.452,73.377408377819
device_yaw,20.502,73.16066376846878
device_yaw,20.552,72.90888542908341
device_yaw,20.602,72.61147158387287
device_yaw,20.652,72.24769052193146
device_yaw,20.702,71.90027495867005
device_yaw,20.752,71.6014914787449
device_yaw,20.802,71.3419628762424
device_yaw,20.852,71.0896820431807
device_yaw,20.902,70.82588701691371
device_yaw,20.952,70.56321679726712
device_yaw,21.002,70.28890508626078
device_yaw,21.052,69.99948666414194
device_yaw,21.102,69.6954717109784
device_yaw,21.152,69.37162850930623
device_yaw,21.202,69.06924249190598
device_yaw,21.252,68.77735906246947
device_yaw,21.302,68.49586603684494
device_yaw,21.352,68.26816044512098
device_yaw,21.402,68.16791001904652
device_yaw,21.452,68.21895718780796
device_yaw,21.502,68.35198524215002
device_yaw,21.552,68.58773867465582
device_yaw,21.602,68.93740241171204
device_yaw,21.652,69.34567496742484
device_yaw,21.702,69.77686538841535
device_yaw,21.752,70.23878821571671
device_yaw,21.802,70.72949046534092
device_yaw,21.852,71.17864811751383
device_yaw,21.902,71.4652763618036
device_yaw,21.952,71.60004835159573
device_yaw,22.002,71.52972219457098
device_yaw,22.052,71.32979820672901
device_yaw,22.102,71.04080173144897
device_yaw,22.152,70.61491637325001
device_yaw,22.202,70.14672393646194
device_yaw,22.252,69.70366781962146
device_yaw,22.302,69.29951331726073
device_yaw,22.352,68.92865997675104
device_yaw,22.402,68.6050289599685
device_yaw,22.452,68.40017310991426
device_yaw,22.502,68.34543361264406
device_yaw,22.552,68.44488664336855
device_yaw,22.602,68.68051584728697
device_yaw,22.652,68.98180537845829
device_yaw,22.702,69.38094120495843
device_yaw,22.752,69.82094049713555
device_yaw,22.802,70.26283149507225
device_yaw,22.852,70.6794103633897
device_yaw,22.902,71.01880160043248
device_yaw,22.952,71.2908314343539
device_yaw,23.002,71.46216956712482
device_yaw,23.052,71.61424206604698
device_yaw,23.102,71.67033741400544
device_yaw,23.152,71.63198919948577
device_yaw,23.202,71.53157563895942
device_yaw,23.252,71.30525312136264
device_yaw,23.302,70.99479425477438
device_yaw,23.352,70.62301985685563
device_yaw,23.402,70.216188807964
device_yaw,23.452,69.82819949239803
device_yaw,23.502,69.48815802169584
device_yaw,23.552,69.22987896850918
device_yaw,23.602,68.98470317084424
device_yaw,23.652,68.7736376444347
device_yaw,23.702,68.63178353541156
device_yaw,23.752,68.5574384241106
device_yaw,23.802,68.56522370618303
device_yaw,23.852,68.6609353453105
device_yaw,23.902,68.84562521914414
device_yaw,23.952,69.12354691910132
device_yaw,24.002,69.4361763356826
device_yaw,24.052,69.70295870004757
device_yaw,24.102,69.97278130534698
device_yaw,24.152,70.14397358651865
device_yaw,24.202,70.31157846210499
device_yaw,24.252,70.43961089357859
device_yaw,24.302,70.56050179516328
device_yaw,24.352,70.73730524701345
device_yaw,24.402,70.92456728064737
device_yaw,24.452,71.06640054142937
device_yaw,24.502,71.10802577606567
device_yaw,24.552,71.08487324578242
device_yaw,24.602,71.09255865775107
device_yaw,24.652,71.07394880889157
device_yaw,24.702,71.02105071514455
device_yaw,24.752,70.94459004315033
device_yaw,24.802,70.87512179184203
device_yaw,24.852,70.77295249228219
device_yaw,24.902,70.63858572478199
device_yaw,24.952,70.50671722076252
device_yaw,25.002,70.37986279789914
device_yaw,25.052,70.26344099639459
device_yaw,25.102,70.22612886421926
device_yaw,25.152,70.25301413184458
device_yaw,25.202,70.31633380635154
device_yaw,25.252,70.43397505360893
device_yaw,25.302,70.55024689231995
device_yaw,25.352,70.58720745336335
device_yaw,25.402,70.55822721961812
device_yaw,25.452,70.47584123207074
device_yaw,25.502,70.30296923167545
device_yaw,25.552,70.0350715912493
device_yaw,25.602,69.64684544275818
device_yaw,25.652,69.08450387995752
device_yaw,25.702,68.25967891114365
device_yaw,25.752,67.28611894041363
device_yaw,25.802,66.41121072293491
device_yaw,25.852,65.58978237957247
device_yaw,25.902,64.91913089462768
device_yaw,25.952,64.29855971474889
device_yaw,26.002,63.70006669416366
device_yaw,26.052,63.125646786900056
device_yaw,26.102,62.63130556806318
device_yaw,26.152,62.29886458008168
device_yaw,26.202,62.13975129581292
device_yaw,26.252,62.235403292904046
device_yaw,26.302,62.52175692813048
device_yaw,26.352,62.75694200964681
device_yaw,26.402,63.01646644781235
device_yaw,26.452,63.20031230995751
device_yaw,26.502,63.424773435380644
device_yaw,26.552,63.69086729449091
device_yaw,26.602,64.02787081628664
device_yaw,26.652,64.37493604677694
device_yaw,26.702,64.66692902121149
device_yaw,26.752,64.87626886912427
device_yaw,26.802,65.01332737641654
device_yaw,26.852,65.07275910480342
device_yaw,26.902,65.03316696070448
device_yaw,26.952,64.89649486262671
device_yaw,27.002,64.74204182126721
device_yaw,27.052,64.55225587985105
device_yaw,27.102,64.35016641032198
device_yaw,27.152,64.12755623173364
device_yaw,27.202,63.900368229413765
device_yaw,27.252,63.72043700834418
device_yaw,27.302,63.59228674057979
device_yaw,27.352,63.496478091454556
device_yaw,27.402,63.42882373305028
device_yaw,27.452,63.39435705481267
device_yaw,27.502,63.40596687193702
device_yaw,27.552,63.453368127600385
device_yaw,27.602,63.486077142029586
device_yaw,27.652,63.49670015536241
device_yaw,27.702,63.424845026380304
device_yaw,27.752,63.33791278851474
device_yaw,27.802,63.197896936172306
device_yaw,27.852,63.0150674418443
device_yaw,27.902,62.75219011872593
device_yaw,27.952,62.44293466409797
device_yaw,28.002,62.13046583401981
device_yaw,28.052,61.85297293047745
device_yaw,28.102,61.65546125789426
device_yaw,28.152,61.52920909051888
device_yaw,28.202,61.480314203196414
device_yaw,28.252,61.54177054344661
device_yaw,28.302,61.6900740229487
device_yaw,28.352,61.953706560212936
device_yaw,28.402,62.34400973364857
device_yaw,28.452,62.84291176657652
device_yaw,28.502,63.36264836418048
device_yaw,28.552,63.83513794163809
device_yaw,28.602,64.24502215528935
device_yaw,28.652,64.46271407817768
device_yaw,28.702,64.65659728737411
device_yaw,28.752,64.77203490300813
device_yaw,28.802,64.85870261819602
device_yaw,28.852,64.85778924621474
device_yaw,28.902,64.64923779533711
device_yaw,28.952,64.26342446477818
device_yaw,29.002,63.85584577599911
device_yaw,29.052,63.495998560093724
device_yaw,29.102,63.1781533259606
device_yaw,29.152,62.85634141899266
device_yaw,29.202,62.60935519819804
device_yaw,29.252,62.45809862924616
device_yaw,29.302,62.43677613168315
device_yaw,29.352,62.46954461266458
device_yaw,29.402,62.56272462179033
device_yaw,29.452,62.79637376089024
device_yaw,29.502,63.09070479851204
device_yaw,29.552,63.322457792457676
device_yaw,29.602,63.46105874381167
device_yaw,29.652,63.54715659612361
device_yaw,29.702,63.55233734005033
device_yaw,29.752,63.364381776898114
device_yaw,29.802,62.98056872394721
device_yaw,29.852,62.47079608847576
device_yaw,29.902,61.909181055761934
device_yaw,29.952,61.363045292664694
device_yaw,30.002,60.77299519114019
device_yaw,30.052,60.15427999785344
device_yaw,30.102,59.56571268637728
device_yaw,30.152,59.05293628276499
device_yaw,30.202,58.62106478401127
device_yaw,30.252,58.352236386797706
device_yaw,30.302,58.35117916712441
device_yaw,30.352,58.53585601672251
device_yaw,30.402,58.863289169430885
device_yaw,30.452,59.20742272207497
device_yaw,30.502,59.568375189988735
device_yaw,30.552,60.0198255114638
device_yaw,30.602,60.53754428653401
device_yaw,30.652,61.05137571583903
device_yaw,30.702,61.54057790745621
device_yaw,30.752,61.98283204054905
device_yaw,30.802,62.335830643212056
device_yaw,30.852,62.599998404754835
device_yaw,30.902,62.763878699302744
device_yaw,30.952,62.78526000828713
device_yaw,31.002,62.76937183046777
device_yaw,31.052,62.68078014871997
device_yaw,31.102,62.51233057675717
device_yaw,31.152,62.29501526579388
device_yaw,31.202,62.04875444828164
device_yaw,31.252,61.807461842640464
device_yaw,31.302,61.580080819417056
device_yaw,31.352,61.36341004106418
device_yaw,31.402,61.180425829636185
device_yaw,31.452,61.003515120084415
device_yaw,31.502,60.87032155899042
device_yaw,31.552,60.77032257681646
device_yaw,31.602,60.681342752960674
device_yaw,31.652,60.604928006248564
device_yaw,31.702,60.59788051493554
device_yaw,31.752,60.66263119445107
device_yaw,31.802,60.76427801093851
device_yaw,31.852,60.88494094937199
device_yaw,31.902,61.02367803670866
device_yaw,31.952,61.15370552674124
device_yaw,32.002,61.27015818905665
device_yaw,32.052,61.33188085140307
device_yaw,32.102,61.32139214405416
device_yaw,32.152,61.2281833139709
device_yaw,32.202,60.99336680045294
device_yaw,32.252,60.63946004999954
device_yaw,32.302,60.14451395240651
device_yaw,32.352,59.566707912263176
device_yaw,32.402,58.90678452439774
device_yaw,32.452,58.178552359311034
device_yaw,32.502,57.41168598905138
device_yaw,32.552,56.655714064446784
device_yaw,32.602,55.939152441821584
device_yaw,32.652,55.320015484412785
device_yaw,32.702,54.83229311954844
device_yaw,32.752,54.54756537094408
device_yaw,32.802,54.50977906146306
device_yaw,32.852,54.6117440118995
device_yaw,32.902,54.74927786296605
device_yaw,32.952,54.99119645473377
device_yaw,33.002,55.30871700706689
device_yaw,33.052,55.6802694830528
device_yaw,33.102,56.0315784620399
device_yaw,33.152,56.35110983439986
device_yaw,33.202,56.56056406797463
device_yaw,33.252,56.70722249760101
device_yaw,33.302,56.78755987975009
device_yaw,33.352,56.701619863169526
device_yaw,33.402,56.58565788682676
device_yaw,33.452,56.46585154608144
device_yaw,33.502,56.27797786488072
device_yaw,33.552,56.02996008914252
device_yaw,33.602,55.77699390864597
device_yaw,33.652,55.53673837645942
device_yaw,33.702,55.303991341776936
device_yaw,33.752,55.13108893630142
device_yaw,33.802,54.97730521390924
device_yaw,33.852,54.85924053811926
device_yaw,33.902,54.76454126709666
device_yaw,33.952,54.679557295478475
device_yaw,34.002,54.59854133022218
device_yaw,34.052,54.555425692248356
device_yaw,34.102,54.61070106268399
device_yaw,34.152,54.700964092741785
device_yaw,34.202,54.820475194869694
device_yaw,34.252,54.959464255586234
device_yaw,34.302,55.10195465241347
device_yaw,34.352,55.25515323153232
device_yaw,34.402,55.396034042023985
device_yaw,34.452,55.51477361339823
device_yaw,34.502,55.63661581789067
device_yaw,34.552,55.778150057165796
device_yaw,34.602,55.88493531621377
device_yaw,34.652,55.94332702592928
device_yaw,34.702,55.91215646761143
device_yaw,34.752,55.841080043192
device_yaw,34.802,55.742410208265916
device_yaw,34.852,55.60444964650337
device_yaw,34.902,55.42428913060196
device_yaw,34.952,55.19425791116742
device_yaw,35.002,54.916222253122775
device_yaw,35.052,54.5848609181584
device_yaw,35.102,54.20311915379704
device_yaw,35.152,53.86594265176454
device_yaw,35.202,53.653758509763
device_yaw,35.252,53.57430348801954
device_yaw,35.302,53.6323701261578
device_yaw,35.352,53.809347942636144
device_yaw,35.402,54.10283330575408
device_yaw,35.452,54.44778489669366
device_yaw,35.502,54.83715197210668
device_yaw,35.552,55.22477186146338
device_yaw,35.602,55.588516139874784
device_yaw,35.652,55.851901547156444
device_yaw,35.702,56.05991686300481
device_yaw,35.752,56.10922274098775
device_yaw,35.802,55.999444901506195
device_yaw,35.852,55.67180262110258
device_yaw,35.902,55.131402320848274
device_yaw,35.952,54.43863770115217
device_yaw,36.002,53.63712733790646
device_yaw,36.052,52.80475937849465
device_yaw,36.102,52.04422550215175
device_yaw,36.152,51.40943771475316
device_yaw,36.202,51.004204712998764
device_yaw,36.252,50.870079179793976
device_yaw,36.302,50.883498724658075
device_yaw,36.352,51.10840788388237
device_yaw,36.402,51.49946312894169
device_yaw,36.452,52.06117705851954
device_yaw,36.502,52.72177425096252
device_yaw,36.552,53.4946083971111
device_yaw,36.602,54.27708079738711
device_yaw,36.652,54.97115003612553
device_yaw,36.702,55.55642078857855
device_yaw,36.752,55.983175832852915
device_yaw,36.802,56.12671123666226
device_yaw,36.852,56.12864926220748
device_yaw,36.902,55.96344426876255
device_yaw,36.952,55.69242712885958
device_yaw,37.002,55.33714280770268
device_yaw,37.052,54.97435388914142
device_yaw,37.102,54.603297933725656
device_yaw,37.152,54.25692220239384
device_yaw,37.202,53.9512409897855
device_yaw,37.252,53.66995787392005
device_yaw,37.302,53.472735591579664
device_yaw,37.352,53.34886455137739
device_yaw,37.402,53.299750775851635
device_yaw,37.452,53.34997835562381
device_yaw,37.502,53.49702038960427
device_yaw,37.552,53.71995285730443
device_yaw,37.602,53.979685400918626
device_yaw,37.652,54.28074367544895
device_yaw,37.702,54.653715030339136
device_yaw,37.752,55.106964550187584
device_yaw,37.802,55.618187547077476
device_yaw,37.852,56.15851606881097
device_yaw,37.902,56.618886480614194
device_yaw,37.952,56.99745306509267
device_yaw,38.002,57.21631135889493
device_yaw,38.052,57.285682469798864
device_yaw,38.102,57.22512757659785
device_yaw,38.152,57.006446243201815
device_yaw,38.202,56.65122797607136
device_yaw,38.252,56.13176182383268
device_yaw,38.302,55.49714177184153
device_yaw,38.352,54.78460336679454
device_yaw,38.402,54.06279500579123
device_yaw,38.452,53.39901047317671
device_yaw,38.502,52.818987424480035
device_yaw,38.552,52.42026829355223
device_yaw,38.602,52.16655447401554
device_yaw,38.652,52.081313600309585
device_yaw,38.702,52.228402313047056
device_yaw,38.752,52.531762989349154
device_yaw,38.802,52.967234876097194
device_yaw,38.852,53.45715985255861
device_yaw,38.902,53.962166802938945
device_yaw,38.952,54.3696105956626
device_yaw,39.002,54.60694929983177
device_yaw,39.052,54.74369512506641
device_yaw,39.102,54.71828462031985
device_yaw,39.152,54.57862975826631
device_yaw,39.202,54.28854249484145
device_yaw,39.252,53.75535611504137
device_yaw,39.302,53.08937775325574
device_yaw,39.352,52.41844609356429
device_yaw,39.402,51.85764551325914
device_yaw,39.452,51.39739588358329
device_yaw,39.502,51.120184037261
device_yaw,39.552,51.14654813563543
device_yaw,39.602,51.23399679353715
device_yaw,39.652,51.42292812725432
device_yaw,39.702,51.68095256339905
device_yaw,39.752,52.00142824386487
device_yaw,39.802,52.35480532138684
device_yaw,39.852,52.728693884027734
device_yaw,39.902,53.09812412261693
device_yaw,39.952,53.38829866202148
device_yaw,40.002,53.66106477729889
device_yaw,40.052,53.86476618763543
device_yaw,40.102,54.00340682608327
device_yaw,40.152,54.175794503692444
device_yaw,40.202,54.40126385824551
device_yaw,40.252,54.71511912162715
device_yaw,40.302,55.09741263611762
device_yaw,40.352,55.62469298087057
device_yaw,40.402,56.24311363540865
device_yaw,40.452,56.87981518458223
device_yaw,40.502,57.443865643347415
device_yaw,40.552,57.91008593637175
device_yaw,40.602,58.29880316197084
device_yaw,40.652,58.564210110561156
device_yaw,40.702,58.75459715595953
device_yaw,40.752,58.79310039596767
device_yaw,40.802,58.662334033790756
device_yaw,40.852,58.387474487495986
device_yaw,40.902,57.97455937178122
device_yaw,40.952,57.48127796937749
device_yaw,41.002,57.01447961492731
device_yaw,41.052,56.6480034744244
device_yaw,41.102,56.485242598654516
device_yaw,41.152,56.43835700313048
device_yaw,41.202,56.53924894567496
device_yaw,41.252,56.78390130473593
device_yaw,41.302,57.170344067435686
device_yaw,41.352,57.69798858183821
device_yaw,41.402,58.31882027221427
device_yaw,41.452,59.017255587575306
device_yaw,41.502,59.70429386580772
device_yaw,41.552,60.29763955209202
device_yaw,41.602,60.747196564399694
device_yaw,41.652,60.95198959276904
device_yaw,41.702,60.97795433926283
device_yaw,41.752,60.77112804906935
device_yaw,41.802,60.317560723641144
device_yaw,41.852,59.66258580967171
device_yaw,41.902,58.80670745948853
device_yaw,41.952,57.87698934672681
device_yaw,42.002,56.95852868493701
device_yaw,42.052,56.1071744389946
device_yaw,42.102,55.32789298767091
device_yaw,42.152,54.72336582624146
device_yaw,42.202,54.36550908593879
device_yaw,42.252,54.17260218583045
device_yaw,42.302,54.235595304543494
device_yaw,42.352,54.59013974165998
device_yaw,42.402,55.23051564346196
device_yaw,42.452,56.04906582806193
device_yaw,42.502,56.97214561110568
device_yaw,42.552,57.84534534084539
device_yaw,42.602,58.49817760807411
device_yaw,42.652,59.05740870621138
device_yaw,42.702,59.52302887490182
device_yaw,42.752,59.73185282510894
device_yaw,42.802,59.787963452989125
device_yaw,42.852,59.58476429468678
device_yaw,42.902,59.14462127678467
device_yaw,42.952,58.49847876205886
device_yaw,43.002,57.71875520231084
device_yaw,43.052,56.8877474114359
device_yaw,43.102,56.06167073416093
device_yaw,43.152,55.45838512216931
device_yaw,43.202,54.93410582894266
device_yaw,43.252,54.44989288269527
device_yaw,43.302,54.22205825243307
device_yaw,43.352,54.15684715894642
device_yaw,43.402,54.26155302145627
device_yaw,43.452,54.436647455261735
device_yaw,43.502,54.65243449916177
device_yaw,43.552,54.81805904831656
device_yaw,43.602,54.86386892389476
device_yaw,43.652,55.00657608634087
device_yaw,43.702,55.16072537331647
device_yaw,43.752,55.24348340066502
device_yaw,43.802,55.27810820291868
device_yaw,43.852,55.05925898815738
device_yaw,43.902,54.606523154420536
device_yaw,43.952,54.030327844658046
device_yaw,44.002,53.47467104067925
device_yaw,44.052,52.9866166637199
device_yaw,44.102,52.65636834668317
device_yaw,44.152,52.59825607013247
device_yaw,44.202,52.54430389687649
device_yaw,44.252,52.477965363558496
device_yaw,44.302,52.49815105801077
device_yaw,44.352,52.61724664127892
device_yaw,44.402,52.832606135840166
device_yaw,44.452,53.243886756535396
device_yaw,44.502,53.71250236221292
device_yaw,44.552,54.070966018898226
device_yaw,44.602,54.25659812838754
device_yaw,44.652,54.49826755964776
device_yaw,44.702,54.56994871884263
device_yaw,44.752,54.546295177161895
device_yaw,44.802,54.49437950031405
device_yaw,44.852,54.287477700672206
device_yaw,44.902,53.984978286465086
device_yaw,44.952,53.62944297928079
device_yaw,45.002,53.28043842302391
device_yaw,45.052,53.02545800839419
device_yaw,45.102,52.84309346946773
device_yaw,45.152,52.87210728153247
device_yaw,45.202,52.86652681811658
device_yaw,45.252,52.983801544587386
device_yaw,45.302,53.21897526441591
device_yaw,45.352,53.492067636359636
device_yaw,45.402,53.8264104889164
device_yaw,45.452,54.08136689889658
device_yaw,45.502,54.314354966171
device_yaw,45.552,54.36662687704004
device_yaw,45.602,54.24425052547486
device_yaw,45.652,54.08511306691972
device_yaw,45.702,53.80772623233824
device_yaw,45.752,53.45726911384015
device_yaw,45.802,52.903265247427846
device_yaw,45.852,52.1801680317609
device_yaw,45.902,51.38051869419178
device_yaw,45.952,50.64224556315673
device_yaw,46.002,50.06457789960121
device_yaw,46.052,49.585347424708374
device_yaw,46.102,49.33050389018374
device_yaw,46.152,49.21815502715462
device_yaw,46.202,49.21388767548788
device_yaw,46.252,49.33904727067955
device_yaw,46.302,49.61920100799591
device_yaw,46.352,50.192711475207574
device_yaw,46.402,50.942390528131824
device_yaw,46.452,51.725004050887605
device_yaw,46.502,52.4190532536039
device_yaw,46.552,52.858005703553175
device_yaw,46.602,53.14435024923291
device_yaw,46.652,53.29584079957435
device_yaw,46.702,53.3748984263891
device_yaw,46.752,53.34730670559068
device_yaw,46.802,53.116212970614995
device_yaw,46.852,52.65227229423992
device_yaw,46.902,51.955765839198335
device_yaw,46.952,51.18966155455068
device_yaw,47.002,50.512254644061734
device_yaw,47.052,50.0180745059374
device_yaw,47.102,49.821294368644615
device_yaw,47.152,49.8510263180468
device_yaw,47.202,49.99118050659074
device_yaw,47.252,50.24343158847098
device_yaw,47.302,50.59680612212737
device_yaw,47.352,51.06722395697093
device_yaw,47.402,51.59600533555672
device_yaw,47.452,52.10545293809939
device_yaw,47.502,52.549627143588346
device_yaw,47.552,52.82434318043647
device_yaw,47.602,52.9731923717625
device_yaw,47.652,52.99752950603127
device_yaw,47.702,52.90193176899861
device_yaw,47.752,52.71037238559267
device_yaw,47.802,52.40350117880869
device_yaw,47.852,52.00262568666171
device_yaw,47.902,51.57934454272799
device_yaw,47.952,51.197061570544456
device_yaw,48.002,50.90611665995634
device_yaw,48.052,50.70464016512176
device_yaw,48.102,50.636690859805825
device_yaw,48.152,50.706629027031084
device_yaw,48.202,50.770481116765566
device_yaw,48.252,50.885562371536885
device_yaw,48.302,51.06847260213867
device_yaw,48.352,51.324831869262695
device_yaw,48.402,51.613243641854865
device_yaw,48.452,51.87330931753297
device_yaw,48.502,52.064084677271495
device_yaw,48.552,52.15523857368744
device_yaw,48.602,52.089962042885944
device_yaw,48.652,51.85463946806704
device_yaw,48.702,51.38617601249818
device_yaw,48.752,50.81947122177817
device_yaw,48.802,49.95986010871436
device_yaw,48.852,48.688713310779875
device_yaw,48.902,46.86926624512021
device_yaw,48.952,44.50646156830649
device_yaw,49.002,41.67476580372829
device_yaw,49.052,38.09927840531105
device_yaw,49.102,33.774449967115
device_yaw,49.152,28.722494144724486
device_yaw,49.202,23.058486209860096
device_yaw,49.252,16.695129814783357
device_yaw,49.302,9.563296616881518
device_yaw,49.352,1.862797783816461
device_yaw,49.402,-6.2499060266318995
device_yaw,49.452,-14.430691647897396
device_yaw,49.502,-22.698578587834046
device_yaw,49.552,-31.14212211167493
device_yaw,49.602,-39.355555635488216
device_yaw,49.652,-47.22211260187715
device_yaw,49.702,-54.58938899714971
device_yaw,49.752,-61.64283046635303
device_yaw,49.802,-68.24795113494619
device_yaw,49.852,-74.33452166861292
device_yaw,49.902,-79.94917913167791
device_yaw,49.952,-85.23665262391779
device_yaw,50.002,-90.47341475908718
device_yaw,50.052,-95.54933068773916
device_yaw,50.102,-100.33588620982044
device_yaw,50.152,-104.82706349916636
device_yaw,50.202,-109.20268825401813
device_yaw,50.252,-113.4913124127534
device_yaw,50.302,-117.54767311518593
device_yaw,50.352,-121.31665693455646
device_yaw,50.402,-123.50848439759434
device_yaw,50.452,-125.74349963798775
device_yaw,50.502,-127.91362390852186
device_yaw,50.552,-129.8481607348402
device_yaw,50.602,-131.52413627895336
gyro_norm,0.001,0.12178635731499372
gyro_norm,0.002,0.13974975810325646
gyro_norm,0.002,0.12877969273776832
gyro_norm,0.022,0.18819202977925958
gyro_norm,0.026,0.12114052897281373
gyro_norm,0.047,0.054374686683421825
gyro_norm,0.069,0.032426580027549876
gyro_norm,0.091,0.029959633542483363
gyro_norm,0.113,0.021676017282509324
gyro_norm,0.135,0.07205162380626616
gyro_norm,0.157,0.05016791006055043
gyro_norm,0.179,0.04933891301031269
gyro_norm,0.201,0.04757299602218025
gyro_norm,0.222,0.10097093325531821
gyro_norm,0.249,0.1080570397821503
gyro_norm,0.266,0.09816610694702184
gyro_norm,0.288,0.0568473585920518
gyro_norm,0.31,0.08662670350912997
gyro_norm,0.332,0.04698350322532997
gyro_norm,0.354,0.10691551571439636
gyro_norm,0.376,0.12701737980942915
gyro_norm,0.407,0.09249169112761212
gyro_norm,0.419,0.047245119227475305
gyro_norm,0.441,0.0890754393370406
gyro_norm,0.463,0.040160003891846506
gyro_norm,0.486,0.24226651077207514
gyro_norm,0.507,0.26990584761273195
gyro_norm,0.528,0.11495483130918391
gyro_norm,0.55,0.08129121830558639
gyro_norm,0.572,0.07493760402565262
gyro_norm,0.594,0.15535223307535598
gyro_norm,0.616,0.1637115475859546
gyro_norm,0.638,0.13076573625142407
gyro_norm,0.66,0.13073692316085012
gyro_norm,0.682,0.17758734061303746
gyro_norm,0.704,0.17575133240239915
gyro_norm,0.726,0.1217535048704484
gyro_norm,0.747,0.1722100479024048
gyro_norm,0.769,0.1580494641448322
gyro_norm,0.791,0.09809528234142985
gyro_norm,0.813,0.15521526065375313
gyro_norm,0.835,0.17899368002498822
gyro_norm,0.857,0.21077600631801494
gyro_norm,0.884,0.2772186350778298
gyro_norm,0.901,0.33114259574922905
gyro_norm,0.922,0.2309433512779442
gyro_norm,0.945,0.10073251350787865
gyro_norm,0.966,0.2486986882937114
gyro_norm,0.993,0.45243776750462433
gyro_norm,1.01,0.5348045724287489
gyro_norm,1.033,0.37516714046688165
gyro_norm,1.054,0.3121005312053783
gyro_norm,1.081,0.41598224313141297
gyro_norm,1.097,0.2746464314424335
gyro_norm,1.119,0.16818961389215858
gyro_norm,1.147,0.28873330169075456
gyro_norm,1.163,0.28274904553757196
gyro_norm,1.186,0.39625274754851336
gyro_norm,1.208,0.45061336095186416
gyro_norm,1.229,0.4038962838887946
gyro_norm,1.25,0.2771438402213353
gyro_norm,1.272,0.25853259574505194
gyro_norm,1.294,0.36530801176411515
gyro_norm,1.316,0.3774647833137216
gyro_norm,1.338,0.3352861022366573
gyro_norm,1.36,0.31374793275125523
gyro_norm,1.382,0.2937975511723522
gyro_norm,1.404,0.29387688105414855
gyro_norm,1.426,0.2483969207994932
gyro_norm,1.448,0.22969494930668524
gyro_norm,1.469,0.2909350056243702
gyro_norm,1.491,0.40908117402625127
gyro_norm,1.515,0.47841206248349677
gyro_norm,1.535,0.5216716516046208
gyro_norm,1.563,0.5780257935212904
gyro_norm,1.58,0.6447600179509027
gyro_norm,1.601,0.7278436903078109
gyro_norm,1.623,0.7576267920099118
gyro_norm,1.645,0.6899907335381105
gyro_norm,1.666,0.7080081284896351
gyro_norm,1.688,1.1097028886991607
gyro_norm,1.71,1.2971591489523815
gyro_norm,1.732,1.129433635037132
gyro_norm,1.754,1.2203891702241092
gyro_norm,1.784,1.3712857183766116
gyro_norm,1.799,1.339581406465104
gyro_norm,1.82,1.2743461944298735
gyro_norm,1.842,1.2355605214844065
gyro_norm,1.863,1.1384192599727738
gyro_norm,1.886,1.040245174585191
gyro_norm,1.907,0.9986129942709178
gyro_norm,1.929,1.0972770284813969
gyro_norm,1.951,1.2256572967705772
gyro_norm,1.973,1.2237448758139011
gyro_norm,1.995,1.1241433951484463
gyro_norm,2.019,1.0999933578875494
gyro_norm,2.039,1.10410960377288
gyro_norm,2.06,1.0765332431895507
gyro_norm,2.082,1.0146730543189781
gyro_norm,2.105,0.9430796991334048
gyro_norm,2.126,0.9496063834302063
gyro_norm,2.148,0.9899401508534443
gyro_norm,2.17,1.0088757931755832
gyro_norm,2.192,1.0122135931816947
gyro_norm,2.214,0.9955838173494541
gyro_norm,2.244,0.9566141344798905
gyro_norm,2.257,0.9075935183901129
gyro_norm,2.279,0.8976843799111477
gyro_norm,2.301,0.916728484718695
gyro_norm,2.322,1.313059712230429
gyro_norm,2.344,1.1162180944355011
gyro_norm,2.366,0.7085299981094189
gyro_norm,2.388,1.0343485523319391
gyro_norm,2.41,0.7963244348418781
gyro_norm,2.432,0.6493406015205287
gyro_norm,2.454,0.9074708378981338
gyro_norm,2.478,0.8537369703052172
gyro_norm,2.498,0.704862259943214
gyro_norm,2.52,0.7491517578579465
gyro_norm,2.542,0.7062116218390933
gyro_norm,2.564,0.6081425303073077
gyro_norm,2.586,0.5608383972035367
gyro_norm,2.608,0.5822783290126907
gyro_norm,2.63,0.6166799617105915
gyro_norm,2.652,0.6060875256416866
gyro_norm,2.673,0.5081151341188879
gyro_norm,2.695,0.47161663829492106
gyro_norm,2.729,0.43090034174564135
gyro_norm,2.739,0.4090720641009245
gyro_norm,2.76,0.4113373134138707
gyro_norm,2.783,0.4761644394764378
gyro_norm,2.806,0.5345648179670742
gyro_norm,2.826,0.5424470212098601
gyro_norm,2.848,0.5947572689556562
gyro_norm,2.87,0.6262533303566413
gyro_norm,2.892,0.6792947210362127
gyro_norm,2.914,1.184456075265243
gyro_norm,2.945,0.8712823030429474
gyro_norm,2.962,0.8219101083155077
gyro_norm,2.98,1.0900954460123404
gyro_norm,3.001,0.8769813259472404
gyro_norm,3.023,1.0252108441904757
gyro_norm,3.045,1.008423069126056
gyro_norm,3.066,0.6106603635655624
gyro_norm,3.089,0.2498030919353282
gyro_norm,3.112,0.26942460184408684
gyro_norm,3.132,0.29644529055745417
gyro_norm,3.155,0.35669332207443477
gyro_norm,3.187,0.4486613653408759
gyro_norm,3.198,0.5163025413175262
gyro_norm,3.224,0.5249281347428694
gyro_norm,3.242,0.4747630777715172
gyro_norm,3.264,0.43133945544529534
gyro_norm,3.288,0.3590130369355961
gyro_norm,3.308,0.3322474452400504
gyro_norm,3.33,0.3355601959100146
gyro_norm,3.351,0.2576562903861017
gyro_norm,3.374,0.20176167751036456
gyro_norm,3.395,0.2979208112344413
gyro_norm,3.417,0.4858632299319363
gyro_norm,3.439,0.43805678574159035
gyro_norm,3.462,0.23000848846991087
gyro_norm,3.482,1.009517768734156
gyro_norm,3.504,0.895965065093738
gyro_norm,3.528,0.2265613077382652
gyro_norm,3.548,0.7287429531243461
gyro_norm,3.57,0.5862112699736977
gyro_norm,3.592,0.3481936197010399
gyro_norm,3.614,0.4457407145750158
gyro_norm,3.636,0.399199343353706
gyro_norm,3.659,0.2528342459838978
gyro_norm,3.689,0.336307217445314
gyro_norm,3.702,0.4348476129538292
gyro_norm,3.723,0.3615940452204657
gyro_norm,3.745,0.1667208296196798
gyro_norm,3.766,0.07588949687516366
gyro_norm,3.788,0.25166832543757084
gyro_norm,3.81,0.2949655377540207
gyro_norm,3.832,0.14677059344740015
gyro_norm,3.854,0.22894648445567142
gyro_norm,3.876,0.4509763965104206
gyro_norm,3.898,0.3776681543136191
gyro_norm,3.919,0.18331337978779896
gyro_norm,3.941,0.20774544603659892
gyro_norm,3.965,0.30477966126483014
gyro_norm,3.99,0.47091522648878564
gyro_norm,4.012,0.2573122898415145
gyro_norm,4.031,0.7816898058698387
gyro_norm,4.053,1.0858071045651494
gyro_norm,4.075,0.46712574574414584
gyro_norm,4.094,0.8970088387821962
gyro_norm,4.116,0.8758428126045279
gyro_norm,4.136,0.18290128007698025
gyro_norm,4.156,0.5641660165619399
gyro_norm,4.178,0.7681418715455629
gyro_norm,4.199,0.7752673285197909
gyro_norm,4.218,0.7093763390360164
gyro_norm,4.24,0.37052480344456906
gyro_norm,4.261,0.21757775656589393
gyro_norm,4.281,0.47188517597812224
gyro_norm,4.302,0.4614350047817087
gyro_norm,4.323,0.2917532035122107
gyro_norm,4.343,0.3310142416141073
gyro_norm,4.364,0.33139431237761247
gyro_norm,4.386,0.17711589813498307
gyro_norm,4.407,0.20059963030961164
gyro_norm,4.446,0.3418933535528431
gyro_norm,4.467,0.31327094085991397
gyro_norm,4.489,0.2499901028056621
gyro_norm,4.51,0.3074776437723161
gyro_norm,4.533,0.48599242133005705
gyro_norm,4.554,0.4929226584813486
gyro_norm,4.576,0.5550862082627859
gyro_norm,4.598,1.182624398569357
gyro_norm,4.62,0.671625552963236
gyro_norm,4.642,0.6781482361986674
gyro_norm,4.663,1.1243271225180933
gyro_norm,4.686,0.6544971429908835
gyro_norm,4.707,0.582241884455665
gyro_norm,4.729,0.771088469056275
gyro_norm,4.751,0.5056725558182572
gyro_norm,4.773,0.38903314883066403
gyro_norm,4.795,0.4814141546916508
gyro_norm,4.817,0.46862912154216624
gyro_norm,4.839,0.33011473485013726
gyro_norm,4.861,0.21344900733060682
gyro_norm,4.882,0.2625448056270023
gyro_norm,4.904,0.30626010465697356
gyro_norm,4.926,0.2360390765102602
gyro_norm,4.948,0.17333423237187134
gyro_norm,4.97,0.16993551632216367
gyro_norm,4.992,0.19420474755315725
gyro_norm,5.013,0.20480892334059228
gyro_norm,5.035,0.1533945880288397
gyro_norm,5.057,0.16674657187965036
gyro_norm,5.079,0.3541669293242974
gyro_norm,5.101,0.41664215185054576
gyro_norm,5.123,0.4056096732537281
gyro_norm,5.146,0.5133108324717676
gyro_norm,5.166,0.26171086126653503
gyro_norm,5.188,0.5359947657615867
gyro_norm,5.21,0.5600511873388542
gyro_norm,5.232,0.25400247337119414
gyro_norm,5.254,0.39661501050728576
gyro_norm,5.276,0.4762478768955122
gyro_norm,5.298,0.302695215302163
gyro_norm,5.32,0.3987957751197244
gyro_norm,5.341,0.5993998781774025
gyro_norm,5.363,0.5358624001298098
gyro_norm,5.386,0.32849910178326186
gyro_norm,5.407,0.2619118322978168
gyro_norm,5.429,0.22450823051847674
gyro_norm,5.451,0.16579106817544073
gyro_norm,5.473,0.14978843223835583
gyro_norm,5.495,0.17798853673192663
gyro_norm,5.517,0.04963276220923077
gyro_norm,5.538,0.26792692765529885
gyro_norm,5.56,0.40622313137526866
gyro_norm,5.582,0.34097036565255623
gyro_norm,5.604,0.3904177605667018
gyro_norm,5.626,0.5322596687336094
gyro_norm,5.648,0.6046450809916012
gyro_norm,5.67,1.5570340596979069
gyro_norm,5.691,1.1695158291021293
gyro_norm,5.713,0.372682903853764
gyro_norm,5.735,0.8896293336138024
gyro_norm,5.758,0.481390553976812
gyro_norm,5.779,0.730908488500006
gyro_norm,5.801,0.8291900842378044
gyro_norm,5.823,0.39531454171632163
gyro_norm,5.846,0.4759868909728285
gyro_norm,5.867,0.6251161683620017
gyro_norm,5.888,0.4740647713909977
gyro_norm,5.91,0.2879976764639662
gyro_norm,5.932,0.27397953131143077
gyro_norm,5.954,0.27439934154073287
gyro_norm,5.976,0.25795835119226884
gyro_norm,5.999,0.26708508144178816
gyro_norm,6.02,0.21671310237576996
gyro_norm,6.042,0.06435642139367352
gyro_norm,6.063,0.2892852733237709
gyro_norm,6.086,0.37639954861379205
gyro_norm,6.107,0.18560823841864107
gyro_norm,6.129,0.2101543553826011
gyro_norm,6.152,0.30317226729201563
gyro_norm,6.173,0.34724347188878896
gyro_norm,6.195,0.3050598393143486
gyro_norm,6.217,0.5502903119667177
gyro_norm,6.239,0.37718889595136745
gyro_norm,6.26,0.494164433051661
gyro_norm,6.282,0.4512310874766321
gyro_norm,6.305,0.09504126491100164
gyro_norm,6.329,0.4193022227149669
gyro_norm,6.348,0.53254947280629
gyro_norm,6.37,0.27880641004903833
gyro_norm,6.392,0.1862087625420746
gyro_norm,6.414,0.25541987920446707
gyro_norm,6.436,0.2646505499199739
gyro_norm,6.458,0.2853193780426155
gyro_norm,6.483,0.26985933121476363
gyro_norm,6.501,0.2296332078776197
gyro_norm,6.523,0.24436576397570944
gyro_norm,6.546,0.2112338288359011
gyro_norm,6.567,0.25787814880023124
gyro_norm,6.589,0.4121581274155241
gyro_norm,6.611,0.3714945681223284
gyro_norm,6.633,0.1842692924293861
gyro_norm,6.654,0.17410376492874816
gyro_norm,6.676,0.3099941501030258
gyro_norm,6.698,0.477405129975381
gyro_norm,6.72,0.43243222190675334
gyro_norm,6.742,0.2825371258366021
gyro_norm,6.774,1.025353271149587
gyro_norm,6.786,1.1176136277217368
gyro_norm,6.807,0.5739536232319283
gyro_norm,6.83,1.108428071797415
gyro_norm,6.851,1.227497403910175
gyro_norm,6.873,0.5343112337176785
gyro_norm,6.895,0.5709088639322
gyro_norm,6.92,0.7523786467953519
gyro_norm,6.949,0.7157142125630949
gyro_norm,6.961,0.5356446764608351
gyro_norm,6.983,0.3372416790614913
gyro_norm,7.007,0.3998254737042113
gyro_norm,7.027,0.4218899019651656
gyro_norm,7.048,0.22353191099808925
gyro_norm,7.07,0.28222296183404266
gyro_norm,7.092,0.3952825190331847
gyro_norm,7.114,0.3689947065386858
gyro_norm,7.142,0.13432724543130412
gyro_norm,7.157,0.2491234134344008
gyro_norm,7.179,0.29805569640572516
gyro_norm,7.201,0.20771024485771708
gyro_norm,7.224,0.23485907912239293
gyro_norm,7.246,0.25627079217899634
gyro_norm,7.268,0.20767925077571475
gyro_norm,7.289,0.3196522467441856
gyro_norm,7.311,0.6410527792588829
gyro_norm,7.333,0.4957521706438601
gyro_norm,7.354,0.3227332580656541
gyro_norm,7.376,0.3338482635297925
gyro_norm,7.398,0.3699654345442613
gyro_norm,7.42,0.6132552942942681
gyro_norm,7.447,0.7654355861744107
gyro_norm,7.464,0.6107099766630316
gyro_norm,7.487,0.22116695845230908
gyro_norm,7.508,0.24006063118623372
gyro_norm,7.53,0.31950057137558935
gyro_norm,7.552,0.14008613067013664
gyro_norm,7.575,0.26040493177980595
gyro_norm,7.596,0.28298767675276676
gyro_norm,7.62,0.18839911361668937
gyro_norm,7.639,0.22670563612295658
gyro_norm,7.661,0.23560431537069157
gyro_norm,7.683,0.30671867887177756
gyro_norm,7.705,0.35845666234931317
gyro_norm,7.726,0.38359905982751324
gyro_norm,7.748,0.3393914783237292
gyro_norm,7.77,0.2472170498711084
gyro_norm,7.792,0.20330954006456448
gyro_norm,7.814,0.09985957940464625
gyro_norm,7.847,0.09586210939765097
gyro_norm,7.857,0.08276330313336885
gyro_norm,7.88,0.05430816158825444
gyro_norm,7.902,0.090202155131867
gyro_norm,7.923,0.26328838475548977
gyro_norm,7.946,0.2882780903482356
gyro_norm,7.968,0.134680097603365
gyro_norm,7.989,0.12236713999701186
gyro_norm,8.011,0.1416645002455072
gyro_norm,8.032,0.12337824073707583
gyro_norm,8.054,0.13587150565516234
gyro_norm,8.08,0.1967663840407621
gyro_norm,8.098,0.14275868922150342
gyro_norm,8.12,0.061676360907077635
gyro_norm,8.148,0.19217681012187846
gyro_norm,8.164,0.25544854340370077
gyro_norm,8.186,0.14385922707457396
gyro_norm,8.208,0.39962234576152034
gyro_norm,8.23,0.26484414307441084
gyro_norm,8.253,0.22982143327487048
gyro_norm,8.276,0.18061807255904208
gyro_norm,8.295,0.061703770144630694
gyro_norm,8.318,0.08917749962566805
gyro_norm,8.342,0.054907576344089354
gyro_norm,8.361,0.09982745725525982
gyro_norm,8.383,0.11809830688704495
gyro_norm,8.408,0.07329200072589634
gyro_norm,8.426,0.12698661736947806
gyro_norm,8.449,0.09821195256126976
gyro_norm,8.47,0.08625991550932474
gyro_norm,8.492,0.07477309958467131
gyro_norm,8.514,0.029576911840429553
gyro_norm,8.536,0.0850509943353585
gyro_norm,8.558,0.11009312451652134
gyro_norm,8.579,0.18324505092726986
gyro_norm,8.602,0.11145771198495037
gyro_norm,8.624,0.07653824319586955
gyro_norm,8.647,0.12080556127080516
gyro_norm,8.667,0.21275383007759133
gyro_norm,8.689,0.17938751526468075
gyro_norm,8.711,0.27893198805518965
gyro_norm,8.733,0.4728895208288586
gyro_norm,8.754,0.36266640727378996
gyro_norm,8.777,0.1708354294571634
gyro_norm,8.798,0.23646587911146524
gyro_norm,8.821,0.20346783187746645
gyro_norm,8.842,0.2234075102845878
gyro_norm,8.865,0.27504174279302723
gyro_norm,8.887,0.26738011193490807
gyro_norm,8.908,0.2457782010127423
gyro_norm,8.93,0.3383908476036151
gyro_norm,8.952,0.33614569685847306
gyro_norm,8.973,0.14227716759103853
gyro_norm,8.995,0.07201892424123918
gyro_norm,9.017,0.11869192746676624
gyro_norm,9.039,0.11741809862344821
gyro_norm,9.061,0.0772164191399951
gyro_norm,9.083,0.07832792404517422
gyro_norm,9.104,0.14636937402355993
gyro_norm,9.126,0.17555488808708983
gyro_norm,9.148,0.08624694110901596
gyro_norm,9.17,0.09579347283723645
gyro_norm,9.193,0.26906222817376957
gyro_norm,9.214,0.3852282960054184
gyro_norm,9.236,0.28270205119354586
gyro_norm,9.258,0.34286418464162516
gyro_norm,9.28,0.32778922665661
gyro_norm,9.311,0.1823720395350932
gyro_norm,9.324,0.3569370044626853
gyro_norm,9.346,0.677394513982033
gyro_norm,9.371,0.4230130210821895
gyro_norm,9.39,0.3303519873149072
gyro_norm,9.411,0.554297474187271
gyro_norm,9.433,0.3209375056852779
gyro_norm,9.455,0.1754053112656301
gyro_norm,9.477,0.28615843322648576
gyro_norm,9.498,0.3966954839414888
gyro_norm,9.531,0.32854252193771477
gyro_norm,9.542,0.2180044988516733
gyro_norm,9.564,0.28278288206145025
gyro_norm,9.586,0.3190352360615714
gyro_norm,9.608,0.2605750437225338
gyro_norm,9.631,0.18710639008437446
gyro_norm,9.652,0.1596480406850726
gyro_norm,9.674,0.05368164197108017
gyro_norm,9.695,0.1329720551108055
gyro_norm,9.717,0.2801780810985931
gyro_norm,9.739,0.32733109067209826
gyro_norm,9.761,0.2799678563702062
gyro_norm,9.783,0.21958379454128643
gyro_norm,9.806,0.31791056018404223
gyro_norm,9.827,0.3290747695865427
gyro_norm,9.849,0.4184500043713419
gyro_norm,9.871,0.9870401536559607
gyro_norm,9.893,0.3729289738970799
gyro_norm,9.914,0.6507340114405744
gyro_norm,9.936,0.7362703723894175
gyro_norm,9.963,0.16512908033733462
gyro_norm,9.98,0.44901288189221833
gyro_norm,10.001,0.4033587454779208
gyro_norm,10.023,0.06856022008540572
gyro_norm,10.046,0.3850018802982666
gyro_norm,10.067,0.3386176381480854
gyro_norm,10.089,0.4596445181511788
gyro_norm,10.112,0.6266080926405997
gyro_norm,10.133,0.6044694899735134
gyro_norm,10.155,0.47800919378327045
gyro_norm,10.177,0.4682853678939251
gyro_norm,10.198,0.25165224280608506
gyro_norm,10.221,0.3094595836392945
gyro_norm,10.243,0.5066202859761663
gyro_norm,10.264,0.5441864673447686
gyro_norm,10.286,0.5079258933445897
gyro_norm,10.308,0.34982974888392954
gyro_norm,10.33,0.6107849308892276
gyro_norm,10.352,0.6799345525330182
gyro_norm,10.374,0.5884381873716733
gyro_norm,10.403,0.4704680488112261
gyro_norm,10.417,0.41333943115198835
gyro_norm,10.439,0.7368900050462214
gyro_norm,10.461,0.4060339947192847
gyro_norm,10.492,0.39283940924111
gyro_norm,10.506,0.5304263469787176
gyro_norm,10.527,0.33311407465566223
gyro_norm,10.549,0.15329435245164338
gyro_norm,10.57,0.45740482654349396
gyro_norm,10.593,0.72488885476021
gyro_norm,10.614,0.7172073216488616
gyro_norm,10.644,0.5070874851718837
gyro_norm,10.658,0.5036050641026582
gyro_norm,10.682,0.4997817170686993
gyro_norm,10.702,0.3222687925898946
gyro_norm,10.724,0.1891606948375359
gyro_norm,10.746,0.10423918142096694
gyro_norm,10.767,0.15339785460359412
gyro_norm,10.789,0.5472370178275228
gyro_norm,10.812,0.9830130066373456
gyro_norm,10.833,0.9148856383927109
gyro_norm,10.855,0.7496346555551632
gyro_norm,10.885,0.42109115570335554
gyro_norm,10.899,0.6161498068037106
gyro_norm,10.92,0.3748731031534438
gyro_norm,10.943,0.47866881507655384
gyro_norm,10.971,0.579211791576115
gyro_norm,10.986,0.7945561539586825
gyro_norm,11.008,0.9494920871146048
gyro_norm,11.031,0.6943760426649982
gyro_norm,11.052,0.9614432874017466
gyro_norm,11.073,0.5527182465280288
gyro_norm,11.102,0.6948513059574553
gyro_norm,11.12,0.7944471877527631
gyro_norm,11.139,0.4403480662240026
gyro_norm,11.161,1.3684776326337413
gyro_norm,11.183,1.7058310285319234
gyro_norm,11.206,1.2301810005445257
gyro_norm,11.227,0.7338304550579067
gyro_norm,11.249,0.2422447128000825
gyro_norm,11.271,0.736132303492466
gyro_norm,11.294,0.7101745232370649
gyro_norm,11.315,0.7255754003298835
gyro_norm,11.339,0.7383261155894054
gyro_norm,11.358,0.9974705217178729
gyro_norm,11.38,1.2716263898464837
gyro_norm,11.402,0.7585035885929644
gyro_norm,11.424,1.063495193432158
gyro_norm,11.446,0.37958588887140116
gyro_norm,11.467,0.2496742513986573
gyro_norm,11.489,0.6952887529178655
gyro_norm,11.511,1.3475111685559211
gyro_norm,11.533,1.2701957515250262
gyro_norm,11.555,0.5185047853667498
gyro_norm,11.577,0.3189628119688236
gyro_norm,11.6,0.5513128355390748
gyro_norm,11.621,0.6124000370977339
gyro_norm,11.642,0.5149560595593663
gyro_norm,11.667,0.3085264996776326
gyro_norm,11.687,0.1754093025784213
gyro_norm,11.708,0.2322911161456955
gyro_norm,11.73,0.18218863070850005
gyro_norm,11.752,0.2843466563829421
gyro_norm,11.774,0.24743766245955084
gyro_norm,11.795,0.27963807448707173
gyro_norm,11.817,0.44645351199086697
gyro_norm,11.842,0.6081861591676351
gyro_norm,11.861,0.39968865517774504
gyro_norm,11.883,1.4777059107371033
gyro_norm,11.906,1.1301462854728985
gyro_norm,11.934,0.8757736508418703
gyro_norm,11.949,0.5309002316747351
gyro_norm,11.97,0.48001620357610786
gyro_norm,11.992,0.45721887369410696
gyro_norm,12.014,0.596910573457353
gyro_norm,12.036,0.7507461485794222
gyro_norm,12.06,0.373097797264105
gyro_norm,12.091,0.6524927417721733
gyro_norm,12.106,0.7557962098807642
gyro_norm,12.124,0.4165527286496212
gyro_norm,12.146,0.19363094619387006
gyro_norm,12.167,0.32920645586564773
gyro_norm,12.189,0.183242943050726
gyro_norm,12.211,0.2720785990933566
gyro_norm,12.235,0.2463726391336648
gyro_norm,12.255,0.2469167823406008
gyro_norm,12.277,0.3790885320582223
gyro_norm,12.299,0.30831750970205374
gyro_norm,12.324,0.47529168722753856
gyro_norm,12.342,0.3127141958481145
gyro_norm,12.365,0.2767101623314275
gyro_norm,12.386,0.40832018408711923
gyro_norm,12.409,0.8611012213513289
gyro_norm,12.43,1.2062309566768206
gyro_norm,12.452,0.7951592407186453
gyro_norm,12.474,0.0660258694707193
gyro_norm,12.496,0.5901804869927508
gyro_norm,12.518,0.5739825775517965
gyro_norm,12.543,0.3491369274017096
gyro_norm,12.563,0.49802065841197374
gyro_norm,12.583,0.48345058535850827
gyro_norm,12.606,0.6290262932038024
gyro_norm,12.627,0.8008391613708008
gyro_norm,12.649,0.9009963756110138
gyro_norm,12.671,0.9353124610727844
gyro_norm,12.693,1.2602018933173853
gyro_norm,12.724,1.0260696011028727
gyro_norm,12.736,0.2906591792629349
gyro_norm,12.766,0.5487479577308297
gyro_norm,12.78,0.7107525436048395
gyro_norm,12.803,0.688977032978243
gyro_norm,12.824,0.5580527361476606
gyro_norm,12.846,0.3630880053590888
gyro_norm,12.868,0.4446109615953227
gyro_norm,12.889,0.6465001674063751
gyro_norm,12.911,0.7373018550491488
gyro_norm,12.933,0.6654534910339267
gyro_norm,12.966,0.4511724400727692
gyro_norm,12.978,1.1575925993405474
gyro_norm,13.001,0.7733286122949983
gyro_norm,13.021,0.5518222565235557
gyro_norm,13.045,0.7496351677847138
gyro_norm,13.065,0.306895950722047
gyro_norm,13.087,0.897992158208616
gyro_norm,13.108,0.9771971446603321
gyro_norm,13.131,0.4115168722083129
gyro_norm,13.152,0.42195603972390455
gyro_norm,13.174,0.3761975424797851
gyro_norm,13.209,0.16316523137728983
gyro_norm,13.219,0.14211938342090114
gyro_norm,13.239,0.2852192750309658
gyro_norm,13.262,0.24427150543610995
gyro_norm,13.283,0.06428662463687188
gyro_norm,13.306,0.27528123258090936
gyro_norm,13.327,0.1869089632676633
gyro_norm,13.349,0.05226241942777757
gyro_norm,13.374,0.16456784436469335
gyro_norm,13.393,0.4491049994417125
gyro_norm,13.414,0.50834165007401
gyro_norm,13.436,0.33429924436285596
gyro_norm,13.458,0.3387087781420994
gyro_norm,13.48,0.40824741844982754
gyro_norm,13.508,0.2502477983343288
gyro_norm,13.525,0.21768492460260103
gyro_norm,13.549,0.1989421340682846
gyro_norm,13.568,0.12241105849057977
gyro_norm,13.589,0.03359339596509817
gyro_norm,13.611,0.09198942234284006
gyro_norm,13.633,0.16120010012572242
gyro_norm,13.655,0.13840654326284524
gyro_norm,13.678,0.20820567014748406
gyro_norm,13.699,0.3277562886220396
gyro_norm,13.721,0.23230522099423861
gyro_norm,13.743,0.06795784952827304
gyro_norm,13.765,0.09652883676063585
gyro_norm,13.786,0.09791621250789788
gyro_norm,13.809,0.12016824128938908
gyro_norm,13.83,0.14536407774688317
gyro_norm,13.856,0.12227780880076902
gyro_norm,13.874,0.20079003553013164
gyro_norm,13.896,0.3481185777242514
gyro_norm,13.918,0.22289889586383405
gyro_norm,13.946,0.08747038951215459
gyro_norm,13.97,0.019133456561185664
gyro_norm,13.983,0.20832123462381014
gyro_norm,14.006,0.1843705827757627
gyro_norm,14.028,0.0724752196042571
gyro_norm,14.049,0.09981997821339675
gyro_norm,14.071,0.1492695184597824
gyro_norm,14.094,0.27490191744946724
gyro_norm,14.115,0.19635556582813385
gyro_norm,14.142,0.10004729448224783
gyro_norm,14.159,0.07484558292531146
gyro_norm,14.18,0.1523336942814541
gyro_norm,14.202,0.27760435832199193
gyro_norm,14.224,0.29752485422815317
gyro_norm,14.25,0.1790975589098239
gyro_norm,14.268,0.08009436492618041
gyro_norm,14.29,0.2659507822624248
gyro_norm,14.312,0.27026582233463525
gyro_norm,14.333,0.16485046766211764
gyro_norm,14.355,0.49967846410895245
gyro_norm,14.378,0.5539111534503348
gyro_norm,14.399,0.21538533132801105
gyro_norm,14.424,0.23206796844813676
gyro_norm,14.443,0.2908159463024056
gyro_norm,14.465,0.16521040482870156
gyro_norm,14.49,0.10358616808897653
gyro_norm,14.509,0.10203133684492764
gyro_norm,14.531,0.07834817383921436
gyro_norm,14.552,0.06611535636296284
gyro_norm,14.58,0.24025363490465046
gyro_norm,14.597,0.27226984877875127
gyro_norm,14.618,0.17882988543226616
gyro_norm,14.648,0.10568103764166316
gyro_norm,14.662,0.2317421823320571
gyro_norm,14.684,0.30060917421128797
gyro_norm,14.707,0.3592497926667746
gyro_norm,14.728,0.3863440173832014
gyro_norm,14.749,0.3538874592675731
gyro_norm,14.775,0.176325047880739
gyro_norm,14.793,0.6083052304804228
gyro_norm,14.815,0.8867420487177733
gyro_norm,14.837,0.558346152234985
gyro_norm,14.861,0.17879159830375532
gyro_norm,14.881,0.3021166665989477
gyro_norm,14.902,0.13006866366567982
gyro_norm,14.924,0.23439791881365327
gyro_norm,14.946,0.31773814047548743
gyro_norm,14.968,0.32202628635271213
gyro_norm,14.99,0.3005611943435821
gyro_norm,15.012,0.34061456475391516
gyro_norm,15.033,0.2949227826438658
gyro_norm,15.056,0.1439196017807588
gyro_norm,15.077,0.22455149921859216
gyro_norm,15.105,0.13186926524182588
gyro_norm,15.122,0.16652795959274347
gyro_norm,15.143,0.26984848051546445
gyro_norm,15.165,0.2095518316885398
gyro_norm,15.187,0.21960184916272063
gyro_norm,15.209,0.3108988653252871
gyro_norm,15.23,0.5121794275228329
gyro_norm,15.253,0.9184806206846359
gyro_norm,15.274,0.8576791869249213
gyro_norm,15.307,0.34082679079522493
gyro_norm,15.318,0.5566224723344236
gyro_norm,15.34,0.3006809608032685
gyro_norm,15.362,0.8679147717194144
gyro_norm,15.389,0.904670327066559
gyro_norm,15.406,0.47279990781588616
gyro_norm,15.427,0.7338645647092318
gyro_norm,15.45,0.6349783975992801
gyro_norm,15.472,0.16073101984989085
gyro_norm,15.493,0.45167979088230914
gyro_norm,15.515,0.4082402835473255
gyro_norm,15.537,0.16309761358539715
gyro_norm,15.559,0.26116385467491116
gyro_norm,15.58,0.2948526529832657
gyro_norm,15.609,0.27093906061863154
gyro_norm,15.624,0.33563698559145994
gyro_norm,15.647,0.29945882385008343
gyro_norm,15.668,0.18589023757454126
gyro_norm,15.69,0.19920573656846
gyro_norm,15.712,0.24521046668974203
gyro_norm,15.734,0.19759167615305684
gyro_norm,15.756,0.2317659302118824
gyro_norm,15.778,0.258387864205006
gyro_norm,15.799,0.13885807651013884
gyro_norm,15.821,0.44082623987011776
gyro_norm,15.847,0.8269785897132809
gyro_norm,15.866,0.4736078179292657
gyro_norm,15.887,0.8846140825634362
gyro_norm,15.909,1.2073402973098508
gyro_norm,15.931,0.4305089351834083
gyro_norm,15.953,0.8324573266286907
gyro_norm,15.975,1.4813583538688335
gyro_norm,15.996,1.2817267793451685
gyro_norm,16.018,0.3271074556707836
gyro_norm,16.04,0.7118116185467915
gyro_norm,16.067,0.8858636053751818
gyro_norm,16.084,0.4832107895549673
gyro_norm,16.106,0.09974378231479866
gyro_norm,16.128,0.27216431227898275
gyro_norm,16.149,0.16225913948154758
gyro_norm,16.171,0.04924522875298277
gyro_norm,16.193,0.11366599939890759
gyro_norm,16.215,0.2542319163694392
gyro_norm,16.237,0.28058641377056504
gyro_norm,16.258,0.23858893514714405
gyro_norm,16.281,0.20014067586598014
gyro_norm,16.302,0.1061009441065686
gyro_norm,16.325,0.17806970207002396
gyro_norm,16.347,0.2329917731780863
gyro_norm,16.368,0.15810581969159976
gyro_norm,16.39,0.13676944061114168
gyro_norm,16.412,0.15463914480189453
gyro_norm,16.433,0.23509342939263628
gyro_norm,16.456,0.2615933001674093
gyro_norm,16.499,0.11780200502843122
gyro_norm,16.5,0.223650458325712
gyro_norm,16.521,0.11422119509998385
gyro_norm,16.543,0.34094368565332944
gyro_norm,16.566,0.31812111263631043
gyro_norm,16.587,0.10338254820806525
gyro_norm,16.609,0.08113198065123865
gyro_norm,16.631,0.10102796199916168
gyro_norm,16.653,0.12025234807167447
gyro_norm,16.675,0.10282609491998684
gyro_norm,16.696,0.16030502065096003
gyro_norm,16.719,0.24847005409970616
gyro_norm,16.74,0.17200752598879662
gyro_norm,16.762,0.09107699746411017
gyro_norm,16.784,0.13688117231759334
gyro_norm,16.807,0.23903846690144423
gyro_norm,16.827,0.2867797117131733
gyro_norm,16.851,0.322832389847386
gyro_norm,16.872,0.5501947837834416
gyro_norm,16.893,0.7314581368038295
gyro_norm,16.915,0.5946994609279895
gyro_norm,16.937,0.22568626795538607
gyro_norm,16.959,0.1687312893582078
gyro_norm,16.98,0.2661853295126065
gyro_norm,17.002,0.3055553267828995
gyro_norm,17.025,0.3807770552421408
gyro_norm,17.053,0.47610618548578265
gyro_norm,17.069,0.4922517384243522
gyro_norm,17.09,0.37436445731307094
gyro_norm,17.112,0.2373849291778747
gyro_norm,17.134,0.31702663119161534
gyro_norm,17.156,0.31006330519435316
gyro_norm,17.178,0.23547277360832314
gyro_norm,17.201,0.2431934397355558
gyro_norm,17.221,0.2808716039982517
gyro_norm,17.243,0.29151251855554844
gyro_norm,17.266,0.310466021369215
gyro_norm,17.287,0.4075324784488778
gyro_norm,17.309,0.32182374052578533
gyro_norm,17.331,0.30445870995756874
gyro_norm,17.353,0.7741920051631896
gyro_norm,17.374,0.4779143705358349
gyro_norm,17.396,0.4949909686875647
gyro_norm,17.418,0.7249403105446821
gyro_norm,17.44,0.6120722272405863
gyro_norm,17.47,0.4580473785334732
gyro_norm,17.484,0.3540287581169468
gyro_norm,17.506,0.23698138693422086
gyro_norm,17.529,0.17018703762803353
gyro_norm,17.55,0.2804160890662624
gyro_norm,17.571,0.3692598369805509
gyro_norm,17.593,0.3815433951875269
gyro_norm,17.615,0.2525924957987716
gyro_norm,17.637,0.15708269776266212
gyro_norm,17.659,0.22660479043582346
gyro_norm,17.681,0.18781801861695124
gyro_norm,17.702,0.37043423423954336
gyro_norm,17.724,0.28417791582415985
gyro_norm,17.746,0.08067376690136546
gyro_norm,17.768,0.1331076542405755
gyro_norm,17.79,0.44191651303688373
gyro_norm,17.812,0.6871967783204178
gyro_norm,17.834,0.31308850206700123
gyro_norm,17.856,1.046830980981091
gyro_norm,17.881,1.5213035305746136
gyro_norm,17.899,0.341092423104133
gyro_norm,17.921,1.5299805113162368
gyro_norm,17.943,1.2620454153665055
gyro_norm,17.966,0.2813509911884484
gyro_norm,17.987,1.0568919034508415
gyro_norm,18.01,0.8984977314270662
gyro_norm,18.03,0.2158177525455321
gyro_norm,18.053,0.8129619468233895
gyro_norm,18.075,0.6005512550519381
gyro_norm,18.096,0.2744160772303241
gyro_norm,18.118,0.3417801079603063
gyro_norm,18.14,0.24257265272727385
gyro_norm,18.169,0.22505383186168204
gyro_norm,18.184,0.14103868094010497
gyro_norm,18.206,0.28034970793581115
gyro_norm,18.227,0.23561322466926443
gyro_norm,18.25,0.15896399278912163
gyro_norm,18.271,0.32191000993989516
gyro_norm,18.294,0.15830666912346494
gyro_norm,18.325,0.26903462104101894
gyro_norm,18.337,0.18109565210727793
gyro_norm,18.359,0.5494172902538945
gyro_norm,18.381,1.1218244226276561
gyro_norm,18.403,0.7467091487325137
gyro_norm,18.424,0.7762111129178758
gyro_norm,18.446,1.1564089973836587
gyro_norm,18.468,0.7678598961723451
gyro_norm,18.493,0.4552358536991955
gyro_norm,18.512,0.43852628584829095
gyro_norm,18.534,0.2914657667395293
gyro_norm,18.556,0.3944035575059699
gyro_norm,18.584,0.38007732180311105
gyro_norm,18.599,0.24978394772451476
gyro_norm,18.622,0.1969733473827911
gyro_norm,18.651,0.14442601040292732
gyro_norm,18.666,0.11107034953373102
gyro_norm,18.687,0.14881995959694652
gyro_norm,18.709,0.2807063433871275
gyro_norm,18.731,0.3236230785533085
gyro_norm,18.753,0.3350781132837071
gyro_norm,18.774,0.16915888410112406
gyro_norm,18.796,0.22329823484579162
gyro_norm,18.818,0.38761632737383983
gyro_norm,18.84,0.4086154922423881
gyro_norm,18.862,0.38443115862723737
gyro_norm,18.886,0.3972561526729091
gyro_norm,18.906,0.25112844050391125
gyro_norm,18.928,1.1258649666674627
gyro_norm,18.95,1.1207082372286707
gyro_norm,18.971,0.6481186341114686
gyro_norm,18.993,1.1693331515373704
gyro_norm,19.015,0.6884932723118756
gyro_norm,19.042,0.4479160430784293
gyro_norm,19.059,0.8473804653952485
gyro_norm,19.081,0.4286517317672894
gyro_norm,19.11,0.42442007963529066
gyro_norm,19.125,0.6474789529385782
gyro_norm,19.146,0.3907991858550729
gyro_norm,19.168,0.0794527944452832
gyro_norm,19.19,0.10739423802207011
gyro_norm,19.212,0.20293736141178925
gyro_norm,19.234,0.2769907207435836
gyro_norm,19.256,0.2597113499902697
gyro_norm,19.277,0.2684029533411622
gyro_norm,19.3,0.32700829761898337
gyro_norm,19.321,0.34638824692044845
gyro_norm,19.343,0.3677973086440019
gyro_norm,19.366,0.4434681875012324
gyro_norm,19.388,0.5212982386727866
gyro_norm,19.409,0.3887849405012095
gyro_norm,19.431,0.39440702651950127
gyro_norm,19.452,0.6530351308538043
gyro_norm,19.479,0.7925282600215606
gyro_norm,19.496,0.8791902488159515
gyro_norm,19.518,0.6829351620852686
gyro_norm,19.541,0.985837566196573
gyro_norm,19.562,1.7138670792014001
gyro_norm,19.584,0.5247210750198008
gyro_norm,19.606,0.8716188962321336
gyro_norm,19.628,0.5326283253541432
gyro_norm,19.65,0.739153936819509
gyro_norm,19.671,0.8277167803333716
gyro_norm,19.694,0.14571277638850239
gyro_norm,19.724,0.7131991852196286
gyro_norm,19.737,0.853556932617814
gyro_norm,19.759,0.4819845295323211
gyro_norm,19.781,0.18850320107823296
gyro_norm,19.803,0.18692088752138292
gyro_norm,19.824,0.2979117931073589
gyro_norm,19.846,0.22381864279406516
gyro_norm,19.868,0.1842648656207127
gyro_norm,19.89,0.21685081325353614
gyro_norm,19.912,0.07311055591735884
gyro_norm,19.935,0.2721298889435898
gyro_norm,19.956,0.4042721306481286
gyro_norm,19.978,0.3165886366769223
gyro_norm,20.0,0.6798026197775333
gyro_norm,20.022,1.3472730992671533
gyro_norm,20.043,1.2086141671391757
gyro_norm,20.066,0.1850121872333209
gyro_norm,20.087,0.8021213649301447
gyro_norm,20.109,0.7113558384547549
gyro_norm,20.131,0.09000634288017699
gyro_norm,20.153,0.5344182103866759
gyro_norm,20.174,0.7556008866671142
gyro_norm,20.197,0.4744269625985465
gyro_norm,20.218,0.0704723622011353
gyro_norm,20.24,0.2002540293841233
gyro_norm,20.266,0.15655287353784467
gyro_norm,20.284,0.3909482500891493
gyro_norm,20.307,0.47598876350240427
gyro_norm,20.328,0.12917451957135276
gyro_norm,20.358,0.2595717609461228
gyro_norm,20.371,0.24258682954281025
gyro_norm,20.393,0.16272159431800676
gyro_norm,20.415,0.3597639860562677
gyro_norm,20.437,0.5276874885867148
gyro_norm,20.459,0.5945358003656257
gyro_norm,20.481,0.5050821384327145
gyro_norm,20.503,0.37223979039861727
gyro_norm,20.524,0.29969277267283123
gyro_norm,20.546,0.25707253731172247
gyro_norm,20.568,0.2616283403441701
gyro_norm,20.59,0.35865556776859026
gyro_norm,20.613,0.4705183877295155
gyro_norm,20.634,0.523685126472514
gyro_norm,20.666,0.39527630826575083
gyro_norm,20.678,0.20899276044646092
gyro_norm,20.7,0.13628325946028033
gyro_norm,20.722,0.16664695616471065
gyro_norm,20.744,0.21857459545678357
gyro_norm,20.767,0.3528208844188445
gyro_norm,20.79,0.4329396702973796
gyro_norm,20.809,0.3892541663056436
gyro_norm,20.831,0.35156397743525025
gyro_norm,20.853,0.34589998622541135
gyro_norm,20.874,0.3079733288422969
gyro_norm,20.905,0.31703121815122404
gyro_norm,20.918,0.2893784950042268
gyro_norm,20.94,0.24128080723114528
gyro_norm,20.962,0.2501359254462473
gyro_norm,20.984,0.19496595563708283
gyro_norm,21.006,0.2824705184467266
gyro_norm,21.028,0.49102661548260806
gyro_norm,21.05,0.6750495738173165
gyro_norm,21.071,0.5273099259329309
gyro_norm,21.094,0.2010012616310338
gyro_norm,21.115,0.7673651041010155
gyro_norm,21.137,0.904614574290713
gyro_norm,21.159,0.43358428242829894
gyro_norm,21.181,0.40493920819890905
gyro_norm,21.205,0.5615751763330777
gyro_norm,21.224,0.29620143193879467
gyro_norm,21.247,0.33176218011338554
gyro_norm,21.268,0.26259569965042345
gyro_norm,21.29,0.3363830234411487
gyro_norm,21.312,0.5438757405924176
gyro_norm,21.334,0.5346031054802453
gyro_norm,21.356,0.29926081178135655
gyro_norm,21.378,0.16691041057749542
gyro_norm,21.406,0.20375505570230146
gyro_norm,21.421,0.3137351703148172
gyro_norm,21.443,0.31379554704945706
gyro_norm,21.466,0.3384186951190286
gyro_norm,21.487,0.2957047880077668
gyro_norm,21.509,0.32505648588363434
gyro_norm,21.531,0.45554877087043033
gyro_norm,21.553,0.6435984967708985
gyro_norm,21.575,0.8001556111741701
gyro_norm,21.603,1.2310349234320654
gyro_norm,21.618,0.7455578268344343
gyro_norm,21.64,0.7086192041750974
gyro_norm,21.664,0.5672961908315354
gyro_norm,21.688,0.7274667592697671
gyro_norm,21.706,0.7118663563809013
gyro_norm,21.728,0.27859083681897745
gyro_norm,21.75,1.048929949230173
gyro_norm,21.772,0.8966856845930722
gyro_norm,21.794,0.4596053092274304
gyro_norm,21.821,0.8030862790610803
gyro_norm,21.837,0.7363148466922541
gyro_norm,21.859,0.33278573239012593
gyro_norm,21.881,0.40638378733185043
gyro_norm,21.903,0.2283875193306485
gyro_norm,21.926,0.5641846812989828
gyro_norm,21.947,0.5702007170756354
gyro_norm,21.969,0.34913774112020035
gyro_norm,21.991,0.720721814844005
gyro_norm,22.013,0.44629812657971396
gyro_norm,22.034,0.5771989856525762
gyro_norm,22.056,0.7011703088005892
gyro_norm,22.078,0.49163679690549617
gyro_norm,22.1,0.8759481807686436
gyro_norm,22.121,0.8903876197971355
gyro_norm,22.143,0.45644881219541433
gyro_norm,22.168,0.9543771394217688
gyro_norm,22.187,0.5950171451659061
gyro_norm,22.209,0.36444302874387907
gyro_norm,22.231,0.591550880307714
gyro_norm,22.253,0.7219361633887775
gyro_norm,22.275,0.6050418187338189
gyro_norm,22.297,0.2957680679732628
gyro_norm,22.329,0.49575413413126695
gyro_norm,22.341,0.49280692360079215
gyro_norm,22.362,0.3330421529819523
gyro_norm,22.385,0.32126929825555844
gyro_norm,22.406,0.2751349534636857
gyro_norm,22.428,0.32235452210888016
gyro_norm,22.45,0.3806152441817709
gyro_norm,22.472,0.5063157235189362
gyro_norm,22.494,0.4772488337442056
gyro_norm,22.515,0.20931886049664516
gyro_norm,22.538,0.13830827771752346
gyro_norm,22.559,0.19846977890479553
gyro_norm,22.587,0.2553112113273769
gyro_norm,22.603,0.5073182710756572
gyro_norm,22.636,0.8751255530941581
gyro_norm,22.647,0.6732549055258982
gyro_norm,22.669,0.6410867912824633
gyro_norm,22.691,1.6156123207769497
gyro_norm,22.713,0.9278099363879329
gyro_norm,22.734,0.7430461427432365
gyro_norm,22.756,1.1487182501054505
gyro_norm,22.778,0.7102068460402848
gyro_norm,22.803,0.5252969125985851
gyro_norm,22.822,0.6890392352749066
gyro_norm,22.844,0.24097574836270033
gyro_norm,22.866,0.44411867482490824
gyro_norm,22.888,0.5493771971360342
gyro_norm,22.909,0.29632414155149667
gyro_norm,22.932,0.19902810831723092
gyro_norm,22.953,0.26671720949068756
gyro_norm,22.975,0.15275360761652876
gyro_norm,22.997,0.014303238756779697
gyro_norm,23.019,0.09086549436157895
gyro_norm,23.041,0.26593923372659967
gyro_norm,23.062,0.30038001829934197
gyro_norm,23.084,0.2041021025166376
gyro_norm,23.106,0.3541840149702863
gyro_norm,23.129,0.45268698041757116
gyro_norm,23.15,0.35037302355599853
gyro_norm,23.172,0.37387205175971866
gyro_norm,23.193,0.5440866704181407
gyro_norm,23.216,0.45155320343884625
gyro_norm,23.238,1.1847320365628613
gyro_norm,23.26,0.7192165209885211
gyro_norm,23.281,0.6146010763866767
gyro_norm,23.303,0.8945572790018124
gyro_norm,23.326,0.19473524453453891
gyro_norm,23.347,0.8992659746424666
gyro_norm,23.37,1.0202147711410636
gyro_norm,23.39,0.385622096378997
gyro_norm,23.412,0.46059563021288163
gyro_norm,23.434,0.6867085013786538
gyro_norm,23.456,0.5730041354426912
gyro_norm,23.479,0.48877424111625173
gyro_norm,23.5,0.40889331773660914
gyro_norm,23.528,0.36579876489185714
gyro_norm,23.544,0.3463307237759511
gyro_norm,23.566,0.28637239175201296
gyro_norm,23.587,0.2202453452224705
gyro_norm,23.61,0.2867563621422986
gyro_norm,23.631,0.3764627536234382
gyro_norm,23.653,0.4001653118063264
gyro_norm,23.675,0.31566704450587796
gyro_norm,23.697,0.17089296685593666
gyro_norm,23.724,0.2235330005945823
gyro_norm,23.741,0.5578502255738337
gyro_norm,23.77,0.8546298166842781
gyro_norm,23.787,0.09370217995853009
gyro_norm,23.806,1.188102284894686
gyro_norm,23.828,0.7183529936479806
gyro_norm,23.85,0.6943405033564826
gyro_norm,23.872,0.5643607979527994
gyro_norm,23.894,0.7034515348719418
gyro_norm,23.926,1.3269103307977914
gyro_norm,23.937,0.9527107707145518
gyro_norm,23.96,0.1593867709114443
gyro_norm,23.981,0.5565808578993271
gyro_norm,24.003,0.3716976098985085
gyro_norm,24.026,0.15074009271406802
gyro_norm,24.047,0.40253519487347866
gyro_norm,24.069,0.44032883011137064
gyro_norm,24.091,0.2559538972588151
gyro_norm,24.113,0.09273457830579415
gyro_norm,24.135,0.2245899797850354
gyro_norm,24.16,0.3545270531509251
gyro_norm,24.178,0.2685302751822213
gyro_norm,24.2,0.20015459603679422
gyro_norm,24.222,0.18388380640188004
gyro_norm,24.244,0.07635641847448511
gyro_norm,24.266,0.4460966389183043
gyro_norm,24.287,0.8392847649184586
gyro_norm,24.31,0.6931300345641858
gyro_norm,24.331,0.19219658972800954
gyro_norm,24.353,0.5131135836506013
gyro_norm,24.386,0.4913983367066712
gyro_norm,24.397,0.33408358725163584
gyro_norm,24.419,0.5155210349445998
gyro_norm,24.444,0.6696933459533504
gyro_norm,24.462,0.921510379481407
gyro_norm,24.485,0.8093504004242346
gyro_norm,24.515,0.3365147790142362
gyro_norm,24.535,0.1553202538173862
gyro_norm,24.55,0.35820441735094855
gyro_norm,24.574,0.3478076935476239
gyro_norm,24.594,0.2983476525148326
gyro_norm,24.616,0.23776794053009562
gyro_norm,24.643,0.14486940177761107
gyro_norm,24.659,0.04782553326045281
gyro_norm,24.682,0.09432398200025377
gyro_norm,24.703,0.15943928452234943
gyro_norm,24.726,0.16395340871418077
gyro_norm,24.747,0.1195603986203287
gyro_norm,24.769,0.3184947300122457
gyro_norm,24.791,0.3225103490065962
gyro_norm,24.813,0.15066278228477697
gyro_norm,24.835,0.05943642857606214
gyro_norm,24.857,0.06269627603208057
gyro_norm,24.878,0.1094949574420885
gyro_norm,24.9,0.2203715851978123
gyro_norm,24.922,0.23396007180286923
gyro_norm,24.944,0.2368821625213129
gyro_norm,24.966,0.2591914656561571
gyro_norm,24.987,0.21171114350883308
gyro_norm,25.01,0.14354745876183644
gyro_norm,25.031,0.2529678194014959
gyro_norm,25.053,0.4672511029106904
gyro_norm,25.075,0.5651594607423746
gyro_norm,25.097,0.4131667397916717
gyro_norm,25.119,0.2027372937673545
gyro_norm,25.149,0.1664073279930436
gyro_norm,25.162,0.1264210617346197
gyro_norm,25.184,0.33999309631971536
gyro_norm,25.206,0.5698849508408174
gyro_norm,25.228,0.24660340690607457
gyro_norm,25.25,0.6566353237403948
gyro_norm,25.272,0.8165956223994001
gyro_norm,25.294,0.399214113577441
gyro_norm,25.316,0.7210396697416875
gyro_norm,25.338,0.44639390684226593
gyro_norm,25.368,0.5620013491414646
gyro_norm,25.381,0.6867250375907993
gyro_norm,25.403,0.4365395546097735
gyro_norm,25.426,0.6917509036366339
gyro_norm,25.447,0.7687284664425682
gyro_norm,25.469,0.5363572578664042
gyro_norm,25.491,0.3493532352957992
gyro_norm,25.519,0.30709255559540455
gyro_norm,25.534,0.21049553796919424
gyro_norm,25.557,0.2412564413939761
gyro_norm,25.584,0.3883394713617809
gyro_norm,25.6,0.42249594624323783
gyro_norm,25.622,0.3779854191644256
gyro_norm,25.645,0.3117464985272774
gyro_norm,25.666,0.24074399465850013
gyro_norm,25.693,0.11716367813710295
gyro_norm,25.709,0.0656155593941541
gyro_norm,25.732,0.11219850354150922
gyro_norm,25.753,0.1911024559397472
gyro_norm,25.786,0.1396738008681114
gyro_norm,25.801,0.38582837233567635
gyro_norm,25.819,0.47699605185446137
gyro_norm,25.846,0.37473201677227164
gyro_norm,25.863,0.5523026224549599
gyro_norm,25.884,1.2592297003528286
gyro_norm,25.906,1.848314969936881
gyro_norm,25.928,1.375945913366661
gyro_norm,25.95,0.8917471384063689
gyro_norm,25.972,1.7932718413669997
gyro_norm,25.994,1.7006829381627129
gyro_norm,26.019,0.7994368239969074
gyro_norm,26.038,1.101871522333945
gyro_norm,26.06,0.32231338107350144
gyro_norm,26.082,0.724047050889576
gyro_norm,26.103,0.9164724664228172
gyro_norm,26.126,0.49421144421153956
gyro_norm,26.148,0.15827861297063942
gyro_norm,26.169,0.19827362690078257
gyro_norm,26.191,0.5314013165493807
gyro_norm,26.213,0.43685378147520193
gyro_norm,26.235,0.1727217487048233
gyro_norm,26.257,0.1414460353399773
gyro_norm,26.282,0.16834430170737755
gyro_norm,26.3,0.2038230930862389
gyro_norm,26.332,0.1952872885498096
gyro_norm,26.344,0.1852671539432184
gyro_norm,26.366,0.14010743988854912
gyro_norm,26.388,0.11982490571340057
gyro_norm,26.41,0.1986470810729364
gyro_norm,26.431,0.2524184836065452
gyro_norm,26.454,0.2837136760999917
gyro_norm,26.476,0.41809488349581275
gyro_norm,26.498,0.6050473925461329
gyro_norm,26.519,0.543840211811485
gyro_norm,26.541,0.343384826529491
gyro_norm,26.563,0.6880111404940252
gyro_norm,26.585,1.1797988414676686
gyro_norm,26.606,0.9338912058119714
gyro_norm,26.637,0.39262736651142566
gyro_norm,26.65,0.6017599281203677
gyro_norm,26.672,0.20328464506548127
gyro_norm,26.694,0.3881355062768115
gyro_norm,26.716,0.35509260476698384
gyro_norm,26.738,0.2938259932910077
gyro_norm,26.76,0.33471304524807066
gyro_norm,26.784,0.1730969805229796
gyro_norm,26.803,0.19427421179274953
gyro_norm,26.827,0.2181296868560976
gyro_norm,26.847,0.2359465218614887
gyro_norm,26.869,0.18350520881125798
gyro_norm,26.891,0.22291967044491204
gyro_norm,26.913,0.1978410517983985
gyro_norm,26.942,0.1604209345405125
gyro_norm,26.956,0.3431066736159016
gyro_norm,26.978,0.2805332858009254
gyro_norm,27.0,0.2149140716872611
gyro_norm,27.022,0.2111725900416491
gyro_norm,27.044,0.1264232803451991
gyro_norm,27.067,0.10559151968393121
gyro_norm,27.088,0.03046869967121099
gyro_norm,27.11,0.25508058377693954
gyro_norm,27.132,0.3007690721519014
gyro_norm,27.153,0.08684303046284868
gyro_norm,27.183,0.18330072279770201
gyro_norm,27.197,0.18413090578311564
gyro_norm,27.22,0.032674128014706524
gyro_norm,27.241,0.19930698315384562
gyro_norm,27.263,0.2017557281926591
gyro_norm,27.285,0.14598182110672966
gyro_norm,27.307,0.1376604977795976
gyro_norm,27.329,0.1365061610410206
gyro_norm,27.35,0.21325403559966152
gyro_norm,27.372,0.2595674397597244
gyro_norm,27.394,0.32331116472628735
gyro_norm,27.416,0.5031545579203665
gyro_norm,27.438,0.6321406262830822
gyro_norm,27.46,0.40194323359254625
gyro_norm,27.482,0.16277898637569949
gyro_norm,27.504,0.2796635545934525
gyro_norm,27.526,0.17491992240115076
gyro_norm,27.548,0.26980941671976266
gyro_norm,27.569,0.5016860714692849
gyro_norm,27.591,0.6511415629254204
gyro_norm,27.613,0.6637324975545209
gyro_norm,27.635,0.6697670696994394
gyro_norm,27.666,0.5715717731084985
gyro_norm,27.678,0.4334433609517393
gyro_norm,27.7,0.46301764053313227
gyro_norm,27.723,0.4026124296826263
gyro_norm,27.745,0.21584937220295103
gyro_norm,27.767,0.3529493286173137
gyro_norm,27.788,0.24348273806791418
gyro_norm,27.81,0.10009203932955316
gyro_norm,27.832,0.3849559710788077
gyro_norm,27.853,0.5943972044175553
gyro_norm,27.877,0.5237933275365104
gyro_norm,27.897,0.31036804579554006
gyro_norm,27.919,0.8189949157346272
gyro_norm,27.941,0.8103898138729679
gyro_norm,27.963,0.2903054563957763
gyro_norm,27.986,0.38081094423136397
gyro_norm,28.006,0.35211233313608653
gyro_norm,28.028,0.4824257349648669
gyro_norm,28.05,0.48183198261860083
gyro_norm,28.072,0.33616918494480175
gyro_norm,28.094,0.2397492068128383
gyro_norm,28.116,0.21004834316026774
gyro_norm,28.146,0.2767822886119831
gyro_norm,28.167,0.22336876996744598
gyro_norm,28.189,0.33563988793973104
gyro_norm,28.208,0.6394992168911708
gyro_norm,28.23,0.5576189895115355
gyro_norm,28.25,0.2716012395372904
gyro_norm,28.271,0.33992517402768835
gyro_norm,28.292,0.5891178296943046
gyro_norm,28.312,1.0516351226053167
gyro_norm,28.333,1.0415944915521735
gyro_norm,28.354,0.4520257385653966
gyro_norm,28.374,1.0465762586104648
gyro_norm,28.395,0.6507865882361378
gyro_norm,28.417,0.5543888206687725
gyro_norm,28.436,0.9031840814718776
gyro_norm,28.458,0.7388411752841194
gyro_norm,28.479,0.7329181999337874
gyro_norm,28.499,0.5688292113942829
gyro_norm,28.52,0.1722170882097767
gyro_norm,28.542,0.4974913331080253
gyro_norm,28.561,0.6164273608610079
gyro_norm,28.604,0.6524350024323587
gyro_norm,28.626,0.36405316322547754
gyro_norm,28.648,0.4551145819586263
gyro_norm,28.669,0.36044917750071315
gyro_norm,28.692,0.38092550048472434
gyro_norm,28.713,0.2846703983178864
gyro_norm,28.735,0.21455625226364644
gyro_norm,28.757,0.5046801797219548
gyro_norm,28.779,0.3223517612086264
gyro_norm,28.801,0.1386165976850567
gyro_norm,28.823,0.2136652447630339
gyro_norm,28.844,0.5898152574902552
gyro_norm,28.867,0.5585232637964579
gyro_norm,28.889,0.9896929759610329
gyro_norm,28.91,1.2171305431395474
gyro_norm,28.932,0.4848383097923555
gyro_norm,28.954,0.3937015351033575
gyro_norm,28.976,0.20557398155296752
gyro_norm,28.998,0.4238268382856264
gyro_norm,29.019,0.19334002930655178
gyro_norm,29.041,0.8192626748036657
gyro_norm,29.063,1.120171968840951
gyro_norm,29.086,0.804773338322117
gyro_norm,29.107,0.4945697678368247
gyro_norm,29.129,0.6938550831448254
gyro_norm,29.151,0.7099024161475571
gyro_norm,29.173,0.5556778573437863
gyro_norm,29.195,0.436263572248901
gyro_norm,29.216,0.54284385369779
gyro_norm,29.238,0.6392679046508979
gyro_norm,29.26,0.648888011693925
gyro_norm,29.282,0.39275156569638686
gyro_norm,29.304,0.14000044364334824
gyro_norm,29.326,0.06730419579442294
gyro_norm,29.348,0.16616771003667596
gyro_norm,29.37,0.3930092836327601
gyro_norm,29.391,0.29176395921693016
gyro_norm,29.413,0.5229334701816345
gyro_norm,29.435,1.168703427347622
gyro_norm,29.457,0.8124769267180623
gyro_norm,29.479,0.6753616578753393
gyro_norm,29.501,0.5581853056697009
gyro_norm,29.523,0.4487691288247025
gyro_norm,29.545,0.912163435423661
gyro_norm,29.567,0.8816674770937325
gyro_norm,29.588,0.36637541712070176
gyro_norm,29.61,0.375427886011405
gyro_norm,29.632,0.43472205098362676
gyro_norm,29.654,0.19326908404891688
gyro_norm,29.678,0.15002895366279909
gyro_norm,29.698,0.25768349141445146
gyro_norm,29.72,0.17985080149931806
gyro_norm,29.741,0.11083293232906202
gyro_norm,29.763,0.2717138717847913
gyro_norm,29.786,0.3611273813180883
gyro_norm,29.807,0.2117931889795162
gyro_norm,29.829,0.25363989827457784
gyro_norm,29.851,0.3313537908883345
gyro_norm,29.873,0.20886802036418786
gyro_norm,29.895,0.5120088478041533
gyro_norm,29.917,0.6545974282268586
gyro_norm,29.938,0.7962873112771838
gyro_norm,29.96,1.2121201384726907
gyro_norm,29.982,1.079923001411859
gyro_norm,30.004,1.159997424048197
gyro_norm,30.026,0.9996091809508646
gyro_norm,30.048,0.3150324343204842
gyro_norm,30.069,0.601162507096723
gyro_norm,30.092,0.33214940858975334
gyro_norm,30.113,0.4133317778635025
gyro_norm,30.135,0.5825817201515728
gyro_norm,30.162,0.2558237336798269
gyro_norm,30.179,0.32939394092484536
gyro_norm,30.201,0.31231327639705414
gyro_norm,30.223,0.12767366007768416
gyro_norm,30.246,0.2797965824990893
gyro_norm,30.266,0.25787199264066024
gyro_norm,30.288,0.23158111461970537
gyro_norm,30.31,0.2515788873176849
gyro_norm,30.333,0.19485952099261267
gyro_norm,30.355,0.22334282508753575
gyro_norm,30.376,0.3130956536221678
gyro_norm,30.398,0.2630796166131291
gyro_norm,30.428,0.3366649973565022
gyro_norm,30.442,0.4384962003967877
gyro_norm,30.464,0.5184582096055312
gyro_norm,30.495,0.7414287118999852
gyro_norm,30.507,0.838953226713359
gyro_norm,30.529,0.4628686712445818
gyro_norm,30.551,0.6507796187614608
gyro_norm,30.574,1.7170607636331958
gyro_norm,30.599,1.2766396010127476
gyro_norm,30.617,0.7267801040650932
gyro_norm,30.644,0.6716327939747448
gyro_norm,30.662,0.3860425306962216
gyro_norm,30.682,0.9900914156706785
gyro_norm,30.704,0.736062610017757
gyro_norm,30.727,0.204614915957554
gyro_norm,30.748,0.3396179190082234
gyro_norm,30.771,0.39702480000229506
gyro_norm,30.792,0.36309897939441116
gyro_norm,30.814,0.24183071353477714
gyro_norm,30.836,0.21602989637445308
gyro_norm,30.858,0.26151777434754914
gyro_norm,30.888,0.33717360927369877
gyro_norm,30.901,0.5281808912533846
gyro_norm,30.923,0.3030548562094186
gyro_norm,30.946,0.059522690467479114
gyro_norm,30.967,0.23989172380625326
gyro_norm,30.995,0.3474823332531204
gyro_norm,31.01,0.30594665357506706
gyro_norm,31.032,0.2110858852901181
gyro_norm,31.054,0.2608421698571197
gyro_norm,31.084,0.2545952560290744
gyro_norm,31.098,0.1286872047640328
gyro_norm,31.12,0.25273094312762584
gyro_norm,31.142,0.31150159182372406
gyro_norm,31.164,0.11922597099058985
gyro_norm,31.186,0.2751931443032933
gyro_norm,31.208,0.4547881840349486
gyro_norm,31.229,0.41144760804540026
gyro_norm,31.251,0.16736287851499784
gyro_norm,31.273,0.18983070832037963
gyro_norm,31.295,0.12147937613281061
gyro_norm,31.317,0.09486232420378538
gyro_norm,31.339,0.05487188503753672
gyro_norm,31.361,0.21153678683547275
gyro_norm,31.382,0.22170736427944146
gyro_norm,31.404,0.21382197751311774
gyro_norm,31.426,0.563160449181141
gyro_norm,31.452,0.6326524149417363
gyro_norm,31.47,0.23042727548982733
gyro_norm,31.492,0.3900159296552623
gyro_norm,31.514,0.44026832618359185
gyro_norm,31.535,0.12041378923694614
gyro_norm,31.558,0.19617653714467184
gyro_norm,31.58,0.25198347634073676
gyro_norm,31.601,0.1411647081875817
gyro_norm,31.623,0.04870330086797717
gyro_norm,31.646,0.1143811662350376
gyro_norm,31.667,0.2480897563653208
gyro_norm,31.689,0.26423997227395496
gyro_norm,31.711,0.23849463470997206
gyro_norm,31.733,0.3910608760334451
gyro_norm,31.756,0.4278013458255383
gyro_norm,31.776,0.33551689159058834
gyro_norm,31.798,0.2963274281230206
gyro_norm,31.82,0.36700789025737146
gyro_norm,31.842,0.16531124396371388
gyro_norm,31.864,0.6414957452896953
gyro_norm,31.887,0.827260234321874
gyro_norm,31.907,0.4027615620061887
gyro_norm,31.934,0.9245884505848174
gyro_norm,31.951,0.8080754756231998
gyro_norm,31.973,0.27790109069610397
gyro_norm,31.995,0.4500786806057629
gyro_norm,32.017,0.3296863108705767
gyro_norm,32.039,0.2502364241836174
gyro_norm,32.061,0.3726801336858359
gyro_norm,32.086,0.3746992536678136
gyro_norm,32.105,0.39096854576463974
gyro_norm,32.126,0.31263126982337264
gyro_norm,32.148,0.15679365337361778
gyro_norm,32.17,0.18944448052899768
gyro_norm,32.192,0.22541665090398402
gyro_norm,32.214,0.1031550100263837
gyro_norm,32.236,0.14946359547428612
gyro_norm,32.258,0.41606240259560157
gyro_norm,32.28,0.4958711209259356
gyro_norm,32.301,0.23513537759020553
gyro_norm,32.323,0.26874788111652176
gyro_norm,32.346,0.31855317548278733
gyro_norm,32.367,0.6250105109138342
gyro_norm,32.389,0.4669767972271511
gyro_norm,32.412,1.343337311536659
gyro_norm,32.432,2.1721215153274964
gyro_norm,32.454,0.9144729156971618
gyro_norm,32.476,1.5072593741754146
gyro_norm,32.507,1.825381324540102
gyro_norm,32.52,0.9379277784508391
gyro_norm,32.542,0.796534006731856
gyro_norm,32.564,0.8663738385751745
gyro_norm,32.586,0.35267407531672146
gyro_norm,32.607,0.44155121138908693
gyro_norm,32.63,0.6764606211786229
gyro_norm,32.651,0.39296616034266185
gyro_norm,32.674,0.3533413258867338
gyro_norm,32.695,0.4942722245349333
gyro_norm,32.717,0.40463861391335854
gyro_norm,32.739,0.214641299062412
gyro_norm,32.76,0.22190057678219002
gyro_norm,32.782,0.26110208809468527
gyro_norm,32.805,0.12176615210193932
gyro_norm,32.827,0.1959777730020031
gyro_norm,32.848,0.46120344606324765
gyro_norm,32.87,0.4961826164665919
gyro_norm,32.892,0.4822575946915761
gyro_norm,32.913,0.5412423985810012
gyro_norm,32.936,0.6360819698479869
gyro_norm,32.957,0.49633727232795666
gyro_norm,32.979,0.6644653405050543
gyro_norm,33.002,1.7502699850635595
gyro_norm,33.023,0.9905612994079391
gyro_norm,33.046,1.2465658372677217
gyro_norm,33.067,1.5593745682369995
gyro_norm,33.089,0.30756622375931597
gyro_norm,33.111,1.1817858943803017
gyro_norm,33.133,1.4017412236679343
gyro_norm,33.155,0.4691364034120746
gyro_norm,33.176,0.6315500194625131
gyro_norm,33.199,0.7411794773996739
gyro_norm,33.22,0.17987996394502462
gyro_norm,33.242,0.29977691342657586
gyro_norm,33.264,0.34890982955326133
gyro_norm,33.287,0.15200970002166794
gyro_norm,33.308,0.23450471575954243
gyro_norm,33.33,0.3797120355714978
gyro_norm,33.352,0.33068050134352284
gyro_norm,33.375,0.16154255387053562
gyro_norm,33.395,0.14342848036582254
gyro_norm,33.418,0.24746099384449827
gyro_norm,33.448,0.47892986583369607
gyro_norm,33.461,0.5377731305548816
gyro_norm,33.482,0.24668430821108192
gyro_norm,33.504,0.38229338651919953
gyro_norm,33.531,0.5341221286538138
gyro_norm,33.552,0.49075898249955713
gyro_norm,33.572,0.11997186102572129
gyro_norm,33.592,0.35692242007847313
gyro_norm,33.614,0.5886602462442067
gyro_norm,33.636,0.6436348461409142
gyro_norm,33.657,0.5101465278370092
gyro_norm,33.681,0.1218435966415836
gyro_norm,33.701,0.33504728890150093
gyro_norm,33.723,0.30810517605087134
gyro_norm,33.746,0.14518266919871875
gyro_norm,33.767,0.6239629988926884
gyro_norm,33.789,0.7661494188279041
gyro_norm,33.811,0.46927689716322524
gyro_norm,33.835,0.10297024808485314
gyro_norm,33.854,0.14962828105831136
gyro_norm,33.877,0.09290292841209348
gyro_norm,33.898,0.17246148158857674
gyro_norm,33.92,0.2170816572843704
gyro_norm,33.942,0.13840907055463655
gyro_norm,33.964,0.06907044743619646
gyro_norm,33.987,0.06786512699445824
gyro_norm,34.008,0.08463467662619462
gyro_norm,34.029,0.1803456793219713
gyro_norm,34.052,0.25327031042157966
gyro_norm,34.074,0.17392470304248947
gyro_norm,34.095,0.22195925766468044
gyro_norm,34.117,0.2517999242609445
gyro_norm,34.147,0.13961208662511676
gyro_norm,34.162,0.20656637629468944
gyro_norm,34.183,0.26658494857840265
gyro_norm,34.204,0.1728503104226953
gyro_norm,34.227,0.6752379519597969
gyro_norm,34.248,0.7158065491137426
gyro_norm,34.27,0.4054662944039127
gyro_norm,34.292,0.7282961849201143
gyro_norm,34.314,0.510001045390153
gyro_norm,34.336,0.28647281890408005
gyro_norm,34.358,0.3661436892813839
gyro_norm,34.38,0.1111498002959782
gyro_norm,34.402,0.41889605555240994
gyro_norm,34.427,0.566027005843608
gyro_norm,34.446,0.4258799012647151
gyro_norm,34.467,0.1961143026002726
gyro_norm,34.49,0.10158772478475878
gyro_norm,34.511,0.188142440857998
gyro_norm,34.533,0.20698154657826998
gyro_norm,34.555,0.22083062918447813
gyro_norm,34.577,0.23333180529234165
gyro_norm,34.598,0.1508645131449782
gyro_norm,34.62,0.1251301185556326
gyro_norm,34.642,0.24117020764214073
gyro_norm,34.664,0.18025338505694244
gyro_norm,34.686,0.1272938711612739
gyro_norm,34.708,0.2815597687070802
gyro_norm,34.73,0.43774091396462056
gyro_norm,34.752,0.45658053922460534
gyro_norm,34.779,0.3225369559042707
gyro_norm,34.799,0.24970068329992728
gyro_norm,34.817,0.662303220506507
gyro_norm,34.839,0.4125530579390634
gyro_norm,34.861,0.6373601454492838
gyro_norm,34.883,1.0753650441490452
gyro_norm,34.905,0.7386077939480395
gyro_norm,34.927,0.29779340641790636
gyro_norm,34.949,0.40116995422169316
gyro_norm,34.973,0.241941303132423
gyro_norm,34.992,0.3682801936060642
gyro_norm,35.015,0.5513284782758424
gyro_norm,35.036,0.4268699548628276
gyro_norm,35.058,0.20937072747668498
gyro_norm,35.08,0.15716365906434698
gyro_norm,35.106,0.18213511198891746
gyro_norm,35.123,0.28677905571564694
gyro_norm,35.146,0.4894737286844725
gyro_norm,35.167,0.7003382577227394
gyro_norm,35.189,0.8471877531879127
gyro_norm,35.211,0.7989151550924531
gyro_norm,35.233,0.41943099804130657
gyro_norm,35.255,0.3137610696589432
gyro_norm,35.289,0.3595047337599361
gyro_norm,35.299,0.359570674562263
gyro_norm,35.32,0.501959257321192
gyro_norm,35.342,0.21220958001801574
gyro_norm,35.364,1.023986294167331
gyro_norm,35.388,1.1960244385585832
gyro_norm,35.408,0.8113228096470158
gyro_norm,35.43,2.1185064471442394
gyro_norm,35.452,1.57376314748723
gyro_norm,35.474,0.5454477498225778
gyro_norm,35.503,1.2737525265688927
gyro_norm,35.517,1.21628350723562
gyro_norm,35.543,0.6728208427504833
gyro_norm,35.561,0.8316048933409882
gyro_norm,35.584,0.7113702835335455
gyro_norm,35.612,0.36226322543600414
gyro_norm,35.627,0.4380215674894397
gyro_norm,35.648,0.41313438139293385
gyro_norm,35.67,0.31371418216657737
gyro_norm,35.693,0.2678176228994767
gyro_norm,35.714,0.3128520534134702
gyro_norm,35.736,0.26147693208572126
gyro_norm,35.758,0.17052163670700066
gyro_norm,35.78,0.18812416200230722
gyro_norm,35.801,0.3466296813816186
gyro_norm,35.823,0.2601033812081021
gyro_norm,35.846,0.4840988856425519
gyro_norm,35.867,0.4674143775688067
gyro_norm,35.889,1.1393075616764647
gyro_norm,35.911,1.1909412380854894
gyro_norm,35.933,0.33564866253058245
gyro_norm,35.963,1.3755248338204176
gyro_norm,35.976,1.1604033850294508
gyro_norm,35.999,0.37048374967431835
gyro_norm,36.02,0.9179413844351062
gyro_norm,36.045,0.746487653157963
gyro_norm,36.065,0.34706931254573176
gyro_norm,36.089,0.64459958156386
gyro_norm,36.108,0.6351970994005312
gyro_norm,36.13,0.5797159180043973
gyro_norm,36.152,0.5409432945691772
gyro_norm,36.174,0.5267941422167642
gyro_norm,36.203,0.5245342466347879
gyro_norm,36.217,0.4195354356666404
gyro_norm,36.242,0.26697316172085955
gyro_norm,36.261,0.21984482514548828
gyro_norm,36.283,0.11979551194086303
gyro_norm,36.306,0.23359952454326216
gyro_norm,36.327,0.33935067587809786
gyro_norm,36.349,0.31985500117379245
gyro_norm,36.371,0.32274890828768
gyro_norm,36.393,0.40263776623281305
gyro_norm,36.414,0.35301120106846945
gyro_norm,36.436,1.4561553082858916
gyro_norm,36.461,1.5632771060673079
gyro_norm,36.48,0.8895835682611977
gyro_norm,36.501,1.0439884400872885
gyro_norm,36.524,0.5155342586138936
gyro_norm,36.546,0.9539397499675851
gyro_norm,36.571,0.8507381539804753
gyro_norm,36.589,0.5074452432509434
gyro_norm,36.611,0.6697495821688366
gyro_norm,36.633,0.5033984147829351
gyro_norm,36.655,0.30873579753797004
gyro_norm,36.677,0.46786015384243745
gyro_norm,36.7,0.46173909242728106
gyro_norm,36.723,0.32230121015102664
gyro_norm,36.742,0.2692010452911598
gyro_norm,36.764,0.3037409247555901
gyro_norm,36.787,0.2529299321618724
gyro_norm,36.808,0.0453279052674004
gyro_norm,36.83,0.27308679209949444
gyro_norm,36.852,0.24982106205632862
gyro_norm,36.874,0.6010744073141755
gyro_norm,36.895,0.7757731629596234
gyro_norm,36.928,0.3627299282388632
gyro_norm,36.94,0.5771900750981123
gyro_norm,36.962,0.7994881679189707
gyro_norm,36.986,0.45917268809725637
gyro_norm,37.006,0.4500400033209572
gyro_norm,37.027,0.7343975881477267
gyro_norm,37.052,0.6528147070315939
gyro_norm,37.07,0.29072710920650935
gyro_norm,37.092,0.14773055964479254
gyro_norm,37.114,0.2046762793543885
gyro_norm,37.137,0.20442190710020774
gyro_norm,37.158,0.1782409987746633
gyro_norm,37.18,0.14270533853213271
gyro_norm,37.205,0.15097245529230469
gyro_norm,37.224,0.2039095804430013
gyro_norm,37.246,0.26808841862828997
gyro_norm,37.267,0.3122329567930228
gyro_norm,37.289,0.2501584431455243
gyro_norm,37.311,0.21944801672125017
gyro_norm,37.333,0.21667639891408016
gyro_norm,37.355,0.17523262878567689
gyro_norm,37.377,0.2149312173111852
gyro_norm,37.398,0.28249309041824944
gyro_norm,37.432,0.21627530265063621
gyro_norm,37.442,0.18764800460629952
gyro_norm,37.464,0.32971210452647787
gyro_norm,37.486,0.23666817623605374
gyro_norm,37.508,0.05803717834188346
gyro_norm,37.53,0.09167768608925106
gyro_norm,37.552,0.17064318138807108
gyro_norm,37.574,0.213605796240155
gyro_norm,37.596,0.20812505037310433
gyro_norm,37.617,0.21950843394163122
gyro_norm,37.64,0.28895559527102865
gyro_norm,37.661,0.2564999666894986
gyro_norm,37.683,0.29936066761196567
gyro_norm,37.706,0.3987369452468815
gyro_norm,37.727,0.48989250609345436
gyro_norm,37.748,0.586316867751395
gyro_norm,37.771,0.64466912583275
gyro_norm,37.793,0.531013795816248
gyro_norm,37.814,0.31195259725458196
gyro_norm,37.837,0.33881097994806647
gyro_norm,37.858,0.34373584584077055
gyro_norm,37.88,0.29027608582270015
gyro_norm,37.902,0.3082089074801245
gyro_norm,37.924,0.36220160639338267
gyro_norm,37.947,0.3789845203163661
gyro_norm,37.968,0.3316900616334153
gyro_norm,37.989,0.2690911686268696
gyro_norm,38.011,0.29082905114034624
gyro_norm,38.033,0.3046829251340457
gyro_norm,38.055,0.24719020471784608
gyro_norm,38.078,0.3756109976262458
gyro_norm,38.099,0.6511359711024374
gyro_norm,38.121,0.5098246951524804
gyro_norm,38.143,0.4068191051321106
gyro_norm,38.169,0.7543541206962414
gyro_norm,38.186,0.40120033017075885
gyro_norm,38.208,0.4853008992862861
gyro_norm,38.23,0.7473227017852181
gyro_norm,38.252,0.7427690760314913
gyro_norm,38.274,0.5226838433884006
gyro_norm,38.298,0.3998753721815381
gyro_norm,38.32,0.33989592144023656
gyro_norm,38.339,0.3626948251466416
gyro_norm,38.361,0.46594242770592587
gyro_norm,38.383,0.4666139536040624
gyro_norm,38.406,0.32021747601647277
gyro_norm,38.427,0.3530136825727494
gyro_norm,38.449,0.4317124697127065
gyro_norm,38.471,0.39282214417141675
gyro_norm,38.493,0.4241043175140995
gyro_norm,38.515,0.43760470522254236
gyro_norm,38.539,0.4544373671640617
gyro_norm,38.558,0.3571919606171071
gyro_norm,38.58,0.18345950729864513
gyro_norm,38.602,0.12075680054647771
gyro_norm,38.624,0.6299120077972402
gyro_norm,38.649,0.9292473850317124
gyro_norm,38.667,0.30825089452659055
gyro_norm,38.69,0.7874638211028395
gyro_norm,38.711,0.8847247208317789
gyro_norm,38.734,0.5657297390219953
gyro_norm,38.755,1.1621792039188952
gyro_norm,38.778,1.0637534948889626
gyro_norm,38.811,0.5834951575607362
gyro_norm,38.821,0.8682839010672809
gyro_norm,38.843,0.7199048863711934
gyro_norm,38.864,0.5242837865475232
gyro_norm,38.887,0.8576680913325889
gyro_norm,38.908,0.8081879914547926
gyro_norm,38.93,0.5767311190686718
gyro_norm,38.953,0.5223499742002763
gyro_norm,38.974,0.40808192685006445
gyro_norm,38.996,0.35100442062326187
gyro_norm,39.017,0.26814259302496146
gyro_norm,39.04,0.13020387866498048
gyro_norm,39.061,0.09853934954830994
gyro_norm,39.083,0.14094381031621833
gyro_norm,39.107,0.28094792273837266
gyro_norm,39.134,0.46401695307221147
gyro_norm,39.149,0.6125506184856828
gyro_norm,39.171,0.8101752726520998
gyro_norm,39.193,0.9934207782889802
gyro_norm,39.215,0.8251706510541627
gyro_norm,39.237,2.2475479844147523
gyro_norm,39.258,1.4803709612347253
gyro_norm,39.281,0.883500910503413
gyro_norm,39.302,1.3340104076053176
gyro_norm,39.324,0.4572096682890238
gyro_norm,39.346,1.2688627339004166
gyro_norm,39.368,1.3629617737460513
gyro_norm,39.389,0.46861219450747604
gyro_norm,39.412,0.4235497100439094
gyro_norm,39.433,0.4704976825161307
gyro_norm,39.455,0.46137558412009777
gyro_norm,39.483,0.5281089376975672
gyro_norm,39.499,0.3713263308581828
gyro_norm,39.521,0.2987388452185
gyro_norm,39.542,0.17981980421768895
gyro_norm,39.565,0.2031091488421922
gyro_norm,39.587,0.23710845416596368
gyro_norm,39.609,0.5305383685412596
gyro_norm,39.63,0.7905419854169891
gyro_norm,39.652,0.9667548453448219
gyro_norm,39.674,0.9271396349175333
gyro_norm,39.708,0.33710560140273327
gyro_norm,39.718,1.1271670822124722
gyro_norm,39.74,1.559753540213727
gyro_norm,39.766,0.7513853702884703
gyro_norm,39.783,0.7474614666859204
gyro_norm,39.806,0.36132694524266035
gyro_norm,39.827,0.5945162520049347
gyro_norm,39.849,0.9076565875189248
gyro_norm,39.871,0.616780299531889
gyro_norm,39.893,0.23740630432531928
gyro_norm,39.914,0.16066832632334327
gyro_norm,39.937,0.17454659208676737
gyro_norm,39.959,0.15031510097205497
gyro_norm,39.98,0.28372276224659976
gyro_norm,40.003,0.3455896307214599
gyro_norm,40.024,0.2839807233230555
gyro_norm,40.046,0.6890472317644457
gyro_norm,40.067,1.2593625637670585
gyro_norm,40.1,0.7413397302263148
gyro_norm,40.111,0.5018261068118121
gyro_norm,40.133,1.0966692106734344
gyro_norm,40.155,0.798251027169896
gyro_norm,40.177,0.11944652079989694
gyro_norm,40.199,0.4490993678219333
gyro_norm,40.221,0.5610569655180901
gyro_norm,40.243,0.4267015255675646
gyro_norm,40.264,0.27983950357048076
gyro_norm,40.287,0.29707861092509186
gyro_norm,40.311,0.303966537072221
gyro_norm,40.331,0.2886533578587985
gyro_norm,40.352,0.3527976830693021
gyro_norm,40.374,0.3277299816154328
gyro_norm,40.404,0.38568607370718744
gyro_norm,40.418,0.7024969615177574
gyro_norm,40.44,0.7070198141370458
gyro_norm,40.462,0.5085404335017817
gyro_norm,40.484,0.48382842897259276
gyro_norm,40.506,0.4198522933858029
gyro_norm,40.527,0.35907733844622175
gyro_norm,40.549,0.47147868468222376
gyro_norm,40.571,0.49800309724579034
gyro_norm,40.593,0.3730009484515266
gyro_norm,40.615,0.3470787762130014
gyro_norm,40.637,0.35095744111873217
gyro_norm,40.665,0.28408635782653674
gyro_norm,40.68,0.3016537649981699
gyro_norm,40.702,0.5828063030664189
gyro_norm,40.73,0.3462322746332332
gyro_norm,40.746,0.5526503933672303
gyro_norm,40.768,0.8356853129808163
gyro_norm,40.79,0.31958362910772764
gyro_norm,40.812,0.6229270820727442
gyro_norm,40.834,0.8341823641662857
gyro_norm,40.856,0.7441934875864229
gyro_norm,40.879,0.532030446598277
gyro_norm,40.899,0.18981399290353584
gyro_norm,40.921,0.33449573186561243
gyro_norm,40.943,0.2555841287726311
gyro_norm,40.965,0.3032531645177552
gyro_norm,40.987,0.4848317647228214
gyro_norm,41.009,0.4855292093362391
gyro_norm,41.03,0.33444344670663084
gyro_norm,41.053,0.9481488229531614
gyro_norm,41.075,0.9015509279514189
gyro_norm,41.096,0.43985897651765465
gyro_norm,41.12,0.29752383935708404
gyro_norm,41.14,0.31718018173806667
gyro_norm,41.162,0.6901812886763116
gyro_norm,41.183,0.4954157747857835
gyro_norm,41.211,0.22175117277003475
gyro_norm,41.227,0.6889344459643839
gyro_norm,41.25,1.4353489932031285
gyro_norm,41.274,0.8783275750779884
gyro_norm,41.293,0.8171493082838576
gyro_norm,41.315,1.3755471613559864
gyro_norm,41.344,0.6818600779135008
gyro_norm,41.36,1.0104859593432685
gyro_norm,41.38,0.6774220938077843
gyro_norm,41.402,0.6298256648145822
gyro_norm,41.424,1.3445591271962065
gyro_norm,41.446,0.9869015828457555
gyro_norm,41.468,0.5955158150273897
gyro_norm,41.49,0.8561400460556967
gyro_norm,41.512,0.572656930097286
gyro_norm,41.534,0.38491460420450846
gyro_norm,41.56,0.5874132151132858
gyro_norm,41.577,0.44006659691608835
gyro_norm,41.601,0.2797621028853876
gyro_norm,41.621,0.17943692015095591
gyro_norm,41.643,0.09594904488226434
gyro_norm,41.666,0.13185378511672843
gyro_norm,41.689,0.2245040711138809
gyro_norm,41.709,0.37570401824586347
gyro_norm,41.731,0.4220547789842027
gyro_norm,41.753,0.42084233438608015
gyro_norm,41.774,0.4881395048422833
gyro_norm,41.796,0.5213694708684585
gyro_norm,41.818,0.3655032247702387
gyro_norm,41.847,0.6123810901999813
gyro_norm,41.862,0.982292745794381
gyro_norm,41.883,0.5378801026298435
gyro_norm,41.906,0.30474029881268383
gyro_norm,41.927,0.2800017617883716
gyro_norm,41.949,0.6253066826298885
gyro_norm,41.971,0.9405950344772316
gyro_norm,41.993,0.8410794120577253
gyro_norm,42.015,0.5814914877979609
gyro_norm,42.039,0.6556308244596757
gyro_norm,42.058,0.6434174022523675
gyro_norm,42.082,0.5366553479202228
gyro_norm,42.102,0.49886769377972706
gyro_norm,42.124,0.44528901302827156
gyro_norm,42.147,0.3881222512439875
gyro_norm,42.168,0.30700861218791275
gyro_norm,42.19,0.1800277804186215
gyro_norm,42.212,0.06341400997660827
gyro_norm,42.234,0.20757383339672011
gyro_norm,42.256,0.3443167647834897
gyro_norm,42.278,0.28963418217191317
gyro_norm,42.3,0.28261699444364313
gyro_norm,42.328,0.5752144368979314
gyro_norm,42.345,0.3612715503752889
gyro_norm,42.366,0.7967058572013411
gyro_norm,42.387,1.2931187835832532
gyro_norm,42.409,0.7149584673703299
gyro_norm,42.43,0.833872088001147
gyro_norm,42.453,0.9300784868553382
gyro_norm,42.476,0.5697129211317322
gyro_norm,42.496,0.5948835726482147
gyro_norm,42.519,0.698838979383136
gyro_norm,42.54,0.5806465901307033
gyro_norm,42.563,0.5066876483674846
gyro_norm,42.583,0.5485499864198536
gyro_norm,42.607,0.6646093983392007
gyro_norm,42.628,0.660828926756103
gyro_norm,42.65,0.5456988180401819
gyro_norm,42.672,0.35450243842425255
gyro_norm,42.693,0.23776219530525886
gyro_norm,42.715,0.3752619906802292
gyro_norm,42.737,0.4977747066855202
gyro_norm,42.759,0.3842840039480626
gyro_norm,42.781,0.4973084075494135
gyro_norm,42.812,0.5237187811781596
gyro_norm,42.824,0.7293472369583012
gyro_norm,42.846,1.4887315376265298
gyro_norm,42.868,1.5723761317226688
gyro_norm,42.891,0.19520559326880804
gyro_norm,42.913,1.3682248792936296
gyro_norm,42.934,1.3071298208067816
gyro_norm,42.956,0.5726320711761627
gyro_norm,42.977,0.518335411287185
gyro_norm,43.002,0.5395346532853796
gyro_norm,43.021,0.4146689053043054
gyro_norm,43.044,0.6043166469798581
gyro_norm,43.066,0.5931516793432915
gyro_norm,43.087,0.6286455908255872
gyro_norm,43.109,0.658376014310838
gyro_norm,43.131,0.4387862939730593
gyro_norm,43.153,0.3077453000139761
gyro_norm,43.175,0.4666467102715862
gyro_norm,43.197,0.4421686252141186
gyro_norm,43.218,0.40735751614691046
gyro_norm,43.244,0.3898545492687211
gyro_norm,43.262,0.6564920180638769
gyro_norm,43.284,0.6621538374671588
gyro_norm,43.307,0.5484280396759551
gyro_norm,43.328,0.21709050598877258
gyro_norm,43.351,1.4225510637709569
gyro_norm,43.371,1.4333833549111
gyro_norm,43.393,0.31072900734080106
gyro_norm,43.428,1.262242915638879
gyro_norm,43.437,1.0832712060178862
gyro_norm,43.459,0.5546362393234038
gyro_norm,43.481,1.255597374492517
gyro_norm,43.503,1.3427216628938365
gyro_norm,43.529,0.7478824842424777
gyro_norm,43.547,0.9323593866273162
gyro_norm,43.568,0.8617633194192256
gyro_norm,43.59,0.5909806074789544
gyro_norm,43.612,0.44734543269988164
gyro_norm,43.634,0.36699404653774587
gyro_norm,43.66,0.3870169805481297
gyro_norm,43.678,0.280926497909592
gyro_norm,43.699,0.13795446777117046
gyro_norm,43.722,0.08442498309846802
gyro_norm,43.743,0.18015974210807198
gyro_norm,43.769,0.4698804303132374
gyro_norm,43.787,0.6280799509345552
gyro_norm,43.809,0.6327718332345147
gyro_norm,43.832,0.8558326131657381
gyro_norm,43.852,1.4941749337050552
gyro_norm,43.874,1.2613624368443364
gyro_norm,43.896,0.5179584495591653
gyro_norm,43.926,0.7603743023392495
gyro_norm,43.94,0.425742079522612
gyro_norm,43.962,0.547083417711128
gyro_norm,43.985,0.9772952431622256
gyro_norm,44.006,0.8124074477875818
gyro_norm,44.028,0.38171639411022906
gyro_norm,44.049,0.43560061297802943
gyro_norm,44.071,0.4530545069125957
gyro_norm,44.093,0.6047378074877057
gyro_norm,44.115,0.6412375185010094
gyro_norm,44.143,0.6523337041252184
gyro_norm,44.159,0.5947447236228821
gyro_norm,44.181,0.3000503335257798
gyro_norm,44.203,0.4408859630082746
gyro_norm,44.224,0.5688395104304553
gyro_norm,44.252,0.8627785791954525
gyro_norm,44.269,1.1498059459844088
gyro_norm,44.29,1.255018766990159
gyro_norm,44.312,0.6679920480653658
gyro_norm,44.334,0.8437990936802308
gyro_norm,44.357,1.4813448721464635
gyro_norm,44.382,1.1273830351922878
gyro_norm,44.403,0.747560000790716
gyro_norm,44.422,0.5606631781186062
gyro_norm,44.444,0.45680582217802995
gyro_norm,44.466,0.7141273067827622
gyro_norm,44.487,0.48256201695176404
gyro_norm,44.509,0.25436873918247854
gyro_norm,44.531,0.28814413842368697
gyro_norm,44.553,0.5195771382330466
gyro_norm,44.574,0.6370522769236375
gyro_norm,44.597,0.5658618760663393
gyro_norm,44.626,0.331090301313344
gyro_norm,44.64,0.24691262164392583
gyro_norm,44.662,0.3178476462102938
gyro_norm,44.684,0.5836427471042803
gyro_norm,44.706,0.8368566736196796
gyro_norm,44.727,0.7777441241887921
gyro_norm,44.749,0.4511809841295014
gyro_norm,44.772,0.8497130381051524
gyro_norm,44.793,1.0823591177833827
gyro_norm,44.825,0.7520946903573034
gyro_norm,44.837,0.8074887976542283
gyro_norm,44.869,1.1823112538671643
gyro_norm,44.881,0.6046209946656902
gyro_norm,44.902,0.8392786563709788
gyro_norm,44.925,1.1621038824915866
gyro_norm,44.947,0.6024830259657227
gyro_norm,44.968,0.6063494005191538
gyro_norm,44.99,0.8879631054420783
gyro_norm,45.012,0.4503849107508738
gyro_norm,45.034,0.36109341978964615
gyro_norm,45.056,0.7865409767369583
gyro_norm,45.078,0.610996650857237
gyro_norm,45.099,0.2557638737870683
gyro_norm,45.121,0.36526463251286856
gyro_norm,45.143,0.2492849949461355
gyro_norm,45.167,0.4179030394174943
gyro_norm,45.187,0.4539262182569175
gyro_norm,45.209,0.22757423667170698
gyro_norm,45.231,0.3244776819305035
gyro_norm,45.253,0.6729814692600372
gyro_norm,45.275,0.8516183711748253
gyro_norm,45.297,0.6222172824602651
gyro_norm,45.319,1.2855383310949593
gyro_norm,45.341,1.1472766842001134
gyro_norm,45.363,0.6432511778337712
gyro_norm,45.384,0.3912133735993074
gyro_norm,45.406,0.2724614931359641
gyro_norm,45.428,0.23836024132458208
gyro_norm,45.45,0.6797666323898791
gyro_norm,45.472,0.8379229158317583
gyro_norm,45.494,0.7260235650606716
gyro_norm,45.528,0.48779248767533717
gyro_norm,45.537,0.35020436497516205
gyro_norm,45.559,0.49818844734313417
gyro_norm,45.581,0.3846896819983064
gyro_norm,45.603,0.2824237775011439
gyro_norm,45.625,0.3065569522346781
gyro_norm,45.647,0.346800481792919
gyro_norm,45.669,0.4507979426374625
gyro_norm,45.69,0.33038653823343844
gyro_norm,45.712,0.4873840134067354
gyro_norm,45.734,0.4096556089038358
gyro_norm,45.766,0.3702171247926796
gyro_norm,45.778,0.5084958840075108
gyro_norm,45.799,1.0227048654814628
gyro_norm,45.821,1.362051250271863
gyro_norm,45.844,0.9513085108187687
gyro_norm,45.866,0.398222370470491
gyro_norm,45.887,1.0469773487828438
gyro_norm,45.909,1.077217861815334
gyro_norm,45.931,0.4966219264320199
gyro_norm,45.954,0.2637950253885232
gyro_norm,45.975,0.6186710874748861
gyro_norm,46.005,0.7031523683982142
gyro_norm,46.018,0.5282910841573892
gyro_norm,46.04,0.5272123532521904
gyro_norm,46.062,0.9925255135000643
gyro_norm,46.084,1.1531072557359678
gyro_norm,46.106,0.8416394108306318
gyro_norm,46.128,0.5554528214950291
gyro_norm,46.15,0.49491235407707274
gyro_norm,46.172,0.5978095847142082
gyro_norm,46.193,0.559537861803892
gyro_norm,46.216,0.4072699644582808
gyro_norm,46.249,0.48991519376510745
gyro_norm,46.259,0.6060721023081684
gyro_norm,46.281,0.8360126574528106
gyro_norm,46.305,1.6714877472496612
gyro_norm,46.325,1.3926116632628505
gyro_norm,46.346,0.7825084743932547
gyro_norm,46.369,0.6664697826401539
gyro_norm,46.39,0.9233100127677933
gyro_norm,46.413,0.7065424924668557
gyro_norm,46.435,0.7315364087638305
gyro_norm,46.456,0.9298145595566643
gyro_norm,46.479,0.5983556310011089
gyro_norm,46.501,0.4564178638576713
gyro_norm,46.522,0.6930500454995482
gyro_norm,46.543,0.8714558018317015
gyro_norm,46.567,1.1224961104555107
gyro_norm,46.587,0.8447099266067036
gyro_norm,46.609,0.8535325052611641
gyro_norm,46.631,0.7620169912519638
gyro_norm,46.653,0.40400016191266247
gyro_norm,46.675,0.5750502955475881
gyro_norm,46.697,0.42139191651043756
gyro_norm,46.724,0.5754262047230502
gyro_norm,46.74,0.7718319514407641
gyro_norm,46.762,0.8569820590785608
gyro_norm,46.785,0.9140970070735269
gyro_norm,46.806,1.4330788566465515
gyro_norm,46.828,1.0198777272706738
gyro_norm,46.85,0.45537392495038914
gyro_norm,46.872,0.7868391766134211
gyro_norm,46.894,0.5616136872544021
gyro_norm,46.924,0.693255074593696
gyro_norm,46.937,1.0171787366444045
gyro_norm,46.96,0.4408184228200337
gyro_norm,46.981,0.4855568750662597
gyro_norm,47.003,0.734840765601389
gyro_norm,47.026,0.5345901143905182
gyro_norm,47.047,0.44687893351391766
gyro_norm,47.069,0.4595587871135584
gyro_norm,47.091,0.4490064182729053
gyro_norm,47.113,0.4741340165731758
gyro_norm,47.134,0.47684054896018824
gyro_norm,47.161,0.0924817328532603
gyro_norm,47.178,0.7034026588994986
gyro_norm,47.2,0.7236395433265542
gyro_norm,47.224,0.35778882675429874
gyro_norm,47.244,0.4081391109349616
gyro_norm,47.266,0.5574496094145117
gyro_norm,47.287,0.6141967536075287
gyro_norm,47.309,1.0561453644417416
gyro_norm,47.331,0.7082273141524392
gyro_norm,47.353,0.5139598821676329
gyro_norm,47.375,0.492865124810937
gyro_norm,47.403,0.4610411803897934
gyro_norm,47.419,0.5100357555486061
gyro_norm,47.449,0.19915375130434929
gyro_norm,47.462,0.5087167968566977
gyro_norm,47.485,0.653631383908002
gyro_norm,47.507,0.3051574108773456
gyro_norm,47.528,0.29911879158633364
gyro_norm,47.55,0.3190535254958271
gyro_norm,47.572,0.14719472326131058
gyro_norm,47.604,0.4835126337655444
gyro_norm,47.616,0.6694074797015959
gyro_norm,47.637,0.7221658839266683
gyro_norm,47.66,0.676603892121048
gyro_norm,47.682,0.4134298963449137
gyro_norm,47.703,0.3671284854794964
gyro_norm,47.726,0.49880429326536396
gyro_norm,47.747,0.530559779027653
gyro_norm,47.772,0.1840885790382718
gyro_norm,47.79,1.6137546979800284
gyro_norm,47.812,2.0259351790596396
gyro_norm,47.834,0.3865355745748245
gyro_norm,47.856,0.99422548905892
gyro_norm,47.878,0.7349505567431995
gyro_norm,47.9,0.7066327982261602
gyro_norm,47.922,1.3165429268858433
gyro_norm,47.943,1.0406785064487611
gyro_norm,47.966,0.29526502293934354
gyro_norm,47.988,0.370619458364413
gyro_norm,48.009,0.30682260383051474
gyro_norm,48.031,0.28332036529103855
gyro_norm,48.053,0.38798718635180185
gyro_norm,48.076,0.35794846112387163
gyro_norm,48.097,0.17366799062039645
gyro_norm,48.119,0.046516308625129885
gyro_norm,48.141,0.12004027164044934
gyro_norm,48.163,0.07326606380066217
gyro_norm,48.184,0.3053632494941437
gyro_norm,48.207,0.708323475642148
gyro_norm,48.228,1.0234097746615618
gyro_norm,48.251,1.2959839025442719
gyro_norm,48.272,1.3850967861019778
gyro_norm,48.294,0.47735762069697885
gyro_norm,48.316,1.9032649016619534
gyro_norm,48.338,2.2171589996941394
gyro_norm,48.364,0.6993796436800511
gyro_norm,48.381,1.8963548578024758
gyro_norm,48.403,1.120338052837525
gyro_norm,48.426,0.962511742097529
gyro_norm,48.447,1.8540408170013252
gyro_norm,48.469,1.3961745135781423
gyro_norm,48.491,0.4968986265220184
gyro_norm,48.513,0.734010904977792
gyro_norm,48.535,0.5435191666624328
gyro_norm,48.557,0.27066044746071394
gyro_norm,48.578,0.35224829679693315
gyro_norm,48.6,0.3690675934902667
gyro_norm,48.622,0.25491044641143207
gyro_norm,48.644,0.12042153657461742
gyro_norm,48.667,0.0870048192093548
gyro_norm,48.688,0.1834436795544615
gyro_norm,48.714,0.40420280858727453
gyro_norm,48.732,0.3848426350394892
gyro_norm,48.754,0.41878529380372004
gyro_norm,48.789,0.2971960990273182
gyro_norm,48.798,0.5451969398127074
gyro_norm,48.819,0.4463243654865377
gyro_norm,48.841,0.3500945608539277
gyro_norm,48.862,0.4799364335529682
gyro_norm,48.884,0.4445895929278099
gyro_norm,48.906,0.48817933188452733
gyro_norm,48.928,0.5368115265444398
gyro_norm,48.95,0.4334729641278321
gyro_norm,48.972,0.5574602495439629
gyro_norm,48.994,0.8302597677119851
gyro_norm,49.017,1.013443679379406
gyro_norm,49.042,1.208268354907321
gyro_norm,49.059,1.3253542146444592
gyro_norm,49.081,1.3811914577286821
gyro_norm,49.103,1.6212173284897768
gyro_norm,49.126,1.9757066900131879
gyro_norm,49.147,2.197851596231292
gyro_norm,49.169,2.275439490483167
gyro_norm,49.19,2.381707189565989
gyro_norm,49.213,2.607707842325891
gyro_norm,49.234,2.840995662011389
gyro_norm,49.261,2.9781053075573896
gyro_norm,49.282,3.0869642825769374
gyro_norm,49.3,3.0849176743590685
gyro_norm,49.322,3.0467958958023837
gyro_norm,49.344,3.1240238168012033
gyro_norm,49.367,3.3002534777058896
gyro_norm,49.387,3.4641979568332486
gyro_norm,49.41,3.5137171215536704
gyro_norm,49.431,3.5269411135413358
gyro_norm,49.453,3.5611295809844665
gyro_norm,49.486,3.4078582082313593
gyro_norm,49.499,3.2051307480617695
gyro_norm,49.52,3.1891248624544777
gyro_norm,49.54,3.1300122704940136
gyro_norm,49.562,2.9851671118415974
gyro_norm,49.584,2.9189962332807444
gyro_norm,49.606,2.9757647760911126
gyro_norm,49.628,2.973910983367406
gyro_norm,49.651,3.0660453436899693
gyro_norm,49.672,2.932712178791819
gyro_norm,49.694,2.6138526041735304
gyro_norm,49.716,2.5143385112924115
gyro_norm,49.739,2.3547730133101665
gyro_norm,49.759,2.333306420806218
gyro_norm,49.782,2.3494342325481177
gyro_norm,49.803,2.2437469802872094
gyro_norm,49.826,2.1469877409967215
gyro_norm,49.847,2.0477778063574092
gyro_norm,49.869,1.9672751421636763
gyro_norm,49.893,1.8848534669029873
gyro_norm,49.912,1.7547574896473568
gyro_norm,49.935,1.668620397710263
gyro_norm,49.96,1.599781406771266
gyro_norm,49.978,1.6287928706147374
gyro_norm,50.003,1.6045835904079329
gyro_norm,50.022,1.4675223050153239
gyro_norm,50.044,1.4192785764011553
gyro_norm,50.068,1.3836849786994823
gyro_norm,50.088,1.464056177732686
gyro_norm,50.11,1.491106791007125
gyro_norm,50.131,1.5865099110211862
gyro_norm,50.158,1.841049545327219
gyro_norm,50.176,1.9651520476341466
gyro_norm,50.197,1.8206702757693887
gyro_norm,50.22,1.8635897000776884
gyro_norm,50.241,1.8758072132244854
gyro_norm,50.262,1.915000155381353
gyro_norm,50.284,2.0608166092922557
gyro_norm,50.306,1.8109105680671687
gyro_norm,50.329,1.4835254308718493
gyro_norm,50.35,1.4226612511941774
gyro_norm,50.372,1.4172205172487689
gyro_norm,50.394,1.4725409241790473
gyro_norm,50.422,1.4199517569150752
gyro_norm,50.438,1.3221590060599913
gyro_norm,50.459,1.0821851061169119
gyro_norm,50.483,0.9654125600044411
gyro_norm,50.503,0.8346365980130376
gyro_norm,50.526,0.8466634930444489
gyro_norm,50.548,0.7474332470680252
gyro_norm,50.569,0.9037098823139256
gyro_norm,50.59,1.0300080087149022
gyro_norm,50.613,0.5063971838328998
gyro_norm,50.635,1.1734224305099528
