sensor,time_s,value
dynamic_accel,0.034,0.37032856819213045
dynamic_accel,0.084,-0.07640006363182117
dynamic_accel,0.134,0.023317186781346422
dynamic_accel,0.184,0.017665673529473125
dynamic_accel,0.234,-0.1142830021199277
dynamic_accel,0.284,-0.21251949263657188
dynamic_accel,0.334,-0.19111120372690849
dynamic_accel,0.384,-0.06395875103530102
dynamic_accel,0.434,0.11502810377976225
dynamic_accel,0.484,0.1311285048180384
dynamic_accel,0.534,0.21924223621862815
dynamic_accel,0.584,0.1404269045572022
dynamic_accel,0.634,-0.05724636344595524
dynamic_accel,0.684,-0.12376801506867707
dynamic_accel,0.734,-0.10882930231125343
dynamic_accel,0.784,0.19536514407780992
dynamic_accel,0.834,0.1282734758958295
dynamic_accel,0.884,-0.16529711121049395
dynamic_accel,0.934,-0.23605889350446674
dynamic_accel,0.984,-0.13163235382574
dynamic_accel,1.034,0.10407196296610621
dynamic_accel,1.084,0.15730072907066805
dynamic_accel,1.134,0.059250143924177934
dynamic_accel,1.184,-0.025947007127154365
dynamic_accel,1.234,-0.09032203354651536
dynamic_accel,1.284,0.003735615773726053
dynamic_accel,1.334,0.03286833442364134
dynamic_accel,1.384,-0.13750505531178803
dynamic_accel,1.434,-0.027094802418183406
dynamic_accel,1.484,0.07044941230578594
dynamic_accel,1.534,0.015573760261190728
dynamic_accel,1.584,0.0473234462972858
dynamic_accel,1.634,0.017902457851180387
dynamic_accel,1.684,0.03682786425676987
dynamic_accel,1.734,0.08982919656939536
dynamic_accel,1.784,0.0401147946698277
dynamic_accel,1.834,-0.11712569286630448
dynamic_accel,1.884,-0.14366138034873366
dynamic_accel,1.934,-0.09274819992835504
dynamic_accel,1.984,-0.015430869623669352
dynamic_accel,2.034,0.07381158659238096
dynamic_accel,2.084,0.026284419711313234
dynamic_accel,2.134,0.28263065144501276
dynamic_accel,2.184,0.28607190170973773
dynamic_accel,2.234,-0.07217634549845187
dynamic_accel,2.284,-0.369413739527479
dynamic_accel,2.334,-0.3199014251960115
dynamic_accel,2.384,-0.14860211794127842
dynamic_accel,2.434,-0.02954437948186417
dynamic_accel,2.484,0.09905228631487262
dynamic_accel,2.534,0.27897155009651264
dynamic_accel,2.584,0.1718875702299485
dynamic_accel,2.634,0.076886505804449
dynamic_accel,2.684,-0.14159549854208464
dynamic_accel,2.734,-0.11308001177226856
dynamic_accel,2.784,0.06987940310186858
dynamic_accel,2.834,0.010737065652323352
dynamic_accel,2.884,0.04807221760422031
dynamic_accel,2.934,0.22504376848786656
dynamic_accel,2.984,0.08908804807695425
dynamic_accel,3.034,-0.2737141657317643
dynamic_accel,3.084,-0.30669916566010436
dynamic_accel,3.134,-0.3353546306945141
dynamic_accel,3.184,-0.34292269251307594
dynamic_accel,3.234,-0.31006010109354776
dynamic_accel,3.284,-0.2532523560929558
dynamic_accel,3.334,-0.013122887281923568
dynamic_accel,3.384,0.5406783662128252
dynamic_accel,3.434,0.8043702434713751
dynamic_accel,3.484,1.0281510100872335
dynamic_accel,3.534,1.8316699065262245
dynamic_accel,3.584,1.350198211701759
dynamic_accel,3.634,-0.17923873510679833
dynamic_accel,3.684,-0.8025906205175115
dynamic_accel,3.734,-0.9256098911420043
dynamic_accel,3.784,-2.2085381601312077
dynamic_accel,3.834,-2.258430831494918
dynamic_accel,3.884,-1.4733612769775561
dynamic_accel,3.934,-0.6193142701763801
dynamic_accel,3.984,-0.00947539639191497
dynamic_accel,4.034,0.39851085187265234
dynamic_accel,4.084,0.90070763153415
dynamic_accel,4.134,2.0501479191721295
dynamic_accel,4.184,2.19478500164489
dynamic_accel,4.234,3.3521763670404834
dynamic_accel,4.284,1.4799474537291601
dynamic_accel,4.334,-0.7180227180755132
dynamic_accel,4.384,-2.3968687067859538
dynamic_accel,4.434,-3.0180278582934177
dynamic_accel,4.484,-2.107280907473452
dynamic_accel,4.534,-1.6198011121136346
dynamic_accel,4.584,-0.3803525897951765
dynamic_accel,4.634,0.2375377250529258
dynamic_accel,4.684,1.7368042658762093
dynamic_accel,4.734,2.627515943472652
dynamic_accel,4.784,2.0256509010525097
dynamic_accel,4.834,2.6987488399751136
dynamic_accel,4.884,0.0713066994124194
dynamic_accel,4.934,-1.5868113134640094
dynamic_accel,4.984,-1.4269554813369414
dynamic_accel,5.034,-2.5344680768920353
dynamic_accel,5.084,-2.08654837941058
dynamic_accel,5.134,-1.6148248725658423
dynamic_accel,5.184,-0.17698430920234642
dynamic_accel,5.234,0.4425570787531736
dynamic_accel,5.284,1.4779072630883707
dynamic_accel,5.334,2.483274279328594
dynamic_accel,5.384,2.508474498876982
dynamic_accel,5.434,3.359681858311916
dynamic_accel,5.484,0.9468031263514369
dynamic_accel,5.534,-0.9439257372799812
dynamic_accel,5.584,-4.020005787624747
dynamic_accel,5.634,-4.878688328263108
dynamic_accel,5.684,-3.0022593197736143
dynamic_accel,5.734,-1.8506649199084322
dynamic_accel,5.784,-0.14094289972287122
dynamic_accel,5.834,0.4598151702001285
dynamic_accel,5.884,2.974267366685206
dynamic_accel,5.934,3.1047378981206695
dynamic_accel,5.984,8.192555876508802
dynamic_accel,6.034,2.179886289274039
dynamic_accel,6.084,0.061534526642738285
dynamic_accel,6.134,-2.391891573248559
dynamic_accel,6.184,-3.964599071126547
dynamic_accel,6.234,-3.7021871027947943
dynamic_accel,6.284,-3.1664111269363984
dynamic_accel,6.334,-1.47006303747734
dynamic_accel,6.384,0.2904099935106714
dynamic_accel,6.434,1.871327484659627
dynamic_accel,6.484,3.3672269992851973
dynamic_accel,6.534,2.943356194780659
dynamic_accel,6.584,2.5710312810403053
dynamic_accel,6.634,1.5439519876080983
dynamic_accel,6.684,-1.679957252848526
dynamic_accel,6.734,-5.284440120284022
dynamic_accel,6.784,-4.78134667811199
dynamic_accel,6.834,-4.0372095816028715
dynamic_accel,6.884,-0.6834045737052161
dynamic_accel,6.934,1.1881214502110282
dynamic_accel,6.984,2.8159149741960885
dynamic_accel,7.034,5.319543686128711
dynamic_accel,7.084,2.7404183790057335
dynamic_accel,7.134,7.388705542527477
dynamic_accel,7.184,-0.1977519516337889
dynamic_accel,7.234,-1.9120094519436606
dynamic_accel,7.284,-4.06263539664555
dynamic_accel,7.334,-3.6675660987759215
dynamic_accel,7.384,-2.9388878141202825
dynamic_accel,7.434,-1.6660567366455474
dynamic_accel,7.484,0.1015676070825613
dynamic_accel,7.534,0.6009963329557682
dynamic_accel,7.584,2.3948475348479725
dynamic_accel,7.634,0.871524462188189
dynamic_accel,7.684,5.771903860882475
dynamic_accel,7.734,1.065988759838623
dynamic_accel,7.784,-1.9535931187751743
dynamic_accel,7.834,-3.3108603258786387
dynamic_accel,7.884,-2.5900984969373777
dynamic_accel,7.934,-2.034682646863059
dynamic_accel,7.984,-0.4255175808530218
dynamic_accel,8.034,0.5262934363628027
dynamic_accel,8.084,0.8589117588209287
dynamic_accel,8.134,1.17537075686948
dynamic_accel,8.184,1.7300159157051365
dynamic_accel,8.234,1.7956183997440895
dynamic_accel,8.284,1.6822797968120629
dynamic_accel,8.334,-0.43559350952531517
dynamic_accel,8.384,-1.1864123213194642
dynamic_accel,8.434,-1.8695687643475214
dynamic_accel,8.484,-1.3866261465047476
dynamic_accel,8.534,-0.4174815151185136
dynamic_accel,8.584,-0.6043607391505148
dynamic_accel,8.634,0.6995770406698263
dynamic_accel,8.684,0.617718015356278
dynamic_accel,8.734,0.6501749736792473
dynamic_accel,8.784,0.4890426836849251
dynamic_accel,8.834,0.6798608352165765
dynamic_accel,8.884,0.22460377259958797
dynamic_accel,8.934,0.03984449733103368
dynamic_accel,8.984,-0.4245258938148666
dynamic_accel,9.034,-0.6451853239403356
dynamic_accel,9.084,-0.059617353423336183
dynamic_accel,9.134,-0.2126593732749491
dynamic_accel,9.184,-0.18390321099210816
dynamic_accel,9.234,0.20745017227672946
dynamic_accel,9.284,-0.03370637364845486
dynamic_accel,9.334,-0.14369762608952819
dynamic_accel,9.384,-0.3417564978784089
dynamic_accel,9.434,-0.14363795891840248
dynamic_accel,9.484,0.33528342747290907
dynamic_accel,9.534,0.42578600719967596
dynamic_accel,9.584,-0.17161377149340673
dynamic_accel,9.634,0.008565884545054914
dynamic_accel,9.684,0.501036580368007
dynamic_accel,9.734,0.814473415948072
dynamic_accel,9.784,-0.05066519649565926
dynamic_accel,9.834,-0.9670802895176873
dynamic_accel,9.884,-1.145298526237486
dynamic_accel,9.934,-0.8586948503239498
dynamic_accel,9.984,-0.5654489133106821
dynamic_accel,10.034,-0.31130081657248354
dynamic_accel,10.084,0.1656907643870742
dynamic_accel,10.134,0.8291271580285517
dynamic_accel,10.184,1.4766589879991798
dynamic_accel,10.234,1.9448695784685466
dynamic_accel,10.284,1.5184745128842092
dynamic_accel,10.334,0.4109520674185365
dynamic_accel,10.384,0.8274605872608785
dynamic_accel,10.434,-0.12155561661831449
dynamic_accel,10.484,-1.560270812203738
dynamic_accel,10.534,-2.271393508720897
dynamic_accel,10.584,-2.4237491471784667
dynamic_accel,10.634,-1.9952682928078431
dynamic_accel,10.684,-0.9421780540592604
dynamic_accel,10.734,0.24236889013272034
dynamic_accel,10.784,0.893194666210265
dynamic_accel,10.834,1.6227821061041432
dynamic_accel,10.884,2.01231006932022
dynamic_accel,10.934,2.500832767871792
dynamic_accel,10.984,3.0141995467466884
dynamic_accel,11.034,0.6738623952156289
dynamic_accel,11.084,-1.507436854169347
dynamic_accel,11.134,-3.5219530731380724
dynamic_accel,11.184,-3.2154215811360567
dynamic_accel,11.234,-1.6412201073095662
dynamic_accel,11.284,-0.21563819189331745
dynamic_accel,11.334,0.12237849476808371
dynamic_accel,11.384,0.7952453091450682
dynamic_accel,11.434,1.5625074591552899
dynamic_accel,11.484,3.2195843601968015
dynamic_accel,11.534,3.533917885602351
dynamic_accel,11.584,0.786246775375643
dynamic_accel,11.634,-1.1213669024869706
dynamic_accel,11.684,-2.8576826230052745
dynamic_accel,11.734,-3.2808348777751606
dynamic_accel,11.784,-2.6598608047220518
dynamic_accel,11.834,-1.0703365207010673
dynamic_accel,11.884,0.356771777119409
dynamic_accel,11.934,1.2655751798491988
dynamic_accel,11.984,1.819688740545331
dynamic_accel,12.034,0.7154780083448244
dynamic_accel,12.084,0.6512785463156874
dynamic_accel,12.134,2.539832860758098
dynamic_accel,12.184,2.4186023396417706
dynamic_accel,12.234,-0.8586790297001894
dynamic_accel,12.284,-4.217415978702109
dynamic_accel,12.334,-3.6740159382254003
dynamic_accel,12.384,-0.8707059647922701
dynamic_accel,12.434,0.958967989495914
dynamic_accel,12.484,1.264291128089564
dynamic_accel,12.534,1.9284699197853534
dynamic_accel,12.584,2.480330576065427
dynamic_accel,12.634,3.0253146211096773
dynamic_accel,12.684,2.568294521320359
dynamic_accel,12.734,0.09866632757793958
dynamic_accel,12.784,-3.2955995485942164
dynamic_accel,12.834,-3.7996670941648016
dynamic_accel,12.884,-3.429961449314203
dynamic_accel,12.934,-2.0859067241230793
dynamic_accel,12.984,0.2181333770803544
dynamic_accel,13.034,0.9251096623824004
dynamic_accel,13.084,1.4185777119132634
dynamic_accel,13.134,2.5923727301166046
dynamic_accel,13.184,2.3555652647748904
dynamic_accel,13.234,1.5292481924778354
dynamic_accel,13.284,0.9116224643287119
dynamic_accel,13.334,0.5587434595581477
dynamic_accel,13.384,-1.7021917382029077
dynamic_accel,13.434,-4.096472831137736
dynamic_accel,13.484,-4.19607850066583
dynamic_accel,13.534,-2.63107246349934
dynamic_accel,13.584,-0.619835634407174
dynamic_accel,13.634,1.2636064192752912
dynamic_accel,13.684,2.457874430435904
dynamic_accel,13.734,3.732311630612296
dynamic_accel,13.784,3.7579404376526977
dynamic_accel,13.834,2.291810502217162
dynamic_accel,13.884,1.2129908935313853
dynamic_accel,13.934,-0.46880175858991713
dynamic_accel,13.984,-2.176222212411881
dynamic_accel,14.034,-3.1986190345631496
dynamic_accel,14.084,-2.152016282264123
dynamic_accel,14.134,-1.8427867117278751
dynamic_accel,14.184,-0.7974099301990982
dynamic_accel,14.234,-0.1131875989192217
dynamic_accel,14.284,0.07473050199605069
dynamic_accel,14.334,1.6402154920140362
dynamic_accel,14.384,3.1251352163536303
dynamic_accel,14.434,1.932376031941624
dynamic_accel,14.484,0.6430734131430764
dynamic_accel,14.534,-0.20246638754854018
dynamic_accel,14.584,-1.8937855385948748
dynamic_accel,14.634,-1.5722508472594168
dynamic_accel,14.684,-0.7764265132400414
dynamic_accel,14.734,-0.13203579018856892
dynamic_accel,14.784,0.20512905253734637
dynamic_accel,14.834,0.2966183822352999
dynamic_accel,14.884,0.039598453791896304
dynamic_accel,14.934,0.0292072076437222
dynamic_accel,14.984,0.4628511177675865
dynamic_accel,15.034,0.45699383708084795
dynamic_accel,15.084,0.28473875226945644
dynamic_accel,15.134,-0.19065330184611184
dynamic_accel,15.184,-0.517365707944748
dynamic_accel,15.234,-0.5837731428752502
dynamic_accel,15.284,-0.10100246656060108
dynamic_accel,15.334,0.2589687085714143
dynamic_accel,15.384,0.18251108683261563
dynamic_accel,15.434,0.06197352770056064
dynamic_accel,15.484,0.19075435808228391
dynamic_accel,15.534,0.0754259845141263
dynamic_accel,15.584,0.4509606028318842
dynamic_accel,15.634,0.09496417756418296
dynamic_accel,15.684,-0.41932369626299604
dynamic_accel,15.734,-0.27180300917462574
dynamic_accel,15.784,-0.04345347933847599
dynamic_accel,15.834,-0.11707219638414834
dynamic_accel,15.884,-0.03624532523983248
dynamic_accel,15.934,-0.010213346526873224
dynamic_accel,15.984,-0.14270016111382766
dynamic_accel,16.034,0.06571129723965008
dynamic_accel,16.084,0.19060841625218927
dynamic_accel,16.134,0.37009858174256394
dynamic_accel,16.184,0.04423557309572779
dynamic_accel,16.234,0.06455155440238158
dynamic_accel,16.284,0.042173659627694704
dynamic_accel,16.334,-0.03670489190970727
dynamic_accel,16.384,-0.018257769917497058
dynamic_accel,16.434,0.17410737113671715
dynamic_accel,16.484,-0.251793373103272
dynamic_accel,16.534,-0.5602744096665955
dynamic_accel,16.584,-0.4166687723596496
dynamic_accel,16.634,0.23294044461435703
dynamic_accel,16.684,0.3851822493479915
dynamic_accel,16.734,0.2078518348296967
dynamic_accel,16.784,0.2627735586698847
dynamic_accel,16.834,-0.6271159891899316
dynamic_accel,16.884,-1.2794921037605267
dynamic_accel,16.934,-0.54048606164314
dynamic_accel,16.984,-0.2596003570566978
dynamic_accel,17.034,0.32381927545372235
dynamic_accel,17.084,0.06521364298562382
dynamic_accel,17.134,0.47124308257252245
dynamic_accel,17.184,0.8222138557328336
dynamic_accel,17.234,1.6182316182924996
dynamic_accel,17.284,2.570920304078344
dynamic_accel,17.334,-0.5058011104655336
dynamic_accel,17.384,0.543679551686111
dynamic_accel,17.434,1.1874900965204613
dynamic_accel,17.484,-0.18727252482911716
dynamic_accel,17.534,-2.9685330449386758
dynamic_accel,17.584,-3.2070373504603147
dynamic_accel,17.634,-2.7577695626913403
dynamic_accel,17.684,-0.9713747008226843
dynamic_accel,17.734,0.30706442800832967
dynamic_accel,17.784,0.9459737320614234
dynamic_accel,17.834,1.2993283905340842
dynamic_accel,17.884,2.416058840440879
dynamic_accel,17.934,2.0254368684137027
dynamic_accel,17.984,1.9083951629498213
dynamic_accel,18.034,2.4368298488077986
dynamic_accel,18.084,-1.813676890858945
dynamic_accel,18.134,-2.2440600923621643
dynamic_accel,18.184,-0.8426016555332687
dynamic_accel,18.234,-0.9046367967324791
dynamic_accel,18.284,-2.156988963858959
dynamic_accel,18.334,-1.0631389916269676
dynamic_accel,18.384,0.08178783450390625
dynamic_accel,18.434,0.6230521931232502
dynamic_accel,18.484,0.4000480449718875
dynamic_accel,18.534,0.9650979680120564
dynamic_accel,18.584,0.9991047010417287
dynamic_accel,18.634,1.3494306351214433
dynamic_accel,18.684,1.8896453549818801
dynamic_accel,18.734,-0.9345973638492993
dynamic_accel,18.784,-0.29643102826736545
dynamic_accel,18.834,-0.9798240636001658
dynamic_accel,18.884,-1.4851830213710926
dynamic_accel,18.934,-0.7694784542054958
dynamic_accel,18.984,-0.08147424877504861
dynamic_accel,19.034,0.09758764756772109
dynamic_accel,19.084,0.3984994185037163
dynamic_accel,19.134,0.49640299594425485
dynamic_accel,19.184,0.35736673178130296
dynamic_accel,19.234,0.4915413233919157
dynamic_accel,19.284,0.06182657190206342
dynamic_accel,19.334,-0.13364956119728078
dynamic_accel,19.384,-0.16121214904974934
dynamic_accel,19.434,-0.16393465344074265
dynamic_accel,19.484,-0.2099444500112444
dynamic_accel,19.534,-0.215101468622521
dynamic_accel,19.584,-0.10042921289396922
dynamic_accel,19.634,-0.2763019936102271
dynamic_accel,19.684,-0.018677333309417676
dynamic_accel,19.734,0.12352797302479068
dynamic_accel,19.784,0.5145196808863695
dynamic_accel,19.834,0.23215520298244208
dynamic_accel,19.884,0.05200841836734149
dynamic_accel,19.934,-0.004713804840992708
dynamic_accel,19.984,-0.21758917776855924
dynamic_accel,20.034,0.10202632301513859
dynamic_accel,20.084,0.018974248975817787
dynamic_accel,20.134,0.007165603367111473
dynamic_accel,20.184,0.031930397880008954
dynamic_accel,20.234,0.22968799511147786
dynamic_accel,20.284,0.30951260437104366
dynamic_accel,20.334,0.14784970130688002
dynamic_accel,20.384,-0.11049084494373318
dynamic_accel,20.434,-0.539755672462384
dynamic_accel,20.484,-0.8184821868793737
dynamic_accel,20.534,-0.982021800864068
dynamic_accel,20.584,-0.1593215530840606
dynamic_accel,20.634,0.5550922067983777
dynamic_accel,20.684,0.503241186821576
dynamic_accel,20.734,-0.4006629934440511
dynamic_accel,20.784,-0.5567498722807471
dynamic_accel,20.834,-0.528819196458155
dynamic_accel,20.884,-0.17180810249463008
dynamic_accel,20.934,0.3399278277639919
dynamic_accel,20.984,0.9319652825187372
dynamic_accel,21.034,1.897549730142508
dynamic_accel,21.084,2.057042555573597
dynamic_accel,21.134,0.6779236076981601
dynamic_accel,21.184,1.1427044172097158
dynamic_accel,21.234,1.7826044581785627
dynamic_accel,21.284,-0.9145984321065868
dynamic_accel,21.334,-3.322282194134072
dynamic_accel,21.384,-4.7914583868699
dynamic_accel,21.434,-3.841568509128922
dynamic_accel,21.484,-2.2242013943441687
dynamic_accel,21.534,-0.4510005414342899
dynamic_accel,21.584,1.4452927761902004
dynamic_accel,21.634,2.98611110066107
dynamic_accel,21.684,4.80814968917484
dynamic_accel,21.734,4.044819438104618
dynamic_accel,21.784,3.53531960311534
dynamic_accel,21.834,1.55289284873691
dynamic_accel,21.884,-1.9413040388438088
dynamic_accel,21.934,-2.488732167005793
dynamic_accel,21.984,-3.646112970901994
dynamic_accel,22.034,-3.890251159106392
dynamic_accel,22.084,-2.854649708158842
dynamic_accel,22.134,-0.5994669178042304
dynamic_accel,22.184,1.038489009624957
dynamic_accel,22.234,1.8894941159171204
dynamic_accel,22.284,2.710214592852912
dynamic_accel,22.334,2.2722762900162756
dynamic_accel,22.384,1.9717621837374626
dynamic_accel,22.434,1.8264146192517305
dynamic_accel,22.484,0.838644629654123
dynamic_accel,22.534,-1.653663695047193
dynamic_accel,22.584,-4.836705241471009
dynamic_accel,22.634,-4.756922842734764
dynamic_accel,22.684,-2.685617674541229
dynamic_accel,22.734,0.05829332855097569
dynamic_accel,22.784,1.2047308940348902
dynamic_accel,22.834,1.4064668714469821
dynamic_accel,22.884,2.7058000256589327
dynamic_accel,22.934,3.594426479127341
dynamic_accel,22.984,4.853211617353585
dynamic_accel,23.034,1.696385500576893
dynamic_accel,23.084,-1.9561865345888396
dynamic_accel,23.134,-1.940197882774429
dynamic_accel,23.184,-2.187238027186183
dynamic_accel,23.234,-2.697943268918359
dynamic_accel,23.284,-2.626567294292866
dynamic_accel,23.334,-1.4990828641831158
dynamic_accel,23.384,-0.006225941562457038
dynamic_accel,23.434,1.5776538169518606
dynamic_accel,23.484,2.6582078227686807
dynamic_accel,23.534,2.0553825151615204
dynamic_accel,23.584,1.8724187319109564
dynamic_accel,23.634,0.8100754677944924
dynamic_accel,23.684,0.00991219638749996
dynamic_accel,23.734,-1.6095888428989582
dynamic_accel,23.784,-2.6061014955548965
dynamic_accel,23.834,-1.8762498814417672
dynamic_accel,23.884,-0.8360882208899874
dynamic_accel,23.934,0.07875125917945525
dynamic_accel,23.984,0.49775022461519747
dynamic_accel,24.034,0.8499169066886019
dynamic_accel,24.084,0.9699174281264966
dynamic_accel,24.134,1.4970970673718487
dynamic_accel,24.184,-0.11794162727797008
dynamic_accel,24.234,0.5988708732261578
dynamic_accel,24.284,0.4156268052406009
dynamic_accel,24.334,-0.506567031951267
dynamic_accel,24.384,-1.327317354936243
dynamic_accel,24.434,-1.2288377801291102
dynamic_accel,24.484,-0.13939115425870874
dynamic_accel,24.534,0.3017729043506172
dynamic_accel,24.584,0.5236501860836178
dynamic_accel,24.634,0.238949119073272
dynamic_accel,24.684,-0.23345594189491337
dynamic_accel,24.734,0.05150382303660628
dynamic_accel,24.784,0.17545619824767655
dynamic_accel,24.834,0.20672857568320246
dynamic_accel,24.884,0.35522020907077057
dynamic_accel,24.934,0.3479873628871353
dynamic_accel,24.984,-0.13165619755743307
dynamic_accel,25.034,0.05473229501166621
dynamic_accel,25.084,0.08724094617847733
dynamic_accel,25.134,-0.01813600515444591
dynamic_accel,25.184,-0.23490175295736293
dynamic_accel,25.234,-0.2843116698548247
dynamic_accel,25.284,-0.31476932870556595
dynamic_accel,25.334,-0.26233344271192927
dynamic_accel,25.384,-0.6039941732421195
dynamic_accel,25.434,-0.9474020238009313
dynamic_accel,25.484,-0.6627644367461887
dynamic_accel,25.534,0.14581540034455465
dynamic_accel,25.584,0.4760656923653155
dynamic_accel,25.634,0.07507474736897457
dynamic_accel,25.684,-0.20518280169160796
dynamic_accel,25.734,0.7195850587177368
dynamic_accel,25.784,2.4577238186584793
dynamic_accel,25.834,1.9260016194146967
dynamic_accel,25.884,2.0513104606221013
dynamic_accel,25.934,-0.9442548218855773
dynamic_accel,25.984,-2.47360511409245
dynamic_accel,26.034,-0.7618708252412514
dynamic_accel,26.084,-0.3582510156023062
dynamic_accel,26.134,-1.7785901892566525
dynamic_accel,26.184,-1.999032853116237
dynamic_accel,26.234,-0.7790092479734465
dynamic_accel,26.284,0.279686319825764
dynamic_accel,26.334,0.3293791827060666
dynamic_accel,26.384,1.1585502012951956
dynamic_accel,26.434,4.045185901693607
dynamic_accel,26.484,2.907911995829661
dynamic_accel,26.534,2.5735315056949357
dynamic_accel,26.584,0.44113714104770985
dynamic_accel,26.634,-3.5679555532053957
dynamic_accel,26.684,-5.798117803573044
dynamic_accel,26.734,-4.31111610943243
dynamic_accel,26.784,-2.255719372457854
dynamic_accel,26.834,-0.24879446744328426
dynamic_accel,26.884,1.1994638048810664
dynamic_accel,26.934,2.7712537210947765
dynamic_accel,26.984,4.5169612397299
dynamic_accel,27.034,5.676645610092125
dynamic_accel,27.084,1.6168677644181404
dynamic_accel,27.134,2.749320703933579
dynamic_accel,27.184,-0.2760253069937626
dynamic_accel,27.234,-2.4349037417691557
dynamic_accel,27.284,-4.690819206153782
dynamic_accel,27.334,-4.422525601555526
dynamic_accel,27.384,-3.947161172884602
dynamic_accel,27.434,-2.5241869750449126
dynamic_accel,27.484,-0.955856390073663
dynamic_accel,27.534,1.139581164150755
dynamic_accel,27.584,3.7069856853744323
dynamic_accel,27.634,5.471571723353234
dynamic_accel,27.684,3.5221785797444163
dynamic_accel,27.734,3.162232674392362
dynamic_accel,27.784,-1.7103273449345906
dynamic_accel,27.834,-3.3320211660759735
dynamic_accel,27.884,-4.423370761452797
dynamic_accel,27.934,-3.050697670032628
dynamic_accel,27.984,-0.3499038058449546
dynamic_accel,28.034,-0.06989853956787684
dynamic_accel,28.084,0.45503741681641685
dynamic_accel,28.134,2.1896876753742553
dynamic_accel,28.184,3.888580957750058
dynamic_accel,28.234,4.165902826885507
dynamic_accel,28.284,1.3899180418292723
dynamic_accel,28.334,-0.1851335857046621
dynamic_accel,28.384,-2.093612792511305
dynamic_accel,28.434,-2.6720405575445128
dynamic_accel,28.484,-3.503990639664389
dynamic_accel,28.534,-2.820252089355642
dynamic_accel,28.584,-1.147345325593415
dynamic_accel,28.634,-0.37033990532033556
dynamic_accel,28.684,0.24442680164919217
dynamic_accel,28.734,1.985271894279725
dynamic_accel,28.784,4.078882675260987
dynamic_accel,28.834,6.106480792195935
dynamic_accel,28.884,2.9428057992819916
dynamic_accel,28.934,-1.3571670246600167
dynamic_accel,28.984,-4.409275358268752
dynamic_accel,29.034,-4.253299521730933
dynamic_accel,29.084,-3.0677958341703038
dynamic_accel,29.134,-1.4085221942868262
dynamic_accel,29.184,0.32968705052556047
dynamic_accel,29.234,0.46125624916759733
dynamic_accel,29.284,0.896840332200016
dynamic_accel,29.334,2.8937057576485934
dynamic_accel,29.384,2.0752427682678007
dynamic_accel,29.434,2.5413510566586552
dynamic_accel,29.484,-0.275680416153941
dynamic_accel,29.534,-1.4578772924627401
dynamic_accel,29.584,-2.6943214601101184
dynamic_accel,29.634,-1.6497607840759976
dynamic_accel,29.684,-0.21879680207356245
dynamic_accel,29.734,0.05132492085355267
dynamic_accel,29.784,-0.20750490964394785
dynamic_accel,29.834,0.2951336610790758
dynamic_accel,29.884,0.9689267936341714
dynamic_accel,29.934,1.1445118136859556
dynamic_accel,29.984,2.350211545058425
dynamic_accel,30.034,0.307878369958031
dynamic_accel,30.084,-1.5241029753368327
dynamic_accel,30.134,-0.9646768024296559
dynamic_accel,30.184,-0.3531444911851622
dynamic_accel,30.234,-0.06965016387589529
dynamic_accel,30.284,-0.29813017260472385
dynamic_accel,30.334,-0.3325672083388387
dynamic_accel,30.384,0.18894551249714908
dynamic_accel,30.434,0.13925132563020348
dynamic_accel,30.484,0.3648457662025706
dynamic_accel,30.534,0.027858066258486858
dynamic_accel,30.584,-0.07488366420957959
dynamic_accel,30.634,-0.4162435487506677
dynamic_accel,30.684,0.4562575447675794
dynamic_accel,30.734,0.29564963488449436
dynamic_accel,30.784,-0.07647406537588886
dynamic_accel,30.834,-0.1964778730797594
dynamic_accel,30.884,0.07713729912293132
dynamic_accel,30.934,0.3363374468709459
dynamic_accel,30.984,0.2358987106399031
dynamic_accel,31.034,-0.23368231052566912
dynamic_accel,31.084,-0.5496297174607232
dynamic_accel,31.134,-0.29563950062122935
dynamic_accel,31.184,0.016975212911658488
dynamic_accel,31.234,-0.039054271282418895
dynamic_accel,31.284,-0.592314784295974
dynamic_accel,31.334,-0.5017664756370053
dynamic_accel,31.384,-0.20936497491302397
dynamic_accel,31.434,-0.30013737625086634
dynamic_accel,31.484,-0.2415508850461361
dynamic_accel,31.534,-0.05004893275916267
dynamic_accel,31.584,0.7163906066768995
dynamic_accel,31.634,2.0950059483768957
dynamic_accel,31.684,2.0976959487646187
dynamic_accel,31.734,1.2831206029489923
dynamic_accel,31.784,1.4587106361406814
dynamic_accel,31.834,0.43008223179464267
dynamic_accel,31.884,-2.028474553039109
dynamic_accel,31.934,-4.262331507616239
dynamic_accel,31.984,-3.7646552081724085
dynamic_accel,32.034,-1.9455268688557368
dynamic_accel,32.084,0.004444642637666973
dynamic_accel,32.134,1.2144563081367163
dynamic_accel,32.184,1.9108699095800752
dynamic_accel,32.234,2.630464188657541
dynamic_accel,32.284,3.00214027734496
dynamic_accel,32.334,3.373010273736499
dynamic_accel,32.384,1.5816636123273238
dynamic_accel,32.434,-1.6929362323798074
dynamic_accel,32.484,-2.2679782801781743
dynamic_accel,32.534,-2.3958548274585407
dynamic_accel,32.584,-2.462841069127893
dynamic_accel,32.634,-1.9453993337810793
dynamic_accel,32.684,-0.9037813716187983
dynamic_accel,32.734,0.06652831719508967
dynamic_accel,32.784,0.47544966124783095
dynamic_accel,32.834,0.9341738210748964
dynamic_accel,32.884,1.8276425731955026
dynamic_accel,32.934,2.0851114607251393
dynamic_accel,32.984,1.1165096820172398
dynamic_accel,33.034,0.20515271389428946
dynamic_accel,33.084,0.37198693790749005
dynamic_accel,33.134,-0.31669449427502094
dynamic_accel,33.184,-1.953159005977108
dynamic_accel,33.234,-1.4281699364099811
dynamic_accel,33.284,-0.40757066622679616
dynamic_accel,33.334,0.00018655071386675104
dynamic_accel,33.384,0.1420638622487136
dynamic_accel,33.434,0.32862199699178873
dynamic_accel,33.484,0.536506971585581
dynamic_accel,33.534,0.5860233417013276
dynamic_accel,33.584,0.3813952379552408
dynamic_accel,33.634,0.22355937175532503
dynamic_accel,33.684,-0.1991468655033568
dynamic_accel,33.734,-0.5815605322200081
dynamic_accel,33.784,-0.3293232080177688
dynamic_accel,33.834,-0.0744375601374454
dynamic_accel,33.884,-0.21457296579765917
dynamic_accel,33.934,-0.1933016008911821
dynamic_accel,33.984,0.044193603176339025
dynamic_accel,34.034,0.33496748223545225
dynamic_accel,34.084,0.34884820474404954
dynamic_accel,34.134,-0.05124503192823582
dynamic_accel,34.184,-0.11605382637112349
dynamic_accel,34.234,0.12864822557564004
dynamic_accel,34.284,0.20559975852332357
dynamic_accel,34.334,0.011940485336106477
dynamic_accel,34.384,-0.2306999866839501
dynamic_accel,34.434,-0.12435071467628589
dynamic_accel,34.484,-0.2654650751132088
dynamic_accel,34.534,-0.5810027871176082
dynamic_accel,34.584,-0.9906663628990682
dynamic_accel,34.634,-1.162480631996031
dynamic_accel,34.684,-0.7434160211585876
dynamic_accel,34.734,0.07259398515924254
dynamic_accel,34.784,1.725792205315697
dynamic_accel,34.834,2.0301583853831264
dynamic_accel,34.884,2.0953230592926815
dynamic_accel,34.934,2.0215744329341945
dynamic_accel,34.984,1.6181714813600152
dynamic_accel,35.034,-0.38158315909246454
dynamic_accel,35.084,-2.4281302516946592
dynamic_accel,35.134,-3.0260755702887625
dynamic_accel,35.184,-2.09124392240261
dynamic_accel,35.234,-0.8500018747589646
dynamic_accel,35.284,-0.14992529955126344
dynamic_accel,35.334,0.1324358805544943
dynamic_accel,35.384,0.5757959895335052
dynamic_accel,35.434,2.4606540414412557
dynamic_accel,35.484,1.6076278978028373
dynamic_accel,35.534,3.2739670886735244
dynamic_accel,35.584,0.8718575339626646
dynamic_accel,35.634,-1.4554739289257412
dynamic_accel,35.684,-2.5345886422707498
dynamic_accel,35.734,-3.2883660296796684
dynamic_accel,35.784,-2.822814653615678
dynamic_accel,35.834,-0.93809375231106
dynamic_accel,35.884,0.6789819933834735
dynamic_accel,35.934,0.6588934148095014
dynamic_accel,35.984,1.4287643065081568
dynamic_accel,36.034,2.8035419931613745
dynamic_accel,36.084,2.2230548995807435
dynamic_accel,36.134,1.893076911199083
dynamic_accel,36.184,1.9833382538963562
dynamic_accel,36.234,-0.9861834879337845
dynamic_accel,36.284,-3.514514964710096
dynamic_accel,36.334,-3.3265145723958858
dynamic_accel,36.384,-2.5127688773102257
dynamic_accel,36.434,-1.6199969356506418
dynamic_accel,36.484,-0.07571645134559901
dynamic_accel,36.534,0.9302596223265613
dynamic_accel,36.584,2.2650888278503185
dynamic_accel,36.634,3.676487490955335
dynamic_accel,36.684,2.606903539981877
dynamic_accel,36.734,1.8438740852052842
dynamic_accel,36.784,0.06635597305569974
dynamic_accel,36.834,-1.650594511836644
dynamic_accel,36.884,-3.016671261425511
dynamic_accel,36.934,-3.055203998404381
dynamic_accel,36.984,-1.8166607171770917
dynamic_accel,37.034,-0.8776939700060264
dynamic_accel,37.084,0.005693679189036516
dynamic_accel,37.134,1.1981175595428795
dynamic_accel,37.184,1.6976949714523482
dynamic_accel,37.234,2.841373489519423
dynamic_accel,37.284,2.7061117326474324
dynamic_accel,37.334,1.6726706540342384
dynamic_accel,37.384,1.096959329806964
dynamic_accel,37.434,-1.5414964061798937
dynamic_accel,37.484,-3.627075771232887
dynamic_accel,37.534,-3.2163437522503306
dynamic_accel,37.584,-2.333908946554062
dynamic_accel,37.634,-1.5116734171734318
dynamic_accel,37.684,-0.6260759356547787
dynamic_accel,37.734,1.2588388347733357
dynamic_accel,37.784,3.233270373478536
dynamic_accel,37.834,1.4483321106171907
dynamic_accel,37.884,5.120077813328713
dynamic_accel,37.934,-0.1471124269726758
dynamic_accel,37.984,-0.4328255906913938
dynamic_accel,38.034,-0.7251516249588157
dynamic_accel,38.084,-2.2705999231176826
dynamic_accel,38.134,-1.9092333128261618
dynamic_accel,38.184,-1.2607529439848602
dynamic_accel,38.234,0.24207824411238832
dynamic_accel,38.284,0.09304888344045992
dynamic_accel,38.334,-0.47439403995245044
dynamic_accel,38.384,-1.1833923837102596
dynamic_accel,38.434,1.8679939382594384
dynamic_accel,38.484,3.7285439132409905
dynamic_accel,38.534,0.6820573772190794
dynamic_accel,38.584,0.1702760882888974
dynamic_accel,38.634,-0.7892577575958466
dynamic_accel,38.684,-2.3763726346481127
dynamic_accel,38.734,-1.029123047661015
dynamic_accel,38.784,0.00339320237498697
dynamic_accel,38.834,0.12143865875474802
dynamic_accel,38.884,0.011515828113967785
dynamic_accel,38.934,0.5364947596859189
dynamic_accel,38.984,0.236901798192525
dynamic_accel,39.034,-0.0973345763679756
dynamic_accel,39.084,0.5272462440230221
dynamic_accel,39.134,0.155388426965688
dynamic_accel,39.184,-0.4454251908900826
dynamic_accel,39.234,-0.285513895153624
dynamic_accel,39.284,0.3092026717280252
dynamic_accel,39.334,0.09585584215442644
dynamic_accel,39.384,0.14140102326453885
dynamic_accel,39.434,-0.08177356460155139
dynamic_accel,39.484,0.15337238372356232
dynamic_accel,39.534,0.008578501067331601
dynamic_accel,39.584,-0.26132762008585253
dynamic_accel,39.634,-0.19783977242717476
dynamic_accel,39.684,0.006162922964051631
dynamic_accel,39.734,-0.0011104841727895831
dynamic_accel,39.784,0.08568112728441335
dynamic_accel,39.834,-0.06507880056975246
dynamic_accel,39.884,0.08757244649309825
dynamic_accel,39.934,-0.02630807668425561
dynamic_accel,39.984,-0.12477808998697171
dynamic_accel,40.034,-0.06786042612925236
dynamic_accel,40.084,0.03519507058068427
dynamic_accel,40.134,0.10350647068319674
dynamic_accel,40.184,0.049765113232339786
dynamic_accel,40.234,0.04124743741541792
dynamic_accel,40.284,0.2531975598156251
dynamic_accel,40.334,0.03148302202619924
dynamic_accel,40.384,-0.03966165311758907
dynamic_accel,40.434,-0.16091392719814834
dynamic_accel,40.484,-0.0062103485226376876
dynamic_accel,40.534,-0.21282651571934252
dynamic_accel,40.584,-0.05066748613260863
dynamic_accel,40.634,0.07872384504619312
dynamic_accel,40.684,0.15416641565839662
dynamic_accel,40.734,0.0514388628219411
dynamic_accel,40.784,0.2981047507900154
dynamic_accel,40.834,0.1100813615541778
dynamic_accel,40.884,-0.27869969882994816
dynamic_accel,40.934,-0.1882963646014737
dynamic_accel,40.984,-0.14043075357952617
dynamic_accel,41.034,0.030787685764316564
dynamic_accel,41.084,-0.011592300340534933
dynamic_accel,41.134,-0.752454648474238
dynamic_accel,41.184,-0.8942876423610873
dynamic_accel,41.234,-0.0819124458834306
dynamic_accel,41.284,0.3100969800801945
dynamic_accel,41.334,-0.07618780789638002
dynamic_accel,41.384,0.060142439511931656
dynamic_accel,41.434,0.2693170611094864
dynamic_accel,41.484,0.7738005807152017
dynamic_accel,41.534,1.4387731534067392
dynamic_accel,41.584,1.2791950999952117
dynamic_accel,41.634,1.0092831698794278
dynamic_accel,41.684,1.7879997515492239
dynamic_accel,41.734,0.3691977168100653
dynamic_accel,41.784,-1.4990695190225267
dynamic_accel,41.834,-2.77637551329119
dynamic_accel,41.884,-2.395634464840829
dynamic_accel,41.934,-1.5476210909400212
dynamic_accel,41.984,-1.2167040782468685
dynamic_accel,42.034,-1.588098666241983
dynamic_accel,42.084,-1.1060118540660788
dynamic_accel,42.134,0.41714094942410895
dynamic_accel,42.184,2.1946385926908185
dynamic_accel,42.234,3.4420015947078806
dynamic_accel,42.284,3.4340870165593937
dynamic_accel,42.334,2.818684274941095
dynamic_accel,42.384,-0.19119080155102708
dynamic_accel,42.434,-0.9392842300620874
dynamic_accel,42.484,-0.8455779223086264
dynamic_accel,42.534,-1.720382054642311
dynamic_accel,42.584,-2.437511869824096
dynamic_accel,42.634,-2.0157957548805143
dynamic_accel,42.684,-0.9134284152477914
dynamic_accel,42.734,0.3930378374902723
dynamic_accel,42.784,0.7913967392329706
dynamic_accel,42.834,0.9197121128946755
dynamic_accel,42.884,0.9233591140152466
dynamic_accel,42.934,2.3150069926113233
dynamic_accel,42.984,3.2135701900980553
dynamic_accel,43.034,0.5543953866795857
dynamic_accel,43.084,-2.2871668387998243
dynamic_accel,43.134,-2.707748144894376
dynamic_accel,43.184,-1.8971967482993097
dynamic_accel,43.234,-1.3174295318485214
dynamic_accel,43.284,-0.600255234579306
dynamic_accel,43.334,-0.01395889365364944
dynamic_accel,43.384,0.4251681441378583
dynamic_accel,43.434,1.2244115286567556
dynamic_accel,43.484,1.385820603979953
dynamic_accel,43.534,0.8512898687683101
dynamic_accel,43.584,1.245628750848013
dynamic_accel,43.634,0.49546289018977596
dynamic_accel,43.684,-0.36821244293310684
dynamic_accel,43.734,-0.6009169005251103
dynamic_accel,43.784,-1.2324447983619748
dynamic_accel,43.834,-0.570259643197085
dynamic_accel,43.884,-0.2856990997739999
dynamic_accel,43.934,-0.301540842943373
dynamic_accel,43.984,0.11164402926567618
dynamic_accel,44.034,0.3892724194971571
dynamic_accel,44.084,0.17198538367330762
dynamic_accel,44.134,-0.14897634026250728
dynamic_accel,44.184,0.0034864710499658003
dynamic_accel,44.234,0.3191025477890772
dynamic_accel,44.284,0.24049433210597826
dynamic_accel,44.334,0.02935220747543532
dynamic_accel,44.384,-0.06784204643775382
dynamic_accel,44.434,-0.13651286875274415
dynamic_accel,44.484,-0.055493755749727924
dynamic_accel,44.534,-0.09382011368438548
dynamic_accel,44.584,-0.39606117342046865
dynamic_accel,44.634,-0.686875389383582
dynamic_accel,44.684,-0.5993548897225338
dynamic_accel,44.734,-0.23956220259821492
dynamic_accel,44.784,0.3138526128828847
dynamic_accel,44.834,1.0930775929349181
dynamic_accel,44.884,1.6911738567036902
dynamic_accel,44.934,2.1128789654698377
dynamic_accel,44.984,1.0359810720034783
dynamic_accel,45.034,0.05503433578417827
dynamic_accel,45.084,-1.4728917301421713
dynamic_accel,45.134,-2.4098305675167246
dynamic_accel,45.184,-1.9060280054433463
dynamic_accel,45.234,-1.3657082074321476
dynamic_accel,45.284,-0.5984982128705845
dynamic_accel,45.334,0.02899455131214168
dynamic_accel,45.384,0.2876442730364719
dynamic_accel,45.434,0.7177121509684987
dynamic_accel,45.484,1.1278677673593887
dynamic_accel,45.534,1.402439420551957
dynamic_accel,45.584,1.4964834772707807
dynamic_accel,45.634,3.0036029310199286
dynamic_accel,45.684,1.1480036876353203
dynamic_accel,45.734,-1.3536870880890675
dynamic_accel,45.784,-1.5140942680291705
dynamic_accel,45.834,-1.6046559040407296
dynamic_accel,45.884,-2.2228058491602667
dynamic_accel,45.934,-2.1152710386439235
dynamic_accel,45.984,-1.22579442258154
dynamic_accel,46.034,-0.2667049058779867
dynamic_accel,46.084,0.7717341665937596
dynamic_accel,46.134,1.4389918563292579
dynamic_accel,46.184,2.1527381561322585
dynamic_accel,46.234,2.2691637859224745
dynamic_accel,46.284,1.4790488432950895
dynamic_accel,46.334,1.2698270454627707
dynamic_accel,46.384,1.3225377577591448
dynamic_accel,46.434,-0.3966728207865291
dynamic_accel,46.484,-3.45012123732522
dynamic_accel,46.534,-4.277207562554178
dynamic_accel,46.584,-3.3627645774556365
dynamic_accel,46.634,-1.5058811959020773
dynamic_accel,46.684,0.4346203452003987
dynamic_accel,46.734,1.0998035503624592
dynamic_accel,46.784,1.178316249026821
dynamic_accel,46.834,2.2601043462505146
dynamic_accel,46.884,2.971297980664289
dynamic_accel,46.934,4.120326195041109
dynamic_accel,46.984,0.3301103391825144
dynamic_accel,47.034,-1.6254272203747568
dynamic_accel,47.084,-0.9305038581960865
dynamic_accel,47.134,-0.8718828563163061
dynamic_accel,47.184,-1.310854984979887
dynamic_accel,47.234,-1.4361571687536117
dynamic_accel,47.284,-1.4325970456946333
dynamic_accel,47.334,-0.26919094266834875
dynamic_accel,47.384,0.9771176433628401
dynamic_accel,47.434,0.7551339978807352
dynamic_accel,47.484,1.9680802566396665
dynamic_accel,47.534,0.16624375783461431
dynamic_accel,47.584,1.6839341667327012
dynamic_accel,47.634,0.8058842944936337
dynamic_accel,47.684,-0.4010100761671449
dynamic_accel,47.734,-2.4089608218782415
dynamic_accel,47.784,-2.8934838630557866
dynamic_accel,47.834,-2.2559222757287456
dynamic_accel,47.884,-1.1756557771044154
dynamic_accel,47.934,0.20059355108385368
dynamic_accel,47.984,0.7120696143950713
dynamic_accel,48.034,1.220756798029889
dynamic_accel,48.084,1.7197021577477454
dynamic_accel,48.134,3.398359712500696
dynamic_accel,48.184,1.1674062171018527
dynamic_accel,48.234,2.1211093277369617
dynamic_accel,48.284,-1.2362053130958746
dynamic_accel,48.334,-1.2205247658921738
dynamic_accel,48.384,-1.4432491670325227
dynamic_accel,48.434,-1.2874117210813658
dynamic_accel,48.484,-0.8887779677665453
dynamic_accel,48.534,-0.8376288637457492
dynamic_accel,48.584,-0.7960617434949402
dynamic_accel,48.634,-0.18210723128243345
dynamic_accel,48.684,0.004098899181464333
dynamic_accel,48.734,0.1376268877926048
dynamic_accel,48.784,1.023932055356175
dynamic_accel,48.834,1.5738094330574768
dynamic_accel,48.884,0.5282053302235514
dynamic_accel,48.934,0.6411561752791943
dynamic_accel,48.984,1.7102749875156071
dynamic_accel,49.034,0.06362268191410791
dynamic_accel,49.084,-1.2378780305708972
dynamic_accel,49.134,-1.1322578493042492
dynamic_accel,49.184,-0.8666961105204329
dynamic_accel,49.234,-0.5550040100663836
dynamic_accel,49.284,-0.37361266296230156
dynamic_accel,49.334,-0.13389593846681258
dynamic_accel,49.384,-0.12634161652147036
dynamic_accel,49.434,0.23472893664594885
dynamic_accel,49.484,-0.04450349823942368
dynamic_accel,49.534,-0.15006689399958617
dynamic_accel,49.584,-0.10070319350264612
dynamic_accel,49.634,-0.01654118422774964
dynamic_accel,49.684,0.5629776312221981
dynamic_accel,49.734,0.9885828518839208
dynamic_accel,49.784,0.9482394232901026
dynamic_accel,49.834,0.8253217841828864
dynamic_accel,49.884,0.27437635472057487
dynamic_accel,49.934,0.01822354153946648
dynamic_accel,49.984,-1.9473676706098768
dynamic_accel,50.034,-0.31442913400895023
dynamic_accel,50.084,0.6615597249733707
dynamic_accel,50.134,-1.3337506430341755
dynamic_accel,50.184,-2.0689013276956256
dynamic_accel,50.234,-0.6802957482356096
dynamic_accel,50.284,0.21452587435402926
dynamic_accel,50.334,0.5931475591676705
dynamic_accel,50.384,0.7404952054944278
dynamic_accel,50.434,1.1970540343989953
dynamic_accel,50.484,2.36176083281236
dynamic_accel,50.534,2.627949077516522
dynamic_accel,50.584,2.907851601457754
dynamic_accel,50.634,-0.09665000067945329
dynamic_accel,50.684,-2.0161702214575277
dynamic_accel,50.734,-3.7277759372849353
dynamic_accel,50.784,-3.370177302337183
dynamic_accel,50.834,-2.889199177476474
dynamic_accel,50.884,-1.9062021179986175
dynamic_accel,50.934,-0.6091222821719242
dynamic_accel,50.984,0.31397116820937576
dynamic_accel,51.034,1.6620303827386973
dynamic_accel,51.084,2.731396748864384
dynamic_accel,51.134,3.280080716395144
dynamic_accel,51.184,4.9037441639960875
dynamic_accel,51.234,1.634696553294706
dynamic_accel,51.284,-1.4740458355340262
dynamic_accel,51.334,-0.9772618048088706
dynamic_accel,51.384,-1.5589195966864313
dynamic_accel,51.434,-2.3642612034136388
dynamic_accel,51.484,-2.129287490366144
dynamic_accel,51.534,-1.0285132584102143
dynamic_accel,51.584,-0.1982202831929385
dynamic_accel,51.634,0.5360796707350275
dynamic_accel,51.684,0.9997139181799088
dynamic_accel,51.734,1.3274504470617252
dynamic_accel,51.784,1.4310888171863994
dynamic_accel,51.834,1.1641300859905073
dynamic_accel,51.884,0.008712268911216015
dynamic_accel,51.934,-0.5874521405981703
dynamic_accel,51.984,-2.207423362956882
dynamic_accel,52.034,-2.1736817084422206
dynamic_accel,52.084,-0.48119545673401554
dynamic_accel,52.134,0.05966799740004092
dynamic_accel,52.184,0.3521798962113145
dynamic_accel,52.234,0.3545869215223192
dynamic_accel,52.284,0.23889964254748364
dynamic_accel,52.334,0.5881519781818056
dynamic_accel,52.384,0.33489021110808537
dynamic_accel,52.434,0.27194772590215344
dynamic_accel,52.484,0.04203972594942229
dynamic_accel,52.534,3.081443979376008
dynamic_accel,52.584,-0.13329902560777818
dynamic_accel,52.634,-0.8965214151262888
dynamic_accel,52.684,0.0004714965147645245
dynamic_accel,52.734,-1.2710297251467146
dynamic_accel,52.784,-0.8262616110262488
dynamic_accel,52.834,-0.26655825361992136
dynamic_accel,52.884,-0.3283365678703447
dynamic_accel,52.934,0.060724093161386605
dynamic_accel,52.984,0.4074662254415493
dynamic_accel,53.034,0.33695698895549775
dynamic_accel,53.084,0.310893469587457
dynamic_accel,53.134,0.19006195191295028
dynamic_accel,53.184,-0.16774723939201053
dynamic_accel,53.234,-0.2576917360328519
dynamic_accel,53.284,-0.27984518686348103
dynamic_accel,53.334,-0.522892389291103
dynamic_accel,53.384,-0.961153899208691
dynamic_accel,53.434,-1.0792884122421889
dynamic_accel,53.484,-0.17367558904540026
dynamic_accel,53.534,0.8506356259764729
dynamic_accel,53.584,1.1395453511716145
dynamic_accel,53.634,2.1214837773055617
dynamic_accel,53.684,3.8453334171546274
dynamic_accel,53.734,2.90950505869764
dynamic_accel,53.784,-0.9081905314592706
dynamic_accel,53.834,-3.9012109306603113
dynamic_accel,53.884,-4.629359346618605
dynamic_accel,53.934,-3.710001344890835
dynamic_accel,53.984,-1.6741618154173246
dynamic_accel,54.034,0.4603015554081402
dynamic_accel,54.084,1.4592558052541662
dynamic_accel,54.134,1.7493714981982968
dynamic_accel,54.184,2.403643963306042
dynamic_accel,54.234,2.299577923591844
dynamic_accel,54.284,3.8500946267655074
dynamic_accel,54.334,3.347872454556944
dynamic_accel,54.384,-0.4032514458682215
dynamic_accel,54.434,-2.4681693116547674
dynamic_accel,54.484,-3.3088135194247617
dynamic_accel,54.534,-3.710324523427219
dynamic_accel,54.584,-3.579550708466857
dynamic_accel,54.634,-1.8898571624803928
dynamic_accel,54.684,0.46477402263247214
dynamic_accel,54.734,1.7670943181000336
dynamic_accel,54.784,2.199782030650379
dynamic_accel,54.834,3.807832352764567
dynamic_accel,54.884,3.3340942500422592
dynamic_accel,54.934,1.9567698198894536
dynamic_accel,54.984,2.292240368230056
dynamic_accel,55.034,-0.46090119061612533
dynamic_accel,55.084,-4.929901416975887
dynamic_accel,55.134,-6.0892954455268065
dynamic_accel,55.184,-5.416211073184445
dynamic_accel,55.234,-3.134790459655542
dynamic_accel,55.284,-0.1399743381826717
dynamic_accel,55.334,1.744992406431832
dynamic_accel,55.384,2.814098426329183
dynamic_accel,55.434,4.614152026275377
dynamic_accel,55.484,7.01707660792022
dynamic_accel,55.534,5.649587823490515
dynamic_accel,55.584,1.424974954919822
dynamic_accel,55.634,-1.3394780216639557
dynamic_accel,55.684,-3.385240110608885
dynamic_accel,55.734,-4.838864941655266
dynamic_accel,55.784,-4.3476087427435255
dynamic_accel,55.834,-2.885229385777735
dynamic_accel,55.884,-1.454282482202446
dynamic_accel,55.934,-0.47395339509113654
dynamic_accel,55.984,0.9512097901606182
dynamic_accel,56.034,2.9998792278466624
dynamic_accel,56.084,3.6347538350274213
dynamic_accel,56.134,3.6603631501622402
dynamic_accel,56.184,1.9761734220347495
dynamic_accel,56.234,-1.020379946838199
dynamic_accel,56.284,-4.0516899733491485
dynamic_accel,56.334,-4.492839390226314
dynamic_accel,56.384,-3.2910463947106736
dynamic_accel,56.434,-0.967096384023602
dynamic_accel,56.484,0.7166021654088066
dynamic_accel,56.534,1.1745663529846233
dynamic_accel,56.584,3.3653290537907505
dynamic_accel,56.634,3.0525285436402694
dynamic_accel,56.684,4.456448900321433
dynamic_accel,56.734,1.4360334323261696
dynamic_accel,56.784,0.4813764911756184
dynamic_accel,56.834,-1.6941753594224291
dynamic_accel,56.884,-3.9502774559126443
dynamic_accel,56.934,-3.6774716389359456
dynamic_accel,56.984,-1.2173865248279832
dynamic_accel,57.034,0.8484249383175388
dynamic_accel,57.084,0.7655652655728424
dynamic_accel,57.134,0.3713275799016795
dynamic_accel,57.184,2.2682747775648053
dynamic_accel,57.234,1.4882682601583088
dynamic_accel,57.284,1.4560776906591961
dynamic_accel,57.334,0.6066757196607373
dynamic_accel,57.384,-1.3314810393042862
dynamic_accel,57.434,-3.7538161599692046
dynamic_accel,57.484,-4.869351104382356
dynamic_accel,57.534,-3.642158260470521
dynamic_accel,57.584,-0.9487806909291745
dynamic_accel,57.634,2.729535041805013
dynamic_accel,57.684,4.035711660696547
dynamic_accel,57.734,4.226665769476162
dynamic_accel,57.784,2.2385169256822817
dynamic_accel,57.834,3.5436669790020456
dynamic_accel,57.884,-0.10556020793688958
dynamic_accel,57.934,-0.6457328654588999
dynamic_accel,57.984,-1.6699402430263248
dynamic_accel,58.034,-3.0060700601384074
dynamic_accel,58.084,-3.2726549130687568
dynamic_accel,58.134,-2.0423815048836254
dynamic_accel,58.184,-0.9539067209445609
dynamic_accel,58.234,-0.031362033533564926
dynamic_accel,58.284,1.4070892103353287
dynamic_accel,58.334,2.8646594133475975
dynamic_accel,58.384,1.322747053777329
dynamic_accel,58.434,3.763149458862813
dynamic_accel,58.484,1.8553254167545177
dynamic_accel,58.534,-1.0335459670175204
dynamic_accel,58.584,-3.7969231373551118
dynamic_accel,58.634,-3.637245998066981
dynamic_accel,58.684,-2.4553304768501425
dynamic_accel,58.734,-0.9183282983079586
dynamic_accel,58.784,0.24828275532440536
dynamic_accel,58.834,1.2998380207306273
dynamic_accel,58.884,2.8496857176551007
dynamic_accel,58.934,1.1918001705387375
dynamic_accel,58.984,5.8689199577364555
dynamic_accel,59.034,-0.052219266608437565
dynamic_accel,59.084,-0.6900893820952145
dynamic_accel,59.134,-2.454845350090957
dynamic_accel,59.184,-3.5659680291855063
dynamic_accel,59.234,-2.8128783962455515
dynamic_accel,59.284,-1.1725664750923102
dynamic_accel,59.334,0.5574503891697482
dynamic_accel,59.384,1.150112411882592
dynamic_accel,59.434,1.4705975668955187
dynamic_accel,59.484,2.6767443306603873
dynamic_accel,59.534,1.4644366327654232
dynamic_accel,59.584,1.7445642498601028
dynamic_accel,59.634,1.481564284121184
dynamic_accel,59.684,-1.7365421897696294
dynamic_accel,59.734,-4.379362764785968
dynamic_accel,59.784,-3.45601968251293
dynamic_accel,59.834,-1.578115156365163
dynamic_accel,59.884,0.30985110507727853
dynamic_accel,59.934,1.3939899736037198
dynamic_accel,59.984,1.576792781633369
dynamic_accel,60.034,2.4530177647735574
dynamic_accel,60.084,1.6733631791380699
dynamic_accel,60.134,4.099071542860724
dynamic_accel,60.184,-0.1610812999294442
dynamic_accel,60.234,-0.9080604926383504
dynamic_accel,60.284,-2.94813627576539
dynamic_accel,60.334,-3.2726989534938564
dynamic_accel,60.384,-2.5551075349979966
dynamic_accel,60.434,-0.446926695038675
dynamic_accel,60.484,0.7620197345883195
dynamic_accel,60.534,0.3360244645158481
dynamic_accel,60.584,1.277148798066353
dynamic_accel,60.634,2.2318427978008657
dynamic_accel,60.684,1.7046326640882778
dynamic_accel,60.734,1.5338072462150727
dynamic_accel,60.784,2.0365897420636347
dynamic_accel,60.834,-2.193424103447077
dynamic_accel,60.884,-4.875760770358849
dynamic_accel,60.934,-4.264948687246181
dynamic_accel,60.984,-1.7402578686739645
dynamic_accel,61.034,0.5937321029821234
dynamic_accel,61.084,1.8577415478134078
dynamic_accel,61.134,1.734338399389058
dynamic_accel,61.184,2.965819375861269
dynamic_accel,61.234,2.2636214038454376
dynamic_accel,61.284,3.774718056254347
dynamic_accel,61.334,-0.2733821583431624
dynamic_accel,61.384,0.902603696002295
dynamic_accel,61.434,0.06677714635362264
dynamic_accel,61.484,-0.9360652026814122
dynamic_accel,61.534,-3.1079839787233405
dynamic_accel,61.584,-3.5260737928990062
dynamic_accel,61.634,-2.3489132649879156
dynamic_accel,61.684,-2.104030468147439
dynamic_accel,61.734,-1.775347620629117
dynamic_accel,61.784,1.491944236208104
dynamic_accel,61.834,3.739129002249708
dynamic_accel,61.884,4.153130498735605
dynamic_accel,61.934,2.6364337670976123
dynamic_accel,61.984,0.004864196940392418
dynamic_accel,62.034,-3.0125084489547964
dynamic_accel,62.084,-2.754162691643768
dynamic_accel,62.134,-1.498057689282117
dynamic_accel,62.184,-1.023208977533356
dynamic_accel,62.234,-0.520728186640472
dynamic_accel,62.284,1.0066236576887917
dynamic_accel,62.334,3.7050421781856606
dynamic_accel,62.384,3.723102404984445
dynamic_accel,62.434,0.9327305522458058
dynamic_accel,62.484,0.40242403330472065
dynamic_accel,62.534,-1.5747365116201877
dynamic_accel,62.584,-2.4358278632474235
dynamic_accel,62.634,-3.2709838668806945
dynamic_accel,62.684,-3.1843208773544527
dynamic_accel,62.734,-2.673886171690243
dynamic_accel,62.784,-0.9781547717707806
dynamic_accel,62.834,0.9220021346888245
dynamic_accel,62.884,2.7771075731359076
dynamic_accel,62.934,4.397241865891859
dynamic_accel,62.984,4.481311299350402
dynamic_accel,63.034,4.103969169336192
dynamic_accel,63.084,1.103253821634615
dynamic_accel,63.134,-2.208504194430871
dynamic_accel,63.184,-4.375568355655644
dynamic_accel,63.234,-4.472757522345777
dynamic_accel,63.284,-3.0887486267276385
dynamic_accel,63.334,-0.9156306090539452
dynamic_accel,63.384,0.8691140808253088
dynamic_accel,63.434,1.780358292649879
dynamic_accel,63.484,2.1811129071655895
dynamic_accel,63.534,2.571386199445781
dynamic_accel,63.584,2.201749114899373
dynamic_accel,63.634,0.5718920018595348
dynamic_accel,63.684,-0.8993686759613659
dynamic_accel,63.734,-2.32686473605989
dynamic_accel,63.784,-2.366313021552541
dynamic_accel,63.834,-1.2978884368246568
dynamic_accel,63.884,-0.1317238577669464
dynamic_accel,63.934,-0.22717446545581588
dynamic_accel,63.984,0.03643297268095935
dynamic_accel,64.034,0.7100700803025166
dynamic_accel,64.084,1.6050239273101852
dynamic_accel,64.134,2.1725413262230635
dynamic_accel,64.184,1.2211485051735558
dynamic_accel,64.234,-0.5126213653410812
dynamic_accel,64.284,-1.1073410445763994
dynamic_accel,64.334,-1.1256957506934206
dynamic_accel,64.384,-0.9651015297340102
dynamic_accel,64.434,-0.4521755758050432
dynamic_accel,64.484,-0.008956144761818052
dynamic_accel,64.534,0.4733613826866616
dynamic_accel,64.584,0.524512007536325
dynamic_accel,64.634,0.5795211664125013
dynamic_accel,64.684,0.418845309156584
dynamic_accel,64.734,-0.3080983739091785
dynamic_accel,64.784,-0.5357857680134703
dynamic_accel,64.834,-0.32903307111408786
dynamic_accel,64.884,-8.11861353682275e-05
dynamic_accel,64.934,-0.03070050598895513
dynamic_accel,64.984,0.025552275807092073
dynamic_accel,65.034,0.20836509096919542
dynamic_accel,65.084,0.03684464153577416
dynamic_accel,65.134,0.0745470707275313
dynamic_accel,65.184,0.23177439777259679
dynamic_accel,65.234,0.044904861235115945
dynamic_accel,65.284,-0.1655887501225699
dynamic_accel,65.334,-0.17310457545073454
dynamic_accel,65.384,-0.13226778194222533
dynamic_accel,65.434,-0.08730997479363012
dynamic_accel,65.484,-0.02341261013554785
dynamic_accel,65.534,0.02174953784055944
dynamic_accel,65.584,0.1614812087878459
dynamic_accel,65.634,0.15572277881299357
dynamic_accel,65.684,-0.003867271774646852
dynamic_accel,65.734,0.35015453810851227
dynamic_accel,65.784,-0.07932461556862336
dynamic_accel,65.834,-0.2829912884790087
dynamic_accel,65.884,-0.18769621576639572
dynamic_accel,65.934,-0.07582859518786123
dynamic_accel,65.984,0.29357135681742186
dynamic_accel,66.034,0.014300691614018035
dynamic_accel,66.084,-0.0978814594659756
dynamic_accel,66.134,0.18928386259223728
dynamic_accel,66.184,-0.21485492604928957
dynamic_accel,66.234,0.025001937798391438
magnetic_norm,0.076,51.572404047837885
magnetic_norm,0.176,51.39851006099701
magnetic_norm,0.276,51.575892462652135
magnetic_norm,0.396,51.4496960851552
magnetic_norm,0.474,51.478929457010096
magnetic_norm,0.574,51.59442009489978
magnetic_norm,0.705,51.85564522887466
magnetic_norm,0.773,51.56487814592478
magnetic_norm,0.873,51.4306353659863
magnetic_norm,0.972,51.40969395899862
magnetic_norm,1.076,51.643373006600456
magnetic_norm,1.171,51.53080910709529
magnetic_norm,1.27,51.70220121283993
magnetic_norm,1.37,51.54869103287866
magnetic_norm,1.47,51.651060840927066
magnetic_norm,1.569,51.55354978253065
magnetic_norm,1.683,51.218507155141445
magnetic_norm,1.768,51.1406670912303
magnetic_norm,1.868,51.108017230713486
magnetic_norm,1.967,51.25195513738883
magnetic_norm,2.068,51.62613179508623
magnetic_norm,2.167,51.15846464198435
magnetic_norm,2.266,51.021087883361126
magnetic_norm,2.365,51.51772369784924
magnetic_norm,2.465,51.35937634651123
magnetic_norm,2.565,51.38833888250776
magnetic_norm,2.664,51.58641851694645
magnetic_norm,2.764,51.23499182222195
magnetic_norm,2.863,51.47077977688322
magnetic_norm,2.981,51.55985612147878
magnetic_norm,3.062,51.666363254499885
magnetic_norm,3.161,51.79235381178169
magnetic_norm,3.293,51.94104809859347
magnetic_norm,3.361,51.9777383781185
magnetic_norm,3.46,52.355765410520476
magnetic_norm,3.56,52.687191091565104
magnetic_norm,3.659,53.077570046233475
magnetic_norm,3.759,53.481463131123526
magnetic_norm,3.859,53.72080994136899
magnetic_norm,3.958,53.92722161873688
magnetic_norm,4.057,54.15477618163742
magnetic_norm,4.157,54.28283664916839
magnetic_norm,4.277,54.13938708970237
magnetic_norm,4.356,53.9363935451221
magnetic_norm,4.459,53.76687899237498
magnetic_norm,4.555,53.860632187656385
magnetic_norm,4.655,53.4132042905955
magnetic_norm,4.754,53.1367967498202
magnetic_norm,4.854,52.395166625152434
magnetic_norm,4.953,51.8027018599381
magnetic_norm,5.053,51.174921716501835
magnetic_norm,5.152,50.48224380715559
magnetic_norm,5.251,50.07441411927688
magnetic_norm,5.351,49.65724025526727
magnetic_norm,5.451,48.96328073787929
magnetic_norm,5.558,48.17031755366577
magnetic_norm,5.65,47.38919970445088
magnetic_norm,5.75,46.494501684457795
magnetic_norm,5.878,45.326120927799955
magnetic_norm,5.949,44.66587552035975
magnetic_norm,6.048,43.40879156281868
magnetic_norm,6.148,42.560307253449125
magnetic_norm,6.247,41.82565430643075
magnetic_norm,6.347,41.266917011696904
magnetic_norm,6.446,40.62348408889089
magnetic_norm,6.545,39.60983513852831
magnetic_norm,6.649,38.59903906056274
magnetic_norm,6.745,37.93108114605186
magnetic_norm,6.863,37.314961707055375
magnetic_norm,6.944,36.61556627784658
magnetic_norm,7.043,35.967318510924905
magnetic_norm,7.171,35.06763711400104
magnetic_norm,7.242,34.9887245260096
magnetic_norm,7.342,34.8862272192892
magnetic_norm,7.442,34.76099592758514
magnetic_norm,7.541,35.284980370941966
magnetic_norm,7.64,35.225765426843594
magnetic_norm,7.74,35.31064869001401
magnetic_norm,7.839,35.81173578662249
magnetic_norm,7.939,35.92488158298902
magnetic_norm,8.039,36.45595948310531
magnetic_norm,8.159,36.57989229979375
magnetic_norm,8.237,37.315076061189764
magnetic_norm,8.337,37.73274941879489
magnetic_norm,8.437,37.979050830462
magnetic_norm,8.537,38.13270741040502
magnetic_norm,8.636,38.37847493105173
magnetic_norm,8.735,38.67608912758541
magnetic_norm,8.835,38.7496366359338
magnetic_norm,8.935,38.80662121010861
magnetic_norm,9.034,38.90236920701533
magnetic_norm,9.133,38.989415771281635
magnetic_norm,9.233,39.205926618848196
magnetic_norm,9.333,39.610421772038634
magnetic_norm,9.458,39.631793851456024
magnetic_norm,9.531,39.65236529846892
magnetic_norm,9.631,39.57231384171405
magnetic_norm,9.758,40.02054608961983
magnetic_norm,9.83,39.77636410054074
magnetic_norm,9.93,39.97075482786284
magnetic_norm,10.029,40.411651895702384
magnetic_norm,10.128,41.04470931463007
magnetic_norm,10.228,41.81355754425625
magnetic_norm,10.328,42.92380421362446
magnetic_norm,10.427,44.0206464604016
magnetic_norm,10.527,44.537834787839316
magnetic_norm,10.627,45.531035176968224
magnetic_norm,10.746,46.45879783713907
magnetic_norm,10.826,47.538334990115075
magnetic_norm,10.925,48.89506965006177
magnetic_norm,11.049,50.20189096339406
magnetic_norm,11.124,51.80635087618514
magnetic_norm,11.224,53.021208528011314
magnetic_norm,11.323,54.13631432805951
magnetic_norm,11.422,55.194914503427064
magnetic_norm,11.522,56.60554923692238
magnetic_norm,11.622,58.54887955152286
magnetic_norm,11.721,59.904730542689926
magnetic_norm,11.821,61.20019959799192
magnetic_norm,11.92,62.88768149851325
magnetic_norm,12.04,64.659734227867
magnetic_norm,12.119,65.78778430880294
magnetic_norm,12.219,66.81634271031405
magnetic_norm,12.349,66.77334457587615
magnetic_norm,12.418,66.90484768770891
magnetic_norm,12.518,66.6266093794648
magnetic_norm,12.617,65.96697807940977
magnetic_norm,12.716,64.74214499146109
magnetic_norm,12.816,63.05943391934064
magnetic_norm,12.915,62.56197971186969
magnetic_norm,13.015,61.18420098124899
magnetic_norm,13.119,59.30400327511447
magnetic_norm,13.214,58.14663124528989
magnetic_norm,13.327,56.18958157990509
magnetic_norm,13.413,54.99907374866359
magnetic_norm,13.513,53.440118361563584
magnetic_norm,13.638,52.26635311174561
magnetic_norm,13.712,50.58565447668166
magnetic_norm,13.811,49.670844500424735
magnetic_norm,13.911,47.8270920199721
magnetic_norm,14.01,47.24757791660164
magnetic_norm,14.11,47.246546128114225
magnetic_norm,14.209,46.594773357558786
magnetic_norm,14.309,46.5649837003273
magnetic_norm,14.408,45.987008056997205
magnetic_norm,14.508,45.85620026369864
magnetic_norm,14.628,44.9793097418797
magnetic_norm,14.707,44.920222511232005
magnetic_norm,14.807,44.61493058494634
magnetic_norm,14.937,44.484716320463406
magnetic_norm,15.006,44.44890248313545
magnetic_norm,15.105,43.998470237639566
magnetic_norm,15.205,43.9200519466063
magnetic_norm,15.304,44.22051592203432
magnetic_norm,15.404,44.48982018428725
magnetic_norm,15.503,44.38295869935107
magnetic_norm,15.602,44.22164997742351
magnetic_norm,15.702,43.864096705840375
magnetic_norm,15.802,44.071608900272615
magnetic_norm,15.922,44.05980185071996
magnetic_norm,16.001,43.88836864313387
magnetic_norm,16.119,43.82013923085428
magnetic_norm,16.221,43.97545993718534
magnetic_norm,16.299,43.66424979796663
magnetic_norm,16.399,43.57565191568616
magnetic_norm,16.499,43.67403011030885
magnetic_norm,16.598,43.78088128148367
magnetic_norm,16.698,43.87891412772051
magnetic_norm,16.797,43.427691750432224
magnetic_norm,16.896,43.727496866118656
magnetic_norm,16.996,43.80166060308281
magnetic_norm,17.096,43.82068787775697
magnetic_norm,17.208,43.693147433215124
magnetic_norm,17.295,43.86126114638631
magnetic_norm,17.395,44.2761959930421
magnetic_norm,17.509,44.224506057833416
magnetic_norm,17.593,44.159805232458545
magnetic_norm,17.693,44.06136091913779
magnetic_norm,17.793,43.49568508548186
magnetic_norm,17.892,43.7693321757727
magnetic_norm,17.992,43.69508530445996
magnetic_norm,18.091,43.5021664266462
magnetic_norm,18.19,43.39710594272383
magnetic_norm,18.29,43.51618205619169
magnetic_norm,18.39,43.18928192673783
magnetic_norm,18.509,43.451447696171606
magnetic_norm,18.589,43.44720546822376
magnetic_norm,18.688,43.519000742746854
magnetic_norm,18.816,43.84924780853086
magnetic_norm,18.887,43.95542173727995
magnetic_norm,18.987,43.918520340791815
magnetic_norm,19.086,44.00690872894603
magnetic_norm,19.186,44.09359950170938
magnetic_norm,19.285,44.64904417057047
magnetic_norm,19.385,44.77322997583264
magnetic_norm,19.484,44.764661506975855
magnetic_norm,19.584,44.78698671179768
magnetic_norm,19.684,44.59511445073577
magnetic_norm,19.783,44.68956735527985
magnetic_norm,19.882,44.618185350756804
magnetic_norm,19.982,44.5938751839161
magnetic_norm,20.101,44.369034503779126
magnetic_norm,20.181,44.479399185179716
magnetic_norm,20.281,44.94075923247261
magnetic_norm,20.412,44.71106175934332
magnetic_norm,20.479,44.433329252790294
magnetic_norm,20.579,44.209254613406564
magnetic_norm,20.678,44.02623973184741
magnetic_norm,20.778,44.50954443683554
magnetic_norm,20.878,45.049521461282545
magnetic_norm,20.977,45.06204916596354
magnetic_norm,21.077,45.77818438557704
magnetic_norm,21.177,46.36794292487479
magnetic_norm,21.276,46.89850579957566
magnetic_norm,21.394,47.58082242557404
magnetic_norm,21.475,48.2269005547732
magnetic_norm,21.575,49.221955050896796
magnetic_norm,21.702,50.32252558848448
magnetic_norm,21.773,51.68723858948736
magnetic_norm,21.873,52.37728544884061
magnetic_norm,21.973,53.9670563922971
magnetic_norm,22.072,55.75481054877502
magnetic_norm,22.172,57.376953869837536
magnetic_norm,22.271,59.080474061294986
magnetic_norm,22.37,60.12061991969974
magnetic_norm,22.47,61.649875385339975
magnetic_norm,22.57,62.13687716915526
magnetic_norm,22.687,63.234978320916404
magnetic_norm,22.769,64.40921930883316
magnetic_norm,22.868,64.47825877605867
magnetic_norm,22.998,64.50113705179841
magnetic_norm,23.067,63.820179926942615
magnetic_norm,23.167,63.38714922485315
magnetic_norm,23.267,62.28883079603725
magnetic_norm,23.366,61.674277896181074
magnetic_norm,23.466,60.84066347481976
magnetic_norm,23.565,59.81710634646458
magnetic_norm,23.664,58.69468880006363
magnetic_norm,23.764,57.61131141033028
magnetic_norm,23.864,56.85339831509523
magnetic_norm,23.976,55.947881932712455
magnetic_norm,24.062,54.96319200423152
magnetic_norm,24.162,54.03708978825676
magnetic_norm,24.262,52.81558937350914
magnetic_norm,24.361,51.74704284017
magnetic_norm,24.461,50.883313807163866
magnetic_norm,24.56,50.659391759193035
magnetic_norm,24.66,50.28482319981074
magnetic_norm,24.759,49.88041638474985
magnetic_norm,24.879,49.541407529085134
magnetic_norm,24.958,49.20500070334934
magnetic_norm,25.058,49.083392018645256
magnetic_norm,25.158,48.963239826693865
magnetic_norm,25.274,48.64953670099098
magnetic_norm,25.357,48.30139436522475
magnetic_norm,25.456,47.903151004512274
magnetic_norm,25.581,47.00397560461719
magnetic_norm,25.655,46.42208538273625
magnetic_norm,25.755,45.33410471008639
magnetic_norm,25.854,44.11277322064832
magnetic_norm,25.954,43.16003201036401
magnetic_norm,26.058,42.14947182118058
magnetic_norm,26.153,41.455649816548366
magnetic_norm,26.252,41.274239798970484
magnetic_norm,26.352,40.62717174586876
magnetic_norm,26.451,40.05290695547775
magnetic_norm,26.57,39.811914301555326
magnetic_norm,26.651,39.06680163691061
magnetic_norm,26.75,38.87430030890034
magnetic_norm,26.88,38.473901455483265
magnetic_norm,26.949,38.732208283258636
magnetic_norm,27.049,38.63563869566013
magnetic_norm,27.148,38.55797432023579
magnetic_norm,27.247,38.51464884662797
magnetic_norm,27.347,38.66549231127284
magnetic_norm,27.447,38.83237796947652
magnetic_norm,27.546,39.47674577774353
magnetic_norm,27.646,39.47316133726624
magnetic_norm,27.745,39.311975399605224
magnetic_norm,27.866,39.50662203140642
magnetic_norm,27.944,39.77878330821403
magnetic_norm,28.044,39.55525554244353
magnetic_norm,28.172,39.05776797024743
magnetic_norm,28.243,39.484950552796434
magnetic_norm,28.343,39.597270531963225
magnetic_norm,28.442,40.22640934452539
magnetic_norm,28.541,40.72154225504516
magnetic_norm,28.641,40.860716440326144
magnetic_norm,28.741,40.79617559049842
magnetic_norm,28.84,41.10691039877015
magnetic_norm,28.94,41.754375905091294
magnetic_norm,29.039,41.807457281973406
magnetic_norm,29.153,41.44306664200423
magnetic_norm,29.238,41.88440110577857
magnetic_norm,29.337,41.50944830563329
magnetic_norm,29.437,41.92877164302663
magnetic_norm,29.537,41.99075789622104
magnetic_norm,29.636,41.99284299317146
magnetic_norm,29.736,42.00617078124294
magnetic_norm,29.835,41.686990335896255
magnetic_norm,29.938,41.25806727092588
magnetic_norm,30.034,41.728429351924724
magnetic_norm,30.134,41.840713450262925
magnetic_norm,30.234,41.69201027585201
magnetic_norm,30.333,41.757204145162994
magnetic_norm,30.445,41.927579387195614
magnetic_norm,30.532,41.62198420897198
magnetic_norm,30.631,41.82699211809383
magnetic_norm,30.732,41.616595176783434
magnetic_norm,30.83,41.554432547602865
magnetic_norm,30.93,41.32024467684941
magnetic_norm,31.03,41.127651289560404
magnetic_norm,31.129,40.71460426902284
magnetic_norm,31.229,40.34170326825037
magnetic_norm,31.328,40.569410326143554
magnetic_norm,31.427,40.71684989031675
magnetic_norm,31.527,40.87987454426736
magnetic_norm,31.627,40.88940657168476
magnetic_norm,31.747,41.19547281423806
magnetic_norm,31.826,42.11074598407743
magnetic_norm,31.926,42.75063504641173
magnetic_norm,32.054,42.446585573931266
magnetic_norm,32.124,43.5637277832573
magnetic_norm,32.224,43.875578171913624
magnetic_norm,32.324,43.86172751452459
magnetic_norm,32.423,44.54110809204814
magnetic_norm,32.522,44.975612251960186
magnetic_norm,32.622,45.26297409116665
magnetic_norm,32.721,44.97840391090449
magnetic_norm,32.821,44.86620006114999
magnetic_norm,32.921,44.7017719913479
magnetic_norm,33.033,44.651463587924894
magnetic_norm,33.12,44.2153255721554
magnetic_norm,33.219,43.64036534647575
magnetic_norm,33.345,43.767971891959355
magnetic_norm,33.419,43.32196211118268
magnetic_norm,33.518,43.78359083218891
magnetic_norm,33.617,43.51501486445524
magnetic_norm,33.717,43.28572477848582
magnetic_norm,33.821,42.887056281138996
magnetic_norm,33.916,42.92285647365588
magnetic_norm,34.015,43.166835376191806
magnetic_norm,34.115,42.716048764066485
magnetic_norm,34.215,42.99553349615751
magnetic_norm,34.336,42.92448714244146
magnetic_norm,34.414,42.821651687083204
magnetic_norm,34.513,42.851512166436656
magnetic_norm,34.643,42.349183352634995
magnetic_norm,34.712,42.89113291651686
magnetic_norm,34.812,42.84047470575767
magnetic_norm,34.911,43.006603023365656
magnetic_norm,35.01,43.57418998817008
magnetic_norm,35.111,43.61415303344786
magnetic_norm,35.21,44.00746730251645
magnetic_norm,35.309,44.53791454798934
magnetic_norm,35.409,44.8710677035725
magnetic_norm,35.509,45.40931722993329
magnetic_norm,35.63,45.51357084878919
magnetic_norm,35.707,45.69259330641309
magnetic_norm,35.807,46.15724110340462
magnetic_norm,35.936,46.455466882369265
magnetic_norm,36.006,46.626313088891024
magnetic_norm,36.106,47.34422094493243
magnetic_norm,36.205,47.09068831400045
magnetic_norm,36.304,46.764963681568815
magnetic_norm,36.404,46.75300863700431
magnetic_norm,36.504,46.51609580621741
magnetic_norm,36.603,46.947479158863025
magnetic_norm,36.703,46.55074335340262
magnetic_norm,36.802,46.08641297997056
magnetic_norm,36.913,45.814916856089866
magnetic_norm,37.001,46.04517487087693
magnetic_norm,37.101,46.317153958509174
magnetic_norm,37.225,46.40784300855691
magnetic_norm,37.3,46.526255608937305
magnetic_norm,37.399,46.84686244958283
magnetic_norm,37.499,46.51597403826688
magnetic_norm,37.598,46.570546586901315
magnetic_norm,37.698,46.498610733457696
magnetic_norm,37.798,46.699918074031565
magnetic_norm,37.897,46.6063983737921
magnetic_norm,37.997,46.45126510000894
magnetic_norm,38.096,46.08775234480583
magnetic_norm,38.217,45.98896221805705
magnetic_norm,38.295,46.046957630389926
magnetic_norm,38.395,46.04078207934367
magnetic_norm,38.525,45.72511748099449
magnetic_norm,38.594,45.88024604243872
magnetic_norm,38.694,45.46810530432998
magnetic_norm,38.793,45.85620257599159
magnetic_norm,38.892,46.0949919722723
magnetic_norm,38.992,45.665497564613716
magnetic_norm,39.092,45.50004563354368
magnetic_norm,39.191,45.436458394931314
magnetic_norm,39.291,45.23921327610897
magnetic_norm,39.39,45.477366304817856
magnetic_norm,39.51,45.25833508381859
magnetic_norm,39.589,44.728761570185036
magnetic_norm,39.689,44.99421738888692
magnetic_norm,39.818,44.763608314860164
magnetic_norm,39.887,44.74076739320935
magnetic_norm,39.987,44.94961779136306
magnetic_norm,40.087,44.63599212492585
magnetic_norm,40.186,45.06296791112053
magnetic_norm,40.286,44.84680856183591
magnetic_norm,40.385,44.87739378300089
magnetic_norm,40.485,45.03058976583948
magnetic_norm,40.615,44.83631835098603
magnetic_norm,40.684,44.84616535427129
magnetic_norm,40.783,45.02586222201496
magnetic_norm,40.883,44.91815842430801
magnetic_norm,40.983,44.9673463610747
magnetic_norm,41.097,44.842989592861805
magnetic_norm,41.181,44.98760273935594
magnetic_norm,41.281,44.884316002425734
magnetic_norm,41.409,45.16697243178128
magnetic_norm,41.48,45.359803375309674
magnetic_norm,41.58,45.65366584993965
magnetic_norm,41.679,45.73967782961148
magnetic_norm,41.778,45.924060446518205
magnetic_norm,41.878,45.7948639226757
magnetic_norm,41.978,45.77179642424109
magnetic_norm,42.077,45.58850400683425
magnetic_norm,42.177,45.507035414207344
magnetic_norm,42.276,45.30001520689117
magnetic_norm,42.396,45.444587619498456
magnetic_norm,42.475,45.19367511391253
magnetic_norm,42.575,45.0263481459143
magnetic_norm,42.68,44.829969143325414
magnetic_norm,42.774,44.57370843769416
magnetic_norm,42.874,44.31979918844227
magnetic_norm,42.973,44.23969875517246
magnetic_norm,43.072,43.98302997189585
magnetic_norm,43.172,43.44185678285951
magnetic_norm,43.271,43.452189277982775
magnetic_norm,43.371,43.04187088193196
magnetic_norm,43.471,42.83635719623119
magnetic_norm,43.57,42.62669967058829
magnetic_norm,43.669,43.02352181186312
magnetic_norm,43.769,43.3367975617233
magnetic_norm,43.869,43.276711148415316
magnetic_norm,43.991,43.07185576986253
magnetic_norm,44.068,43.34485969716846
magnetic_norm,44.169,43.12665862545113
magnetic_norm,44.288,43.44950469599067
magnetic_norm,44.37,43.55173257809843
magnetic_norm,44.466,43.79250128763458
magnetic_norm,44.566,44.033776068722155
magnetic_norm,44.665,43.97339121567154
magnetic_norm,44.765,44.80978952729163
magnetic_norm,44.864,45.09511666712329
magnetic_norm,44.963,45.32806859746
magnetic_norm,45.063,45.945502163182745
magnetic_norm,45.163,46.11060747218967
magnetic_norm,45.274,46.646298789328554
magnetic_norm,45.362,47.00914928303311
magnetic_norm,45.465,47.41201139820647
magnetic_norm,45.583,47.915010781779365
magnetic_norm,45.66,47.916635694014566
magnetic_norm,45.76,48.19112091419014
magnetic_norm,45.86,47.96150308431691
magnetic_norm,45.959,48.14760969475032
magnetic_norm,46.058,48.30407851282109
magnetic_norm,46.158,48.511101064756616
magnetic_norm,46.257,48.51081215035737
magnetic_norm,46.357,48.44514214888109
magnetic_norm,46.457,48.37497752396613
magnetic_norm,46.556,47.87677003182435
magnetic_norm,46.656,47.7124862576669
magnetic_norm,46.755,47.70011986174249
magnetic_norm,46.876,47.543773299719014
magnetic_norm,46.954,47.19151988466416
magnetic_norm,47.054,47.198477565038225
magnetic_norm,47.184,47.40059060501084
magnetic_norm,47.253,46.916114405493886
magnetic_norm,47.352,46.55235749995693
magnetic_norm,47.452,46.46897735093275
magnetic_norm,47.551,46.12200989050704
magnetic_norm,47.651,46.02417520064423
magnetic_norm,47.751,45.619360810628145
magnetic_norm,47.85,45.251303157238894
magnetic_norm,47.949,44.336991610473284
magnetic_norm,48.049,43.89114232564389
magnetic_norm,48.169,43.401262945369716
magnetic_norm,48.248,42.745716846669104
magnetic_norm,48.348,42.332981634575425
magnetic_norm,48.478,42.393526696888586
magnetic_norm,48.546,41.97884102396238
magnetic_norm,48.646,41.61104479280846
magnetic_norm,48.745,41.59456554892277
magnetic_norm,48.845,41.54749614847804
magnetic_norm,48.945,41.8137538508533
magnetic_norm,49.049,41.88321062712793
magnetic_norm,49.144,41.93508058903057
magnetic_norm,49.244,41.913624108482445
magnetic_norm,49.343,41.48149574351078
magnetic_norm,49.457,41.93159925019212
magnetic_norm,49.542,41.74242052472789
magnetic_norm,49.642,41.82166625218928
magnetic_norm,49.771,41.38331390747024
magnetic_norm,49.84,41.07171460037872
magnetic_norm,49.94,40.99560884668456
magnetic_norm,50.039,40.968867196387365
magnetic_norm,50.139,40.883435665741395
magnetic_norm,50.239,40.96672831371551
magnetic_norm,50.338,41.32683393675523
magnetic_norm,50.437,41.189185971275634
magnetic_norm,50.537,40.87993352507279
magnetic_norm,50.637,41.022424171542106
magnetic_norm,50.757,40.79745734629986
magnetic_norm,50.853,40.180903331638234
magnetic_norm,50.935,40.05247455549174
magnetic_norm,51.064,39.633089814940426
magnetic_norm,51.135,38.86536555490579
magnetic_norm,51.234,38.67021554552513
magnetic_norm,51.334,38.303120649980954
magnetic_norm,51.433,37.84597539235982
magnetic_norm,51.533,37.306590753520446
magnetic_norm,51.632,36.79246246164045
magnetic_norm,51.731,36.78873726299333
magnetic_norm,51.831,36.42580495428212
magnetic_norm,51.934,36.27137617717221
magnetic_norm,52.049,36.00733000108238
magnetic_norm,52.129,35.536635448576064
magnetic_norm,52.229,35.06801132868871
magnetic_norm,52.359,34.78402152009573
magnetic_norm,52.428,34.73214840139119
magnetic_norm,52.548,34.135048333241464
magnetic_norm,52.627,34.100712937172254
magnetic_norm,52.727,33.81723309934605
magnetic_norm,52.827,33.59934820382194
magnetic_norm,52.926,33.881354386925835
magnetic_norm,53.025,33.759217783214126
magnetic_norm,53.125,34.182487824012306
magnetic_norm,53.225,33.989540678600704
magnetic_norm,53.337,34.05454826595664
magnetic_norm,53.424,34.515509957542726
magnetic_norm,53.523,34.889598772724185
magnetic_norm,53.65,35.05458950615948
magnetic_norm,53.722,35.5291453387371
magnetic_norm,53.822,35.95923560952227
magnetic_norm,53.921,35.770629522433275
magnetic_norm,54.02,36.065962073151205
magnetic_norm,54.12,36.09893479532511
magnetic_norm,54.22,36.039998258727856
magnetic_norm,54.319,35.92796403906021
magnetic_norm,54.419,35.95660862684836
magnetic_norm,54.518,35.5719014921426
magnetic_norm,54.637,35.967845408930636
magnetic_norm,54.717,36.41673062814061
magnetic_norm,54.817,36.61408758186675
magnetic_norm,54.947,36.11752704695121
magnetic_norm,55.016,36.161476368391995
magnetic_norm,55.116,35.85691153666061
magnetic_norm,55.216,35.56383436268408
magnetic_norm,55.316,35.41401038585382
magnetic_norm,55.414,35.29806734160999
magnetic_norm,55.513,34.69641629111269
magnetic_norm,55.613,34.67122940367313
magnetic_norm,55.713,34.07109207245939
magnetic_norm,55.812,33.91703809884391
magnetic_norm,55.932,33.39847142476069
magnetic_norm,56.011,33.08657627635454
magnetic_norm,56.111,32.65200837454298
magnetic_norm,56.243,32.4095485775685
magnetic_norm,56.31,31.83469262269088
magnetic_norm,56.409,31.925692541295213
magnetic_norm,56.509,31.50656104062763
magnetic_norm,56.608,31.844123479257195
magnetic_norm,56.708,31.767525308775102
magnetic_norm,56.808,31.805236044431858
magnetic_norm,56.907,31.85553742174448
magnetic_norm,57.007,31.451315763928736
magnetic_norm,57.106,31.509680338783586
magnetic_norm,57.223,31.189689744429547
magnetic_norm,57.321,31.251040199139084
magnetic_norm,57.405,31.721051474653503
magnetic_norm,57.533,31.99363339795475
magnetic_norm,57.604,32.917570139064544
magnetic_norm,57.703,33.765744535598536
magnetic_norm,57.803,34.506453998961526
magnetic_norm,57.902,35.17346726573206
magnetic_norm,58.002,35.74293741811596
magnetic_norm,58.101,36.76426642904556
magnetic_norm,58.201,38.46071882715191
magnetic_norm,58.301,40.47823974446734
magnetic_norm,58.4,42.14928284973666
magnetic_norm,58.52,43.02156678632782
magnetic_norm,58.599,44.47179512586422
magnetic_norm,58.699,46.11145506965735
magnetic_norm,58.829,48.00789233095497
magnetic_norm,58.898,49.09401508611569
magnetic_norm,58.997,49.84491771963625
magnetic_norm,59.097,49.38388636774344
magnetic_norm,59.196,49.89640075103714
magnetic_norm,59.296,50.66763753603433
magnetic_norm,59.395,51.09690009488478
magnetic_norm,59.495,52.376888673553495
magnetic_norm,59.594,52.533649465802156
magnetic_norm,59.694,52.40487775036264
magnetic_norm,59.814,52.413014856867434
magnetic_norm,59.893,52.69324600175477
magnetic_norm,59.992,52.690386528033706
magnetic_norm,60.123,52.34531629789489
magnetic_norm,60.191,51.81392737640469
magnetic_norm,60.291,51.62840467581791
magnetic_norm,60.391,51.35604771764917
magnetic_norm,60.497,51.05811778542923
magnetic_norm,60.589,50.847572154578444
magnetic_norm,60.689,50.6053894387524
magnetic_norm,60.788,50.43534386778736
magnetic_norm,60.888,50.45176567044711
magnetic_norm,60.988,50.031785253683644
magnetic_norm,61.101,49.987790800097116
magnetic_norm,61.187,49.74203048368279
magnetic_norm,61.286,49.58837452724742
magnetic_norm,61.412,49.087477834299726
magnetic_norm,61.485,48.789936024593175
magnetic_norm,61.584,48.59869644150995
magnetic_norm,61.684,48.354855793643914
magnetic_norm,61.786,48.32624634970558
magnetic_norm,61.884,47.89110141092042
magnetic_norm,61.983,47.780916934851476
magnetic_norm,62.082,47.65311776307543
magnetic_norm,62.182,47.055560586040976
magnetic_norm,62.282,46.69871421247418
magnetic_norm,62.401,46.46189144230829
magnetic_norm,62.481,46.3774138721774
magnetic_norm,62.58,45.912512854598255
magnetic_norm,62.707,45.60022466889909
magnetic_norm,62.779,45.275467943138395
magnetic_norm,62.879,44.71257465218752
magnetic_norm,62.978,44.17220261644643
magnetic_norm,63.078,43.747845901576135
magnetic_norm,63.177,44.13506331825926
magnetic_norm,63.277,44.484253119597035
magnetic_norm,63.376,44.687641542861314
magnetic_norm,63.476,45.16872288762514
magnetic_norm,63.576,45.64111994809263
magnetic_norm,63.699,46.05173252951029
magnetic_norm,63.779,46.76982827550889
magnetic_norm,63.874,47.746348394623645
magnetic_norm,64.002,48.52929498542124
magnetic_norm,64.073,49.0815379889284
magnetic_norm,64.173,49.27863352535986
magnetic_norm,64.272,49.88488774106597
magnetic_norm,64.371,50.06067209477025
magnetic_norm,64.471,50.67632198822691
magnetic_norm,64.571,50.791694026790964
magnetic_norm,64.67,50.82345689382091
magnetic_norm,64.77,51.116465767152235
magnetic_norm,64.871,51.283981877441114
magnetic_norm,64.985,51.333903374005345
magnetic_norm,65.068,51.343632109678886
magnetic_norm,65.168,51.187397354627024
magnetic_norm,65.293,51.66367087220184
magnetic_norm,65.367,51.43104834589573
magnetic_norm,65.466,51.49301222530934
magnetic_norm,65.566,51.0788619350996
magnetic_norm,65.666,51.451933977995374
magnetic_norm,65.766,51.37249334188772
magnetic_norm,65.864,51.336378670655584
magnetic_norm,65.964,51.0762127412996
magnetic_norm,66.064,51.138277273343945
magnetic_norm,66.163,51.25334003424111
pressure,1.064,998.9215850830078
pressure,2.067,998.91845703125
pressure,3.09,998.9154052734375
pressure,4.088,998.9098358154297
pressure,5.103,998.9080810546875
pressure,6.615,998.9076995849609
pressure,7.7,998.9076995849609
pressure,8.789,998.9064025878906
pressure,9.85,998.9057922363281
pressure,10.934,998.90380859375
pressure,12.01,998.9031982421875
pressure,13.084,998.9014434814453
pressure,14.169,998.9002227783203
pressure,15.245,998.900146484375
pressure,16.319,998.8973999023438
pressure,17.425,998.89404296875
pressure,18.479,998.8893890380859
pressure,19.554,998.8845062255859
pressure,20.638,998.8792419433594
pressure,21.713,998.8773345947266
pressure,22.797,998.8773345947266
pressure,23.873,998.8786315917969
pressure,24.948,998.8786315917969
pressure,26.023,998.8774108886719
pressure,27.108,998.8768768310547
pressure,28.189,998.8754272460938
pressure,29.258,998.8726806640625
pressure,30.342,998.8723754882812
pressure,31.417,998.8723754882812
pressure,32.492,998.873291015625
pressure,33.577,998.8741302490234
pressure,34.652,998.8741302490234
pressure,35.727,998.8740539550781
pressure,36.832,998.8740539550781
pressure,37.887,998.8740539550781
pressure,38.961,998.8725280761719
pressure,40.046,998.8725280761719
pressure,41.122,998.8727569580078
pressure,42.206,998.8734436035156
pressure,43.281,998.8761138916016
pressure,44.356,998.8772583007812
pressure,45.431,998.8796234130859
pressure,46.516,998.8811492919922
pressure,47.591,998.8811492919922
pressure,48.666,998.8809967041016
pressure,49.771,998.87939453125
pressure,50.825,998.8782501220703
pressure,51.9,998.8775634765625
pressure,52.99,998.8771057128906
pressure,54.06,998.8771057128906
pressure,55.135,998.8782501220703
pressure,56.243,998.8812255859375
pressure,57.295,998.8829803466797
pressure,58.369,998.885498046875
pressure,59.474,998.8868713378906
pressure,60.529,998.8873291015625
pressure,61.609,998.887939453125
pressure,62.708,998.887939453125
pressure,63.764,998.8857269287109
pressure,64.839,998.8855743408203
pressure,65.934,998.8851928710938
device_yaw,0.077,-1.3452603053818788
device_yaw,0.127,-1.3400723340941345
device_yaw,0.177,-1.3393942638277332
device_yaw,0.227,-1.3441940453612353
device_yaw,0.277,-1.3387476024740916
device_yaw,0.327,-1.33026272648484
device_yaw,0.377,-1.3237101140297207
device_yaw,0.427,-1.3188264731091428
device_yaw,0.477,-1.3173325233213662
device_yaw,0.527,-1.278884407570798
device_yaw,0.577,-1.2172000909928702
device_yaw,0.627,-1.1879934421725353
device_yaw,0.677,-1.1966702090592252
device_yaw,0.727,-1.2311728935969872
device_yaw,0.777,-1.2746499117079262
device_yaw,0.827,-1.3371042906063404
device_yaw,0.877,-1.424568490624546
device_yaw,0.927,-1.5379051313251708
device_yaw,0.977,-1.6926192231818
device_yaw,1.027,-1.877220296751274
device_yaw,1.077,-2.1085621740588953
device_yaw,1.127,-2.3943267482318373
device_yaw,1.177,-2.674643276307739
device_yaw,1.227,-2.9234755246523814
device_yaw,1.277,-3.1512018894908307
device_yaw,1.327,-3.3690139588630545
device_yaw,1.377,-3.580802115212905
device_yaw,1.427,-3.7764370682438586
device_yaw,1.477,-3.9286101714907686
device_yaw,1.527,-4.030662608968242
device_yaw,1.577,-4.101049507582313
device_yaw,1.627,-4.163713307806452
device_yaw,1.677,-4.209694081936989
device_yaw,1.727,-4.244879647905199
device_yaw,1.777,-4.273236832067877
device_yaw,1.827,-4.278208393709114
device_yaw,1.877,-4.209748756448575
device_yaw,1.927,-4.055963174616552
device_yaw,1.977,-3.8480662960349936
device_yaw,2.027,-3.6245592348204663
device_yaw,2.077,-3.3910409975004323
device_yaw,2.127,-3.135663436359934
device_yaw,2.177,-2.8593325911472567
device_yaw,2.227,-2.5583493688862866
device_yaw,2.277,-2.242490583113235
device_yaw,2.327,-1.9326340765829038
device_yaw,2.377,-1.6466468200034072
device_yaw,2.427,-1.4624563813076608
device_yaw,2.477,-1.3958630448248792
device_yaw,2.527,-1.4386943011778053
device_yaw,2.577,-1.602682062400858
device_yaw,2.627,-1.89018557272072
device_yaw,2.677,-2.302914083390831
device_yaw,2.727,-2.810843950402941
device_yaw,2.777,-3.4896954504070594
device_yaw,2.827,-4.301223831341935
device_yaw,2.877,-5.239683715218527
device_yaw,2.927,-6.3173491957464085
device_yaw,2.977,-7.514643491689336
device_yaw,3.027,-8.785568800161508
device_yaw,3.077,-10.264220167531036
device_yaw,3.127,-11.824071202170542
device_yaw,3.177,-13.41535281168347
device_yaw,3.227,-15.003902521612831
device_yaw,3.277,-16.604565858211593
device_yaw,3.327,-18.1418649555318
device_yaw,3.377,-19.595830217492882
device_yaw,3.427,-21.075021490569082
device_yaw,3.477,-22.65714018286811
device_yaw,3.527,-24.371434917508985
device_yaw,3.577,-26.21834354769003
device_yaw,3.627,-27.987639359894036
device_yaw,3.677,-29.71318455090468
device_yaw,3.727,-31.619734854579995
device_yaw,3.777,-33.61762561821167
device_yaw,3.827,-35.67011737016746
device_yaw,3.877,-37.749832557119426
device_yaw,3.927,-39.93440094440292
device_yaw,3.977,-42.10550343267093
device_yaw,4.027,-44.19275970958736
device_yaw,4.077,-46.25573929390509
device_yaw,4.127,-48.2551042700614
device_yaw,4.177,-50.274942485071186
device_yaw,4.227,-52.41212037965149
device_yaw,4.277,-54.44068947629975
device_yaw,4.327,-56.42725985010884
device_yaw,4.377,-58.477125111216125
device_yaw,4.427,-60.43761626190194
device_yaw,4.477,-62.273192004815975
device_yaw,4.527,-64.02369501553288
device_yaw,4.577,-65.71196710698185
device_yaw,4.627,-67.2020371904572
device_yaw,4.677,-68.48953063931714
device_yaw,4.727,-69.56861387328746
device_yaw,4.777,-70.42678619412851
device_yaw,4.827,-71.12468052665115
device_yaw,4.877,-71.71554002154815
device_yaw,4.927,-72.11281052770022
device_yaw,4.977,-72.49132296202662
device_yaw,5.027,-72.88199168115452
device_yaw,5.077,-73.26683614187543
device_yaw,5.127,-73.59634321624603
device_yaw,5.177,-73.94971777561335
device_yaw,5.227,-74.4413134690457
device_yaw,5.277,-75.03518765127885
device_yaw,5.327,-75.70581609951567
device_yaw,5.377,-76.4521608992136
device_yaw,5.427,-77.28843701113978
device_yaw,5.477,-78.21932563260486
device_yaw,5.527,-79.22111474317754
device_yaw,5.577,-80.18960227596723
device_yaw,5.627,-81.0554048002658
device_yaw,5.677,-81.81432980531804
device_yaw,5.727,-82.4529741562078
device_yaw,5.777,-82.91024554397842
device_yaw,5.827,-83.2308772448953
device_yaw,5.877,-83.45239884395646
device_yaw,5.927,-83.53306373133836
device_yaw,5.977,-83.44828914498511
device_yaw,6.027,-83.21025994134783
device_yaw,6.077,-82.91882335972558
device_yaw,6.127,-82.73149183456177
device_yaw,6.177,-82.6655387042958
device_yaw,6.227,-82.64803210915534
device_yaw,6.277,-82.62394553301161
device_yaw,6.327,-82.64399014104801
device_yaw,6.377,-82.74088331744659
device_yaw,6.427,-82.89617036315639
device_yaw,6.477,-83.13748978715131
device_yaw,6.527,-83.53567129327313
device_yaw,6.577,-84.13778455922898
device_yaw,6.627,-84.94295382683687
device_yaw,6.677,-85.84799085935191
device_yaw,6.727,-86.70168485538721
device_yaw,6.777,-87.53966383887683
device_yaw,6.827,-88.30432114729712
device_yaw,6.877,-89.00687807339023
device_yaw,6.927,-89.57342732068142
device_yaw,6.977,-89.86156123790664
device_yaw,7.027,-89.9767392055519
device_yaw,7.077,-89.87343261823175
device_yaw,7.127,-89.52527631576264
device_yaw,7.177,-88.97811612973085
device_yaw,7.227,-88.34952165489258
device_yaw,7.277,-87.85757451564297
device_yaw,7.327,-87.55545825483392
device_yaw,7.377,-87.44420109635672
device_yaw,7.427,-87.44552912920223
device_yaw,7.477,-87.54049834984544
device_yaw,7.527,-87.83159960290027
device_yaw,7.577,-88.21830064871378
device_yaw,7.627,-88.84119111719278
device_yaw,7.677,-89.6107265374007
device_yaw,7.727,-90.38651588874015
device_yaw,7.777,-91.05185491524031
device_yaw,7.827,-91.47648837863808
device_yaw,7.877,-91.6759915836955
device_yaw,7.927,-91.70269987084579
device_yaw,7.977,-91.59746762204509
device_yaw,8.027,-91.43216157952146
device_yaw,8.077,-91.19504797344369
device_yaw,8.127,-90.89224977347706
device_yaw,8.177,-90.37702087354548
device_yaw,8.227,-89.75597637324447
device_yaw,8.277,-89.08586574435311
device_yaw,8.327,-88.3837467342376
device_yaw,8.377,-87.76129979236461
device_yaw,8.427,-87.23020096322956
device_yaw,8.477,-86.78284876857164
device_yaw,8.527,-86.45411797431626
device_yaw,8.577,-86.26749608993441
device_yaw,8.627,-86.24584250417381
device_yaw,8.677,-86.36530625097143
device_yaw,8.727,-86.62547369577717
device_yaw,8.777,-86.98178651800342
device_yaw,8.827,-87.37007338569946
device_yaw,8.877,-87.77927760740239
device_yaw,8.927,-88.19005787027127
device_yaw,8.977,-88.56778513023686
device_yaw,9.027,-88.93835720250479
device_yaw,9.077,-89.27950013103455
device_yaw,9.127,-89.52760864891714
device_yaw,9.177,-89.70629213662237
device_yaw,9.227,-89.83078679996068
device_yaw,9.277,-89.91989302799998
device_yaw,9.327,-89.97647086035374
device_yaw,9.377,-90.05358840043432
device_yaw,9.427,-90.16918377895692
device_yaw,9.477,-90.2842199877923
device_yaw,9.527,-90.40070984134745
device_yaw,9.577,-90.57131943354302
device_yaw,9.627,-90.78911034078723
device_yaw,9.677,-90.99857542476845
device_yaw,9.727,-91.172161638993
device_yaw,9.777,-91.30316646809155
device_yaw,9.827,-91.38151990952532
device_yaw,9.877,-91.39667478453433
device_yaw,9.927,-91.34261523278087
device_yaw,9.977,-91.20984816524317
device_yaw,10.027,-91.04658261241231
device_yaw,10.077,-90.73872893995677
device_yaw,10.127,-90.31884399094946
device_yaw,10.177,-89.71273458795169
device_yaw,10.227,-88.99113870905303
device_yaw,10.277,-88.162185261477
device_yaw,10.327,-87.26069339155323
device_yaw,10.377,-86.30236194706518
device_yaw,10.427,-85.29602327481814
device_yaw,10.477,-84.28048197671906
device_yaw,10.527,-83.3037182991721
device_yaw,10.577,-82.37855460956698
device_yaw,10.627,-81.56511518460248
device_yaw,10.677,-80.8329716634959
device_yaw,10.727,-80.34124584227357
device_yaw,10.777,-79.99380350570793
device_yaw,10.827,-79.85043328092925
device_yaw,10.877,-79.90110501530533
device_yaw,10.927,-80.16739457003122
device_yaw,10.977,-80.60958000734132
device_yaw,11.027,-81.16081471892404
device_yaw,11.077,-81.71409595083698
device_yaw,11.127,-82.20707000905124
device_yaw,11.177,-82.69834507019824
device_yaw,11.227,-83.11872041199616
device_yaw,11.277,-83.44330690988218
device_yaw,11.327,-83.73007285510961
device_yaw,11.377,-83.9031121438944
device_yaw,11.427,-83.91591315606398
device_yaw,11.477,-83.59553597162427
device_yaw,11.527,-83.11639845295127
device_yaw,11.577,-82.60294671943525
device_yaw,11.627,-82.14035425487441
device_yaw,11.677,-81.75335172803597
device_yaw,11.727,-81.43230107930243
device_yaw,11.777,-81.18911718508264
device_yaw,11.827,-80.96341772195382
device_yaw,11.877,-80.52446506499663
device_yaw,11.927,-80.02798830627812
device_yaw,11.977,-79.76482104553457
device_yaw,12.027,-79.843194427833
device_yaw,12.077,-80.14975831988073
device_yaw,12.127,-80.61125337753548
device_yaw,12.177,-80.98879143285204
device_yaw,12.227,-81.29059235333285
device_yaw,12.277,-81.43306253326313
device_yaw,12.327,-81.4272110047297
device_yaw,12.377,-81.30380292056837
device_yaw,12.427,-81.37214536680372
device_yaw,12.477,-81.50004504457614
device_yaw,12.527,-81.3914019639492
device_yaw,12.577,-81.16997356115503
device_yaw,12.627,-80.8753532406122
device_yaw,12.677,-80.4247957117624
device_yaw,12.727,-80.09770281738042
device_yaw,12.777,-79.87875884406918
device_yaw,12.827,-79.79491004676024
device_yaw,12.877,-79.88199229064745
device_yaw,12.927,-80.07926468331465
device_yaw,12.977,-80.32953759271341
device_yaw,13.027,-80.66701784655051
device_yaw,13.077,-81.13358062777625
device_yaw,13.127,-81.72694913469263
device_yaw,13.177,-82.32098481973676
device_yaw,13.227,-82.99244769014244
device_yaw,13.277,-83.72037907589038
device_yaw,13.327,-84.50140649405041
device_yaw,13.377,-85.35817659013622
device_yaw,13.427,-86.17204771142815
device_yaw,13.477,-86.9286331053573
device_yaw,13.527,-87.63847009202925
device_yaw,13.577,-88.28925720916922
device_yaw,13.627,-88.81637347588897
device_yaw,13.677,-89.07927414556525
device_yaw,13.727,-89.19947056206426
device_yaw,13.777,-89.11212836034176
device_yaw,13.827,-88.89022234528805
device_yaw,13.877,-88.59045521661204
device_yaw,13.927,-88.20995236757176
device_yaw,13.977,-87.8187025106496
device_yaw,14.027,-87.45626985490574
device_yaw,14.077,-87.18230044213128
device_yaw,14.127,-87.00011281367985
device_yaw,14.177,-86.95497630331496
device_yaw,14.227,-87.07393637740986
device_yaw,14.277,-87.326403849608
device_yaw,14.327,-87.7253983123421
device_yaw,14.377,-88.17769595075362
device_yaw,14.427,-88.68126346734888
device_yaw,14.477,-89.2016588322217
device_yaw,14.527,-89.71592227929439
device_yaw,14.577,-90.19565425606356
device_yaw,14.627,-90.57735522342942
device_yaw,14.677,-90.86341844193998
device_yaw,14.727,-90.98798497681415
device_yaw,14.777,-90.989897368938
device_yaw,14.827,-90.86927242115651
device_yaw,14.877,-90.66316677016103
device_yaw,14.927,-90.34993514843735
device_yaw,14.977,-89.89777076473928
device_yaw,15.027,-89.39065337132217
device_yaw,15.077,-88.92207066541344
device_yaw,15.127,-88.53963435815548
device_yaw,15.177,-88.23125326133172
device_yaw,15.227,-87.9555061390752
device_yaw,15.277,-87.77020992236605
device_yaw,15.327,-87.64538891648276
device_yaw,15.377,-87.566202615594
device_yaw,15.427,-87.51411405529026
device_yaw,15.477,-87.5125065549583
device_yaw,15.527,-87.57219829245649
device_yaw,15.577,-87.66933799530563
device_yaw,15.627,-87.74599830703265
device_yaw,15.677,-87.79034285628347
device_yaw,15.727,-87.82002872900334
device_yaw,15.777,-87.84369070758561
device_yaw,15.827,-87.86426075379295
device_yaw,15.877,-87.89046916372492
device_yaw,15.927,-87.93257115436606
device_yaw,15.977,-87.98604292387698
device_yaw,16.027,-88.02937393505762
device_yaw,16.077,-88.04237955534367
device_yaw,16.127,-88.02939781529577
device_yaw,16.177,-87.99342632330104
device_yaw,16.227,-87.93625625276466
device_yaw,16.277,-87.83786670005776
device_yaw,16.327,-87.67826118495887
device_yaw,16.377,-87.41954065428047
device_yaw,16.427,-87.04378705827634
device_yaw,16.477,-86.5655009724732
device_yaw,16.527,-86.02186730341978
device_yaw,16.577,-85.41381305319584
device_yaw,16.627,-84.71867660412538
device_yaw,16.677,-83.9464544929113
device_yaw,16.727,-83.13110244557677
device_yaw,16.777,-82.2954641649327
device_yaw,16.827,-81.46651417669554
device_yaw,16.877,-80.67640362653263
device_yaw,16.927,-79.97874895962066
device_yaw,16.977,-79.42377133911481
device_yaw,17.027,-79.01723615109346
device_yaw,17.077,-78.71273672816925
device_yaw,17.127,-78.50459716174136
device_yaw,17.177,-78.39407830311515
device_yaw,17.227,-78.42148452658952
device_yaw,17.277,-78.64843028464533
device_yaw,17.327,-79.12051804401541
device_yaw,17.377,-79.74420001334175
device_yaw,17.427,-80.46184371497176
device_yaw,17.477,-81.23763315476585
device_yaw,17.527,-81.99266062124458
device_yaw,17.577,-82.66410506000761
device_yaw,17.627,-83.25870507022108
device_yaw,17.677,-83.75890455270628
device_yaw,17.727,-84.19954418482003
device_yaw,17.777,-84.66162539916314
device_yaw,17.827,-84.93097933489751
device_yaw,17.877,-84.89206945133601
device_yaw,17.927,-84.62409512748167
device_yaw,17.977,-84.24523490909807
device_yaw,18.027,-83.82302889163216
device_yaw,18.077,-83.41722516696554
device_yaw,18.127,-83.05692348139432
device_yaw,18.177,-82.77749154115484
device_yaw,18.227,-82.61454795795457
device_yaw,18.277,-82.6208341944647
device_yaw,18.327,-82.68957256168557
device_yaw,18.377,-82.96797529706556
device_yaw,18.427,-83.45424887029466
device_yaw,18.477,-84.00150106079796
device_yaw,18.527,-84.59760918267708
device_yaw,18.577,-85.2854928374478
device_yaw,18.627,-86.06954348282892
device_yaw,18.677,-86.88005774867491
device_yaw,18.727,-87.6635366305943
device_yaw,18.777,-88.38220697431369
device_yaw,18.827,-88.9586897092686
device_yaw,18.877,-89.3859132421794
device_yaw,18.927,-89.62127467002851
device_yaw,18.977,-89.7275637498576
device_yaw,19.027,-89.85126707013254
device_yaw,19.077,-89.91450102826298
device_yaw,19.127,-89.8321365217677
device_yaw,19.177,-89.60374917082677
device_yaw,19.227,-89.29958630217615
device_yaw,19.277,-88.96199715392454
device_yaw,19.327,-88.63819966028203
device_yaw,19.377,-88.3540618186679
device_yaw,19.427,-88.10092198147301
device_yaw,19.477,-87.89623984525902
device_yaw,19.527,-87.703270907782
device_yaw,19.577,-87.55692062644708
device_yaw,19.627,-87.49376945646014
device_yaw,19.677,-87.50828383364916
device_yaw,19.727,-87.57119848167989
device_yaw,19.777,-87.67284074521318
device_yaw,19.827,-87.79586292036366
device_yaw,19.877,-87.92944305927968
device_yaw,19.927,-88.07461306624367
device_yaw,19.977,-88.23180747770624
device_yaw,20.027,-88.39150027492946
device_yaw,20.077,-88.55841774167789
device_yaw,20.127,-88.69408060315072
device_yaw,20.177,-88.79082854410791
device_yaw,20.227,-88.86655548047197
device_yaw,20.277,-88.91336873954347
device_yaw,20.327,-88.94712004276012
device_yaw,20.377,-88.98801923466407
device_yaw,20.427,-88.99104814848333
device_yaw,20.477,-88.92366042730595
device_yaw,20.527,-88.80975081722676
device_yaw,20.577,-88.70036130297274
device_yaw,20.627,-88.60415169705942
device_yaw,20.677,-88.48246732749104
device_yaw,20.727,-88.29571601045541
device_yaw,20.777,-88.01211709840457
device_yaw,20.827,-87.67789250601582
device_yaw,20.877,-87.24704043044558
device_yaw,20.927,-86.67881659278261
device_yaw,20.977,-85.9949355212456
device_yaw,21.027,-85.31413154355802
device_yaw,21.077,-84.6697252327318
device_yaw,21.127,-84.0981219462317
device_yaw,21.177,-83.72178675498417
device_yaw,21.227,-83.53501855290587
device_yaw,21.277,-83.50851402377893
device_yaw,21.327,-83.5663732295342
device_yaw,21.377,-83.59292492854681
device_yaw,21.427,-83.69688481712575
device_yaw,21.477,-83.85968137178223
device_yaw,21.527,-84.11781244150602
device_yaw,21.577,-84.41927651806924
device_yaw,21.627,-84.49396869396448
device_yaw,21.677,-84.3409223946046
device_yaw,21.727,-83.8867335484022
device_yaw,21.777,-83.18772110763037
device_yaw,21.827,-82.2370935614531
device_yaw,21.877,-81.23333757654862
device_yaw,21.927,-80.26738864262633
device_yaw,21.977,-79.26588434688388
device_yaw,22.027,-78.31845233583925
device_yaw,22.077,-77.40542722104493
device_yaw,22.127,-76.43557404925784
device_yaw,22.177,-75.68609798393982
device_yaw,22.227,-75.0829053051407
device_yaw,22.277,-74.70423372012607
device_yaw,22.327,-74.5222486329625
device_yaw,22.377,-74.62932454409109
device_yaw,22.427,-74.92340678613573
device_yaw,22.477,-75.4361063473895
device_yaw,22.527,-76.02489726265485
device_yaw,22.577,-76.57786253274872
device_yaw,22.627,-77.06912453499848
device_yaw,22.677,-77.57675544350144
device_yaw,22.727,-78.05533406300727
device_yaw,22.777,-78.61001310889979
device_yaw,22.827,-78.87150880072406
device_yaw,22.877,-78.90102635896352
device_yaw,22.927,-78.703345756593
device_yaw,22.977,-78.31904221266281
device_yaw,23.027,-77.78235842367154
device_yaw,23.077,-77.29103108808155
device_yaw,23.127,-76.8955864094648
device_yaw,23.177,-76.59164548520248
device_yaw,23.227,-76.37924044292185
device_yaw,23.277,-76.24311199897465
device_yaw,23.327,-76.09048850226044
device_yaw,23.377,-76.176294470837
device_yaw,23.427,-76.54722350496728
device_yaw,23.477,-77.1460003027146
device_yaw,23.527,-77.8549133886472
device_yaw,23.577,-78.62620866092887
device_yaw,23.627,-79.41132624607074
device_yaw,23.677,-80.17206720548349
device_yaw,23.727,-80.89060274583306
device_yaw,23.777,-81.44178132047824
device_yaw,23.827,-81.87155517050444
device_yaw,23.877,-82.19300044367006
device_yaw,23.927,-82.36611438930186
device_yaw,23.977,-82.2842144207725
device_yaw,24.027,-82.01118592213788
device_yaw,24.077,-81.60965102337573
device_yaw,24.127,-81.10505502038828
device_yaw,24.177,-80.4911018862735
device_yaw,24.227,-79.802294507418
device_yaw,24.277,-79.12583991254536
device_yaw,24.327,-78.61665599861021
device_yaw,24.377,-78.2573065376643
device_yaw,24.427,-78.04793100128903
device_yaw,24.477,-78.0125358940005
device_yaw,24.527,-78.14086637069576
device_yaw,24.577,-78.39016215745127
device_yaw,24.627,-78.74393992349033
device_yaw,24.677,-79.14469061925524
device_yaw,24.727,-79.60737489325585
device_yaw,24.777,-80.13206460455287
device_yaw,24.827,-80.67014345269126
device_yaw,24.877,-81.1666296080315
device_yaw,24.927,-81.58902410734873
device_yaw,24.977,-81.90901449539717
device_yaw,25.027,-82.13919251445016
device_yaw,25.077,-82.30257841041514
device_yaw,25.127,-82.38864968108287
device_yaw,25.177,-82.40679042918453
device_yaw,25.227,-82.38866876941472
device_yaw,25.277,-82.36358121229442
device_yaw,25.327,-82.35040955302762
device_yaw,25.377,-82.37459232432523
device_yaw,25.427,-82.40352350501495
device_yaw,25.477,-82.4367578065144
device_yaw,25.527,-82.47375971699692
device_yaw,25.577,-82.47855646187362
device_yaw,25.627,-82.4475128800943
device_yaw,25.677,-82.39819777570045
device_yaw,25.727,-82.13033791689277
device_yaw,25.777,-81.77636421221852
device_yaw,25.827,-81.34453440762586
device_yaw,25.877,-80.78674400314429
device_yaw,25.927,-80.12670778135843
device_yaw,25.977,-79.44576867247712
device_yaw,26.027,-78.73254096461659
device_yaw,26.077,-77.98125425550052
device_yaw,26.127,-77.21851093982757
device_yaw,26.177,-76.48309271539543
device_yaw,26.227,-75.85671920813171
device_yaw,26.277,-75.58118823862061
device_yaw,26.327,-75.4889840729857
device_yaw,26.377,-75.51507703977747
device_yaw,26.427,-75.70404990192249
device_yaw,26.477,-76.09628721010273
device_yaw,26.527,-76.6866542522123
device_yaw,26.577,-77.44688286653678
device_yaw,26.627,-78.29098156847085
device_yaw,26.677,-79.15085713844951
device_yaw,26.727,-80.01064104045633
device_yaw,26.777,-80.8458651900652
device_yaw,26.827,-81.57035399891619
device_yaw,26.877,-82.11789679903866
device_yaw,26.927,-82.492213595065
device_yaw,26.977,-82.69027667460635
device_yaw,27.027,-82.66932420257473
device_yaw,27.077,-82.43959783977452
device_yaw,27.127,-82.08802081288032
device_yaw,27.177,-81.71110778746377
device_yaw,27.227,-81.35732463535075
device_yaw,27.277,-80.992496648652
device_yaw,27.327,-80.54717748910319
device_yaw,27.377,-80.26593047443957
device_yaw,27.427,-80.24173402988318
device_yaw,27.477,-80.3568339821939
device_yaw,27.527,-80.57096167603946
device_yaw,27.577,-80.86886692341707
device_yaw,27.627,-81.27383767116088
device_yaw,27.677,-81.91434281860212
device_yaw,27.727,-82.78307907077809
device_yaw,27.777,-83.86848632014645
device_yaw,27.827,-85.03748158048289
device_yaw,27.877,-86.22160671156472
device_yaw,27.927,-87.23200735876213
device_yaw,27.977,-88.08433553413542
device_yaw,28.027,-88.84713771258515
device_yaw,28.077,-89.5653192136353
device_yaw,28.127,-90.22841254084355
device_yaw,28.177,-90.76036276150843
device_yaw,28.227,-91.00436793106151
device_yaw,28.277,-90.98927360109877
device_yaw,28.327,-90.76423907463673
device_yaw,28.377,-90.4936377738252
device_yaw,28.427,-90.28070585010234
device_yaw,28.477,-90.13383232847485
device_yaw,28.527,-90.00644823331113
device_yaw,28.577,-90.0682594887243
device_yaw,28.627,-90.39957284224549
device_yaw,28.677,-90.94951756221668
device_yaw,28.727,-91.70898176483762
device_yaw,28.777,-92.68834184145632
device_yaw,28.827,-93.83986747629191
device_yaw,28.877,-95.09285363384298
device_yaw,28.927,-96.41009876945003
device_yaw,28.977,-97.63924171714434
device_yaw,29.027,-98.73095283416737
device_yaw,29.077,-99.70270090866202
device_yaw,29.127,-100.40793913214884
device_yaw,29.177,-100.76481982003543
device_yaw,29.227,-100.8384697766516
device_yaw,29.277,-100.61375085718991
device_yaw,29.327,-100.03308982911031
device_yaw,29.377,-99.16019146920256
device_yaw,29.427,-98.10561457016355
device_yaw,29.477,-96.95080406736885
device_yaw,29.527,-95.84380049647658
device_yaw,29.577,-94.81344698320882
device_yaw,29.627,-93.83732206328314
device_yaw,29.677,-93.01626690354013
device_yaw,29.727,-92.38682675445177
device_yaw,29.777,-91.91413803347051
device_yaw,29.827,-91.6371758013636
device_yaw,29.877,-91.61523113252554
device_yaw,29.927,-91.79303033366685
device_yaw,29.977,-92.08370297296534
device_yaw,30.027,-92.37689799637985
device_yaw,30.077,-92.65427075725448
device_yaw,30.127,-92.9292276060389
device_yaw,30.177,-93.19921368771507
device_yaw,30.227,-93.36666468439388
device_yaw,30.277,-93.39125043751324
device_yaw,30.327,-93.29945789174417
device_yaw,30.377,-93.1008195280695
device_yaw,30.427,-92.7633930583599
device_yaw,30.477,-92.31410743790302
device_yaw,30.527,-91.83483825199127
device_yaw,30.577,-91.38069053341393
device_yaw,30.627,-90.97220451864388
device_yaw,30.677,-90.61269146053858
device_yaw,30.727,-90.32482850550478
device_yaw,30.777,-90.15069849711746
device_yaw,30.827,-90.07317308763794
device_yaw,30.877,-90.05992597474246
device_yaw,30.927,-90.06867559140662
device_yaw,30.977,-90.09672732097543
device_yaw,31.027,-90.11471199840435
device_yaw,31.077,-90.06817311702048
device_yaw,31.127,-89.96579757921549
device_yaw,31.177,-89.74623388429751
device_yaw,31.227,-89.4392722819846
device_yaw,31.277,-89.04021146257497
device_yaw,31.327,-88.5305016134058
device_yaw,31.377,-87.91593425433447
device_yaw,31.427,-87.20948904257627
device_yaw,31.477,-86.48580343170475
device_yaw,31.527,-85.74918718088183
device_yaw,31.577,-85.10181397278733
device_yaw,31.627,-84.55184914729031
device_yaw,31.677,-84.1376688840654
device_yaw,31.727,-83.9106456674515
device_yaw,31.777,-83.81680884439369
device_yaw,31.827,-83.94807234936201
device_yaw,31.877,-84.21675973998735
device_yaw,31.927,-84.57680987720809
device_yaw,31.977,-85.02519514852075
device_yaw,32.027,-85.5164398647525
device_yaw,32.077,-86.02310449306043
device_yaw,32.127,-86.46798975690598
device_yaw,32.177,-86.7729553352317
device_yaw,32.227,-86.92118001330506
device_yaw,32.277,-86.95779118808899
device_yaw,32.327,-86.92549525339219
device_yaw,32.377,-86.76881481688258
device_yaw,32.427,-86.57842959857808
device_yaw,32.477,-86.42329991243793
device_yaw,32.527,-86.28442906186845
device_yaw,32.577,-86.16312998757043
device_yaw,32.627,-86.12804580157844
device_yaw,32.677,-86.1833997779784
device_yaw,32.727,-86.43787782088528
device_yaw,32.777,-86.8717743280149
device_yaw,32.827,-87.44907619925347
device_yaw,32.877,-88.08474586944189
device_yaw,32.927,-88.70949561916574
device_yaw,32.977,-89.37853695738761
device_yaw,33.027,-90.08722794427845
device_yaw,33.077,-90.82647299604706
device_yaw,33.127,-91.51313874013813
device_yaw,33.177,-92.03336354935237
device_yaw,33.227,-92.38805831966033
device_yaw,33.277,-92.55960152138354
device_yaw,33.327,-92.5444149000799
device_yaw,33.377,-92.34276557663024
device_yaw,33.427,-92.04037732558234
device_yaw,33.477,-91.67114471596295
device_yaw,33.527,-91.21461467747982
device_yaw,33.577,-90.6926764551376
device_yaw,33.627,-90.15863255059213
device_yaw,33.677,-89.68480376058572
device_yaw,33.727,-89.33953084462372
device_yaw,33.777,-89.09964161143591
device_yaw,33.827,-88.93891029314926
device_yaw,33.877,-88.83881149483031
device_yaw,33.927,-88.75656790204901
device_yaw,33.977,-88.6826829655445
device_yaw,34.027,-88.64111550760911
device_yaw,34.077,-88.64116562467618
device_yaw,34.127,-88.66012833715493
device_yaw,34.177,-88.64352460201657
device_yaw,34.227,-88.59492155233691
device_yaw,34.277,-88.53745860921343
device_yaw,34.327,-88.49403950209027
device_yaw,34.377,-88.46512875882337
device_yaw,34.427,-88.43030635659278
device_yaw,34.477,-88.39894219049687
device_yaw,34.527,-88.34946920009942
device_yaw,34.577,-88.25659453086939
device_yaw,34.627,-88.07813841213326
device_yaw,34.677,-87.81911507340651
device_yaw,34.727,-87.50897038256421
device_yaw,34.777,-87.22865978829377
device_yaw,34.827,-87.00572067957197
device_yaw,34.877,-86.86574243517359
device_yaw,34.927,-86.8042592759117
device_yaw,34.977,-86.83582493795684
device_yaw,35.027,-86.91411591677587
device_yaw,35.077,-86.9483162427881
device_yaw,35.127,-86.91133205808961
device_yaw,35.177,-86.84987064595222
device_yaw,35.227,-86.78034001961191
device_yaw,35.277,-86.6816907569363
device_yaw,35.327,-86.48069714111506
device_yaw,35.377,-86.15902388980275
device_yaw,35.427,-85.68369599571933
device_yaw,35.477,-85.06665455494863
device_yaw,35.527,-84.3463380428089
device_yaw,35.577,-83.6110263447942
device_yaw,35.627,-82.96664628513885
device_yaw,35.677,-82.42998390969876
device_yaw,35.727,-81.98215767341125
device_yaw,35.777,-81.65030693493985
device_yaw,35.827,-81.46682652663713
device_yaw,35.877,-81.3748138714029
device_yaw,35.927,-81.3201457949056
device_yaw,35.977,-81.36173656523566
device_yaw,36.027,-81.51837532174021
device_yaw,36.077,-81.82835455607
device_yaw,36.127,-82.29094011741951
device_yaw,36.177,-82.87997762579863
device_yaw,36.227,-83.55692137797719
device_yaw,36.277,-84.21043385339578
device_yaw,36.327,-84.7513168783556
device_yaw,36.377,-85.21703834306874
device_yaw,36.427,-85.66045029773245
device_yaw,36.477,-86.09371297974322
device_yaw,36.527,-86.46567088266455
device_yaw,36.577,-86.75714290231014
device_yaw,36.627,-86.87377102551557
device_yaw,36.677,-86.79271366420492
device_yaw,36.727,-86.5861984871187
device_yaw,36.777,-86.33874557216761
device_yaw,36.827,-86.15101394020036
device_yaw,36.877,-86.065128833324
device_yaw,36.927,-86.02621536679341
device_yaw,36.977,-86.01139092523395
device_yaw,37.027,-86.05583732463693
device_yaw,37.077,-86.19688349127456
device_yaw,37.127,-86.4516787941855
device_yaw,37.177,-86.81973433792326
device_yaw,37.227,-87.31126659193451
device_yaw,37.277,-87.91487349279228
device_yaw,37.327,-88.6119099928388
device_yaw,37.377,-89.39653767309592
device_yaw,37.427,-90.15743071298574
device_yaw,37.477,-90.83210921850944
device_yaw,37.527,-91.43617051638347
device_yaw,37.577,-91.98507597945823
device_yaw,37.627,-92.44443596704674
device_yaw,37.677,-92.76646497907626
device_yaw,37.727,-92.98924665951513
device_yaw,37.777,-93.15455578775203
device_yaw,37.827,-93.2372314773096
device_yaw,37.877,-93.25269028961726
device_yaw,37.927,-93.20463989117917
device_yaw,37.977,-93.21226622478025
device_yaw,38.027,-93.38723613854658
device_yaw,38.077,-93.72841610564912
device_yaw,38.127,-94.20285517882733
device_yaw,38.177,-94.75310116427131
device_yaw,38.227,-95.41684474445093
device_yaw,38.277,-96.20135378870738
device_yaw,38.327,-97.09995548804164
device_yaw,38.377,-98.01950972228416
device_yaw,38.427,-98.94890449992172
device_yaw,38.477,-99.90784857752647
device_yaw,38.527,-100.86869112244916
device_yaw,38.577,-101.76407660907302
device_yaw,38.627,-102.57049893916907
device_yaw,38.677,-103.21861024791404
device_yaw,38.727,-103.71445319018913
device_yaw,38.777,-104.03287909547345
device_yaw,38.827,-104.19259732309025
device_yaw,38.877,-104.18422773028787
device_yaw,38.927,-104.08164929137934
device_yaw,38.977,-103.84921607556085
device_yaw,39.027,-103.53053105692858
device_yaw,39.077,-103.15841427546151
device_yaw,39.127,-102.7635095470168
device_yaw,39.177,-102.37471633477777
device_yaw,39.227,-102.05115378684947
device_yaw,39.277,-101.82731891851368
device_yaw,39.327,-101.71937536171062
device_yaw,39.377,-101.68601232181408
device_yaw,39.427,-101.68384582427662
device_yaw,39.477,-101.71741337621683
device_yaw,39.527,-101.80261918582472
device_yaw,39.577,-101.87189296484684
device_yaw,39.627,-101.91536397312893
device_yaw,39.677,-101.93560836975642
device_yaw,39.727,-101.92967652723242
device_yaw,39.777,-101.9033913783404
device_yaw,39.827,-101.86157954424888
device_yaw,39.877,-101.81134609972345
device_yaw,39.927,-101.75653376424542
device_yaw,39.977,-101.7064357393605
device_yaw,40.027,-101.66251139976038
device_yaw,40.077,-101.62141618264447
device_yaw,40.127,-101.5835928279124
device_yaw,40.177,-101.53982210389655
device_yaw,40.227,-101.49590134689974
device_yaw,40.277,-101.47024363991076
device_yaw,40.327,-101.46283472854485
device_yaw,40.377,-101.4815898886714
device_yaw,40.427,-101.50251248306714
device_yaw,40.477,-101.51331872672718
device_yaw,40.527,-101.4956677432589
device_yaw,40.577,-101.44939026886996
device_yaw,40.627,-101.36788844476746
device_yaw,40.677,-101.25275734949477
device_yaw,40.727,-101.10398791184342
device_yaw,40.777,-100.92611822133654
device_yaw,40.827,-100.71927202826465
device_yaw,40.877,-100.47688336751511
device_yaw,40.927,-100.1530855484581
device_yaw,40.977,-99.75349967686202
device_yaw,41.027,-99.317293360734
device_yaw,41.077,-98.88287488749788
device_yaw,41.127,-98.47763960414713
device_yaw,41.177,-98.10492035323023
device_yaw,41.227,-97.76967882444818
device_yaw,41.277,-97.45560218497089
device_yaw,41.327,-97.13464794513234
device_yaw,41.377,-96.83329280031894
device_yaw,41.427,-96.46730265364818
device_yaw,41.477,-96.10699511169379
device_yaw,41.527,-95.77381661415372
device_yaw,41.577,-95.5541204585405
device_yaw,41.627,-95.5151353133173
device_yaw,41.677,-95.6467024198451
device_yaw,41.727,-95.91957108603332
device_yaw,41.777,-96.22778663116114
device_yaw,41.827,-96.48801964875638
device_yaw,41.877,-96.7330360665573
device_yaw,41.927,-97.01001519190517
device_yaw,41.977,-97.42030281627699
device_yaw,42.027,-97.86726303037703
device_yaw,42.077,-98.42386079553694
device_yaw,42.127,-98.9034667076097
device_yaw,42.177,-99.2166219991651
device_yaw,42.227,-99.36477012365498
device_yaw,42.277,-99.35225026894622
device_yaw,42.327,-99.31324638270463
device_yaw,42.377,-99.39678968913417
device_yaw,42.427,-99.61878062022906
device_yaw,42.477,-99.89654845299725
device_yaw,42.527,-100.20462382603345
device_yaw,42.577,-100.57047644651534
device_yaw,42.627,-100.85012879347877
device_yaw,42.677,-101.17340234325876
device_yaw,42.727,-101.54910475742122
device_yaw,42.777,-101.92734453850575
device_yaw,42.827,-102.35354056720153
device_yaw,42.877,-102.79227692220766
device_yaw,42.927,-103.28859236800558
device_yaw,42.977,-103.76008894223983
device_yaw,43.027,-104.1641882780209
device_yaw,43.077,-104.48356583764458
device_yaw,43.127,-104.68791249158066
device_yaw,43.177,-104.85629604981862
device_yaw,43.227,-104.96150711446056
device_yaw,43.277,-104.96850031671384
device_yaw,43.327,-104.92202500411317
device_yaw,43.377,-104.78920564165081
device_yaw,43.427,-104.55022738092653
device_yaw,43.477,-104.1461103462826
device_yaw,43.527,-103.65561132412509
device_yaw,43.577,-103.15478353369471
device_yaw,43.627,-102.67740792900726
device_yaw,43.677,-102.2903531661209
device_yaw,43.727,-101.98246067813574
device_yaw,43.777,-101.72639459567253
device_yaw,43.827,-101.53584877777953
device_yaw,43.877,-101.39005625896067
device_yaw,43.927,-101.31216388707995
device_yaw,43.977,-101.31865575051997
device_yaw,44.027,-101.39095764959333
device_yaw,44.077,-101.4973224461828
device_yaw,44.127,-101.58951122866615
device_yaw,44.177,-101.66831669211902
device_yaw,44.227,-101.7446732400498
device_yaw,44.277,-101.81599891144097
device_yaw,44.327,-101.88011775196763
device_yaw,44.377,-101.94518963652246
device_yaw,44.427,-102.01209984994694
device_yaw,44.477,-102.08254613528065
device_yaw,44.527,-102.18494548114857
device_yaw,44.577,-102.3090347092112
device_yaw,44.627,-102.44165885519129
device_yaw,44.677,-102.57277187618787
device_yaw,44.727,-102.59857375359915
device_yaw,44.777,-102.49557977968388
device_yaw,44.827,-102.30236406475396
device_yaw,44.877,-102.07994755648639
device_yaw,44.927,-101.89123580182792
device_yaw,44.977,-101.76296597644233
device_yaw,45.027,-101.66508036626607
device_yaw,45.077,-101.53098886182947
device_yaw,45.127,-101.33953809629539
device_yaw,45.177,-101.12535458943813
device_yaw,45.227,-100.94508136941391
device_yaw,45.277,-100.91453805930615
device_yaw,45.327,-101.03622024751324
device_yaw,45.377,-101.1967605781114
device_yaw,45.427,-101.34282879389966
device_yaw,45.477,-101.40727566346673
device_yaw,45.527,-101.36359168549812
device_yaw,45.577,-101.23021221727737
device_yaw,45.627,-101.0470098744563
device_yaw,45.677,-100.85710439017517
device_yaw,45.727,-100.68264433666582
device_yaw,45.777,-100.46400166776033
device_yaw,45.827,-100.17451330088174
device_yaw,45.877,-99.81533799883263
device_yaw,45.927,-99.46835395113503
device_yaw,45.977,-99.12959109731979
device_yaw,46.027,-98.84079206596488
device_yaw,46.077,-98.61052943767599
device_yaw,46.127,-98.43477134311024
device_yaw,46.177,-98.37127750040321
device_yaw,46.227,-98.41459405378674
device_yaw,46.277,-98.59686509260706
device_yaw,46.327,-98.99451903328945
device_yaw,46.377,-99.59393783953246
device_yaw,46.427,-100.31359530221702
device_yaw,46.477,-101.04290025806462
device_yaw,46.527,-101.7398117477122
device_yaw,46.577,-102.38698619282285
device_yaw,46.627,-103.00386630569932
device_yaw,46.677,-103.62181989342912
device_yaw,46.727,-104.24979611672083
device_yaw,46.777,-104.81673094387038
device_yaw,46.827,-105.19099803757891
device_yaw,46.877,-105.29742243768686
device_yaw,46.927,-105.16718405079182
device_yaw,46.977,-104.87217528776455
device_yaw,47.027,-104.58231255271353
device_yaw,47.077,-104.3296558161686
device_yaw,47.127,-104.08758296878771
device_yaw,47.177,-103.85233178777716
device_yaw,47.227,-103.61615539609983
device_yaw,47.277,-103.3070490586701
device_yaw,47.327,-102.96198019169282
device_yaw,47.377,-102.66717295953622
device_yaw,47.427,-102.46326403437214
device_yaw,47.477,-102.35620048732254
device_yaw,47.527,-102.35806349634392
device_yaw,47.577,-102.41151202042384
device_yaw,47.627,-102.61397751598246
device_yaw,47.677,-102.88886007254837
device_yaw,47.727,-103.15185671568238
device_yaw,47.777,-103.33455868698597
device_yaw,47.827,-103.48658898726826
device_yaw,47.877,-103.63982984371691
device_yaw,47.927,-103.71129145402124
device_yaw,47.977,-103.61800896960663
device_yaw,48.027,-103.36397602653942
device_yaw,48.077,-102.94806171532446
device_yaw,48.127,-102.4046863641217
device_yaw,48.177,-101.7059780877915
device_yaw,48.227,-100.97250249430495
device_yaw,48.277,-100.31229180155889
device_yaw,48.327,-99.76469525048456
device_yaw,48.377,-99.26944363414151
device_yaw,48.427,-98.79645883152097
device_yaw,48.477,-98.3871794807606
device_yaw,48.527,-98.11291401260839
device_yaw,48.577,-97.94543562675453
device_yaw,48.627,-97.91306827961517
device_yaw,48.677,-97.99584802244416
device_yaw,48.727,-98.05144916738759
device_yaw,48.777,-98.04050829968673
device_yaw,48.827,-97.97579400796394
device_yaw,48.877,-97.91102326555996
device_yaw,48.927,-97.83405773157573
device_yaw,48.977,-97.7069755012801
device_yaw,49.027,-97.53893632243602
device_yaw,49.077,-97.33098604540383
device_yaw,49.127,-97.11006236756661
device_yaw,49.177,-96.86936410354211
device_yaw,49.227,-96.5981316545059
device_yaw,49.277,-96.38855638197123
device_yaw,49.327,-96.24269528216364
device_yaw,49.377,-96.11715032451333
device_yaw,49.427,-95.99244977137154
device_yaw,49.477,-95.89480939416316
device_yaw,49.527,-95.88618830501368
device_yaw,49.577,-96.01274004509752
device_yaw,49.627,-96.19418901209387
device_yaw,49.677,-96.37286469535337
device_yaw,49.727,-96.49984058471672
device_yaw,49.777,-96.66236076009967
device_yaw,49.827,-96.88921068751443
device_yaw,49.877,-97.20657659463272
device_yaw,49.927,-97.58738784032927
device_yaw,49.977,-97.92801976568599
device_yaw,50.027,-98.20218284989706
device_yaw,50.077,-98.42210611684273
device_yaw,50.127,-98.56833012912725
device_yaw,50.177,-98.71382365428593
device_yaw,50.227,-98.8715828379888
device_yaw,50.277,-99.0859654701883
device_yaw,50.327,-99.20240399628473
device_yaw,50.377,-99.19743398406627
device_yaw,50.427,-99.09242745105948
device_yaw,50.477,-98.96357848548388
device_yaw,50.527,-99.00572016413035
device_yaw,50.577,-99.24924709843066
device_yaw,50.627,-99.65227774533241
device_yaw,50.677,-100.06905821318833
device_yaw,50.727,-100.4303627547481
device_yaw,50.777,-100.78995968663034
device_yaw,50.827,-101.15558733717545
device_yaw,50.877,-101.6333745310018
device_yaw,50.927,-102.288995767199
device_yaw,50.977,-102.99699201102658
device_yaw,51.027,-103.55183423525153
device_yaw,51.077,-103.85497651828601
device_yaw,51.127,-103.93158957084883
device_yaw,51.177,-103.78833956266189
device_yaw,51.227,-103.62103377401573
device_yaw,51.277,-103.51333488560667
device_yaw,51.327,-103.44297567102304
device_yaw,51.377,-103.42192322199625
device_yaw,51.427,-103.40537224661476
device_yaw,51.477,-103.34375980491231
device_yaw,51.527,-103.21494741545476
device_yaw,51.577,-103.14600676563265
device_yaw,51.627,-103.08866510706325
device_yaw,51.677,-103.10276318135537
device_yaw,51.727,-103.25574006773282
device_yaw,51.777,-103.50434671985013
device_yaw,51.827,-103.86456100702011
device_yaw,51.877,-104.24589354338856
device_yaw,51.927,-104.57117443121439
device_yaw,51.977,-104.80024046492444
device_yaw,52.027,-104.93240847751139
device_yaw,52.077,-105.0958195566688
device_yaw,52.127,-105.3244515416373
device_yaw,52.177,-105.63749702956588
device_yaw,52.227,-105.86578932000062
device_yaw,52.277,-105.99339641424812
device_yaw,52.327,-105.92272628442724
device_yaw,52.377,-105.65984755547866
device_yaw,52.427,-105.37297973878627
device_yaw,52.477,-105.09780691137001
device_yaw,52.527,-104.90145063899587
device_yaw,52.577,-104.72837026758766
device_yaw,52.627,-104.5360860984411
device_yaw,52.677,-104.3159278742965
device_yaw,52.727,-104.06621421546286
device_yaw,52.777,-103.85971777219528
device_yaw,52.827,-103.65910088531655
device_yaw,52.877,-103.54301013665128
device_yaw,52.927,-103.47801657152768
device_yaw,52.977,-103.38042892952693
device_yaw,53.027,-103.27629530256267
device_yaw,53.077,-103.1401971774465
device_yaw,53.127,-102.98272046949806
device_yaw,53.177,-102.80984568875998
device_yaw,53.227,-102.5943163151068
device_yaw,53.277,-102.33000798768234
device_yaw,53.327,-102.01035101262995
device_yaw,53.377,-101.68460089358221
device_yaw,53.427,-101.46967423238904
device_yaw,53.477,-101.2371174780929
device_yaw,53.527,-100.89878092707278
device_yaw,53.577,-100.45891233856705
device_yaw,53.627,-100.03739088719148
device_yaw,53.677,-99.74508531311513
device_yaw,53.727,-99.58799139853264
device_yaw,53.777,-99.68194245039241
device_yaw,53.827,-99.9222434647654
device_yaw,53.877,-100.30132519069876
device_yaw,53.927,-100.77939138964356
device_yaw,53.977,-101.2175472552
device_yaw,54.027,-101.69738185341436
device_yaw,54.077,-102.34154996469125
device_yaw,54.127,-103.00886619290722
device_yaw,54.177,-103.55669778081764
device_yaw,54.227,-103.88144721070616
device_yaw,54.277,-103.96166422546625
device_yaw,54.327,-103.69632668980712
device_yaw,54.377,-103.29720068953262
device_yaw,54.427,-102.88759398185067
device_yaw,54.477,-102.50130426255326
device_yaw,54.527,-102.13358247133857
device_yaw,54.577,-101.76061255911604
device_yaw,54.627,-101.32095972000202
device_yaw,54.677,-100.95420621250258
device_yaw,54.727,-100.74328186233244
device_yaw,54.777,-100.64973669540464
device_yaw,54.827,-100.66342478713004
device_yaw,54.877,-100.92560347524682
device_yaw,54.927,-101.48437466570991
device_yaw,54.977,-102.16149954084106
device_yaw,55.027,-102.79539766085267
device_yaw,55.077,-103.30686382344179
device_yaw,55.127,-103.68979436594523
device_yaw,55.177,-104.02996428210666
device_yaw,55.227,-104.39743247744386
device_yaw,55.277,-104.83866158146348
device_yaw,55.327,-105.27674511319877
device_yaw,55.377,-105.59770366095317
device_yaw,55.427,-105.7053508384212
device_yaw,55.477,-105.45254557639927
device_yaw,55.527,-104.90169344694228
device_yaw,55.577,-104.20266730271516
device_yaw,55.627,-103.51165684620774
device_yaw,55.677,-102.93608962203092
device_yaw,55.727,-102.46422503871709
device_yaw,55.777,-102.00174727705324
device_yaw,55.827,-101.44030788839865
device_yaw,55.877,-100.94718804524688
device_yaw,55.927,-100.63873284924608
device_yaw,55.977,-100.44494450453949
device_yaw,56.027,-100.43453851734735
device_yaw,56.077,-100.74900121928786
device_yaw,56.127,-101.435604996836
device_yaw,56.177,-102.45776940282818
device_yaw,56.227,-103.73808822598583
device_yaw,56.277,-105.1575137518345
device_yaw,56.327,-106.66660962899094
device_yaw,56.377,-108.19668566553331
device_yaw,56.427,-109.66579399704086
device_yaw,56.477,-111.10704448084726
device_yaw,56.527,-112.4813995776326
device_yaw,56.577,-113.67749624725757
device_yaw,56.627,-114.50907753465962
device_yaw,56.677,-114.88563761082482
device_yaw,56.727,-114.83869713890114
device_yaw,56.777,-114.48698165934289
device_yaw,56.827,-113.93736623481549
device_yaw,56.877,-113.23973809584867
device_yaw,56.927,-112.4655063028432
device_yaw,56.977,-111.64979622834781
device_yaw,57.027,-110.83147772970216
device_yaw,57.077,-110.05743234161535
device_yaw,57.127,-109.3271613534988
device_yaw,57.177,-108.77564541435223
device_yaw,57.227,-108.51005060278811
device_yaw,57.277,-108.49757050961806
device_yaw,57.327,-108.73427628415833
device_yaw,57.377,-109.0201161341434
device_yaw,57.427,-109.31740817112069
device_yaw,57.477,-109.63535344040865
device_yaw,57.527,-109.98974440149769
device_yaw,57.577,-110.30433648821742
device_yaw,57.627,-110.56665626491426
device_yaw,57.677,-110.7719693798516
device_yaw,57.727,-110.90755964897352
device_yaw,57.777,-110.86552554755458
device_yaw,57.827,-110.65251442579847
device_yaw,57.877,-110.22629174716275
device_yaw,57.927,-109.78060331608171
device_yaw,57.977,-109.42042980584348
device_yaw,58.027,-109.12805907470043
device_yaw,58.077,-108.85182116863616
device_yaw,58.127,-108.56524842489952
device_yaw,58.177,-108.27183635224559
device_yaw,58.227,-108.06222193240473
device_yaw,58.277,-107.9069939682803
device_yaw,58.327,-107.8926699176733
device_yaw,58.377,-108.05651053485718
device_yaw,58.427,-108.36034153024944
device_yaw,58.477,-108.75540062972131
device_yaw,58.527,-109.12521504784823
device_yaw,58.577,-109.43732288870797
device_yaw,58.627,-109.63397794852389
device_yaw,58.677,-109.8530272354014
device_yaw,58.727,-110.15769783098858
device_yaw,58.777,-110.48786796549115
device_yaw,58.827,-110.76542874353494
device_yaw,58.877,-110.91308570022302
device_yaw,58.927,-110.84510521061706
device_yaw,58.977,-110.53105637344355
device_yaw,59.027,-110.0533942252705
device_yaw,59.077,-109.50240825316237
device_yaw,59.127,-108.95283213855406
device_yaw,59.177,-108.50150866027205
device_yaw,59.227,-108.06203233656974
device_yaw,59.277,-107.57126728318659
device_yaw,59.327,-107.0963099434426
device_yaw,59.377,-106.695507799798
device_yaw,59.427,-106.39218234207519
device_yaw,59.477,-106.2393393985447
device_yaw,59.527,-106.2892923553812
device_yaw,59.577,-106.51665822826939
device_yaw,59.627,-106.85923109212695
device_yaw,59.677,-107.18013129871555
device_yaw,59.727,-107.42915787128503
device_yaw,59.777,-107.63978845983078
device_yaw,59.827,-107.8501818176443
device_yaw,59.877,-108.01103808267821
device_yaw,59.927,-108.05817738387191
device_yaw,59.977,-108.04665134455503
device_yaw,60.027,-107.96471437619711
device_yaw,60.077,-107.78214053463722
device_yaw,60.127,-107.4692325005616
device_yaw,60.177,-107.075844127334
device_yaw,60.227,-106.71225977810887
device_yaw,60.277,-106.45361875972544
device_yaw,60.327,-106.34461534289291
device_yaw,60.377,-106.31583942408908
device_yaw,60.427,-106.34165277482133
device_yaw,60.477,-106.47456787835281
device_yaw,60.527,-106.70642986601898
device_yaw,60.577,-107.05930065747138
device_yaw,60.627,-107.61254736104125
device_yaw,60.677,-108.36923957433173
device_yaw,60.727,-109.24902847215927
device_yaw,60.777,-110.1858781662364
device_yaw,60.827,-111.08050975195746
device_yaw,60.877,-111.82114479771603
device_yaw,60.927,-112.45733980346036
device_yaw,60.977,-113.0342085036814
device_yaw,61.027,-113.56690315243982
device_yaw,61.077,-113.89673023685685
device_yaw,61.127,-114.06540751566918
device_yaw,61.177,-114.0772928734289
device_yaw,61.227,-114.0456144216032
device_yaw,61.277,-113.96267307025856
device_yaw,61.327,-113.86065464136023
device_yaw,61.377,-113.8360273452815
device_yaw,61.427,-113.95907586806896
device_yaw,61.477,-114.18346295772494
device_yaw,61.527,-114.4194750952261
device_yaw,61.577,-114.69622826766057
device_yaw,61.627,-115.19605791880727
device_yaw,61.677,-115.86466610685466
device_yaw,61.727,-116.58891668870675
device_yaw,61.777,-117.26818936851993
device_yaw,61.827,-118.09825793881322
device_yaw,61.877,-119.1141445825395
device_yaw,61.927,-120.16027951975758
device_yaw,61.977,-121.15112586611244
device_yaw,62.027,-122.07041974845797
device_yaw,62.077,-122.96871779621415
device_yaw,62.127,-123.82880857559668
device_yaw,62.177,-124.5232971366985
device_yaw,62.227,-124.96345413471998
device_yaw,62.277,-125.20754669772401
device_yaw,62.327,-125.26704151386494
device_yaw,62.377,-125.01734673655214
device_yaw,62.427,-124.4989028191313
device_yaw,62.477,-123.84214260787977
device_yaw,62.527,-123.2091959883343
device_yaw,62.577,-122.6832174328279
device_yaw,62.627,-122.26894651188887
device_yaw,62.677,-121.94989848825666
device_yaw,62.727,-121.75297430298514
device_yaw,62.777,-121.79188157519492
device_yaw,62.827,-122.15603602640182
device_yaw,62.877,-122.75951839890898
device_yaw,62.927,-123.67844471045005
device_yaw,62.977,-124.91509965879868
device_yaw,63.027,-126.33374585366276
device_yaw,63.077,-127.74944570650786
device_yaw,63.127,-129.1690533570454
device_yaw,63.177,-130.40308624832207
device_yaw,63.227,-131.44231654314018
device_yaw,63.277,-132.25266826689608
device_yaw,63.327,-132.79353172766582
device_yaw,63.377,-132.9605306034697
device_yaw,63.427,-132.87546873107323
device_yaw,63.477,-132.31803521218924
device_yaw,63.527,-131.29455945471656
device_yaw,63.577,-129.97779123851777
device_yaw,63.627,-128.5556756921965
device_yaw,63.677,-127.09303403386349
device_yaw,63.727,-125.80055797104761
device_yaw,63.777,-124.7248433133041
device_yaw,63.827,-123.8637927414546
device_yaw,63.877,-123.3118645548173
device_yaw,63.927,-123.02800546023421
device_yaw,63.977,-123.00060747155439
device_yaw,64.027,-123.41072329185569
device_yaw,64.077,-124.14986379623379
device_yaw,64.127,-125.16526192430693
device_yaw,64.177,-126.33124107052642
device_yaw,64.227,-127.56950440126506
device_yaw,64.277,-128.87519511892884
device_yaw,64.327,-130.13511236277446
device_yaw,64.377,-131.358742538701
device_yaw,64.427,-132.4247078820778
device_yaw,64.477,-133.37156265427473
device_yaw,64.527,-134.15782833907176
device_yaw,64.577,-134.73522617771758
device_yaw,64.627,-135.1511087857361
device_yaw,64.677,-135.43679595660277
device_yaw,64.727,-135.6225920670536
device_yaw,64.777,-135.7113233675454
device_yaw,64.827,-135.71341475512247
device_yaw,64.877,-135.69308154767023
device_yaw,64.927,-135.6973997084817
device_yaw,64.977,-135.74792482078178
device_yaw,65.027,-135.83489478640888
device_yaw,65.077,-135.96530278989943
device_yaw,65.127,-136.1242961329798
device_yaw,65.177,-136.30307933951124
device_yaw,65.227,-136.49084987489348
device_yaw,65.277,-136.67854402631295
device_yaw,65.327,-136.85936079019223
device_yaw,65.377,-137.04066836327914
device_yaw,65.427,-137.23425820535724
device_yaw,65.477,-137.4297160601709
device_yaw,65.527,-137.63108037307384
device_yaw,65.577,-137.8452333067339
device_yaw,65.627,-138.01856724254782
device_yaw,65.677,-138.16182194544916
device_yaw,65.727,-138.2625726960922
device_yaw,65.777,-138.34119304727372
device_yaw,65.827,-138.41448240030348
device_yaw,65.877,-138.48925211766667
device_yaw,65.927,-138.55135566909428
device_yaw,65.977,-138.60504718913276
device_yaw,66.027,-138.64331377020764
device_yaw,66.077,-138.63887146061566
device_yaw,66.127,-138.58266692438852
device_yaw,66.177,-138.51834601964597
gyro_norm,0.034,0.21496626722982337
gyro_norm,0.076,0.21198164061879576
gyro_norm,0.125,0.1451617154338045
gyro_norm,0.175,0.12145947450136756
gyro_norm,0.225,0.081770986209991
gyro_norm,0.275,0.06820762535749433
gyro_norm,0.325,0.11172104450975126
gyro_norm,0.396,0.20314409228780686
gyro_norm,0.424,0.1517805872817621
gyro_norm,0.474,0.08475652624370479
gyro_norm,0.524,0.04012155415062679
gyro_norm,0.573,0.06083909060716258
gyro_norm,0.623,0.03131422317691786
gyro_norm,0.673,0.07567421332225178
gyro_norm,0.723,0.11173792786313212
gyro_norm,0.772,0.20142343994365816
gyro_norm,0.822,0.10688162167128826
gyro_norm,0.872,0.1741634630953382
gyro_norm,0.922,0.13564203548727616
gyro_norm,0.971,0.09017919470800317
gyro_norm,1.027,0.07116536670173086
gyro_norm,1.076,0.0649731281517708
gyro_norm,1.121,0.12712112358213895
gyro_norm,1.171,0.13701155958215522
gyro_norm,1.22,0.1697452595652315
gyro_norm,1.27,0.09480209698449694
gyro_norm,1.32,0.16026323397590392
gyro_norm,1.369,0.12592371578591804
gyro_norm,1.419,0.08917733006004994
gyro_norm,1.469,0.052657902866995406
gyro_norm,1.519,0.047265381394800215
gyro_norm,1.569,0.058763952108872176
gyro_norm,1.618,0.1617130619562281
gyro_norm,1.683,0.07503682552931326
gyro_norm,1.718,0.09719500156696721
gyro_norm,1.768,0.09240557600505271
gyro_norm,1.818,0.07694937967909983
gyro_norm,1.867,0.07184820087819876
gyro_norm,1.917,0.08642145681817202
gyro_norm,1.967,0.07546025351594607
gyro_norm,2.016,0.0744989243944033
gyro_norm,2.066,0.15831510557862633
gyro_norm,2.116,0.36239353597093943
gyro_norm,2.166,0.2842825676840566
gyro_norm,2.216,0.12769011059113636
gyro_norm,2.265,0.10810627673612254
gyro_norm,2.336,0.07061140541677188
gyro_norm,2.365,0.1533399762396478
gyro_norm,2.415,0.10306978774005261
gyro_norm,2.464,0.12672395436756584
gyro_norm,2.514,0.06499269386230329
gyro_norm,2.564,0.06569810490380663
gyro_norm,2.614,0.07765635938862109
gyro_norm,2.663,0.13586257029732646
gyro_norm,2.713,0.15977205183150348
gyro_norm,2.763,0.26260471013996683
gyro_norm,2.813,0.3822438900294974
gyro_norm,2.863,0.43665767925217935
gyro_norm,2.912,0.411102856193738
gyro_norm,2.981,0.49664735370701246
gyro_norm,3.012,0.5514719953097894
gyro_norm,3.062,0.6188982945637548
gyro_norm,3.111,0.6161277888271656
gyro_norm,3.161,0.6830817229656708
gyro_norm,3.211,0.8242024292574894
gyro_norm,3.261,0.7421733168430275
gyro_norm,3.31,0.8236544087689667
gyro_norm,3.36,0.7965205221583838
gyro_norm,3.41,0.6397628007726899
gyro_norm,3.46,0.5335119046503795
gyro_norm,3.509,0.8130774231925306
gyro_norm,3.559,0.5883891386392079
gyro_norm,3.63,0.8594374252215032
gyro_norm,3.659,1.0051948972449347
gyro_norm,3.708,1.2717985418091966
gyro_norm,3.758,1.2011687399743303
gyro_norm,3.808,1.1386488081093458
gyro_norm,3.858,1.0452034809147128
gyro_norm,3.907,1.094232033053283
gyro_norm,3.957,1.037276376876964
gyro_norm,4.007,0.9470995719797608
gyro_norm,4.057,0.8795720796336748
gyro_norm,4.119,0.8100363322108198
gyro_norm,4.156,0.71478588194678
gyro_norm,4.206,1.1120111358006421
gyro_norm,4.277,0.9955500670674395
gyro_norm,4.306,1.3110506661632129
gyro_norm,4.356,1.2193240322232204
gyro_norm,4.405,1.0577852992926418
gyro_norm,4.459,1.0711906314532231
gyro_norm,4.505,1.0065725042873055
gyro_norm,4.555,0.9498117306595241
gyro_norm,4.604,0.5403894804711444
gyro_norm,4.654,0.48990581201331074
gyro_norm,4.704,0.22573111537707277
gyro_norm,4.754,0.249190304683322
gyro_norm,4.804,1.1852831039604004
gyro_norm,4.853,0.4352160331028982
gyro_norm,4.906,0.6467051590112588
gyro_norm,4.953,0.3152993170484124
gyro_norm,5.002,0.24704790544032315
gyro_norm,5.052,0.3601774236539811
gyro_norm,5.102,0.2970984469343371
gyro_norm,5.152,0.15004141022280285
gyro_norm,5.202,0.07041325345505973
gyro_norm,5.251,0.24725109338173837
gyro_norm,5.301,0.2589069996176986
gyro_norm,5.351,0.4909929880923378
gyro_norm,5.401,0.5681997001740793
gyro_norm,5.45,0.49330441870199354
gyro_norm,5.5,0.4853079065695071
gyro_norm,5.558,0.4382818250632073
gyro_norm,5.599,0.5558742888584808
gyro_norm,5.649,0.7411638020442795
gyro_norm,5.699,0.7717106751715922
gyro_norm,5.749,0.6979846112878542
gyro_norm,5.799,0.3268712459551852
gyro_norm,5.848,0.5940055150995287
gyro_norm,5.898,0.5135362304333292
gyro_norm,5.948,1.2297136933414126
gyro_norm,5.998,0.5523301128152956
gyro_norm,6.047,0.631553106553325
gyro_norm,6.097,0.4761697067743349
gyro_norm,6.147,0.6848210093841803
gyro_norm,6.216,0.4480966799145096
gyro_norm,6.246,0.5313984893801669
gyro_norm,6.296,0.29230435674208133
gyro_norm,6.346,0.824095203477041
gyro_norm,6.396,0.5557582668693681
gyro_norm,6.446,0.1736895032560636
gyro_norm,6.495,0.8595309539140707
gyro_norm,6.545,0.37289357763380837
gyro_norm,6.595,0.7780564646887713
gyro_norm,6.649,0.6878430335218262
gyro_norm,6.694,0.5566867881676609
gyro_norm,6.744,0.47851267575833
gyro_norm,6.794,0.7818806147867721
gyro_norm,6.863,1.4026192776510462
gyro_norm,6.893,1.2183692644358595
gyro_norm,6.943,0.2853618152091888
gyro_norm,6.993,0.4059579627411704
gyro_norm,7.043,0.5594700994792712
gyro_norm,7.093,1.0589686097325826
gyro_norm,7.144,0.9162059089486992
gyro_norm,7.192,1.1874649769417691
gyro_norm,7.242,0.7892262843952483
gyro_norm,7.292,0.5810004385244103
gyro_norm,7.341,0.673632407393958
gyro_norm,7.391,0.22037482385812826
gyro_norm,7.441,0.828313759285593
gyro_norm,7.513,0.9623899225385183
gyro_norm,7.54,0.5764782832252615
gyro_norm,7.59,0.7713304814422954
gyro_norm,7.64,1.3317806879052791
gyro_norm,7.69,0.262690342581591
gyro_norm,7.739,0.4745753185276782
gyro_norm,7.789,0.6653748091382073
gyro_norm,7.839,0.5578590477514722
gyro_norm,7.889,0.393120733474539
gyro_norm,7.938,0.19272383562859052
gyro_norm,7.988,0.3384673604422518
gyro_norm,8.038,0.28821717926237844
gyro_norm,8.088,0.5391549925571467
gyro_norm,8.159,0.41394370204075753
gyro_norm,8.187,0.5191470046160441
gyro_norm,8.237,0.6833546820389698
gyro_norm,8.287,0.563659608381269
gyro_norm,8.337,0.3718816728208927
gyro_norm,8.386,0.463078571165685
gyro_norm,8.436,0.30465693215971745
gyro_norm,8.486,0.25247358772706924
gyro_norm,8.536,0.3843918699895568
gyro_norm,8.587,0.2026145731411934
gyro_norm,8.635,0.2861831849636447
gyro_norm,8.685,0.10498868708197909
gyro_norm,8.735,0.2094128047932682
gyro_norm,8.789,0.3386324558665857
gyro_norm,8.834,0.39650347243292416
gyro_norm,8.884,0.22653443471942833
gyro_norm,8.934,0.2651320535815299
gyro_norm,8.984,0.26760135306682026
gyro_norm,9.033,0.1563178024285336
gyro_norm,9.083,0.05598685680387615
gyro_norm,9.133,0.019877940867148777
gyro_norm,9.183,0.16989183668446334
gyro_norm,9.232,0.06860963499193366
gyro_norm,9.282,0.08574733719775154
gyro_norm,9.332,0.05095591186568199
gyro_norm,9.382,0.06754477600220264
gyro_norm,9.457,0.1394281124407034
gyro_norm,9.481,0.2599853508654973
gyro_norm,9.531,0.11366800806317118
gyro_norm,9.581,0.1283008718503602
gyro_norm,9.631,0.27729737922554454
gyro_norm,9.68,0.272879648242479
gyro_norm,9.73,0.06662883051785863
gyro_norm,9.78,0.34452411935583976
gyro_norm,9.83,0.19109031909049784
gyro_norm,9.881,0.07776879860835403
gyro_norm,9.929,0.188106952594715
gyro_norm,9.979,0.1891943563520957
gyro_norm,10.029,0.09631619882748119
gyro_norm,10.098,0.15776491014181682
gyro_norm,10.128,0.27529355542709416
gyro_norm,10.178,0.22407283225590505
gyro_norm,10.228,0.3764767512202854
gyro_norm,10.277,0.987374761941342
gyro_norm,10.327,0.7414272871451911
gyro_norm,10.377,0.3827711609954971
gyro_norm,10.427,0.4230297537724267
gyro_norm,10.477,0.5801985506771505
gyro_norm,10.526,0.45263380498871303
gyro_norm,10.576,0.28580337161893127
gyro_norm,10.626,0.35598081755898303
gyro_norm,10.676,0.2912676445497193
gyro_norm,10.746,0.1213672259401691
gyro_norm,10.775,0.21867687576128703
gyro_norm,10.825,0.310250468560007
gyro_norm,10.874,0.41289022183785606
gyro_norm,10.924,1.1253143485920591
gyro_norm,10.974,0.27011807980562447
gyro_norm,11.024,0.17277798668035804
gyro_norm,11.074,0.48081969550641174
gyro_norm,11.123,0.64189206888036
gyro_norm,11.173,0.45288983648230796
gyro_norm,11.223,0.38316321576736684
gyro_norm,11.273,0.2795910625523092
gyro_norm,11.322,0.4339407674945146
gyro_norm,11.394,0.3110491598260392
gyro_norm,11.422,0.13963895031059967
gyro_norm,11.472,0.6687117396461459
gyro_norm,11.521,0.9226766313518577
gyro_norm,11.572,0.5148017255838061
gyro_norm,11.621,0.26034111424148404
gyro_norm,11.671,0.5937658518281377
gyro_norm,11.721,0.5293078244056629
gyro_norm,11.77,0.31934211325676715
gyro_norm,11.82,0.6880962922399582
gyro_norm,11.87,0.5019944570736178
gyro_norm,11.92,0.1414813676099668
gyro_norm,11.969,0.4376158469904863
gyro_norm,12.04,0.7317854491800901
gyro_norm,12.069,2.0215116751698607
gyro_norm,12.118,1.6485968332126237
gyro_norm,12.168,0.8204356358255613
gyro_norm,12.218,0.6677900305166973
gyro_norm,12.268,0.9936662273628534
gyro_norm,12.318,1.376851376783473
gyro_norm,12.368,0.7452628495937705
gyro_norm,12.417,0.3809878511824953
gyro_norm,12.467,0.6444066757247389
gyro_norm,12.517,0.8368222051571608
gyro_norm,12.567,0.5963033935035789
gyro_norm,12.616,0.8413736960797349
gyro_norm,12.671,0.5510025963158801
gyro_norm,12.716,0.7924238136504976
gyro_norm,12.766,0.3972512102575773
gyro_norm,12.816,0.7194442575814889
gyro_norm,12.865,0.5184031106827306
gyro_norm,12.915,0.5406332808633628
gyro_norm,12.965,0.7229586095625313
gyro_norm,13.014,0.345628123661924
gyro_norm,13.064,0.2909653025514081
gyro_norm,13.119,0.2834175410185609
gyro_norm,13.164,0.5975146650095187
gyro_norm,13.214,0.8535115156026258
gyro_norm,13.264,0.3896307486853252
gyro_norm,13.327,0.8176247783815661
gyro_norm,13.363,0.4889404066777901
gyro_norm,13.413,0.6696776720687481
gyro_norm,13.462,0.5181736939507093
gyro_norm,13.512,0.6382870864050308
gyro_norm,13.562,0.7147212820252147
gyro_norm,13.612,0.5260032206522256
gyro_norm,13.661,0.3804787216998426
gyro_norm,13.711,0.22811873475669092
gyro_norm,13.761,0.587027624884146
gyro_norm,13.811,0.5596556029067214
gyro_norm,13.86,0.863321201240006
gyro_norm,13.91,0.24405677070184056
gyro_norm,13.981,0.7385912861908399
gyro_norm,14.01,0.7929464902369183
gyro_norm,14.06,0.3198778645265652
gyro_norm,14.109,0.3422604794212519
gyro_norm,14.159,0.11739795886398172
gyro_norm,14.209,0.22222182724566925
gyro_norm,14.259,0.38547693044332176
gyro_norm,14.308,0.29811944045717403
gyro_norm,14.358,0.31962395822198814
gyro_norm,14.408,0.7655574099219126
gyro_norm,14.458,0.3102409448757434
gyro_norm,14.507,0.4016664483573695
gyro_norm,14.557,0.6050705248495487
gyro_norm,14.628,0.4397670688133925
gyro_norm,14.657,0.21364667019800654
gyro_norm,14.706,0.22742935531804953
gyro_norm,14.756,0.09263082646540728
gyro_norm,14.806,0.32643570370122815
gyro_norm,14.856,0.293525986031494
gyro_norm,14.905,0.2886489103126381
gyro_norm,14.955,0.28871088422686575
gyro_norm,15.005,0.2880265487893532
gyro_norm,15.055,0.13184575071570068
gyro_norm,15.105,0.23682935049530066
gyro_norm,15.154,0.11244056989964066
gyro_norm,15.204,0.25867019752217413
gyro_norm,15.276,0.09843485061166084
gyro_norm,15.304,0.17726973387809125
gyro_norm,15.353,0.18118021473668067
gyro_norm,15.403,0.1362241799812025
gyro_norm,15.453,0.07787008977559963
gyro_norm,15.503,0.038078038924267574
gyro_norm,15.553,0.12260796165052187
gyro_norm,15.602,0.08909826661990337
gyro_norm,15.652,0.1330984831551303
gyro_norm,15.702,0.06692004028634148
gyro_norm,15.752,0.1396859952760108
gyro_norm,15.801,0.04454059160568384
gyro_norm,15.851,0.05645692263676931
gyro_norm,15.921,0.04410846344707673
gyro_norm,15.95,0.1048324076558377
gyro_norm,16.0,0.06761946917301612
gyro_norm,16.054,0.1312790949923582
gyro_norm,16.119,0.06181775011760953
gyro_norm,16.149,0.09717785736003572
gyro_norm,16.199,0.1452663015455156
gyro_norm,16.249,0.03442575838880411
gyro_norm,16.299,0.0655778155926014
gyro_norm,16.348,0.08644666062720106
gyro_norm,16.398,0.12903927668441295
gyro_norm,16.448,0.14240194439424775
gyro_norm,16.498,0.1650547020895218
gyro_norm,16.553,0.3025302807418504
gyro_norm,16.597,0.4799557922782512
gyro_norm,16.647,0.4652011280377838
gyro_norm,16.697,0.33978839014501533
gyro_norm,16.747,0.2614268892875859
gyro_norm,16.797,0.28528170429697536
gyro_norm,16.846,0.40039282517535113
gyro_norm,16.896,0.4340542715053172
gyro_norm,16.946,0.31649565523557655
gyro_norm,16.996,0.27839446319336497
gyro_norm,17.045,0.0908746430254148
gyro_norm,17.095,0.1751037877789814
gyro_norm,17.145,0.2676616726007509
gyro_norm,17.208,0.20096695757783967
gyro_norm,17.244,0.31321028772485154
gyro_norm,17.294,0.7282562340526915
gyro_norm,17.344,0.4243664085566407
gyro_norm,17.394,0.38529047584222464
gyro_norm,17.445,0.5249831238949307
gyro_norm,17.493,0.6004013951006782
gyro_norm,17.543,0.6913259955680428
gyro_norm,17.593,0.5882090535942862
gyro_norm,17.643,0.5646259948462604
gyro_norm,17.692,0.6015430441941253
gyro_norm,17.742,0.32822261174394207
gyro_norm,17.792,0.20229676421906098
gyro_norm,17.86,0.15403916908201556
gyro_norm,17.891,0.4736433620207493
gyro_norm,17.941,0.6686237817365317
gyro_norm,17.991,1.0064302188580017
gyro_norm,18.041,0.29479071343252294
gyro_norm,18.09,0.9648786671101063
gyro_norm,18.14,0.4809261276647533
gyro_norm,18.19,0.2059391453524484
gyro_norm,18.24,0.2944834392077347
gyro_norm,18.289,0.18521855467069792
gyro_norm,18.339,0.25622288482336325
gyro_norm,18.389,0.2585703352383813
gyro_norm,18.439,0.2590284449716914
gyro_norm,18.509,0.41684570883332556
gyro_norm,18.538,0.49231377146752003
gyro_norm,18.588,0.4628373645626369
gyro_norm,18.638,1.1927299374570228
gyro_norm,18.687,0.6007673259215458
gyro_norm,18.737,0.19752838525985605
gyro_norm,18.787,0.4584267373755453
gyro_norm,18.837,0.46124177582016473
gyro_norm,18.887,0.22962356693697555
gyro_norm,18.936,0.22192074287990038
gyro_norm,18.986,0.1263308532478536
gyro_norm,19.036,0.1157968104936387
gyro_norm,19.086,0.1626136039857615
gyro_norm,19.154,0.16616587823412893
gyro_norm,19.185,0.20817015400739441
gyro_norm,19.235,0.1700470057107691
gyro_norm,19.285,0.20597972280717586
gyro_norm,19.334,0.22678264088873276
gyro_norm,19.384,0.12623896114121072
gyro_norm,19.434,0.08099340840938259
gyro_norm,19.484,0.07702787808957293
gyro_norm,19.534,0.14828716284106455
gyro_norm,19.583,0.1782715986593398
gyro_norm,19.633,0.12561189762899355
gyro_norm,19.683,0.48462787331475143
gyro_norm,19.742,0.2344502173146419
gyro_norm,19.782,0.1238598192678806
gyro_norm,19.832,0.16973573214228702
gyro_norm,19.882,0.13255681911822187
gyro_norm,19.932,0.1474928690966046
gyro_norm,19.981,0.05175931199755647
gyro_norm,20.031,0.11081698215517681
gyro_norm,20.101,0.08315973281632859
gyro_norm,20.131,0.09672963429436782
gyro_norm,20.18,0.08518964593219036
gyro_norm,20.23,0.04521091656100072
gyro_norm,20.28,0.04953937015095825
gyro_norm,20.33,0.09140386448115856
gyro_norm,20.38,0.08152433441439814
gyro_norm,20.431,0.15403406364117805
gyro_norm,20.479,0.22382952398316297
gyro_norm,20.529,0.4332542941923169
gyro_norm,20.579,0.6249113983198108
gyro_norm,20.628,0.5584265435844342
gyro_norm,20.678,0.21603907215949364
gyro_norm,20.73,0.2099817710659882
gyro_norm,20.778,0.16312811822881124
gyro_norm,20.827,0.29380709512476133
gyro_norm,20.877,0.1972255852156967
gyro_norm,20.927,0.21906193636195073
gyro_norm,20.977,0.3320320195543756
gyro_norm,21.027,0.26606250299837897
gyro_norm,21.076,0.3286244172773188
gyro_norm,21.126,0.47213358604138833
gyro_norm,21.176,1.225822436339949
gyro_norm,21.226,0.4682222103777901
gyro_norm,21.275,0.32071282406132773
gyro_norm,21.325,0.6477389727074648
gyro_norm,21.394,0.8498715939040866
gyro_norm,21.424,1.14975077009725
gyro_norm,21.474,0.9162173876240437
gyro_norm,21.524,0.7760729335874601
gyro_norm,21.574,0.3190805571174403
gyro_norm,21.624,0.5046399454125179
gyro_norm,21.673,0.1631706756887465
gyro_norm,21.726,0.6623323046682551
gyro_norm,21.773,0.89330042032415
gyro_norm,21.823,1.3031774584420697
gyro_norm,21.872,1.0721186652056207
gyro_norm,21.922,0.7810264649727349
gyro_norm,21.972,0.654425577467645
gyro_norm,22.044,0.8441347280404193
gyro_norm,22.071,0.6277533833015546
gyro_norm,22.121,0.7699148719190774
gyro_norm,22.171,0.5238023705330622
gyro_norm,22.221,0.2994436543745272
gyro_norm,22.271,0.1410614209710541
gyro_norm,22.32,0.6792220084612477
gyro_norm,22.37,0.16049417021974485
gyro_norm,22.42,0.35924801902224107
gyro_norm,22.47,0.6482955937713863
gyro_norm,22.519,0.7379308590525716
gyro_norm,22.569,0.7035336601556402
gyro_norm,22.619,0.7354785312969768
gyro_norm,22.687,0.9812403221220414
gyro_norm,22.718,0.8572240565189542
gyro_norm,22.768,0.18203510468084266
gyro_norm,22.818,0.41274146688703284
gyro_norm,22.868,0.19862226464470542
gyro_norm,22.918,0.4591022793113688
gyro_norm,22.967,1.048707764378275
gyro_norm,23.017,0.7708149753764727
gyro_norm,23.067,0.8516282348351049
gyro_norm,23.117,0.4593825415242932
gyro_norm,23.166,0.45264506093266504
gyro_norm,23.216,0.46930432475531003
gyro_norm,23.266,0.4043136358950655
gyro_norm,23.338,0.36951043262762795
gyro_norm,23.365,0.43415098610083447
gyro_norm,23.415,0.5454256607291764
gyro_norm,23.465,0.26172992434394965
gyro_norm,23.515,0.6345917333978699
gyro_norm,23.565,0.6498868934133928
gyro_norm,23.614,0.24801404161923005
gyro_norm,23.664,0.7126791342273522
gyro_norm,23.714,0.5122863378465838
gyro_norm,23.763,0.3456239074362781
gyro_norm,23.813,0.4168086341749349
gyro_norm,23.863,0.38013866734049834
gyro_norm,23.913,0.29844517889029115
gyro_norm,23.976,0.4000556931724122
gyro_norm,24.012,0.45079569329638186
gyro_norm,24.062,0.4452510381084549
gyro_norm,24.112,0.5428975612542215
gyro_norm,24.162,1.0835250400665168
gyro_norm,24.211,0.5944570543172273
gyro_norm,24.261,0.4223566702572023
gyro_norm,24.311,0.17318733214795407
gyro_norm,24.361,0.34644717190277563
gyro_norm,24.41,0.1532314737580262
gyro_norm,24.46,0.32472330489995377
gyro_norm,24.51,0.24308611895200175
gyro_norm,24.56,0.33576397117643797
gyro_norm,24.614,0.23437631095256903
gyro_norm,24.659,0.5351310620458812
gyro_norm,24.709,0.25284903054172614
gyro_norm,24.759,0.5078467436540104
gyro_norm,24.809,0.36031237381315584
gyro_norm,24.878,0.3099836244827908
gyro_norm,24.908,0.17820589766052175
gyro_norm,24.958,0.16032974632591943
gyro_norm,25.008,0.14385286455782145
gyro_norm,25.057,0.17637285916401887
gyro_norm,25.107,0.10545699744017456
gyro_norm,25.157,0.09719932730290168
gyro_norm,25.207,0.11426276572064144
gyro_norm,25.274,0.21095249926557466
gyro_norm,25.306,0.295139299454172
gyro_norm,25.356,0.32154240289401664
gyro_norm,25.406,0.21539763074710283
gyro_norm,25.455,0.32173345764284794
gyro_norm,25.505,0.457386028933854
gyro_norm,25.555,0.3778787832560767
gyro_norm,25.605,0.2330943031903121
gyro_norm,25.655,0.08283446312772247
gyro_norm,25.704,0.17983749360040124
gyro_norm,25.754,0.31912689642444736
gyro_norm,25.804,0.30804584420742176
gyro_norm,25.854,0.7032019161337341
gyro_norm,25.923,0.6683563458932154
gyro_norm,25.953,1.015669460095638
gyro_norm,26.003,0.8487656819492074
gyro_norm,26.054,0.32769979694596457
gyro_norm,26.102,0.578363915555495
gyro_norm,26.152,0.5317924854262246
gyro_norm,26.202,0.4030455212794713
gyro_norm,26.252,0.25480885733478764
gyro_norm,26.301,0.2744068005834373
gyro_norm,26.351,0.24624529382815377
gyro_norm,26.401,0.518368930084646
gyro_norm,26.451,0.2643214085235391
gyro_norm,26.501,0.605094553113579
gyro_norm,26.57,0.47660210694940375
gyro_norm,26.6,0.6283086148077077
gyro_norm,26.65,0.8712594488404276
gyro_norm,26.7,0.66110300623392
gyro_norm,26.749,1.0021650363048775
gyro_norm,26.799,1.1394606996215548
gyro_norm,26.849,0.5850849466525834
gyro_norm,26.899,0.4092232323283902
gyro_norm,26.948,0.28771022658047235
gyro_norm,26.998,0.4172965954233917
gyro_norm,27.048,1.1446611282755843
gyro_norm,27.098,0.6838889987706374
gyro_norm,27.147,0.8716384005056241
gyro_norm,27.213,0.6878014543824119
gyro_norm,27.247,0.7922929321524363
gyro_norm,27.297,0.41817567970545977
gyro_norm,27.346,0.5400406001323452
gyro_norm,27.396,0.35923433744631167
gyro_norm,27.446,0.501130283898428
gyro_norm,27.496,0.665067046984723
gyro_norm,27.546,0.9028142416617971
gyro_norm,27.595,0.6852900333634302
gyro_norm,27.645,1.2689580919539178
gyro_norm,27.695,0.6403610935985586
gyro_norm,27.745,0.10462596543264979
gyro_norm,27.794,0.24311793509000196
gyro_norm,27.866,0.4992954488632228
gyro_norm,27.894,0.8170781441016486
gyro_norm,27.944,1.168175255343217
gyro_norm,27.993,1.0966812479478838
gyro_norm,28.043,0.4320462838958888
gyro_norm,28.093,0.5269123716767883
gyro_norm,28.143,0.22691513568977914
gyro_norm,28.201,0.19680024240008867
gyro_norm,28.242,0.28591169996676363
gyro_norm,28.292,0.7285027364622997
gyro_norm,28.342,0.4012128716463832
gyro_norm,28.392,0.5915195118257957
gyro_norm,28.441,0.8202549586120133
gyro_norm,28.497,0.5652636904230649
gyro_norm,28.541,0.6062211437451146
gyro_norm,28.591,0.6915910969252834
gyro_norm,28.64,0.34502483768801717
gyro_norm,28.69,0.20866325938338867
gyro_norm,28.74,0.472233506814705
gyro_norm,28.79,0.6608089433802997
gyro_norm,28.839,0.8449293273088382
gyro_norm,28.889,0.9092718105074951
gyro_norm,28.939,1.0495397440314567
gyro_norm,28.989,0.9962268270299651
gyro_norm,29.039,0.6609358621976418
gyro_norm,29.088,0.47006329892522736
gyro_norm,29.153,0.6989541495819865
gyro_norm,29.188,0.23211621334518814
gyro_norm,29.238,0.6679910558468091
gyro_norm,29.291,0.35630208864090857
gyro_norm,29.337,0.7141139555416341
gyro_norm,29.387,0.9484083102616426
gyro_norm,29.437,0.4931446755906532
gyro_norm,29.486,0.4783195012854882
gyro_norm,29.536,0.7010164013594833
gyro_norm,29.586,0.5359462518070054
gyro_norm,29.636,0.4878291245905489
gyro_norm,29.685,0.2410907133861868
gyro_norm,29.735,0.13015959255381143
gyro_norm,29.805,0.13309004220226467
gyro_norm,29.835,0.2085878597464425
gyro_norm,29.884,0.32367911499745156
gyro_norm,29.938,0.5039449768185686
gyro_norm,29.984,0.25903328378641793
gyro_norm,30.034,0.38038036563443456
gyro_norm,30.084,0.446284294497325
gyro_norm,30.133,0.4236900627822589
gyro_norm,30.183,0.30149609729530846
gyro_norm,30.233,0.08643500602052216
gyro_norm,30.283,0.1210906865860004
gyro_norm,30.332,0.1857244131631758
gyro_norm,30.382,0.18554634591248684
gyro_norm,30.445,0.262807080192165
gyro_norm,30.482,0.3400314533301841
gyro_norm,30.531,0.27950744656730325
gyro_norm,30.581,0.26908549924209063
gyro_norm,30.631,0.3471978777415592
gyro_norm,30.681,0.28635997231135013
gyro_norm,30.732,0.0825764594089289
gyro_norm,30.78,0.10039074459211038
gyro_norm,30.83,0.12460171685656679
gyro_norm,30.88,0.1735216467969696
gyro_norm,30.93,0.10138166569437
gyro_norm,30.979,0.19811765641017573
gyro_norm,31.029,0.10216492321325094
gyro_norm,31.1,0.12132496415512212
gyro_norm,31.128,0.1887209545450699
gyro_norm,31.178,0.32078392552196366
gyro_norm,31.228,0.1953251306614979
gyro_norm,31.278,0.2772629243884831
gyro_norm,31.328,0.27329499832628873
gyro_norm,31.377,0.23197126650749456
gyro_norm,31.427,0.21821944201792434
gyro_norm,31.477,0.19937874296244604
gyro_norm,31.527,0.2782057960413974
gyro_norm,31.576,0.4143539222848186
gyro_norm,31.626,0.3650702680028467
gyro_norm,31.676,0.40028684357151995
gyro_norm,31.747,0.38449661691057546
gyro_norm,31.775,0.1783666856516356
gyro_norm,31.825,0.20503356553774474
gyro_norm,31.875,0.5311139886275615
gyro_norm,31.925,0.4456292914904584
gyro_norm,31.975,0.48949473504507973
gyro_norm,32.024,0.8912146205824736
gyro_norm,32.074,0.8621844814195019
gyro_norm,32.124,0.19577513943486693
gyro_norm,32.174,0.1429207347210164
gyro_norm,32.223,0.3836189756822047
gyro_norm,32.273,0.4840252895874064
gyro_norm,32.323,0.43860626891946425
gyro_norm,32.376,0.5585749918421341
gyro_norm,32.423,1.165818750879982
gyro_norm,32.48,0.09400419297562133
gyro_norm,32.522,0.23057038096066354
gyro_norm,32.572,0.18074531516630382
gyro_norm,32.622,0.3190744601695024
gyro_norm,32.671,0.21677115822885396
gyro_norm,32.721,0.11424019342060558
gyro_norm,32.771,0.20670884275247592
gyro_norm,32.82,0.14366806826719342
gyro_norm,32.87,0.28269187762285203
gyro_norm,32.92,0.6921460077544308
gyro_norm,32.97,0.512624336327357
gyro_norm,33.033,0.614206827265224
gyro_norm,33.069,0.6120620964108132
gyro_norm,33.119,0.18993140177212237
gyro_norm,33.169,0.47704293675159576
gyro_norm,33.219,0.3607546234236869
gyro_norm,33.269,0.4859488956746211
gyro_norm,33.318,0.28662850787833527
gyro_norm,33.368,0.3722865442211853
gyro_norm,33.418,0.3677275814382768
gyro_norm,33.468,0.38870284614455997
gyro_norm,33.517,0.30449466449528517
gyro_norm,33.567,0.31511710634541984
gyro_norm,33.617,0.2064905672100163
gyro_norm,33.686,0.3298795014009086
gyro_norm,33.716,0.09627214083033189
gyro_norm,33.766,0.08901283888730016
gyro_norm,33.821,0.19283043738189898
gyro_norm,33.865,0.10080034012170619
gyro_norm,33.915,0.2537014040966717
gyro_norm,33.965,0.16320060196481287
gyro_norm,34.015,0.1436419869399226
gyro_norm,34.065,0.08706774403753251
gyro_norm,34.114,0.08216799588836407
gyro_norm,34.164,0.1508447102080295
gyro_norm,34.214,0.1517535584366373
gyro_norm,34.264,0.15091371172892765
gyro_norm,34.336,0.2463162553919501
gyro_norm,34.363,0.09248864862010572
gyro_norm,34.413,0.1430476704177717
gyro_norm,34.463,0.06442405784926679
gyro_norm,34.513,0.08375380250677132
gyro_norm,34.562,0.07037743396979285
gyro_norm,34.612,0.07595678110678841
gyro_norm,34.662,0.2792819376399214
gyro_norm,34.711,0.34483814317197364
gyro_norm,34.761,0.44140926073870806
gyro_norm,34.811,0.23624317109690054
gyro_norm,34.861,0.2627689121299241
gyro_norm,34.911,0.39084515500175426
gyro_norm,34.981,0.18936675250705629
gyro_norm,35.01,0.6907209161905016
gyro_norm,35.06,0.6681156425796568
gyro_norm,35.11,0.6049260222149774
gyro_norm,35.159,0.40916123220305206
gyro_norm,35.209,0.37322338118470394
gyro_norm,35.259,0.21015750322717863
gyro_norm,35.309,0.9807931382860368
gyro_norm,35.359,1.021092575658363
gyro_norm,35.408,0.44040700509419883
gyro_norm,35.458,0.5171258889583787
gyro_norm,35.508,0.6876480212775687
gyro_norm,35.558,0.6646599882186262
gyro_norm,35.63,0.2745037903721941
gyro_norm,35.657,0.2428903825063402
gyro_norm,35.707,0.4245037255644159
gyro_norm,35.756,0.13291830026690996
gyro_norm,35.806,0.45048045219551996
gyro_norm,35.856,0.28110021952273784
gyro_norm,35.906,0.4486186130024551
gyro_norm,35.956,0.3148830505140897
gyro_norm,36.005,0.19795473123221619
gyro_norm,36.055,0.2851454033997366
gyro_norm,36.105,0.3623369259649396
gyro_norm,36.155,0.4515203577305277
gyro_norm,36.205,0.3626150754130277
gyro_norm,36.257,0.5895079668867049
gyro_norm,36.304,0.4974285590844429
gyro_norm,36.354,0.5078780785714854
gyro_norm,36.404,0.44932239442161104
gyro_norm,36.453,0.34630879510118656
gyro_norm,36.503,0.3698767545843816
gyro_norm,36.553,0.3601920939683638
gyro_norm,36.603,0.1413538250648593
gyro_norm,36.652,0.8146309185360102
gyro_norm,36.702,0.6518477127468931
gyro_norm,36.752,0.2924987013085425
gyro_norm,36.802,0.1580655217202426
gyro_norm,36.851,0.4007515066249794
gyro_norm,36.912,0.3793673490641715
gyro_norm,36.951,0.05870099725703638
gyro_norm,37.001,0.08516249740392169
gyro_norm,37.051,0.11980651835687213
gyro_norm,37.1,0.08334676425946372
gyro_norm,37.15,0.14755819059586947
gyro_norm,37.2,0.28087081042664563
gyro_norm,37.249,0.4009927099542477
gyro_norm,37.299,0.6078950936846255
gyro_norm,37.349,0.5215739266835996
gyro_norm,37.399,0.23373952951927365
gyro_norm,37.449,0.6257889094564787
gyro_norm,37.498,0.5988341825631869
gyro_norm,37.569,0.4395202237425385
gyro_norm,37.598,0.496017536757807
gyro_norm,37.647,0.3834964751702247
gyro_norm,37.697,0.31773174876201477
gyro_norm,37.747,0.3940597053680186
gyro_norm,37.797,0.17686669016506507
gyro_norm,37.847,0.8793507032083553
gyro_norm,37.897,0.6697259375485893
gyro_norm,37.946,0.4908978268612062
gyro_norm,37.996,0.1802948220063384
gyro_norm,38.046,0.30121950326918456
gyro_norm,38.096,0.23590003352480293
gyro_norm,38.145,0.27237440286303166
gyro_norm,38.217,0.3424480414489624
gyro_norm,38.245,0.5226334439864786
gyro_norm,38.295,0.617844333753514
gyro_norm,38.344,0.6373527499032063
gyro_norm,38.394,0.5750829284596379
gyro_norm,38.444,0.9235658687433652
gyro_norm,38.494,0.79167513839209
gyro_norm,38.543,0.3066915726885815
gyro_norm,38.593,0.24554519952214743
gyro_norm,38.643,0.2931072207133946
gyro_norm,38.693,0.3899722073636559
gyro_norm,38.742,0.500493974072218
gyro_norm,38.792,0.531396263580807
gyro_norm,38.862,0.35964494649962936
gyro_norm,38.892,0.28532502080623307
gyro_norm,38.942,0.37310819156384467
gyro_norm,38.991,0.5212551313844225
gyro_norm,39.041,0.3830798866991574
gyro_norm,39.091,0.33949340987205795
gyro_norm,39.141,0.2668090122087173
gyro_norm,39.19,0.23145328415332486
gyro_norm,39.24,0.16412905908020972
gyro_norm,39.29,0.07089978903146797
gyro_norm,39.34,0.05564260064695076
gyro_norm,39.389,0.0992645837090888
gyro_norm,39.439,0.05765311293718765
gyro_norm,39.51,0.06140876452218449
gyro_norm,39.539,0.11624087275031175
gyro_norm,39.588,0.070315412760866
gyro_norm,39.639,0.07423409357680022
gyro_norm,39.688,0.06920305677667787
gyro_norm,39.738,0.10437237316001331
gyro_norm,39.787,0.04260699014781322
gyro_norm,39.837,0.0678392187674682
gyro_norm,39.887,0.08120191099548361
gyro_norm,39.937,0.08464232234573936
gyro_norm,39.987,0.05578839077510003
gyro_norm,40.036,0.06798393665061074
gyro_norm,40.086,0.08950109752200792
gyro_norm,40.139,0.18959969106633232
gyro_norm,40.186,0.02832063077721892
gyro_norm,40.235,0.10733543158039684
gyro_norm,40.285,0.05097438396524578
gyro_norm,40.335,0.06297534687784535
gyro_norm,40.385,0.049467920976828596
gyro_norm,40.44,0.04954083357839785
gyro_norm,40.484,0.18483808567311816
gyro_norm,40.534,0.1343305402638997
gyro_norm,40.615,0.31951353635917734
gyro_norm,40.633,0.2564381787524003
gyro_norm,40.683,0.0748919785741597
gyro_norm,40.733,0.09808234379007828
gyro_norm,40.783,0.136474044623348
gyro_norm,40.833,0.13799513890743115
gyro_norm,40.882,0.168431948373647
gyro_norm,40.932,0.1539260996836755
gyro_norm,40.982,0.162252605398972
gyro_norm,41.032,0.1806440606599858
gyro_norm,41.097,0.18620951841111485
gyro_norm,41.138,0.1514517301605967
gyro_norm,41.181,0.3349948251428806
gyro_norm,41.231,0.3905173210074621
gyro_norm,41.28,0.14258033225564867
gyro_norm,41.33,0.063751598155503
gyro_norm,41.38,0.13332284221271762
gyro_norm,41.43,0.11359844071454804
gyro_norm,41.48,0.17217693235281728
gyro_norm,41.529,0.29446536144161456
gyro_norm,41.579,0.319930022181519
gyro_norm,41.629,0.4313657231720205
gyro_norm,41.679,0.5583650693263783
gyro_norm,41.747,0.24259007382214165
gyro_norm,41.778,0.5764648708080675
gyro_norm,41.828,0.4459239256237614
gyro_norm,41.878,0.7563525101216316
gyro_norm,41.928,0.777075626310675
gyro_norm,41.977,0.5344944463384542
gyro_norm,42.027,0.2794559722510977
gyro_norm,42.077,0.5345546265615748
gyro_norm,42.126,0.7216829004187033
gyro_norm,42.176,0.703027753922184
gyro_norm,42.226,0.14755326139146335
gyro_norm,42.276,0.6064148076848375
gyro_norm,42.326,0.24414850023553514
gyro_norm,42.396,0.6311140072880981
gyro_norm,42.425,0.4507952556714436
gyro_norm,42.475,0.32611771187759836
gyro_norm,42.525,0.6275188640423602
gyro_norm,42.574,0.36986192425479836
gyro_norm,42.624,0.36337746498796936
gyro_norm,42.68,0.40425184434527395
gyro_norm,42.723,0.39283966823738203
gyro_norm,42.773,0.39541346117928466
gyro_norm,42.823,0.5132955196340314
gyro_norm,42.873,0.8264293640273506
gyro_norm,42.923,0.7880338499606526
gyro_norm,42.972,0.30852765491855244
gyro_norm,43.043,0.6132758096160609
gyro_norm,43.072,0.7325925480943618
gyro_norm,43.122,0.45474535192177934
gyro_norm,43.172,0.4419713721705643
gyro_norm,43.221,0.3149346779680354
gyro_norm,43.271,0.3804433509554448
gyro_norm,43.328,0.24688367601479103
gyro_norm,43.37,0.29084483130104405
gyro_norm,43.42,0.20423530308715424
gyro_norm,43.47,0.4495895975312142
gyro_norm,43.52,0.3214850142083092
gyro_norm,43.57,0.7767933395014746
gyro_norm,43.62,0.664574093879442
gyro_norm,43.669,0.23866277748684225
gyro_norm,43.719,0.30525915909348633
gyro_norm,43.769,0.24905698147631627
gyro_norm,43.819,0.34199251820473037
gyro_norm,43.868,0.22793938285862222
gyro_norm,43.918,0.2568144926094769
gyro_norm,43.991,0.20991978178474335
gyro_norm,44.017,0.13961792990730373
gyro_norm,44.067,0.17059151179450174
gyro_norm,44.117,0.1017178055010163
gyro_norm,44.167,0.22725725983119535
gyro_norm,44.216,0.14341170822507693
gyro_norm,44.266,0.07882029300679459
gyro_norm,44.316,0.028136284858168797
gyro_norm,44.37,0.09356653420267448
gyro_norm,44.415,0.04049499629706159
gyro_norm,44.465,0.16195677720872237
gyro_norm,44.515,0.07633025472727611
gyro_norm,44.565,0.14914251541484294
gyro_norm,44.619,0.08526246467880527
gyro_norm,44.664,0.136547687608817
gyro_norm,44.714,0.1533461655795088
gyro_norm,44.764,0.2336531109202106
gyro_norm,44.814,0.23615627464404643
gyro_norm,44.863,0.12400509962905724
gyro_norm,44.913,0.40988157705176015
gyro_norm,44.963,0.5120873675361286
gyro_norm,45.013,0.4550857276606349
gyro_norm,45.063,0.5530060556452617
gyro_norm,45.112,0.3195769170467404
gyro_norm,45.162,0.2981336664864263
gyro_norm,45.212,0.452997287617555
gyro_norm,45.274,0.4392375757809241
gyro_norm,45.311,0.17086157475674055
gyro_norm,45.361,0.2053543505535549
gyro_norm,45.411,0.1841940832170107
gyro_norm,45.464,0.21229940872054068
gyro_norm,45.51,0.29320396330706516
gyro_norm,45.56,0.35355851135976696
gyro_norm,45.61,0.6076020770494139
gyro_norm,45.66,0.15833185487168505
gyro_norm,45.709,0.7372114131774525
gyro_norm,45.759,0.21737032424339453
gyro_norm,45.809,0.4050485356484176
gyro_norm,45.859,0.23581968706573767
gyro_norm,45.929,0.19353615630548776
gyro_norm,45.958,0.32515192368065987
gyro_norm,46.008,0.23750982494166814
gyro_norm,46.058,0.08675153551520122
gyro_norm,46.108,0.1760098761283503
gyro_norm,46.157,0.24124398327265695
gyro_norm,46.207,0.31229469269367377
gyro_norm,46.257,0.40818383567814837
gyro_norm,46.306,0.6134451588348464
gyro_norm,46.356,0.1957733705200918
gyro_norm,46.406,0.33555760874506724
gyro_norm,46.456,0.5960837633834747
gyro_norm,46.506,0.6665284879795617
gyro_norm,46.555,1.0360749308407113
gyro_norm,46.605,1.0361797321109754
gyro_norm,46.655,1.048598704554699
gyro_norm,46.705,0.3726968367701443
gyro_norm,46.754,0.40075458134312836
gyro_norm,46.804,0.45343864653114074
gyro_norm,46.876,0.40256784130351836
gyro_norm,46.904,0.209866862203168
gyro_norm,46.954,0.543346974483528
gyro_norm,47.003,0.6518080824290412
gyro_norm,47.053,0.2985621641866747
gyro_norm,47.103,0.4499299102960813
gyro_norm,47.153,0.55186105062855
gyro_norm,47.202,0.5486210686864148
gyro_norm,47.252,0.49314862034161633
gyro_norm,47.302,0.6404007645007905
gyro_norm,47.352,0.4435951593390229
gyro_norm,47.401,0.5727989489699081
gyro_norm,47.451,0.2643295073335684
gyro_norm,47.521,0.7336241490424582
gyro_norm,47.551,0.3632404373546794
gyro_norm,47.6,0.4817243935060618
gyro_norm,47.65,0.3573220112361472
gyro_norm,47.7,0.34682123917821567
gyro_norm,47.75,0.3026208623651554
gyro_norm,47.8,0.40149086417358115
gyro_norm,47.849,0.6632333062112147
gyro_norm,47.899,0.5531481387833637
gyro_norm,47.949,0.0956352003750623
gyro_norm,47.999,0.45393927258786254
gyro_norm,48.048,0.4603957180264096
gyro_norm,48.098,0.46352347884834155
gyro_norm,48.168,0.8886073167815856
gyro_norm,48.197,0.7963386628690154
gyro_norm,48.247,0.9442000078811567
gyro_norm,48.297,0.30830668283553514
gyro_norm,48.347,0.48986810259931274
gyro_norm,48.397,0.09444041019637696
gyro_norm,48.446,0.26148934159505777
gyro_norm,48.498,0.23441895754871078
gyro_norm,48.546,0.22865256058156722
gyro_norm,48.596,0.1414357948461762
gyro_norm,48.646,0.17769446064920247
gyro_norm,48.699,0.18700441442278343
gyro_norm,48.745,0.3357599013130826
gyro_norm,48.801,0.34309498189548865
gyro_norm,48.844,0.27884292602034244
gyro_norm,48.894,0.7104032242593006
gyro_norm,48.944,0.44849920934466186
gyro_norm,48.994,0.33859766692588894
gyro_norm,49.049,0.3635034551812318
gyro_norm,49.093,0.27565451621141984
gyro_norm,49.143,0.17578538160022678
gyro_norm,49.193,0.30792764255707455
gyro_norm,49.243,0.31367176080589326
gyro_norm,49.292,0.27329578602258864
gyro_norm,49.342,0.2971794506411896
gyro_norm,49.392,0.2509211251379183
gyro_norm,49.456,0.24817141541557697
gyro_norm,49.491,0.17890417171617815
gyro_norm,49.541,0.054144480412504095
gyro_norm,49.591,0.11293642492933707
gyro_norm,49.641,0.13705109773808954
gyro_norm,49.691,0.21016135947520592
gyro_norm,49.742,0.3344624748457728
gyro_norm,49.794,0.4088563027838266
gyro_norm,49.84,0.15625555364914534
gyro_norm,49.89,0.692147604070102
gyro_norm,49.939,0.5781978610881311
gyro_norm,49.989,0.6081352470508671
gyro_norm,50.039,1.048916447004797
gyro_norm,50.111,0.5997285394457691
gyro_norm,50.138,0.6582897512276186
gyro_norm,50.188,0.19213682096853937
gyro_norm,50.238,0.2734900764192253
gyro_norm,50.288,0.2599713297479702
gyro_norm,50.338,0.17952206759145933
gyro_norm,50.387,0.1466818644112721
gyro_norm,50.437,0.27628591906505184
gyro_norm,50.487,0.22102700445077156
gyro_norm,50.537,0.6474968764471594
gyro_norm,50.586,0.7372517088538791
gyro_norm,50.636,0.39047907812264143
gyro_norm,50.686,0.7234992576806936
gyro_norm,50.756,0.6103539921093288
gyro_norm,50.785,0.8148904879131368
gyro_norm,50.853,0.8269209624990201
gyro_norm,50.885,0.7179795697196534
gyro_norm,50.935,0.45148576213530217
gyro_norm,50.984,0.4420498877904875
gyro_norm,51.034,0.3077133673928842
gyro_norm,51.084,0.20272244978548612
gyro_norm,51.134,0.6484715572732309
gyro_norm,51.183,0.836154154318583
gyro_norm,51.233,1.072832096257367
gyro_norm,51.283,0.656353210535091
gyro_norm,51.333,0.7278579084928639
gyro_norm,51.401,0.732254920010155
gyro_norm,51.432,0.521721197441881
gyro_norm,51.482,0.29937361336174767
gyro_norm,51.532,0.32524424977259264
gyro_norm,51.582,0.3704409543945262
gyro_norm,51.631,0.358880315024179
gyro_norm,51.681,0.3461554784170114
gyro_norm,51.731,0.3287505258153192
gyro_norm,51.781,0.41792873670055203
gyro_norm,51.83,0.29928368713926917
gyro_norm,51.88,0.2454527639584125
gyro_norm,51.934,0.2325253332006616
gyro_norm,51.98,0.4607060542247019
gyro_norm,52.049,0.7205919164263882
gyro_norm,52.079,0.6732645269099787
gyro_norm,52.129,0.36650228451119427
gyro_norm,52.179,0.21990991499325596
gyro_norm,52.228,0.21092385358465676
gyro_norm,52.278,0.2732628910681688
gyro_norm,52.328,0.10179570707555559
gyro_norm,52.379,0.13778860191130582
gyro_norm,52.428,0.5848862197882068
gyro_norm,52.477,1.168793268114282
gyro_norm,52.548,0.670728854287157
gyro_norm,52.577,0.8404320250440657
gyro_norm,52.627,0.4234110175691044
gyro_norm,52.68,0.19756833918607536
gyro_norm,52.726,0.24010213941021533
gyro_norm,52.776,0.435082716057849
gyro_norm,52.826,0.18221065735796635
gyro_norm,52.876,0.15520680018215935
gyro_norm,52.925,0.2101626413953946
gyro_norm,52.975,0.10062145915107942
gyro_norm,53.025,0.15114437114278692
gyro_norm,53.074,0.09599915798671613
gyro_norm,53.124,0.06384202295748811
gyro_norm,53.174,0.13175495917620317
gyro_norm,53.224,0.16459822383354802
gyro_norm,53.274,0.13788952873705151
gyro_norm,53.337,0.15134160623710563
gyro_norm,53.373,0.19382047466815014
gyro_norm,53.423,0.21154870587440874
gyro_norm,53.473,0.32565780187146554
gyro_norm,53.522,0.29758072952195247
gyro_norm,53.572,0.590727526929528
gyro_norm,53.622,0.5943311930632208
gyro_norm,53.672,1.3472661902355243
gyro_norm,53.721,0.74150236246602
gyro_norm,53.771,1.2565621429798124
gyro_norm,53.821,1.2420954503794919
gyro_norm,53.871,0.4009968504513158
gyro_norm,53.921,0.9948821063646089
gyro_norm,53.99,1.2999541331595625
gyro_norm,54.02,1.0739691805818996
gyro_norm,54.07,0.3917093480724533
gyro_norm,54.12,0.48579364018851123
gyro_norm,54.169,0.43196327693977093
gyro_norm,54.219,0.24606713227096155
gyro_norm,54.269,1.05418489249843
gyro_norm,54.319,0.2613254122901437
gyro_norm,54.369,1.187940874768448
gyro_norm,54.418,0.6698171968523263
gyro_norm,54.468,0.46069016747730723
gyro_norm,54.518,0.6133351158922289
gyro_norm,54.567,0.563408943735963
gyro_norm,54.637,0.4120108009834506
gyro_norm,54.667,0.5215597991666249
gyro_norm,54.717,0.44053701493067443
gyro_norm,54.767,0.1900693013310065
gyro_norm,54.816,0.30296694747833836
gyro_norm,54.866,0.549204207415217
gyro_norm,54.916,0.17630974510494854
gyro_norm,54.966,0.5061877245902606
gyro_norm,55.015,0.6552868295188055
gyro_norm,55.065,1.4933796639275465
gyro_norm,55.115,1.7061931352762565
gyro_norm,55.169,0.9518627810771582
gyro_norm,55.215,1.7054943283128692
gyro_norm,55.272,1.63461278469254
gyro_norm,55.316,0.8928575376757842
gyro_norm,55.364,0.7516430768339207
gyro_norm,55.414,0.6011194719756946
gyro_norm,55.463,0.8942671108820256
gyro_norm,55.513,1.098390349410967
gyro_norm,55.563,1.3341812839359173
gyro_norm,55.612,0.9092637902867992
gyro_norm,55.662,1.1047104980534903
gyro_norm,55.712,1.097655081789817
gyro_norm,55.762,0.704537377001833
gyro_norm,55.812,0.43063351058322397
gyro_norm,55.861,0.25164367700787316
gyro_norm,55.932,0.2190779165029025
gyro_norm,55.961,0.5084107230898776
gyro_norm,56.01,0.6237789476820782
gyro_norm,56.06,0.5973218160752037
gyro_norm,56.11,0.9616363491738499
gyro_norm,56.16,0.5136983398224536
gyro_norm,56.21,0.48129541915464014
gyro_norm,56.262,0.9068845341175163
gyro_norm,56.309,0.8307861440875929
gyro_norm,56.359,1.1693632364872804
gyro_norm,56.409,1.5297349457626652
gyro_norm,56.459,1.2014027990195324
gyro_norm,56.508,0.7038786033439154
gyro_norm,56.561,0.6934787303647868
gyro_norm,56.608,0.06265711315699277
gyro_norm,56.658,0.6528578393053139
gyro_norm,56.707,0.5608448977533063
gyro_norm,56.757,0.21760847967655889
gyro_norm,56.807,0.9141958161010844
gyro_norm,56.857,1.3310157665508429
gyro_norm,56.906,1.1688330960772155
gyro_norm,56.956,0.6398926114028703
gyro_norm,57.006,0.3980584408441696
gyro_norm,57.056,0.7335489960199031
gyro_norm,57.105,0.7515260421987026
gyro_norm,57.155,0.20161139018440002
gyro_norm,57.223,0.2698339189990623
gyro_norm,57.255,0.7367910317854488
gyro_norm,57.321,0.37402151703742037
gyro_norm,57.354,0.35870511091348356
gyro_norm,57.404,0.5712380425153925
gyro_norm,57.454,0.5805571860966507
gyro_norm,57.504,1.0043447912225765
gyro_norm,57.553,1.1523100216909294
gyro_norm,57.603,1.167346744082558
gyro_norm,57.653,0.4230717824517122
gyro_norm,57.703,0.10629903591866668
gyro_norm,57.752,0.562493001627821
gyro_norm,57.802,0.6156502426357487
gyro_norm,57.872,0.6845395289593231
gyro_norm,57.901,0.6829855065559275
gyro_norm,57.962,0.3243903218795073
gyro_norm,58.001,0.6090705641416678
gyro_norm,58.051,0.40843142502406304
gyro_norm,58.101,0.16363161594484985
gyro_norm,58.151,0.2112104239173316
gyro_norm,58.2,0.22868223251755757
gyro_norm,58.25,0.26412985901647634
gyro_norm,58.3,0.30152399222896925
gyro_norm,58.35,0.2634888599820189
gyro_norm,58.399,0.9655041770727042
gyro_norm,58.449,0.32710738582818516
gyro_norm,58.519,0.27631995852272234
gyro_norm,58.548,0.5891196094692761
gyro_norm,58.598,0.7021498883134298
gyro_norm,58.648,0.4616692580075091
gyro_norm,58.698,0.43596736380151374
gyro_norm,58.748,0.2721497677872672
gyro_norm,58.797,0.27143675726051014
gyro_norm,58.847,0.3440366841052324
gyro_norm,58.897,0.32690877878224106
gyro_norm,58.947,0.9862913176613117
gyro_norm,58.996,0.5848138695387745
gyro_norm,59.046,0.6034439388554277
gyro_norm,59.096,0.420653730417581
gyro_norm,59.167,0.47623186357489844
gyro_norm,59.195,0.39151727747460335
gyro_norm,59.245,0.27038660882531274
gyro_norm,59.295,0.15465099404528987
gyro_norm,59.345,0.182343592063892
gyro_norm,59.395,0.18079441101591062
gyro_norm,59.444,0.24217049360700924
gyro_norm,59.494,0.3389364185835635
gyro_norm,59.544,0.6067389670002696
gyro_norm,59.593,0.278786786038216
gyro_norm,59.644,0.5952410657711789
gyro_norm,59.693,0.45663564985685406
gyro_norm,59.743,0.372884454455706
gyro_norm,59.814,0.5251074389910225
gyro_norm,59.842,0.47319051549777963
gyro_norm,59.892,0.015214242142979012
gyro_norm,59.942,0.45499633984411725
gyro_norm,59.992,0.3736036261410022
gyro_norm,60.042,0.3485772366036064
gyro_norm,60.091,0.5877843686395104
gyro_norm,60.141,0.3379172270243362
gyro_norm,60.191,0.48064671529033015
gyro_norm,60.241,0.38536590144526656
gyro_norm,60.29,0.2558917679478529
gyro_norm,60.34,0.1627549769996056
gyro_norm,60.39,0.28451754541915364
gyro_norm,60.443,0.2865556405339135
gyro_norm,60.497,0.49876147836301893
gyro_norm,60.543,0.34940505160078145
gyro_norm,60.589,0.4657009478388363
gyro_norm,60.639,0.3041474839238962
gyro_norm,60.688,1.0740973651377297
gyro_norm,60.738,0.8448915582733125
gyro_norm,60.788,0.7933562148336512
gyro_norm,60.838,0.5429498003120558
gyro_norm,60.887,0.5695807278707888
gyro_norm,60.937,0.7278468503052425
gyro_norm,60.987,0.7600325036902263
gyro_norm,61.037,0.3754649204969627
gyro_norm,61.101,0.49197634825947933
gyro_norm,61.136,0.5133398045267415
gyro_norm,61.186,0.5465575098401689
gyro_norm,61.236,0.5448829345093056
gyro_norm,61.286,0.9215866973197122
gyro_norm,61.336,0.6992304963997773
gyro_norm,61.385,0.3379781918817803
gyro_norm,61.435,0.5024837948736878
gyro_norm,61.485,0.9387733903748775
gyro_norm,61.534,1.1665088463406796
gyro_norm,61.584,0.5852170189901864
gyro_norm,61.634,0.45304209998767153
gyro_norm,61.684,0.2602134994377566
gyro_norm,61.753,0.46120425763371536
gyro_norm,61.786,0.6940609852765096
gyro_norm,61.833,0.9443034902529767
gyro_norm,61.883,0.9954486045930873
gyro_norm,61.933,0.3892442441942554
gyro_norm,61.982,0.601961673098876
gyro_norm,62.032,0.7077034759935475
gyro_norm,62.082,0.6353851830524938
gyro_norm,62.132,0.4528541562240548
gyro_norm,62.182,0.17332391263703734
gyro_norm,62.231,0.22624673081178157
gyro_norm,62.281,0.4468027207288018
gyro_norm,62.331,0.2929074196572188
gyro_norm,62.4,0.9119686666641627
gyro_norm,62.43,0.3925783590023675
gyro_norm,62.48,0.7738754448004606
gyro_norm,62.53,0.5154840560911179
gyro_norm,62.58,0.5533768639832164
gyro_norm,62.629,0.41006618580309184
gyro_norm,62.679,0.26187435209528026
gyro_norm,62.729,0.5060891384219126
gyro_norm,62.779,0.7666866416653043
gyro_norm,62.828,0.5301821548461917
gyro_norm,62.878,0.49738712539526586
gyro_norm,62.928,0.39164103769064246
gyro_norm,62.978,0.5337401460070988
gyro_norm,63.047,0.6045205817739724
gyro_norm,63.077,0.8190301417141518
gyro_norm,63.127,0.8671511696105468
gyro_norm,63.177,1.2724417450780943
gyro_norm,63.227,0.7911815970383135
gyro_norm,63.276,0.45860120979990576
gyro_norm,63.326,0.575803444742569
gyro_norm,63.376,0.2404363524059971
gyro_norm,63.425,0.7794632713442057
gyro_norm,63.475,0.6918360066072916
gyro_norm,63.525,0.7141802335897562
gyro_norm,63.575,0.843546676275367
gyro_norm,63.625,0.601322918799531
gyro_norm,63.699,0.44061984465952525
gyro_norm,63.724,0.625273132137924
gyro_norm,63.779,0.4340212573211099
gyro_norm,63.823,0.3869307100456865
gyro_norm,63.873,0.26811923848578095
gyro_norm,63.923,0.12570838571030954
gyro_norm,63.973,0.25628595834800333
gyro_norm,64.023,0.3691681385341638
gyro_norm,64.072,0.26362780954506443
gyro_norm,64.122,0.770657498800976
gyro_norm,64.172,0.28344006737110006
gyro_norm,64.222,0.7119837403769332
gyro_norm,64.272,0.7104564597381898
gyro_norm,64.324,0.5200358086282786
gyro_norm,64.371,0.5075482467598216
gyro_norm,64.421,0.47846367947752083
gyro_norm,64.471,0.4893635100563318
gyro_norm,64.52,0.4024611618847969
gyro_norm,64.57,0.08531997026646164
gyro_norm,64.62,0.16048932217441172
gyro_norm,64.67,0.06267197642712573
gyro_norm,64.719,0.22868955515127104
gyro_norm,64.769,0.030479794752847685
gyro_norm,64.819,0.14293507886723844
gyro_norm,64.871,0.16346887097763585
gyro_norm,64.918,0.12282584565994031
gyro_norm,64.985,0.15012782348142284
gyro_norm,65.018,0.06459424714726611
gyro_norm,65.068,0.1245771296135331
gyro_norm,65.117,0.11006066637647458
gyro_norm,65.167,0.09901799598840247
gyro_norm,65.217,0.17654110210725085
gyro_norm,65.267,0.11304831276436438
gyro_norm,65.316,0.09068648761314274
gyro_norm,65.366,0.04390890114938078
gyro_norm,65.416,0.05215830470054379
gyro_norm,65.466,0.06162687059966751
gyro_norm,65.516,0.05983783540795934
gyro_norm,65.565,0.0599336292015367
gyro_norm,65.615,0.09162142363118748
gyro_norm,65.665,0.13945829844638757
gyro_norm,65.715,0.1513569064066038
gyro_norm,65.766,0.42550714767276554
gyro_norm,65.814,0.12431964203745577
gyro_norm,65.864,0.07519185294747742
gyro_norm,65.934,0.18667983135854943
gyro_norm,65.963,0.28846429447192373
gyro_norm,66.013,0.059733766055912345
gyro_norm,66.063,0.08918901342461394
gyro_norm,66.113,0.08331392525031321
gyro_norm,66.162,0.16463493162322837
gyro_norm,66.213,0.23626523524289952
