sensor,time_s,value
dynamic_accel,0.06,0.45598923664088
dynamic_accel,0.11,0.5581669303951067
dynamic_accel,0.16,0.5623272806862918
dynamic_accel,0.21,0.13671181294757417
dynamic_accel,0.26,0.06867587987009038
dynamic_accel,0.31,-0.0970352467732365
dynamic_accel,0.36,-0.40811346981303487
dynamic_accel,0.41,-0.4899803352616665
dynamic_accel,0.46,-0.39770967834110493
dynamic_accel,0.51,-0.3607632289685352
dynamic_accel,0.56,0.19700684365671073
dynamic_accel,0.61,-0.04446555087861803
dynamic_accel,0.66,-0.352842729706472
dynamic_accel,0.71,0.03250029470398452
dynamic_accel,0.76,0.21304309896381923
dynamic_accel,0.81,0.32048260307793797
dynamic_accel,0.86,-0.08125989872180384
dynamic_accel,0.91,0.05801695184418243
dynamic_accel,0.96,-0.13194078018290156
dynamic_accel,1.01,0.08981333244221901
dynamic_accel,1.06,0.21617343495390173
dynamic_accel,1.11,-0.5420695960131567
dynamic_accel,1.16,-0.6310923318311463
dynamic_accel,1.21,-0.3632913150092829
dynamic_accel,1.26,0.1837000859433786
dynamic_accel,1.31,1.203060791577343
dynamic_accel,1.36,2.2726329463440464
dynamic_accel,1.41,1.2674379556486386
dynamic_accel,1.46,0.4775470780356734
dynamic_accel,1.51,0.09536530088159978
dynamic_accel,1.56,-0.5101893949220777
dynamic_accel,1.61,-1.7018157606399935
dynamic_accel,1.66,-2.8511754302319314
dynamic_accel,1.71,-2.6104547742900275
dynamic_accel,1.76,-1.5711265017246117
dynamic_accel,1.81,-0.6363296495087862
dynamic_accel,1.86,-0.03301438983258187
dynamic_accel,1.91,1.0421009929911857
dynamic_accel,1.96,2.0305174971027835
dynamic_accel,2.01,3.125352284602833
dynamic_accel,2.06,4.07006354075809
dynamic_accel,2.11,3.197783168159006
dynamic_accel,2.16,1.6897375444597245
dynamic_accel,2.21,0.5128852640500732
dynamic_accel,2.26,-2.1117379499095588
dynamic_accel,2.31,-4.141468445152143
dynamic_accel,2.36,-5.254471750575206
dynamic_accel,2.41,-5.259265899687313
dynamic_accel,2.46,-4.04309124350884
dynamic_accel,2.51,-2.067930853896815
dynamic_accel,2.56,-0.14608989535557093
dynamic_accel,2.61,3.127412837841602
dynamic_accel,2.66,7.386303347439426
dynamic_accel,2.71,9.099491632723806
dynamic_accel,2.76,6.334789569413509
dynamic_accel,2.81,-0.5480803243766168
dynamic_accel,2.86,-1.8460859218223291
dynamic_accel,2.91,-3.4152684790418277
dynamic_accel,2.96,-3.7665297785261878
dynamic_accel,3.01,-4.662458527515271
dynamic_accel,3.06,-4.070661050926538
dynamic_accel,3.11,-1.6253245844245114
dynamic_accel,3.16,1.3453957766967228
dynamic_accel,3.21,3.078693047771017
dynamic_accel,3.26,4.307899240160358
dynamic_accel,3.31,2.9053395783553135
dynamic_accel,3.36,1.7522130351324083
dynamic_accel,3.41,-0.06760172642776396
dynamic_accel,3.46,-2.9644937583186444
dynamic_accel,3.51,-4.122788736724427
dynamic_accel,3.56,-3.9215588422564363
dynamic_accel,3.61,-1.945969185311526
dynamic_accel,3.66,0.10300458167115778
dynamic_accel,3.71,1.2170683085493081
dynamic_accel,3.76,2.4214711557244524
dynamic_accel,3.81,4.267388892409816
dynamic_accel,3.86,4.656103182406625
dynamic_accel,3.91,0.7165216517270636
dynamic_accel,3.96,0.17162767906329002
dynamic_accel,4.01,-2.466573918189048
dynamic_accel,4.06,-3.2065166669666993
dynamic_accel,4.11,-2.200610466445127
dynamic_accel,4.16,-0.9480500841111628
dynamic_accel,4.21,0.1464063777684501
dynamic_accel,4.26,-0.023347551153863222
dynamic_accel,4.31,0.5758080932942189
dynamic_accel,4.36,2.2115922585947985
dynamic_accel,4.41,2.565125244177274
dynamic_accel,4.46,0.9139371126998217
dynamic_accel,4.51,-0.26929100397934747
dynamic_accel,4.56,-1.1352760391458023
dynamic_accel,4.61,-2.6954345444989887
dynamic_accel,4.66,-3.138403208262236
dynamic_accel,4.71,-2.4189079707565657
dynamic_accel,4.76,-1.3258050748888728
dynamic_accel,4.81,-0.989015938026764
dynamic_accel,4.86,1.2444188853760387
dynamic_accel,4.91,3.636922886333526
dynamic_accel,4.96,3.333778543600113
dynamic_accel,5.01,3.8176094917352987
dynamic_accel,5.06,1.4454052100705574
dynamic_accel,5.11,1.5512032751632319
dynamic_accel,5.16,-1.0477513947815176
dynamic_accel,5.21,-2.7965984663313845
dynamic_accel,5.26,-2.88167490731644
dynamic_accel,5.31,-3.262906037851354
dynamic_accel,5.36,-1.5392911993136842
dynamic_accel,5.41,0.15554742187360304
dynamic_accel,5.46,1.9075632268934744
dynamic_accel,5.51,2.304488484600064
dynamic_accel,5.56,2.8895611457118466
dynamic_accel,5.61,0.7032802526449338
dynamic_accel,5.66,-0.028318692263724188
dynamic_accel,5.71,-0.7371231458941381
dynamic_accel,5.76,-2.000382899623462
dynamic_accel,5.81,-3.3732180345918845
dynamic_accel,5.86,-0.848589090881708
dynamic_accel,5.91,-0.925371279485649
dynamic_accel,5.96,0.26931326617717843
dynamic_accel,6.01,0.7355804859213784
dynamic_accel,6.06,1.6025465451811005
dynamic_accel,6.11,2.1830739886862425
dynamic_accel,6.16,2.014598526158828
dynamic_accel,6.21,1.9012416309610742
dynamic_accel,6.26,0.5047575456040416
dynamic_accel,6.31,0.011820570240189454
dynamic_accel,6.36,-1.514797967645169
dynamic_accel,6.41,-3.8811364996997826
dynamic_accel,6.46,-3.1830725823207313
dynamic_accel,6.51,-1.528897242532727
dynamic_accel,6.56,-0.27465295623103714
dynamic_accel,6.61,0.8028836862717252
dynamic_accel,6.66,1.1806529016956002
dynamic_accel,6.71,3.640833195652535
dynamic_accel,6.76,4.478104024988406
dynamic_accel,6.81,1.894798209419422
dynamic_accel,6.86,0.4092441264077671
dynamic_accel,6.91,-0.7155894001288754
dynamic_accel,6.96,-4.167986998954918
dynamic_accel,7.01,-5.156904973382381
dynamic_accel,7.06,-3.5476534505994186
dynamic_accel,7.11,-0.10072326730697867
dynamic_accel,7.16,1.1806284110365937
dynamic_accel,7.21,3.103615455205375
dynamic_accel,7.26,2.354075708983837
dynamic_accel,7.31,3.225473469825893
dynamic_accel,7.36,3.3025703706275884
dynamic_accel,7.41,-0.8854570002455979
dynamic_accel,7.46,-0.16990862021203412
dynamic_accel,7.51,-2.55173517224154
dynamic_accel,7.56,-3.4071974688217166
dynamic_accel,7.61,-2.8928044450273935
dynamic_accel,7.66,-1.2502049843369605
dynamic_accel,7.71,-0.4719159270468136
dynamic_accel,7.76,-0.24442763752724872
dynamic_accel,7.81,1.562366471706257
dynamic_accel,7.86,3.8474396557628587
dynamic_accel,7.91,4.253363175641505
dynamic_accel,7.96,1.232326569149416
dynamic_accel,8.01,0.3802773729213289
dynamic_accel,8.06,-0.08061746468578868
dynamic_accel,8.11,-3.413701534920759
dynamic_accel,8.16,-3.890813777102456
dynamic_accel,8.21,-2.057723100255343
dynamic_accel,8.26,-1.5186205417815533
dynamic_accel,8.31,-0.25287322037722504
dynamic_accel,8.36,1.1978111061282615
dynamic_accel,8.41,1.3119949788955996
dynamic_accel,8.46,3.69586120882194
dynamic_accel,8.51,3.080130581038608
dynamic_accel,8.56,0.7357313421373135
dynamic_accel,8.61,-0.2431443248253249
dynamic_accel,8.66,-0.8299807693100991
dynamic_accel,8.71,-2.7955978097242395
dynamic_accel,8.76,-3.7916869427595064
dynamic_accel,8.81,-2.1318571746591317
dynamic_accel,8.86,0.5690324998295839
dynamic_accel,8.91,1.0087450867964662
dynamic_accel,8.96,1.5795128667340474
dynamic_accel,9.01,4.009228700846599
dynamic_accel,9.06,4.5859490310626665
dynamic_accel,9.11,0.10073643995134418
dynamic_accel,9.16,-0.5515907979965924
dynamic_accel,9.21,-2.217769839001546
dynamic_accel,9.26,-3.6684202404919573
dynamic_accel,9.31,-4.025627519834308
dynamic_accel,9.36,-3.220278698856326
dynamic_accel,9.41,-0.7493343141682942
dynamic_accel,9.46,1.512540218946615
dynamic_accel,9.51,3.092963234182319
dynamic_accel,9.56,3.574414904267506
dynamic_accel,9.61,3.1046186310360167
dynamic_accel,9.66,2.4183450999147205
dynamic_accel,9.71,-0.5884365133312386
dynamic_accel,9.76,-0.29054851555462946
dynamic_accel,9.81,-2.9454940870304505
dynamic_accel,9.86,-3.6044844380321814
dynamic_accel,9.91,-2.18158027894974
dynamic_accel,9.96,-0.7984608508377455
dynamic_accel,10.01,-0.3458744861496612
dynamic_accel,10.06,0.6318197105634002
dynamic_accel,10.11,1.5440261285036136
dynamic_accel,10.16,3.168883224920032
dynamic_accel,10.21,2.4926448052987347
dynamic_accel,10.26,1.6612473650516968
dynamic_accel,10.31,0.8687803808163004
dynamic_accel,10.36,-0.49310123335765255
dynamic_accel,10.41,-2.5045225269499722
dynamic_accel,10.46,-2.8975161260531452
dynamic_accel,10.51,-2.3506558309156134
dynamic_accel,10.56,-1.3284614135703752
dynamic_accel,10.61,-0.6963474044468825
dynamic_accel,10.66,-0.07273107666882517
dynamic_accel,10.71,0.9409966898520317
dynamic_accel,10.76,2.1571685530558575
dynamic_accel,10.81,2.6286157143103637
dynamic_accel,10.86,3.255434164320942
dynamic_accel,10.91,0.12495981252951971
dynamic_accel,10.96,-0.5354838164276412
dynamic_accel,11.01,-1.896963250174494
dynamic_accel,11.06,-2.048085925477965
dynamic_accel,11.11,-1.6242279105448638
dynamic_accel,11.16,-0.7662943603178292
dynamic_accel,11.21,-0.06373501420746308
dynamic_accel,11.26,0.7997926772933095
dynamic_accel,11.31,1.5434836990756864
dynamic_accel,11.36,2.1485359705557183
dynamic_accel,11.41,2.461914343592303
dynamic_accel,11.46,-0.24111404072233533
dynamic_accel,11.51,-1.001710090851212
dynamic_accel,11.56,-2.212964907899689
dynamic_accel,11.61,-2.4535360557266044
dynamic_accel,11.66,-1.8716169877265116
dynamic_accel,11.71,-0.621154085467893
dynamic_accel,11.76,0.23686980288372617
dynamic_accel,11.81,1.090913169513442
dynamic_accel,11.86,1.6096374760485528
dynamic_accel,11.91,1.8312163003312545
dynamic_accel,11.96,2.123864839570352
dynamic_accel,12.01,1.306021874405035
dynamic_accel,12.06,-0.5304388558429629
dynamic_accel,12.11,-0.7630678972308775
dynamic_accel,12.16,-1.3502725505946618
dynamic_accel,12.21,-2.218644585513193
dynamic_accel,12.26,-1.7415307092593864
dynamic_accel,12.31,-0.8818868031659974
dynamic_accel,12.36,-0.2637425873527146
dynamic_accel,12.41,0.6573490699167976
dynamic_accel,12.46,0.5040191186244396
dynamic_accel,12.51,1.3998358702793716
dynamic_accel,12.56,2.8609128090942804
dynamic_accel,12.61,2.2196402203626544
dynamic_accel,12.66,0.223320737370873
dynamic_accel,12.71,-0.6498936424404871
dynamic_accel,12.76,-1.3514036205136648
dynamic_accel,12.81,-2.5559817116099612
dynamic_accel,12.86,-2.3528494673954565
dynamic_accel,12.91,-1.8130691372248435
dynamic_accel,12.96,-0.7589024213503563
dynamic_accel,13.01,0.8385112273754451
dynamic_accel,13.06,1.5613277859419075
dynamic_accel,13.11,2.400923289105604
dynamic_accel,13.16,3.18792892276654
dynamic_accel,13.21,1.6249396351397714
dynamic_accel,13.26,0.5416079809479406
dynamic_accel,13.31,-0.2928428041786848
dynamic_accel,13.36,-1.931620032064739
dynamic_accel,13.41,-2.968841833870302
dynamic_accel,13.46,-2.5072759490702463
dynamic_accel,13.51,-0.9694123693945151
dynamic_accel,13.56,0.21090135363234985
dynamic_accel,13.61,0.980706655164715
dynamic_accel,13.66,1.32091831106837
dynamic_accel,13.71,1.708316238978048
dynamic_accel,13.76,2.439400964013295
dynamic_accel,13.81,0.9585569079885072
dynamic_accel,13.86,1.064322362057041
dynamic_accel,13.91,-1.5408294025460751
dynamic_accel,13.96,-2.8637318213638583
dynamic_accel,14.01,-2.720617525082244
dynamic_accel,14.06,-1.8977048150222284
dynamic_accel,14.11,-0.3019026892909249
dynamic_accel,14.16,0.6249163546489243
dynamic_accel,14.21,1.4060733114253132
dynamic_accel,14.26,1.6588252233250813
dynamic_accel,14.31,2.9348343512594077
dynamic_accel,14.36,1.754818038141929
dynamic_accel,14.41,0.06683763305506574
dynamic_accel,14.46,-0.26170936372074394
dynamic_accel,14.51,-1.477647812668307
dynamic_accel,14.56,-2.742721855137394
dynamic_accel,14.61,-2.1257188324487135
dynamic_accel,14.66,-0.8992329909408987
dynamic_accel,14.71,-0.14125087598838704
dynamic_accel,14.76,0.28261272109728
dynamic_accel,14.81,-0.43422190129499505
dynamic_accel,14.86,2.683587945820234
dynamic_accel,14.91,3.8650146101603777
dynamic_accel,14.96,2.01449421669885
dynamic_accel,15.01,0.45546740539939634
dynamic_accel,15.06,-0.40950108609671076
dynamic_accel,15.11,-1.9913058883703414
dynamic_accel,15.16,-2.3092149252910206
dynamic_accel,15.21,-2.147011523424739
dynamic_accel,15.26,-1.9225587700797941
dynamic_accel,15.31,-1.483465004067945
dynamic_accel,15.36,-0.6822851103058536
dynamic_accel,15.41,0.5851721714543991
dynamic_accel,15.46,1.4994191545673203
dynamic_accel,15.51,2.096152108299144
dynamic_accel,15.56,3.222003487327102
dynamic_accel,15.61,2.5781437648711645
dynamic_accel,15.66,1.801790655975136
dynamic_accel,15.71,0.14324790569851586
dynamic_accel,15.76,-4.234258087249855
dynamic_accel,15.81,-4.634000354431105
dynamic_accel,15.86,-2.3539385223938627
dynamic_accel,15.91,-0.9333575340209084
dynamic_accel,15.96,1.1060357572046353
dynamic_accel,16.01,1.4947939892962356
dynamic_accel,16.06,1.8834349799692998
dynamic_accel,16.11,4.062560589378771
dynamic_accel,16.16,4.454669203162707
dynamic_accel,16.21,0.8958942058477319
dynamic_accel,16.26,-0.5393586702454201
dynamic_accel,16.31,-2.7743378752910743
dynamic_accel,16.36,-4.801924283466163
dynamic_accel,16.41,-3.707818194919146
dynamic_accel,16.46,-2.530375145878839
dynamic_accel,16.51,-0.7175176651856408
dynamic_accel,16.56,0.9352566726224119
dynamic_accel,16.61,2.3212221150443746
dynamic_accel,16.66,3.286404937405207
dynamic_accel,16.71,3.1573874945807656
dynamic_accel,16.76,2.349618926795129
dynamic_accel,16.81,0.41363666603989735
dynamic_accel,16.86,0.05089983632481143
dynamic_accel,16.91,-2.9164237203233165
dynamic_accel,16.96,-3.3562038994468972
dynamic_accel,17.01,-3.1042587379878066
dynamic_accel,17.06,-1.4839154400467418
dynamic_accel,17.11,0.38325096452120455
dynamic_accel,17.16,1.0468554483347212
dynamic_accel,17.21,3.865637447368224
dynamic_accel,17.26,5.221595849437314
dynamic_accel,17.31,1.1622695058914285
dynamic_accel,17.36,-0.3903023795846696
dynamic_accel,17.41,-1.0111193435108792
dynamic_accel,17.46,-2.9116547173213982
dynamic_accel,17.51,-5.2597891279530575
dynamic_accel,17.56,-3.972130916631958
dynamic_accel,17.61,-0.5704249737531146
dynamic_accel,17.66,1.6019718755760284
dynamic_accel,17.71,2.6031777225351345
dynamic_accel,17.76,3.439658850790254
dynamic_accel,17.81,3.4516352961126326
dynamic_accel,17.86,1.5531419261349768
dynamic_accel,17.91,0.5147263886960403
dynamic_accel,17.96,-0.5587936232494144
dynamic_accel,18.01,-2.301675627716918
dynamic_accel,18.06,-3.7195218931829688
dynamic_accel,18.11,-2.498235072623679
dynamic_accel,18.16,-0.11763944149545225
dynamic_accel,18.21,1.2477608988841116
dynamic_accel,18.26,1.329121323647442
dynamic_accel,18.31,2.134585956179329
dynamic_accel,18.36,3.2918214678570816
dynamic_accel,18.41,0.7574869189990068
dynamic_accel,18.46,-0.12948244581338741
dynamic_accel,18.51,-0.5285587964259388
dynamic_accel,18.56,-3.1078672957334
dynamic_accel,18.61,-3.8921027988306705
dynamic_accel,18.66,-3.034100018389748
dynamic_accel,18.71,-0.7831662175470306
dynamic_accel,18.76,0.5666823272998567
dynamic_accel,18.81,2.873124631017136
dynamic_accel,18.86,2.933772495750647
dynamic_accel,18.91,3.1734423922519603
dynamic_accel,18.96,3.5058636518497117
dynamic_accel,19.01,-0.35516079360840536
dynamic_accel,19.06,-1.443157883539854
dynamic_accel,19.11,-2.0146761238143878
dynamic_accel,19.16,-2.6036045132469416
dynamic_accel,19.21,-3.201515487292032
dynamic_accel,19.26,-2.219720338385814
dynamic_accel,19.31,-0.9998566905982287
dynamic_accel,19.36,-0.1946923570380239
dynamic_accel,19.41,1.4455596134141597
dynamic_accel,19.46,3.742874810273623
dynamic_accel,19.51,4.244008925533521
dynamic_accel,19.56,1.7484597379740574
dynamic_accel,19.61,0.5855601386870202
dynamic_accel,19.66,1.968300554599164
dynamic_accel,19.71,-2.7774980595526664
dynamic_accel,19.76,-4.083900806731619
dynamic_accel,19.81,-2.869715044567969
dynamic_accel,19.86,-1.4731368762669135
dynamic_accel,19.91,-0.43263062428008503
dynamic_accel,19.96,0.7479075798776265
dynamic_accel,20.01,1.9285450136741495
dynamic_accel,20.06,2.839145380996218
dynamic_accel,20.11,1.9424131324832192
dynamic_accel,20.16,1.7014033045510057
dynamic_accel,20.21,-0.36423161099886414
dynamic_accel,20.26,-0.7285307465443651
dynamic_accel,20.31,-2.674691283664804
dynamic_accel,20.36,-2.5526850296253034
dynamic_accel,20.41,-1.1597031875238386
dynamic_accel,20.46,-0.742551793168678
dynamic_accel,20.51,-0.3705809706024432
dynamic_accel,20.56,-0.12571917030934898
dynamic_accel,20.61,0.9398993395811903
dynamic_accel,20.66,1.8469818329505774
dynamic_accel,20.71,3.529276908582178
dynamic_accel,20.76,2.41048438435298
dynamic_accel,20.81,0.2282822829552842
dynamic_accel,20.86,-0.10916480471325762
dynamic_accel,20.91,-0.9901870451942276
dynamic_accel,20.96,-1.7736490886760592
dynamic_accel,21.01,-2.294017810261966
dynamic_accel,21.06,-1.2537638705551526
dynamic_accel,21.11,-0.8546109778799931
dynamic_accel,21.16,-1.104723454857238
dynamic_accel,21.21,-0.8923726012433466
dynamic_accel,21.26,-0.6440972581475233
dynamic_accel,21.31,-0.31418513530486436
dynamic_accel,21.36,0.7678372583681146
dynamic_accel,21.41,1.9055573786593865
dynamic_accel,21.46,3.783881231408772
dynamic_accel,21.51,5.534068266295542
dynamic_accel,21.56,4.00978234550721
dynamic_accel,21.61,-0.7896332967501074
dynamic_accel,21.66,-4.07933324713221
dynamic_accel,21.71,-5.655651881439504
dynamic_accel,21.76,-5.247097467088726
dynamic_accel,21.81,-2.2908347185329507
dynamic_accel,21.86,0.012798994471250325
dynamic_accel,21.91,-0.12107873419741821
dynamic_accel,21.96,0.8589452501781185
dynamic_accel,22.01,3.4288241162499986
dynamic_accel,22.06,4.978040190325853
dynamic_accel,22.11,5.499682357666023
dynamic_accel,22.16,2.231341429627472
dynamic_accel,22.21,-1.1386991005522287
dynamic_accel,22.26,-3.7152639137980357
dynamic_accel,22.31,-4.85741994206193
dynamic_accel,22.36,-4.715867857715261
dynamic_accel,22.41,-2.7457099110832797
dynamic_accel,22.46,0.9616088151035154
dynamic_accel,22.51,2.4386847459080165
dynamic_accel,22.56,2.5415777664214296
dynamic_accel,22.61,3.586156132272162
dynamic_accel,22.66,2.615307054941983
dynamic_accel,22.71,1.4056222883423892
dynamic_accel,22.76,0.46586578919807664
dynamic_accel,22.81,-1.9790844374191856
dynamic_accel,22.86,-4.7795053399471135
dynamic_accel,22.91,-4.242543645533544
dynamic_accel,22.96,-1.5282494946640757
dynamic_accel,23.01,0.40325026934198327
dynamic_accel,23.06,0.8389322193961206
dynamic_accel,23.11,1.7983614406673105
dynamic_accel,23.16,3.9161028917406995
dynamic_accel,23.21,4.206661738065108
dynamic_accel,23.26,1.4088329033402651
dynamic_accel,23.31,-0.692274158569889
dynamic_accel,23.36,-2.0184235974737987
dynamic_accel,23.41,-3.9043180783064395
dynamic_accel,23.46,-3.837216837877544
dynamic_accel,23.51,-1.0967859573701801
dynamic_accel,23.56,0.706817460951287
dynamic_accel,23.61,1.5133391262707256
dynamic_accel,23.66,2.170660276189384
dynamic_accel,23.71,2.3300496714247814
dynamic_accel,23.76,3.036544838741495
dynamic_accel,23.81,2.1745321382459792
dynamic_accel,23.86,-0.11036697930725659
dynamic_accel,23.91,-2.380580734441592
dynamic_accel,23.96,-3.493147255511528
dynamic_accel,24.01,-3.404722403350891
dynamic_accel,24.06,-1.9900703034432912
dynamic_accel,24.11,-0.7115704084554579
dynamic_accel,24.16,-0.005909010536655046
dynamic_accel,24.21,0.9415504296777382
dynamic_accel,24.26,2.284445427105407
dynamic_accel,24.31,4.22738241425551
dynamic_accel,24.36,2.9237693693086566
dynamic_accel,24.41,0.43864481441327996
dynamic_accel,24.46,-1.4108243242950653
dynamic_accel,24.51,-1.7497789395706675
dynamic_accel,24.56,-2.5402668193084654
dynamic_accel,24.61,-2.4703892323801195
dynamic_accel,24.66,-1.1754522857012688
dynamic_accel,24.71,0.2827118971985314
dynamic_accel,24.76,1.0072714865765882
dynamic_accel,24.81,1.0186435495516868
dynamic_accel,24.86,1.9341758390656292
dynamic_accel,24.91,1.7611793346581042
dynamic_accel,24.96,1.5529559201450418
dynamic_accel,25.01,-0.35340027036133215
dynamic_accel,25.06,-0.9432015816373234
dynamic_accel,25.11,-1.3579965364242348
dynamic_accel,25.16,-2.349446963041803
dynamic_accel,25.21,-2.6268525896321497
dynamic_accel,25.26,-1.7811247812863407
dynamic_accel,25.31,-0.5022819246525128
dynamic_accel,25.36,0.9894989585834324
dynamic_accel,25.41,2.0504083629720373
dynamic_accel,25.46,2.670414518576564
dynamic_accel,25.51,3.773506053182306
dynamic_accel,25.56,2.744097069960752
dynamic_accel,25.61,0.9713173536349267
dynamic_accel,25.66,-0.48532709763344606
dynamic_accel,25.71,-1.8533565079017293
dynamic_accel,25.76,-3.8823326509526197
dynamic_accel,25.81,-4.263320289824387
dynamic_accel,25.86,-1.9219042333366563
dynamic_accel,25.91,-0.07260034882218314
dynamic_accel,25.96,1.2207494860717745
dynamic_accel,26.01,1.701029002036563
dynamic_accel,26.06,2.352810373260823
dynamic_accel,26.11,2.7632586940380826
dynamic_accel,26.16,3.5766764691604003
dynamic_accel,26.21,-0.23811355006903945
dynamic_accel,26.26,-1.3003937539039683
dynamic_accel,26.31,-2.3331186021162695
dynamic_accel,26.36,-2.771593976573696
dynamic_accel,26.41,-2.5483869596253443
dynamic_accel,26.46,-1.1912894309138053
dynamic_accel,26.51,-0.07917534518424318
dynamic_accel,26.56,0.2065677174273155
dynamic_accel,26.61,1.0389851251745341
dynamic_accel,26.66,1.4741085553492468
dynamic_accel,26.71,2.4091475213426996
dynamic_accel,26.76,3.5431046642823762
dynamic_accel,26.81,-0.27566100071238964
dynamic_accel,26.86,-0.04341129938613797
dynamic_accel,26.91,-2.0043940165317036
dynamic_accel,26.96,-2.753895746444761
dynamic_accel,27.01,-1.9499882445252918
dynamic_accel,27.06,-0.9878446864810879
dynamic_accel,27.11,-0.23397489242188385
dynamic_accel,27.16,0.4954220681019663
dynamic_accel,27.21,2.2865087440039993
dynamic_accel,27.26,1.5422406092800678
dynamic_accel,27.31,3.3882788270436865
dynamic_accel,27.36,1.4054271374199523
dynamic_accel,27.41,-0.5008201466079694
dynamic_accel,27.46,-1.7864870142497828
dynamic_accel,27.51,-2.884882286621103
dynamic_accel,27.56,-2.909360506974278
dynamic_accel,27.61,-1.5091747202593684
dynamic_accel,27.66,-0.5250353095074178
dynamic_accel,27.71,0.71697949933899
dynamic_accel,27.76,1.5825548324800867
dynamic_accel,27.81,1.5605368982211978
dynamic_accel,27.86,2.134599200299375
dynamic_accel,27.91,4.2884078224890025
dynamic_accel,27.96,1.9098137786285339
dynamic_accel,28.01,-1.9577890879614088
dynamic_accel,28.06,-1.348884955160358
dynamic_accel,28.11,-1.9434794485713436
dynamic_accel,28.16,-3.3013627167080113
dynamic_accel,28.21,-3.637885143103521
dynamic_accel,28.26,-1.401522227366021
dynamic_accel,28.31,1.2451879027090982
dynamic_accel,28.36,0.55909566318544
dynamic_accel,28.41,2.208550052023238
dynamic_accel,28.46,1.8987406883890987
dynamic_accel,28.51,2.724852621993179
dynamic_accel,28.56,2.660827144786607
dynamic_accel,28.61,-0.04320777394237574
dynamic_accel,28.66,-1.1964563073390035
dynamic_accel,28.71,-1.6155101876611848
dynamic_accel,28.76,-2.4544088484151656
dynamic_accel,28.81,-2.4471259400414347
dynamic_accel,28.86,-0.6425294938569994
dynamic_accel,28.91,-0.5200336527794907
dynamic_accel,28.96,0.5669786246681969
dynamic_accel,29.01,1.2148188150926007
dynamic_accel,29.06,2.0443748331736664
dynamic_accel,29.11,3.5435651940703305
dynamic_accel,29.16,0.6014020228183927
dynamic_accel,29.21,-0.38629434671229035
dynamic_accel,29.26,0.37840367027752286
dynamic_accel,29.31,-2.3473779940352237
dynamic_accel,29.36,-2.831898291162145
dynamic_accel,29.41,-1.884088693205987
dynamic_accel,29.46,-0.6738694506778717
dynamic_accel,29.51,-0.21114130627956307
dynamic_accel,29.56,0.6484650892790835
dynamic_accel,29.61,1.5114680329611296
dynamic_accel,29.66,1.582078787134769
dynamic_accel,29.71,2.6512058002017085
dynamic_accel,29.76,1.8207905987294986
dynamic_accel,29.81,-0.4602050913519946
dynamic_accel,29.86,-0.6249434586816758
dynamic_accel,29.91,-1.309787945224251
dynamic_accel,29.96,-1.811262165972824
dynamic_accel,30.01,-1.7886435801962541
dynamic_accel,30.06,-0.16067098320099227
dynamic_accel,30.11,-0.13121028582032324
dynamic_accel,30.16,-0.04132894788149599
dynamic_accel,30.21,-0.07373795912485193
dynamic_accel,30.26,0.24625196444017483
dynamic_accel,30.31,0.8465869650753017
dynamic_accel,30.36,1.8152304184390342
dynamic_accel,30.41,1.350426193655153
dynamic_accel,30.46,0.5935163556033292
dynamic_accel,30.51,-0.6628049242411969
dynamic_accel,30.56,-0.5873469098298152
dynamic_accel,30.61,-0.7610192272530334
dynamic_accel,30.66,-0.2752834672925779
dynamic_accel,30.71,-0.6233155535683004
dynamic_accel,30.76,-0.980004237248691
dynamic_accel,30.81,-1.5390847489946982
dynamic_accel,30.86,-0.7781088085971302
dynamic_accel,30.91,-0.3678155574978135
dynamic_accel,30.96,0.4181168290014856
dynamic_accel,31.01,1.156158419967797
dynamic_accel,31.06,1.675665622702878
dynamic_accel,31.11,1.8400412623640552
dynamic_accel,31.16,1.8411625886772676
dynamic_accel,31.21,2.7775336740820187
dynamic_accel,31.26,-1.3500434101491123
dynamic_accel,31.31,-1.4027910537838686
dynamic_accel,31.36,-2.0606366532412075
dynamic_accel,31.41,-2.736358409067453
dynamic_accel,31.46,-2.4908762416227894
dynamic_accel,31.51,-0.8020923923445231
dynamic_accel,31.56,0.3098477940116169
dynamic_accel,31.61,1.0135455026741216
dynamic_accel,31.66,1.6325629381327644
dynamic_accel,31.71,2.746542254192141
dynamic_accel,31.76,4.867762446098855
dynamic_accel,31.81,0.8335117487102188
dynamic_accel,31.86,-0.6317202481770892
dynamic_accel,31.91,-0.5047998772005649
dynamic_accel,31.96,-3.08860388369901
dynamic_accel,32.01,-4.219501606019445
dynamic_accel,32.06,-3.603951249642
dynamic_accel,32.11,-1.2097712412636774
dynamic_accel,32.16,0.4605630234039335
dynamic_accel,32.21,1.7024028685969306
dynamic_accel,32.26,2.2934555448786877
dynamic_accel,32.31,2.393425318491925
dynamic_accel,32.36,3.4640880672860135
dynamic_accel,32.41,2.7462953317943146
dynamic_accel,32.46,-0.037933330555281586
dynamic_accel,32.51,-0.952728479815093
dynamic_accel,32.56,-3.0408452633204472
dynamic_accel,32.61,-3.5916474621377708
dynamic_accel,32.66,-3.2412560819297997
dynamic_accel,32.71,-1.7062229768105723
dynamic_accel,32.76,-0.369185336320383
dynamic_accel,32.81,0.8455598899945791
dynamic_accel,32.86,3.244183947264757
dynamic_accel,32.91,4.470278385547253
dynamic_accel,32.96,4.884652142096769
dynamic_accel,33.01,-0.4293186809644709
dynamic_accel,33.06,-0.33127798976495626
dynamic_accel,33.11,-1.6848863253636637
dynamic_accel,33.16,-2.969760199494284
dynamic_accel,33.21,-2.5238712780687163
dynamic_accel,33.26,-1.7807417796467266
dynamic_accel,33.31,-0.5504031046152438
dynamic_accel,33.36,0.14246636076568997
dynamic_accel,33.41,0.7595642428178895
dynamic_accel,33.46,1.4621709112916346
dynamic_accel,33.51,1.7828588851911658
dynamic_accel,33.56,1.4373729473604406
dynamic_accel,33.61,0.8972221578158752
dynamic_accel,33.66,0.03479656843446932
dynamic_accel,33.71,-0.8640734157416752
dynamic_accel,33.76,-1.1437916056327335
dynamic_accel,33.81,-0.9582623477564383
dynamic_accel,33.86,-0.8664680529392044
dynamic_accel,33.91,-0.4219575897048671
dynamic_accel,33.96,-0.3250722867537714
dynamic_accel,34.01,-0.7280730762100127
dynamic_accel,34.06,-0.6550930848481862
dynamic_accel,34.11,-0.6546935358502406
dynamic_accel,34.16,-0.33343981072814266
dynamic_accel,34.21,0.5481994876039629
dynamic_accel,34.26,1.291815066612175
dynamic_accel,34.31,1.9564465100836692
dynamic_accel,34.36,2.6303031417209723
dynamic_accel,34.41,1.9899520254158443
dynamic_accel,34.46,1.5176797219921063
dynamic_accel,34.51,0.9517753393554234
dynamic_accel,34.56,-1.7662972780331057
dynamic_accel,34.61,-3.463849592709538
dynamic_accel,34.66,-3.2990226092383494
dynamic_accel,34.71,-2.2109821353338788
dynamic_accel,34.76,-0.9042649164156291
dynamic_accel,34.81,-0.08592168855386362
dynamic_accel,34.86,0.8638212092736506
dynamic_accel,34.91,1.8201761940704717
dynamic_accel,34.96,2.6333166930352174
dynamic_accel,35.01,3.1850374948713096
dynamic_accel,35.06,2.1536552616589795
dynamic_accel,35.11,-0.1079380167879691
dynamic_accel,35.16,-1.6411857889608061
dynamic_accel,35.21,-2.77259768637051
dynamic_accel,35.26,-3.4254730327424614
dynamic_accel,35.31,-2.5819880817542824
dynamic_accel,35.36,-1.0858929626313003
dynamic_accel,35.41,-0.009211478289476105
dynamic_accel,35.46,0.7622969580121701
dynamic_accel,35.51,1.4171442569939003
dynamic_accel,35.56,3.496399875139602
dynamic_accel,35.61,3.8483934479554875
dynamic_accel,35.66,1.444768742172391
dynamic_accel,35.71,0.158266459202963
dynamic_accel,35.76,-0.15638324661663283
dynamic_accel,35.81,-1.7882193401387578
dynamic_accel,35.86,-3.136132876292664
dynamic_accel,35.91,-3.1613880977824644
dynamic_accel,35.96,-1.2370647209860177
dynamic_accel,36.01,-0.0046354956941190295
dynamic_accel,36.06,0.6981131029365635
dynamic_accel,36.11,1.4208482560303448
dynamic_accel,36.16,2.219237145003543
dynamic_accel,36.21,3.4790242088812313
dynamic_accel,36.26,1.2140375548972369
dynamic_accel,36.31,-0.0712598465365133
dynamic_accel,36.36,-0.6824351207222126
dynamic_accel,36.41,-3.3979381408075
dynamic_accel,36.46,-3.595987149120009
dynamic_accel,36.51,-2.3629849041790294
dynamic_accel,36.56,-1.1638917703443106
dynamic_accel,36.61,0.2551327541396198
dynamic_accel,36.66,0.7548703422799239
dynamic_accel,36.71,2.3131785728468373
dynamic_accel,36.76,4.679936448535319
dynamic_accel,36.81,3.609828236214412
dynamic_accel,36.86,2.211683658527072
dynamic_accel,36.91,0.40776348051351974
dynamic_accel,36.96,-2.722255721738401
dynamic_accel,37.01,-4.368481839075769
dynamic_accel,37.06,-5.05962776345796
dynamic_accel,37.11,-3.4552966442139645
dynamic_accel,37.16,-1.3099046495560192
dynamic_accel,37.21,1.0503304264138702
dynamic_accel,37.26,3.4499098424358206
dynamic_accel,37.31,4.856016144431862
dynamic_accel,37.36,5.85726218110409
dynamic_accel,37.41,2.940796727152941
dynamic_accel,37.46,-0.05782012105536438
dynamic_accel,37.51,-2.5862185106323707
dynamic_accel,37.56,-4.360596733861159
dynamic_accel,37.61,-4.295152500009791
dynamic_accel,37.66,-2.548972942341676
dynamic_accel,37.71,-1.147987228602826
dynamic_accel,37.76,0.40331892296093663
dynamic_accel,37.81,1.6351753068944497
dynamic_accel,37.86,3.463617172581719
dynamic_accel,37.91,5.263969950378403
dynamic_accel,37.96,0.2807210242220144
dynamic_accel,38.01,-0.1580690203996653
dynamic_accel,38.06,-0.5593858740306157
dynamic_accel,38.11,-3.0557084632928655
dynamic_accel,38.16,-2.9823330481506174
dynamic_accel,38.21,-3.022671979206063
dynamic_accel,38.26,-0.35537458730044946
dynamic_accel,38.31,0.29313388635627113
dynamic_accel,38.36,1.5467274053019775
dynamic_accel,38.41,2.2710950645957286
dynamic_accel,38.46,2.4581935211149943
dynamic_accel,38.51,3.990670102810304
dynamic_accel,38.56,-0.5120859117603533
dynamic_accel,38.61,-0.46910471741202997
dynamic_accel,38.66,-2.091252844673164
dynamic_accel,38.71,-2.7821330811560774
dynamic_accel,38.76,-2.578182564958226
dynamic_accel,38.81,-1.6371955216391925
dynamic_accel,38.86,-0.677757667296186
dynamic_accel,38.91,0.43257972097118547
dynamic_accel,38.96,1.584876690917186
dynamic_accel,39.01,1.3106709413427744
dynamic_accel,39.06,3.721853211591778
dynamic_accel,39.11,2.414523430188895
dynamic_accel,39.16,0.8989703578965553
dynamic_accel,39.21,1.398293529469857
dynamic_accel,39.26,-3.9128609349864876
dynamic_accel,39.31,-3.7352278677581
dynamic_accel,39.36,-3.251611012316892
dynamic_accel,39.41,-0.1253567549831054
dynamic_accel,39.46,0.544566301725725
dynamic_accel,39.51,1.6756816321476435
dynamic_accel,39.56,2.0412755578905077
dynamic_accel,39.61,2.2376979179447307
dynamic_accel,39.66,2.8560631278046404
dynamic_accel,39.71,0.13115131544516956
dynamic_accel,39.76,0.06997918170980277
dynamic_accel,39.81,-2.9257784089468233
dynamic_accel,39.86,-4.135843458982834
dynamic_accel,39.91,-3.157599544609731
dynamic_accel,39.96,-1.188156381022024
dynamic_accel,40.01,0.5503953846094216
dynamic_accel,40.06,1.05913316718161
dynamic_accel,40.11,1.9508693185431056
dynamic_accel,40.16,2.6196377203056365
dynamic_accel,40.21,4.12547802419963
dynamic_accel,40.26,2.317555096269176
dynamic_accel,40.31,0.5261285271153753
dynamic_accel,40.36,-0.4595879446034665
dynamic_accel,40.41,-3.3057720761720892
dynamic_accel,40.46,-3.6832193806402485
dynamic_accel,40.51,-2.415578383687147
dynamic_accel,40.56,-1.704069644264825
dynamic_accel,40.61,-0.4010763192631259
dynamic_accel,40.66,0.6000790471740309
dynamic_accel,40.71,1.3605214146434967
dynamic_accel,40.76,2.8046690872757445
dynamic_accel,40.81,2.566862945928021
dynamic_accel,40.86,1.9999726982624217
dynamic_accel,40.91,-0.13280846485783826
dynamic_accel,40.96,0.005017384085929777
dynamic_accel,41.01,-2.562907389607627
dynamic_accel,41.06,-3.422660129462785
dynamic_accel,41.11,-2.0632639166320796
dynamic_accel,41.16,-0.06911351814407674
dynamic_accel,41.21,0.31901230124025304
dynamic_accel,41.26,0.374362141544216
dynamic_accel,41.31,0.9079940304828718
dynamic_accel,41.36,2.2649886849832956
dynamic_accel,41.41,3.7078635449898414
dynamic_accel,41.46,2.4540137695949955
dynamic_accel,41.51,1.3380697455365915
dynamic_accel,41.56,-1.8684121427789364
dynamic_accel,41.61,-4.848765000090831
dynamic_accel,41.66,-4.697024934173737
dynamic_accel,41.71,-2.287102611820167
dynamic_accel,41.76,0.025190205926396203
dynamic_accel,41.81,1.6736716899865574
dynamic_accel,41.86,0.7715965447027617
dynamic_accel,41.91,1.8430638609249481
dynamic_accel,41.96,3.1898438410971313
dynamic_accel,42.01,3.6129569990814314
dynamic_accel,42.06,2.4879691376435513
dynamic_accel,42.11,-0.6090067378397013
dynamic_accel,42.16,-1.0839234251124985
dynamic_accel,42.21,-3.2013367802937465
dynamic_accel,42.26,-3.2636236199366238
dynamic_accel,42.31,-2.442346555516253
dynamic_accel,42.36,-1.381305104932613
dynamic_accel,42.41,-0.17349320619863384
dynamic_accel,42.46,0.8434955212456305
dynamic_accel,42.51,1.0045115002600333
dynamic_accel,42.56,2.9100625579486543
dynamic_accel,42.61,3.7830942274922297
dynamic_accel,42.66,1.0096953829627164
dynamic_accel,42.71,-0.23754153685249157
dynamic_accel,42.76,-1.571523667478374
dynamic_accel,42.81,-2.9200735049970685
dynamic_accel,42.86,-2.396259665751683
dynamic_accel,42.91,-1.1666794625880659
dynamic_accel,42.96,-0.4659915265382004
dynamic_accel,43.01,0.291968695209583
dynamic_accel,43.06,1.4841643444621901
dynamic_accel,43.11,2.0605439436178266
dynamic_accel,43.16,2.213040755109448
dynamic_accel,43.21,2.039447383178418
dynamic_accel,43.26,0.7610468095657197
dynamic_accel,43.31,-0.6872482855685149
dynamic_accel,43.36,-1.4534250004769618
dynamic_accel,43.41,-2.5328795822701284
dynamic_accel,43.46,-1.7942943092781167
dynamic_accel,43.51,-0.8621824658696706
dynamic_accel,43.56,-0.724710013945236
dynamic_accel,43.61,-0.10955565663539524
dynamic_accel,43.66,0.44578243641057647
dynamic_accel,43.71,0.609268358601291
dynamic_accel,43.76,1.2582093073212643
dynamic_accel,43.81,2.8779888181359343
dynamic_accel,43.86,1.3395365161214965
dynamic_accel,43.91,0.7311795465707789
dynamic_accel,43.96,-0.13978001760661485
dynamic_accel,44.01,-2.201149743642521
dynamic_accel,44.06,-2.0180446962728036
dynamic_accel,44.11,-0.7888893776157513
dynamic_accel,44.16,0.012556941396494992
dynamic_accel,44.21,0.17226846366255089
dynamic_accel,44.26,-0.11275175446914609
dynamic_accel,44.31,0.1292105629492184
dynamic_accel,44.36,0.4526020342297361
dynamic_accel,44.41,0.1348160540884784
dynamic_accel,44.46,0.09155366496601935
dynamic_accel,44.51,0.1330943980744923
dynamic_accel,44.56,0.1836948927675479
dynamic_accel,44.61,0.6553459107591202
magnetic_norm,0.083,52.3228232524299
magnetic_norm,0.172,52.191557579376855
magnetic_norm,0.272,52.23637615911945
magnetic_norm,0.371,51.80918904994837
magnetic_norm,0.471,51.93699251806553
magnetic_norm,0.57,51.89682016194227
magnetic_norm,0.676,52.18372479783273
magnetic_norm,0.769,51.910397871677986
magnetic_norm,0.869,52.204630425090286
magnetic_norm,0.972,52.63872657168043
magnetic_norm,1.068,52.89630390944667
magnetic_norm,1.167,53.526087816902944
magnetic_norm,1.267,53.62685356456558
magnetic_norm,1.366,53.64538017311884
magnetic_norm,1.466,54.09072255526373
magnetic_norm,1.566,54.4217340726734
magnetic_norm,1.667,54.677203229643276
magnetic_norm,1.766,54.773532231736176
magnetic_norm,1.866,54.57919022847964
magnetic_norm,1.964,53.81809133170222
magnetic_norm,2.065,52.71306901300764
magnetic_norm,2.177,51.90131811429093
magnetic_norm,2.267,51.073822051419846
magnetic_norm,2.363,50.56557057919697
magnetic_norm,2.481,49.60253712289892
magnetic_norm,2.561,48.5412346236531
magnetic_norm,2.66,47.78775890659055
magnetic_norm,2.764,47.64470364101306
magnetic_norm,2.859,47.508244678556025
magnetic_norm,2.959,47.73834507208767
magnetic_norm,3.058,47.88529605000296
magnetic_norm,3.179,47.78493785260172
magnetic_norm,3.257,47.05507837882605
magnetic_norm,3.369,46.62215130456601
magnetic_norm,3.459,46.08574312599505
magnetic_norm,3.559,45.86505695798607
magnetic_norm,3.67,45.145102671873296
magnetic_norm,3.755,44.371127335925905
magnetic_norm,3.855,43.121756992094745
magnetic_norm,3.954,41.33451407144147
magnetic_norm,4.054,40.653814914713706
magnetic_norm,4.153,39.53327737914798
magnetic_norm,4.253,38.786728762152485
magnetic_norm,4.352,38.34802603168814
magnetic_norm,4.458,37.35539405032791
magnetic_norm,4.551,36.96001197522451
magnetic_norm,4.651,36.39524841794248
magnetic_norm,4.768,36.23398621026923
magnetic_norm,4.85,36.12843331668922
magnetic_norm,4.949,35.491551782635945
magnetic_norm,5.051,35.58165094562514
magnetic_norm,5.151,35.277014547986525
magnetic_norm,5.258,35.335015845756836
magnetic_norm,5.356,35.38877917671518
magnetic_norm,5.447,36.03078576492438
magnetic_norm,5.558,36.6320306382231
magnetic_norm,5.667,36.97067166063844
magnetic_norm,5.746,37.50423463884586
magnetic_norm,5.852,38.31454548040366
magnetic_norm,5.948,39.06174707763525
magnetic_norm,6.044,39.42236998242054
magnetic_norm,6.144,40.1523254671655
magnetic_norm,6.264,41.301353222418925
magnetic_norm,6.343,41.66151751654965
magnetic_norm,6.442,42.989763709722865
magnetic_norm,6.542,44.256450774290506
magnetic_norm,6.641,45.07567588583797
magnetic_norm,6.741,46.77303822915279
magnetic_norm,6.852,48.09553786376728
magnetic_norm,6.942,49.27669708635849
magnetic_norm,7.041,50.78503822511547
magnetic_norm,7.139,51.9576402503837
magnetic_norm,7.239,53.483634672273425
magnetic_norm,7.338,54.65177539052674
magnetic_norm,7.442,55.920498524979635
magnetic_norm,7.537,56.92393210091721
magnetic_norm,7.637,58.284428930914345
magnetic_norm,7.741,59.85103816001348
magnetic_norm,7.836,61.85162374174644
magnetic_norm,7.935,62.842147974713335
magnetic_norm,8.035,63.66186554067293
magnetic_norm,8.136,63.651860901037104
magnetic_norm,8.234,63.95258689582592
magnetic_norm,8.335,64.38956898513663
magnetic_norm,8.437,64.06868160946381
magnetic_norm,8.535,63.25799700006597
magnetic_norm,8.632,61.74957178034718
magnetic_norm,8.736,60.281255024121805
magnetic_norm,8.836,58.819355679822465
magnetic_norm,8.931,57.690428690948714
magnetic_norm,9.03,55.857844550756475
magnetic_norm,9.137,54.210500504057116
magnetic_norm,9.229,52.89727555775111
magnetic_norm,9.329,52.165725981257054
magnetic_norm,9.428,50.92109175716375
magnetic_norm,9.528,49.940018384349
magnetic_norm,9.643,48.673420016123515
magnetic_norm,9.727,46.99940700986873
magnetic_norm,9.826,46.33257547579487
magnetic_norm,9.926,45.17439179297964
magnetic_norm,10.025,44.37394389537583
magnetic_norm,10.125,43.27872381392166
magnetic_norm,10.229,42.68815091485643
magnetic_norm,10.334,42.3865578008544
magnetic_norm,10.423,42.6202155396933
magnetic_norm,10.523,42.457498847660176
magnetic_norm,10.622,42.45387062156013
magnetic_norm,10.722,41.91412092159969
magnetic_norm,10.822,42.01305164715872
magnetic_norm,10.925,42.14015080844962
magnetic_norm,11.022,42.17362020881525
magnetic_norm,11.12,42.0174162455993
magnetic_norm,11.22,42.090955792056725
magnetic_norm,11.319,41.7978335395326
magnetic_norm,11.419,41.44663775250503
magnetic_norm,11.518,41.807876350368495
magnetic_norm,11.618,41.84874580434093
magnetic_norm,11.717,41.813856041233734
magnetic_norm,11.84,41.9608062681115
magnetic_norm,11.917,42.292127800314425
magnetic_norm,12.016,42.64547652826931
magnetic_norm,12.116,42.34319041223732
magnetic_norm,12.222,43.47313373155985
magnetic_norm,12.315,44.12647645829846
magnetic_norm,12.414,45.102367428617825
magnetic_norm,12.514,45.89283165077644
magnetic_norm,12.613,47.52936975628077
magnetic_norm,12.713,49.27874728510901
magnetic_norm,12.812,50.21706193332625
magnetic_norm,12.913,51.38028498254443
magnetic_norm,13.011,53.015922130877684
magnetic_norm,13.125,54.65062837078387
magnetic_norm,13.21,55.79062872358802
magnetic_norm,13.31,57.84489498854407
magnetic_norm,13.41,59.32811094147117
magnetic_norm,13.509,60.95620093464374
magnetic_norm,13.608,62.5471617098651
magnetic_norm,13.722,62.85541221004612
magnetic_norm,13.807,62.93230543366714
magnetic_norm,13.907,62.432615252392324
magnetic_norm,14.006,61.44713609439955
magnetic_norm,14.106,61.07303200159078
magnetic_norm,14.206,59.92433363351222
magnetic_norm,14.31,58.42656904040477
magnetic_norm,14.405,57.14182640580381
magnetic_norm,14.504,55.52518845764291
magnetic_norm,14.604,54.43120030396336
magnetic_norm,14.703,53.05846030540376
magnetic_norm,14.804,51.66282415334542
magnetic_norm,14.907,53.11249368948303
magnetic_norm,15.002,51.63744152686593
magnetic_norm,15.101,50.705514481383595
magnetic_norm,15.203,49.985127177740864
magnetic_norm,15.3,49.35473807869316
magnetic_norm,15.4,48.03553263667584
magnetic_norm,15.499,47.537950190121265
magnetic_norm,15.599,46.216715526252756
magnetic_norm,15.701,45.58054844763917
magnetic_norm,15.801,44.825586772492535
magnetic_norm,15.901,44.14266267378937
magnetic_norm,15.997,43.31513449084562
magnetic_norm,16.097,42.62590320475571
magnetic_norm,16.196,42.376514665234644
magnetic_norm,16.296,42.28392786647685
magnetic_norm,16.395,41.78513032389198
magnetic_norm,16.495,42.510552493696956
magnetic_norm,16.594,42.14261596274729
magnetic_norm,16.694,42.23082357136884
magnetic_norm,16.793,41.85589700906702
magnetic_norm,16.895,41.4909713264029
magnetic_norm,17.008,41.113379812043746
magnetic_norm,17.092,40.783387083051146
magnetic_norm,17.191,40.48702642488088
magnetic_norm,17.293,41.25113187496013
magnetic_norm,17.393,40.82152677370656
magnetic_norm,17.49,40.79228676524985
magnetic_norm,17.591,40.60520651037089
magnetic_norm,17.689,40.82821773466445
magnetic_norm,17.789,41.21422100945628
magnetic_norm,17.888,40.95122368112294
magnetic_norm,17.988,40.861058313972315
magnetic_norm,18.091,40.82607643368566
magnetic_norm,18.187,40.40753133053394
magnetic_norm,18.291,40.10771876581818
magnetic_norm,18.386,40.11668045360626
magnetic_norm,18.485,40.43851482470007
magnetic_norm,18.587,40.496184257817816
magnetic_norm,18.684,39.94333987482396
magnetic_norm,18.784,39.81957931839025
magnetic_norm,18.894,38.674045163253744
magnetic_norm,18.983,38.55349664773316
magnetic_norm,19.083,37.36618666581444
magnetic_norm,19.187,37.9236392620152
magnetic_norm,19.284,37.88701138394859
magnetic_norm,19.381,38.296951216016076
magnetic_norm,19.481,39.725531696830274
magnetic_norm,19.596,41.82271609467843
magnetic_norm,19.68,42.90567648344826
magnetic_norm,19.781,43.87675777416919
magnetic_norm,19.879,44.3774199305234
magnetic_norm,19.978,45.06442482037089
magnetic_norm,20.078,45.15258020978171
magnetic_norm,20.177,45.37255937592425
magnetic_norm,20.277,45.71639391766335
magnetic_norm,20.376,45.65359702362399
magnetic_norm,20.476,45.50503922122396
magnetic_norm,20.576,44.87553416955697
magnetic_norm,20.675,44.333850816380334
magnetic_norm,20.779,44.48307866673869
magnetic_norm,20.874,44.19232904121539
magnetic_norm,20.976,44.088460853301044
magnetic_norm,21.076,43.70486877733552
magnetic_norm,21.173,43.33450490081385
magnetic_norm,21.272,43.599052004930506
magnetic_norm,21.374,43.6696990188802
magnetic_norm,21.471,43.55785140299337
magnetic_norm,21.578,43.96029222989865
magnetic_norm,21.67,44.075818388864654
magnetic_norm,21.77,45.090056996120154
magnetic_norm,21.869,45.451401354585215
magnetic_norm,21.969,45.80688095412474
magnetic_norm,22.068,46.264617122127014
magnetic_norm,22.168,46.88748611649645
magnetic_norm,22.268,46.24529600061048
magnetic_norm,22.367,46.583190834747874
magnetic_norm,22.469,46.928845279722374
magnetic_norm,22.571,47.35792062575797
magnetic_norm,22.677,47.282085757649824
magnetic_norm,22.768,47.295337079548915
magnetic_norm,22.865,47.13789931713304
magnetic_norm,22.964,47.47568124823831
magnetic_norm,23.068,47.756806054366415
magnetic_norm,23.163,47.74109393572214
magnetic_norm,23.267,48.13436880742242
magnetic_norm,23.364,48.46638618347265
magnetic_norm,23.462,48.75882745191151
magnetic_norm,23.562,48.481775734443644
magnetic_norm,23.661,48.46252215146365
magnetic_norm,23.77,47.86820831233857
magnetic_norm,23.86,47.31316235192117
magnetic_norm,23.96,47.58498886606788
magnetic_norm,24.059,47.4202746530726
magnetic_norm,24.159,47.08566545159978
magnetic_norm,24.258,46.940805691219104
magnetic_norm,24.358,47.029978771855575
magnetic_norm,24.457,47.06337710502048
magnetic_norm,24.558,47.30998514917744
magnetic_norm,24.664,47.2357407548447
magnetic_norm,24.756,47.189825492200676
magnetic_norm,24.855,47.04896540857847
magnetic_norm,24.959,46.908991029769666
magnetic_norm,25.054,47.015394561428025
magnetic_norm,25.154,47.01963723556052
magnetic_norm,25.253,47.029309707977305
magnetic_norm,25.353,47.166635639950535
magnetic_norm,25.452,47.79455854825759
magnetic_norm,25.552,47.8392210335752
magnetic_norm,25.651,48.25432112328834
magnetic_norm,25.751,47.73231843418619
magnetic_norm,25.85,47.77609423249545
magnetic_norm,25.95,48.03615285237562
magnetic_norm,26.055,47.72843565207338
magnetic_norm,26.149,47.495975650283796
magnetic_norm,26.249,46.984088641600806
magnetic_norm,26.351,46.35992966585492
magnetic_norm,26.448,45.98023326265018
magnetic_norm,26.547,45.299403753781846
magnetic_norm,26.647,45.177837773256044
magnetic_norm,26.746,44.984387500256
magnetic_norm,26.859,45.036976596581574
magnetic_norm,26.945,45.224201966368916
magnetic_norm,27.045,45.67709350367415
magnetic_norm,27.145,46.328786661186406
magnetic_norm,27.244,47.00090144237033
magnetic_norm,27.343,47.46631995619231
magnetic_norm,27.443,48.046186333972194
magnetic_norm,27.543,48.13833871936177
magnetic_norm,27.642,48.45447258975487
magnetic_norm,27.742,48.65093300341403
magnetic_norm,27.847,49.19246693113708
magnetic_norm,27.941,49.25978520231034
magnetic_norm,28.04,49.00056302393256
magnetic_norm,28.14,49.161310495308555
magnetic_norm,28.239,49.56897634116529
magnetic_norm,28.339,49.598109452778026
magnetic_norm,28.438,49.495668499459846
magnetic_norm,28.539,49.21787585418828
magnetic_norm,28.638,49.010432320661664
magnetic_norm,28.752,48.93859122629163
magnetic_norm,28.837,48.852869912594066
magnetic_norm,28.936,48.66558535686189
magnetic_norm,29.036,48.67623238007147
magnetic_norm,29.135,48.41263761563889
magnetic_norm,29.235,48.07722684059912
magnetic_norm,29.334,47.693526592508846
magnetic_norm,29.434,47.36622857046698
magnetic_norm,29.533,47.040678626521746
magnetic_norm,29.633,46.26862714424093
magnetic_norm,29.749,45.34954016369417
magnetic_norm,29.832,44.83873040012368
magnetic_norm,29.931,44.116362638372664
magnetic_norm,30.031,43.40724907010326
magnetic_norm,30.13,42.97847915708414
magnetic_norm,30.23,42.363926635861255
magnetic_norm,30.335,41.8786584692325
magnetic_norm,30.434,41.556947014394915
magnetic_norm,30.528,41.395363270862276
magnetic_norm,30.628,41.10886920888115
magnetic_norm,30.727,41.113723233511315
magnetic_norm,30.827,40.65949011026433
magnetic_norm,30.928,40.52748365673838
magnetic_norm,31.026,40.134847984508504
magnetic_norm,31.126,39.52939271559897
magnetic_norm,31.235,39.87238161674093
magnetic_norm,31.325,39.9208713985908
magnetic_norm,31.424,39.79180634862891
magnetic_norm,31.524,39.53781854060699
magnetic_norm,31.623,39.91402386900941
magnetic_norm,31.723,40.089988942905954
magnetic_norm,31.827,40.01399677287658
magnetic_norm,31.922,39.924541355370465
magnetic_norm,32.022,40.10906123856379
magnetic_norm,32.121,39.67576109780357
magnetic_norm,32.22,39.03911447084346
magnetic_norm,32.344,38.90834135452433
magnetic_norm,32.419,38.595962348559155
magnetic_norm,32.533,38.94054020419618
magnetic_norm,32.619,38.356801032633825
magnetic_norm,32.718,37.766735411015986
magnetic_norm,32.818,37.25537307528534
magnetic_norm,32.919,36.664312638053275
magnetic_norm,33.021,36.92783113454306
magnetic_norm,33.116,36.26231303800936
magnetic_norm,33.216,35.99744939249812
magnetic_norm,33.315,35.988057692396346
magnetic_norm,33.428,35.33736578862254
magnetic_norm,33.514,34.71974150091666
magnetic_norm,33.614,34.81310970149485
magnetic_norm,33.722,34.36298332787378
magnetic_norm,33.813,34.08828191127228
magnetic_norm,33.912,34.20240338275262
magnetic_norm,34.014,34.851466950979166
magnetic_norm,34.114,34.75194779338429
magnetic_norm,34.211,35.01515598283793
magnetic_norm,34.312,35.35458438645387
magnetic_norm,34.41,35.644274830475695
magnetic_norm,34.51,35.738485429271016
magnetic_norm,34.609,36.21361073471328
magnetic_norm,34.709,36.109299977045936
magnetic_norm,34.808,36.53376856136799
magnetic_norm,34.908,36.66346837499338
magnetic_norm,35.007,36.790451818087334
magnetic_norm,35.112,36.86313846468456
magnetic_norm,35.206,36.44629930385232
magnetic_norm,35.31,36.54379142291668
magnetic_norm,35.405,36.72860187744178
magnetic_norm,35.506,36.92419236721367
magnetic_norm,35.616,36.682823102620524
magnetic_norm,35.704,36.59358779935189
magnetic_norm,35.803,36.10232388138675
magnetic_norm,35.903,35.84560301341747
magnetic_norm,36.003,35.53978153828704
magnetic_norm,36.103,35.85303937181533
magnetic_norm,36.224,35.06425741705572
magnetic_norm,36.313,35.344791236927485
magnetic_norm,36.401,34.8983052407476
magnetic_norm,36.5,34.705505403613586
magnetic_norm,36.6,34.33651998111868
magnetic_norm,36.704,33.60614390051172
magnetic_norm,36.799,32.849659050820506
magnetic_norm,36.898,32.822579229588015
magnetic_norm,37.0,32.761426132004644
magnetic_norm,37.099,32.73156021984122
magnetic_norm,37.199,32.984261555200824
magnetic_norm,37.296,32.76368867195262
magnetic_norm,37.41,32.62582216958162
magnetic_norm,37.496,32.39032792693953
magnetic_norm,37.595,32.06658687837159
magnetic_norm,37.695,32.521575359728104
magnetic_norm,37.794,32.672812638952436
magnetic_norm,37.894,33.03112038667392
magnetic_norm,38.0,33.34382827264487
magnetic_norm,38.093,34.37262853995627
magnetic_norm,38.192,35.80505560559227
magnetic_norm,38.292,37.200344987422405
magnetic_norm,38.392,38.83140809366977
magnetic_norm,38.491,40.368696551972924
magnetic_norm,38.592,41.46800170185707
magnetic_norm,38.695,43.206052552632556
magnetic_norm,38.791,44.6623206654124
magnetic_norm,38.889,46.49962814497684
magnetic_norm,38.993,47.79190040238818
magnetic_norm,39.088,48.86781948095051
magnetic_norm,39.188,49.78205796170448
magnetic_norm,39.287,50.23297769617031
magnetic_norm,39.386,51.19150465488295
magnetic_norm,39.486,51.930084298749904
magnetic_norm,39.586,52.42216190556934
magnetic_norm,39.686,52.354327743479416
magnetic_norm,39.785,52.57437613503344
magnetic_norm,39.887,52.662992676471895
magnetic_norm,39.984,52.615870428826575
magnetic_norm,40.083,53.06439623276801
magnetic_norm,40.183,53.05532889510984
magnetic_norm,40.289,52.961648975096324
magnetic_norm,40.384,52.80376696717365
magnetic_norm,40.486,52.94200159491978
magnetic_norm,40.582,52.99843146735052
magnetic_norm,40.682,52.7307591279637
magnetic_norm,40.78,52.69839214964045
magnetic_norm,40.88,52.760624365485754
magnetic_norm,40.979,52.761562676073844
magnetic_norm,41.08,52.28783216900776
magnetic_norm,41.181,51.93553193950535
magnetic_norm,41.278,51.433521521650704
magnetic_norm,41.377,51.06567937677856
magnetic_norm,41.482,50.51545761330259
magnetic_norm,41.594,50.20052777376685
magnetic_norm,41.676,49.694408523031534
magnetic_norm,41.775,49.35013322469098
magnetic_norm,41.88,48.763430476212044
magnetic_norm,41.974,48.27133687743199
magnetic_norm,42.074,47.60166866175528
magnetic_norm,42.173,47.66162726837929
magnetic_norm,42.273,47.7507653473205
magnetic_norm,42.373,47.66695775846649
magnetic_norm,42.497,47.266611100033735
magnetic_norm,42.572,47.462616492985404
magnetic_norm,42.684,47.27921006749863
magnetic_norm,42.771,47.08715009552511
magnetic_norm,42.87,47.20149395007378
magnetic_norm,42.97,47.14493811708262
magnetic_norm,43.069,47.619810055811804
magnetic_norm,43.174,47.794463818668056
magnetic_norm,43.268,47.97063088381277
magnetic_norm,43.37,48.39798335028182
magnetic_norm,43.467,48.95805829468522
magnetic_norm,43.567,49.57774950712871
magnetic_norm,43.667,50.047793228808274
magnetic_norm,43.766,50.49290674657524
magnetic_norm,43.87,51.24587577103765
magnetic_norm,43.968,51.45108640808281
magnetic_norm,44.064,51.72517162911702
magnetic_norm,44.164,52.68103366079446
magnetic_norm,44.264,52.70530153851347
magnetic_norm,44.363,53.403821900918814
magnetic_norm,44.463,53.67313403753749
magnetic_norm,44.562,54.50391435428741
magnetic_norm,44.662,55.45413260145592
pressure,1.097,1004.910888671875
pressure,2.103,1004.9156951904297
pressure,3.099,1004.9205017089844
pressure,4.114,1004.9282073974609
pressure,5.126,1004.9323272705078
pressure,6.638,1004.9323272705078
pressure,7.713,1004.9318695068359
pressure,8.811,1004.9312591552734
pressure,9.873,1004.9299621582031
pressure,10.949,1004.9285125732422
pressure,12.037,1004.9282836914062
pressure,13.108,1004.9278259277344
pressure,14.183,1004.9278259277344
pressure,15.27,1004.9278259277344
pressure,16.343,1004.9265289306641
pressure,17.418,1004.9265289306641
pressure,18.492,1004.9280548095703
pressure,19.596,1004.9280548095703
pressure,20.652,1004.9272155761719
pressure,21.727,1004.9266815185547
pressure,22.812,1004.9248504638672
pressure,23.887,1004.9240112304688
pressure,24.979,1004.9230194091797
pressure,26.051,1004.9223327636719
pressure,27.122,1004.9214935302734
pressure,28.196,1004.9205017089844
pressure,29.284,1004.91943359375
pressure,30.356,1004.9185180664062
pressure,31.457,1004.9171447753906
pressure,32.516,1004.9168395996094
pressure,33.591,1004.9163055419922
pressure,34.666,1004.9146270751953
pressure,35.74,1004.9140930175781
pressure,36.834,1004.9138641357422
pressure,37.9,1004.9132537841797
pressure,38.975,1004.9130249023438
pressure,40.061,1004.9131011962891
pressure,41.135,1004.9128723144531
pressure,42.21,1004.9131011962891
pressure,43.302,1004.9127197265625
pressure,44.37,1004.9101257324219
device_yaw,0.06,283.99637513104216
device_yaw,0.11,284.18113620652605
device_yaw,0.16,284.3455449335719
device_yaw,0.21,284.5009692758052
device_yaw,0.26,284.65309195271686
device_yaw,0.31,284.80281341848547
device_yaw,0.36,285.2196372599272
device_yaw,0.41,285.5777487870032
device_yaw,0.46,285.89368423400254
device_yaw,0.51,286.2514925467069
device_yaw,0.56,286.64910539823046
device_yaw,0.61,287.0807162798826
device_yaw,0.66,287.5642667802483
device_yaw,0.71,288.0966967153762
device_yaw,0.76,288.64944251220345
device_yaw,0.81,289.2197883488691
device_yaw,0.86,289.8376405217207
device_yaw,0.91,290.54304679391527
device_yaw,0.96,291.3280714251921
device_yaw,1.01,292.12653494544287
device_yaw,1.06,292.94699563059993
device_yaw,1.11,293.8275007693143
device_yaw,1.16,294.7528374629938
device_yaw,1.21,295.6792221516997
device_yaw,1.26,296.6560039959182
device_yaw,1.31,297.72147043555924
device_yaw,1.36,298.9085746490414
device_yaw,1.41,300.17702557677575
device_yaw,1.46,301.43610185130075
device_yaw,1.51,302.68901387072924
device_yaw,1.56,303.97812435560536
device_yaw,1.61,305.29209717508365
device_yaw,1.66,306.5360617479112
device_yaw,1.71,307.7759344603042
device_yaw,1.76,309.17277973390185
device_yaw,1.81,310.7034265801722
device_yaw,1.86,312.2929282996698
device_yaw,1.91,313.8776828393658
device_yaw,1.96,315.54398838135796
device_yaw,2.01,317.2860619371941
device_yaw,2.06,319.15518987956426
device_yaw,2.11,321.23674429240606
device_yaw,2.16,323.49718078288794
device_yaw,2.21,325.9885606655232
device_yaw,2.26,328.53342911132535
device_yaw,2.31,330.87484700046144
device_yaw,2.36,332.98969634492846
device_yaw,2.41,334.9394495566598
device_yaw,2.46,336.7547555102655
device_yaw,2.51,338.25594859917607
device_yaw,2.56,339.4453435728509
device_yaw,2.61,340.44319661290007
device_yaw,2.66,341.17413152938445
device_yaw,2.71,341.705919956564
device_yaw,2.76,342.0603431650652
device_yaw,2.81,342.3195129184616
device_yaw,2.86,342.7213561616188
device_yaw,2.91,343.2497883106759
device_yaw,2.96,343.9504351230225
device_yaw,3.01,344.7306581222754
device_yaw,3.06,345.70602518585883
device_yaw,3.11,346.93465611270807
device_yaw,3.16,348.2965403202745
device_yaw,3.21,349.74060047936274
device_yaw,3.26,351.2808888662462
device_yaw,3.31,352.9830612546262
device_yaw,3.36,354.9503656908919
device_yaw,3.41,356.94403459747303
device_yaw,3.46,358.93757167571397
device_yaw,3.51,360.83733257892953
device_yaw,3.56,362.8160364512367
device_yaw,3.61,364.8681779509228
device_yaw,3.66,366.8594859167615
device_yaw,3.71,368.631981207484
device_yaw,3.76,370.23674115228573
device_yaw,3.81,371.57805142439753
device_yaw,3.86,372.57060699293106
device_yaw,3.91,373.16074104523454
device_yaw,3.96,373.47944789981307
device_yaw,4.01,373.66991800034606
device_yaw,4.06,373.7865918230114
device_yaw,4.11,373.7493887000755
device_yaw,4.16,373.54608961787477
device_yaw,4.21,373.3049117643314
device_yaw,4.26,373.1179417077108
device_yaw,4.31,372.9851794480133
device_yaw,4.36,372.93318011712984
device_yaw,4.41,373.07336210566285
device_yaw,4.46,373.3476382546993
device_yaw,4.51,373.79960253613626
device_yaw,4.56,374.40528415388525
device_yaw,4.61,375.03742361606857
device_yaw,4.66,375.69424980983473
device_yaw,4.71,376.36611922557404
device_yaw,4.76,377.0551078809527
device_yaw,4.81,377.7105103523934
device_yaw,4.86,378.298523024178
device_yaw,4.91,378.76838170640076
device_yaw,4.96,378.8738270467444
device_yaw,5.01,378.7198460851371
device_yaw,5.06,378.50762110331834
device_yaw,5.11,378.1862413443634
device_yaw,5.16,377.86014740090485
device_yaw,5.21,377.5311103857944
device_yaw,5.26,377.30660187341306
device_yaw,5.31,377.11462738235144
device_yaw,5.36,377.0221459532802
device_yaw,5.41,377.1445195888466
device_yaw,5.46,377.56533899884295
device_yaw,5.51,378.37251811744534
device_yaw,5.56,379.5933438712689
device_yaw,5.61,381.00628573044827
device_yaw,5.66,382.5575766844957
device_yaw,5.71,384.0409075046615
device_yaw,5.76,385.4562781909455
device_yaw,5.81,386.7117693442415
device_yaw,5.86,387.8793754459588
device_yaw,5.91,388.9428428790041
device_yaw,5.96,389.6782927927803
device_yaw,6.01,390.04697314873414
device_yaw,6.06,389.9589893566294
device_yaw,6.11,389.5328727664828
device_yaw,6.16,388.71237146064254
device_yaw,6.21,387.54513751670345
device_yaw,6.26,386.34769694611555
device_yaw,6.31,385.19613431388456
device_yaw,6.36,384.09044962001013
device_yaw,6.41,383.0306428644927
device_yaw,6.46,382.0588818607755
device_yaw,6.51,381.3441432345844
device_yaw,6.56,380.8732184642741
device_yaw,6.61,380.7697511688875
device_yaw,6.66,380.84188804351993
device_yaw,6.71,381.15538245376285
device_yaw,6.76,381.7174242999515
device_yaw,6.81,382.42423543285736
device_yaw,6.86,383.14848796303136
device_yaw,6.91,383.85936683983397
device_yaw,6.96,384.5568720632655
device_yaw,7.01,385.19883581988216
device_yaw,7.06,385.75860194762595
device_yaw,7.11,386.25530448680934
device_yaw,7.16,386.72797743557476
device_yaw,7.21,387.2397703937744
device_yaw,7.26,387.68095378731016
device_yaw,7.31,387.9560876305572
device_yaw,7.36,388.06641821222223
device_yaw,7.41,388.0400099183032
device_yaw,7.46,387.93301096452944
device_yaw,7.51,387.7841596856706
device_yaw,7.56,387.65666073319267
device_yaw,7.61,387.5505141070957
device_yaw,7.66,387.46752462574824
device_yaw,7.71,387.4085416154414
device_yaw,7.76,387.3145090158889
device_yaw,7.81,387.26449845782355
device_yaw,7.86,387.32714695127856
device_yaw,7.91,387.6847966951207
device_yaw,7.96,388.2015545793778
device_yaw,8.01,388.87584435871054
device_yaw,8.06,389.70851768519645
device_yaw,8.11,390.4862289434137
device_yaw,8.16,391.1953251816309
device_yaw,8.21,391.8340015814793
device_yaw,8.26,392.401408816668
device_yaw,8.31,392.75112486498523
device_yaw,8.36,392.8765384671342
device_yaw,8.41,392.7343353297896
device_yaw,8.46,392.1263219136954
device_yaw,8.51,391.1077816419329
device_yaw,8.56,389.8450661418816
device_yaw,8.61,388.3884123084923
device_yaw,8.66,386.95892218083884
device_yaw,8.71,385.5902633728654
device_yaw,8.76,384.2824358845721
device_yaw,8.81,383.03279917880405
device_yaw,8.86,381.9716526245011
device_yaw,8.91,381.0950812363613
device_yaw,8.96,380.4463993077106
device_yaw,9.01,380.05017026912134
device_yaw,9.06,380.0101827459308
device_yaw,9.11,380.13632819100826
device_yaw,9.16,380.45505561548083
device_yaw,9.21,380.7926512334934
device_yaw,9.26,381.1291003828332
device_yaw,9.31,381.46440306350013
device_yaw,9.36,381.8079516917966
device_yaw,9.41,382.1803686821614
device_yaw,9.46,382.5816540345943
device_yaw,9.51,382.9924629329928
device_yaw,9.56,383.4028298660315
device_yaw,9.61,383.81275483371024
device_yaw,9.66,384.2222378360291
device_yaw,9.71,384.515002980063
device_yaw,9.76,384.7938029765492
device_yaw,9.81,385.05863782548766
device_yaw,9.86,385.3414289810526
device_yaw,9.91,385.6557432933629
device_yaw,9.96,385.95970748747624
device_yaw,10.01,386.2533215633925
device_yaw,10.06,386.55593033721453
device_yaw,10.11,386.8730218759194
device_yaw,10.16,387.2039856189142
device_yaw,10.21,387.5488215661988
device_yaw,10.26,387.8841789096521
device_yaw,10.31,388.1885030571623
device_yaw,10.36,388.46179400872916
device_yaw,10.41,388.67213031017855
device_yaw,10.46,388.79919323224425
device_yaw,10.51,388.8762627491355
device_yaw,10.56,388.90333886085233
device_yaw,10.61,388.8804215673947
device_yaw,10.66,388.7190433532831
device_yaw,10.71,388.4291304707198
device_yaw,10.76,387.98389102093387
device_yaw,10.81,387.4387310357573
device_yaw,10.86,386.93671397534234
device_yaw,10.91,386.4803196125063
device_yaw,10.96,386.069547947249
device_yaw,11.01,385.70439897957056
device_yaw,11.06,385.42386178994724
device_yaw,11.11,385.268232073301
device_yaw,11.16,385.2114698358324
device_yaw,11.21,385.290624495589
device_yaw,11.26,385.4963803609616
device_yaw,11.31,385.85552933072086
device_yaw,11.36,386.3667814189785
device_yaw,11.41,386.90707098403965
device_yaw,11.46,387.4057904475504
device_yaw,11.51,387.8629398095107
device_yaw,11.56,388.2785190699207
device_yaw,11.61,388.6135391483042
device_yaw,11.66,388.8277043497391
device_yaw,11.71,388.94705466802475
device_yaw,11.76,389.02748564494175
device_yaw,11.81,389.0497555383042
device_yaw,11.86,388.97965680644904
device_yaw,11.91,388.74028838506786
device_yaw,11.96,388.32335468742514
device_yaw,12.01,387.8310517062097
device_yaw,12.06,387.2989896124205
device_yaw,12.11,386.7622866686216
device_yaw,12.16,386.2508584318123
device_yaw,12.21,385.7647049019927
device_yaw,12.26,385.30382607916255
device_yaw,12.31,384.86822196332196
device_yaw,12.36,384.4771342966567
device_yaw,12.41,384.1647706208299
device_yaw,12.46,383.9772667623275
device_yaw,12.51,383.98600671638013
device_yaw,12.56,384.1528966077856
device_yaw,12.61,384.43962475296144
device_yaw,12.66,384.8116433688723
device_yaw,12.71,385.19056263482395
device_yaw,12.76,385.5412804977959
device_yaw,12.81,385.86379695778834
device_yaw,12.86,386.15811201480125
device_yaw,12.91,386.42422566883454
device_yaw,12.96,386.66213791988827
device_yaw,13.01,386.87149379194966
device_yaw,13.06,386.97336782555976
device_yaw,13.11,386.971785708768
device_yaw,13.16,386.86944895415803
device_yaw,13.21,386.6986788414244
device_yaw,13.26,386.5298774737439
device_yaw,13.31,386.39814690413715
device_yaw,13.36,386.3034871326039
device_yaw,13.41,386.24589815914436
device_yaw,13.46,386.2253556583946
device_yaw,13.51,386.2418542906408
device_yaw,13.56,386.29574903189535
device_yaw,13.61,386.40443370677735
device_yaw,13.66,386.5679083152867
device_yaw,13.71,386.8742094611293
device_yaw,13.76,387.2780708455806
device_yaw,13.81,387.7103191630464
device_yaw,13.86,388.14966486201496
device_yaw,13.91,388.596107942486
device_yaw,13.96,389.0496484044598
device_yaw,14.01,389.52438075606534
device_yaw,14.06,390.0564908069845
device_yaw,14.11,390.3354825237026
device_yaw,14.16,390.6498014311897
device_yaw,14.21,391.0126952259841
device_yaw,14.26,391.30663848253687
device_yaw,14.31,391.5198425874798
device_yaw,14.86,396.17500327377724
device_yaw,14.91,396.50300203377094
device_yaw,14.96,396.8250782840272
device_yaw,15.01,397.12232290414926
device_yaw,15.06,397.40218538317737
device_yaw,15.11,397.6043113309766
device_yaw,15.16,398.0310620563536
device_yaw,15.21,398.31376287761344
device_yaw,15.26,398.4749976273015
device_yaw,15.31,398.50749337641867
device_yaw,15.36,398.3988296571006
device_yaw,15.41,398.1493095186889
device_yaw,15.46,397.7182775956446
device_yaw,15.51,397.04161402486267
device_yaw,15.56,396.100963084461
device_yaw,15.61,394.92430641608973
device_yaw,15.66,393.72839264553664
device_yaw,15.71,392.5288975278243
device_yaw,15.76,391.4189260406241
device_yaw,15.81,390.4238953806655
device_yaw,15.86,389.5510784769476
device_yaw,15.91,388.81177921835365
device_yaw,15.96,388.20291895850846
device_yaw,16.01,387.8257989856382
device_yaw,16.06,387.66861519477465
device_yaw,16.11,387.76680963623477
device_yaw,16.16,388.09240066836844
device_yaw,16.21,388.4995727334552
device_yaw,16.26,389.03759196513334
device_yaw,16.31,389.5363220243907
device_yaw,16.36,389.98328628720935
device_yaw,16.41,390.37848475358936
device_yaw,16.46,390.71156187021296
device_yaw,16.51,390.9808318493308
device_yaw,16.56,391.10994926536245
device_yaw,16.61,391.11567974205866
device_yaw,16.66,390.90530161030017
device_yaw,16.71,390.50972006163005
device_yaw,16.76,389.98548861597993
device_yaw,16.81,389.40530591579244
device_yaw,16.86,388.8606672038635
device_yaw,16.91,388.3640491042106
device_yaw,16.96,388.00032134768804
device_yaw,17.01,387.740219881698
device_yaw,17.06,387.569967339327
device_yaw,17.11,387.4855980264523
device_yaw,17.16,387.5560673476342
device_yaw,17.21,387.87787500979505
device_yaw,17.26,388.4486861821543
device_yaw,17.31,389.20941590952674
device_yaw,17.36,390.02405369751153
device_yaw,17.41,390.87386711188117
device_yaw,17.46,391.74816269748044
device_yaw,17.51,392.5786047248592
device_yaw,17.56,393.34743475547384
device_yaw,17.61,394.0015088856941
device_yaw,17.66,394.54479280964273
device_yaw,17.71,394.9674269170591
device_yaw,17.76,395.1754908553894
device_yaw,17.81,394.9895548317268
device_yaw,17.86,394.4645886894301
device_yaw,17.91,393.72437243473195
device_yaw,17.96,392.9043067441771
device_yaw,18.01,392.098504035138
device_yaw,18.06,391.33545485051235
device_yaw,18.11,390.66468013942534
device_yaw,18.16,390.09328359467713
device_yaw,18.21,389.61840078187123
device_yaw,18.26,389.25136623075923
device_yaw,18.31,389.08232225609214
device_yaw,18.36,389.30540814256443
device_yaw,18.41,389.78102158921615
device_yaw,18.46,390.35923673663746
device_yaw,18.51,390.9233853425107
device_yaw,18.56,391.390048444619
device_yaw,18.61,391.71324133146504
device_yaw,18.66,391.888898956483
device_yaw,18.71,391.97683889741654
device_yaw,18.76,391.9755369380253
device_yaw,18.81,391.8601753287523
device_yaw,18.86,391.6255072428512
device_yaw,18.91,391.19602232061555
device_yaw,18.96,390.65607419212176
device_yaw,19.01,390.0349758146415
device_yaw,19.06,389.38362075574156
device_yaw,19.11,388.7241445258569
device_yaw,19.16,388.12088795172787
device_yaw,19.21,387.57541762193637
device_yaw,19.26,387.08773353648246
device_yaw,19.31,386.6916264680396
device_yaw,19.36,386.46866888287735
device_yaw,19.41,386.4123780858095
device_yaw,19.46,386.5299885027998
device_yaw,19.51,386.8509451991677
device_yaw,19.56,387.3858015126759
device_yaw,19.61,387.986034390977
device_yaw,19.66,388.6080774611239
device_yaw,19.71,389.1885500635713
device_yaw,19.76,389.72745219831927
device_yaw,19.81,390.22478386536784
device_yaw,19.86,390.6511429426804
device_yaw,19.91,390.9571404019935
device_yaw,19.96,391.11964733512855
device_yaw,20.01,391.1440519563403
device_yaw,20.06,390.99140440038224
device_yaw,20.11,390.67325899215393
device_yaw,20.16,390.30819062024386
device_yaw,20.21,389.9176301471647
device_yaw,20.26,389.54354429162197
device_yaw,20.31,389.2056820977128
device_yaw,20.36,388.90404356543695
device_yaw,20.41,388.6386286947946
device_yaw,20.46,388.4094374857856
device_yaw,20.51,388.3173841149012
device_yaw,20.56,388.34808432535704
device_yaw,20.61,388.48046065179545
device_yaw,20.66,388.70000733343784
device_yaw,20.71,388.9884375756736
device_yaw,20.76,389.3652478459513
device_yaw,20.81,389.78796436243925
device_yaw,20.86,390.2246685660193
device_yaw,20.91,390.6753604566915
device_yaw,20.96,391.14650656183153
device_yaw,21.01,391.65065955222724
device_yaw,21.06,392.12907953096567
device_yaw,21.11,392.61212641951846
device_yaw,21.16,393.03763222517676
device_yaw,21.21,393.40559694794064
device_yaw,21.26,393.71336197861257
device_yaw,21.31,393.9414308497439
device_yaw,21.36,394.0160624968778
device_yaw,21.41,393.9524212100985
device_yaw,21.46,393.7925394400898
device_yaw,21.51,393.54154832462694
device_yaw,21.56,393.4930907108257
device_yaw,21.61,393.35618256206067
device_yaw,21.66,393.10264920581466
device_yaw,21.71,392.8235007952405
device_yaw,21.76,392.50592980317396
device_yaw,22.31,394.7227140300136
device_yaw,22.36,395.382709655818
device_yaw,22.41,396.08245238309064
device_yaw,22.46,396.7717126973908
device_yaw,22.51,397.45647139536436
device_yaw,22.56,398.04492592990374
device_yaw,22.61,399.2146873303309
device_yaw,22.66,400.30448055230295
device_yaw,22.71,401.29603527666137
device_yaw,22.76,402.19423398579835
device_yaw,22.81,403.111841040213
device_yaw,22.86,404.0884448002425
device_yaw,22.91,405.0022418315529
device_yaw,22.96,405.8103479245261
device_yaw,23.01,406.44634854042636
device_yaw,23.06,406.90766543129524
device_yaw,23.11,407.20548484689505
device_yaw,23.16,407.5350228439424
device_yaw,23.21,407.90817389048027
device_yaw,23.26,408.34362929343297
device_yaw,23.31,408.7918006729572
device_yaw,23.91,405.1114781474999
device_yaw,23.96,404.8525371749975
device_yaw,24.01,404.6273169626733
device_yaw,24.06,404.4245772571346
device_yaw,24.11,404.2404383707345
device_yaw,24.16,404.13232475764363
device_yaw,24.21,403.79841741224175
device_yaw,24.26,403.61746091827985
device_yaw,24.31,403.6897761977574
device_yaw,24.36,403.9919442118944
device_yaw,24.41,404.4679275947949
device_yaw,24.46,405.08201098405533
device_yaw,24.51,405.74672516086974
device_yaw,24.56,406.46207012523814
device_yaw,24.61,407.2280458771605
device_yaw,24.66,408.0105231895936
device_yaw,24.71,408.72927175040655
device_yaw,24.76,409.3842915595995
device_yaw,24.81,409.9436296023968
device_yaw,24.86,410.31831063567694
device_yaw,24.91,410.4880686781973
device_yaw,24.96,410.4976383387768
device_yaw,25.01,410.36871698200196
device_yaw,25.06,410.18877382667847
device_yaw,25.11,409.9578088728063
device_yaw,25.16,409.6931341417048
device_yaw,25.21,409.4598804903246
device_yaw,25.26,409.2757808259519
device_yaw,25.31,409.1408351485867
device_yaw,25.36,409.05504345822885
device_yaw,25.41,409.1477421361493
device_yaw,25.46,409.42224136736843
device_yaw,25.51,409.81012831501135
device_yaw,25.56,410.32734069569364
device_yaw,25.61,410.9778075339534
device_yaw,25.66,411.73545162038425
device_yaw,25.71,412.4643345048125
device_yaw,25.76,413.1284295512674
device_yaw,25.81,413.7280215294688
device_yaw,25.86,414.26567336689385
device_yaw,25.91,414.7413850635427
device_yaw,25.96,415.02208858583003
device_yaw,26.01,415.1325319087889
device_yaw,26.06,415.133465326714
device_yaw,26.11,414.9571051355966
device_yaw,26.16,414.59297867872897
device_yaw,26.21,414.0803774852142
device_yaw,26.26,413.5421078343985
device_yaw,26.31,412.9887481647574
device_yaw,26.36,412.4433245815775
device_yaw,26.41,411.9032741573819
device_yaw,26.46,411.3671390136779
device_yaw,26.51,410.8158107064007
device_yaw,26.56,410.267396320123
device_yaw,26.61,409.8713401768777
device_yaw,26.66,409.5854496305374
device_yaw,26.71,409.4162683132716
device_yaw,26.76,409.2504524032047
device_yaw,26.81,409.1212008467174
device_yaw,26.86,409.0310087263487
device_yaw,26.91,408.9599844254248
device_yaw,26.96,408.91771185366815
device_yaw,29.86,400.9268320700382
device_yaw,29.91,400.95084749492725
device_yaw,29.96,400.9906573652202
device_yaw,30.01,401.0409968657824
device_yaw,30.06,401.17446580136937
device_yaw,30.11,401.3224703385693
device_yaw,30.16,401.45023942527456
device_yaw,30.21,401.64042090876205
device_yaw,30.26,401.90120579769973
device_yaw,30.31,402.1816382851075
device_yaw,30.36,402.32518539179387
device_yaw,30.41,402.4812555874095
device_yaw,30.46,402.65454503030304
device_yaw,30.51,402.852433397879
device_yaw,30.56,403.0872201524788
device_yaw,33.71,399.50820118359553
device_yaw,33.76,399.239077130146
device_yaw,33.81,398.96728088685745
device_yaw,33.86,398.6836348624483
device_yaw,33.91,398.37558467728985
device_yaw,33.96,398.051567762519
device_yaw,34.01,397.4690187660212
device_yaw,34.06,396.80697968489017
device_yaw,34.11,396.08816031798636
device_yaw,34.16,395.34352877785545
device_yaw,34.21,394.9677042110514
device_yaw,34.26,394.58183632754816
device_yaw,34.31,394.2015242673106
device_yaw,34.36,393.79249813637813
device_yaw,34.41,393.3555033812454
device_yaw,36.21,374.2190372398904
device_yaw,36.26,373.87304003343615
device_yaw,36.31,373.64619083133016
device_yaw,36.36,373.498773632123
device_yaw,36.41,373.40695883494504
device_yaw,36.46,373.40402019441024
device_yaw,36.51,373.1272044813611
device_yaw,36.56,373.130096471557
device_yaw,36.61,373.2376718018332
device_yaw,36.66,373.3222038188908
device_yaw,36.71,373.6222566853208
device_yaw,36.76,374.2563523828814
device_yaw,36.81,375.0978807876747
device_yaw,36.86,376.096497300279
device_yaw,36.91,377.17272039851395
device_yaw,36.96,378.2817853532769
device_yaw,37.01,379.3596369989291
device_yaw,37.06,380.4005935238023
device_yaw,37.11,381.44081658741527
device_yaw,37.16,382.42149870791036
device_yaw,37.21,383.3314185023095
device_yaw,37.26,384.1307910673277
device_yaw,37.31,384.72980533847743
device_yaw,37.36,385.07976998243305
device_yaw,37.41,385.2053020770858
device_yaw,37.46,385.1828820499504
device_yaw,37.51,385.1331723622853
device_yaw,37.56,385.0841455784219
device_yaw,37.61,385.0243937742901
device_yaw,37.66,384.90587808380695
device_yaw,37.71,384.7874223371452
device_yaw,37.76,384.669052224514
device_yaw,37.81,384.5508105629288
device_yaw,38.61,386.6309918877824
device_yaw,38.66,386.30076682900943
device_yaw,38.71,386.10240962978526
device_yaw,38.76,385.9919643369269
device_yaw,38.81,385.954082913025
device_yaw,38.86,385.98281679210936
device_yaw,38.91,385.74639427406123
device_yaw,38.96,385.7253913178576
device_yaw,39.01,385.85970351629203
device_yaw,39.06,386.1611850370224
device_yaw,39.11,386.62553248032873
device_yaw,39.16,387.10921784453456
device_yaw,39.21,387.6066012544157
device_yaw,39.26,388.052824144894
device_yaw,39.31,388.44788651596974
device_yaw,39.36,388.78176515446063
device_yaw,39.41,389.0406184802578
device_yaw,39.46,389.21949003364375
device_yaw,39.51,389.2930019255076
device_yaw,39.56,389.28278211052225
device_yaw,39.61,389.18671369811636
device_yaw,39.66,388.9925057515727
device_yaw,39.71,388.83080406950717
device_yaw,39.76,388.70160865191974
device_yaw,39.81,388.6049194988105
device_yaw,39.86,388.54073661017935
device_yaw,39.91,388.50905998602644
device_yaw,39.96,388.5313839419612
device_yaw,40.01,388.62601845054013
device_yaw,40.06,388.84849769914666
device_yaw,40.11,389.25008776792833
device_yaw,40.16,389.85273836819744
device_yaw,40.21,390.6853354321433
device_yaw,40.26,391.74356485510793
device_yaw,40.31,392.99751814505817
device_yaw,40.36,394.47688559739345
device_yaw,40.41,396.0703313271393
device_yaw,40.46,397.7756904942293
device_yaw,40.51,399.6085890760277
device_yaw,40.56,401.4633530492178
device_yaw,40.61,403.25106661264095
device_yaw,40.66,404.92771500979774
device_yaw,40.71,406.405186333303
device_yaw,40.76,407.58148096089985
device_yaw,40.81,408.3898163726653
device_yaw,40.86,408.9380523699519
device_yaw,40.91,409.1978624419735
device_yaw,40.96,409.34740791974224
device_yaw,41.01,409.38885364332475
device_yaw,41.06,409.28507931974696
device_yaw,41.11,409.1234489997694
device_yaw,41.16,408.9498964911207
device_yaw,41.21,408.7633481415243
device_yaw,41.26,408.62996614705276
device_yaw,41.31,408.575480250623
device_yaw,41.36,408.6657221937996
device_yaw,41.41,408.868796579347
device_yaw,41.46,409.2134154988966
device_yaw,41.51,409.56660680600174
device_yaw,41.56,409.8689416487825
device_yaw,41.61,410.1204200272386
device_yaw,41.66,410.34428940075554
device_yaw,41.71,410.6145057721407
device_yaw,41.76,410.7701620795856
device_yaw,41.81,410.93644125919565
device_yaw,41.86,411.11732688803295
device_yaw,41.91,411.3190788729092
device_yaw,41.96,411.46769455302234
device_yaw,42.51,416.408538785007
device_yaw,42.56,416.85555427962237
device_yaw,42.61,417.4116229638578
device_yaw,42.66,417.9970223837536
device_yaw,42.71,418.4437921615794
device_yaw,42.76,418.78974038153626
device_yaw,42.81,419.5573708939799
device_yaw,42.86,420.1866419476186
device_yaw,42.91,420.68496775274343
device_yaw,42.96,421.0126589234069
device_yaw,43.01,421.1132474741118
device_yaw,43.06,421.0604152729827
device_yaw,43.11,420.81095466149804
device_yaw,43.16,420.2588782228822
device_yaw,43.21,419.48665393532883
device_yaw,43.26,418.699786879208
device_yaw,43.31,417.9547447976256
device_yaw,43.36,417.2515276905817
device_yaw,43.41,416.5901355580765
device_yaw,43.46,415.9705684001097
device_yaw,43.51,415.44228144770744
device_yaw,43.56,415.0951938026526
device_yaw,43.61,414.8872384024913
device_yaw,43.66,414.81996204410206
device_yaw,43.71,414.93533532407037
device_yaw,43.76,415.2177311204128
device_yaw,43.81,415.6652917432373
device_yaw,43.86,416.2144002988421
device_yaw,43.91,416.82936086630366
device_yaw,43.96,417.4587185206728
device_yaw,44.01,418.0979989206493
device_yaw,44.06,418.7472020662333
device_yaw,44.11,419.4197001243169
device_yaw,44.16,420.1050484948994
device_yaw,44.21,420.7287405177031
device_yaw,44.26,421.2829373995113
device_yaw,44.31,421.73628396745676
device_yaw,44.36,422.0366774246272
device_yaw,44.41,422.25253560565784
device_yaw,44.46,422.40123967326605
device_yaw,44.51,422.5348670323341
device_yaw,44.56,422.65408228764164
gyro_norm,0.06,0.41455110707899434
gyro_norm,0.106,0.439610883834506
gyro_norm,0.147,0.4297046514327059
gyro_norm,0.197,0.31040977088761773
gyro_norm,0.246,0.12042420799035722
gyro_norm,0.296,0.312646273352058
gyro_norm,0.346,0.19881415126974006
gyro_norm,0.402,0.158491822241405
gyro_norm,0.452,0.23041011852604806
gyro_norm,0.495,0.18117201460422963
gyro_norm,0.545,0.23133514366086097
gyro_norm,0.595,0.3718589547424821
gyro_norm,0.671,0.2431061805704136
gyro_norm,0.698,0.3898423837327966
gyro_norm,0.744,0.38521216103716327
gyro_norm,0.794,0.28587621242661965
gyro_norm,0.844,0.32041299837218085
gyro_norm,0.893,0.5083282404545438
gyro_norm,0.943,0.8856381437189979
gyro_norm,1.011,0.41255938868963377
gyro_norm,1.043,0.2985627515971096
gyro_norm,1.101,0.43932355037413434
gyro_norm,1.145,0.6010077423584101
gyro_norm,1.192,0.6070967499572382
gyro_norm,1.242,0.4518225450260396
gyro_norm,1.305,0.6075792990168494
gyro_norm,1.348,0.5421236567557219
gyro_norm,1.395,0.6565231383857906
gyro_norm,1.441,0.8444285173219472
gyro_norm,1.49,0.6154235685219143
gyro_norm,1.544,1.1187937832676689
gyro_norm,1.604,1.0781887876988134
gyro_norm,1.64,0.9929019613062842
gyro_norm,1.69,0.5460394619110772
gyro_norm,1.739,0.8161578486244006
gyro_norm,1.789,0.554522386810791
gyro_norm,1.839,0.7470028071676539
gyro_norm,1.889,0.3793327928559691
gyro_norm,1.943,0.7116049599675012
gyro_norm,2.001,1.232144593152138
gyro_norm,2.044,1.220721985366262
gyro_norm,2.101,0.9519974179797548
gyro_norm,2.155,0.985448597161393
gyro_norm,2.2,0.9009435481693456
gyro_norm,2.242,0.9830298753774906
gyro_norm,2.3,1.2632576509182698
gyro_norm,2.342,1.4082744255684725
gyro_norm,2.416,1.43184108416873
gyro_norm,2.442,1.5273155571900707
gyro_norm,2.502,1.0448338544243505
gyro_norm,2.544,0.7871045307042716
gyro_norm,2.585,1.0853343070854076
gyro_norm,2.635,1.297427906780907
gyro_norm,2.685,1.136396480299827
gyro_norm,2.76,1.1076857604167667
gyro_norm,2.785,1.7149846044329304
gyro_norm,2.844,1.0352104055567815
gyro_norm,2.884,1.2101773258447224
gyro_norm,2.934,1.1319329580939212
gyro_norm,2.994,1.0235492230304168
gyro_norm,3.033,0.5709847416052313
gyro_norm,3.097,0.6676263910868402
gyro_norm,3.133,0.6884690229650094
gyro_norm,3.185,0.7409478671563025
gyro_norm,3.236,0.597025074014706
gyro_norm,3.295,0.21054865281653673
gyro_norm,3.347,0.7799177017685963
gyro_norm,3.391,0.5568651902843298
gyro_norm,3.431,0.35583310490567044
gyro_norm,3.493,0.6427146769546721
gyro_norm,3.533,0.9629493254524846
gyro_norm,3.581,1.1287782454696198
gyro_norm,3.641,0.8159393223398875
gyro_norm,3.691,0.4708284026440254
gyro_norm,3.733,1.071306027263173
gyro_norm,3.792,0.5435405424798486
gyro_norm,3.829,1.1340375446913848
gyro_norm,3.885,1.240549442015828
gyro_norm,3.929,0.7974498547356876
gyro_norm,3.979,0.8175544076424255
gyro_norm,4.028,0.8489864135276747
gyro_norm,4.09,0.5196545851814771
gyro_norm,4.135,0.7507920486133774
gyro_norm,4.178,0.7560215522498938
gyro_norm,4.231,0.8516098900681363
gyro_norm,4.277,0.6118349868664686
gyro_norm,4.327,0.2812405703078134
gyro_norm,4.398,0.19111334600105262
gyro_norm,4.435,0.3129352362893986
gyro_norm,4.476,0.27406459817439693
gyro_norm,4.526,0.6018145000588943
gyro_norm,4.576,0.41148824337489326
gyro_norm,4.629,0.5632907542598447
gyro_norm,4.675,0.8688503327860646
gyro_norm,4.725,1.3056014639217097
gyro_norm,4.791,0.7507316001405001
gyro_norm,4.829,0.5794885757347518
gyro_norm,4.874,0.7448379622233177
gyro_norm,4.928,0.6592064239434688
gyro_norm,4.981,0.2984722242995206
gyro_norm,5.025,0.5037490278976883
gyro_norm,5.074,0.4051546303182103
gyro_norm,5.123,0.5488789168928329
gyro_norm,5.194,1.2662229281848345
gyro_norm,5.237,1.1305271392375664
gyro_norm,5.286,0.64596637220847
gyro_norm,5.335,0.6647556027227273
gyro_norm,5.372,0.4291530134604699
gyro_norm,5.422,0.264360086700831
gyro_norm,5.485,0.7145866299220814
gyro_norm,5.536,0.2672762823077217
gyro_norm,5.571,0.550150306376838
gyro_norm,5.621,0.6545550501040975
gyro_norm,5.688,1.1222928248099937
gyro_norm,5.724,0.6204524125987586
gyro_norm,5.785,0.9777205327302609
gyro_norm,5.829,0.6735088367246143
gyro_norm,5.889,0.8190457647526284
gyro_norm,5.926,0.7668393491469998
gyro_norm,5.969,0.1392417556900716
gyro_norm,6.019,0.3331854354748073
gyro_norm,6.069,0.48664883536068965
gyro_norm,6.118,0.2301685278703047
gyro_norm,6.19,0.7689063766976156
gyro_norm,6.234,0.7880101694477929
gyro_norm,6.286,1.0466316108679246
gyro_norm,6.328,0.8119187834916652
gyro_norm,6.382,0.4078006505857306
gyro_norm,6.42,0.5731573677536912
gyro_norm,6.467,0.6112882546937898
gyro_norm,6.517,0.1841173582512533
gyro_norm,6.566,0.23216020027014178
gyro_norm,6.616,0.285023677773628
gyro_norm,6.666,0.48425815304885295
gyro_norm,6.716,0.5507132465327821
gyro_norm,6.765,0.5340357607291677
gyro_norm,6.83,0.6315209523698365
gyro_norm,6.875,0.43676938532757276
gyro_norm,6.915,0.3456387286368237
gyro_norm,6.964,0.4934597385523586
gyro_norm,7.014,0.524343170921241
gyro_norm,7.064,0.6605561886413843
gyro_norm,7.114,0.7349769528111937
gyro_norm,7.176,0.24358001158477177
gyro_norm,7.213,0.4986833323576463
gyro_norm,7.272,0.38090185099371093
gyro_norm,7.313,0.5126255068037641
gyro_norm,7.363,0.49020239888438455
gyro_norm,7.412,0.6490942572260936
gyro_norm,7.462,0.6468785316322871
gyro_norm,7.512,0.22727406816665927
gyro_norm,7.562,0.6230840911438226
gyro_norm,7.615,0.5307102479375695
gyro_norm,7.675,0.19974424420009898
gyro_norm,7.711,0.33591072488569795
gyro_norm,7.763,0.36417654320929205
gyro_norm,7.811,0.4613686573569755
gyro_norm,7.86,0.7616943924964651
gyro_norm,7.91,0.4997361271839736
gyro_norm,7.966,0.2062927637801648
gyro_norm,8.012,0.7219860120145867
gyro_norm,8.059,0.38346701791600274
gyro_norm,8.109,0.8048341887678124
gyro_norm,8.176,1.2131931951788453
gyro_norm,8.209,0.6652336529466444
gyro_norm,8.258,0.47376122199330406
gyro_norm,8.308,0.6533419505456278
gyro_norm,8.358,0.28433789919425834
gyro_norm,8.414,0.48842537616696985
gyro_norm,8.47,0.31998394542577285
gyro_norm,8.507,0.7493457991040939
gyro_norm,8.571,0.8680258667341382
gyro_norm,8.611,0.9257067105446601
gyro_norm,8.657,0.9611437382387805
gyro_norm,8.711,1.3833441856573216
gyro_norm,8.775,0.935289926428423
gyro_norm,8.811,0.4542454798600823
gyro_norm,8.856,0.411364191356428
gyro_norm,8.905,0.4910591021601474
gyro_norm,8.955,0.2348313698905376
gyro_norm,9.005,0.2806876942274679
gyro_norm,9.072,0.6275569298108127
gyro_norm,9.118,0.32523349855842093
gyro_norm,9.154,0.46398114029798937
gyro_norm,9.204,0.1090350697925714
gyro_norm,9.254,0.22042538466383416
gyro_norm,9.304,0.29161308746622167
gyro_norm,9.362,0.7403192688834084
gyro_norm,9.407,0.4777308841787109
gyro_norm,9.453,0.11314501254274899
gyro_norm,9.503,0.34921352227079266
gyro_norm,9.552,0.42597585657414355
gyro_norm,9.64,0.5262180703816444
gyro_norm,9.663,0.45820352982492807
gyro_norm,9.702,0.9657796307036406
gyro_norm,9.751,0.40298416127964937
gyro_norm,9.801,0.22368762388990426
gyro_norm,9.851,0.2590520046751889
gyro_norm,9.901,0.15805577010866287
gyro_norm,9.95,0.11224061399526751
gyro_norm,10.0,0.1992884234865118
gyro_norm,10.05,0.2536229026045148
gyro_norm,10.107,0.3774385540132236
gyro_norm,10.164,0.4736216332076963
gyro_norm,10.229,0.48316394916244704
gyro_norm,10.252,0.243264613036376
gyro_norm,10.316,0.7059513777093891
gyro_norm,10.348,0.3051683333999981
gyro_norm,10.398,0.30022973228268107
gyro_norm,10.448,0.2780488766667491
gyro_norm,10.505,0.341134534016175
gyro_norm,10.547,0.3181812979498869
gyro_norm,10.597,0.19303345957469342
gyro_norm,10.647,0.2880886763242079
gyro_norm,10.697,0.0878466823773291
gyro_norm,10.747,0.23487146584656657
gyro_norm,10.797,0.6601891756373417
gyro_norm,10.865,0.575453268998002
gyro_norm,10.903,0.5778977457406056
gyro_norm,10.947,0.4533732176678784
gyro_norm,10.995,0.49391963450110166
gyro_norm,11.045,0.426095361417701
gyro_norm,11.095,0.27511026829972285
gyro_norm,11.145,0.34774329605066384
gyro_norm,11.194,0.5191102532623273
gyro_norm,11.259,0.5690107800724843
gyro_norm,11.306,0.6389099478418128
gyro_norm,11.351,0.7640017743509218
gyro_norm,11.398,0.4526226329677485
gyro_norm,11.444,0.267655186169365
gyro_norm,11.493,0.079406392026566
gyro_norm,11.543,0.17587014578159785
gyro_norm,11.593,0.27531908157428764
gyro_norm,11.642,0.46312715513552993
gyro_norm,11.692,0.41653206093763817
gyro_norm,11.742,0.3157272326711493
gyro_norm,11.792,0.2149574662289217
gyro_norm,11.851,0.19128297849622758
gyro_norm,11.891,0.19701556168051396
gyro_norm,11.941,0.14973540909702163
gyro_norm,11.991,0.3792875791167339
gyro_norm,12.061,0.5015191659896638
gyro_norm,12.09,0.3440883936099714
gyro_norm,12.15,0.46372140077441326
gyro_norm,12.19,0.5252495456891757
gyro_norm,12.254,0.3945707228573553
gyro_norm,12.289,0.2482168350626293
gyro_norm,12.354,0.14614535252194674
gyro_norm,12.389,0.2310013280467762
gyro_norm,12.439,0.28656777078960527
gyro_norm,12.488,0.3520614017769662
gyro_norm,12.538,0.43222471712805377
gyro_norm,12.588,0.5339913729242297
gyro_norm,12.657,0.27862753794807477
gyro_norm,12.688,0.7951297320971336
gyro_norm,12.737,0.4376151115081958
gyro_norm,12.791,0.37979679591949733
gyro_norm,12.837,0.3832601380269985
gyro_norm,12.887,0.3883259689909512
gyro_norm,12.952,0.31110984448877604
gyro_norm,12.986,0.10839826029614417
gyro_norm,13.036,0.46307707600682685
gyro_norm,13.1,0.09202202818386651
gyro_norm,13.135,0.21297890835274916
gyro_norm,13.185,0.19753700777707955
gyro_norm,13.259,0.3211848547745756
gyro_norm,13.285,0.4836438309833383
gyro_norm,13.334,0.3703607401492787
gyro_norm,13.384,0.3983787855309832
gyro_norm,13.448,0.4092257311329416
gyro_norm,13.484,0.32160099268575804
gyro_norm,13.533,0.32700205563273554
gyro_norm,13.583,0.5417781472170035
gyro_norm,13.633,0.4532755196053418
gyro_norm,13.7,0.2132503540336929
gyro_norm,13.733,0.5691371079886172
gyro_norm,13.782,0.29584044049555774
gyro_norm,13.844,0.8298097626620957
gyro_norm,13.882,0.3697569533549355
gyro_norm,13.947,0.4695811795985714
gyro_norm,13.986,0.5240856063272883
gyro_norm,14.046,0.21390663520256348
gyro_norm,14.081,0.14468716537115522
gyro_norm,14.131,0.28431167381682326
gyro_norm,14.18,0.2881480674380441
gyro_norm,14.23,0.4672420635801358
gyro_norm,14.287,0.36451511856889385
gyro_norm,14.342,0.41062624570297707
gyro_norm,14.379,0.28633669158982744
gyro_norm,14.429,0.6562861403604795
gyro_norm,14.479,0.30829692739755715
gyro_norm,14.529,0.24971989174197873
gyro_norm,14.579,0.19378759497015183
gyro_norm,14.662,0.2324314869580227
gyro_norm,14.678,0.12999726150107468
gyro_norm,14.73,0.25209286265467795
gyro_norm,14.778,0.3795009804027982
gyro_norm,14.828,0.9358487701603094
gyro_norm,14.882,0.6006379620458855
gyro_norm,14.941,0.4187772688943777
gyro_norm,14.977,0.11412284151204212
gyro_norm,15.042,0.49433619198433515
gyro_norm,15.076,0.1412747354167948
gyro_norm,15.139,0.3383487083120763
gyro_norm,15.176,0.2646290855920498
gyro_norm,15.225,0.43436790242683504
gyro_norm,15.276,0.5006457126651195
gyro_norm,15.339,0.1740975505561187
gyro_norm,15.375,0.3343973394942335
gyro_norm,15.424,0.46059353125043684
gyro_norm,15.474,0.6679756513745269
gyro_norm,15.524,0.8593217730133199
gyro_norm,15.578,0.6600363039736988
gyro_norm,15.65,0.5646464875039351
gyro_norm,15.677,0.7105767591945427
gyro_norm,15.737,0.913158405014837
gyro_norm,15.776,1.0245549317673954
gyro_norm,15.823,0.9286100876649841
gyro_norm,15.875,0.3521272020205539
gyro_norm,15.923,0.1748249059348284
gyro_norm,15.984,0.4450882814098843
gyro_norm,16.028,0.33429097883946945
gyro_norm,16.071,0.7666020032735281
gyro_norm,16.135,0.6332569702520328
gyro_norm,16.171,0.7184779495425582
gyro_norm,16.236,0.5725146690324434
gyro_norm,16.274,0.23634676223010903
gyro_norm,16.32,0.3606175578222702
gyro_norm,16.37,0.240359238817331
gyro_norm,16.42,0.4412651093984594
gyro_norm,16.472,0.45647329973662054
gyro_norm,16.534,0.30968514139503667
gyro_norm,16.569,0.09006584803043448
gyro_norm,16.619,0.15154095135062087
gyro_norm,16.669,0.149281609966561
gyro_norm,16.734,0.41882611412275467
gyro_norm,16.768,0.49100491212257846
gyro_norm,16.818,0.5651555702721317
gyro_norm,16.868,0.8782500371309989
gyro_norm,16.932,0.7513659250057918
gyro_norm,16.97,0.8656559288282023
gyro_norm,17.03,0.34990651572199427
gyro_norm,17.067,0.35060587715750313
gyro_norm,17.116,0.3987998366812438
gyro_norm,17.181,0.7949786027421586
gyro_norm,17.23,0.8390028965824933
gyro_norm,17.266,0.542212619364578
gyro_norm,17.322,0.6000355450935111
gyro_norm,17.365,0.7376191891595902
gyro_norm,17.415,0.3340890112532785
gyro_norm,17.468,0.6303492992274762
gyro_norm,17.528,0.8220991369011199
gyro_norm,17.564,0.4619019034396877
gyro_norm,17.614,0.6934606803945165
gyro_norm,17.664,0.2666653194158545
gyro_norm,17.718,0.31154492450534566
gyro_norm,17.776,0.4312935178184994
gyro_norm,17.822,0.30101324523892037
gyro_norm,17.863,0.5639454946097942
gyro_norm,17.913,0.4606838101092231
gyro_norm,17.966,0.7133551269763225
gyro_norm,18.026,1.0934247255706178
gyro_norm,18.07,1.0167876354369727
gyro_norm,18.116,0.7647407140647282
gyro_norm,18.162,0.45497786125481116
gyro_norm,18.211,0.6197420492158987
gyro_norm,18.268,0.6277313818102009
gyro_norm,18.339,0.5653188479470886
gyro_norm,18.364,0.3747744981928749
gyro_norm,18.41,0.34566921741257894
gyro_norm,18.463,0.44357127962675935
gyro_norm,18.513,0.11529690588590509
gyro_norm,18.56,0.4613539561974813
gyro_norm,18.61,0.5650148633864048
gyro_norm,18.659,0.40567016746279916
gyro_norm,18.722,0.9645640901251772
gyro_norm,18.759,0.33448704281333075
gyro_norm,18.809,0.4304967904091973
gyro_norm,18.874,0.1092764541432424
gyro_norm,18.915,0.24314870190945329
gyro_norm,18.958,0.30107744112191515
gyro_norm,19.022,0.5811792443595433
gyro_norm,19.057,0.4541759542058426
gyro_norm,19.122,0.5191868942404705
gyro_norm,19.157,0.43173610999374107
gyro_norm,19.209,0.431818957229395
gyro_norm,19.256,0.4104990220263841
gyro_norm,19.306,0.22989778763331487
gyro_norm,19.371,0.17791391538330018
gyro_norm,19.406,0.5906618230735601
gyro_norm,19.455,0.6308863293579086
gyro_norm,19.505,0.18999209788319643
gyro_norm,19.571,0.3481624079380438
gyro_norm,19.617,0.635646450550707
gyro_norm,19.66,0.3132884493276184
gyro_norm,19.717,0.6267285964475229
gyro_norm,19.754,0.49864262777665486
gyro_norm,19.804,0.434099472209823
gyro_norm,19.854,0.36299290225250547
gyro_norm,19.903,0.12142494046829568
gyro_norm,19.966,0.26061187067467473
gyro_norm,20.003,0.055660888724335215
gyro_norm,20.053,0.4115233243684582
gyro_norm,20.115,0.08467381650387264
gyro_norm,20.152,0.5437133751544503
gyro_norm,20.202,0.2943288787786174
gyro_norm,20.252,0.5372945306462209
gyro_norm,20.301,0.3630889565639213
gyro_norm,20.355,0.2703397344709043
gyro_norm,20.401,0.17684472143160473
gyro_norm,20.451,0.12202621212597471
gyro_norm,20.501,0.28678882603337447
gyro_norm,20.55,0.16963994412097813
gyro_norm,20.6,0.15534085731266298
gyro_norm,20.65,0.18734576811399797
gyro_norm,20.7,0.37437714819350837
gyro_norm,20.756,0.8221248924726536
gyro_norm,20.801,0.4081617828859777
gyro_norm,20.849,0.29202258881394455
gyro_norm,20.911,0.11204743608078203
gyro_norm,20.948,0.5091767945316428
gyro_norm,20.999,0.4054795615875523
gyro_norm,21.058,0.46735321751220227
gyro_norm,21.098,0.3037496012469252
gyro_norm,21.147,0.33368598640325065
gyro_norm,21.211,0.23231065463028952
gyro_norm,21.247,0.3583795764563336
gyro_norm,21.311,0.37934203375733505
gyro_norm,21.346,0.21289209395231162
gyro_norm,21.396,0.2529186581886736
gyro_norm,21.446,0.27056156254768515
gyro_norm,21.496,0.3813273798043351
gyro_norm,21.558,1.0617030073732372
gyro_norm,21.6,0.9739170716013449
gyro_norm,21.645,0.5609182331907279
gyro_norm,21.695,0.29688923621616276
gyro_norm,21.749,0.4693868533785579
gyro_norm,21.815,1.2375561583984958
gyro_norm,21.857,0.7559226747664993
gyro_norm,21.902,0.18995612948642213
gyro_norm,21.944,0.2837813128013295
gyro_norm,21.994,0.8066720238191128
gyro_norm,22.043,0.7967568703919666
gyro_norm,22.113,0.579633423784539
gyro_norm,22.143,0.6722535421398266
gyro_norm,22.192,0.37722767894606235
gyro_norm,22.242,0.595295841057257
gyro_norm,22.292,0.47910432062680824
gyro_norm,22.342,0.4530111670286054
gyro_norm,22.392,0.9732163820738972
gyro_norm,22.441,1.0379682802302812
gyro_norm,22.507,0.49862102491765903
gyro_norm,22.548,0.3859435782455455
gyro_norm,22.593,0.45933490377205477
gyro_norm,22.64,0.5950662733419405
gyro_norm,22.69,0.5155477949996035
gyro_norm,22.74,0.605617848917596
gyro_norm,22.79,0.520613266510632
gyro_norm,22.839,0.5952688231286283
gyro_norm,22.889,0.24361049347031158
gyro_norm,22.939,0.5157903658470744
gyro_norm,23.008,0.38022914957283854
gyro_norm,23.039,0.571803679796767
gyro_norm,23.09,0.47169081026157206
gyro_norm,23.141,0.7338113479047126
gyro_norm,23.188,0.8211707911572479
gyro_norm,23.244,0.478614501646532
gyro_norm,23.287,0.41960111044343923
gyro_norm,23.337,0.7492074171012865
gyro_norm,23.403,0.8468803992965526
gyro_norm,23.437,0.4321648472204099
gyro_norm,23.486,0.3091592110348861
gyro_norm,23.536,0.250286018792724
gyro_norm,23.586,0.6053692562793805
gyro_norm,23.636,0.64130535394184
gyro_norm,23.703,0.708232488691124
gyro_norm,23.751,0.4157839345970191
gyro_norm,23.785,0.39086466922160945
gyro_norm,23.835,0.2933567876234294
gyro_norm,23.885,0.5646110413244635
gyro_norm,23.934,0.4852872467993598
gyro_norm,23.999,0.3963593106806697
gyro_norm,24.049,0.3748117462576924
gyro_norm,24.084,0.39054839982166667
gyro_norm,24.133,0.2330963467808669
gyro_norm,24.183,0.2306645135932088
gyro_norm,24.233,0.1787891945229326
gyro_norm,24.282,0.5009985324542904
gyro_norm,24.347,0.6562658411272271
gyro_norm,24.392,0.055645540484366325
gyro_norm,24.432,0.3827160458777264
gyro_norm,24.482,0.3687320353568589
gyro_norm,24.531,0.762778605215434
gyro_norm,24.597,0.5442600014174348
gyro_norm,24.642,0.5534760573799954
gyro_norm,24.685,0.5666104567437664
gyro_norm,24.73,0.21588184590500942
gyro_norm,24.78,0.3737632146895664
gyro_norm,24.83,0.2879263142105539
gyro_norm,24.895,0.24605890635690783
gyro_norm,24.936,0.5940240077963234
gyro_norm,24.999,0.5975722003967061
gyro_norm,25.029,0.4108164736807834
gyro_norm,25.079,0.4442474526518411
gyro_norm,25.133,0.2985383444267542
gyro_norm,25.178,0.3677656730680336
gyro_norm,25.228,0.34186489935483183
gyro_norm,25.29,0.4276554686152044
gyro_norm,25.328,0.353201447253394
gyro_norm,25.379,0.29627095266384784
gyro_norm,25.427,0.1176917252657782
gyro_norm,25.477,0.17551408214329858
gyro_norm,25.527,0.25904504099406167
gyro_norm,25.601,0.4731819385094874
gyro_norm,25.644,0.5961375980996003
gyro_norm,25.676,0.5180849441994188
gyro_norm,25.726,0.7126685075905614
gyro_norm,25.79,0.444278823668412
gyro_norm,25.829,0.46191622542410266
gyro_norm,25.875,0.4628436842828849
gyro_norm,25.928,0.2717027983339247
gyro_norm,25.975,0.4418136809650762
gyro_norm,26.031,0.6237019908333292
gyro_norm,26.076,0.2633024054177245
gyro_norm,26.124,0.12877061540463666
gyro_norm,26.174,0.5796138301912893
gyro_norm,26.236,0.47966726281220634
gyro_norm,26.273,0.3542142469582014
gyro_norm,26.323,0.3084062122035879
gyro_norm,26.373,0.32869013949786674
gyro_norm,26.422,0.3352293106428147
gyro_norm,26.486,0.19454158832522067
gyro_norm,26.522,0.2759473332096202
gyro_norm,26.572,0.20091294253980832
gyro_norm,26.622,0.27074992331003994
gyro_norm,26.671,0.33514186300376436
gyro_norm,26.73,0.3879946725646755
gyro_norm,26.771,0.8115986122044682
gyro_norm,26.836,1.0110414427075207
gyro_norm,26.87,0.43117710306904783
gyro_norm,26.92,0.3084459819107832
gyro_norm,26.984,0.19242862471692715
gyro_norm,27.02,0.21959317787709315
gyro_norm,27.069,0.23318728396709917
gyro_norm,27.119,0.23811533079633554
gyro_norm,27.169,0.471621760575511
gyro_norm,27.219,0.5524231083513584
gyro_norm,27.277,0.2969496130745479
gyro_norm,27.318,0.5655928565362501
gyro_norm,27.368,0.713263507948658
gyro_norm,27.418,0.26995253880581915
gyro_norm,27.485,0.5009042954057441
gyro_norm,27.517,0.482019113546208
gyro_norm,27.577,0.575057066860924
gyro_norm,27.617,0.28113334191936656
gyro_norm,27.667,0.3723126780301932
gyro_norm,27.717,0.40277002863373085
gyro_norm,27.766,0.37674848790343785
gyro_norm,27.823,0.6086202454354277
gyro_norm,27.868,0.33684521858189476
gyro_norm,27.916,0.3239491480127244
gyro_norm,27.965,0.9674546651503164
gyro_norm,28.015,0.5157375535571657
gyro_norm,28.065,0.36682560966770805
gyro_norm,28.127,0.19025261880295544
gyro_norm,28.164,0.08173224095412966
gyro_norm,28.218,0.9025015831037124
gyro_norm,28.264,0.631256974448232
gyro_norm,28.314,0.635061304831252
gyro_norm,28.387,0.2837687718556983
gyro_norm,28.431,0.37339158809409845
gyro_norm,28.463,0.24003936986294735
gyro_norm,28.513,0.4165137762465647
gyro_norm,28.562,0.6105694513098318
gyro_norm,28.612,0.851888087025035
gyro_norm,28.662,0.4347355834959291
gyro_norm,28.712,0.46951741561812815
gyro_norm,28.774,0.39865361661050236
gyro_norm,28.811,0.37932732044632367
gyro_norm,28.861,0.1636488993001409
gyro_norm,28.911,0.10151549602519123
gyro_norm,28.961,0.26881913953085285
gyro_norm,29.011,0.35395179546003736
gyro_norm,29.078,0.31646593803474854
gyro_norm,29.11,0.38677401148655033
gyro_norm,29.179,0.5232928173028821
gyro_norm,29.209,0.6417934849404854
gyro_norm,29.259,0.13088174878372433
gyro_norm,29.309,0.3346106607554478
gyro_norm,29.384,0.34997603074239425
gyro_norm,29.408,0.4588979211658947
gyro_norm,29.458,0.29766972673311226
gyro_norm,29.508,0.13902115494342326
gyro_norm,29.558,0.13126229087040017
gyro_norm,29.608,0.39761548321196977
gyro_norm,29.674,0.202229898697341
gyro_norm,29.707,0.17138149706833952
gyro_norm,29.765,0.60727105312914
gyro_norm,29.807,0.3896826085462943
gyro_norm,29.868,0.1780490023032684
gyro_norm,29.906,0.15308775252401582
gyro_norm,29.956,0.2102015848281675
gyro_norm,30.011,0.373757512215051
gyro_norm,30.055,0.16934194677360423
gyro_norm,30.105,0.11041001853471338
gyro_norm,30.155,0.2388611123577944
gyro_norm,30.205,0.3362529372239242
gyro_norm,30.296,0.2448629917818939
gyro_norm,30.314,0.2617161320714989
gyro_norm,30.354,0.14789650254256972
gyro_norm,30.41,0.04711628826488347
gyro_norm,30.454,0.23749881416235738
gyro_norm,30.503,0.10245483449638682
gyro_norm,30.557,0.2493950766472418
gyro_norm,30.616,0.11747449616381919
gyro_norm,30.653,0.16748939370029958
gyro_norm,30.702,0.1301379621248118
gyro_norm,30.752,0.346469852693783
gyro_norm,30.802,0.21944688254690164
gyro_norm,30.864,0.2520879645421023
gyro_norm,30.901,0.14323672132083412
gyro_norm,30.951,0.21545393846920038
gyro_norm,31.001,0.29681129710496823
gyro_norm,31.052,0.3432496034436367
gyro_norm,31.101,0.2266255006476519
gyro_norm,31.189,0.47404946610921406
gyro_norm,31.213,0.7507803717451537
gyro_norm,31.25,0.647297271390065
gyro_norm,31.3,0.514719583211516
gyro_norm,31.349,0.5380017268706073
gyro_norm,31.399,0.5363380839526797
gyro_norm,31.457,0.4324403722845533
gyro_norm,31.499,0.249458473227629
gyro_norm,31.548,0.2497745058653537
gyro_norm,31.598,0.40158251513685583
gyro_norm,31.648,0.34818534875484847
gyro_norm,31.698,0.35780933919342733
gyro_norm,31.759,0.08220481100499248
gyro_norm,31.807,0.46840443196091414
gyro_norm,31.853,0.4185129203680197
gyro_norm,31.897,0.2729234618111696
gyro_norm,31.946,0.3888465021598868
gyro_norm,31.996,0.41229142728872314
gyro_norm,32.054,0.8557200498625762
gyro_norm,32.096,0.7786388732747344
gyro_norm,32.174,0.40928417965265207
gyro_norm,32.195,0.22584230854516374
gyro_norm,32.245,0.4304169377428124
gyro_norm,32.34,0.2121892886028273
gyro_norm,32.364,0.6648561337651641
gyro_norm,32.394,0.3840187269501566
gyro_norm,32.444,0.5004215508380476
gyro_norm,32.494,0.38175260660491794
gyro_norm,32.544,0.2781689605705034
gyro_norm,32.593,0.4284795898038447
gyro_norm,32.643,0.37960209368925485
gyro_norm,32.693,0.1651746800199991
gyro_norm,32.743,0.15901217873900877
gyro_norm,32.807,0.4232938049802489
gyro_norm,32.842,0.543841179274542
gyro_norm,32.892,0.531057756038638
gyro_norm,32.954,1.077446558407707
gyro_norm,33.001,0.9392961572389545
gyro_norm,33.041,0.7283469426126574
gyro_norm,33.104,0.5192727628517347
gyro_norm,33.141,0.5374778953227571
gyro_norm,33.191,0.24258297835289797
gyro_norm,33.244,0.30175500459116694
gyro_norm,33.29,0.5168443056637118
gyro_norm,33.34,0.29527249675600753
gyro_norm,33.39,0.34162565913275533
gyro_norm,33.439,0.3239390108240077
gyro_norm,33.489,0.2924193194645518
gyro_norm,33.562,0.6686560900985855
gyro_norm,33.589,0.40807561344701104
gyro_norm,33.638,0.2688157573071013
gyro_norm,33.701,0.21985738245298372
gyro_norm,33.738,0.11348213262073989
gyro_norm,33.788,0.3004817576591918
gyro_norm,33.838,0.26392865173181707
gyro_norm,33.887,0.29549236044191207
gyro_norm,33.991,0.5880152486091509
gyro_norm,33.992,0.4990517527876033
gyro_norm,34.037,0.32692473739532546
gyro_norm,34.086,0.27124423686771576
gyro_norm,34.136,0.40490440786933024
gyro_norm,34.189,0.31584064277901464
gyro_norm,34.236,0.3173544918372481
gyro_norm,34.285,0.48616543961316155
gyro_norm,34.348,0.41150692888612045
gyro_norm,34.385,0.2977202141711341
gyro_norm,34.443,0.5269139640291008
gyro_norm,34.484,0.2407326323429311
gyro_norm,34.534,0.43538015655254053
gyro_norm,34.584,0.5418262613449509
gyro_norm,34.634,0.33830249000887475
gyro_norm,34.687,0.2701819380869257
gyro_norm,34.733,0.29352496000956096
gyro_norm,34.783,0.18943470777443258
gyro_norm,34.846,0.13768525176996263
gyro_norm,34.883,0.4664441316211341
gyro_norm,34.932,0.2446957263384784
gyro_norm,34.983,0.2546718031529506
gyro_norm,35.032,0.14938773697187033
gyro_norm,35.089,0.9133050435412781
gyro_norm,35.131,0.6374916947114456
gyro_norm,35.181,1.0695549763377903
gyro_norm,35.231,0.4754122119046222
gyro_norm,35.306,0.5908997647137735
gyro_norm,35.333,0.428403537635764
gyro_norm,35.38,0.4221043738840585
gyro_norm,35.43,0.5523025210893819
gyro_norm,35.48,0.2855417485568087
gyro_norm,35.53,0.3360669478763374
gyro_norm,35.579,0.44985793387288037
gyro_norm,35.652,0.699502001208953
gyro_norm,35.679,0.1541095516565189
gyro_norm,35.729,0.48970309568566533
gyro_norm,35.778,0.17320121863283874
gyro_norm,35.828,0.5559179152383749
gyro_norm,35.878,0.6931242122617278
gyro_norm,35.933,0.5315902073962678
gyro_norm,35.977,0.23153564774478838
gyro_norm,36.027,0.49330364869798465
gyro_norm,36.077,0.594705201202545
gyro_norm,36.127,0.365126701233869
gyro_norm,36.177,1.2018807506620393
gyro_norm,36.247,0.8900742083679378
gyro_norm,36.293,0.5009479869266772
gyro_norm,36.326,0.9021509759259315
gyro_norm,36.379,0.49188655353691574
gyro_norm,36.44,0.7901584764336833
gyro_norm,36.478,0.4642615621441517
gyro_norm,36.525,0.439463951392465
gyro_norm,36.575,0.3465582132343603
gyro_norm,36.624,0.17729839371615264
gyro_norm,36.674,0.6425598343510225
gyro_norm,36.724,0.8924344266673404
gyro_norm,36.774,0.7969947142487519
gyro_norm,36.832,0.47021541983591375
gyro_norm,36.873,0.7176111750058465
gyro_norm,36.923,0.2952891478576261
gyro_norm,36.973,0.8299734528036077
gyro_norm,37.038,1.067000077929681
gyro_norm,37.072,0.7807010848487389
gyro_norm,37.138,0.7170769358446661
gyro_norm,37.172,0.2634791275294517
gyro_norm,37.221,0.6947488532624255
gyro_norm,37.271,0.7574929110286986
gyro_norm,37.321,0.6627309592630051
gyro_norm,37.389,0.9393657346526189
gyro_norm,37.444,0.4834770251830646
gyro_norm,37.472,0.5439878093813689
gyro_norm,37.52,0.7958561024861606
gyro_norm,37.57,0.511871918495559
gyro_norm,37.635,0.31961876179484766
gyro_norm,37.669,0.4228252629027334
gyro_norm,37.74,0.35588849064392003
gyro_norm,37.769,0.23256607110292382
gyro_norm,37.818,0.4878719845217582
gyro_norm,37.868,0.1426294234099782
gyro_norm,37.922,0.9394138487217301
gyro_norm,37.976,0.40961523443785913
gyro_norm,38.023,0.575532164356044
gyro_norm,38.08,0.25540558154754645
gyro_norm,38.117,0.46954849891209205
gyro_norm,38.167,0.8025370219897955
gyro_norm,38.217,0.6916091411980381
gyro_norm,38.268,0.7203522252999668
gyro_norm,38.326,0.32582069984650763
gyro_norm,38.366,0.6651165436234633
gyro_norm,38.416,0.3259594785031423
gyro_norm,38.466,0.47481613786702703
gyro_norm,38.516,0.5422303983552416
gyro_norm,38.592,0.9570362135196496
gyro_norm,38.619,0.4594926305553187
gyro_norm,38.665,0.4899382416958033
gyro_norm,38.714,0.48652090597525127
gyro_norm,38.764,0.4883826479867673
gyro_norm,38.814,0.09857088441804823
gyro_norm,38.864,0.18750199494411068
gyro_norm,38.927,0.05979866889990344
gyro_norm,38.963,0.29622194101493876
gyro_norm,39.02,0.4388206986297304
gyro_norm,39.064,0.6682985893710135
gyro_norm,39.113,0.10932928840937586
gyro_norm,39.166,0.8523005879986938
gyro_norm,39.226,0.4679390746184269
gyro_norm,39.262,0.5074095517262344
gyro_norm,39.326,1.0507574650611236
gyro_norm,39.364,0.5640561723853451
gyro_norm,39.411,0.37226796632832937
gyro_norm,39.461,0.3210824732031844
gyro_norm,39.511,0.6005255436530124
gyro_norm,39.56,0.5071837531429341
gyro_norm,39.631,0.15708168859043906
gyro_norm,39.66,0.1606432134691736
gyro_norm,39.728,0.25993572949002486
gyro_norm,39.76,0.3169265936564122
gyro_norm,39.813,0.4553489628267286
gyro_norm,39.859,0.40113248879336266
gyro_norm,39.909,0.44441640864910636
gyro_norm,39.963,0.34051680716773086
gyro_norm,40.008,0.19175049331546204
gyro_norm,40.058,0.2821747061235823
gyro_norm,40.108,0.34224825905724615
gyro_norm,40.158,0.4183436662339212
gyro_norm,40.207,0.33392288101787126
gyro_norm,40.266,0.3081478902683947
gyro_norm,40.307,0.5026435469442128
gyro_norm,40.357,0.502704369508346
gyro_norm,40.422,0.5118103451939944
gyro_norm,40.46,0.7179888674598219
gyro_norm,40.508,0.7655778475855578
gyro_norm,40.561,0.6473116839045083
gyro_norm,40.606,0.36992556294806744
gyro_norm,40.655,0.3489101612494275
gyro_norm,40.721,0.48570149560322684
gyro_norm,40.758,0.4808229351098474
gyro_norm,40.847,0.46891185523156087
gyro_norm,40.854,0.40788685980754713
gyro_norm,40.924,0.7257105315487783
gyro_norm,40.954,0.34199777960178934
gyro_norm,41.004,0.5939357922504882
gyro_norm,41.053,0.6738120994604083
gyro_norm,41.103,0.5261843476602148
gyro_norm,41.156,0.18958778187403885
gyro_norm,41.207,0.39981592770078445
gyro_norm,41.252,0.24607847275074504
gyro_norm,41.302,0.1769388427989602
gyro_norm,41.352,0.5952719897259368
gyro_norm,41.416,0.30014125275642756
gyro_norm,41.459,0.24551044269049396
gyro_norm,41.504,0.3433295907389424
gyro_norm,41.551,0.6558932702597203
gyro_norm,41.614,0.23877310806066193
gyro_norm,41.654,0.6205297087463765
gyro_norm,41.7,0.8368558737553277
gyro_norm,41.754,1.1684310667459277
gyro_norm,41.813,0.2134975189058778
gyro_norm,41.857,0.506150589986628
gyro_norm,41.919,0.1624804304731098
gyro_norm,41.949,0.394463869189686
gyro_norm,41.999,0.5435513301285261
gyro_norm,42.049,0.8664084278553215
gyro_norm,42.099,0.3940173273756365
gyro_norm,42.148,0.4126970777304296
gyro_norm,42.198,0.5131074099196133
gyro_norm,42.248,0.3921866204217549
gyro_norm,42.297,0.19069016214040055
gyro_norm,42.347,0.31991945117576814
gyro_norm,42.397,0.2645091468031554
gyro_norm,42.465,0.16481262332070098
gyro_norm,42.501,0.423129341039408
gyro_norm,42.55,0.4342990139413805
gyro_norm,42.609,0.5748091257174567
gyro_norm,42.661,0.2292872177298504
gyro_norm,42.708,0.7329998990845809
gyro_norm,42.757,0.10904946713329475
gyro_norm,42.81,0.4430966027610937
gyro_norm,42.849,0.6012089278082232
gyro_norm,42.895,0.5219817916919433
gyro_norm,42.944,0.3492848271408081
gyro_norm,42.994,0.1641693038840873
gyro_norm,43.044,0.38715705377958165
gyro_norm,43.094,0.42860286410982146
gyro_norm,43.151,0.3087726703964462
gyro_norm,43.207,0.3494628142138356
gyro_norm,43.245,0.7814771691195391
gyro_norm,43.3,0.2594412759288015
gyro_norm,43.343,0.5636537717087927
gyro_norm,43.408,0.518130182903274
gyro_norm,43.445,0.31804416911663536
gyro_norm,43.505,0.39582983250911713
gyro_norm,43.542,0.09592811697443544
gyro_norm,43.591,0.2811988656828965
gyro_norm,43.641,0.3016564714614367
gyro_norm,43.694,0.38676684019666113
gyro_norm,43.743,0.4630363998608587
gyro_norm,43.804,0.647311898288467
gyro_norm,43.847,0.2780294763452995
gyro_norm,43.89,0.4857813521785712
gyro_norm,43.94,0.29069025268405024
gyro_norm,43.993,0.470499304793509
gyro_norm,44.043,0.6356161004951207
gyro_norm,44.089,0.5049713451387892
gyro_norm,44.139,0.46278227923798226
gyro_norm,44.189,0.2963205189907179
gyro_norm,44.238,0.0857607458902046
gyro_norm,44.311,0.1457171042911566
gyro_norm,44.342,0.21109992562762994
gyro_norm,44.391,0.26443180113242887
gyro_norm,44.437,0.2493440132353346
gyro_norm,44.487,0.31592540104265554
gyro_norm,44.537,0.5376547372537408
gyro_norm,44.609,0.32642414142754145
gyro_norm,44.636,0.23449429285223813
