sensor,time_s,value
dynamic_accel,0.084,0.18347131851658993
dynamic_accel,0.134,0.0598960157034778
dynamic_accel,0.184,0.12097887071939262
dynamic_accel,0.234,0.47146436771044264
dynamic_accel,0.284,0.4666543521520179
dynamic_accel,0.334,0.355181134900624
dynamic_accel,0.384,0.27443621593271317
dynamic_accel,0.434,0.3526007602228134
dynamic_accel,0.484,-0.026574209965534834
dynamic_accel,0.534,-0.8003960816869782
dynamic_accel,0.584,-0.7978042844046431
dynamic_accel,0.634,-0.4357089886855601
dynamic_accel,0.684,-0.3818567096446177
dynamic_accel,0.734,-0.39337189978664533
dynamic_accel,0.784,-0.3682550427554645
dynamic_accel,0.834,-0.14343246944933163
dynamic_accel,0.884,-0.3282966493199897
dynamic_accel,0.934,-0.14511433538102914
dynamic_accel,0.984,0.1552126548453856
dynamic_accel,1.034,0.4823290926871966
dynamic_accel,1.084,1.2126840178821325
dynamic_accel,1.134,1.496880861361518
dynamic_accel,1.184,1.9523616483471482
dynamic_accel,1.234,2.3743072690300906
dynamic_accel,1.284,-0.3860079139964263
dynamic_accel,1.334,-2.1051243485053197
dynamic_accel,1.384,-1.3568784151610238
dynamic_accel,1.434,-1.5739704323505386
dynamic_accel,1.484,-3.049501058379528
dynamic_accel,1.534,-3.0308126110866596
dynamic_accel,1.584,-1.4254431372952023
dynamic_accel,1.634,0.9846930575063109
dynamic_accel,1.684,2.68921844116295
dynamic_accel,1.734,2.8442556624415793
dynamic_accel,1.784,2.0871274785342866
dynamic_accel,1.834,1.3882261253335724
dynamic_accel,1.884,1.5258810841851336
dynamic_accel,1.934,1.203456459108942
dynamic_accel,1.984,1.6322047387526446
dynamic_accel,2.034,-2.0140288161490734
dynamic_accel,2.084,-4.740652462740637
dynamic_accel,2.134,-5.176891240736957
dynamic_accel,2.184,-3.2072860850561833
dynamic_accel,2.234,-0.838709499269461
dynamic_accel,2.284,1.225000614681445
dynamic_accel,2.334,4.035410654638403
dynamic_accel,2.384,1.2508491284661076
dynamic_accel,2.434,2.740863558674409
dynamic_accel,2.484,5.81078077234713
dynamic_accel,2.534,1.4990553642501432
dynamic_accel,2.584,-0.39850329363070536
dynamic_accel,2.634,-0.9300029110599723
dynamic_accel,2.684,-1.7355752274120757
dynamic_accel,2.734,-2.7315166642791215
dynamic_accel,2.784,-2.0771636503250903
dynamic_accel,2.834,-1.2647790066465951
dynamic_accel,2.884,-1.2512006230702948
dynamic_accel,2.934,-0.8479755392378188
dynamic_accel,2.984,0.3788512461653344
dynamic_accel,3.034,0.8711423867798178
dynamic_accel,3.084,2.4511939056612633
dynamic_accel,3.134,1.7787296277893923
dynamic_accel,3.184,1.0515319163186874
dynamic_accel,3.234,0.45851519731136925
dynamic_accel,3.284,-1.5658616129812426
dynamic_accel,3.334,-1.7232835678218876
dynamic_accel,3.384,-1.3777283875264459
dynamic_accel,3.434,-0.29203364248075836
dynamic_accel,3.484,-0.48106601599525867
dynamic_accel,3.534,1.0913010708500224
dynamic_accel,3.584,0.4017794145028617
dynamic_accel,3.634,0.24027775370069193
dynamic_accel,3.684,0.6895853941561381
dynamic_accel,3.734,0.44493162681454024
dynamic_accel,3.784,-0.39657525940117644
dynamic_accel,3.834,-0.605429184636499
dynamic_accel,3.884,-0.1313097437089894
dynamic_accel,3.934,-0.05987129970718641
dynamic_accel,3.984,0.2575189842592174
dynamic_accel,4.034,0.2759786494750873
dynamic_accel,4.084,0.03432446874306905
dynamic_accel,4.134,-0.21037492501060306
dynamic_accel,4.184,0.0614047751643465
dynamic_accel,4.234,-0.15567618191421317
dynamic_accel,4.284,-0.24719314000006065
dynamic_accel,4.334,-0.11444572966786914
dynamic_accel,4.384,0.19660380735282423
dynamic_accel,4.434,1.1056639970823134
dynamic_accel,4.484,0.07087050424637731
dynamic_accel,4.534,-0.48932912573521037
dynamic_accel,4.584,0.29456086382322333
dynamic_accel,4.634,-0.09585838097012278
dynamic_accel,4.684,-0.15689910897459924
dynamic_accel,4.734,-0.003863000034074915
dynamic_accel,4.784,-0.0645206056981511
dynamic_accel,4.834,-0.053852574987814705
dynamic_accel,4.884,0.03309793186475751
dynamic_accel,4.934,-0.07660328213185785
dynamic_accel,4.984,-0.15479799608032074
dynamic_accel,5.034,-1.1124577755811735
dynamic_accel,5.084,-0.11544892087604808
dynamic_accel,5.134,-0.244906900273115
dynamic_accel,5.184,-0.1312222723007892
dynamic_accel,5.234,0.2244761673666762
dynamic_accel,5.284,1.3073887557246202
dynamic_accel,5.334,-0.07418773044915383
dynamic_accel,5.384,-1.6616114417249346
dynamic_accel,5.434,-3.5356234948998795
dynamic_accel,5.484,-1.3862141072953946
dynamic_accel,5.534,2.3091196743630604
dynamic_accel,5.584,3.0016273388828925
dynamic_accel,5.634,4.358840655504453
dynamic_accel,5.684,3.1454895351752583
dynamic_accel,5.734,1.3218549640074055
dynamic_accel,5.784,0.8108916542545153
dynamic_accel,5.834,-0.7381479631645718
dynamic_accel,5.884,-4.228553622038155
dynamic_accel,5.934,-6.430937845082136
dynamic_accel,5.984,-5.226804932408681
dynamic_accel,6.034,-2.163584741389336
dynamic_accel,6.084,1.1837084850263135
dynamic_accel,6.134,2.8565560561622494
dynamic_accel,6.184,3.834414764236662
dynamic_accel,6.234,3.8278139378375506
dynamic_accel,6.284,3.9546116939305485
dynamic_accel,6.334,3.0374696502509657
dynamic_accel,6.384,0.0978072697260135
dynamic_accel,6.434,-1.7919282480251493
dynamic_accel,6.484,-2.1829199541465414
dynamic_accel,6.534,-3.780559486998218
dynamic_accel,6.584,-3.6463084888582973
dynamic_accel,6.634,-2.0081874372900526
dynamic_accel,6.684,0.705649338881571
dynamic_accel,6.734,2.3328834049635265
dynamic_accel,6.784,1.619020344872144
dynamic_accel,6.834,1.7629252498355275
dynamic_accel,6.884,1.9117126641037068
dynamic_accel,6.934,0.5845517185779023
dynamic_accel,6.984,-0.021215990319227274
dynamic_accel,7.034,0.2845847098213845
dynamic_accel,7.084,-2.4847708196739244
dynamic_accel,7.134,-3.329634868990585
dynamic_accel,7.184,-2.292502754608174
dynamic_accel,7.234,-1.3297322891810879
dynamic_accel,7.284,-0.7848414385366365
dynamic_accel,7.334,-0.004998645285231973
dynamic_accel,7.384,1.1002419522065434
dynamic_accel,7.434,3.8185675916025374
dynamic_accel,7.484,4.987432104215705
dynamic_accel,7.534,1.54394219568257
dynamic_accel,7.584,2.306766743911142
dynamic_accel,7.634,-2.3817616539186712
dynamic_accel,7.684,-5.218444582656495
dynamic_accel,7.734,-4.155037793867853
dynamic_accel,7.784,-1.6592215934436787
dynamic_accel,7.834,0.13867928015007358
dynamic_accel,7.884,1.1185230788572866
dynamic_accel,7.934,1.0963871723957777
dynamic_accel,7.984,3.674863108180725
dynamic_accel,8.034,5.427286629669968
dynamic_accel,8.084,3.872749185118847
dynamic_accel,8.134,-0.3542347642122241
dynamic_accel,8.184,-4.29250451901163
dynamic_accel,8.234,-5.824410438516118
dynamic_accel,8.284,-5.613574646841738
dynamic_accel,8.334,-3.8776236175416408
dynamic_accel,8.384,-0.032736415187413215
dynamic_accel,8.434,1.9680503269896317
dynamic_accel,8.484,3.8409008097383435
dynamic_accel,8.534,5.888044663174396
dynamic_accel,8.584,4.721170490447536
dynamic_accel,8.634,3.0557613005665942
dynamic_accel,8.684,2.9390495878143827
dynamic_accel,8.734,-1.3593960166563175
dynamic_accel,8.784,-5.266814356105142
dynamic_accel,8.834,-5.401200051685067
dynamic_accel,8.884,-4.698207826029042
dynamic_accel,8.934,-2.731586609381755
dynamic_accel,8.984,-1.1601541979071932
dynamic_accel,9.034,0.6047143858821471
dynamic_accel,9.084,4.411694172435784
dynamic_accel,9.134,6.898095909715174
dynamic_accel,9.184,4.664744048513056
dynamic_accel,9.234,0.9266668151060973
dynamic_accel,9.284,-1.782694988786444
dynamic_accel,9.334,-4.241982983475219
dynamic_accel,9.384,-5.51674006491944
dynamic_accel,9.434,-4.593676566041847
dynamic_accel,9.484,-1.7409014002590375
dynamic_accel,9.534,0.39172386308349516
dynamic_accel,9.584,2.1850688486645318
dynamic_accel,9.634,4.119642609342716
dynamic_accel,9.684,5.261917323861928
dynamic_accel,9.734,3.8423268973701656
dynamic_accel,9.784,2.057495268046729
dynamic_accel,9.834,0.6183355243499804
dynamic_accel,9.884,-3.3518546102653204
dynamic_accel,9.934,-5.76080490280482
dynamic_accel,9.984,-4.8890493387442
dynamic_accel,10.034,-3.798556955360894
dynamic_accel,10.084,-2.0457145829568084
dynamic_accel,10.134,-0.05643921127226115
dynamic_accel,10.184,3.5243415523148975
dynamic_accel,10.234,7.045017404345629
dynamic_accel,10.284,7.83738483773724
dynamic_accel,10.334,3.6213723686004258
dynamic_accel,10.384,-0.6308405963362222
dynamic_accel,10.434,-4.323446946940909
dynamic_accel,10.484,-5.003946924089822
dynamic_accel,10.534,-3.6454108238966194
dynamic_accel,10.584,-1.5354883160518895
dynamic_accel,10.634,-0.01864606292068771
dynamic_accel,10.684,0.9280980773746652
dynamic_accel,10.734,1.8348311712638807
dynamic_accel,10.784,3.4274339552209288
dynamic_accel,10.834,1.080371911161075
dynamic_accel,10.884,-0.6302774095461992
dynamic_accel,10.934,-0.5459738609420235
dynamic_accel,10.984,-2.4332265793773384
dynamic_accel,11.034,-2.5415720061129816
dynamic_accel,11.084,-1.702890810781149
dynamic_accel,11.134,-0.729529621209922
dynamic_accel,11.184,0.4817876053490444
dynamic_accel,11.234,1.8523919055947964
dynamic_accel,11.284,2.710355752265805
dynamic_accel,11.334,2.4155219165182924
dynamic_accel,11.384,1.0504571807192686
dynamic_accel,11.434,0.41415886078781305
dynamic_accel,11.484,-0.012638053570597663
dynamic_accel,11.534,-1.8618433043896907
dynamic_accel,11.584,-2.78082658931803
dynamic_accel,11.634,-1.9798103028769543
dynamic_accel,11.684,-0.7617648807252273
dynamic_accel,11.734,0.0720800213768964
dynamic_accel,11.784,0.6551563550176507
dynamic_accel,11.834,1.3344663340853522
dynamic_accel,11.884,2.41732135981745
dynamic_accel,11.934,1.4388496387657028
dynamic_accel,11.984,0.4162141820346186
dynamic_accel,12.034,0.08158746347654322
dynamic_accel,12.084,-0.39393188542580404
dynamic_accel,12.134,-1.5286147660333338
dynamic_accel,12.184,-1.089423542871021
dynamic_accel,12.234,-0.5943729947337939
dynamic_accel,12.284,-0.8153847816218001
dynamic_accel,12.334,-1.1520167369452743
dynamic_accel,12.384,-0.931745381271492
dynamic_accel,12.434,-0.1951660052815356
dynamic_accel,12.484,0.46601649335831574
dynamic_accel,12.534,1.0480237833151609
dynamic_accel,12.584,1.0366117013532659
dynamic_accel,12.634,1.1325714770154143
dynamic_accel,12.684,1.1272173011528785
dynamic_accel,12.734,2.1091920844293934
dynamic_accel,12.784,2.946666018480416
dynamic_accel,12.834,1.2783742185994509
dynamic_accel,12.884,-1.734034313191808
dynamic_accel,12.934,-3.623943465645901
dynamic_accel,12.984,-3.9144492655196883
dynamic_accel,13.034,-3.027450527836753
dynamic_accel,13.084,-2.2569150084115517
dynamic_accel,13.134,-2.1616626094458535
dynamic_accel,13.184,-1.3677573309696953
dynamic_accel,13.234,2.4452284787711918
dynamic_accel,13.284,5.6928967931233885
dynamic_accel,13.334,7.645710761094126
dynamic_accel,13.384,4.123419258738361
dynamic_accel,13.434,1.3230425855300876
dynamic_accel,13.484,-1.6487045353885499
dynamic_accel,13.534,-4.1146733889063105
dynamic_accel,13.584,-5.1721911068355055
dynamic_accel,13.634,-5.147624006411659
dynamic_accel,13.684,-2.7178095419198645
dynamic_accel,13.734,0.7957287694370585
dynamic_accel,13.784,2.36479038416525
dynamic_accel,13.834,3.164561421567875
dynamic_accel,13.884,4.996029641025746
dynamic_accel,13.934,4.58819831708084
dynamic_accel,13.984,1.101986338878568
dynamic_accel,14.034,-0.7737129893667465
dynamic_accel,14.084,-2.7796959398909156
dynamic_accel,14.134,-4.728039959566696
dynamic_accel,14.184,-4.838537293711848
dynamic_accel,14.234,-2.0835231904126044
dynamic_accel,14.284,-0.7031633174320948
dynamic_accel,14.334,1.6696314131674939
dynamic_accel,14.384,2.388652596273621
dynamic_accel,14.434,2.301236777245048
dynamic_accel,14.484,2.2780079807732747
dynamic_accel,14.534,5.120190737015896
dynamic_accel,14.584,0.4946598449311512
dynamic_accel,14.634,-0.49063476378232984
dynamic_accel,14.684,-3.692662533963148
dynamic_accel,14.734,-3.563679598852369
dynamic_accel,14.784,-2.790122139348073
dynamic_accel,14.834,-1.7907576015308155
dynamic_accel,14.884,-0.03645806140006336
dynamic_accel,14.934,0.2895517783152144
dynamic_accel,14.984,1.5404324230954725
dynamic_accel,15.034,1.7816573308619539
dynamic_accel,15.084,2.4527548680146793
dynamic_accel,15.134,2.0006781661242954
dynamic_accel,15.184,0.876190355552497
dynamic_accel,15.234,0.7690306742757649
dynamic_accel,15.284,-2.8851171032625826
dynamic_accel,15.334,-3.5586122830029217
dynamic_accel,15.384,-2.5666907474953575
dynamic_accel,15.434,-1.544377880529586
dynamic_accel,15.484,0.016207739421250977
dynamic_accel,15.534,1.5702689994176406
dynamic_accel,15.584,2.994968238290644
dynamic_accel,15.634,3.7048093604407484
dynamic_accel,15.684,4.147094791196142
dynamic_accel,15.734,0.6516697715967972
dynamic_accel,15.784,1.9944287426296654
dynamic_accel,15.834,-1.893644712538718
dynamic_accel,15.884,-4.674067071956973
dynamic_accel,15.934,-4.6747324949750455
dynamic_accel,15.984,-3.2858977600529453
dynamic_accel,16.034,-0.9666072617805082
dynamic_accel,16.084,-0.3589021513791604
dynamic_accel,16.134,0.13076418036040316
dynamic_accel,16.184,2.8494371074945146
dynamic_accel,16.234,4.565638307226564
dynamic_accel,16.284,4.776151924714643
dynamic_accel,16.334,1.714264328870227
dynamic_accel,16.384,-0.3644676815820329
dynamic_accel,16.434,-3.9068323340628215
dynamic_accel,16.484,-5.253355385819714
dynamic_accel,16.534,-4.277211545787672
dynamic_accel,16.584,-2.037283800919411
dynamic_accel,16.634,1.905991828734905
dynamic_accel,16.684,1.0030598522631777
dynamic_accel,16.734,4.916309162739614
dynamic_accel,16.784,5.651381549124832
dynamic_accel,16.834,4.9317902599267605
dynamic_accel,16.884,0.4444512457619112
dynamic_accel,16.934,-2.0891195959344717
dynamic_accel,16.984,-3.6097582069245604
dynamic_accel,17.034,-5.0901631852315115
dynamic_accel,17.084,-3.906047192677275
dynamic_accel,17.134,-2.293978632334589
dynamic_accel,17.184,0.21194984658079363
dynamic_accel,17.234,1.0797551605464317
dynamic_accel,17.284,1.8684797850947668
dynamic_accel,17.334,3.4924023998570597
dynamic_accel,17.384,4.909901668394484
dynamic_accel,17.434,1.061694364736045
dynamic_accel,17.484,-0.34824397524294604
dynamic_accel,17.534,-3.217348097046198
dynamic_accel,17.584,-2.5978848764370195
dynamic_accel,17.634,-2.22628268169092
dynamic_accel,17.684,-1.1685847922044577
dynamic_accel,17.734,-0.7647071277138426
dynamic_accel,17.784,0.9330710312944124
dynamic_accel,17.834,2.2863637033933983
dynamic_accel,17.884,2.5380407418577917
dynamic_accel,17.934,2.4572622186051873
dynamic_accel,17.984,0.5264924621205296
dynamic_accel,18.034,0.1350095175437982
dynamic_accel,18.084,-1.4219171901223664
dynamic_accel,18.134,-1.7015266700673024
dynamic_accel,18.184,-1.6152314658857136
dynamic_accel,18.234,-0.9251105808583322
dynamic_accel,18.284,-0.3459889313503002
dynamic_accel,18.334,-0.3644373314806657
dynamic_accel,18.384,-0.4148667288586374
dynamic_accel,18.434,-0.20083911763762963
dynamic_accel,18.484,0.26765085640998265
dynamic_accel,18.534,0.5061478270012056
dynamic_accel,18.584,0.6277278261380914
dynamic_accel,18.634,1.1648383217486487
dynamic_accel,18.684,1.3653371122068734
dynamic_accel,18.734,0.4003654030974335
dynamic_accel,18.784,0.5209560348066056
dynamic_accel,18.834,0.20187727129916944
dynamic_accel,18.884,-0.38051173890751144
dynamic_accel,18.934,-2.136148371151414
dynamic_accel,18.984,-2.0715633276668424
dynamic_accel,19.034,-1.2768262690578052
dynamic_accel,19.084,-0.4512758162064383
dynamic_accel,19.134,0.4759266005690055
dynamic_accel,19.184,0.8819273578876068
dynamic_accel,19.234,1.5552512318062703
dynamic_accel,19.284,1.979829737991043
dynamic_accel,19.334,2.1754440431969666
dynamic_accel,19.384,1.8846962888601446
dynamic_accel,19.434,-0.6050188351857457
dynamic_accel,19.484,-0.8342883969315125
dynamic_accel,19.534,-2.239183870365112
dynamic_accel,19.584,-2.1172284475141048
dynamic_accel,19.634,-1.3055576775698459
dynamic_accel,19.684,-0.7695127838488922
dynamic_accel,19.734,-0.48413380930483285
dynamic_accel,19.784,0.037826114089673624
dynamic_accel,19.834,0.9097737509232626
dynamic_accel,19.884,1.1073916016122638
dynamic_accel,19.934,1.5553662768060956
dynamic_accel,19.984,2.0390994326261183
dynamic_accel,20.034,-0.06324382796003292
dynamic_accel,20.084,-0.4097744767523164
dynamic_accel,20.134,-0.5356968806793052
dynamic_accel,20.184,-1.8253845277809209
dynamic_accel,20.234,-2.0976095069769833
dynamic_accel,20.284,-0.7839360658878682
dynamic_accel,20.334,0.4995056918982872
dynamic_accel,20.384,0.9475343556292621
dynamic_accel,20.434,1.4173389632008515
dynamic_accel,20.484,1.4580155140273252
dynamic_accel,20.534,1.2116573292588608
dynamic_accel,20.584,0.8424778690317982
dynamic_accel,20.634,-0.07622774276128119
dynamic_accel,20.684,-0.7258245255199256
dynamic_accel,20.734,-0.49879776268936205
dynamic_accel,20.784,-0.5816734328528366
dynamic_accel,20.834,-0.724395004511992
dynamic_accel,20.884,-0.9507454516539564
dynamic_accel,20.934,-0.5492603821965165
dynamic_accel,20.984,-0.04565767167780521
dynamic_accel,21.034,0.5648473570797048
dynamic_accel,21.084,0.36968094363848536
dynamic_accel,21.134,-0.2912018357848325
dynamic_accel,21.184,-0.16781404877170836
dynamic_accel,21.234,-0.15770527092080222
dynamic_accel,21.284,-0.4001737415890254
dynamic_accel,21.334,-0.5690123972574916
dynamic_accel,21.384,-0.4507513016563678
dynamic_accel,21.434,-0.2719747046553511
dynamic_accel,21.484,0.07923502838706398
dynamic_accel,21.534,0.6672908185712068
dynamic_accel,21.584,1.951327602961472
dynamic_accel,21.634,2.322974913318882
dynamic_accel,21.684,1.348479702858116
dynamic_accel,21.734,0.2776533055128301
dynamic_accel,21.784,0.05850583768810935
dynamic_accel,21.834,-0.9323764685025839
dynamic_accel,21.884,-2.602502330325981
dynamic_accel,21.934,-3.1585079059415753
dynamic_accel,21.984,-3.0904751097608516
dynamic_accel,22.034,-1.2077513997989744
dynamic_accel,22.084,1.1277314523375352
dynamic_accel,22.134,1.705045543810984
dynamic_accel,22.184,1.547724338728715
dynamic_accel,22.234,1.8891283892981203
dynamic_accel,22.284,2.9094875380191034
dynamic_accel,22.334,3.159884901956085
dynamic_accel,22.384,1.0057530560212822
dynamic_accel,22.434,-0.39100828634960116
dynamic_accel,22.484,-1.8196055171772691
dynamic_accel,22.534,-3.351446247761685
dynamic_accel,22.584,-3.7096484251288793
dynamic_accel,22.634,-2.7493390048120903
dynamic_accel,22.684,-1.0252961567153402
dynamic_accel,22.734,0.2626851587413359
dynamic_accel,22.784,1.5224595794812927
dynamic_accel,22.834,2.1946464285693192
dynamic_accel,22.884,2.5833120832389085
dynamic_accel,22.934,2.823262344513404
dynamic_accel,22.984,1.5799594088546751
dynamic_accel,23.034,0.7092197504252749
dynamic_accel,23.084,-0.8857083698660198
dynamic_accel,23.134,-2.093996515215247
dynamic_accel,23.184,-1.4601695201287388
dynamic_accel,23.234,-1.41926488355778
dynamic_accel,23.284,-1.6040979192175353
dynamic_accel,23.334,-1.2555142553430159
dynamic_accel,23.384,1.3030002645202376
dynamic_accel,23.434,2.760390268321462
dynamic_accel,23.484,2.22875679498342
dynamic_accel,23.534,1.8114075805276961
dynamic_accel,23.584,-0.5008664215665313
dynamic_accel,23.634,-0.916514164968806
dynamic_accel,23.684,-1.0810648914759966
dynamic_accel,23.734,-2.264522213626969
dynamic_accel,23.784,-2.553848964898304
dynamic_accel,23.834,-1.6978815706862065
dynamic_accel,23.884,-0.8099711843436275
dynamic_accel,23.934,-0.38284755844604135
dynamic_accel,23.984,0.5560483303661012
dynamic_accel,24.034,2.387802376271255
dynamic_accel,24.084,3.421432528681576
dynamic_accel,24.134,2.4507378913166207
dynamic_accel,24.184,0.2712487150914882
dynamic_accel,24.234,0.029884642660976013
dynamic_accel,24.284,-1.7646450640658298
dynamic_accel,24.334,-1.9930509899679656
dynamic_accel,24.384,-1.3311320167351113
dynamic_accel,24.434,-1.165890281324435
dynamic_accel,24.484,0.39386836991637253
dynamic_accel,24.534,1.2982189495074525
dynamic_accel,24.584,1.906024162688535
dynamic_accel,24.634,1.5322807896038846
dynamic_accel,24.684,1.2840722722133329
dynamic_accel,24.734,0.7155161923759259
dynamic_accel,24.784,-0.7575694652477161
dynamic_accel,24.834,-1.204631163673458
dynamic_accel,24.884,-1.9872484860873065
dynamic_accel,24.934,-2.335937960098411
dynamic_accel,24.984,-1.5486091624770228
dynamic_accel,25.034,-0.5127507154332189
dynamic_accel,25.084,-0.18767294555133418
dynamic_accel,25.134,0.5070905097522171
dynamic_accel,25.184,0.9809914802737527
dynamic_accel,25.234,1.1306926008705478
dynamic_accel,25.284,2.3109430703792047
dynamic_accel,25.334,2.493851159892115
dynamic_accel,25.384,0.8176795028551958
dynamic_accel,25.434,0.5589676409591249
dynamic_accel,25.484,-0.4895973642874516
dynamic_accel,25.534,-2.2884006361791602
dynamic_accel,25.584,-2.328061505985403
dynamic_accel,25.634,-1.9990928982477154
dynamic_accel,25.684,-1.1573508242743493
dynamic_accel,25.734,-0.4288719855561762
dynamic_accel,25.784,0.004814249259418091
dynamic_accel,25.834,0.4809078478821718
dynamic_accel,25.884,1.6549548751281193
dynamic_accel,25.934,2.109045480124548
dynamic_accel,25.984,2.8457788434406286
dynamic_accel,26.034,2.4264027600065248
dynamic_accel,26.084,0.7846459066807174
dynamic_accel,26.134,-1.0342395083761229
dynamic_accel,26.184,-2.3396069057869715
dynamic_accel,26.234,-3.520285053037238
dynamic_accel,26.284,-4.283924631229133
dynamic_accel,26.334,-2.467823346773364
dynamic_accel,26.384,-0.24547070899738976
dynamic_accel,26.434,1.7526550184001355
dynamic_accel,26.484,1.9724074853028917
dynamic_accel,26.534,2.5048529061255476
dynamic_accel,26.584,2.685638994036415
dynamic_accel,26.634,2.969029800864833
dynamic_accel,26.684,2.2296150383196363
dynamic_accel,26.734,-0.04440525495010128
dynamic_accel,26.784,-1.753274128682209
dynamic_accel,26.834,-3.564463826546911
dynamic_accel,26.884,-2.532058006305089
dynamic_accel,26.934,-1.9252318296550772
dynamic_accel,26.984,-1.0158262440814667
dynamic_accel,27.034,0.6114231740224749
dynamic_accel,27.084,1.7070204234927964
dynamic_accel,27.134,2.0092587273163716
dynamic_accel,27.184,2.20949442609734
dynamic_accel,27.234,1.957559438391419
dynamic_accel,27.284,-0.31743055419674526
dynamic_accel,27.334,-0.9262235794513654
dynamic_accel,27.384,-1.113729853029941
dynamic_accel,27.434,-1.468666141002343
dynamic_accel,27.484,-1.4711541688659775
dynamic_accel,27.534,-0.7452127030979732
dynamic_accel,27.584,-0.07400931149551226
dynamic_accel,27.634,-0.24776283203566507
dynamic_accel,27.684,-0.1977232818712107
dynamic_accel,27.734,0.34126338600687234
dynamic_accel,27.784,0.08566788101231637
dynamic_accel,27.834,0.7114629856519219
dynamic_accel,27.884,0.9878645692846888
dynamic_accel,27.934,1.241393386078263
dynamic_accel,27.984,1.6035145888408575
dynamic_accel,28.034,0.7919271517701052
dynamic_accel,28.084,-0.2854613929786698
dynamic_accel,28.134,-0.9286484506898169
dynamic_accel,28.184,-1.604615520222893
dynamic_accel,28.234,-1.909209860258203
dynamic_accel,28.284,-1.4667978521791358
dynamic_accel,28.334,-1.1793248083346946
dynamic_accel,28.384,0.06940170433910708
dynamic_accel,28.434,1.2141884606456799
dynamic_accel,28.484,1.9698664938685564
dynamic_accel,28.534,2.4025993096709026
dynamic_accel,28.584,2.077964930247802
dynamic_accel,28.634,1.1841819985909137
dynamic_accel,28.684,-0.4191978695807048
dynamic_accel,28.734,-1.2275204369376276
dynamic_accel,28.784,-2.0123874493603147
dynamic_accel,28.834,-2.696956715095526
dynamic_accel,28.884,-2.298817370619969
dynamic_accel,28.934,-1.3476813180249785
dynamic_accel,28.984,0.045012948854628476
dynamic_accel,29.034,0.5923168071091034
dynamic_accel,29.084,1.524748070106046
dynamic_accel,29.134,2.352414345047743
dynamic_accel,29.184,3.048556891271737
dynamic_accel,29.234,2.279356502007003
dynamic_accel,29.284,0.46291837058247154
dynamic_accel,29.334,0.1969258053678633
dynamic_accel,29.384,-2.188340532584091
dynamic_accel,29.434,-3.350896280981873
dynamic_accel,29.484,-2.8537239158974774
dynamic_accel,29.534,-1.868904451684788
dynamic_accel,29.584,-0.3670987680119655
dynamic_accel,29.634,0.37732949274008654
dynamic_accel,29.684,1.6133350452069823
dynamic_accel,29.734,2.595228581710657
dynamic_accel,29.784,3.4456425594551163
dynamic_accel,29.834,2.969218478964219
dynamic_accel,29.884,-0.7811447028317584
dynamic_accel,29.934,-1.1040467243071284
dynamic_accel,29.984,-2.2165310703593164
dynamic_accel,30.034,-2.7873205298620816
dynamic_accel,30.084,-2.1060220913798418
dynamic_accel,30.134,-0.9440358957221733
dynamic_accel,30.184,0.1289106174579029
dynamic_accel,30.234,0.9249201977538988
dynamic_accel,30.284,1.8215976587768719
dynamic_accel,30.334,2.8164377373165816
dynamic_accel,30.384,2.4086150506021333
dynamic_accel,30.434,0.13379065879842855
dynamic_accel,30.484,0.08702949373941671
dynamic_accel,30.534,-0.6845267925619449
dynamic_accel,30.584,-3.125124376774216
dynamic_accel,30.634,-2.9212943874256982
dynamic_accel,30.684,-1.702802822489394
dynamic_accel,30.734,-0.3353669183437198
dynamic_accel,30.784,0.656035430843783
dynamic_accel,30.834,1.3409357159580289
dynamic_accel,30.884,1.8801800002780809
dynamic_accel,30.934,2.9981482729669278
dynamic_accel,30.984,2.284485054528437
dynamic_accel,31.034,0.39076387708844607
dynamic_accel,31.084,-0.5063701571812036
dynamic_accel,31.134,-2.036013919470877
dynamic_accel,31.184,-2.9236411028313283
dynamic_accel,31.234,-2.329871048446849
dynamic_accel,31.284,-1.1832869757595397
dynamic_accel,31.334,-0.3004555091006118
dynamic_accel,31.384,0.40795624829701715
dynamic_accel,31.434,1.0693534754317167
dynamic_accel,31.484,1.65713369616474
dynamic_accel,31.534,3.0715407405276647
dynamic_accel,31.584,2.369371655670726
dynamic_accel,31.634,0.054101261806600576
dynamic_accel,31.684,-0.23800017720099653
dynamic_accel,31.734,-1.1399454012316355
dynamic_accel,31.784,-2.742298463587524
dynamic_accel,31.834,-2.1625396046610827
dynamic_accel,31.884,-1.0915918764392902
dynamic_accel,31.934,-0.18347736052962738
dynamic_accel,31.984,0.3695421996446999
dynamic_accel,32.034,0.7452184515299773
dynamic_accel,32.084,1.226674816994505
dynamic_accel,32.134,0.9790749396659386
dynamic_accel,32.184,1.4227655665550056
dynamic_accel,32.234,1.4485543109320123
dynamic_accel,32.284,0.34343063276295105
dynamic_accel,32.334,-0.5883011958132922
dynamic_accel,32.384,-1.1251126429828204
dynamic_accel,32.434,-1.5907293203849928
dynamic_accel,32.484,-1.2343699329404796
dynamic_accel,32.534,-0.4523491064721217
dynamic_accel,32.584,0.2349301073571599
dynamic_accel,32.634,-0.06834547644128719
dynamic_accel,32.684,0.13997624173783585
dynamic_accel,32.734,0.945367631088839
dynamic_accel,32.784,0.8761191439875144
dynamic_accel,32.834,0.16671447727676103
dynamic_accel,32.884,-0.5805909431150624
dynamic_accel,32.934,-0.7357210267731666
dynamic_accel,32.984,-0.6413936711794648
dynamic_accel,33.034,-0.3288958730669247
dynamic_accel,33.084,-0.3122603551832537
dynamic_accel,33.134,0.34874474335342853
dynamic_accel,33.184,0.46415750486097984
dynamic_accel,33.234,0.5985509931865298
dynamic_accel,33.284,1.415474429018671
dynamic_accel,33.334,2.4775876250029345
dynamic_accel,33.384,1.3301175529620881
dynamic_accel,33.434,-0.40027210000756597
dynamic_accel,33.484,-1.9116912368701229
dynamic_accel,33.534,-0.5006585110988553
dynamic_accel,33.584,-1.5038915406575892
dynamic_accel,33.634,-2.4224596386345967
dynamic_accel,33.684,-1.6490290504486662
dynamic_accel,33.734,-1.003007684339197
dynamic_accel,33.784,-0.0075230172013753815
dynamic_accel,33.834,1.0530290874012564
dynamic_accel,33.884,1.838020008041541
dynamic_accel,33.934,2.3564110729352628
dynamic_accel,33.984,3.7579390514266215
dynamic_accel,34.034,2.7624506788159895
dynamic_accel,34.084,-0.3982029351242229
dynamic_accel,34.134,-1.8473178735460376
dynamic_accel,34.184,-3.1613844525379964
dynamic_accel,34.234,-4.0507629322952905
dynamic_accel,34.284,-3.344664332007243
dynamic_accel,34.334,-1.4115092103751685
dynamic_accel,34.384,1.0707731881647877
dynamic_accel,34.434,2.029483623888174
dynamic_accel,34.484,2.274058941746226
dynamic_accel,34.534,3.3322309445907567
dynamic_accel,34.584,4.655809854669174
dynamic_accel,34.634,1.1555553357253245
dynamic_accel,34.684,-1.8433946077835408
dynamic_accel,34.734,-1.2270380869684363
dynamic_accel,34.784,-2.796523338426227
dynamic_accel,34.834,-3.8921869749620814
dynamic_accel,34.884,-3.103957139481256
dynamic_accel,34.934,-1.1389062638598961
dynamic_accel,34.984,1.3412227481703276
dynamic_accel,35.034,2.5140485784191338
dynamic_accel,35.084,3.021611464163202
dynamic_accel,35.134,3.0910811379524414
dynamic_accel,35.184,2.7676167554389597
dynamic_accel,35.234,-0.38015596239063854
dynamic_accel,35.284,-1.7140130929285409
dynamic_accel,35.334,-1.8386832494612158
dynamic_accel,35.384,-2.8499867321131553
dynamic_accel,35.434,-2.2200390274174424
dynamic_accel,35.484,-0.8012241849886887
dynamic_accel,35.534,-0.34643971130815565
dynamic_accel,35.584,0.2993851784173476
dynamic_accel,35.634,0.4131390917062596
dynamic_accel,35.684,1.8140026298414806
dynamic_accel,35.734,3.1632079832521143
dynamic_accel,35.784,2.89019667572323
dynamic_accel,35.834,-0.4978438699526393
dynamic_accel,35.884,-0.007287034355233146
dynamic_accel,35.934,0.15627140487111468
dynamic_accel,35.984,-2.7734696428720627
dynamic_accel,36.034,-2.808055490027317
dynamic_accel,36.084,-1.8865365138134607
dynamic_accel,36.134,-0.46158009338483197
dynamic_accel,36.184,0.03540541376025175
dynamic_accel,36.234,0.7516906892128041
dynamic_accel,36.284,0.7472601374559247
dynamic_accel,36.334,1.4772365301611998
dynamic_accel,36.384,1.342155381366311
dynamic_accel,36.434,2.6313745553415107
dynamic_accel,36.484,0.654102208349622
dynamic_accel,36.534,-0.5062415386512331
dynamic_accel,36.584,-0.46288307846037746
dynamic_accel,36.634,-1.484399204066385
dynamic_accel,36.684,-1.6352331753153582
dynamic_accel,36.734,-0.44666166759464865
dynamic_accel,36.784,-0.5486654903011967
dynamic_accel,36.834,-0.5815550557796509
dynamic_accel,36.884,-0.4213367519032616
dynamic_accel,36.934,-0.07683985039969166
dynamic_accel,36.984,-0.04342365505925905
dynamic_accel,37.034,-0.06062580904119663
dynamic_accel,37.084,-0.712738040617447
dynamic_accel,37.134,0.6971189771309465
dynamic_accel,37.184,2.062491959274288
dynamic_accel,37.234,2.3139372928707385
dynamic_accel,37.284,2.094288261285472
dynamic_accel,37.334,0.9838824005231892
dynamic_accel,37.384,-1.6616896934430994
dynamic_accel,37.434,-3.112522564096751
dynamic_accel,37.484,-2.2528482044571536
dynamic_accel,37.534,0.6467949282930903
dynamic_accel,37.584,0.6252121205703194
dynamic_accel,37.634,-0.715340379586797
dynamic_accel,37.684,0.05218000196891559
dynamic_accel,37.734,0.8762017490230782
dynamic_accel,37.784,1.964338626647205
dynamic_accel,37.834,1.54703577331194
dynamic_accel,37.884,1.6189538069135327
dynamic_accel,37.934,-1.3318935267441443
dynamic_accel,37.984,-1.5682704991164425
dynamic_accel,38.034,-1.7942244100474554
dynamic_accel,38.084,-1.423126786815967
dynamic_accel,38.134,-0.9035599630669786
dynamic_accel,38.184,-0.6292564581314046
dynamic_accel,38.234,-0.28578778044555087
dynamic_accel,38.284,0.24136288901226166
dynamic_accel,38.334,0.8879725000996483
dynamic_accel,38.384,1.0087514720537722
dynamic_accel,38.434,1.524283785606242
dynamic_accel,38.484,1.672889655412547
dynamic_accel,38.534,1.9044825506983187
dynamic_accel,38.584,0.3461899135205382
dynamic_accel,38.634,0.4852866330969601
dynamic_accel,38.684,-1.6805007178538318
dynamic_accel,38.734,-2.435109635382223
dynamic_accel,38.784,-1.994276879671835
dynamic_accel,38.834,-1.9325460731003687
dynamic_accel,38.884,-1.3050912018168006
dynamic_accel,38.934,-1.4163148736683535
dynamic_accel,38.984,-0.6295593218758011
dynamic_accel,39.034,0.6893999200313541
dynamic_accel,39.084,3.5205381153173896
dynamic_accel,39.134,5.875322805325826
dynamic_accel,39.184,3.8842395257674553
dynamic_accel,39.234,1.1315478763986828
dynamic_accel,39.284,-2.7140799266428406
dynamic_accel,39.334,-2.4450317407120954
dynamic_accel,39.384,-3.379113286076997
dynamic_accel,39.434,-4.183306885064067
dynamic_accel,39.484,-2.1480384657726983
dynamic_accel,39.534,0.6850865023399564
dynamic_accel,39.584,2.8153512022577782
dynamic_accel,39.634,2.034428242876709
dynamic_accel,39.684,2.1982115717435367
dynamic_accel,39.734,2.9615810887422125
dynamic_accel,39.784,1.8382582947734178
dynamic_accel,39.834,0.19398153950288588
dynamic_accel,39.884,-0.7599080177945758
dynamic_accel,39.934,-2.3966744241995297
dynamic_accel,39.984,-4.858698118260834
dynamic_accel,40.034,-4.6165117099660105
dynamic_accel,40.084,-2.967496735120184
dynamic_accel,40.134,-0.9576895979625721
dynamic_accel,40.184,1.4654766451306998
dynamic_accel,40.234,3.0190819029155254
dynamic_accel,40.284,4.283125222956263
dynamic_accel,40.334,7.743253236284678
dynamic_accel,40.384,5.207785548032707
dynamic_accel,40.434,-0.7061571505155815
dynamic_accel,40.484,-3.0419546886273556
dynamic_accel,40.534,-3.9228955524078337
dynamic_accel,40.584,-3.9310649735453325
dynamic_accel,40.634,-4.139198150217634
dynamic_accel,40.684,-3.2022723362680408
dynamic_accel,40.734,-0.7739787384848142
dynamic_accel,40.784,1.9036873181514498
dynamic_accel,40.834,3.4319879416310677
dynamic_accel,40.884,4.431051760246108
dynamic_accel,40.934,4.253409815671061
dynamic_accel,40.984,2.4317176638027647
dynamic_accel,41.034,0.00999323372811034
dynamic_accel,41.084,-2.1612945068640634
dynamic_accel,41.134,-4.752594460224928
dynamic_accel,41.184,-4.761309660257565
dynamic_accel,41.234,-2.7760532855823294
dynamic_accel,41.284,0.021244054717358907
dynamic_accel,41.334,1.2556631165653975
dynamic_accel,41.384,1.9111976632291885
dynamic_accel,41.434,3.1680755803216165
dynamic_accel,41.484,3.1450242975483835
dynamic_accel,41.534,2.3340152482986554
dynamic_accel,41.584,-0.6314652399166594
dynamic_accel,41.634,-1.113825230651063
dynamic_accel,41.684,-2.19705410976346
dynamic_accel,41.734,-3.535383122581237
dynamic_accel,41.784,-2.7974433379566657
dynamic_accel,41.834,-1.206436040966338
dynamic_accel,41.884,0.37864327525135266
dynamic_accel,41.934,1.6855745178965176
dynamic_accel,41.984,1.9587934702630392
dynamic_accel,42.034,2.8889813687213
dynamic_accel,42.084,3.3169208322113377
dynamic_accel,42.134,0.7220462249712494
dynamic_accel,42.184,-0.2777766846315739
dynamic_accel,42.234,-0.09365417302927881
dynamic_accel,42.284,-2.950941520714564
dynamic_accel,42.334,-3.621344394719439
dynamic_accel,42.384,-2.020602547678175
dynamic_accel,42.434,-0.715565677302159
dynamic_accel,42.484,0.08058748207864852
dynamic_accel,42.534,1.4365039070742043
dynamic_accel,42.584,2.085789982729654
dynamic_accel,42.634,2.134654093843464
dynamic_accel,42.684,2.379606176070862
dynamic_accel,42.734,1.0208906179635626
dynamic_accel,42.784,0.4693775617946958
dynamic_accel,42.834,-0.6089937768886617
dynamic_accel,42.884,-2.6955563914485783
dynamic_accel,42.934,-3.264945918312123
dynamic_accel,42.984,-1.1323687800875053
dynamic_accel,43.034,-0.6293605806081697
dynamic_accel,43.084,-0.48342809545621535
dynamic_accel,43.134,0.10296960221829643
dynamic_accel,43.184,1.0527729355758613
dynamic_accel,43.234,2.557012078934939
dynamic_accel,43.284,2.5062705136461965
dynamic_accel,43.334,1.4968895816939511
dynamic_accel,43.384,0.1916258428351547
dynamic_accel,43.434,-0.7968053143352734
dynamic_accel,43.484,-1.6030667562959948
dynamic_accel,43.534,-1.7665276321311332
dynamic_accel,43.584,-1.310813641912489
dynamic_accel,43.634,-0.7850865432684682
dynamic_accel,43.684,-0.5331478760758728
dynamic_accel,43.734,-0.00324533258139148
dynamic_accel,43.784,0.5282949479064722
dynamic_accel,43.834,0.39547459734551715
dynamic_accel,43.884,0.8880952228648518
dynamic_accel,43.934,1.155552556287775
dynamic_accel,43.984,1.2849800203256745
dynamic_accel,44.034,2.1237776097806425
dynamic_accel,44.084,1.033815137116699
dynamic_accel,44.134,-1.5030745428517474
dynamic_accel,44.184,-2.2242353764753116
dynamic_accel,44.234,-1.0446828945413476
dynamic_accel,44.284,-1.7487519716580948
dynamic_accel,44.334,-2.1720078585268237
dynamic_accel,44.384,-0.9867053225181017
dynamic_accel,44.434,0.486517737319593
dynamic_accel,44.484,0.7315813214846312
dynamic_accel,44.534,0.7953101090154604
dynamic_accel,44.584,1.7486066088788093
dynamic_accel,44.634,2.2986855255972785
dynamic_accel,44.684,3.6379988286222797
dynamic_accel,44.734,2.880166241821861
dynamic_accel,44.784,0.47100963273005725
dynamic_accel,44.834,-3.0524222097109046
dynamic_accel,44.884,-4.440164569800808
dynamic_accel,44.934,-4.575457592709383
dynamic_accel,44.984,-2.7257573026341513
dynamic_accel,45.034,-0.7153099944402488
dynamic_accel,45.084,0.07406978310337209
dynamic_accel,45.134,2.9803576928585898
dynamic_accel,45.184,3.9536114981862287
dynamic_accel,45.234,3.945099439852074
dynamic_accel,45.284,2.81096473272982
dynamic_accel,45.334,1.083676341938915
dynamic_accel,45.384,-1.7740345553046613
dynamic_accel,45.434,-1.6304741590553515
dynamic_accel,45.484,-2.4066431356927502
dynamic_accel,45.534,-2.7726733736639275
dynamic_accel,45.584,-2.167033744624554
dynamic_accel,45.634,-0.950867601953238
dynamic_accel,45.684,0.7029496617745181
dynamic_accel,45.734,0.6763212717762936
dynamic_accel,45.784,1.6430522950573003
dynamic_accel,45.834,3.7104580313832454
dynamic_accel,45.884,1.2075083779895799
dynamic_accel,45.934,0.18468280338505316
dynamic_accel,45.984,-1.2298741724655695
dynamic_accel,46.034,-1.9752001981785803
dynamic_accel,46.084,-2.1986915447362563
dynamic_accel,46.134,-1.8231117868800872
dynamic_accel,46.184,-0.5178276528371111
dynamic_accel,46.234,0.3370813877942602
dynamic_accel,46.284,1.275121683945537
dynamic_accel,46.334,2.546127651865813
dynamic_accel,46.384,1.717697711999218
dynamic_accel,46.434,3.120164801688194
dynamic_accel,46.484,0.0028655543730540245
dynamic_accel,46.534,-1.0478809012497177
dynamic_accel,46.584,-2.0018848651174164
dynamic_accel,46.634,-4.059304280676793
dynamic_accel,46.684,-3.6343395200796564
dynamic_accel,46.734,-1.0185816376271966
dynamic_accel,46.784,0.7752924234484802
dynamic_accel,46.834,0.8005421098294523
dynamic_accel,46.884,2.561075914618689
dynamic_accel,46.934,3.4712757078115946
dynamic_accel,46.984,3.1199761057583952
dynamic_accel,47.034,2.0965629029275803
dynamic_accel,47.084,-0.8913428262926733
dynamic_accel,47.134,-0.14570788051624817
dynamic_accel,47.184,-2.8985288154902804
dynamic_accel,47.234,-3.4671132945448626
dynamic_accel,47.284,-1.846190569374878
dynamic_accel,47.334,-0.9222947704940374
dynamic_accel,47.384,0.17684268408481252
dynamic_accel,47.434,0.7772634017817239
dynamic_accel,47.484,2.3284142619388764
dynamic_accel,47.534,0.7754259499365244
dynamic_accel,47.584,5.796265473857675
dynamic_accel,47.634,0.25079115796366835
dynamic_accel,47.684,-1.320203296837997
dynamic_accel,47.734,-2.3701357099018745
dynamic_accel,47.784,-1.7440755448569334
dynamic_accel,47.834,-2.461830097143727
dynamic_accel,47.884,-2.223525349732143
dynamic_accel,47.934,-1.1397097890232768
dynamic_accel,47.984,0.1543392128437695
dynamic_accel,48.034,2.029120850600078
dynamic_accel,48.084,2.3941104893442535
dynamic_accel,48.134,2.329378223438985
dynamic_accel,48.184,2.009030884867654
dynamic_accel,48.234,-0.945813836007579
dynamic_accel,48.284,0.11646752294591423
dynamic_accel,48.334,-0.21575521742429338
dynamic_accel,48.384,-1.6849481486476119
dynamic_accel,48.434,-1.7573040460010727
dynamic_accel,48.484,-1.2618364126973987
dynamic_accel,48.534,-1.0716621288011208
dynamic_accel,48.584,-0.4780845040392858
dynamic_accel,48.634,0.7751679045320294
dynamic_accel,48.684,0.4979111540191301
dynamic_accel,48.734,1.1267878347326352
dynamic_accel,48.784,1.232631152970761
dynamic_accel,48.834,1.7032712922763071
dynamic_accel,48.884,1.1958177284401899
dynamic_accel,48.934,1.7327510799248564
dynamic_accel,48.984,-1.4384058897213112
dynamic_accel,49.034,-1.4927156250562685
dynamic_accel,49.084,-1.2693720726382551
dynamic_accel,49.134,-0.6227074084573516
dynamic_accel,49.184,-0.8772172548732069
dynamic_accel,49.234,-0.49265425431976695
dynamic_accel,49.284,-0.20239992179840982
dynamic_accel,49.334,0.4482122145553209
dynamic_accel,49.384,1.2137430055022378
magnetic_norm,0.09,38.283907672059655
magnetic_norm,0.185,39.390935451705126
magnetic_norm,0.282,40.212535741227384
magnetic_norm,0.382,41.36102803628315
magnetic_norm,0.481,42.35149312356869
magnetic_norm,0.592,42.69414207103669
magnetic_norm,0.681,43.355444703874454
magnetic_norm,0.78,43.87979612328214
magnetic_norm,0.88,43.843111803275875
magnetic_norm,0.98,44.243762022900015
magnetic_norm,1.079,44.626820407392984
magnetic_norm,1.183,44.94765010605898
magnetic_norm,1.278,45.488929062758814
magnetic_norm,1.377,46.16650966388928
magnetic_norm,1.477,47.23163758438741
magnetic_norm,1.577,48.81519480294704
magnetic_norm,1.676,49.492506938343716
magnetic_norm,1.783,50.048312600921534
magnetic_norm,1.875,49.84139231072367
magnetic_norm,1.977,50.0781823922493
magnetic_norm,2.082,50.23071259485377
magnetic_norm,2.173,50.548466587146294
magnetic_norm,2.273,50.080078098856575
magnetic_norm,2.372,49.71939597063258
magnetic_norm,2.472,49.378073558297906
magnetic_norm,2.571,49.20982494351984
magnetic_norm,2.671,48.9593511665204
magnetic_norm,2.771,48.87871204963925
magnetic_norm,2.87,48.946691974157226
magnetic_norm,2.97,49.03459504034886
magnetic_norm,3.071,48.98187483914413
magnetic_norm,3.174,49.074733355878195
magnetic_norm,3.268,49.79105790379162
magnetic_norm,3.367,49.960951366872614
magnetic_norm,3.467,50.024390717672766
magnetic_norm,3.576,49.91954560263811
magnetic_norm,3.666,50.22771139712043
magnetic_norm,3.766,50.46667697642623
magnetic_norm,3.883,50.55007248670589
magnetic_norm,3.965,50.49599194008119
magnetic_norm,4.064,50.54185312676735
magnetic_norm,4.166,50.31065664584536
magnetic_norm,4.263,50.56450097516958
magnetic_norm,4.363,50.64727096813744
magnetic_norm,4.462,50.5745344746448
magnetic_norm,4.562,50.69693036836933
magnetic_norm,4.661,50.78985936378655
magnetic_norm,4.761,50.74802659842466
magnetic_norm,4.861,50.8726725722802
magnetic_norm,4.96,50.74480020239596
magnetic_norm,5.06,50.6409715395956
magnetic_norm,5.177,50.75156901777726
magnetic_norm,5.259,51.06890709246235
magnetic_norm,5.362,51.26887322762253
magnetic_norm,5.46,51.77830453782683
magnetic_norm,5.557,52.39966466835846
magnetic_norm,5.657,52.611582431248365
magnetic_norm,5.759,52.785079886835256
magnetic_norm,5.856,52.7535355349817
magnetic_norm,5.955,52.93168016820208
magnetic_norm,6.055,53.42268128408489
magnetic_norm,6.154,53.912663313556315
magnetic_norm,6.258,53.85545984143132
magnetic_norm,6.353,53.9985367111201
magnetic_norm,6.455,53.67772378977926
magnetic_norm,6.552,53.213496955343345
magnetic_norm,6.657,52.34412474491793
magnetic_norm,6.752,51.553399851096245
magnetic_norm,6.851,50.054212001717005
magnetic_norm,6.953,48.55490179714612
magnetic_norm,7.05,47.441242769851996
magnetic_norm,7.15,46.22279370798889
magnetic_norm,7.249,45.14335486719436
magnetic_norm,7.349,43.57186653451888
magnetic_norm,7.449,42.953810300923934
magnetic_norm,7.557,42.023162889811985
magnetic_norm,7.647,40.24632064381871
magnetic_norm,7.76,39.182285532332315
magnetic_norm,7.846,38.04409532395464
magnetic_norm,7.951,36.049867860385305
magnetic_norm,8.045,35.06502275647374
magnetic_norm,8.157,33.26187376160032
magnetic_norm,8.263,32.07286594674513
magnetic_norm,8.344,31.090355534529564
magnetic_norm,8.443,30.817675818166006
magnetic_norm,8.543,30.208256043206305
magnetic_norm,8.644,29.42628803654075
magnetic_norm,8.746,29.64703907661376
magnetic_norm,8.851,29.66024806564692
magnetic_norm,8.941,30.249409775808783
magnetic_norm,9.042,30.58757475329006
magnetic_norm,9.14,31.125760396889937
magnetic_norm,9.241,31.198367730319497
magnetic_norm,9.344,31.22721835191869
magnetic_norm,9.447,31.690938582869194
magnetic_norm,9.545,31.595201439080103
magnetic_norm,9.64,31.985809185618308
magnetic_norm,9.75,32.80635352437555
magnetic_norm,9.839,33.72453370026095
magnetic_norm,9.942,34.55436022219699
magnetic_norm,10.036,35.18123432841035
magnetic_norm,10.135,35.6642297334039
magnetic_norm,10.235,36.26919244015681
magnetic_norm,10.347,36.334085684406375
magnetic_norm,10.435,36.69885802962543
magnetic_norm,10.533,36.859172745415115
magnetic_norm,10.633,37.18265860481066
magnetic_norm,10.732,37.231096786817496
magnetic_norm,10.832,37.29629435007637
magnetic_norm,10.933,37.17589536871618
magnetic_norm,11.031,37.2365958208567
magnetic_norm,11.131,37.01844043835228
magnetic_norm,11.23,36.663946423316645
magnetic_norm,11.33,36.248696930556015
magnetic_norm,11.431,35.88924495022693
magnetic_norm,11.529,36.17382226614254
magnetic_norm,11.633,36.4400736532879
magnetic_norm,11.728,36.71970643014791
magnetic_norm,11.827,36.501179628774295
magnetic_norm,11.931,36.31431227434397
magnetic_norm,12.035,36.1143517913879
magnetic_norm,12.126,35.83156300756638
magnetic_norm,12.231,35.9787501028355
magnetic_norm,12.325,35.76776040162041
magnetic_norm,12.425,35.72017589901551
magnetic_norm,12.527,35.765048199391046
magnetic_norm,12.63,35.697069129924934
magnetic_norm,12.725,35.67145577500796
magnetic_norm,12.822,35.843776236724416
magnetic_norm,12.922,36.9355710186364
magnetic_norm,13.021,37.85945592459031
magnetic_norm,13.13,38.615467180961225
magnetic_norm,13.223,39.0701763018938
magnetic_norm,13.32,39.91227116037653
magnetic_norm,13.432,41.797631257959715
magnetic_norm,13.519,43.30880622207728
magnetic_norm,13.621,44.21819613940575
magnetic_norm,13.718,44.85459810543555
magnetic_norm,13.82,45.35038599664146
magnetic_norm,13.917,45.56154066244716
magnetic_norm,14.017,45.23046304861512
magnetic_norm,14.116,45.69385391162905
magnetic_norm,14.219,45.772870081603685
magnetic_norm,14.318,46.14546949391015
magnetic_norm,14.42,46.34718164222769
magnetic_norm,14.514,45.92580346780182
magnetic_norm,14.616,46.02826967680825
magnetic_norm,14.763,45.33390770595451
magnetic_norm,14.813,45.489086348062976
magnetic_norm,14.913,45.423794113610946
magnetic_norm,15.015,45.121055466694216
magnetic_norm,15.118,45.46388661537743
magnetic_norm,15.211,45.640357984014784
magnetic_norm,15.313,45.84723317863185
magnetic_norm,15.416,47.3307603182901
magnetic_norm,15.51,47.79228772597707
magnetic_norm,15.609,48.48993146981175
magnetic_norm,15.709,49.063019122941114
magnetic_norm,15.808,49.53054082464758
magnetic_norm,15.909,50.435663274040785
magnetic_norm,16.009,50.88879504315126
magnetic_norm,16.107,51.40061922697951
magnetic_norm,16.207,51.48573396329365
magnetic_norm,16.32,50.954176385109406
magnetic_norm,16.408,51.066756795419515
magnetic_norm,16.505,51.66467836506656
magnetic_norm,16.607,51.75569092359263
magnetic_norm,16.708,51.81095356248206
magnetic_norm,16.803,52.066329815292924
magnetic_norm,16.904,51.46860319304672
magnetic_norm,17.004,50.23693334640898
magnetic_norm,17.102,48.81688004798526
magnetic_norm,17.206,48.084817882019294
magnetic_norm,17.301,46.55325480733132
magnetic_norm,17.401,45.374288207490295
magnetic_norm,17.519,44.6650257025053
magnetic_norm,17.6,43.60213701463728
magnetic_norm,17.701,43.44883025277539
magnetic_norm,17.8,42.64855444066168
magnetic_norm,17.903,41.81631984261134
magnetic_norm,17.998,41.12926719419418
magnetic_norm,18.099,40.548989675361746
magnetic_norm,18.197,39.77776866186952
magnetic_norm,18.296,39.65033042454145
magnetic_norm,18.396,39.391998262028714
magnetic_norm,18.495,39.62186702138808
magnetic_norm,18.598,39.88054532042822
magnetic_norm,18.694,40.49086538913076
magnetic_norm,18.794,40.974515050878644
magnetic_norm,18.894,41.663462068604474
magnetic_norm,18.993,42.60755682411691
magnetic_norm,19.093,43.50416341996599
magnetic_norm,19.192,44.28369079136683
magnetic_norm,19.292,45.683223321224716
magnetic_norm,19.4,47.007346175086205
magnetic_norm,19.491,48.08825936927472
magnetic_norm,19.599,48.36033221637897
magnetic_norm,19.69,48.78975511816507
magnetic_norm,19.789,49.267888454175214
magnetic_norm,19.889,49.65268064586855
magnetic_norm,19.99,49.962962249861285
magnetic_norm,20.088,51.544864861847984
magnetic_norm,20.187,51.73552432116998
magnetic_norm,20.301,52.27949679273539
magnetic_norm,20.386,52.38408719169643
magnetic_norm,20.486,52.304330826439404
magnetic_norm,20.585,52.01779254348869
magnetic_norm,20.687,51.76243326275692
magnetic_norm,20.786,51.36312259559528
magnetic_norm,20.884,51.617122232801805
magnetic_norm,20.985,51.65659097726889
magnetic_norm,21.083,51.56382678230033
magnetic_norm,21.183,51.51074289164957
magnetic_norm,21.282,51.42993709836031
magnetic_norm,21.382,51.35691893141955
magnetic_norm,21.481,50.963737775182636
magnetic_norm,21.581,50.5242401635488
magnetic_norm,21.685,50.65699883599603
magnetic_norm,21.78,50.41168986399305
magnetic_norm,21.879,50.340544889164214
magnetic_norm,21.981,50.501612308450426
magnetic_norm,22.078,50.65122276079433
magnetic_norm,22.194,50.92289959530156
magnetic_norm,22.277,50.7557114706605
magnetic_norm,22.377,50.4821956026191
magnetic_norm,22.476,50.04453234429784
magnetic_norm,22.578,49.75998449669592
magnetic_norm,22.676,49.36429595712203
magnetic_norm,22.778,49.339179221653445
magnetic_norm,22.874,48.99906835437153
magnetic_norm,22.98,48.89344436852288
magnetic_norm,23.082,48.995968214629066
magnetic_norm,23.177,49.63654913505954
magnetic_norm,23.273,50.11930515706424
magnetic_norm,23.372,50.67224977456846
magnetic_norm,23.472,50.928864282645556
magnetic_norm,23.575,51.117396658648524
magnetic_norm,23.671,51.47968045848209
magnetic_norm,23.77,51.11273121196922
magnetic_norm,23.87,51.042867481852966
magnetic_norm,23.969,50.959206959994404
magnetic_norm,24.069,50.70143774970009
magnetic_norm,24.175,50.10913822767578
magnetic_norm,24.268,49.5316626259741
magnetic_norm,24.367,49.34527226984916
magnetic_norm,24.467,48.79208654686258
magnetic_norm,24.567,47.968128246621625
magnetic_norm,24.672,46.89898654247387
magnetic_norm,24.767,45.66648516988297
magnetic_norm,24.865,44.53844095343917
magnetic_norm,24.968,43.67809664873279
magnetic_norm,25.064,43.27233670262466
magnetic_norm,25.164,42.8779692951912
magnetic_norm,25.263,42.79003103871008
magnetic_norm,25.37,42.86433709298526
magnetic_norm,25.462,43.009789728726325
magnetic_norm,25.58,43.63399735988824
magnetic_norm,25.661,44.465425954263196
magnetic_norm,25.762,44.93082167789888
magnetic_norm,25.86,45.66390728310181
magnetic_norm,25.962,46.29008999552179
magnetic_norm,26.068,47.071923710689205
magnetic_norm,26.159,47.92510601180484
magnetic_norm,26.258,48.788471910217275
magnetic_norm,26.358,48.95346967642755
magnetic_norm,26.458,48.76392192061798
magnetic_norm,26.557,48.215463476126594
magnetic_norm,26.657,47.89843478083786
magnetic_norm,26.756,48.463149290815345
magnetic_norm,26.858,48.17590852020336
magnetic_norm,26.957,48.21489131171664
magnetic_norm,27.056,48.07182158479198
magnetic_norm,27.154,47.61932326318321
magnetic_norm,27.258,48.05353003693011
magnetic_norm,27.353,48.10348258208238
magnetic_norm,27.454,47.977688495146324
magnetic_norm,27.552,47.60301943629273
magnetic_norm,27.652,47.17123403030741
magnetic_norm,27.751,47.41858166279421
magnetic_norm,27.851,47.06124865092818
magnetic_norm,27.951,46.9255502114478
magnetic_norm,28.064,46.66956412533953
magnetic_norm,28.149,46.11479369549347
magnetic_norm,28.25,45.875272067805724
magnetic_norm,28.349,45.54949551585628
magnetic_norm,28.448,45.472177682613165
magnetic_norm,28.548,45.07127514371959
magnetic_norm,28.647,44.77042502064616
magnetic_norm,28.747,44.45896624284418
magnetic_norm,28.846,43.906925207477144
magnetic_norm,28.946,43.13710996372828
magnetic_norm,29.045,42.2511460665137
magnetic_norm,29.145,41.76408918085022
magnetic_norm,29.251,41.28813891727511
magnetic_norm,29.344,41.14138269541304
magnetic_norm,29.443,41.89004825509111
magnetic_norm,29.543,41.59318026068284
magnetic_norm,29.644,41.42605874122396
magnetic_norm,29.742,41.07371711253018
magnetic_norm,29.841,40.82151730922745
magnetic_norm,29.941,40.25113529677788
magnetic_norm,30.045,39.92666090040411
magnetic_norm,30.14,39.7214803145137
magnetic_norm,30.24,39.52239504866148
magnetic_norm,30.339,39.56183263536956
magnetic_norm,30.443,39.0130724124134
magnetic_norm,30.538,38.885494548112504
magnetic_norm,30.638,39.312280141217954
magnetic_norm,30.738,39.08501679674516
magnetic_norm,30.837,39.048335254003
magnetic_norm,30.936,39.2350822331876
magnetic_norm,31.038,39.22686352292282
magnetic_norm,31.135,39.1532376935042
magnetic_norm,31.235,39.45367888865022
magnetic_norm,31.334,39.94619988068216
magnetic_norm,31.434,40.6122750977111
magnetic_norm,31.533,40.83508045203483
magnetic_norm,31.646,41.296353318195166
magnetic_norm,31.732,41.44000276908418
magnetic_norm,31.832,41.88955559958758
magnetic_norm,31.931,42.64079257176963
magnetic_norm,32.031,43.14726519502364
magnetic_norm,32.132,43.618997246091766
magnetic_norm,32.23,45.17009778033143
magnetic_norm,32.33,46.37390376324991
magnetic_norm,32.429,47.400313559325376
magnetic_norm,32.529,47.92768773830656
magnetic_norm,32.628,48.2132940916738
magnetic_norm,32.728,48.6290795108945
magnetic_norm,32.827,49.29236080843711
magnetic_norm,32.927,49.979846909285286
magnetic_norm,33.026,50.75818756068688
magnetic_norm,33.126,51.8081710860127
magnetic_norm,33.226,53.45084949607115
magnetic_norm,33.325,54.65495678502976
magnetic_norm,33.447,55.660045120299124
magnetic_norm,33.524,57.32441889671684
magnetic_norm,33.626,58.25314729833226
magnetic_norm,33.723,59.6118357833081
magnetic_norm,33.822,60.995460961869824
magnetic_norm,33.922,62.584154587354476
magnetic_norm,34.041,63.874106053287036
magnetic_norm,34.121,65.28746809468754
magnetic_norm,34.221,65.55264769288303
magnetic_norm,34.322,65.92136544999371
magnetic_norm,34.42,66.15286197585944
magnetic_norm,34.519,65.18911603951176
magnetic_norm,34.619,63.096256504111
magnetic_norm,34.718,62.274802701175894
magnetic_norm,34.818,61.21000454399175
magnetic_norm,34.917,59.8565418355864
magnetic_norm,35.017,58.903038531560185
magnetic_norm,35.116,56.45194227431259
magnetic_norm,35.216,54.54381863926639
magnetic_norm,35.315,52.81541044437173
magnetic_norm,35.415,52.12283835773032
magnetic_norm,35.515,51.46502315256373
magnetic_norm,35.63,50.2447728266739
magnetic_norm,35.714,48.61825203344122
magnetic_norm,35.819,47.73445663457804
magnetic_norm,35.914,46.92452484291244
magnetic_norm,36.012,46.833115274271655
magnetic_norm,36.112,47.17863436071763
magnetic_norm,36.23,46.574461705833905
magnetic_norm,36.311,46.09115886153472
magnetic_norm,36.42,45.53986248807945
magnetic_norm,36.51,46.40556727475077
magnetic_norm,36.609,45.6408268384976
magnetic_norm,36.711,45.30741872860679
magnetic_norm,36.808,45.26217171755194
magnetic_norm,36.91,44.547397834040126
magnetic_norm,37.007,44.10304386068837
magnetic_norm,37.107,44.033905592401915
magnetic_norm,37.206,44.099100002177614
magnetic_norm,37.321,44.35046940122284
magnetic_norm,37.41,44.828082911037086
magnetic_norm,37.513,45.512196013073584
magnetic_norm,37.617,46.06751143477473
magnetic_norm,37.704,45.636738779541396
magnetic_norm,37.803,45.2570309654564
magnetic_norm,37.903,45.44917988794086
magnetic_norm,38.002,45.08960060004648
magnetic_norm,38.102,44.967822501174254
magnetic_norm,38.203,45.20427335534156
magnetic_norm,38.301,45.413631532000544
magnetic_norm,38.405,45.5060141170106
magnetic_norm,38.503,46.626711329884365
magnetic_norm,38.605,46.74935162879773
magnetic_norm,38.699,46.55352560616344
magnetic_norm,38.801,46.82212548679579
magnetic_norm,38.898,47.412198296680366
magnetic_norm,39.007,48.01597678285531
magnetic_norm,39.097,48.15627044718717
magnetic_norm,39.21,48.456480486589435
magnetic_norm,39.298,49.18837035622612
magnetic_norm,39.396,50.18687328495691
magnetic_norm,39.495,51.190225310120425
magnetic_norm,39.595,52.52062774724753
magnetic_norm,39.694,54.22256687506857
magnetic_norm,39.794,55.34902982767971
magnetic_norm,39.893,56.54935692819755
magnetic_norm,39.998,57.53723575793465
magnetic_norm,40.096,59.276716171086655
magnetic_norm,40.192,60.61831430949242
magnetic_norm,40.292,64.15615971546123
magnetic_norm,40.397,66.54882578025361
magnetic_norm,40.503,68.45496075503752
magnetic_norm,40.59,70.25799840779227
magnetic_norm,40.692,71.37364749330835
magnetic_norm,40.789,72.15652489724799
magnetic_norm,40.889,70.8003720882853
magnetic_norm,41.001,69.36070620873052
magnetic_norm,41.088,67.99865787456962
magnetic_norm,41.19,66.93586234186489
magnetic_norm,41.293,65.78613321515475
magnetic_norm,41.391,63.8343817668661
magnetic_norm,41.486,62.11897109339909
magnetic_norm,41.588,60.14482027181991
magnetic_norm,41.685,58.88240706895926
magnetic_norm,41.785,57.34898060554501
magnetic_norm,41.884,55.72091684447497
magnetic_norm,41.984,53.90660365250626
magnetic_norm,42.083,51.95452088563939
magnetic_norm,42.183,50.72471371804301
magnetic_norm,42.282,49.931684128562395
magnetic_norm,42.384,48.611421263833165
magnetic_norm,42.481,47.526410019582414
magnetic_norm,42.581,46.475458110696835
magnetic_norm,42.686,44.525050858636455
magnetic_norm,42.784,43.327417273251044
magnetic_norm,42.882,42.41886067716354
magnetic_norm,42.982,41.77002191522704
magnetic_norm,43.091,41.1891774318616
magnetic_norm,43.178,39.733843295199286
magnetic_norm,43.278,39.303711194435024
magnetic_norm,43.403,38.21848624234745
magnetic_norm,43.476,38.08844231585456
magnetic_norm,43.576,37.66066787000097
magnetic_norm,43.676,38.18933709542111
magnetic_norm,43.775,37.84616834607039
magnetic_norm,43.885,37.66329142240669
magnetic_norm,43.974,37.71241286986957
magnetic_norm,44.074,38.08440794883973
magnetic_norm,44.179,36.845005555258155
magnetic_norm,44.275,36.98216333413689
magnetic_norm,44.374,36.14512957058294
magnetic_norm,44.473,35.545153009268326
magnetic_norm,44.571,35.060867890058034
magnetic_norm,44.671,34.919808002397666
magnetic_norm,44.77,33.58166208606102
magnetic_norm,44.871,33.82672692045112
magnetic_norm,44.969,34.75953354045422
magnetic_norm,45.069,34.93031330406152
magnetic_norm,45.168,35.713354979471234
magnetic_norm,45.268,35.69299460327766
magnetic_norm,45.367,36.001089445358645
magnetic_norm,45.467,36.71718348797612
magnetic_norm,45.567,37.10078938560437
magnetic_norm,45.666,38.60757091613925
magnetic_norm,45.766,39.904183605483226
magnetic_norm,45.865,41.25943275414816
magnetic_norm,45.965,42.3049121834666
magnetic_norm,46.064,41.715568604880005
magnetic_norm,46.165,42.987248589316174
magnetic_norm,46.263,44.32826826681339
magnetic_norm,46.363,46.514020462407316
magnetic_norm,46.465,47.607456283719515
magnetic_norm,46.564,49.726899835918736
magnetic_norm,46.665,51.52126206740621
magnetic_norm,46.761,52.80432012979484
magnetic_norm,46.873,53.45538372876184
magnetic_norm,46.96,54.375068504776706
magnetic_norm,47.059,54.3431288508768
magnetic_norm,47.159,54.38479216860427
magnetic_norm,47.258,54.613447240497585
magnetic_norm,47.358,54.13277970686441
magnetic_norm,47.46,54.00313976186997
magnetic_norm,47.562,53.49565746247392
magnetic_norm,47.66,53.40717119737912
magnetic_norm,47.767,52.717091606646136
magnetic_norm,47.875,52.49520597514637
magnetic_norm,47.956,52.383941212223874
magnetic_norm,48.057,52.672923154083385
magnetic_norm,48.167,52.95330496111457
magnetic_norm,48.254,53.32303691750359
magnetic_norm,48.358,53.26723125335719
magnetic_norm,48.456,52.57751141552102
magnetic_norm,48.554,52.49035829406238
magnetic_norm,48.696,52.92435446909135
magnetic_norm,48.755,52.45275523452039
magnetic_norm,48.853,52.29155972320097
magnetic_norm,48.964,51.70403724023916
magnetic_norm,49.05,51.52808095410085
magnetic_norm,49.153,51.56057611605193
magnetic_norm,49.249,51.585824046797995
magnetic_norm,49.348,51.90021744562649
pressure,1.09,1004.9789428710938
pressure,2.095,1004.9750518798828
pressure,3.115,1004.9711608886719
pressure,4.127,1004.9632263183594
pressure,5.138,1004.9550628662109
pressure,6.653,1004.9550628662109
pressure,7.731,1004.9539947509766
pressure,8.809,1004.9552154541016
pressure,9.884,1004.9558258056641
pressure,10.972,1004.9595642089844
pressure,12.058,1004.9595642089844
pressure,13.113,1004.9558258056641
pressure,14.198,1004.9553680419922
pressure,15.275,1004.9532318115234
pressure,16.349,1004.94873046875
pressure,17.438,1004.94873046875
pressure,18.507,1004.94873046875
pressure,19.582,1004.9484252929688
pressure,20.667,1004.9482727050781
pressure,21.742,1004.9475860595703
pressure,22.816,1004.9433898925781
pressure,23.91,1004.9412536621094
pressure,24.977,1004.9411010742188
pressure,26.068,1004.9387359619141
pressure,27.148,1004.9387359619141
pressure,28.213,1004.9368286132812
pressure,29.286,1004.9364471435547
pressure,30.37,1004.9349975585938
pressure,31.481,1004.9349975585938
pressure,32.52,1004.9349975585938
pressure,33.605,1004.9324798583984
pressure,34.68,1004.9324798583984
pressure,35.755,1004.9334716796875
pressure,36.85,1004.9352264404297
pressure,37.915,1004.9368286132812
pressure,38.989,1004.9391937255859
pressure,40.074,1004.940185546875
pressure,41.151,1004.9425506591797
pressure,42.227,1004.9437713623047
pressure,43.322,1004.9437713623047
pressure,44.384,1004.9410247802734
pressure,45.459,1004.9410247802734
pressure,46.543,1004.940185546875
pressure,47.638,1004.9365997314453
pressure,48.709,1004.9365997314453
device_yaw,0.091,177.04243718461706
device_yaw,0.141,176.95726682059578
device_yaw,0.191,176.9124569075108
device_yaw,0.241,176.8945539617167
device_yaw,0.291,176.89548589302618
device_yaw,0.341,176.95201920699165
device_yaw,0.391,176.69895910376505
device_yaw,0.441,176.57994173887835
device_yaw,0.491,176.5801331002404
device_yaw,0.541,176.66463554339984
device_yaw,0.591,176.75188165437103
device_yaw,3.891,203.33091968188663
device_yaw,3.941,203.49740620226905
device_yaw,3.991,203.6793168448167
device_yaw,4.041,203.87151023547455
device_yaw,4.091,203.87151023547455
device_yaw,4.141,203.87151023547455
device_yaw,4.191,204.04778876431226
device_yaw,4.241,204.2231851611416
device_yaw,4.291,204.39725835995833
device_yaw,5.141,199.60235097673197
device_yaw,5.191,198.78997517540333
device_yaw,5.241,198.02656842867526
device_yaw,5.291,197.32260082386153
device_yaw,5.341,196.7638591130574
device_yaw,5.391,196.35742441287704
device_yaw,5.441,195.4275795001926
device_yaw,5.491,194.7881071482777
device_yaw,5.541,194.51789444692332
device_yaw,5.591,194.64064811041987
device_yaw,5.641,195.17524117238725
device_yaw,5.691,196.103617426074
device_yaw,5.741,197.2708956023738
device_yaw,5.791,198.65337798078437
device_yaw,5.841,200.2357209443235
device_yaw,5.891,201.84925858573254
device_yaw,5.941,203.38384140647113
device_yaw,5.991,204.790376119295
device_yaw,6.041,206.00685433424422
device_yaw,6.091,206.95259791492288
device_yaw,6.141,207.65352667661855
device_yaw,6.191,207.9448921155823
device_yaw,6.241,207.8632425048509
device_yaw,6.291,207.522544098726
device_yaw,6.341,206.98180137485642
device_yaw,6.391,206.27234025587714
device_yaw,6.441,205.4917379951231
device_yaw,6.491,204.7034559125179
device_yaw,6.541,203.95545532935265
device_yaw,6.591,203.2612637977863
device_yaw,6.641,202.6208813178189
device_yaw,6.691,202.03668849102252
device_yaw,6.741,201.66074112598037
device_yaw,6.791,201.4674838860692
device_yaw,6.841,201.50304816996032
device_yaw,6.891,201.79443664115917
device_yaw,6.941,201.8446242777241
device_yaw,6.991,201.94986331935732
device_yaw,7.041,202.1307980429594
device_yaw,7.091,202.3445016644883
device_yaw,7.141,202.58255812061577
device_yaw,7.991,204.5121199568198
device_yaw,8.041,205.8176452657228
device_yaw,8.091,207.17929164520976
device_yaw,8.141,208.41916289110605
device_yaw,8.191,209.36516573364707
device_yaw,8.241,210.09368566041695
device_yaw,8.291,211.70122451685327
device_yaw,8.341,213.01473694220087
device_yaw,8.391,213.88822056002346
device_yaw,8.441,214.28375367172785
device_yaw,8.491,214.16505436261406
device_yaw,8.541,213.47934054919563
device_yaw,8.591,212.31876002336386
device_yaw,8.641,210.6978856432274
device_yaw,8.691,208.86505792727715
device_yaw,8.741,207.03212513612098
device_yaw,8.791,205.2405204882498
device_yaw,8.841,203.54675315049462
device_yaw,8.891,202.08448510887976
device_yaw,8.941,200.9483848862391
device_yaw,8.991,200.2701377234491
device_yaw,9.041,200.12371220377835
device_yaw,9.091,200.5791903765761
device_yaw,9.141,201.62066221913963
device_yaw,9.191,203.1710381402156
device_yaw,9.241,205.04649908620183
device_yaw,9.291,207.14176344116697
device_yaw,9.341,209.17091703130242
device_yaw,9.391,211.04512850186646
device_yaw,9.441,212.72474547369512
device_yaw,9.491,214.1357122619601
device_yaw,9.541,215.12621505293137
device_yaw,9.591,215.67900349124417
device_yaw,9.641,215.59533886306156
device_yaw,9.691,214.8165180282096
device_yaw,9.741,213.48902506061037
device_yaw,9.791,211.79365480420222
device_yaw,9.841,209.92579998764265
device_yaw,9.891,208.1572320465017
device_yaw,9.941,206.52027316868998
device_yaw,9.991,205.05457573337145
device_yaw,10.041,203.87239151682297
device_yaw,10.091,203.0100085079861
device_yaw,10.141,202.56456683972456
device_yaw,10.191,202.9321169603588
device_yaw,10.241,203.91104907928283
device_yaw,10.291,205.34670744105813
device_yaw,10.341,206.9582542333328
device_yaw,10.391,208.49754180845383
device_yaw,10.441,209.94104012677278
device_yaw,10.491,211.2167666895314
device_yaw,10.541,212.4270674444304
device_yaw,10.591,213.49362779518842
device_yaw,10.641,214.3726982105518
device_yaw,10.691,214.86030758337193
device_yaw,10.741,214.75131167007177
device_yaw,10.791,214.22952016356513
device_yaw,10.841,213.42182301092208
device_yaw,10.891,212.49398740892414
device_yaw,10.941,211.60203447053257
device_yaw,10.991,210.74924817436622
device_yaw,11.041,210.00761101918306
device_yaw,11.091,209.27477705728234
device_yaw,11.141,208.51022923395274
device_yaw,11.191,207.83587365179073
device_yaw,11.241,207.40945555407063
device_yaw,11.291,207.2281311454055
device_yaw,11.341,207.3359597724783
device_yaw,11.391,207.60820847921906
device_yaw,11.441,208.0051609394971
device_yaw,11.491,208.4718340681442
device_yaw,11.541,208.9995035439513
device_yaw,11.591,209.50293733300057
device_yaw,11.641,209.98343055802218
device_yaw,11.691,210.49639418512388
device_yaw,11.741,210.93586098358418
device_yaw,11.791,211.2571251487551
device_yaw,11.841,211.4588877641575
device_yaw,11.891,211.5007265206058
device_yaw,11.941,211.419044944837
device_yaw,11.991,211.2535593629818
device_yaw,12.041,211.03907984869454
device_yaw,12.091,210.78104674456574
device_yaw,12.141,210.56469208451324
device_yaw,12.191,210.38872074580692
device_yaw,12.241,210.23664388940733
device_yaw,12.291,210.0967653792651
device_yaw,12.341,209.95685029860434
device_yaw,12.391,209.803644154251
device_yaw,12.441,209.63714694620512
device_yaw,12.491,209.4936567298156
device_yaw,12.541,209.38592687588053
device_yaw,12.591,209.31395738440003
device_yaw,12.641,209.27774825537406
device_yaw,12.691,209.27729948880258
device_yaw,12.741,209.35547512539716
device_yaw,12.791,209.48011843998987
device_yaw,12.841,209.60177568538447
device_yaw,12.891,209.72044686158094
device_yaw,12.941,209.83613196857922
device_yaw,12.991,210.04609272872506
device_yaw,13.041,210.301671443263
device_yaw,13.091,210.44341444542178
device_yaw,13.141,210.4574776979048
device_yaw,13.191,210.21505109994996
device_yaw,13.241,209.76841886061777
device_yaw,13.291,209.08138952021827
device_yaw,13.341,208.10710890967619
device_yaw,13.391,207.00875614710222
device_yaw,13.441,205.8800082002579
device_yaw,13.491,204.71987522763374
device_yaw,13.541,203.42983570859923
device_yaw,13.591,202.09495119780385
device_yaw,13.641,200.873757186074
device_yaw,13.691,199.7800977107064
device_yaw,13.741,198.9684071684975
device_yaw,13.791,198.4399294490011
device_yaw,13.841,198.17082930140705
device_yaw,13.891,198.23296405847188
device_yaw,13.941,198.53516564363036
device_yaw,13.991,198.9523836413919
device_yaw,14.041,199.48050058782158
device_yaw,14.091,200.04705720968244
device_yaw,14.141,200.57116058778482
device_yaw,14.191,201.04097552727515
device_yaw,14.241,201.4565020281535
device_yaw,14.291,201.79211579438552
device_yaw,14.341,201.90323265451516
device_yaw,14.391,201.79108315759905
device_yaw,14.441,201.45780925256642
device_yaw,14.491,200.9065792147814
device_yaw,14.541,200.09350533856468
device_yaw,14.591,199.07588869007643
device_yaw,14.641,197.9586216963736
device_yaw,14.691,196.7670515155273
device_yaw,14.741,195.52916169345232
device_yaw,14.791,194.26881099927496
device_yaw,14.841,192.9120336889454
device_yaw,14.891,191.5076175331121
device_yaw,14.941,190.28177869399104
device_yaw,14.991,189.24112371178296
device_yaw,15.041,188.4798976031104
device_yaw,15.091,188.2188249278399
device_yaw,15.141,188.41500864524562
device_yaw,15.191,189.03976293006937
device_yaw,15.241,189.9868212898513
device_yaw,15.291,191.09809451606455
device_yaw,15.341,192.25694423572156
device_yaw,15.391,193.51696993836603
device_yaw,15.441,194.92043992619122
device_yaw,15.491,196.25707015771303
device_yaw,15.541,197.46280050053682
device_yaw,15.591,198.36227213621444
device_yaw,15.641,198.76907772788024
device_yaw,15.691,198.71818941010753
device_yaw,15.741,198.28647925261376
device_yaw,15.791,197.66108874865049
device_yaw,15.841,196.9721235608298
device_yaw,15.891,196.31236329301282
device_yaw,15.941,195.70217419970578
device_yaw,15.991,195.14155628090867
device_yaw,16.041,194.75133772127657
device_yaw,16.091,194.5339039426118
device_yaw,16.141,194.5569103373605
device_yaw,16.191,194.91569564461312
device_yaw,16.241,195.60424791510184
device_yaw,16.291,196.59756636064415
device_yaw,16.341,197.77154000052448
device_yaw,16.391,198.9040894180021
device_yaw,16.441,199.99521461307702
device_yaw,16.491,201.0449155857493
device_yaw,16.541,202.05319233601895
device_yaw,16.591,202.8992166792308
device_yaw,16.641,203.63402845325098
device_yaw,16.691,204.19172812990564
device_yaw,16.741,204.44884726326447
device_yaw,16.791,204.3148723801786
device_yaw,16.841,203.84164226984774
device_yaw,16.891,203.13767361713252
device_yaw,16.941,202.42504583877354
device_yaw,16.991,201.70375893477086
device_yaw,17.041,200.97381290512448
device_yaw,17.091,200.2807468539386
device_yaw,17.141,199.6359455572394
device_yaw,17.191,199.050043887753
device_yaw,17.241,198.69376917722505
device_yaw,17.291,198.70545941630186
device_yaw,17.341,199.03962378580465
device_yaw,17.391,199.5717893736523
device_yaw,17.441,200.19219648169076
device_yaw,17.491,200.81244516880025
device_yaw,17.541,201.43253543498074
device_yaw,17.591,202.05246728023224
device_yaw,17.641,202.62670160045047
device_yaw,17.691,203.14311079931437
device_yaw,17.741,203.59005735886848
device_yaw,17.791,203.8621424512561
device_yaw,17.841,203.86738724519893
device_yaw,17.891,203.63539393409718
device_yaw,17.941,203.23870338511367
device_yaw,17.991,202.73264314659735
device_yaw,18.041,202.1946906483107
device_yaw,18.091,201.6197058849091
device_yaw,18.141,200.98637711308268
device_yaw,18.191,200.31451575553154
device_yaw,18.241,199.6338096595264
device_yaw,18.291,198.9558963430227
device_yaw,18.341,198.26764477309717
device_yaw,18.391,197.87121848147748
device_yaw,18.441,197.54313277184568
device_yaw,18.491,197.23440022281858
device_yaw,18.541,196.90930765211075
device_yaw,18.591,196.579699653037
device_yaw,19.941,186.4513589827741
device_yaw,19.991,186.666678398722
device_yaw,20.041,186.99399881848166
device_yaw,20.091,187.42030924314395
device_yaw,20.141,187.7495201766282
device_yaw,20.191,188.0081132983467
device_yaw,20.241,188.42091297704295
device_yaw,20.291,188.80417010477578
device_yaw,20.341,189.15788468154508
device_yaw,20.391,189.48205670735095
device_yaw,20.441,189.7766861821933
device_yaw,20.491,190.0417731060721
device_yaw,20.541,190.18537286440971
device_yaw,20.591,190.1578808879326
device_yaw,20.641,189.93791151789307
device_yaw,20.691,189.66760671466633
device_yaw,20.741,189.35840991946046
device_yaw,20.791,189.02006924886018
device_yaw,20.841,188.65258470286545
device_yaw,20.891,188.23775493090434
device_yaw,20.941,187.770067897583
device_yaw,20.991,187.27915266610168
device_yaw,21.041,186.7650092364603
device_yaw,21.091,186.23884564886123
device_yaw,21.141,185.70431273872157
device_yaw,21.191,185.1776667911903
device_yaw,21.241,184.67269627386278
device_yaw,21.291,184.18104319321753
device_yaw,21.341,183.69758760419955
device_yaw,21.391,183.22232950680885
device_yaw,21.441,182.7798817854474
device_yaw,21.491,182.42277439026162
device_yaw,21.541,182.12137825805144
device_yaw,21.591,181.87569338881676
device_yaw,21.641,181.69516936437532
device_yaw,21.691,181.6386766915344
device_yaw,21.741,181.6907909625132
device_yaw,21.791,181.81272661766917
device_yaw,21.841,182.00139820931588
device_yaw,21.891,182.28185849424042
device_yaw,21.941,182.69032552537954
device_yaw,21.991,183.20985447564098
device_yaw,22.041,183.7800770780573
device_yaw,22.091,184.31702080007028
device_yaw,22.141,184.80701569451932
device_yaw,22.191,185.25006176140442
device_yaw,22.241,185.6027062326736
device_yaw,22.291,185.81620257824696
device_yaw,22.341,185.8935531542431
device_yaw,22.391,185.87285950818782
device_yaw,22.441,185.75294314715933
device_yaw,22.491,185.5051287074533
device_yaw,22.541,185.20783368542345
device_yaw,22.591,184.87440843328434
device_yaw,22.641,184.58882548359432
device_yaw,22.691,184.38656886945083
device_yaw,22.741,184.26953546789193
device_yaw,22.791,184.31652879565232
device_yaw,22.841,184.5881898098091
device_yaw,22.891,185.23599083335026
device_yaw,22.941,186.19693787009345
device_yaw,22.991,187.38813630138185
device_yaw,23.041,188.7256873446493
device_yaw,23.091,190.0126969901359
device_yaw,23.141,191.24378982923056
device_yaw,23.191,192.41896586193323
device_yaw,23.241,193.51641100230702
device_yaw,23.291,194.4758705914849
device_yaw,23.341,195.10728438326908
device_yaw,23.391,195.52323684803685
device_yaw,23.441,195.6009617711975
device_yaw,23.491,195.2894536797294
device_yaw,23.541,194.70666831963266
device_yaw,23.591,193.965818394322
device_yaw,23.641,193.19711405193203
device_yaw,23.691,192.4647474329043
device_yaw,23.741,191.76871853723887
device_yaw,23.791,191.10902736493566
device_yaw,23.841,190.54403169782373
device_yaw,23.891,190.184988265366
device_yaw,23.941,189.90807158599935
device_yaw,23.991,189.7156942310703
device_yaw,24.041,189.68375412225706
device_yaw,24.091,189.78521525622128
device_yaw,24.141,190.07243531252058
device_yaw,24.191,190.50154059950026
device_yaw,24.241,190.93299642539702
device_yaw,24.291,191.29351103058607
device_yaw,24.341,191.57415265885413
device_yaw,24.391,191.72222574880962
device_yaw,24.441,191.7307341178498
device_yaw,24.491,191.5808067822112
device_yaw,24.541,191.2923672121308
device_yaw,24.591,190.94859719682327
device_yaw,24.641,190.51296917688853
device_yaw,24.691,189.89586223635897
device_yaw,24.741,189.13979159296187
device_yaw,24.791,188.33242952219243
device_yaw,24.841,187.56184570424531
device_yaw,24.891,186.83697189533387
device_yaw,24.941,186.2105036568497
device_yaw,24.991,185.68943717139547
device_yaw,25.041,185.29264342273473
device_yaw,25.091,185.00019894063038
device_yaw,25.141,184.7621410612961
device_yaw,25.191,184.58479723719438
device_yaw,25.241,184.4685740946543
device_yaw,25.291,184.41362976613712
device_yaw,25.341,184.49392957599653
device_yaw,25.391,184.6933776650824
device_yaw,25.441,184.98156726410423
device_yaw,25.491,185.3452629503504
device_yaw,25.541,185.74978115330737
device_yaw,25.591,186.19512187297514
device_yaw,25.641,186.68128510935375
device_yaw,25.691,187.17387365439674
device_yaw,25.741,187.60883400735122
device_yaw,25.791,187.98616616821712
device_yaw,25.841,188.26633667360312
device_yaw,25.891,188.34664268210224
device_yaw,25.941,188.26240897792843
device_yaw,25.991,188.00200715624322
device_yaw,26.041,187.5048685953412
device_yaw,26.091,186.91531647331513
device_yaw,26.141,186.25641003193016
device_yaw,26.191,185.58082835987486
device_yaw,26.241,184.89832520536777
device_yaw,26.291,184.26662661669934
device_yaw,26.341,183.6857325938696
device_yaw,26.391,183.19517660027
device_yaw,26.441,182.81674183739133
device_yaw,26.491,182.51642145960002
device_yaw,26.541,182.35780336489572
device_yaw,26.591,182.50022041256983
device_yaw,26.641,182.92701256564166
device_yaw,26.691,183.5518147358318
device_yaw,26.741,184.29181208414295
device_yaw,26.791,185.09355742067575
device_yaw,26.841,185.85009499010565
device_yaw,26.891,186.5614247924326
device_yaw,26.941,187.22754682765662
device_yaw,26.991,187.84846109577768
device_yaw,27.041,188.3821199660264
device_yaw,27.091,188.79335688508266
device_yaw,27.141,189.0060100209024
device_yaw,27.191,188.92868404666157
device_yaw,27.241,188.64613456241568
device_yaw,27.291,188.19603371836655
device_yaw,27.341,187.63440833881003
device_yaw,27.391,187.09191919156422
device_yaw,27.441,186.56856627662918
device_yaw,27.491,186.06434959400488
device_yaw,27.541,185.5792691436913
device_yaw,27.591,185.15537255645793
device_yaw,27.641,184.8062736617542
device_yaw,27.691,184.5226054767497
device_yaw,27.741,184.30278375766994
device_yaw,27.791,184.15085542436685
device_yaw,27.841,184.0777471852667
device_yaw,27.891,184.07230374037246
device_yaw,27.941,184.112584587745
device_yaw,27.991,184.28074818218224
device_yaw,28.041,184.28677165838124
device_yaw,28.091,184.30734031614804
device_yaw,28.141,184.3479085985705
device_yaw,28.191,184.41704777335832
device_yaw,28.241,184.5290432866941
device_yaw,29.641,182.64426807263177
device_yaw,29.691,182.14291540298018
device_yaw,29.741,181.62249175589977
device_yaw,29.791,181.10924268547424
device_yaw,29.841,180.6325766640711
device_yaw,29.891,180.19487841356906
device_yaw,29.941,179.37646576479344
device_yaw,29.991,178.59226047199098
device_yaw,30.041,177.83928600840366
device_yaw,30.091,177.1166024182132
device_yaw,30.141,176.50380643369314
device_yaw,30.191,176.1621272359065
device_yaw,30.241,175.83183033044378
device_yaw,30.291,175.56336834345714
device_yaw,30.341,175.35767094651246
device_yaw,30.391,175.19351902569073
device_yaw,31.791,174.22813551161053
device_yaw,31.841,174.22813551161053
device_yaw,31.891,174.22813551161053
device_yaw,32.491,173.42717739701848
device_yaw,32.541,173.57594506047926
device_yaw,32.591,173.57594506047926
device_yaw,32.641,173.57594506047926
device_yaw,32.691,173.57594506047926
device_yaw,32.741,173.57594506047926
device_yaw,32.791,173.81564063615156
device_yaw,36.191,185.1097620017434
device_yaw,36.241,184.7838890053051
device_yaw,36.291,184.3932530705055
device_yaw,36.341,184.01239376990017
device_yaw,36.391,183.63533652181638
device_yaw,36.441,183.2605187589593
device_yaw,36.491,182.64977393078766
device_yaw,36.541,182.01746615275582
device_yaw,36.591,181.36086841883838
device_yaw,36.641,180.65666020517185
device_yaw,36.691,179.93783419213798
device_yaw,36.741,179.25717298322974
device_yaw,36.791,178.67662266493747
device_yaw,36.841,178.2177421914436
device_yaw,36.891,177.83720725930118
device_yaw,36.941,177.53778295161422
device_yaw,36.991,177.31999491226267
device_yaw,37.041,177.1557851138638
device_yaw,37.091,177.04515355641766
device_yaw,37.141,177.01314656194734
device_yaw,37.191,177.22760077763803
device_yaw,37.241,177.7178803360966
device_yaw,37.291,178.50251290343328
device_yaw,37.341,179.42233983533558
device_yaw,37.391,180.35795033744688
device_yaw,37.441,181.3093444097672
device_yaw,37.491,182.29710351796325
device_yaw,37.541,183.35533907700855
device_yaw,37.591,184.461352552567
device_yaw,37.641,185.56213267759333
device_yaw,37.691,186.59805904929698
device_yaw,37.741,187.42461554435616
device_yaw,37.791,188.00742959545613
device_yaw,37.841,188.36661844717898
device_yaw,37.891,188.62537750905585
device_yaw,37.941,188.89343110128328
device_yaw,37.991,189.21105052050686
device_yaw,38.041,189.55681116733675
device_yaw,38.091,189.92468970605535
device_yaw,38.141,190.3809610431389
device_yaw,38.191,190.9889206570724
device_yaw,38.241,191.80270460947867
device_yaw,38.291,192.73276762151954
device_yaw,38.341,193.69826657467414
device_yaw,38.391,194.66055655825014
device_yaw,38.441,195.61963757224757
device_yaw,38.491,196.74190414158528
device_yaw,38.541,197.9653582644176
device_yaw,38.591,199.30747485043705
device_yaw,38.641,200.6546534197906
device_yaw,38.691,201.9137450334234
device_yaw,38.741,203.05696135695177
device_yaw,38.791,204.08400820041825
device_yaw,38.841,205.10676145151072
device_yaw,38.891,206.19936554544935
device_yaw,38.941,207.25121896813442
device_yaw,38.991,208.20311152036567
device_yaw,39.041,208.83651501783504
device_yaw,39.091,209.22541284407035
device_yaw,39.141,209.32920046854497
device_yaw,39.191,209.26079149964988
device_yaw,39.241,209.10743374976028
device_yaw,39.291,208.88663134182025
device_yaw,39.341,208.58970015016604
device_yaw,39.391,208.1943095659479
device_yaw,39.441,207.71404735266242
device_yaw,39.491,207.27307687335858
device_yaw,39.541,206.93060832723665
device_yaw,39.591,206.72993533295866
device_yaw,39.641,206.69069224194175
device_yaw,39.691,206.8661636033644
device_yaw,39.741,207.2119912949893
device_yaw,39.791,207.68646025017222
device_yaw,39.841,208.38570809753003
device_yaw,39.891,209.33801385502755
device_yaw,39.941,210.31518604927032
device_yaw,39.991,211.21073497632509
device_yaw,40.041,212.00564914360731
device_yaw,40.091,212.68856039521708
device_yaw,40.141,213.22289649546602
device_yaw,40.191,213.4026580567399
device_yaw,40.241,213.18327259397665
device_yaw,40.291,212.66749445122093
device_yaw,40.341,211.9151597549946
device_yaw,40.391,210.89917509738896
device_yaw,40.441,209.64934243874504
device_yaw,40.491,208.47406031773656
device_yaw,40.541,207.5306612621731
device_yaw,40.591,206.76605788819282
device_yaw,40.641,206.12516518714395
device_yaw,40.691,205.64455539471473
device_yaw,40.741,205.48730327602797
device_yaw,40.791,205.74495931119574
device_yaw,40.841,206.3721115633931
device_yaw,40.891,207.33993222473438
device_yaw,40.941,208.53213418598068
device_yaw,40.991,209.86523695933022
device_yaw,41.041,211.2886914617505
device_yaw,41.091,212.5966605714427
device_yaw,41.141,213.76065514250848
device_yaw,41.191,214.8471283394997
device_yaw,41.241,215.82279750675815
device_yaw,41.291,216.54801495987448
device_yaw,41.341,216.94310587664802
device_yaw,41.391,217.0536348725627
device_yaw,41.441,216.85447820002383
device_yaw,41.491,216.35672314577712
device_yaw,41.541,215.6471377153366
device_yaw,41.591,214.78239010274257
device_yaw,41.641,213.88260128004805
device_yaw,41.691,213.03479742064818
device_yaw,41.741,212.23897852454309
device_yaw,41.791,211.52842724739077
device_yaw,41.841,211.01382486634748
device_yaw,41.891,210.69855641394236
device_yaw,41.941,210.49667178191567
device_yaw,41.991,210.5097041966531
device_yaw,42.041,210.712548303519
device_yaw,42.091,211.07179789231722
device_yaw,42.141,211.50410831520549
device_yaw,42.191,211.97860149918813
device_yaw,42.241,212.41515963945596
device_yaw,42.291,212.79852220175965
device_yaw,42.341,213.1273502979181
device_yaw,42.391,213.39628837520695
device_yaw,42.441,213.59494491851075
device_yaw,42.491,213.64628777885474
device_yaw,42.541,213.50397135437942
device_yaw,42.591,213.25406442002986
device_yaw,42.641,212.81932965939862
device_yaw,42.691,212.2032609570104
device_yaw,42.741,211.47043153241955
device_yaw,42.791,210.7153840895031
device_yaw,42.841,210.33322367550718
device_yaw,42.891,209.9168280406801
device_yaw,42.941,209.46072286220624
device_yaw,42.991,208.9642192879899
device_yaw,43.041,208.5483437266133
device_yaw,43.741,208.62969878110775
device_yaw,43.791,208.68464190492017
device_yaw,43.841,208.69183025193115
device_yaw,43.891,208.59179314358934
device_yaw,43.941,208.4781615149499
device_yaw,43.991,208.43595683218965
device_yaw,44.041,208.4201686716712
device_yaw,44.091,208.2386453598913
device_yaw,44.141,207.89008650450754
device_yaw,44.191,207.37600401168592
device_yaw,44.241,206.80761011400318
device_yaw,44.291,206.29332749001003
device_yaw,44.341,205.83315613970635
device_yaw,44.391,205.4277485787804
device_yaw,44.441,205.1490094109563
device_yaw,44.491,204.94106291037085
device_yaw,44.541,204.76767943728393
device_yaw,44.591,204.82616705042602
device_yaw,44.641,205.23546479828948
device_yaw,44.691,205.93679466880255
device_yaw,44.741,206.84060949273908
device_yaw,44.791,207.69345861421635
device_yaw,44.841,208.46494074908716
device_yaw,44.891,209.17341811533018
device_yaw,44.941,209.87638522085618
device_yaw,44.991,210.56361931988366
device_yaw,45.041,211.2351204124125
device_yaw,45.091,211.84580426845096
device_yaw,45.141,212.35229518392282
device_yaw,45.191,212.6175055370205
device_yaw,45.241,212.6021343877839
device_yaw,45.291,212.53639014136425
device_yaw,45.341,212.5195877078371
device_yaw,45.391,212.57008026703735
device_yaw,45.441,212.68785361616727
device_yaw,45.491,212.79994527359358
device_yaw,46.091,213.86720955882194
device_yaw,46.141,213.77175494358977
device_yaw,46.191,213.6059254624971
device_yaw,46.241,213.36624198623394
device_yaw,46.291,213.0456801241938
device_yaw,46.341,212.59439423466299
device_yaw,46.391,211.94302836226498
device_yaw,46.441,210.91249892720214
device_yaw,46.491,209.76636261793126
device_yaw,46.541,208.59827980182746
device_yaw,46.591,207.3912519566812
device_yaw,46.641,206.14467694394787
device_yaw,46.691,204.92731406880947
device_yaw,46.741,203.75841363073903
device_yaw,46.791,202.6600153353157
device_yaw,46.841,201.6586469908646
device_yaw,46.891,200.79923093085046
device_yaw,46.941,200.12452110955485
device_yaw,46.991,199.63796054698457
device_yaw,47.041,199.19590736255924
device_yaw,47.091,198.76574762861117
device_yaw,47.141,198.2622286397417
device_yaw,47.191,197.60049406624512
device_yaw,47.241,196.73912202422187
device_yaw,47.291,195.75512629403627
device_yaw,47.341,194.5755720000967
device_yaw,47.391,193.0839705593955
device_yaw,47.441,191.20704604297353
device_yaw,47.491,189.10139932912136
device_yaw,47.541,186.73761584593174
device_yaw,47.591,184.1360920425661
device_yaw,47.641,181.3412230985779
device_yaw,47.691,178.34968061764675
device_yaw,47.741,175.31854247339797
device_yaw,47.791,172.3245798031128
device_yaw,47.841,169.30964770626545
device_yaw,47.891,166.38790801767593
device_yaw,47.941,163.6171945748288
device_yaw,47.991,161.04908803194917
device_yaw,48.041,158.5452935145972
device_yaw,48.091,156.1698612242757
device_yaw,48.141,153.83332198790012
device_yaw,48.191,151.64068806023982
device_yaw,48.241,149.67190248031534
device_yaw,48.291,147.79798086055325
device_yaw,48.341,145.84922724510295
device_yaw,48.391,143.81701824846246
device_yaw,48.441,141.73274114134608
device_yaw,48.491,139.55844398769406
device_yaw,48.541,137.40963443903158
device_yaw,48.591,135.3133872261615
device_yaw,48.641,133.188923837419
device_yaw,48.691,131.12551515184353
device_yaw,48.741,128.91324008699246
device_yaw,48.791,126.57096632878206
device_yaw,48.841,124.17779033668339
device_yaw,48.891,121.87734574948034
device_yaw,48.941,119.7216461365572
device_yaw,48.991,117.6728198348601
device_yaw,49.041,115.75713830992254
device_yaw,49.091,113.98113830688978
device_yaw,49.141,112.9699575983473
device_yaw,49.191,111.96975142017439
device_yaw,49.241,110.95686275797456
device_yaw,49.291,110.02094913706752
device_yaw,49.341,109.21290772625092
gyro_norm,0.084,0.6603868366005354
gyro_norm,0.113,0.5171846905323663
gyro_norm,0.162,0.4903223116000735
gyro_norm,0.212,0.3005655211422645
gyro_norm,0.262,0.3116498415260475
gyro_norm,0.312,0.2668687389139047
gyro_norm,0.361,0.12859661032429812
gyro_norm,0.424,0.10369104822359893
gyro_norm,0.461,0.21047662259096064
gyro_norm,0.511,0.34609938029376336
gyro_norm,0.561,0.33314176622430064
gyro_norm,0.61,0.25025669783891746
gyro_norm,0.66,0.11491060393922166
gyro_norm,0.71,0.30716926258288524
gyro_norm,0.76,0.09217428318525939
gyro_norm,0.809,0.38963969767460366
gyro_norm,0.859,0.3906931555153864
gyro_norm,0.909,0.2661445294566446
gyro_norm,0.959,0.20506465432805912
gyro_norm,1.021,0.2450493945193358
gyro_norm,1.058,0.13607815071641488
gyro_norm,1.121,0.2672596187572889
gyro_norm,1.159,0.11627237744730169
gyro_norm,1.207,0.2992185463232305
gyro_norm,1.257,0.6167395581737332
gyro_norm,1.307,0.9459879862101537
gyro_norm,1.357,0.18483135973883905
gyro_norm,1.406,0.1747417969431496
gyro_norm,1.456,0.6735255847928013
gyro_norm,1.506,0.7978282186052943
gyro_norm,1.556,0.9979823091781694
gyro_norm,1.619,0.9202929665661373
gyro_norm,1.671,0.5815676284350134
gyro_norm,1.705,0.0645103974146818
gyro_norm,1.761,0.5972826574321284
gyro_norm,1.805,0.7311985019877685
gyro_norm,1.854,0.740766409331824
gyro_norm,1.905,0.5295585084110476
gyro_norm,1.954,0.7819612160926868
gyro_norm,2.004,0.8953142511525554
gyro_norm,2.061,1.072199646285994
gyro_norm,2.113,1.3106787560991322
gyro_norm,2.153,1.537274276747887
gyro_norm,2.203,1.6879180058563825
gyro_norm,2.252,1.4877444988920558
gyro_norm,2.302,1.392299031399681
gyro_norm,2.352,2.6491733424298682
gyro_norm,2.425,1.98536785037249
gyro_norm,2.451,1.2286920870978457
gyro_norm,2.501,0.8133008468585383
gyro_norm,2.551,1.538869678706273
gyro_norm,2.614,1.2085098409646584
gyro_norm,2.65,1.4417456213217312
gyro_norm,2.7,1.2333620953331812
gyro_norm,2.75,1.1668615516607148
gyro_norm,2.806,0.6730606602740182
gyro_norm,2.85,0.7341741175470973
gyro_norm,2.9,0.9489162524013306
gyro_norm,2.949,0.6247209334740768
gyro_norm,2.999,0.2628454346325059
gyro_norm,3.049,0.2082661914139893
gyro_norm,3.107,0.16512165044573385
gyro_norm,3.154,0.40178829910747427
gyro_norm,3.199,0.55231547927267
gyro_norm,3.248,0.4458564484921488
gyro_norm,3.297,0.37214970177111145
gyro_norm,3.347,0.5669022075314625
gyro_norm,3.397,0.3598064484760288
gyro_norm,3.447,0.10843818815359234
gyro_norm,3.497,0.29891807589567887
gyro_norm,3.576,0.6656995494241099
gyro_norm,3.604,0.8921938818754838
gyro_norm,3.646,0.3281471025642045
gyro_norm,3.696,0.6139802809466437
gyro_norm,3.745,0.29709219462771097
gyro_norm,3.795,0.4135187765886391
gyro_norm,3.845,0.31170206473849077
gyro_norm,3.905,0.34749555406638016
gyro_norm,3.944,0.19856038379551338
gyro_norm,3.994,0.22844153421781846
gyro_norm,4.046,0.26000196836688344
gyro_norm,4.094,0.06832454455036535
gyro_norm,4.149,0.2474684133883293
gyro_norm,4.202,0.20634377577818055
gyro_norm,4.243,0.17781672594561257
gyro_norm,4.293,0.27921164956176653
gyro_norm,4.342,0.3970402315754406
gyro_norm,4.392,0.33655484871204955
gyro_norm,4.442,0.5020973025325112
gyro_norm,4.498,0.0922711897533492
gyro_norm,4.543,0.1428228305557869
gyro_norm,4.591,0.17800732245611933
gyro_norm,4.641,0.15666203641801732
gyro_norm,4.691,0.13550808447226023
gyro_norm,4.741,0.08123782281620162
gyro_norm,4.823,0.08870686506782546
gyro_norm,4.84,0.11117677683029722
gyro_norm,4.895,0.039535241974472
gyro_norm,4.94,0.09038428155305468
gyro_norm,4.989,0.11546222636179862
gyro_norm,5.039,0.46225839330218677
gyro_norm,5.089,0.88932436877216
gyro_norm,5.156,0.6784914344918265
gyro_norm,5.198,0.4704317213941258
gyro_norm,5.24,0.898925821491766
gyro_norm,5.288,0.9644850099428414
gyro_norm,5.344,1.0140445512823943
gyro_norm,5.395,0.9327440589874715
gyro_norm,5.437,0.7492420584807852
gyro_norm,5.487,1.0392546698215914
gyro_norm,5.537,0.7114420527230187
gyro_norm,5.586,0.9213679972697336
gyro_norm,5.636,0.723074397687191
gyro_norm,5.697,0.6123249243197142
gyro_norm,5.738,1.0540636232828244
gyro_norm,5.801,0.9099207984051999
gyro_norm,5.837,1.0693567891045983
gyro_norm,5.895,1.2238167962351199
gyro_norm,5.94,0.7889252612268466
gyro_norm,5.985,0.9237568821017671
gyro_norm,6.039,1.3189333199853435
gyro_norm,6.088,0.6878506867996692
gyro_norm,6.134,0.36877021885276146
gyro_norm,6.184,0.3121109939716268
gyro_norm,6.24,0.3490031809065054
gyro_norm,6.283,0.19720882458646433
gyro_norm,6.345,0.6837328479493396
gyro_norm,6.383,1.4121512624739279
gyro_norm,6.432,0.6903149547764345
gyro_norm,6.491,0.6318455845489214
gyro_norm,6.535,0.6391060682201238
gyro_norm,6.583,0.5274004170153745
gyro_norm,6.651,0.3420427853864765
gyro_norm,6.681,0.2712477576956487
gyro_norm,6.731,0.9154683631393599
gyro_norm,6.787,0.8710117908278113
gyro_norm,6.831,0.5528446948186353
gyro_norm,6.88,0.4473869376773776
gyro_norm,6.93,0.15468291276528787
gyro_norm,6.98,0.7492710323591272
gyro_norm,7.03,0.25156172457577214
gyro_norm,7.089,0.7254958505375526
gyro_norm,7.132,0.6382456888692631
gyro_norm,7.179,0.5963265989394464
gyro_norm,7.229,0.532770656781903
gyro_norm,7.278,0.17622585230602775
gyro_norm,7.328,0.2763241534591772
gyro_norm,7.378,1.0858150018334671
gyro_norm,7.428,1.510732566768549
gyro_norm,7.478,1.2186620030022353
gyro_norm,7.557,0.6095812841967667
gyro_norm,7.582,0.8435175153539111
gyro_norm,7.627,0.7097504652234249
gyro_norm,7.676,0.5080043361608073
gyro_norm,7.726,0.38304469895755644
gyro_norm,7.776,0.4098835537118025
gyro_norm,7.826,0.5020319084089327
gyro_norm,7.878,0.5358879795970747
gyro_norm,7.931,0.4922290946905266
gyro_norm,7.976,0.7747119139227574
gyro_norm,8.025,1.1759370474331814
gyro_norm,8.094,1.0859290785606683
gyro_norm,8.136,1.026997526295547
gyro_norm,8.179,1.0855575972575597
gyro_norm,8.242,1.0688821555730996
gyro_norm,8.284,0.9407574768729648
gyro_norm,8.326,1.2081026401525643
gyro_norm,8.373,1.2038898978764068
gyro_norm,8.423,0.5557158213676123
gyro_norm,8.473,0.7488060009362255
gyro_norm,8.522,0.5903407902091755
gyro_norm,8.585,0.8035627076427707
gyro_norm,8.622,0.9606479927403465
gyro_norm,8.68,0.9240609959558042
gyro_norm,8.726,1.5580360194755596
gyro_norm,8.785,1.5210912610099752
gyro_norm,8.83,1.1474392788938537
gyro_norm,8.879,0.8672126748055201
gyro_norm,8.923,0.31147353142901485
gyro_norm,8.97,0.30880487241731386
gyro_norm,9.02,0.5363095765964623
gyro_norm,9.07,0.8158735546278119
gyro_norm,9.132,0.8508118792995851
gyro_norm,9.197,0.7327424819216926
gyro_norm,9.237,1.068735822332888
gyro_norm,9.274,1.2458599241431945
gyro_norm,9.323,1.2687626759775041
gyro_norm,9.383,1.428412074296245
gyro_norm,9.425,1.4292693531360476
gyro_norm,9.472,1.1783246826290943
gyro_norm,9.534,0.660795421902346
gyro_norm,9.568,0.7298295321883272
gyro_norm,9.617,0.8005526407184854
gyro_norm,9.679,0.7366253954234977
gyro_norm,9.73,1.0998683058110235
gyro_norm,9.771,0.590739836354273
gyro_norm,9.816,1.149263297754742
gyro_norm,9.878,2.0461094832998414
gyro_norm,9.923,1.5950494718795698
gyro_norm,9.969,1.058750586520159
gyro_norm,10.015,0.8963687575822787
gyro_norm,10.069,0.5025930083752826
gyro_norm,10.115,0.3112165746490647
gyro_norm,10.165,0.9873064626414232
gyro_norm,10.214,1.2617700520502801
gyro_norm,10.277,0.6895009663021872
gyro_norm,10.328,0.7911416608713554
gyro_norm,10.369,1.9276837370549635
gyro_norm,10.435,2.3232795804035207
gyro_norm,10.478,1.573330388585112
gyro_norm,10.521,1.1448111175356175
gyro_norm,10.564,0.7790873026464159
gyro_norm,10.613,0.4125778179326499
gyro_norm,10.675,0.9113827188172746
gyro_norm,10.714,0.7258131001242112
gyro_norm,10.762,0.7951012597821916
gyro_norm,10.812,0.6882623515295481
gyro_norm,10.868,0.965829522849095
gyro_norm,10.912,0.8139312767133089
gyro_norm,10.969,0.5970964813390197
gyro_norm,11.014,0.6471021613912745
gyro_norm,11.06,0.2969558353034514
gyro_norm,11.11,0.3261741483571762
gyro_norm,11.17,0.18685508872896892
gyro_norm,11.21,0.21348397023411883
gyro_norm,11.259,0.24384909124286228
gyro_norm,11.309,0.08561721753764066
gyro_norm,11.38,0.5579418935241222
gyro_norm,11.409,0.32800693623238203
gyro_norm,11.47,0.7885074146687185
gyro_norm,11.508,0.3629482059046676
gyro_norm,11.558,0.6436111201493862
gyro_norm,11.612,0.4854576295053641
gyro_norm,11.657,0.5014446474454177
gyro_norm,11.707,0.24941234174874533
gyro_norm,11.757,0.16564190782251387
gyro_norm,11.809,0.19307030450362545
gyro_norm,11.857,0.5194257007802802
gyro_norm,11.931,0.7419676482062676
gyro_norm,11.969,0.41109390161712134
gyro_norm,12.017,0.11660244265009723
gyro_norm,12.062,0.5915909839013375
gyro_norm,12.105,0.17339797415997144
gyro_norm,12.155,0.23319706815828248
gyro_norm,12.209,0.3329684697312084
gyro_norm,12.255,0.23330559356843275
gyro_norm,12.304,0.1701966778830785
gyro_norm,12.354,0.2941166279814376
gyro_norm,12.404,0.4747464751209386
gyro_norm,12.454,0.2707264518120581
gyro_norm,12.527,0.34624673883105883
gyro_norm,12.553,0.1679330777069041
gyro_norm,12.61,0.2505309098594337
gyro_norm,12.657,0.3440696235785943
gyro_norm,12.703,0.6995211518997184
gyro_norm,12.752,0.5186762748798747
gyro_norm,12.802,0.6214866722767148
gyro_norm,12.866,0.6503203270221851
gyro_norm,12.901,0.6077771316903399
gyro_norm,12.962,0.43771492704168186
gyro_norm,13.001,0.418127270554446
gyro_norm,13.053,0.5475024983339701
gyro_norm,13.101,0.21998619570721656
gyro_norm,13.15,0.5253838415302208
gyro_norm,13.2,1.0098667241843324
gyro_norm,13.25,1.4494856824546658
gyro_norm,13.302,0.9408837067910641
gyro_norm,13.349,0.7243797020243309
gyro_norm,13.413,1.1760941857163951
gyro_norm,13.457,0.944670881386059
gyro_norm,13.509,1.1839191480210303
gyro_norm,13.559,0.9375792351493308
gyro_norm,13.598,0.7863837870411808
gyro_norm,13.664,0.7596317510969899
gyro_norm,13.698,0.45452937376644015
gyro_norm,13.748,0.5513287994131318
gyro_norm,13.797,0.7970982538207206
gyro_norm,13.847,0.42222476271303905
gyro_norm,13.897,0.486691828225992
gyro_norm,13.953,0.8438148649911871
gyro_norm,13.998,0.5828177234438988
gyro_norm,14.046,0.4053663906336547
gyro_norm,14.099,0.6956315646350517
gyro_norm,14.155,0.7752660850142306
gyro_norm,14.195,0.5947839628913736
gyro_norm,14.245,0.6984762392574935
gyro_norm,14.295,0.2802996039992874
gyro_norm,14.345,0.3650437837896885
gyro_norm,14.401,0.40059928643268744
gyro_norm,14.446,0.3699422011139481
gyro_norm,14.494,0.894653618817023
gyro_norm,14.544,0.7423057783241068
gyro_norm,14.593,0.12813775216819692
gyro_norm,14.643,0.5210480943898783
gyro_norm,14.693,0.9843481785585627
gyro_norm,14.764,0.43292950031165706
gyro_norm,14.803,0.432738458165369
gyro_norm,14.842,0.39492084064053
gyro_norm,14.892,0.3242889761260905
gyro_norm,14.942,0.3502309110648028
gyro_norm,14.994,0.5892829983780257
gyro_norm,15.048,0.960132342507677
gyro_norm,15.096,1.0575790535284184
gyro_norm,15.149,0.6878865954331961
gyro_norm,15.191,0.9649256405071799
gyro_norm,15.24,0.9841077316206073
gyro_norm,15.296,1.0611369956766532
gyro_norm,15.355,1.4255504476134908
gyro_norm,15.397,1.4459129646941815
gyro_norm,15.452,0.8965296500620317
gyro_norm,15.489,0.555468041422806
gyro_norm,15.539,0.5158823548437573
gyro_norm,15.589,0.464123774893919
gyro_norm,15.641,0.4089418989538784
gyro_norm,15.688,0.4867557915628233
gyro_norm,15.744,0.7034617341166357
gyro_norm,15.789,0.4499863187363352
gyro_norm,15.838,0.8763284480325613
gyro_norm,15.887,0.9855922519180597
gyro_norm,15.948,0.6213480288113639
gyro_norm,15.987,0.4674188665158837
gyro_norm,16.037,0.3643875473217842
gyro_norm,16.086,0.39058879753581827
gyro_norm,16.136,0.33645421557818467
gyro_norm,16.186,0.9458104205652871
gyro_norm,16.243,1.1240863092658258
gyro_norm,16.301,0.47110641781937657
gyro_norm,16.343,0.7163375333315548
gyro_norm,16.385,0.6245912582913786
gyro_norm,16.451,1.0007326020287846
gyro_norm,16.487,0.894495055884385
gyro_norm,16.543,1.0327568346406693
gyro_norm,16.584,2.1243473201691323
gyro_norm,16.634,0.1456897184881856
gyro_norm,16.69,0.4613399965650492
gyro_norm,16.733,0.40500544402744126
gyro_norm,16.783,0.5441563125111635
gyro_norm,16.833,0.9923818057277137
gyro_norm,16.883,1.0976135036037393
gyro_norm,16.932,0.9390297584363828
gyro_norm,16.982,1.2477282337800268
gyro_norm,17.042,1.1253775399039008
gyro_norm,17.086,0.23373815846304677
gyro_norm,17.131,0.5797719665365416
gyro_norm,17.201,0.4812799666681847
gyro_norm,17.231,0.2832063947767537
gyro_norm,17.281,0.37271081475120066
gyro_norm,17.33,0.9486177882837173
gyro_norm,17.38,0.1365401783870951
gyro_norm,17.436,0.7630333215872561
gyro_norm,17.499,0.8444128489265521
gyro_norm,17.54,0.8187571299112238
gyro_norm,17.581,0.42689749964814155
gyro_norm,17.637,0.411423919187088
gyro_norm,17.679,0.4246008173410478
gyro_norm,17.729,0.19195982501989028
gyro_norm,17.779,0.3544638717417302
gyro_norm,17.828,0.47009619327994245
gyro_norm,17.884,0.5411408930551578
gyro_norm,17.928,0.5517890398219201
gyro_norm,17.977,0.5014787872540118
gyro_norm,18.027,0.24323148240617537
gyro_norm,18.077,0.42490611789776744
gyro_norm,18.138,0.6286341095747069
gyro_norm,18.178,0.18618514831278474
gyro_norm,18.226,0.3727454715134449
gyro_norm,18.278,0.2895681964895085
gyro_norm,18.326,0.2886291946893345
gyro_norm,18.377,0.41909324463250314
gyro_norm,18.434,0.20291543798669653
gyro_norm,18.475,0.20310489066337128
gyro_norm,18.525,0.1639470368474558
gyro_norm,18.574,0.2721448117136183
gyro_norm,18.624,0.33167157458860996
gyro_norm,18.674,0.13302728746779607
gyro_norm,18.73,0.45160507007274175
gyro_norm,18.774,0.6392173035540887
gyro_norm,18.823,0.5713896777504024
gyro_norm,18.873,0.41234794254157925
gyro_norm,18.923,0.38885601383632384
gyro_norm,18.973,0.31765085610587784
gyro_norm,19.023,0.3614707847252416
gyro_norm,19.072,0.26463071361352
gyro_norm,19.122,0.16494736879931443
gyro_norm,19.172,0.41019747936012707
gyro_norm,19.227,0.43883005158184374
gyro_norm,19.271,0.32485480608809614
gyro_norm,19.321,0.3729084720903077
gyro_norm,19.396,0.8834919837475348
gyro_norm,19.423,0.3993251079009325
gyro_norm,19.47,0.5009911023069907
gyro_norm,19.52,0.8245063625071007
gyro_norm,19.57,0.21422203035488707
gyro_norm,19.62,0.24456077376852656
gyro_norm,19.683,0.2640436660454541
gyro_norm,19.719,0.17250248527109688
gyro_norm,19.769,0.24455943265894065
gyro_norm,19.819,0.20494682448297935
gyro_norm,19.868,0.2712036762116821
gyro_norm,19.921,0.4724549336018916
gyro_norm,19.968,0.359192153557301
gyro_norm,20.024,0.2887649237205685
gyro_norm,20.067,0.7184739129795688
gyro_norm,20.117,0.3044361144812302
gyro_norm,20.167,0.324667649446467
gyro_norm,20.227,0.601042104018239
gyro_norm,20.269,0.9590613053227306
gyro_norm,20.322,1.008674659725649
gyro_norm,20.366,0.44986279136407176
gyro_norm,20.416,0.2723911383528383
gyro_norm,20.466,0.3212427757863478
gyro_norm,20.522,0.6141296301472501
gyro_norm,20.565,0.7494547855828113
gyro_norm,20.615,0.8959486168957459
gyro_norm,20.665,0.9649455268298948
gyro_norm,20.714,0.7800491963368403
gyro_norm,20.764,0.70136084589804
gyro_norm,20.814,0.2601901567677082
gyro_norm,20.864,0.6205643821899804
gyro_norm,20.926,0.17889725321928135
gyro_norm,20.963,0.3168250306763603
gyro_norm,21.013,0.17280439653099666
gyro_norm,21.063,0.5204126278051086
gyro_norm,21.128,0.5863594709027075
gyro_norm,21.162,0.22179136403563
gyro_norm,21.212,0.20595034159318304
gyro_norm,21.262,0.14097561949597298
gyro_norm,21.311,0.19981511020886436
gyro_norm,21.361,0.23165474572008934
gyro_norm,21.421,0.1969778471485154
gyro_norm,21.461,0.13667233615015192
gyro_norm,21.511,0.1872785735939365
gyro_norm,21.56,0.20564804386090804
gyro_norm,21.61,0.139180517861257
gyro_norm,21.666,0.598554864580403
gyro_norm,21.71,0.687756128116447
gyro_norm,21.762,0.48561374480832226
gyro_norm,21.809,0.13974570130140287
gyro_norm,21.859,0.2654841796106014
gyro_norm,21.909,0.43100804924507186
gyro_norm,21.958,0.5107533522159459
gyro_norm,22.008,0.38092688343699316
gyro_norm,22.058,0.8941977305033891
gyro_norm,22.108,0.5554460295835553
gyro_norm,22.171,0.9185725108957754
gyro_norm,22.223,0.4408344525294315
gyro_norm,22.257,0.45248057503369776
gyro_norm,22.315,0.6051738737056145
gyro_norm,22.356,0.31318773559649715
gyro_norm,22.406,0.21521806275506397
gyro_norm,22.469,0.23157909340864702
gyro_norm,22.506,0.46383414971092196
gyro_norm,22.555,0.5309003275115228
gyro_norm,22.605,0.3306117557428748
gyro_norm,22.655,0.25783544243925033
gyro_norm,22.705,0.26712337536265474
gyro_norm,22.774,0.4718411387510822
gyro_norm,22.804,0.2781024298973855
gyro_norm,22.854,0.3058038479260787
gyro_norm,22.912,0.4844860162162658
gyro_norm,22.96,0.1863981174203831
gyro_norm,23.011,0.5337980509999973
gyro_norm,23.065,0.5245017002825839
gyro_norm,23.105,0.9603369007827185
gyro_norm,23.156,1.069614369022985
gyro_norm,23.215,1.1162490578960977
gyro_norm,23.255,0.854454333296564
gyro_norm,23.31,0.8385981572263551
gyro_norm,23.352,0.8397099720147898
gyro_norm,23.401,0.406242674594537
gyro_norm,23.451,0.6404568791300596
gyro_norm,23.508,0.5034611635047492
gyro_norm,23.554,1.0420731338315397
gyro_norm,23.609,0.40043652657054124
gyro_norm,23.65,0.6288104820313023
gyro_norm,23.718,0.4647750313753669
gyro_norm,23.75,0.2699325467311309
gyro_norm,23.8,0.3036901964274391
gyro_norm,23.849,0.2991264700637865
gyro_norm,23.907,0.18430446912100085
gyro_norm,23.949,0.1129324911580918
gyro_norm,24.01,0.6535501250617318
gyro_norm,24.048,0.9601597830469799
gyro_norm,24.098,0.71150765498986
gyro_norm,24.155,0.17280764654204775
gyro_norm,24.198,0.863532750703732
gyro_norm,24.247,0.3380524021102055
gyro_norm,24.297,0.7263392358796855
gyro_norm,24.349,0.7905877462240568
gyro_norm,24.397,0.8300031488911968
gyro_norm,24.447,0.4535225654646895
gyro_norm,24.496,0.2685043425888607
gyro_norm,24.546,0.5769579626360696
gyro_norm,24.605,0.9622826160245661
gyro_norm,24.668,0.6077614388122111
gyro_norm,24.696,0.5785408870432447
gyro_norm,24.745,0.7178307305140847
gyro_norm,24.803,0.37900953839140256
gyro_norm,24.845,0.28794500379170307
gyro_norm,24.894,0.17365635389141978
gyro_norm,24.965,0.41897298173822484
gyro_norm,24.997,0.44740287571393117
gyro_norm,25.046,0.16759676310188576
gyro_norm,25.093,0.1541644620790774
gyro_norm,25.143,0.13853772906377365
gyro_norm,25.193,0.2533053333809873
gyro_norm,25.256,0.3152838293645144
gyro_norm,25.31,0.14962015568922396
gyro_norm,25.349,0.4411660423117294
gyro_norm,25.392,0.38312048840335894
gyro_norm,25.442,0.2872088778588102
gyro_norm,25.492,0.3867940155603683
gyro_norm,25.541,0.5444639484874267
gyro_norm,25.591,0.5388684920320315
gyro_norm,25.641,0.43410270972679643
gyro_norm,25.691,0.4528204323441817
gyro_norm,25.74,0.1216291361419209
gyro_norm,25.79,0.07553778852303805
gyro_norm,25.84,0.2166020891032631
gyro_norm,25.89,0.532964807566041
gyro_norm,25.939,0.394909674240726
gyro_norm,25.989,0.22631104852620917
gyro_norm,26.047,0.2850853069396213
gyro_norm,26.094,0.7758563539024378
gyro_norm,26.141,0.3115802119262659
gyro_norm,26.201,0.23330899027863233
gyro_norm,26.24,0.6434622356771306
gyro_norm,26.288,0.7622774220971572
gyro_norm,26.338,0.8755677803268649
gyro_norm,26.387,0.7396768176909055
gyro_norm,26.437,0.2734882162196219
gyro_norm,26.493,0.15878156545958796
gyro_norm,26.537,0.3957156220707083
gyro_norm,26.586,0.4981990110425348
gyro_norm,26.636,0.5268066001164434
gyro_norm,26.686,0.23787572124078948
gyro_norm,26.736,0.5571138983784497
gyro_norm,26.811,0.6883419591115781
gyro_norm,26.854,0.7643571378857945
gyro_norm,26.885,0.6647415950829544
gyro_norm,26.935,0.5796647120466084
gyro_norm,26.995,0.5653155225231389
gyro_norm,27.034,0.42013547288087455
gyro_norm,27.084,0.4315619948784428
gyro_norm,27.146,0.3982377691399519
gyro_norm,27.184,0.17660769679693797
gyro_norm,27.239,0.5446201134845642
gyro_norm,27.285,0.3724874488610107
gyro_norm,27.344,0.24616937558329993
gyro_norm,27.391,0.24256399489525265
gyro_norm,27.432,0.31552417391067594
gyro_norm,27.493,0.3615400980137433
gyro_norm,27.532,0.16115371367791695
gyro_norm,27.592,0.23332864671548778
gyro_norm,27.631,0.42701779879211593
gyro_norm,27.681,0.2578638048514374
gyro_norm,27.731,0.15148373672493726
gyro_norm,27.781,0.18390189201157592
gyro_norm,27.83,0.08553587436434427
gyro_norm,27.88,0.30898926725975995
gyro_norm,27.93,0.08085937923612514
gyro_norm,27.98,0.2310425584605496
gyro_norm,28.064,0.31008885404932857
gyro_norm,28.087,0.23729031027402497
gyro_norm,28.129,0.3822887383769835
gyro_norm,28.179,0.5285932694846318
gyro_norm,28.234,0.42721606769938786
gyro_norm,28.278,0.38673051367093153
gyro_norm,28.328,0.3456544448882285
gyro_norm,28.392,0.26591818585937077
gyro_norm,28.428,0.4381765685212376
gyro_norm,28.477,0.6371477397562432
gyro_norm,28.527,0.520266572847387
gyro_norm,28.583,0.5228298144556055
gyro_norm,28.627,0.4656124496271841
gyro_norm,28.676,0.3622131374594115
gyro_norm,28.726,0.23033759336355578
gyro_norm,28.776,0.3266804957701612
gyro_norm,28.826,0.36100548411114436
gyro_norm,28.876,0.23151299939943246
gyro_norm,28.925,0.33333818791325076
gyro_norm,28.975,0.10506922812456983
gyro_norm,29.036,0.296818289551991
gyro_norm,29.075,0.08036982048296289
gyro_norm,29.124,0.2668629125070358
gyro_norm,29.175,0.29364202110467874
gyro_norm,29.251,0.33756940758802256
gyro_norm,29.278,0.3070028496106714
gyro_norm,29.329,0.26444443275398244
gyro_norm,29.373,0.4761302947707089
gyro_norm,29.423,0.5880892403680962
gyro_norm,29.473,0.5535490652701267
gyro_norm,29.522,0.5076540318047488
gyro_norm,29.572,0.36594181564489353
gyro_norm,29.639,0.3376832083503505
gyro_norm,29.672,0.5501595913608667
gyro_norm,29.724,0.2528426568248571
gyro_norm,29.771,0.6379702522162543
gyro_norm,29.823,0.6223001185548729
gyro_norm,29.882,0.45248507739391325
gyro_norm,29.932,0.47199734686988426
gyro_norm,29.979,0.5001603980514676
gyro_norm,30.023,0.3528846475305378
gyro_norm,30.078,0.25336561927877793
gyro_norm,30.12,0.182113440902863
gyro_norm,30.178,0.4129300459087889
gyro_norm,30.219,0.2038899139390155
gyro_norm,30.269,0.10080602163690573
gyro_norm,30.319,0.12769724489542983
gyro_norm,30.368,0.4579952743679472
gyro_norm,30.425,0.3672895074773361
gyro_norm,30.468,0.9276582092391137
gyro_norm,30.518,0.10859999409998676
gyro_norm,30.567,0.4982068815349514
gyro_norm,30.617,0.5169685297623218
gyro_norm,30.667,0.38667085415544805
gyro_norm,30.717,0.32933937278557124
gyro_norm,30.767,0.33442795946204124
gyro_norm,30.817,0.5687229479146274
gyro_norm,30.878,0.3100255595343395
gyro_norm,30.916,0.2656229584460592
gyro_norm,30.965,0.36044849629859804
gyro_norm,31.038,0.7495096491205111
gyro_norm,31.065,0.3989931849299579
gyro_norm,31.115,0.408781502975133
gyro_norm,31.165,0.5003792497224967
gyro_norm,31.214,0.2654239868563195
gyro_norm,31.264,0.2375953402707549
gyro_norm,31.314,0.04806139489015158
gyro_norm,31.364,0.23123410243141845
gyro_norm,31.414,0.19314807781121646
gyro_norm,31.481,0.28827574490046826
gyro_norm,31.513,0.2616763987470723
gyro_norm,31.563,0.3053288779320625
gyro_norm,31.626,0.31192780062676784
gyro_norm,31.662,0.5524774588725769
gyro_norm,31.712,0.18218173631054227
gyro_norm,31.762,0.43534890048977937
gyro_norm,31.827,0.449279457187471
gyro_norm,31.861,0.5865934926543166
gyro_norm,31.913,0.5984899595964284
gyro_norm,31.961,0.3886618335899713
gyro_norm,32.01,0.19076274126355733
gyro_norm,32.06,0.14493484260686584
gyro_norm,32.11,0.42377113751405315
gyro_norm,32.166,0.2561715409345844
gyro_norm,32.21,0.3099479337583789
gyro_norm,32.259,0.601666126164005
gyro_norm,32.309,0.5186930111867656
gyro_norm,32.359,0.2978609041824195
gyro_norm,32.409,0.08119939460335243
gyro_norm,32.46,0.27197955672980617
gyro_norm,32.513,0.7873186497632263
gyro_norm,32.558,0.8828276911421179
gyro_norm,32.611,0.13863282176242367
gyro_norm,32.657,0.44399295472978423
gyro_norm,32.707,0.10996955607608545
gyro_norm,32.8,0.36772729016469313
gyro_norm,32.817,0.07573243949691809
gyro_norm,32.856,0.12864053078870483
gyro_norm,32.906,0.17291879575374255
gyro_norm,32.956,0.11130030829641224
gyro_norm,33.006,0.1473267361367478
gyro_norm,33.056,0.1075197212947218
gyro_norm,33.105,0.16240520970994599
gyro_norm,33.155,0.08711443458513049
gyro_norm,33.205,0.052326732233789135
gyro_norm,33.27,0.09089320735967024
gyro_norm,33.304,0.27114359468563226
gyro_norm,33.354,0.4787558439853041
gyro_norm,33.424,0.6116706712033798
gyro_norm,33.454,0.46509823649604976
gyro_norm,33.503,0.6534572466749913
gyro_norm,33.553,0.47266586539010835
gyro_norm,33.603,0.3977520555835909
gyro_norm,33.653,0.5840173895145652
gyro_norm,33.717,0.5688476333917005
gyro_norm,33.752,0.26433755423382554
gyro_norm,33.802,0.07693390248006722
gyro_norm,33.855,0.2950336810993853
gyro_norm,33.901,0.37642969837307955
gyro_norm,33.951,0.16574677781766176
gyro_norm,34.001,0.42874931571823843
gyro_norm,34.058,1.0133276518040122
gyro_norm,34.101,0.21943350021076324
gyro_norm,34.15,0.23979778305304658
gyro_norm,34.2,0.42153358281370523
gyro_norm,34.25,0.4409790384632067
gyro_norm,34.3,0.544033617328063
gyro_norm,34.356,0.5246293404886563
gyro_norm,34.4,0.21134073597072137
gyro_norm,34.461,0.5309758861588756
gyro_norm,34.499,0.2535244440186736
gyro_norm,34.549,0.3663734502809048
gyro_norm,34.598,0.6250789145092311
gyro_norm,34.666,0.825334098162745
gyro_norm,34.698,0.5175643473286261
gyro_norm,34.747,0.2942725873026784
gyro_norm,34.797,0.3852102158135896
gyro_norm,34.847,0.6789962398617834
gyro_norm,34.897,0.879329655746146
gyro_norm,34.947,0.7397899362917794
gyro_norm,34.996,0.15860112922052358
gyro_norm,35.046,0.5106556516334105
gyro_norm,35.096,0.4508078060757288
gyro_norm,35.161,0.7334135640989222
gyro_norm,35.195,0.6922255543180501
gyro_norm,35.245,0.5342368339089208
gyro_norm,35.295,0.5404849456101039
gyro_norm,35.345,0.6698489861808842
gyro_norm,35.394,0.35337620560892535
gyro_norm,35.444,0.3392253181736904
gyro_norm,35.494,0.2958636231324007
gyro_norm,35.544,0.08243693950292046
gyro_norm,35.63,0.47259169518723526
gyro_norm,35.661,0.10125730765233061
gyro_norm,35.693,0.58325721310967
gyro_norm,35.743,0.44409361913362044
gyro_norm,35.799,0.46298809850396105
gyro_norm,35.842,0.2781273571415061
gyro_norm,35.892,0.6848661003407416
gyro_norm,35.942,0.41135323251938827
gyro_norm,35.992,0.5948087772070441
gyro_norm,36.042,0.49390873391676887
gyro_norm,36.092,0.25748949716285724
gyro_norm,36.142,0.353186713694776
gyro_norm,36.207,0.4141251978026489
gyro_norm,36.252,0.23298856482778707
gyro_norm,36.29,0.25356685138827334
gyro_norm,36.34,0.26591591905394457
gyro_norm,36.4,0.23242856642642012
gyro_norm,36.439,0.3324356038642973
gyro_norm,36.492,0.810566246039852
gyro_norm,36.548,0.28941630530192236
gyro_norm,36.589,0.1853440080927307
gyro_norm,36.638,0.34224740928595276
gyro_norm,36.689,0.30045496257516635
gyro_norm,36.738,0.2655079622523785
gyro_norm,36.795,0.2964449812314856
gyro_norm,36.848,0.3024456131295851
gyro_norm,36.887,0.25213329358931363
gyro_norm,36.937,0.2298865844745821
gyro_norm,36.987,0.14604821896745182
gyro_norm,37.037,0.18739114202522178
gyro_norm,37.086,0.2982359629968636
gyro_norm,37.149,0.574542220589039
gyro_norm,37.186,0.32598755456640666
gyro_norm,37.236,0.4516146549171085
gyro_norm,37.3,0.37715327575824126
gyro_norm,37.335,0.3149016737651774
gyro_norm,37.385,0.6064434407180255
gyro_norm,37.449,0.7794949111036467
gyro_norm,37.492,0.9766291522465385
gyro_norm,37.555,0.6139986594475721
gyro_norm,37.597,0.548513107236587
gyro_norm,37.634,0.7491230861912945
gyro_norm,37.693,0.8026206026894401
gyro_norm,37.743,0.4670898229849551
gyro_norm,37.793,0.6414826647666795
gyro_norm,37.833,0.31023886457338046
gyro_norm,37.886,0.12107764340128627
gyro_norm,37.947,0.6273647921293928
gyro_norm,37.982,0.46121551224083635
gyro_norm,38.042,0.3440304788574898
gyro_norm,38.094,0.33664703513077066
gyro_norm,38.131,0.22291379665060543
gyro_norm,38.181,0.10914447196101977
gyro_norm,38.231,0.16754463723949248
gyro_norm,38.281,0.19158018938212173
gyro_norm,38.341,0.07339495753959352
gyro_norm,38.4,0.3221794491041153
gyro_norm,38.437,0.7860500372387907
gyro_norm,38.48,0.6935171185550085
gyro_norm,38.567,0.29844073446548386
gyro_norm,38.586,0.5428629696960875
gyro_norm,38.631,0.2633583315163459
gyro_norm,38.679,0.39820594195321274
gyro_norm,38.738,0.7200585497073286
gyro_norm,38.778,0.6349589155261566
gyro_norm,38.837,0.588483657062735
gyro_norm,38.88,0.221737084343509
gyro_norm,38.937,0.3341827691598515
gyro_norm,38.977,0.23776528518199708
gyro_norm,39.032,0.6251011294171681
gyro_norm,39.077,0.7886667392663325
gyro_norm,39.127,0.5085807267906938
gyro_norm,39.19,0.22270101571604245
gyro_norm,39.232,1.3315302724148264
gyro_norm,39.276,0.511364519034897
gyro_norm,39.339,0.8589249920748103
gyro_norm,39.377,0.6282485030464197
gyro_norm,39.434,0.6926708830828636
gyro_norm,39.475,1.0286971000611067
gyro_norm,39.525,1.095935813037923
gyro_norm,39.574,0.25904701704519123
gyro_norm,39.631,0.9080599134271624
gyro_norm,39.677,0.39237423600077215
gyro_norm,39.724,0.3198631482804701
gyro_norm,39.774,0.38530976130961053
gyro_norm,39.823,0.530359891462336
gyro_norm,39.876,0.7085971855830456
gyro_norm,39.923,0.48777525824666895
gyro_norm,39.972,0.7854945669304473
gyro_norm,40.022,2.052368684811216
gyro_norm,40.072,1.469135052559679
gyro_norm,40.135,1.4304208575201405
gyro_norm,40.174,0.9608582104779712
gyro_norm,40.233,1.042772323802519
gyro_norm,40.281,2.1451491468836177
gyro_norm,40.321,0.8227341160810898
gyro_norm,40.377,1.3854662579720693
gyro_norm,40.439,1.8412221121851973
gyro_norm,40.481,1.1509888353968294
gyro_norm,40.528,0.6707913671459259
gyro_norm,40.582,0.5968680774294236
gyro_norm,40.62,0.44754288391709146
gyro_norm,40.669,0.10324667967404653
gyro_norm,40.719,0.45374829002103795
gyro_norm,40.769,0.7253669298382995
gyro_norm,40.819,0.4163826546542821
gyro_norm,40.881,0.25052305783968987
gyro_norm,40.918,0.2392166690012809
gyro_norm,40.982,0.6989750696551965
gyro_norm,41.022,0.6747608830642553
gyro_norm,41.07,0.7531980356724189
gyro_norm,41.117,1.2250445414959903
gyro_norm,41.169,1.1108221335345667
gyro_norm,41.217,0.5978649567200053
gyro_norm,41.272,0.960935712703504
gyro_norm,41.336,0.5773885623704951
gyro_norm,41.372,0.5133309325411395
gyro_norm,41.416,0.23181282963972474
gyro_norm,41.468,0.3806534034542962
gyro_norm,41.525,0.7322239554573942
gyro_norm,41.567,1.0816163904433338
gyro_norm,41.627,0.9860781794296871
gyro_norm,41.665,0.6031080357081507
gyro_norm,41.714,0.6209231955755706
gyro_norm,41.764,0.3118935518325974
gyro_norm,41.824,0.43084570918178994
gyro_norm,41.864,0.20973229451503844
gyro_norm,41.913,0.1492229956628095
gyro_norm,41.963,0.27647105437001757
gyro_norm,42.02,0.21611635328360496
gyro_norm,42.063,0.38284427598599974
gyro_norm,42.112,0.6028917959425906
gyro_norm,42.162,0.6412429120159057
gyro_norm,42.222,0.5998960115064852
gyro_norm,42.262,0.46061165688261213
gyro_norm,42.311,0.5647715067228377
gyro_norm,42.361,0.6127675737104318
gyro_norm,42.411,0.45141089082183156
gyro_norm,42.47,0.09693097917006782
gyro_norm,42.511,0.2705707258793628
gyro_norm,42.56,0.47545376323744226
gyro_norm,42.61,0.5331386627421535
gyro_norm,42.666,0.31921547227453306
gyro_norm,42.711,0.8028380647630414
gyro_norm,42.762,0.41402985766158484
gyro_norm,42.809,0.26287437316815593
gyro_norm,42.859,0.6252981838431105
gyro_norm,42.925,0.5038164240631704
gyro_norm,42.958,0.4481562196859861
gyro_norm,43.008,0.3223731863162642
gyro_norm,43.07,0.2474221557521833
gyro_norm,43.113,0.18503905899274364
gyro_norm,43.157,0.05805424898476806
gyro_norm,43.207,0.32554439141298447
gyro_norm,43.257,0.4313405203830896
gyro_norm,43.32,0.3210366182010512
gyro_norm,43.356,0.6607728606805909
gyro_norm,43.42,0.3876588681680936
gyro_norm,43.456,0.3613406751581102
gyro_norm,43.506,0.29714443391123274
gyro_norm,43.555,0.40185250489709207
gyro_norm,43.605,0.5226415060837588
gyro_norm,43.655,0.32765401894978496
gyro_norm,43.718,0.17630837147405307
gyro_norm,43.755,0.2638341508158832
gyro_norm,43.804,0.22798872829038944
gyro_norm,43.854,0.28123480825078767
gyro_norm,43.904,0.3375379365419942
gyro_norm,43.958,0.24657417063844772
gyro_norm,44.016,0.3351500371424229
gyro_norm,44.053,0.2912193089147972
gyro_norm,44.11,0.9731318413334412
gyro_norm,44.154,0.2879690436971071
gyro_norm,44.202,1.03963099923003
gyro_norm,44.252,0.7413170932809984
gyro_norm,44.302,0.5884033299075453
gyro_norm,44.352,0.7676553269580462
gyro_norm,44.422,0.5799818765397444
gyro_norm,44.451,0.27682750635372194
gyro_norm,44.507,0.21835512256756004
gyro_norm,44.551,0.2655721028869894
gyro_norm,44.601,0.48261783657543483
gyro_norm,44.66,0.7766473794132789
gyro_norm,44.7,0.3280297091063157
gyro_norm,44.75,0.62958682816238
gyro_norm,44.8,0.7373701160058661
gyro_norm,44.849,1.063647047860796
gyro_norm,44.918,0.8181895182112676
gyro_norm,44.961,0.5734914051850564
gyro_norm,45.007,0.623678519415951
gyro_norm,45.048,0.647626528785016
gyro_norm,45.098,1.3607149443196127
gyro_norm,45.151,0.38107003122133815
gyro_norm,45.204,0.3897570406343383
gyro_norm,45.25,0.058346283990098405
gyro_norm,45.297,1.0642607544593161
gyro_norm,45.347,1.3774853198024115
gyro_norm,45.397,1.8430227406584887
gyro_norm,45.447,1.3142769357589739
gyro_norm,45.505,0.5357547314950618
gyro_norm,45.552,1.0862870754846254
gyro_norm,45.596,0.5592631041368453
gyro_norm,45.646,0.354281640035014
gyro_norm,45.695,0.47150399312950664
gyro_norm,45.745,0.10715971577796585
gyro_norm,45.806,0.5688852074050098
gyro_norm,45.859,0.2438920094687617
gyro_norm,45.901,0.374449537723909
gyro_norm,45.944,0.3465493537770614
gyro_norm,45.994,0.46489735978488916
gyro_norm,46.044,0.6018676090810624
gyro_norm,46.109,0.5446864271375946
gyro_norm,46.143,0.4444325443810384
gyro_norm,46.193,0.27294468813752365
gyro_norm,46.243,0.38932899310544333
gyro_norm,46.292,0.37612977747966847
gyro_norm,46.342,0.3488284906248555
gyro_norm,46.409,0.491479921848376
gyro_norm,46.442,0.3982982572163773
gyro_norm,46.492,0.7889046463825475
gyro_norm,46.541,0.7810932111801105
gyro_norm,46.591,0.9943943705037671
gyro_norm,46.644,1.008563060583625
gyro_norm,46.691,1.1082936816191153
gyro_norm,46.74,0.80308619473737
gyro_norm,46.811,0.31778911387800407
gyro_norm,46.853,0.6238339741190301
gyro_norm,46.894,0.3566155202174727
gyro_norm,46.939,0.341177553373852
gyro_norm,46.989,0.7488990648319462
gyro_norm,47.039,0.5257748827406263
gyro_norm,47.089,0.31768324542178605
gyro_norm,47.14,0.712275717919022
gyro_norm,47.197,0.7040224294773353
gyro_norm,47.238,0.263599561896852
gyro_norm,47.288,0.28237652604243796
gyro_norm,47.338,0.40707007132064965
gyro_norm,47.387,0.888212603033044
gyro_norm,47.437,1.1587862908202955
gyro_norm,47.487,1.0751403822925698
gyro_norm,47.543,0.718357229975507
gyro_norm,47.606,0.7357635089981376
gyro_norm,47.642,1.0779975367579424
gyro_norm,47.702,1.177820549555326
gyro_norm,47.745,0.7200093801930951
gyro_norm,47.788,0.7739339273741705
gyro_norm,47.853,0.5012987213862141
gyro_norm,47.896,0.6549746714842107
gyro_norm,47.938,0.6281754651773215
gyro_norm,47.99,0.5581778418139062
gyro_norm,48.034,0.3487244142523507
gyro_norm,48.09,0.47424628927367557
gyro_norm,48.148,0.2354320677411372
gyro_norm,48.189,0.6332175222376156
gyro_norm,48.237,0.5283908221247525
gyro_norm,48.283,0.8022659205890951
gyro_norm,48.337,0.8287338200680923
gyro_norm,48.397,0.6971689234721893
gyro_norm,48.432,0.45846866488910826
gyro_norm,48.482,0.8259410719890368
gyro_norm,48.532,0.654566612201125
gyro_norm,48.59,1.0547231029848652
gyro_norm,48.645,1.0433388840258855
gyro_norm,48.707,0.7942301792534061
gyro_norm,48.75,0.5768371088108294
gyro_norm,48.781,0.7612497003002143
gyro_norm,48.831,0.6752565875711058
gyro_norm,48.887,0.816370257638863
gyro_norm,48.945,1.2081249464380468
gyro_norm,48.993,0.9355421029367336
gyro_norm,49.032,0.8084786212612534
gyro_norm,49.083,0.6564794419280042
gyro_norm,49.129,0.75670205345088
gyro_norm,49.195,0.33473459673345857
gyro_norm,49.228,0.6580372297539311
gyro_norm,49.292,0.5131618779705618
gyro_norm,49.328,0.36604704914731545
gyro_norm,49.392,0.23803187788713767
