sensor,time_s,value
dynamic_accel,0.002,0.2446828347201695
dynamic_accel,0.052,0.39306549479178443
dynamic_accel,0.102,0.2934595689649626
dynamic_accel,0.152,0.4259531577571458
dynamic_accel,0.202,-0.8030805504831413
dynamic_accel,0.252,0.16553224080660378
dynamic_accel,0.302,-1.1153618941164023
dynamic_accel,0.352,-0.5492048388934361
dynamic_accel,0.402,-0.42120987398906173
dynamic_accel,0.452,1.4890916475107066
dynamic_accel,0.502,0.3795821071409371
dynamic_accel,0.552,-0.40771514251174423
dynamic_accel,0.602,0.9039050803198769
dynamic_accel,0.652,0.017027607743903772
dynamic_accel,0.702,-0.0639906608841514
dynamic_accel,0.752,-0.6461278039937053
dynamic_accel,0.802,-0.5825644676835786
dynamic_accel,0.852,0.19066508346184285
dynamic_accel,0.902,0.39035657035281623
dynamic_accel,0.952,-0.09274575743616786
dynamic_accel,1.002,-0.15730510675724219
dynamic_accel,1.052,-0.4678057709155272
dynamic_accel,1.102,-1.1019007053966892
dynamic_accel,1.152,-0.11415795002655038
dynamic_accel,1.202,0.4117604967584736
dynamic_accel,1.252,-0.2947663490198469
dynamic_accel,1.302,2.033326133512256
dynamic_accel,1.352,2.078623343071774
dynamic_accel,1.402,-0.47093533497347906
dynamic_accel,1.452,-1.3223330305759262
dynamic_accel,1.502,-1.372844452676457
dynamic_accel,1.552,0.34439150889961745
dynamic_accel,1.602,-0.15521971853144656
dynamic_accel,1.652,1.650320229199835
dynamic_accel,1.702,1.419688792088488
dynamic_accel,1.752,-0.697565000497681
dynamic_accel,1.802,-0.6306282068304121
dynamic_accel,1.852,-0.23862512293269056
dynamic_accel,1.902,-0.3344677432306735
dynamic_accel,1.952,-0.6181406459628018
dynamic_accel,2.002,-1.2592611565336718
dynamic_accel,2.052,-0.8099489134469628
dynamic_accel,2.102,-0.1850357791441386
dynamic_accel,2.152,0.910940833217218
dynamic_accel,2.202,1.135039152477617
dynamic_accel,2.252,-0.11627328287552885
dynamic_accel,2.302,-0.6594515496547206
dynamic_accel,2.352,-0.729707589174895
dynamic_accel,2.402,-0.2827343995244789
dynamic_accel,2.452,-0.1405678226439271
dynamic_accel,2.502,2.6395814595678875
dynamic_accel,2.552,0.3733741113871485
dynamic_accel,2.602,3.9315357855140665
dynamic_accel,2.652,2.834135196654387
dynamic_accel,2.702,-2.272085891635511
dynamic_accel,2.752,-3.9823255102824984
dynamic_accel,2.802,-2.9670017002127533
dynamic_accel,2.852,-3.879446025997435
dynamic_accel,2.902,-2.9258294265478053
dynamic_accel,2.952,-1.2169954049574176
dynamic_accel,3.002,1.9195286084669387
dynamic_accel,3.052,3.9323313680900096
dynamic_accel,3.102,5.0864569423573265
dynamic_accel,3.152,6.623493442220219
dynamic_accel,3.202,4.121279800244613
dynamic_accel,3.252,-2.0455831256597214
dynamic_accel,3.302,-3.2002476649430793
dynamic_accel,3.352,-2.8883313191921163
dynamic_accel,3.402,-2.869778282528223
dynamic_accel,3.452,-3.7857818905193517
dynamic_accel,3.502,-4.980378694323073
dynamic_accel,3.552,-3.2436800659232325
dynamic_accel,3.602,0.22802411825235502
dynamic_accel,3.652,3.0757781508128605
dynamic_accel,3.702,8.198252031591467
dynamic_accel,3.752,4.45607769906451
dynamic_accel,3.802,3.55440037348591
dynamic_accel,3.852,1.5999158856595272
dynamic_accel,3.902,-0.6210647808924481
dynamic_accel,3.952,-4.459495609549334
dynamic_accel,4.002,-6.330187490093341
dynamic_accel,4.052,-5.114749284264138
dynamic_accel,4.102,-2.778941180286493
dynamic_accel,4.152,-0.94391438423024
dynamic_accel,4.202,0.9712082907784474
dynamic_accel,4.252,2.2465608613174517
dynamic_accel,4.302,5.803951565879119
dynamic_accel,4.352,3.8819076197174116
dynamic_accel,4.402,7.813671376062958
dynamic_accel,4.452,1.1154712366403068
dynamic_accel,4.502,-0.1870068561800231
dynamic_accel,4.552,-2.1653027049452858
dynamic_accel,4.602,-3.5825372568991023
dynamic_accel,4.652,-3.6588874025171556
dynamic_accel,4.702,-5.101352780544503
dynamic_accel,4.752,-4.874481459995033
dynamic_accel,4.802,-3.673575799259063
dynamic_accel,4.852,-0.5735810543446895
dynamic_accel,4.902,2.484761543413029
dynamic_accel,4.952,5.725542524411207
dynamic_accel,5.002,8.234945983983247
dynamic_accel,5.052,1.7028931830191052
dynamic_accel,5.102,-2.3350486419440486
dynamic_accel,5.152,-1.9962224058227385
dynamic_accel,5.202,-1.9583110783763527
dynamic_accel,5.252,-1.5350706158534582
dynamic_accel,5.302,-0.780892371081805
dynamic_accel,5.352,-0.39396725832080115
dynamic_accel,5.402,1.4694835897649305
dynamic_accel,5.452,0.7048722752927485
dynamic_accel,5.502,6.60322120101816
dynamic_accel,5.552,0.6059120626056114
dynamic_accel,5.602,0.016372912124168693
dynamic_accel,5.652,-1.864425523431919
dynamic_accel,5.702,-2.2901300075496076
dynamic_accel,5.752,-2.313735321038589
dynamic_accel,5.802,-1.9344067868894097
dynamic_accel,5.852,-1.1876599050503671
dynamic_accel,5.902,-1.266461284156021
dynamic_accel,5.952,-0.07363555586974435
dynamic_accel,6.002,1.9953359105946937
dynamic_accel,6.052,3.301418962498575
dynamic_accel,6.102,4.500873879883779
dynamic_accel,6.152,0.9226030711283961
dynamic_accel,6.202,-2.9933578575513256
dynamic_accel,6.252,-4.741797504782644
dynamic_accel,6.302,-4.73847698401843
dynamic_accel,6.352,-2.4018162390105804
dynamic_accel,6.402,0.2691066613676991
dynamic_accel,6.452,1.0805660501350491
dynamic_accel,6.502,3.1738666255238215
dynamic_accel,6.552,4.465552442748271
dynamic_accel,6.602,5.7629088320384945
dynamic_accel,6.652,3.8890176336782893
dynamic_accel,6.702,-0.6050446406725225
dynamic_accel,6.752,-1.4102664728049685
dynamic_accel,6.802,-3.9092819012473026
dynamic_accel,6.852,-4.4134426566666365
dynamic_accel,6.902,-3.2762001864532753
dynamic_accel,6.952,-2.5921924757229915
dynamic_accel,7.002,-2.3089092016734165
dynamic_accel,7.052,0.7138802794228063
dynamic_accel,7.102,1.4370625454030428
dynamic_accel,7.152,3.958937208521357
dynamic_accel,7.202,6.888290479124741
dynamic_accel,7.252,3.618918464515719
dynamic_accel,7.302,-1.2827864956537542
dynamic_accel,7.352,-2.812053623496383
dynamic_accel,7.402,-1.976528654541859
dynamic_accel,7.452,-1.885487060898587
dynamic_accel,7.502,-1.0933741616009147
dynamic_accel,7.552,-0.7353858861836358
dynamic_accel,7.602,0.08796547404527821
dynamic_accel,7.652,1.4317859782718347
dynamic_accel,7.702,2.600050151758012
dynamic_accel,7.752,1.4214848449506619
dynamic_accel,7.802,-1.2024937642796374
dynamic_accel,7.852,-1.8406771127062447
dynamic_accel,7.902,-2.3421634642819598
dynamic_accel,7.952,-2.034362063979396
dynamic_accel,8.002,-0.7714863472055793
dynamic_accel,8.052,0.24459847840217286
dynamic_accel,8.102,0.3929077283753539
dynamic_accel,8.152,1.380234450505334
dynamic_accel,8.202,3.8983816294333735
dynamic_accel,8.252,1.3494400811647367
dynamic_accel,8.302,0.8353374218236702
dynamic_accel,8.352,1.215429621332163
dynamic_accel,8.402,-1.2423070998313115
dynamic_accel,8.452,-3.9110585988347113
dynamic_accel,8.502,-3.4209977013978436
dynamic_accel,8.552,-1.7911601483167008
dynamic_accel,8.602,-0.21517010071526954
dynamic_accel,8.652,1.7748211655810966
dynamic_accel,8.702,2.805581707914129
dynamic_accel,8.752,2.655785705032157
dynamic_accel,8.802,2.8583391838035883
dynamic_accel,8.852,2.0542822930401545
dynamic_accel,8.902,-1.388791675767136
dynamic_accel,8.952,-1.957634821335148
dynamic_accel,9.002,-2.511242666743197
dynamic_accel,9.052,-1.8760987311426458
dynamic_accel,9.102,-2.239042201718541
dynamic_accel,9.152,-1.2371535935998672
dynamic_accel,9.202,1.1262286845657457
dynamic_accel,9.252,3.1021275054400785
dynamic_accel,9.302,2.9888617165065785
dynamic_accel,9.352,-1.6773468027045073
dynamic_accel,9.402,-0.804314349841663
dynamic_accel,9.452,1.445728439270832
dynamic_accel,9.502,0.3121489164326672
dynamic_accel,9.552,-3.3715774201134208
dynamic_accel,9.602,-3.4061530538003613
dynamic_accel,9.652,-1.3164572858390233
dynamic_accel,9.702,0.8400100916663042
dynamic_accel,9.752,0.08081028370816057
dynamic_accel,9.802,0.8599591283863397
dynamic_accel,9.852,2.92615353523969
dynamic_accel,9.902,4.319368047374139
dynamic_accel,9.952,6.814993010419174
dynamic_accel,10.002,0.33188158359507725
dynamic_accel,10.052,-1.4953792910387769
dynamic_accel,10.102,-3.9065797218826095
dynamic_accel,10.152,-4.1556237372897895
dynamic_accel,10.202,-3.571353696666031
dynamic_accel,10.252,-2.4622995402552226
dynamic_accel,10.302,-1.081425893362299
dynamic_accel,10.352,0.19566631039572613
dynamic_accel,10.402,4.427737540591089
dynamic_accel,10.452,5.3657039980071755
dynamic_accel,10.502,6.295034384590723
dynamic_accel,10.552,1.0109617284197707
dynamic_accel,10.602,-4.278168082641446
dynamic_accel,10.652,-6.897454314879013
dynamic_accel,10.702,-6.923552754225914
dynamic_accel,10.752,-3.5455911277145775
dynamic_accel,10.802,-0.27689657484385677
dynamic_accel,10.852,-0.7641011295349713
dynamic_accel,10.902,2.8923494149559996
dynamic_accel,10.952,7.670372465432365
dynamic_accel,11.002,8.633600996472916
dynamic_accel,11.052,8.123615216315653
dynamic_accel,11.102,0.8227320898659602
dynamic_accel,11.152,-2.06681923742528
dynamic_accel,11.202,-4.763836987951582
dynamic_accel,11.252,-5.648529094807713
dynamic_accel,11.302,-6.278441467474179
dynamic_accel,11.352,-5.806427519752979
dynamic_accel,11.402,-5.372196772111649
dynamic_accel,11.452,0.687808550994573
dynamic_accel,11.502,5.888267716777722
dynamic_accel,11.552,3.831399859286554
dynamic_accel,11.602,8.136828141896473
dynamic_accel,11.652,5.461363586163847
dynamic_accel,11.702,-2.671743788386147
dynamic_accel,11.752,-5.792721488240269
dynamic_accel,11.802,-5.622751410509578
dynamic_accel,11.852,-3.689621815323565
dynamic_accel,11.902,-0.23998895624595917
dynamic_accel,11.952,1.8332024055852916
dynamic_accel,12.002,1.925389753419113
dynamic_accel,12.052,4.115160217539204
dynamic_accel,12.102,6.4281040894715815
dynamic_accel,12.152,3.996203644459552
dynamic_accel,12.202,0.9711955836000694
dynamic_accel,12.252,-1.5525021551377503
dynamic_accel,12.302,-4.300610851127546
dynamic_accel,12.352,-4.022209042100996
dynamic_accel,12.402,-4.007726110177308
dynamic_accel,12.452,-3.7820976564998334
dynamic_accel,12.502,-2.760628196846138
dynamic_accel,12.552,1.1268601811924217
dynamic_accel,12.602,1.7846739677002184
dynamic_accel,12.652,4.788379592002704
dynamic_accel,12.702,5.562734720957327
dynamic_accel,12.752,1.487018237302303
dynamic_accel,12.802,-2.9357881337797256
dynamic_accel,12.852,-3.6470725950464624
dynamic_accel,12.902,-2.8702938817112065
dynamic_accel,12.952,1.5851472619221099
dynamic_accel,13.002,3.2569043960949333
dynamic_accel,13.052,-0.051332638228799965
dynamic_accel,13.102,0.8351536456468232
dynamic_accel,13.152,-0.9535630268248436
dynamic_accel,13.202,4.305975858304418
dynamic_accel,13.252,-1.2512695529235671
dynamic_accel,13.302,-0.7952985333183715
dynamic_accel,13.352,-1.8571492761943418
dynamic_accel,13.402,-2.9137950763955374
dynamic_accel,13.452,-2.045346624061139
dynamic_accel,13.502,-0.40913252335953487
dynamic_accel,13.552,0.17776375329921734
dynamic_accel,13.602,-0.21439795767300396
dynamic_accel,13.652,3.258698791833689
dynamic_accel,13.702,2.024636418325416
dynamic_accel,13.752,5.158909312628033
dynamic_accel,13.802,0.8916820697770813
dynamic_accel,13.852,-2.9099480836872313
dynamic_accel,13.902,-4.01435341069811
dynamic_accel,13.952,-3.985024098691351
dynamic_accel,14.002,-1.8539714856473708
dynamic_accel,14.052,0.042798875462006336
dynamic_accel,14.102,2.0264938086912547
dynamic_accel,14.152,1.715736568319942
dynamic_accel,14.202,3.1998199707667965
dynamic_accel,14.252,0.05820902296502517
dynamic_accel,14.302,4.734711566955498
dynamic_accel,14.352,-0.03220724412835807
dynamic_accel,14.402,-2.2287287888332505
dynamic_accel,14.452,-3.2191094752626492
dynamic_accel,14.502,-3.369171620451727
dynamic_accel,14.552,-2.497578314676982
dynamic_accel,14.602,-0.41431714038860257
dynamic_accel,14.652,0.6801347257201069
dynamic_accel,14.702,1.4114404969424754
dynamic_accel,14.752,3.3504486819551786
dynamic_accel,14.802,1.6628816999807832
dynamic_accel,14.852,3.7561200090749676
dynamic_accel,14.902,1.4612098208651378
dynamic_accel,14.952,-1.0501216625210947
dynamic_accel,15.002,-4.587508886706592
dynamic_accel,15.052,-4.373560809380732
dynamic_accel,15.102,-1.565911246530744
dynamic_accel,15.152,-0.05778799538235013
dynamic_accel,15.202,1.4479776016015258
dynamic_accel,15.252,2.0243188758417716
dynamic_accel,15.302,3.378177529422331
dynamic_accel,15.352,0.17562460848003347
dynamic_accel,15.402,4.2384530996666605
dynamic_accel,15.452,0.334096325104122
dynamic_accel,15.502,-3.1544340108847138
dynamic_accel,15.552,-3.8941010834371816
dynamic_accel,15.602,-4.186799205188052
dynamic_accel,15.652,-2.0177301744606666
dynamic_accel,15.702,0.48398545871540755
dynamic_accel,15.752,1.1791942559134192
dynamic_accel,15.802,2.223089151957465
dynamic_accel,15.852,3.9935320352312047
dynamic_accel,15.902,1.8269305432557346
dynamic_accel,15.952,3.1586510563461054
dynamic_accel,16.002,2.050297352625682
dynamic_accel,16.052,-2.191339656820224
dynamic_accel,16.102,-5.470230582940867
dynamic_accel,16.152,-5.588487791136248
dynamic_accel,16.202,-2.930355457376754
dynamic_accel,16.252,-1.1450524007844454
dynamic_accel,16.302,0.26595600105070716
dynamic_accel,16.352,3.071457817714016
dynamic_accel,16.402,5.391282398658557
dynamic_accel,16.452,8.139063659247558
dynamic_accel,16.502,1.9539145331937675
dynamic_accel,16.552,-2.535351114666108
dynamic_accel,16.602,-4.509886309584584
dynamic_accel,16.652,-4.292003660684341
dynamic_accel,16.702,-3.2148469760022573
dynamic_accel,16.752,-1.2586287053424368
dynamic_accel,16.802,1.3994388584740882
dynamic_accel,16.852,-1.446269001345609
dynamic_accel,16.902,3.1137749909655845
dynamic_accel,16.952,3.653353965220351
dynamic_accel,17.002,4.1434978233944975
dynamic_accel,17.052,3.167989624546859
dynamic_accel,17.102,-1.057763142502445
dynamic_accel,17.152,-4.480846877696739
dynamic_accel,17.202,-1.7188273138098111
dynamic_accel,17.252,-2.3696769297591604
dynamic_accel,17.302,-4.085219010183314
dynamic_accel,17.352,-1.2517468793910886
dynamic_accel,17.402,1.0249066297291076
dynamic_accel,17.452,1.716524223832577
dynamic_accel,17.502,2.592033531418954
dynamic_accel,17.552,7.783156547602298
dynamic_accel,17.602,2.464851541700691
dynamic_accel,17.652,-0.46737644704576375
dynamic_accel,17.702,-1.815031847244212
dynamic_accel,17.752,-3.5425526523351243
dynamic_accel,17.802,-3.779018136750299
dynamic_accel,17.852,-2.0370765545214704
dynamic_accel,17.902,-0.9403131185229174
dynamic_accel,17.952,-0.22883830858904552
dynamic_accel,18.002,2.20221495199557
dynamic_accel,18.052,1.4289806993038177
dynamic_accel,18.102,0.3314411745915997
dynamic_accel,18.152,1.4144966585814078
dynamic_accel,18.202,0.8024520419217733
dynamic_accel,18.252,-2.638227624960736
dynamic_accel,18.302,-3.6496050274542853
dynamic_accel,18.352,-1.3909372142625642
dynamic_accel,18.402,0.10664765925987219
dynamic_accel,18.452,1.3721494805755494
dynamic_accel,18.502,2.2184090222241366
dynamic_accel,18.552,3.360281963484905
dynamic_accel,18.602,4.973674206556586
dynamic_accel,18.652,2.8954726612079753
dynamic_accel,18.702,-0.7451392050081243
dynamic_accel,18.752,-2.5275596598956263
dynamic_accel,18.802,-3.5562277619800406
dynamic_accel,18.852,-3.909357622749031
dynamic_accel,18.902,-2.629516463204257
dynamic_accel,18.952,-1.2093875280101507
dynamic_accel,19.002,-0.9523435711770798
dynamic_accel,19.052,0.894529390160308
dynamic_accel,19.102,2.759958794284456
dynamic_accel,19.152,2.1249360960348227
dynamic_accel,19.202,2.666354557944965
dynamic_accel,19.252,1.4326938230695845
dynamic_accel,19.302,-1.8693915653224185
dynamic_accel,19.352,-4.747115384749043
dynamic_accel,19.402,-3.174862355696037
dynamic_accel,19.452,-0.26663852676066035
dynamic_accel,19.502,1.2813749522923423
dynamic_accel,19.552,3.7724031718501134
dynamic_accel,19.602,3.7185284120344324
dynamic_accel,19.652,1.8218386995330498
dynamic_accel,19.702,2.122726503421969
dynamic_accel,19.752,2.1430769550792235
dynamic_accel,19.802,-0.9301477570904613
dynamic_accel,19.852,-2.9812949454276234
dynamic_accel,19.902,-3.3681132554525055
dynamic_accel,19.952,-3.672051030703652
dynamic_accel,20.002,-2.748057106452398
dynamic_accel,20.052,-0.5177088951939819
dynamic_accel,20.102,-0.22585067674765114
dynamic_accel,20.152,1.0788699869638432
dynamic_accel,20.202,3.6702800609787634
dynamic_accel,20.252,3.4756924188623035
dynamic_accel,20.302,3.4419130630616053
dynamic_accel,20.352,1.074837486730324
dynamic_accel,20.402,-2.9099952263928506
dynamic_accel,20.452,-4.260416986377538
dynamic_accel,20.502,-3.0884398149156054
dynamic_accel,20.552,-0.9265667608652493
dynamic_accel,20.602,0.6478639518344345
dynamic_accel,20.652,1.334306963438431
dynamic_accel,20.702,1.8364712793047477
dynamic_accel,20.752,1.8872275630871815
dynamic_accel,20.802,2.443943257749538
dynamic_accel,20.852,1.754756430573286
dynamic_accel,20.902,-0.11759022244727113
dynamic_accel,20.952,-2.105377842796196
dynamic_accel,21.002,-3.4819888023366774
dynamic_accel,21.052,-3.526005763714535
dynamic_accel,21.102,-2.537916594046597
dynamic_accel,21.152,-0.7243882075419794
dynamic_accel,21.202,0.032932959441039245
dynamic_accel,21.252,2.8277867031215784
dynamic_accel,21.302,3.7259101251689
dynamic_accel,21.352,4.306377391965519
dynamic_accel,21.402,3.4486015692956222
dynamic_accel,21.452,0.03581083943913832
dynamic_accel,21.502,-3.3406078466604443
dynamic_accel,21.552,-5.349632014150741
dynamic_accel,21.602,-3.5531534763760906
dynamic_accel,21.652,-1.16970927413238
dynamic_accel,21.702,0.13503436028798355
dynamic_accel,21.752,2.517870031779527
dynamic_accel,21.802,2.990445056027667
dynamic_accel,21.852,1.9485536034276691
dynamic_accel,21.902,3.650937929773736
dynamic_accel,21.952,1.9302997703722244
dynamic_accel,22.002,-1.6241835625647507
dynamic_accel,22.052,-2.093419254579361
dynamic_accel,22.102,-2.965995212316529
dynamic_accel,22.152,-3.426623516016779
dynamic_accel,22.202,-0.8642150978569063
dynamic_accel,22.252,0.22084669186065575
dynamic_accel,22.302,0.031929236797436644
dynamic_accel,22.352,1.64258578918181
dynamic_accel,22.402,1.7548618510124108
dynamic_accel,22.452,2.9721955070544457
dynamic_accel,22.502,2.41171867120868
dynamic_accel,22.552,-1.2028608726597234
dynamic_accel,22.602,-3.7391566531611886
dynamic_accel,22.652,-2.5587262004516393
dynamic_accel,22.702,0.16881499430104618
dynamic_accel,22.752,-0.8316676417223388
dynamic_accel,22.802,0.27759425595958653
dynamic_accel,22.852,0.6814160291643088
dynamic_accel,22.902,1.2397343810650376
dynamic_accel,22.952,-0.3268977751541975
dynamic_accel,23.002,2.967060759199537
dynamic_accel,23.052,1.1031250873888911
dynamic_accel,23.102,-1.5840023188208576
dynamic_accel,23.152,-0.5773141180507846
dynamic_accel,23.202,-0.4717508581356178
dynamic_accel,23.252,-0.7629291553220181
dynamic_accel,23.302,-0.596526934156353
dynamic_accel,23.352,0.0939333074049351
dynamic_accel,23.402,0.9561740941260606
dynamic_accel,23.452,0.12101397037342743
dynamic_accel,23.502,0.1154799457293425
dynamic_accel,23.552,0.9130327127161344
dynamic_accel,23.602,-0.644755433992966
dynamic_accel,23.652,1.0423974544554202
dynamic_accel,23.702,-0.8841307650816947
dynamic_accel,23.752,-0.6560985794751577
dynamic_accel,23.802,-0.646115937986167
dynamic_accel,23.852,-0.4829925926877152
dynamic_accel,23.902,0.38114452633590545
dynamic_accel,23.952,0.4129014636739683
dynamic_accel,24.002,0.04659173191288346
dynamic_accel,24.052,-0.19615444945339888
dynamic_accel,24.102,0.3207071777770327
dynamic_accel,24.152,0.10356605987887768
dynamic_accel,24.202,0.46433198218360516
dynamic_accel,24.252,0.20770018573780646
dynamic_accel,24.302,-0.07695672192248715
dynamic_accel,24.352,0.18951602090974262
dynamic_accel,24.402,-0.3595449226592322
dynamic_accel,24.452,0.43646558963949467
dynamic_accel,24.502,-0.09510065239794052
dynamic_accel,24.552,-0.21317165627485224
dynamic_accel,24.602,-0.6178265924785311
dynamic_accel,24.652,-0.5890386170670521
dynamic_accel,24.702,-0.6927770586362723
dynamic_accel,24.752,-0.9174324134002934
dynamic_accel,24.802,-0.35220403126627176
dynamic_accel,24.852,0.3160556714997771
dynamic_accel,24.902,-0.23224533143362613
dynamic_accel,24.952,0.7302794310809979
dynamic_accel,25.002,0.5831677127941379
dynamic_accel,25.052,1.5400906356783182
dynamic_accel,25.102,1.5336337933588329
dynamic_accel,25.152,0.5066573090052042
dynamic_accel,25.202,-0.42663830172029726
dynamic_accel,25.252,-0.12119442461949603
dynamic_accel,25.302,-0.7481842606136162
dynamic_accel,25.352,-1.825599576891765
dynamic_accel,25.402,-0.15708673252704486
dynamic_accel,25.452,0.7252698353360589
dynamic_accel,25.502,0.028682975584390036
dynamic_accel,25.552,-0.973408294730925
dynamic_accel,25.602,-0.0680681892288213
dynamic_accel,25.652,0.937943326930144
dynamic_accel,25.702,1.416777710747061
dynamic_accel,25.752,0.1386832518937844
dynamic_accel,25.802,0.8534130872836201
dynamic_accel,25.852,-1.7920933020910166
dynamic_accel,25.902,0.24899025576408285
dynamic_accel,25.952,0.9646607018173743
dynamic_accel,26.002,0.11492632429578897
dynamic_accel,26.052,-1.3620222424069741
dynamic_accel,26.102,-1.3890346596910543
dynamic_accel,26.152,-0.5927597600378203
dynamic_accel,26.202,-0.2615960784950211
dynamic_accel,26.252,-0.21038751491316354
dynamic_accel,26.302,2.5505551195025795
dynamic_accel,26.352,0.7670749204270031
dynamic_accel,26.402,0.25354342783212225
dynamic_accel,26.452,-1.534038607331432
dynamic_accel,26.502,-2.0758360083021152
dynamic_accel,26.552,-0.8822659317043957
dynamic_accel,26.602,-0.732335568284725
dynamic_accel,26.652,0.776117492726673
dynamic_accel,26.702,2.7763247936594286
dynamic_accel,26.752,0.8302387894298775
dynamic_accel,26.802,0.38857371762622606
dynamic_accel,26.852,0.6940432341070988
dynamic_accel,26.902,0.7056705912261467
dynamic_accel,26.952,0.9508014412418078
dynamic_accel,27.002,-1.1762680932492984
dynamic_accel,27.052,-1.1884526302235976
dynamic_accel,27.102,-0.8097064121290849
dynamic_accel,27.152,-0.6559567725743563
dynamic_accel,27.202,1.3211216502220662
dynamic_accel,27.252,-0.5468466801184952
dynamic_accel,27.302,0.3866855649374923
dynamic_accel,27.352,0.22801940217795114
dynamic_accel,27.402,-0.1441205196609765
dynamic_accel,27.452,0.1911967012881739
dynamic_accel,27.502,-1.5906865597779785
dynamic_accel,27.552,-1.9226890406407904
dynamic_accel,27.602,-0.7965440600093814
dynamic_accel,27.652,-1.404100075690522
dynamic_accel,27.702,2.894190310034352
dynamic_accel,27.752,2.156196145692528
dynamic_accel,27.802,1.1179641453344082
dynamic_accel,27.852,1.0540570969201895
dynamic_accel,27.902,-1.788435060355992
dynamic_accel,27.952,-0.3595606327600738
dynamic_accel,28.002,-0.8638290025964626
dynamic_accel,28.052,-0.30115920737140556
dynamic_accel,28.102,-0.9255144231208376
dynamic_accel,28.152,0.27754276842044767
dynamic_accel,28.202,1.1176415044135712
dynamic_accel,28.252,-0.13306522879458882
dynamic_accel,28.302,2.6094767671041588
dynamic_accel,28.352,-0.5007362257835801
dynamic_accel,28.402,0.5602006091782545
dynamic_accel,28.452,-0.740099132977635
dynamic_accel,28.502,-1.6885144748414245
dynamic_accel,28.552,-1.8761239513185899
dynamic_accel,28.602,-1.190976475523792
dynamic_accel,28.652,0.7281523079437999
dynamic_accel,28.702,0.5311563179793737
dynamic_accel,28.752,0.7870615574051758
dynamic_accel,28.802,2.3362346989381475
dynamic_accel,28.852,1.7758016042854265
dynamic_accel,28.902,4.340969070492017
dynamic_accel,28.952,-0.6176203721173117
dynamic_accel,29.002,-1.377927879680371
dynamic_accel,29.052,-2.6726043627819545
dynamic_accel,29.102,-3.722172312987724
dynamic_accel,29.152,-2.7186126135871955
dynamic_accel,29.202,-1.1617541843558783
dynamic_accel,29.252,0.13400552537447297
dynamic_accel,29.302,1.2165319032521484
dynamic_accel,29.352,2.212610089711321
dynamic_accel,29.402,3.296092212257715
dynamic_accel,29.452,1.1153447605168356
dynamic_accel,29.502,1.6145304312807873
dynamic_accel,29.552,-0.15513072676476902
dynamic_accel,29.602,-2.1579012309585197
dynamic_accel,29.652,-3.100900026379767
dynamic_accel,29.702,-2.2585001603854282
dynamic_accel,29.752,-1.4918884371626202
dynamic_accel,29.802,0.36575749028113336
dynamic_accel,29.852,1.1849577072856317
dynamic_accel,29.902,1.424342140191877
dynamic_accel,29.952,2.364816558409384
dynamic_accel,30.002,0.9245802417117961
dynamic_accel,30.052,3.509153924697019
dynamic_accel,30.102,-1.1277526571105785
dynamic_accel,30.152,-0.6922483619845874
dynamic_accel,30.202,-2.1750485670290143
dynamic_accel,30.252,-3.290327352136895
dynamic_accel,30.302,-1.6754607136148643
dynamic_accel,30.352,-0.12872575070441883
dynamic_accel,30.402,0.09337116140213553
dynamic_accel,30.452,0.5720147541157061
dynamic_accel,30.502,2.422690724266346
dynamic_accel,30.552,0.32601056382637417
dynamic_accel,30.602,3.0740599155794097
dynamic_accel,30.652,2.6956799232096547
dynamic_accel,30.702,0.13752961670161667
dynamic_accel,30.752,-2.8001922051705463
dynamic_accel,30.802,-2.5093830026616883
dynamic_accel,30.852,-1.7518035799642373
dynamic_accel,30.902,-0.5514129050371306
dynamic_accel,30.952,0.2706551881871544
dynamic_accel,31.002,0.7338420196127995
dynamic_accel,31.052,1.7649455677595078
dynamic_accel,31.102,0.42520452683803356
dynamic_accel,31.152,3.979218597374432
dynamic_accel,31.202,-0.30756709786315994
dynamic_accel,31.252,-2.167801402168771
dynamic_accel,31.302,-1.693938044305341
dynamic_accel,31.352,-2.225248192268344
dynamic_accel,31.402,-1.19517210845998
dynamic_accel,31.452,-0.4777594902975171
dynamic_accel,31.502,0.11447794680738355
dynamic_accel,31.552,0.14396380110842344
dynamic_accel,31.602,1.932462612591502
dynamic_accel,31.652,1.3892078449398966
dynamic_accel,31.702,-2.1716205446291106
dynamic_accel,31.752,2.949955159404219
dynamic_accel,31.802,1.3282544566061976
dynamic_accel,31.852,-1.7652145738220621
dynamic_accel,31.902,-2.9161642261120573
dynamic_accel,31.952,-1.6410459369320503
dynamic_accel,32.002,-0.455475163465886
dynamic_accel,32.052,2.2990041606162652
dynamic_accel,32.102,1.8739588307486734
dynamic_accel,32.152,3.3830415920251617
dynamic_accel,32.202,1.5254677715014306
dynamic_accel,32.252,1.584037786759719
dynamic_accel,32.302,-0.20468510720083266
dynamic_accel,32.352,-2.705143854459208
dynamic_accel,32.402,-3.39072598672056
dynamic_accel,32.452,-3.29603751293954
dynamic_accel,32.502,-2.359971746249884
dynamic_accel,32.552,-0.1060761807150925
dynamic_accel,32.602,0.33732040559351795
dynamic_accel,32.652,0.8345659369501366
dynamic_accel,32.702,5.204066003492448
dynamic_accel,32.752,1.2731067082367211
dynamic_accel,32.802,3.439954919832216
dynamic_accel,32.852,2.2773797543837677
dynamic_accel,32.902,-2.081915916779364
dynamic_accel,32.952,-4.8592933762904025
dynamic_accel,33.002,-4.57951790043507
dynamic_accel,33.052,-3.024562179943209
dynamic_accel,33.102,0.11620935704184276
dynamic_accel,33.152,1.6450640131696375
dynamic_accel,33.202,2.9086132510981333
dynamic_accel,33.252,3.7951673865011895
dynamic_accel,33.302,0.45477602604727885
dynamic_accel,33.352,5.835129715508378
dynamic_accel,33.402,1.041786884096302
dynamic_accel,33.452,-4.075367825056147
dynamic_accel,33.502,-3.954185166383625
dynamic_accel,33.552,-3.929811753599658
dynamic_accel,33.602,-2.1379729510886563
dynamic_accel,33.652,-0.758554584436439
dynamic_accel,33.702,0.071268297027693
dynamic_accel,33.752,0.9952366439528966
dynamic_accel,33.802,3.173664877016895
dynamic_accel,33.852,1.360080828782504
dynamic_accel,33.902,7.299702080832148
dynamic_accel,33.952,2.641294063008985
dynamic_accel,34.002,-2.3422990482268933
dynamic_accel,34.052,-4.6003806611944436
dynamic_accel,34.102,-5.398371719620281
dynamic_accel,34.152,-3.5860758889012443
dynamic_accel,34.202,-0.9589206198231324
dynamic_accel,34.252,0.5417862638335009
dynamic_accel,34.302,2.0057845280339013
dynamic_accel,34.352,4.339146915574293
dynamic_accel,34.402,0.947830692126244
dynamic_accel,34.452,5.958442924013831
dynamic_accel,34.502,0.4279539799200176
dynamic_accel,34.552,-0.6688299385498411
dynamic_accel,34.602,-2.114716599815088
dynamic_accel,34.652,-4.012527588204868
dynamic_accel,34.702,-3.5809226838013366
dynamic_accel,34.752,-1.5304386488063333
dynamic_accel,34.802,0.43189472970962406
dynamic_accel,34.852,0.6122550510931042
dynamic_accel,34.902,2.4661594659032016
dynamic_accel,34.952,3.2805592148168294
dynamic_accel,35.002,1.4495227879276875
dynamic_accel,35.052,3.979418300540141
dynamic_accel,35.102,-0.4492124305796672
dynamic_accel,35.152,-3.834383585200621
dynamic_accel,35.202,-4.194953920227602
dynamic_accel,35.252,-2.0371309287939265
dynamic_accel,35.302,-1.4934453284591935
dynamic_accel,35.352,-0.1793112908177612
dynamic_accel,35.402,1.1226085771240601
dynamic_accel,35.452,0.20773242993273655
dynamic_accel,35.502,2.173150813138756
dynamic_accel,35.552,1.8684040818694108
dynamic_accel,35.602,2.8390065844460146
dynamic_accel,35.652,0.4891375577663819
dynamic_accel,35.702,-0.37194971293343393
dynamic_accel,35.752,0.047769999022321485
dynamic_accel,35.802,-1.4939677571249455
dynamic_accel,35.852,-1.5118097001781745
dynamic_accel,35.902,-0.03160512106515512
dynamic_accel,35.952,-0.6328943713224593
dynamic_accel,36.002,-0.32984679051690335
dynamic_accel,36.052,-0.24343802056808883
dynamic_accel,36.102,-0.8189294681574939
dynamic_accel,36.152,-0.3791346457808977
dynamic_accel,36.202,-1.0098866879562465
dynamic_accel,36.252,-0.8451168640491353
dynamic_accel,36.302,1.1837070399610283
dynamic_accel,36.352,-1.5587671303465065
dynamic_accel,36.402,4.147328011724497
dynamic_accel,36.452,5.6238354394051076
dynamic_accel,36.502,-0.07775852795339588
dynamic_accel,36.552,-4.114519747088888
dynamic_accel,36.602,-3.715939722232272
dynamic_accel,36.652,-2.697372071224759
dynamic_accel,36.702,-1.1517609439737893
dynamic_accel,36.752,0.8207844678212783
dynamic_accel,36.802,1.6390341770686465
dynamic_accel,36.852,2.5118579203673974
dynamic_accel,36.902,6.274612523173609
dynamic_accel,36.952,7.233564896776533
dynamic_accel,37.002,-0.7720922012802802
dynamic_accel,37.052,-3.964273357107892
dynamic_accel,37.102,-4.099568639130195
dynamic_accel,37.152,-3.9048003369727917
dynamic_accel,37.202,-3.618910611475319
dynamic_accel,37.252,-2.246159454237926
dynamic_accel,37.302,-0.20349392858015847
dynamic_accel,37.352,0.5635352963237228
dynamic_accel,37.402,3.4875554399062505
dynamic_accel,37.452,1.5628837077299984
dynamic_accel,37.502,4.750975342255876
dynamic_accel,37.552,2.5782831280329983
dynamic_accel,37.602,-1.4416261042102256
dynamic_accel,37.652,-5.19934396407635
dynamic_accel,37.702,-3.632722068270964
dynamic_accel,37.752,-2.072140591609555
dynamic_accel,37.802,-0.2568976883036811
dynamic_accel,37.852,1.6866361288262492
dynamic_accel,37.902,2.0375264796770605
dynamic_accel,37.952,3.289052700275267
dynamic_accel,38.002,3.7686539131441688
dynamic_accel,38.052,3.5873317269909393
dynamic_accel,38.102,-2.217609929167293
dynamic_accel,38.152,-2.4351774232404235
dynamic_accel,38.202,-3.474852960382332
dynamic_accel,38.252,-2.4290259551417197
dynamic_accel,38.302,-0.503478985723735
dynamic_accel,38.352,-0.007976243133786198
dynamic_accel,38.402,-0.567031353364623
dynamic_accel,38.452,0.1689217528366882
dynamic_accel,38.502,3.3132529471979435
dynamic_accel,38.552,1.5924540595231598
dynamic_accel,38.602,3.4305775119829
dynamic_accel,38.652,2.7182104078655467
dynamic_accel,38.702,-1.601147551939473
dynamic_accel,38.752,-4.917336600529581
dynamic_accel,38.802,-4.234716706054179
dynamic_accel,38.852,-1.8063780149483435
dynamic_accel,38.902,-0.8139121345280138
dynamic_accel,38.952,0.4736451048530963
dynamic_accel,39.002,1.5915845005411295
dynamic_accel,39.052,3.8626879216915473
dynamic_accel,39.102,1.1422234833876281
dynamic_accel,39.152,4.7752989858781945
dynamic_accel,39.202,-0.20096284426611533
dynamic_accel,39.252,-2.6120919469119492
dynamic_accel,39.302,-2.2659948010927398
dynamic_accel,39.352,-2.4640931521110057
dynamic_accel,39.402,-2.311175561689323
dynamic_accel,39.452,-1.0420767911523043
dynamic_accel,39.502,-0.8941928043607863
dynamic_accel,39.552,0.2548986282302259
dynamic_accel,39.602,2.3860587517472887
dynamic_accel,39.652,3.183109236991587
dynamic_accel,39.702,2.063088265005751
dynamic_accel,39.752,3.1894676757221703
dynamic_accel,39.802,2.198358185849697
dynamic_accel,39.852,-2.586943738614993
dynamic_accel,39.902,-5.207148190445577
dynamic_accel,39.952,-3.241653251620467
dynamic_accel,40.002,-1.2111335935896896
dynamic_accel,40.052,-0.016266333407815026
dynamic_accel,40.102,0.008409852407632812
dynamic_accel,40.152,0.8352880179690718
dynamic_accel,40.202,2.5457378993511703
dynamic_accel,40.252,3.9058469859676173
dynamic_accel,40.302,3.7386630910552707
dynamic_accel,40.352,-1.009699629925617
dynamic_accel,40.402,-1.399687318076591
dynamic_accel,40.452,-1.4067643237066179
dynamic_accel,40.502,-2.6276724256200543
dynamic_accel,40.552,-1.9260056151323184
dynamic_accel,40.602,-1.4285901225041577
dynamic_accel,40.652,-1.3952738576881263
dynamic_accel,40.702,0.37715945627870795
dynamic_accel,40.752,2.6090997143061294
dynamic_accel,40.802,-0.2791412917337617
dynamic_accel,40.852,6.736251990011395
dynamic_accel,40.902,3.3547877207178125
dynamic_accel,40.952,-0.7765571930839492
dynamic_accel,41.002,-4.137690241244768
dynamic_accel,41.052,-5.2697794644070495
dynamic_accel,41.102,-4.075126381071398
dynamic_accel,41.152,-1.9204199108364026
dynamic_accel,41.202,0.26499206646486684
dynamic_accel,41.252,1.6337030139719921
dynamic_accel,41.302,3.9448170359109085
dynamic_accel,41.352,3.95150958054686
dynamic_accel,41.402,3.6222249637089483
dynamic_accel,41.452,3.4124868151092684
dynamic_accel,41.502,-1.2467624753971709
dynamic_accel,41.552,-1.9925417463444024
dynamic_accel,41.602,-3.6483762007341767
dynamic_accel,41.652,-4.093740960287508
dynamic_accel,41.702,-1.9530123507548645
dynamic_accel,41.752,-1.0137164002181667
dynamic_accel,41.802,-0.3934464318651525
dynamic_accel,41.852,1.0370273983845149
dynamic_accel,41.902,3.6213081197694237
dynamic_accel,41.952,1.3654080255798924
dynamic_accel,42.002,4.850428248468248
dynamic_accel,42.052,3.23561796161151
dynamic_accel,42.102,-1.9969947201946674
dynamic_accel,42.152,-4.924643629490992
dynamic_accel,42.202,-4.393523452242599
dynamic_accel,42.252,-3.0060234324327935
dynamic_accel,42.302,-0.6687550651741923
dynamic_accel,42.352,1.5260457882393954
dynamic_accel,42.402,0.9490463453347342
dynamic_accel,42.452,2.77096839235665
dynamic_accel,42.502,1.0309064773167798
dynamic_accel,42.552,6.3099995865180585
dynamic_accel,42.602,0.12057891852435176
dynamic_accel,42.652,-1.396257465849187
dynamic_accel,42.702,-2.579411395719222
dynamic_accel,42.752,-3.224553447364391
dynamic_accel,42.802,-1.1922512060768788
dynamic_accel,42.852,-0.5593547938816439
dynamic_accel,42.902,-0.341550198034998
dynamic_accel,42.952,-0.8846030001001264
dynamic_accel,43.002,0.8018982046993894
dynamic_accel,43.052,2.539856271271013
dynamic_accel,43.102,1.1313674180873168
dynamic_accel,43.152,5.053467900230929
dynamic_accel,43.202,1.1113161938616702
dynamic_accel,43.252,-2.087624241591861
dynamic_accel,43.302,-3.865861052094141
dynamic_accel,43.352,-1.837665053085356
dynamic_accel,43.402,-1.2777942379494949
dynamic_accel,43.452,-0.7826953887391088
dynamic_accel,43.502,-1.3616986489529523
dynamic_accel,43.552,-0.5745093722515904
dynamic_accel,43.602,0.774572383741372
dynamic_accel,43.652,3.746132407577379
dynamic_accel,43.702,4.906108553183682
dynamic_accel,43.752,0.8929952276841941
dynamic_accel,43.802,0.2767005565939016
dynamic_accel,43.852,-0.8491778251315818
dynamic_accel,43.902,-2.2887329184609673
dynamic_accel,43.952,-2.319114347466142
dynamic_accel,44.002,-1.9833673462114945
dynamic_accel,44.052,-1.003707241370627
dynamic_accel,44.102,-0.7620260870769062
dynamic_accel,44.152,0.012753154420256152
dynamic_accel,44.202,1.2777515885847617
dynamic_accel,44.252,0.9832377216933441
dynamic_accel,44.302,2.618746078592295
dynamic_accel,44.352,3.40918710702492
dynamic_accel,44.402,-0.7795950316011826
dynamic_accel,44.452,-2.687263995333452
dynamic_accel,44.502,-4.312593617095299
dynamic_accel,44.552,-2.519844482678751
dynamic_accel,44.602,-1.0600855522206736
dynamic_accel,44.652,1.6909218340972068
dynamic_accel,44.702,1.943145237212784
dynamic_accel,44.752,1.03715986657725
dynamic_accel,44.802,1.9432250453146214
dynamic_accel,44.852,5.147201263465256
dynamic_accel,44.902,6.279357731527922
dynamic_accel,44.952,-1.9822555127238157
dynamic_accel,45.002,-3.882641303245843
dynamic_accel,45.052,-4.111276303768515
dynamic_accel,45.102,-3.8126559820019406
dynamic_accel,45.152,-2.210454206334701
dynamic_accel,45.202,-0.31642906201541265
dynamic_accel,45.252,2.4023760185250342
dynamic_accel,45.302,4.564763258815647
dynamic_accel,45.352,3.3744041218400422
dynamic_accel,45.402,0.6983729589777941
dynamic_accel,45.452,-1.6605526976550227
dynamic_accel,45.502,-2.1851612140482324
dynamic_accel,45.552,-1.7294229733139392
dynamic_accel,45.602,-2.4088011980565556
dynamic_accel,45.652,-3.8402978435808413
dynamic_accel,45.702,-3.8618155953580473
dynamic_accel,45.752,-0.956186224371427
dynamic_accel,45.802,1.3588248518062613
dynamic_accel,45.852,1.9486470656076058
dynamic_accel,45.902,1.8848565799679022
dynamic_accel,45.952,3.9450725101160966
dynamic_accel,46.002,5.159016776041735
dynamic_accel,46.052,6.413568521003754
dynamic_accel,46.102,-0.9635966041253106
dynamic_accel,46.152,-1.1493540383596397
dynamic_accel,46.202,-0.9197385558202864
dynamic_accel,46.252,-1.091509827918495
dynamic_accel,46.302,-2.8547071763591187
dynamic_accel,46.352,-3.5107304143109843
dynamic_accel,46.402,-2.249671046309971
dynamic_accel,46.452,-1.8524453452410778
dynamic_accel,46.502,0.006552804188430628
dynamic_accel,46.552,0.8039653721813185
dynamic_accel,46.602,1.8509924451081687
dynamic_accel,46.652,4.138281634958165
dynamic_accel,46.702,2.4928505723824763
dynamic_accel,46.752,-0.7328086642452654
dynamic_accel,46.802,-4.59329212025403
dynamic_accel,46.852,-4.226116513647305
dynamic_accel,46.902,-1.9774039186279886
dynamic_accel,46.952,-0.13841926943743665
dynamic_accel,47.002,1.2626888259342905
dynamic_accel,47.052,1.949821819984848
dynamic_accel,47.102,3.4311995921153997
dynamic_accel,47.152,2.6442332036666105
dynamic_accel,47.202,8.117730292589567
dynamic_accel,47.252,-0.5019025926620504
dynamic_accel,47.302,-1.4920205433415603
dynamic_accel,47.352,-3.9004681858831463
dynamic_accel,47.402,-3.7785604395325088
dynamic_accel,47.452,-4.064144147232392
dynamic_accel,47.502,-2.38290378100149
dynamic_accel,47.552,-1.2655627740212978
dynamic_accel,47.602,1.0179650734786865
dynamic_accel,47.652,2.420819934170769
dynamic_accel,47.702,1.5893824972415764
dynamic_accel,47.752,5.787044360693235
dynamic_accel,47.802,4.054806863642471
dynamic_accel,47.852,-0.8121010403249009
dynamic_accel,47.902,-3.4263328909490802
dynamic_accel,47.952,-5.105892103991804
dynamic_accel,48.002,-4.019421041934305
dynamic_accel,48.052,-1.7090611827282274
dynamic_accel,48.102,0.14067312698036716
dynamic_accel,48.152,0.9812677319263514
dynamic_accel,48.202,2.3172613315820545
dynamic_accel,48.252,1.9694945226531875
dynamic_accel,48.302,8.346775369178827
dynamic_accel,48.352,2.4378643146370447
dynamic_accel,48.402,-0.9990014978326869
dynamic_accel,48.452,-2.1510321720451735
dynamic_accel,48.502,-4.001157705320151
dynamic_accel,48.552,-4.15586799227605
dynamic_accel,48.602,-1.7303864558579196
dynamic_accel,48.652,0.11207813193219351
dynamic_accel,48.702,-1.4321934019787825
dynamic_accel,48.752,0.8961818765059757
dynamic_accel,48.802,3.2309951587228536
dynamic_accel,48.852,0.9612325363223473
dynamic_accel,48.902,5.8135709165735605
dynamic_accel,48.952,2.8432612153587122
dynamic_accel,49.002,-1.2001263426929718
dynamic_accel,49.052,-5.652969566728171
dynamic_accel,49.102,-5.11089340798974
dynamic_accel,49.152,-2.901869014849974
dynamic_accel,49.202,-0.9641799450877926
dynamic_accel,49.252,1.0260505275001233
dynamic_accel,49.302,1.466855274064999
dynamic_accel,49.352,2.708183221098105
dynamic_accel,49.402,1.0019912740420622
dynamic_accel,49.452,8.613560005822798
dynamic_accel,49.502,-0.09175127777458059
dynamic_accel,49.552,-0.7508098491540167
dynamic_accel,49.602,-2.4298056325614104
dynamic_accel,49.652,-3.673953004818374
dynamic_accel,49.702,-2.494738492122666
dynamic_accel,49.752,-0.9787770029806016
dynamic_accel,49.802,-1.623791453604614
dynamic_accel,49.852,-0.43155445196829767
dynamic_accel,49.902,2.3766608407490875
dynamic_accel,49.952,1.8414411393187944
dynamic_accel,50.002,3.0305977379993223
dynamic_accel,50.052,5.081600892876336
dynamic_accel,50.102,0.6083440278648045
dynamic_accel,50.152,-3.711018052735392
dynamic_accel,50.202,-5.38329764463812
dynamic_accel,50.252,-4.267624839000544
dynamic_accel,50.302,-2.5711120342115823
dynamic_accel,50.352,0.14800805495729996
dynamic_accel,50.402,1.5155242052052653
dynamic_accel,50.452,2.308478323815443
dynamic_accel,50.502,2.8731680665748023
dynamic_accel,50.552,7.379891732743925
dynamic_accel,50.602,2.7467111793441905
dynamic_accel,50.652,-0.3435989253596645
dynamic_accel,50.702,-2.9929466452260574
dynamic_accel,50.752,-3.669082081337116
dynamic_accel,50.802,-3.0482913334544817
dynamic_accel,50.852,-2.0036545985275627
dynamic_accel,50.902,-2.137453931541865
dynamic_accel,50.952,-2.225268981802471
dynamic_accel,51.002,1.164921191203467
dynamic_accel,51.052,2.7820957629316823
dynamic_accel,51.102,5.042007485895665
dynamic_accel,51.152,4.488776098470911
dynamic_accel,51.202,0.9634549579793514
dynamic_accel,51.252,-0.6798724195392278
dynamic_accel,51.302,-3.4956504398444412
dynamic_accel,51.352,-2.9491525246774017
dynamic_accel,51.402,-2.5872139693774967
dynamic_accel,51.452,-1.295448260458258
dynamic_accel,51.502,-0.5576997560617212
dynamic_accel,51.552,0.7911727609434394
dynamic_accel,51.602,1.5629833727479667
dynamic_accel,51.652,-0.4287420970592528
dynamic_accel,51.702,8.05418080634943
dynamic_accel,51.752,0.7943414619075817
dynamic_accel,51.802,-0.6592203758181583
dynamic_accel,51.852,-2.2876243201418722
dynamic_accel,51.902,-3.0595583057854814
dynamic_accel,51.952,-2.838078419560624
dynamic_accel,52.002,-0.9858509912460622
dynamic_accel,52.052,-0.9435442921689674
dynamic_accel,52.102,-0.9059513420134149
dynamic_accel,52.152,2.0730315204131884
dynamic_accel,52.202,3.3482101690085777
dynamic_accel,52.252,3.6553813261218906
dynamic_accel,52.302,3.325141183050693
dynamic_accel,52.352,-0.5158965635403447
dynamic_accel,52.402,-2.9308416777216877
dynamic_accel,52.452,-5.283062172682975
dynamic_accel,52.502,-4.219839362802559
dynamic_accel,52.552,-1.580441694042328
dynamic_accel,52.602,1.4689390783624106
dynamic_accel,52.652,1.2964159894062721
dynamic_accel,52.702,2.8111692129003245
dynamic_accel,52.752,3.165295745764194
dynamic_accel,52.802,2.8488918591673187
dynamic_accel,52.852,5.055644967957557
dynamic_accel,52.902,-0.5900917177089084
dynamic_accel,52.952,-2.9197537043348225
dynamic_accel,53.002,-3.9499766782340355
dynamic_accel,53.052,-3.6684492330788245
dynamic_accel,53.102,-1.3929876598384627
dynamic_accel,53.152,-1.4773925347392094
dynamic_accel,53.202,-1.281545803027278
dynamic_accel,53.252,1.0508734120991985
dynamic_accel,53.302,3.963478855849875
dynamic_accel,53.352,0.40150345678812194
dynamic_accel,53.402,3.957470334622281
dynamic_accel,53.452,3.5791573164372075
dynamic_accel,53.502,-1.1925414653200725
dynamic_accel,53.552,-4.359975538320897
dynamic_accel,53.602,-3.0023434710477623
dynamic_accel,53.652,-1.4252823914029964
dynamic_accel,53.702,-1.2007700954952494
dynamic_accel,53.752,0.2593511812501923
dynamic_accel,53.802,1.4899526508716558
dynamic_accel,53.852,2.0843703297905503
dynamic_accel,53.902,1.4072028607507203
dynamic_accel,53.952,3.365107183585833
dynamic_accel,54.002,0.2254353236469111
dynamic_accel,54.052,-0.4968705489979186
dynamic_accel,54.102,-1.3486193070408934
dynamic_accel,54.152,-3.264143018644506
dynamic_accel,54.202,-2.0891581823325485
dynamic_accel,54.252,-0.7916087464240018
dynamic_accel,54.302,0.48958186197770104
dynamic_accel,54.352,0.7497161371272956
dynamic_accel,54.402,1.296740098136171
dynamic_accel,54.452,-0.7014374831112775
dynamic_accel,54.502,5.760822229446806
dynamic_accel,54.552,1.160075395982867
dynamic_accel,54.602,0.11940613904988773
dynamic_accel,54.652,-2.6425709727934112
dynamic_accel,54.702,-3.528913122581595
dynamic_accel,54.752,-1.9856719243209824
dynamic_accel,54.802,-0.5623839594083808
dynamic_accel,54.852,0.8981026392520732
dynamic_accel,54.902,1.1161051428180482
dynamic_accel,54.952,1.5016986031029855
dynamic_accel,55.002,3.5878671416965116
dynamic_accel,55.052,-0.6452981677479261
dynamic_accel,55.102,0.29237058853977516
dynamic_accel,55.152,-0.980146252068776
dynamic_accel,55.202,-2.059357037791239
dynamic_accel,55.252,-2.450970168393673
dynamic_accel,55.302,-1.8538840263449217
dynamic_accel,55.352,-0.3405290402757153
dynamic_accel,55.402,0.20279600028982436
dynamic_accel,55.452,0.457906424554519
dynamic_accel,55.502,1.0424804989988612
dynamic_accel,55.552,3.271228555343413
dynamic_accel,55.602,2.732091833837604
dynamic_accel,55.652,2.6834124194876505
dynamic_accel,55.702,-0.47379995706538125
dynamic_accel,55.752,-2.6250721965979773
dynamic_accel,55.802,-0.9404147270042511
dynamic_accel,55.852,-2.6474763992119
dynamic_accel,55.902,-1.2111309890815036
dynamic_accel,55.952,-1.45092357009033
dynamic_accel,56.002,-0.512006500561828
dynamic_accel,56.052,0.4369673185319254
dynamic_accel,56.102,1.9637997829726892
dynamic_accel,56.152,1.4557181265535828
dynamic_accel,56.202,1.157210462292836
dynamic_accel,56.252,0.1627873397942743
dynamic_accel,56.302,0.6491251649048628
dynamic_accel,56.352,0.28355484021220967
dynamic_accel,56.402,-0.7533773383685922
dynamic_accel,56.452,-1.4147967700876283
dynamic_accel,56.502,-0.06148019647747205
dynamic_accel,56.552,0.43014355876313104
dynamic_accel,56.602,-0.14231516699868685
dynamic_accel,56.652,-0.9998096903892364
dynamic_accel,56.702,-0.2999556403080632
dynamic_accel,56.752,0.8022255224732326
dynamic_accel,56.802,0.2565317882425937
dynamic_accel,56.852,-0.07104865905170854
dynamic_accel,56.902,-0.5666949535350767
dynamic_accel,56.952,-0.04029470373301258
dynamic_accel,57.002,0.8540172784737123
magnetic_norm,0.003,48.918005060637014
magnetic_norm,0.024,42.64525461628177
magnetic_norm,0.034,50.832263771152284
magnetic_norm,0.054,53.12758979005169
magnetic_norm,0.073,48.375385764547154
magnetic_norm,0.093,49.21999752742786
magnetic_norm,0.113,48.76593604915222
magnetic_norm,0.134,41.56439478795223
magnetic_norm,0.154,50.66788045448525
magnetic_norm,0.174,49.40141109852038
magnetic_norm,0.194,47.04931712774905
magnetic_norm,0.214,49.4741125550272
magnetic_norm,0.233,47.67068046871162
magnetic_norm,0.253,47.52187095275186
magnetic_norm,0.273,47.53134679745569
magnetic_norm,0.294,45.25461535293956
magnetic_norm,0.313,49.59062176776729
magnetic_norm,0.335,50.007868580554444
magnetic_norm,0.353,53.35371840603056
magnetic_norm,0.373,53.209730727095476
magnetic_norm,0.393,58.00488496908041
magnetic_norm,0.413,49.51269070501017
magnetic_norm,0.433,52.086484428400546
magnetic_norm,0.454,48.50652064988282
magnetic_norm,0.473,47.63511635516388
magnetic_norm,0.494,48.26910758808375
magnetic_norm,0.513,46.924513581056495
magnetic_norm,0.533,49.25605372058342
magnetic_norm,0.553,50.201506452217146
magnetic_norm,0.574,49.70247761135761
magnetic_norm,0.593,49.20544931902872
magnetic_norm,0.613,48.28633841458171
magnetic_norm,0.634,48.28094417378869
magnetic_norm,0.653,49.0314811439294
magnetic_norm,0.673,48.33423424530498
magnetic_norm,0.693,49.95363737319341
magnetic_norm,0.713,48.53826063305113
magnetic_norm,0.734,48.404302952449434
magnetic_norm,0.753,49.4980539822023
magnetic_norm,0.773,49.4061788424535
magnetic_norm,0.794,47.56814491282484
magnetic_norm,0.813,46.892021909382414
magnetic_norm,0.836,48.40123198926604
magnetic_norm,0.854,49.241774041838745
magnetic_norm,0.873,48.10829273264646
magnetic_norm,0.894,48.63585058991983
magnetic_norm,0.913,48.67986143627572
magnetic_norm,0.935,48.089546599936874
magnetic_norm,0.953,50.13535779828942
magnetic_norm,0.973,48.49792153722944
magnetic_norm,0.994,51.38518542099466
magnetic_norm,1.013,50.01820092888692
magnetic_norm,1.034,48.97141466049354
magnetic_norm,1.053,50.39181896920376
magnetic_norm,1.073,49.393342190142434
magnetic_norm,1.093,49.48038386358279
magnetic_norm,1.113,49.42086898290037
magnetic_norm,1.134,49.14701793064363
magnetic_norm,1.154,47.17026046414204
magnetic_norm,1.173,47.70902814593902
magnetic_norm,1.193,48.51537078918908
magnetic_norm,1.213,46.17632372214694
magnetic_norm,1.233,50.17535420988577
magnetic_norm,1.254,47.62725149894491
magnetic_norm,1.273,46.97152335684356
magnetic_norm,1.293,48.272540642817845
magnetic_norm,1.314,48.969958806011924
magnetic_norm,1.334,46.79621948841065
magnetic_norm,1.354,47.784608044732934
magnetic_norm,1.373,48.63604564864937
magnetic_norm,1.393,46.22209864299223
magnetic_norm,1.414,47.61264893268911
magnetic_norm,1.434,46.83733513101488
magnetic_norm,1.454,45.980773379546925
magnetic_norm,1.474,47.644115324770176
magnetic_norm,1.494,48.646091858313795
magnetic_norm,1.513,46.32695541731079
magnetic_norm,1.533,48.24296214786162
magnetic_norm,1.553,47.64097190995374
magnetic_norm,1.574,45.18148090949443
magnetic_norm,1.593,48.801310473054976
magnetic_norm,1.614,46.30125288977072
magnetic_norm,1.64,47.38181810660606
magnetic_norm,1.653,48.36279642581682
magnetic_norm,1.673,47.03098795608062
magnetic_norm,1.694,48.737410882196045
magnetic_norm,1.714,46.383940675087196
magnetic_norm,1.734,47.64621451713136
magnetic_norm,1.754,46.40679777090859
magnetic_norm,1.774,47.18351569610943
magnetic_norm,1.799,47.060221558392605
magnetic_norm,1.813,46.25802852073357
magnetic_norm,1.833,46.75591285923106
magnetic_norm,1.854,44.770842383394466
magnetic_norm,1.873,47.34474503904841
magnetic_norm,1.896,46.65324821537083
magnetic_norm,1.914,46.85435943592924
magnetic_norm,1.933,47.7923001462318
magnetic_norm,1.953,48.64665587402956
magnetic_norm,1.974,44.315552762263955
magnetic_norm,1.993,47.34474503904841
magnetic_norm,2.013,48.98144937435498
magnetic_norm,2.033,47.77187252224106
magnetic_norm,2.053,43.499567888155525
magnetic_norm,2.073,45.354653435314674
magnetic_norm,2.093,46.45171636360706
magnetic_norm,2.113,44.6373434062081
magnetic_norm,2.134,50.33212017178995
magnetic_norm,2.154,48.00653659906639
magnetic_norm,2.177,49.23012419888357
magnetic_norm,2.194,47.40708311080742
magnetic_norm,2.213,49.62034043640774
magnetic_norm,2.233,48.59934580308156
magnetic_norm,2.253,49.211784648471244
magnetic_norm,2.273,50.41960378897785
magnetic_norm,2.294,48.55813476094918
magnetic_norm,2.313,48.463794879399494
magnetic_norm,2.334,49.92580401430709
magnetic_norm,2.353,47.72143816121858
magnetic_norm,2.373,49.16598293192664
magnetic_norm,2.393,49.93593230880947
magnetic_norm,2.414,49.66067225084915
magnetic_norm,2.434,50.50139429651919
magnetic_norm,2.454,49.57015979586408
magnetic_norm,2.473,49.82476484126652
magnetic_norm,2.493,49.178004952112495
magnetic_norm,2.513,49.17030788875548
magnetic_norm,2.533,48.38708425662266
magnetic_norm,2.553,49.76115286262473
magnetic_norm,2.574,50.34898018183933
magnetic_norm,2.596,47.62501846661059
magnetic_norm,2.613,48.19873593674428
magnetic_norm,2.633,49.82016315421402
magnetic_norm,2.653,48.22508019044655
magnetic_norm,2.673,49.24941723411562
magnetic_norm,2.694,46.57900420589195
magnetic_norm,2.713,49.23806406759917
magnetic_norm,2.735,48.70086466421823
magnetic_norm,2.759,48.061753629445406
magnetic_norm,2.773,48.02175166335564
magnetic_norm,2.793,48.017774452058426
magnetic_norm,2.813,45.62330081657837
magnetic_norm,2.833,47.06150646430159
magnetic_norm,2.854,49.761040159446104
magnetic_norm,2.873,47.26894931315382
magnetic_norm,2.894,47.08272473795458
magnetic_norm,2.914,47.50222486565761
magnetic_norm,2.933,48.51738679226247
magnetic_norm,2.953,45.9035151815742
magnetic_norm,2.973,46.317594171653646
magnetic_norm,2.993,47.18130878364338
magnetic_norm,3.014,48.57112495802136
magnetic_norm,3.034,48.135606717126905
magnetic_norm,3.053,48.48749319695236
magnetic_norm,3.078,48.533881529216266
magnetic_norm,3.093,47.510774001404194
magnetic_norm,3.114,48.70522776520514
magnetic_norm,3.134,49.29724097958742
magnetic_norm,3.153,48.30026652123675
magnetic_norm,3.174,50.32417049081638
magnetic_norm,3.193,47.57779243586239
magnetic_norm,3.213,48.450677562212775
magnetic_norm,3.233,49.96468548977873
magnetic_norm,3.254,50.33770401088536
magnetic_norm,3.273,48.306579570178634
magnetic_norm,3.293,49.30875988687263
magnetic_norm,3.314,47.95303532408047
magnetic_norm,3.333,47.51771288490747
magnetic_norm,3.353,46.7009979740798
magnetic_norm,3.374,47.34764652044496
magnetic_norm,3.395,49.10318580290896
magnetic_norm,3.413,50.28594828553003
magnetic_norm,3.433,50.76655930543748
magnetic_norm,3.454,49.99661968355966
magnetic_norm,3.475,48.713095694202195
magnetic_norm,3.494,48.94417213519917
magnetic_norm,3.513,49.29887079830025
magnetic_norm,3.534,50.85214980632588
magnetic_norm,3.553,49.77801119520554
magnetic_norm,3.573,49.729903204334725
magnetic_norm,3.594,52.36835614066003
magnetic_norm,3.614,50.906643978107134
magnetic_norm,3.633,50.70439990560485
magnetic_norm,3.653,50.750713831432996
magnetic_norm,3.673,51.59072295783904
magnetic_norm,3.693,52.27820448391949
magnetic_norm,3.715,52.912403034904145
magnetic_norm,3.734,53.784617781481025
magnetic_norm,3.753,56.88107029418929
magnetic_norm,3.773,54.51002308922185
magnetic_norm,3.794,53.14203184168347
magnetic_norm,3.813,53.390858212572425
magnetic_norm,3.833,52.15662937047169
magnetic_norm,3.855,52.34098193958539
magnetic_norm,3.877,52.97207030043054
magnetic_norm,3.893,51.73296951281419
magnetic_norm,3.913,51.391725315098164
magnetic_norm,3.933,53.58343559639023
magnetic_norm,3.953,52.40649921192986
magnetic_norm,3.973,53.66173113879671
magnetic_norm,3.993,52.35919246369265
magnetic_norm,4.013,53.2484305134903
magnetic_norm,4.035,51.075178836691414
magnetic_norm,4.053,53.22953368138317
magnetic_norm,4.073,52.00928958693342
magnetic_norm,4.093,54.756210792932016
magnetic_norm,4.113,52.98926875710311
magnetic_norm,4.133,53.04495957051446
magnetic_norm,4.153,53.34410769792203
magnetic_norm,4.173,51.346573572147975
magnetic_norm,4.193,53.31798179202787
magnetic_norm,4.213,54.267581368852305
magnetic_norm,4.233,52.51849592584027
magnetic_norm,4.254,52.70452571886023
magnetic_norm,4.276,51.932760601449914
magnetic_norm,4.294,54.250023684211435
magnetic_norm,4.314,53.20494462994028
magnetic_norm,4.333,52.26790437854764
magnetic_norm,4.354,53.81397024158784
magnetic_norm,4.373,53.18955996539642
magnetic_norm,4.393,51.61999381392838
magnetic_norm,4.414,52.090392335103424
magnetic_norm,4.433,52.479076604157214
magnetic_norm,4.455,52.753721409370776
magnetic_norm,4.473,54.190095309475154
magnetic_norm,4.493,53.42591343790952
magnetic_norm,4.514,53.57534652384454
magnetic_norm,4.533,53.11267994897743
magnetic_norm,4.553,50.56297962553731
magnetic_norm,4.573,51.0726045693775
magnetic_norm,4.594,50.224986182800514
magnetic_norm,4.613,50.76290429191384
magnetic_norm,4.633,50.88126825291407
magnetic_norm,4.653,50.856519476980544
magnetic_norm,4.683,51.619907494105504
magnetic_norm,4.693,52.01285814945196
magnetic_norm,4.713,52.519445000399664
magnetic_norm,4.734,51.79615145078349
magnetic_norm,4.753,52.34197036126944
magnetic_norm,4.773,50.179551106377005
magnetic_norm,4.793,50.9965741749017
magnetic_norm,4.813,50.507384504520736
magnetic_norm,4.833,50.991260386756515
magnetic_norm,4.854,48.63226208225882
magnetic_norm,4.874,48.601450533523185
magnetic_norm,4.893,50.283211555026035
magnetic_norm,4.913,50.648847303640636
magnetic_norm,4.933,48.78720815631388
magnetic_norm,4.959,48.85457727219641
magnetic_norm,4.973,51.052814006306384
magnetic_norm,4.993,49.95940839997016
magnetic_norm,5.013,51.21177762548869
magnetic_norm,5.034,52.28679585966235
magnetic_norm,5.053,49.9162980301024
magnetic_norm,5.073,52.29606262982424
magnetic_norm,5.094,48.25308461725532
magnetic_norm,5.113,50.01241525548931
magnetic_norm,5.133,50.7414971874107
magnetic_norm,5.155,50.35680518212016
magnetic_norm,5.173,49.73201929529414
magnetic_norm,5.193,49.30714824560186
magnetic_norm,5.213,50.01578227482301
magnetic_norm,5.234,49.826939229446964
magnetic_norm,5.253,48.58336472973547
magnetic_norm,5.273,50.82531570413509
magnetic_norm,5.293,47.41617008561005
magnetic_norm,5.315,50.65117725988706
magnetic_norm,5.333,47.76817628152142
magnetic_norm,5.353,49.01904903644605
magnetic_norm,5.373,50.6353226405491
magnetic_norm,5.393,48.55212524352051
magnetic_norm,5.413,49.744008642373224
magnetic_norm,5.434,48.93750778735572
magnetic_norm,5.454,49.28210029665948
magnetic_norm,5.473,49.85000548520531
magnetic_norm,5.493,49.78009179443626
magnetic_norm,5.513,48.77337420406753
magnetic_norm,5.533,49.7042097404737
magnetic_norm,5.553,48.792951890232096
magnetic_norm,5.574,47.34689841016515
magnetic_norm,5.594,47.44444737150506
magnetic_norm,5.613,48.393547425380014
magnetic_norm,5.633,46.61354761252366
magnetic_norm,5.653,47.85844160686285
magnetic_norm,5.674,48.160184624983536
magnetic_norm,5.694,47.97697877980128
magnetic_norm,5.721,48.43176007551765
magnetic_norm,5.734,47.52187796320765
magnetic_norm,5.753,48.82978464421076
magnetic_norm,5.773,47.47243038338147
magnetic_norm,5.793,46.82706595981646
magnetic_norm,5.814,48.94521935815085
magnetic_norm,5.833,47.65262427061341
magnetic_norm,5.854,47.21740323061509
magnetic_norm,5.874,47.76052035716847
magnetic_norm,5.893,48.62141455290046
magnetic_norm,5.913,45.928704172200476
magnetic_norm,5.933,47.20595126186426
magnetic_norm,5.958,46.69502796738648
magnetic_norm,5.973,47.0873096223919
magnetic_norm,5.993,45.704620175522194
magnetic_norm,6.014,47.15545274912543
magnetic_norm,6.033,46.10263940506824
magnetic_norm,6.053,48.73070892350634
magnetic_norm,6.077,50.04111072700131
magnetic_norm,6.093,49.304172831516006
magnetic_norm,6.113,51.52243784568525
magnetic_norm,6.133,49.69616774963643
magnetic_norm,6.154,48.537261599131284
magnetic_norm,6.174,48.03727253437179
magnetic_norm,6.193,47.90647490945252
magnetic_norm,6.213,48.411813727173175
magnetic_norm,6.234,46.92937891356015
magnetic_norm,6.253,48.13438707486053
magnetic_norm,6.273,49.73483055891264
magnetic_norm,6.293,48.59081688897094
magnetic_norm,6.313,47.782614733106726
magnetic_norm,6.333,46.98977075227384
magnetic_norm,6.354,47.14728425503425
magnetic_norm,6.374,49.446566160224926
magnetic_norm,6.393,45.898194034733045
magnetic_norm,6.413,45.03231816784479
magnetic_norm,6.433,46.19678103639906
magnetic_norm,6.453,46.93282428474238
magnetic_norm,6.473,45.041114073643875
magnetic_norm,6.493,43.563933351598315
magnetic_norm,6.513,46.81172976041906
magnetic_norm,6.534,44.95962257381617
magnetic_norm,6.553,47.19884865107954
magnetic_norm,6.573,48.23850656503578
magnetic_norm,6.593,46.78463541385676
magnetic_norm,6.613,45.49901949149569
magnetic_norm,6.633,44.64666595819344
magnetic_norm,6.654,44.448205271613716
magnetic_norm,6.673,44.5239601944841
magnetic_norm,6.694,43.40552327253417
magnetic_norm,6.713,43.84167805154132
magnetic_norm,6.733,44.46887586617475
magnetic_norm,6.753,43.97186268854219
magnetic_norm,6.773,43.374348713194
magnetic_norm,6.793,43.78896433534944
magnetic_norm,6.813,43.40857901786237
magnetic_norm,6.833,46.01698969913182
magnetic_norm,6.854,44.43681961504446
magnetic_norm,6.873,42.378292122117294
magnetic_norm,6.893,42.1593140660001
magnetic_norm,6.913,44.00188783237033
magnetic_norm,6.933,44.693196315267045
magnetic_norm,6.954,43.66709330597245
magnetic_norm,6.974,44.09059609556782
magnetic_norm,6.994,42.62592372488841
magnetic_norm,7.014,41.744314219573674
magnetic_norm,7.033,41.588626109190045
magnetic_norm,7.053,42.834302830252284
magnetic_norm,7.074,44.75895689803331
magnetic_norm,7.094,43.62480704414362
magnetic_norm,7.113,44.93861532245964
magnetic_norm,7.133,42.67029020636031
magnetic_norm,7.153,44.200453837192164
magnetic_norm,7.176,43.39715400201955
magnetic_norm,7.193,45.35250217330903
magnetic_norm,7.214,43.59521368583655
magnetic_norm,7.233,45.589933874485936
magnetic_norm,7.254,45.30662056388673
magnetic_norm,7.274,44.295427238965694
magnetic_norm,7.293,44.84321908530319
magnetic_norm,7.313,45.12966644043588
magnetic_norm,7.333,44.49003678007584
magnetic_norm,7.353,44.454975542676976
magnetic_norm,7.373,43.78277566934856
magnetic_norm,7.393,43.072570505775495
magnetic_norm,7.413,45.49241178180161
magnetic_norm,7.433,44.26056235422799
magnetic_norm,7.453,45.0599917010645
magnetic_norm,7.473,44.374478868771014
magnetic_norm,7.493,41.76130404887411
magnetic_norm,7.513,44.40855647662401
magnetic_norm,7.533,43.55568936100657
magnetic_norm,7.554,43.91404798317686
magnetic_norm,7.577,44.47255342132381
magnetic_norm,7.593,43.59233682999806
magnetic_norm,7.614,44.038695910017694
magnetic_norm,7.633,45.27301979623185
magnetic_norm,7.653,43.03363190052637
magnetic_norm,7.673,45.69136902208667
magnetic_norm,7.693,43.68770149309759
magnetic_norm,7.713,45.39994923592977
magnetic_norm,7.733,44.464570452496275
magnetic_norm,7.753,46.10689886680468
magnetic_norm,7.773,43.73558819348382
magnetic_norm,7.793,46.794474583678145
magnetic_norm,7.813,47.10205549169281
magnetic_norm,7.833,44.063094454798566
magnetic_norm,7.854,46.048332196997116
magnetic_norm,7.874,45.08561390456218
magnetic_norm,7.893,44.90976529998794
magnetic_norm,7.913,45.372617765977544
magnetic_norm,7.934,45.92562892562008
magnetic_norm,7.953,44.16253972358815
magnetic_norm,7.974,44.737731028741386
magnetic_norm,7.994,44.22587982058706
magnetic_norm,8.013,45.16834947311005
magnetic_norm,8.033,44.46376201821546
magnetic_norm,8.053,45.91051017659256
magnetic_norm,8.073,44.17724823132944
magnetic_norm,8.093,45.464830068141694
magnetic_norm,8.113,43.797915240625386
magnetic_norm,8.134,47.21948791614009
magnetic_norm,8.153,43.04632312595067
magnetic_norm,8.173,46.773569008709394
magnetic_norm,8.193,46.789096906624565
magnetic_norm,8.213,45.669173719041645
magnetic_norm,8.233,46.71656102756816
magnetic_norm,8.254,47.55650127598233
magnetic_norm,8.274,45.147628562805075
magnetic_norm,8.293,45.609266535102286
magnetic_norm,8.313,47.30890488535171
magnetic_norm,8.334,46.951700446842224
magnetic_norm,8.354,47.029977861612466
magnetic_norm,8.373,46.5755268287435
magnetic_norm,8.393,48.78164394254778
magnetic_norm,8.413,49.340615277502415
magnetic_norm,8.434,46.94913322043341
magnetic_norm,8.453,48.92388461286062
magnetic_norm,8.473,49.008023456241425
magnetic_norm,8.493,47.986349377322924
magnetic_norm,8.513,47.11546730594424
magnetic_norm,8.534,47.103411019001584
magnetic_norm,8.554,47.23831328685964
magnetic_norm,8.573,48.2714771662573
magnetic_norm,8.593,47.981147801454284
magnetic_norm,8.613,48.9195300976512
magnetic_norm,8.634,47.86105439668567
magnetic_norm,8.654,48.420634399499605
magnetic_norm,8.673,50.27100190778477
magnetic_norm,8.694,49.68909195562946
magnetic_norm,8.714,48.689060469878655
magnetic_norm,8.734,50.08042788709361
magnetic_norm,8.755,51.36535458815484
magnetic_norm,8.773,48.81293688075947
magnetic_norm,8.793,52.121078291680625
magnetic_norm,8.813,48.98170413302311
magnetic_norm,8.834,49.01168676976446
magnetic_norm,8.853,49.13836023065385
magnetic_norm,8.873,48.04361424543068
magnetic_norm,8.893,48.82944650874102
magnetic_norm,8.913,48.73404951835524
magnetic_norm,8.933,48.11901383224203
magnetic_norm,8.953,48.35033345502908
magnetic_norm,8.974,44.62738492458979
magnetic_norm,8.994,46.19557749855509
magnetic_norm,9.013,47.51902949411426
magnetic_norm,9.033,46.93422285478379
magnetic_norm,9.053,46.53714014897143
magnetic_norm,9.073,46.00679110794415
magnetic_norm,9.093,46.16366399129578
magnetic_norm,9.113,44.93290313840182
magnetic_norm,9.134,43.51123113978745
magnetic_norm,9.154,42.20653353480952
magnetic_norm,9.173,43.440029614458204
magnetic_norm,9.193,42.11544997779924
magnetic_norm,9.214,42.27453557240459
magnetic_norm,9.235,43.27433383369408
magnetic_norm,9.254,41.17256021970221
magnetic_norm,9.273,42.17544308910708
magnetic_norm,9.293,45.59276425569085
magnetic_norm,9.313,42.47249339528472
magnetic_norm,9.333,42.55411346714916
magnetic_norm,9.353,43.91652718467731
magnetic_norm,9.373,41.865344969019425
magnetic_norm,9.393,42.27388319237427
magnetic_norm,9.414,43.55822217575585
magnetic_norm,9.433,43.84029750825727
magnetic_norm,9.453,42.18074945991358
magnetic_norm,9.473,43.56037113134947
magnetic_norm,9.494,45.237077843705926
magnetic_norm,9.513,42.36926855664379
magnetic_norm,9.535,43.44634045190117
magnetic_norm,9.553,40.81527504786047
magnetic_norm,9.573,41.41229862667611
magnetic_norm,9.595,42.10718033969989
magnetic_norm,9.613,41.983867837182466
magnetic_norm,9.634,41.438725943403476
magnetic_norm,9.653,42.22210668941687
magnetic_norm,9.673,42.505970563792616
magnetic_norm,9.693,41.325004288883626
magnetic_norm,9.713,40.96112491594927
magnetic_norm,9.734,41.715293283758754
magnetic_norm,9.753,41.00309487175937
magnetic_norm,9.774,42.016242969297124
magnetic_norm,9.798,40.353820934795024
magnetic_norm,9.814,40.073064729316734
magnetic_norm,9.834,41.87276880206579
magnetic_norm,9.854,42.287032586834464
magnetic_norm,9.873,42.96973135242994
magnetic_norm,9.893,41.323292199285206
magnetic_norm,9.913,43.238670877121095
magnetic_norm,9.934,43.48302993597047
magnetic_norm,9.954,42.457310533493626
magnetic_norm,9.974,41.20655746351256
magnetic_norm,9.994,40.82685381201324
magnetic_norm,10.013,39.43997539538729
magnetic_norm,10.033,41.07140988577101
magnetic_norm,10.053,42.568277416257985
magnetic_norm,10.073,40.6926753620968
magnetic_norm,10.094,39.21098733167796
magnetic_norm,10.115,39.96046171505034
magnetic_norm,10.133,40.26760944830551
magnetic_norm,10.153,39.07069966970135
magnetic_norm,10.173,40.007917673411846
magnetic_norm,10.193,39.362080889162975
magnetic_norm,10.213,39.9001111046386
magnetic_norm,10.233,39.749756834067554
magnetic_norm,10.254,38.63950756867903
magnetic_norm,10.274,39.72278997839276
magnetic_norm,10.294,38.40817983996054
magnetic_norm,10.313,39.621256938195444
magnetic_norm,10.334,39.25265405580877
magnetic_norm,10.353,39.81744760073781
magnetic_norm,10.373,39.408452848437335
magnetic_norm,10.394,37.68310447849951
magnetic_norm,10.414,38.18421306999793
magnetic_norm,10.433,40.296297616065175
magnetic_norm,10.453,40.10247000185909
magnetic_norm,10.473,39.344388455979455
magnetic_norm,10.493,41.057358410977926
magnetic_norm,10.513,39.44050175580945
magnetic_norm,10.536,39.928826079193776
magnetic_norm,10.553,38.01729314280872
magnetic_norm,10.573,38.58529968216523
magnetic_norm,10.594,39.44111419328186
magnetic_norm,10.613,39.78383294868344
magnetic_norm,10.633,41.324062606428335
magnetic_norm,10.654,37.59752809095301
magnetic_norm,10.674,39.73546028045994
magnetic_norm,10.694,39.111644601384505
magnetic_norm,10.713,38.61849398264394
magnetic_norm,10.733,37.43556687196016
magnetic_norm,10.753,38.71766566520381
magnetic_norm,10.774,37.61613651064529
magnetic_norm,10.793,36.739003877861265
magnetic_norm,10.814,38.44651929401419
magnetic_norm,10.834,39.272730817483335
magnetic_norm,10.853,37.76808589470746
magnetic_norm,10.873,38.28724787821007
magnetic_norm,10.893,37.21357373979958
magnetic_norm,10.916,37.16199900217292
magnetic_norm,10.934,37.526213947219645
magnetic_norm,10.953,37.069481125819685
magnetic_norm,10.984,38.03357214323955
magnetic_norm,10.993,38.72596582010587
magnetic_norm,11.013,39.16634208730764
magnetic_norm,11.033,38.282284966091055
magnetic_norm,11.054,37.827047257881546
magnetic_norm,11.074,37.228215351565105
magnetic_norm,11.094,36.92637927874202
magnetic_norm,11.113,37.649393496608965
magnetic_norm,11.133,38.27758694147923
magnetic_norm,11.153,37.516065308744736
magnetic_norm,11.173,37.29935117314382
magnetic_norm,11.194,38.35809256548743
magnetic_norm,11.213,35.86513840416625
magnetic_norm,11.233,38.14239459741614
magnetic_norm,11.253,38.65787389054795
magnetic_norm,11.273,37.43043549506208
magnetic_norm,11.293,38.24406742914517
magnetic_norm,11.313,38.16728271504275
magnetic_norm,11.333,34.2876416232949
magnetic_norm,11.353,37.748282936446316
magnetic_norm,11.375,36.65479868482439
magnetic_norm,11.394,37.33822589920428
magnetic_norm,11.413,36.69538083192495
magnetic_norm,11.433,37.22726177581431
magnetic_norm,11.453,37.260925411213286
magnetic_norm,11.473,37.49755500729354
magnetic_norm,11.493,36.404747880256004
magnetic_norm,11.513,38.12654410528843
magnetic_norm,11.534,36.567067022458886
magnetic_norm,11.554,37.719338230707336
magnetic_norm,11.573,37.84482630756815
magnetic_norm,11.596,38.37245376829592
magnetic_norm,11.613,38.85583631354497
magnetic_norm,11.633,35.111152541785124
magnetic_norm,11.654,38.19432677571375
magnetic_norm,11.674,35.635760211303214
magnetic_norm,11.699,36.505331721886925
magnetic_norm,11.716,37.41050492040981
magnetic_norm,11.733,35.89526782338448
magnetic_norm,11.753,35.866575227326955
magnetic_norm,11.774,35.12232995688077
magnetic_norm,11.793,37.68002870022798
magnetic_norm,11.814,36.67544751976457
magnetic_norm,11.834,37.06962881102945
magnetic_norm,11.853,36.74409744894411
magnetic_norm,11.875,37.37763002870166
magnetic_norm,11.893,36.42971318117267
magnetic_norm,11.913,35.59860869876103
magnetic_norm,11.933,35.83295393175122
magnetic_norm,11.953,37.22249676657256
magnetic_norm,11.973,38.25528755855207
magnetic_norm,11.993,38.67807509316492
magnetic_norm,12.013,37.51589731833694
magnetic_norm,12.033,39.438793020324574
magnetic_norm,12.053,36.390195297806535
magnetic_norm,12.073,36.800984139863786
magnetic_norm,12.094,36.236572281501765
magnetic_norm,12.113,37.746437124912866
magnetic_norm,12.133,36.36245572668338
magnetic_norm,12.153,36.66411934967895
magnetic_norm,12.174,37.293035383299184
magnetic_norm,12.193,39.06461721942254
magnetic_norm,12.214,37.5270935665154
magnetic_norm,12.234,36.89627756884845
magnetic_norm,12.254,37.32535425568658
magnetic_norm,12.274,37.666628686909384
magnetic_norm,12.293,37.19651012611944
magnetic_norm,12.313,38.4287123364485
magnetic_norm,12.334,39.03101674117655
magnetic_norm,12.355,35.662412809146886
magnetic_norm,12.373,38.895900500566995
magnetic_norm,12.393,38.06959764488916
magnetic_norm,12.413,37.63885605803536
magnetic_norm,12.433,39.29422797546108
magnetic_norm,12.453,37.886350403212504
magnetic_norm,12.473,38.71917284805424
magnetic_norm,12.494,38.26739712062352
magnetic_norm,12.518,38.52727686863557
magnetic_norm,12.533,40.04199914511642
magnetic_norm,12.553,38.6020660122292
magnetic_norm,12.573,37.99315419420978
magnetic_norm,12.593,39.12925995179311
magnetic_norm,12.613,37.82260298915187
magnetic_norm,12.633,37.684578243460656
magnetic_norm,12.656,38.13263387637948
magnetic_norm,12.674,39.379952029459155
magnetic_norm,12.693,41.0280777838635
magnetic_norm,12.713,41.30475767254303
magnetic_norm,12.733,40.363836399059096
magnetic_norm,12.753,39.59122163119001
magnetic_norm,12.773,40.12090815061394
magnetic_norm,12.793,39.58083975675615
magnetic_norm,12.813,39.17055102178171
magnetic_norm,12.833,40.99363015503147
magnetic_norm,12.853,40.631185106085695
magnetic_norm,12.873,40.60020795605615
magnetic_norm,12.894,40.18041209858985
magnetic_norm,12.913,41.28859548274201
magnetic_norm,12.934,39.42761760920259
magnetic_norm,12.953,40.641273684673095
magnetic_norm,12.973,39.6017813306738
magnetic_norm,12.993,41.11710870413314
magnetic_norm,13.013,40.902002909087486
magnetic_norm,13.033,38.98415627886547
magnetic_norm,13.053,40.52320984895571
magnetic_norm,13.073,41.208051812267236
magnetic_norm,13.093,41.21302135884971
magnetic_norm,13.113,40.08592753978639
magnetic_norm,13.134,38.889039143118545
magnetic_norm,13.159,40.01166560657655
magnetic_norm,13.173,39.69543399639944
magnetic_norm,13.194,41.81484846140194
magnetic_norm,13.213,40.410617513377595
magnetic_norm,13.234,41.21794699263297
magnetic_norm,13.254,42.97271693281113
magnetic_norm,13.273,43.103582411587475
magnetic_norm,13.293,42.57540568171376
magnetic_norm,13.313,41.615173225189196
magnetic_norm,13.334,43.22843042561809
magnetic_norm,13.353,43.170153169898576
magnetic_norm,13.374,42.48384791055895
magnetic_norm,13.393,42.56592380634421
magnetic_norm,13.413,42.88215295769913
magnetic_norm,13.433,42.830915595717826
magnetic_norm,13.453,43.15703272923787
magnetic_norm,13.473,45.95796714417439
magnetic_norm,13.494,46.15962657953922
magnetic_norm,13.513,46.94049032924565
magnetic_norm,13.533,44.132813391242735
magnetic_norm,13.553,45.38230184893115
magnetic_norm,13.573,44.021716889508184
magnetic_norm,13.593,42.59663691610524
magnetic_norm,13.619,43.54958246427284
magnetic_norm,13.639,44.920590090319386
magnetic_norm,13.654,44.34588827783253
magnetic_norm,13.673,43.66579392858624
magnetic_norm,13.693,44.49965984771681
magnetic_norm,13.721,43.569812980305
magnetic_norm,13.735,45.24764455666454
magnetic_norm,13.753,46.70044248318211
magnetic_norm,13.773,46.30420097026844
magnetic_norm,13.794,46.87582874915387
magnetic_norm,13.813,45.394745187356214
magnetic_norm,13.834,45.395443228147954
magnetic_norm,13.854,46.252115774794575
magnetic_norm,13.873,46.15591620584788
magnetic_norm,13.893,47.81338090117928
magnetic_norm,13.913,47.35607610077617
magnetic_norm,13.934,44.89378088889373
magnetic_norm,13.955,47.7557825437271
magnetic_norm,13.973,47.83075652810918
magnetic_norm,13.993,47.35771099549163
magnetic_norm,14.014,48.21742237849566
magnetic_norm,14.033,46.53604669394742
magnetic_norm,14.053,48.61575167885414
magnetic_norm,14.074,49.0401688828913
magnetic_norm,14.093,47.86100374213864
magnetic_norm,14.117,48.232603916736174
magnetic_norm,14.133,48.44336012938203
magnetic_norm,14.153,51.57996197519452
magnetic_norm,14.173,49.181573454521605
magnetic_norm,14.193,49.61634719739564
magnetic_norm,14.213,50.72056088966786
magnetic_norm,14.233,51.13254187410898
magnetic_norm,14.253,51.85725983378557
magnetic_norm,14.272,52.64092469861258
magnetic_norm,14.293,51.76278643774897
magnetic_norm,14.313,52.360432154932134
magnetic_norm,14.334,50.99836369470597
magnetic_norm,14.353,52.23896040672134
magnetic_norm,14.374,51.83074894813901
magnetic_norm,14.393,52.037548686861726
magnetic_norm,14.413,50.15204177673133
magnetic_norm,14.439,50.536293852426006
magnetic_norm,14.453,51.617051559780165
magnetic_norm,14.474,54.300834630671275
magnetic_norm,14.496,52.26762235008639
magnetic_norm,14.513,51.34398128371523
magnetic_norm,14.533,52.50117229262601
magnetic_norm,14.553,54.16071821008761
magnetic_norm,14.573,52.230558290023126
magnetic_norm,14.599,51.78056167163505
magnetic_norm,14.613,53.32117028652882
magnetic_norm,14.633,52.07484364630873
magnetic_norm,14.654,51.006517692349874
magnetic_norm,14.673,50.80138028059622
magnetic_norm,14.693,52.66063264955379
magnetic_norm,14.714,51.43587110125579
magnetic_norm,14.733,53.04103632454075
magnetic_norm,14.753,54.57012833272431
magnetic_norm,14.773,52.83862393758479
magnetic_norm,14.793,53.47066525593748
magnetic_norm,14.813,52.10039324767616
magnetic_norm,14.833,52.171809570219615
magnetic_norm,14.853,52.5982726967341
magnetic_norm,14.874,51.80424396333285
magnetic_norm,14.894,50.561383019553666
magnetic_norm,14.913,52.30328211797516
magnetic_norm,14.933,50.728372880174355
magnetic_norm,14.953,52.26435284326211
magnetic_norm,14.973,49.54989939558413
magnetic_norm,14.993,50.15452743733615
magnetic_norm,15.013,51.20941118363899
magnetic_norm,15.033,50.29936090250059
magnetic_norm,15.054,48.532447264690866
magnetic_norm,15.078,50.06527751246367
magnetic_norm,15.094,49.35767488154715
magnetic_norm,15.113,49.478624646154024
magnetic_norm,15.133,49.99695498540386
magnetic_norm,15.153,49.461532514419815
magnetic_norm,15.173,48.38445347280994
magnetic_norm,15.195,47.85603198618227
magnetic_norm,15.214,47.774181891346984
magnetic_norm,15.233,47.63529507505443
magnetic_norm,15.253,47.527051002297696
magnetic_norm,15.273,49.706365966669786
magnetic_norm,15.294,46.39243538983489
magnetic_norm,15.313,48.08109117028231
magnetic_norm,15.335,47.69345865682212
magnetic_norm,15.354,50.55935345141393
magnetic_norm,15.374,48.23218323873604
magnetic_norm,15.393,46.76659746082134
magnetic_norm,15.413,44.03630879796817
magnetic_norm,15.437,45.78876721137512
magnetic_norm,15.454,43.9534261966574
magnetic_norm,15.473,45.67759655304238
magnetic_norm,15.494,45.99006614354346
magnetic_norm,15.513,43.283076232518454
magnetic_norm,15.533,45.367057672665965
magnetic_norm,15.553,43.85537426958075
magnetic_norm,15.574,45.052480315877276
magnetic_norm,15.593,45.38780198247103
magnetic_norm,15.614,46.56079996211944
magnetic_norm,15.634,42.95224422789224
magnetic_norm,15.654,43.105469803291896
magnetic_norm,15.673,43.693084753768545
magnetic_norm,15.693,43.50461066901417
magnetic_norm,15.714,44.99811361087819
magnetic_norm,15.733,45.527058364092674
magnetic_norm,15.753,47.02258142703886
magnetic_norm,15.773,45.53203070710222
magnetic_norm,15.793,43.740445572147635
magnetic_norm,15.813,44.22172732209814
magnetic_norm,15.833,45.44323765080464
magnetic_norm,15.855,45.13167064614937
magnetic_norm,15.873,44.188308654835396
magnetic_norm,15.893,45.08489063782905
magnetic_norm,15.913,45.76850419843869
magnetic_norm,15.933,46.922761263458376
magnetic_norm,15.953,44.63609989935281
magnetic_norm,15.974,46.36466112946372
magnetic_norm,15.993,44.40366471404708
magnetic_norm,16.014,44.416553659376255
magnetic_norm,16.037,42.26889888470016
magnetic_norm,16.054,42.69290758896616
magnetic_norm,16.073,41.83891530665566
magnetic_norm,16.093,43.05981344812711
magnetic_norm,16.113,42.18820962736515
magnetic_norm,16.133,42.66733784465584
magnetic_norm,16.153,41.585139537610175
magnetic_norm,16.173,42.07802044639814
magnetic_norm,16.193,41.990791401210814
magnetic_norm,16.214,42.633110758687366
magnetic_norm,16.233,41.559802291848115
magnetic_norm,16.253,41.664256297814845
magnetic_norm,16.273,43.03757594634612
magnetic_norm,16.294,42.57867517534457
magnetic_norm,16.313,40.23487076265439
magnetic_norm,16.335,40.43833990286946
magnetic_norm,16.353,41.21284704085008
magnetic_norm,16.373,42.289071704903925
magnetic_norm,16.393,40.47938298103123
magnetic_norm,16.413,39.666338964857886
magnetic_norm,16.433,40.451886180220335
magnetic_norm,16.453,41.08828884289903
magnetic_norm,16.473,41.21941551341437
magnetic_norm,16.494,40.49922081935657
magnetic_norm,16.514,38.91194831027167
magnetic_norm,16.533,38.599201780218216
magnetic_norm,16.553,37.796444453562756
magnetic_norm,16.574,38.016049242392356
magnetic_norm,16.593,37.06122100985416
magnetic_norm,16.613,34.99524344112718
magnetic_norm,16.634,32.15260504764745
magnetic_norm,16.654,31.633096322641325
magnetic_norm,16.673,31.30595581027682
magnetic_norm,16.693,31.441850745264727
magnetic_norm,16.713,29.798859672603264
magnetic_norm,16.735,29.09647215780635
magnetic_norm,16.753,28.331250774983463
magnetic_norm,16.773,28.02500004705635
magnetic_norm,16.793,28.421394806333854
magnetic_norm,16.813,27.340953472538246
magnetic_norm,16.834,25.875387805064893
magnetic_norm,16.854,28.29799386131466
magnetic_norm,16.873,28.151520425636036
magnetic_norm,16.894,26.4779025809731
magnetic_norm,16.914,27.4144381736158
magnetic_norm,16.935,29.77634897447988
magnetic_norm,16.953,29.65646114445385
magnetic_norm,16.973,29.77982350476579
magnetic_norm,16.993,29.326470148570642
magnetic_norm,17.013,28.6734347421529
magnetic_norm,17.033,30.34495041394861
magnetic_norm,17.054,30.791496391049268
magnetic_norm,17.076,28.92733690322184
magnetic_norm,17.093,30.140466711715018
magnetic_norm,17.113,29.517651631057984
magnetic_norm,17.134,29.787338397589437
magnetic_norm,17.154,30.01842895768368
magnetic_norm,17.174,29.982565033699252
magnetic_norm,17.194,30.23996163254021
magnetic_norm,17.214,30.549236431742546
magnetic_norm,17.233,30.63751313096419
magnetic_norm,17.253,31.30443953259673
magnetic_norm,17.273,31.284323625819386
magnetic_norm,17.293,30.809353921536555
magnetic_norm,17.317,32.03373931646141
magnetic_norm,17.334,32.686025898883756
magnetic_norm,17.353,30.77871449618239
magnetic_norm,17.373,32.74652619038398
magnetic_norm,17.393,30.960634453286033
magnetic_norm,17.415,34.028853946504
magnetic_norm,17.433,32.77676983207772
magnetic_norm,17.454,32.10389909146552
magnetic_norm,17.474,32.88032199317704
magnetic_norm,17.493,33.36586144605742
magnetic_norm,17.513,32.694141123640215
magnetic_norm,17.533,32.448126312046185
magnetic_norm,17.553,34.96772561073285
magnetic_norm,17.573,33.97027078012479
magnetic_norm,17.594,35.64818442221152
magnetic_norm,17.615,34.992970834333285
magnetic_norm,17.635,33.79747362618255
magnetic_norm,17.653,36.11697109289494
magnetic_norm,17.673,35.958618794734036
magnetic_norm,17.694,35.00167739659069
magnetic_norm,17.713,34.40040704773718
magnetic_norm,17.733,36.304407525292326
magnetic_norm,17.754,35.461208048901845
magnetic_norm,17.774,35.162309477798814
magnetic_norm,17.794,35.150490512758196
magnetic_norm,17.813,35.884978438582124
magnetic_norm,17.833,37.901381998385034
magnetic_norm,17.854,36.86817612301299
magnetic_norm,17.873,35.70989627855283
magnetic_norm,17.894,35.958817226446826
magnetic_norm,17.914,36.35184269418138
magnetic_norm,17.933,36.90042490964707
magnetic_norm,17.953,36.063157489673586
magnetic_norm,17.974,37.28068421196835
magnetic_norm,17.993,37.82957653113512
magnetic_norm,18.014,37.424404384539024
magnetic_norm,18.033,38.78272942496444
magnetic_norm,18.053,38.071499859639104
magnetic_norm,18.073,38.534534864359024
magnetic_norm,18.093,37.61668334911389
magnetic_norm,18.116,37.39920631627765
magnetic_norm,18.133,38.781894966756084
magnetic_norm,18.153,38.477331866470486
magnetic_norm,18.174,39.38559860310625
magnetic_norm,18.193,37.86574532278483
magnetic_norm,18.213,38.20266911126762
magnetic_norm,18.233,39.0940972598486
magnetic_norm,18.253,38.51812812624727
magnetic_norm,18.274,38.99115319562894
magnetic_norm,18.294,38.16106415232024
magnetic_norm,18.313,39.481414239012516
magnetic_norm,18.333,37.82515702396367
magnetic_norm,18.353,36.9116483956963
magnetic_norm,18.374,39.527624835044215
magnetic_norm,18.393,39.96128411741174
magnetic_norm,18.414,38.238608225686065
magnetic_norm,18.433,39.119946509741055
magnetic_norm,18.453,37.788518809950794
magnetic_norm,18.474,38.884675015036464
magnetic_norm,18.493,38.5259091947225
magnetic_norm,18.513,38.536967410851155
magnetic_norm,18.533,39.04400782978746
magnetic_norm,18.553,38.90939896895093
magnetic_norm,18.574,39.14172504779907
magnetic_norm,18.593,40.53265178602925
magnetic_norm,18.613,42.16071758580497
magnetic_norm,18.633,42.16071758580497
magnetic_norm,18.653,37.04546570087902
magnetic_norm,18.674,38.41357651599241
magnetic_norm,18.693,38.42222258351929
magnetic_norm,18.713,36.42374315350502
magnetic_norm,18.734,38.60856397436331
magnetic_norm,18.757,38.0062546413416
magnetic_norm,18.773,38.0062546413416
magnetic_norm,18.793,39.97354059062071
magnetic_norm,18.813,37.58459537054382
magnetic_norm,18.834,38.78809015019945
magnetic_norm,18.854,38.00589947248327
magnetic_norm,18.873,37.78450668346088
magnetic_norm,18.894,38.90892726075224
magnetic_norm,18.914,38.90892726075224
magnetic_norm,18.933,38.73601661293403
magnetic_norm,18.953,38.3753900635063
magnetic_norm,18.973,38.00187157266079
magnetic_norm,18.993,36.76178572913733
magnetic_norm,19.014,36.21294133248505
magnetic_norm,19.034,35.99338410291537
magnetic_norm,19.053,37.97386539615107
magnetic_norm,19.074,37.97386539615107
magnetic_norm,19.093,39.442885156419585
magnetic_norm,19.113,39.56002959339136
magnetic_norm,19.133,38.31586337080249
magnetic_norm,19.155,39.83993460753298
magnetic_norm,19.173,38.822197942028076
magnetic_norm,19.193,39.296866143657105
magnetic_norm,19.213,39.296866143657105
magnetic_norm,19.233,39.561293168323054
magnetic_norm,19.254,40.748086621950776
magnetic_norm,19.273,39.74570853485327
magnetic_norm,19.293,39.76426336077408
magnetic_norm,19.314,41.63480045887094
magnetic_norm,19.333,39.40613690737148
magnetic_norm,19.353,40.11502489280051
magnetic_norm,19.373,39.640797537858745
magnetic_norm,19.394,40.72335620761754
magnetic_norm,19.414,41.09921731690885
magnetic_norm,19.433,40.04650746007703
magnetic_norm,19.453,39.99785931771849
magnetic_norm,19.474,41.79592051250338
magnetic_norm,19.493,40.826752415848674
magnetic_norm,19.513,41.106660271937734
magnetic_norm,19.533,42.50764774940505
magnetic_norm,19.553,42.96589254498861
magnetic_norm,19.573,41.12840452002131
magnetic_norm,19.593,40.29208349275947
magnetic_norm,19.615,41.337125719200664
magnetic_norm,19.633,40.78933785270982
magnetic_norm,19.653,43.72943035145211
magnetic_norm,19.673,41.94125678597985
magnetic_norm,19.693,43.16329035288553
magnetic_norm,19.713,43.55418444305899
magnetic_norm,19.733,41.6527664232822
magnetic_norm,19.754,43.93681574773029
magnetic_norm,19.773,43.53088641197766
magnetic_norm,19.793,43.89284018407798
magnetic_norm,19.813,44.93687369174117
magnetic_norm,19.833,45.07836254471213
magnetic_norm,19.853,45.981675465613485
magnetic_norm,19.873,43.59308467234224
magnetic_norm,19.894,44.64504512485136
magnetic_norm,19.913,45.4238672556895
magnetic_norm,19.933,44.36798835492211
magnetic_norm,19.953,45.8045618419989
magnetic_norm,19.973,47.493491663726985
magnetic_norm,19.993,45.89182295423118
magnetic_norm,20.014,44.86045037864655
magnetic_norm,20.04,45.909956028077396
magnetic_norm,20.053,47.29761737524418
magnetic_norm,20.073,46.96879765386814
magnetic_norm,20.093,47.78523027751367
magnetic_norm,20.114,47.45087527169547
magnetic_norm,20.134,46.728874074548486
magnetic_norm,20.153,47.12837396741479
magnetic_norm,20.173,47.83323455408645
magnetic_norm,20.194,49.78760564211753
magnetic_norm,20.213,48.889335155660525
magnetic_norm,20.233,48.31445338871175
magnetic_norm,20.26,49.94060596648793
magnetic_norm,20.273,50.076435970049864
magnetic_norm,20.293,48.63284118975057
magnetic_norm,20.313,49.58147654177421
magnetic_norm,20.333,49.21866862507562
magnetic_norm,20.354,49.20064243521125
magnetic_norm,20.373,48.73419695783444
magnetic_norm,20.393,49.659053758730686
magnetic_norm,20.413,48.35780925907948
magnetic_norm,20.434,50.53384227525159
magnetic_norm,20.454,48.90917348233358
magnetic_norm,20.478,48.71292580645306
magnetic_norm,20.498,49.28140831388653
magnetic_norm,20.513,51.10420790147814
magnetic_norm,20.533,49.927799824471535
magnetic_norm,20.553,49.59841692521555
magnetic_norm,20.574,49.789656991814084
magnetic_norm,20.593,49.06342315602837
magnetic_norm,20.613,49.05031019091526
magnetic_norm,20.633,48.8444436584143
magnetic_norm,20.653,49.34489017200772
magnetic_norm,20.673,49.21866862507562
magnetic_norm,20.694,48.706549534944486
magnetic_norm,20.713,48.04707565802003
magnetic_norm,20.734,46.80555128254021
magnetic_norm,20.754,48.951528719106435
magnetic_norm,20.78,47.015869820598965
magnetic_norm,20.793,48.78551028148633
magnetic_norm,20.814,48.770399256618816
magnetic_norm,20.836,47.32384410870497
magnetic_norm,20.853,46.26917561846666
magnetic_norm,20.873,47.72396976873886
magnetic_norm,20.894,48.835367854660426
magnetic_norm,20.913,49.10864168402545
magnetic_norm,20.933,49.08290595003522
magnetic_norm,20.953,46.98639638568274
magnetic_norm,20.973,48.28248838489481
magnetic_norm,20.993,47.6033518806712
magnetic_norm,21.013,48.183074085849995
magnetic_norm,21.033,48.400290823764784
magnetic_norm,21.053,44.35802559430493
magnetic_norm,21.073,46.530391269309156
magnetic_norm,21.093,46.06473959955706
magnetic_norm,21.113,46.957060041462455
magnetic_norm,21.133,47.225596550890714
magnetic_norm,21.154,48.93506459457267
magnetic_norm,21.174,47.71374032170923
magnetic_norm,21.193,45.45176963922863
magnetic_norm,21.213,45.444013538914064
magnetic_norm,21.233,45.666348407224376
magnetic_norm,21.253,45.99788505667951
magnetic_norm,21.273,45.943231785269525
magnetic_norm,21.294,45.48616130008671
magnetic_norm,21.313,47.43642606531403
magnetic_norm,21.333,44.55130518332218
magnetic_norm,21.353,47.26497905533493
magnetic_norm,21.373,46.5283023791703
magnetic_norm,21.393,45.471164940899726
magnetic_norm,21.414,44.695224610186365
magnetic_norm,21.433,45.36689367465562
magnetic_norm,21.453,45.82722750101744
magnetic_norm,21.473,48.759366420976086
magnetic_norm,21.493,45.69837379149831
magnetic_norm,21.513,43.89427407589756
magnetic_norm,21.533,46.01137573320872
magnetic_norm,21.553,45.59712696047865
magnetic_norm,21.574,45.8938185175847
magnetic_norm,21.594,46.41976956804081
magnetic_norm,21.613,45.1409434199569
magnetic_norm,21.635,44.19563024680731
magnetic_norm,21.653,44.71061912370492
magnetic_norm,21.673,44.919609686639134
magnetic_norm,21.693,43.893766212299454
magnetic_norm,21.713,43.727717623522274
magnetic_norm,21.733,44.045462644862766
magnetic_norm,21.754,44.8176763152666
magnetic_norm,21.774,44.98803633830064
magnetic_norm,21.793,46.727355825843645
magnetic_norm,21.813,44.603593497483615
magnetic_norm,21.833,45.85855175727873
magnetic_norm,21.856,48.258096743966206
magnetic_norm,21.873,45.88767534134306
magnetic_norm,21.893,45.13367051992619
magnetic_norm,21.913,44.05989358801845
magnetic_norm,21.933,45.52544789730245
magnetic_norm,21.953,43.130439814822296
magnetic_norm,21.975,45.20003591749126
magnetic_norm,21.994,44.93953237970171
magnetic_norm,22.014,43.46878058512224
magnetic_norm,22.033,43.08375512281283
magnetic_norm,22.053,44.7084567348562
magnetic_norm,22.073,43.80246192965362
magnetic_norm,22.094,44.315437578935175
magnetic_norm,22.113,43.213131514669634
magnetic_norm,22.134,44.09026342983795
magnetic_norm,22.154,43.772930152229925
magnetic_norm,22.173,45.66728306174865
magnetic_norm,22.195,44.139085040069645
magnetic_norm,22.213,44.641899724362105
magnetic_norm,22.233,43.48773582675355
magnetic_norm,22.254,44.475999938506156
magnetic_norm,22.274,43.726196206707776
magnetic_norm,22.294,45.00951071370916
magnetic_norm,22.314,43.96487866666993
magnetic_norm,22.333,43.39516868745298
magnetic_norm,22.353,44.18647850658049
magnetic_norm,22.373,42.71793798964908
magnetic_norm,22.393,44.23164963456603
magnetic_norm,22.413,41.89940840921864
magnetic_norm,22.434,47.51816054323338
magnetic_norm,22.453,43.83710703416685
magnetic_norm,22.473,43.49911101384717
magnetic_norm,22.493,43.77616313647476
magnetic_norm,22.514,43.04635629732508
magnetic_norm,22.533,44.946335260438644
magnetic_norm,22.554,41.850021031446325
magnetic_norm,22.574,43.44148812627164
magnetic_norm,22.593,44.99210356864034
magnetic_norm,22.613,44.18657877795026
magnetic_norm,22.638,43.4695614069489
magnetic_norm,22.653,44.3767720782788
magnetic_norm,22.673,44.78311456348532
magnetic_norm,22.694,45.039155366830556
magnetic_norm,22.714,44.23018491723158
magnetic_norm,22.735,44.28533700814527
magnetic_norm,22.754,44.80600150328641
magnetic_norm,22.773,43.27172021106864
magnetic_norm,22.793,44.791460662720176
magnetic_norm,22.814,43.04290304916713
magnetic_norm,22.833,43.474376882394765
magnetic_norm,22.853,43.53536036861302
magnetic_norm,22.873,45.64859562078554
magnetic_norm,22.893,46.01123546550886
magnetic_norm,22.913,43.92354407063488
magnetic_norm,22.934,42.23638199482178
magnetic_norm,22.953,44.44582626594426
magnetic_norm,22.973,45.19210198723889
magnetic_norm,22.994,46.38903121159141
magnetic_norm,23.013,45.74488484683298
magnetic_norm,23.033,46.42961785110888
magnetic_norm,23.053,42.93078350525419
magnetic_norm,23.074,45.12004768115834
magnetic_norm,23.093,45.05693517706246
magnetic_norm,23.113,44.07471010398141
magnetic_norm,23.134,43.62542240626454
magnetic_norm,23.154,45.04635503081798
magnetic_norm,23.173,43.15740166066539
magnetic_norm,23.193,45.32489744196891
magnetic_norm,23.213,42.623043796460635
magnetic_norm,23.233,46.283260344183944
magnetic_norm,23.253,43.550939502351774
magnetic_norm,23.273,44.75335810891748
magnetic_norm,23.293,43.62438842694531
magnetic_norm,23.313,42.85287785697712
magnetic_norm,23.336,42.07967181772578
magnetic_norm,23.353,44.758373947927474
magnetic_norm,23.375,43.10282482477223
magnetic_norm,23.393,45.06823111572057
magnetic_norm,23.413,43.51876080654767
magnetic_norm,23.434,43.87053986389968
magnetic_norm,23.453,45.28192349478438
magnetic_norm,23.473,41.8706395377477
magnetic_norm,23.493,42.25865930551997
magnetic_norm,23.513,40.97976956926441
magnetic_norm,23.535,41.34889159366916
magnetic_norm,23.553,51.56396275307011
magnetic_norm,23.578,45.84407349211024
magnetic_norm,23.593,45.40451416943585
magnetic_norm,23.613,44.21275713241607
magnetic_norm,23.633,47.78224916901679
magnetic_norm,23.653,45.99212950671561
magnetic_norm,23.673,43.75817217803446
magnetic_norm,23.693,42.936319249267385
magnetic_norm,23.713,44.69889103070679
magnetic_norm,23.739,46.29731667953344
magnetic_norm,23.753,48.11766721083333
magnetic_norm,23.773,45.45093758686397
magnetic_norm,23.793,45.664108148796714
magnetic_norm,23.813,46.81949204177688
magnetic_norm,23.834,52.79877110395193
magnetic_norm,23.853,64.4227547687928
magnetic_norm,23.873,51.905324322631046
magnetic_norm,23.893,55.00216839009631
magnetic_norm,23.913,48.537511866854125
magnetic_norm,23.933,56.1571642446447
magnetic_norm,23.953,54.84820150549614
magnetic_norm,23.973,50.476138268369034
magnetic_norm,23.993,52.56895151156253
magnetic_norm,24.013,49.56218126631436
magnetic_norm,24.033,53.22697403255704
magnetic_norm,24.053,49.95747235699586
magnetic_norm,24.073,50.01910130440175
magnetic_norm,24.093,54.55989244662703
magnetic_norm,24.113,55.29189880014078
magnetic_norm,24.133,53.66963479298609
magnetic_norm,24.153,50.18761548019097
magnetic_norm,24.173,51.18845492625755
magnetic_norm,24.193,52.86979509417456
magnetic_norm,24.213,49.25456676834651
magnetic_norm,24.234,49.52292462334995
magnetic_norm,24.253,49.97708077271525
magnetic_norm,24.273,46.78172089342166
magnetic_norm,24.293,45.365012743853626
magnetic_norm,24.313,51.98753569065859
magnetic_norm,24.333,47.772887299832625
magnetic_norm,24.353,47.344021038828124
magnetic_norm,24.373,45.48444341049477
magnetic_norm,24.393,43.865504033494254
magnetic_norm,24.413,43.37111699117859
magnetic_norm,24.433,44.366991468742945
magnetic_norm,24.453,44.06372162306541
magnetic_norm,24.473,43.94722020859226
magnetic_norm,24.493,44.69305472469968
magnetic_norm,24.513,42.27651540852796
magnetic_norm,24.534,45.61753323490324
magnetic_norm,24.553,43.53050145515795
magnetic_norm,24.573,44.02066119122365
magnetic_norm,24.593,45.90014542378938
magnetic_norm,24.613,44.44853874538525
magnetic_norm,24.633,48.26922301658687
magnetic_norm,24.653,46.459250323401704
magnetic_norm,24.673,46.931465300345195
magnetic_norm,24.694,44.82327263863617
magnetic_norm,24.715,45.02394266762423
magnetic_norm,24.733,51.60237247961575
magnetic_norm,24.753,48.64230774079293
magnetic_norm,24.774,46.82634504875435
magnetic_norm,24.793,49.440517338388645
magnetic_norm,24.814,46.42518553072782
magnetic_norm,24.833,48.88261844344581
magnetic_norm,24.853,49.00942989619446
magnetic_norm,24.873,48.30901658619237
magnetic_norm,24.893,46.3244413766913
magnetic_norm,24.913,46.898830419318614
magnetic_norm,24.934,48.159516874523526
magnetic_norm,24.953,49.34136724189966
magnetic_norm,24.973,49.05187203384805
magnetic_norm,24.993,49.23262245871643
magnetic_norm,25.013,47.494286662976634
magnetic_norm,25.033,48.68756145849793
magnetic_norm,25.053,48.69176335724051
magnetic_norm,25.073,48.26402282018669
magnetic_norm,25.093,45.85835452442123
magnetic_norm,25.113,46.308723277180725
magnetic_norm,25.133,52.4678794157674
magnetic_norm,25.153,47.754840819805914
magnetic_norm,25.173,49.98413127396048
magnetic_norm,25.193,50.96685620270799
magnetic_norm,25.213,47.40042239566555
magnetic_norm,25.233,52.671239216364675
magnetic_norm,25.253,45.6638133768141
magnetic_norm,25.273,45.878144332160005
magnetic_norm,25.293,48.11083087751657
magnetic_norm,25.313,46.92262424566642
magnetic_norm,25.333,45.42752599801148
magnetic_norm,25.353,45.536215412158484
magnetic_norm,25.373,44.853783228814756
magnetic_norm,25.393,46.12226735279299
magnetic_norm,25.413,44.12673774906774
magnetic_norm,25.433,45.11464063084183
magnetic_norm,25.453,43.57316686505591
magnetic_norm,25.473,45.49102831493261
magnetic_norm,25.494,43.54344678378711
magnetic_norm,25.513,43.44315314738912
magnetic_norm,25.534,42.855866971017036
magnetic_norm,25.553,44.296101076308084
magnetic_norm,25.573,42.88444822747522
magnetic_norm,25.593,41.748554870198824
magnetic_norm,25.613,40.827984603547456
magnetic_norm,25.633,42.382367278150014
magnetic_norm,25.653,43.27588617853482
magnetic_norm,25.673,41.56803957444349
magnetic_norm,25.693,43.02481853188062
magnetic_norm,25.713,41.23785476476685
magnetic_norm,25.733,42.010594389243145
magnetic_norm,25.753,40.17600720392717
magnetic_norm,25.774,39.567931238614875
magnetic_norm,25.793,40.30541574125002
magnetic_norm,25.814,39.54575174923982
magnetic_norm,25.833,40.73699895794981
magnetic_norm,25.854,38.85113634245466
magnetic_norm,25.873,39.37096539219929
magnetic_norm,25.893,38.86524325522108
magnetic_norm,25.914,38.50078174942686
magnetic_norm,25.933,38.23750849754733
magnetic_norm,25.953,38.75665819814061
magnetic_norm,25.974,38.082271546514974
magnetic_norm,25.993,37.70791099832373
magnetic_norm,26.013,36.912240728855785
magnetic_norm,26.033,37.23368295441649
magnetic_norm,26.054,37.11392987427369
magnetic_norm,26.074,35.7546783175818
magnetic_norm,26.094,35.33720205180382
magnetic_norm,26.114,35.2632322238759
magnetic_norm,26.134,33.45624862264151
magnetic_norm,26.153,34.07747474358982
magnetic_norm,26.173,34.656291633338455
magnetic_norm,26.194,33.38177449054356
magnetic_norm,26.215,34.19415105467602
magnetic_norm,26.235,34.23339311403416
magnetic_norm,26.254,34.19902893577537
magnetic_norm,26.273,34.230013557183995
magnetic_norm,26.293,34.61953412489836
magnetic_norm,26.313,34.27689751312099
magnetic_norm,26.334,33.83674334728449
magnetic_norm,26.353,33.179185123357165
magnetic_norm,26.374,33.31585876594659
magnetic_norm,26.394,32.0515447839492
magnetic_norm,26.414,33.496817708179464
magnetic_norm,26.433,32.35125025849084
magnetic_norm,26.453,32.30698997991766
magnetic_norm,26.473,31.74574455990132
magnetic_norm,26.494,30.983790373153223
magnetic_norm,26.513,33.38171982912204
magnetic_norm,26.534,31.061083961285124
magnetic_norm,26.554,32.37021801131406
magnetic_norm,26.573,32.53918966108421
magnetic_norm,26.593,32.45439769411073
magnetic_norm,26.613,31.90629400702169
magnetic_norm,26.633,34.77783339014235
magnetic_norm,26.653,29.43615213793245
magnetic_norm,26.673,33.1287515419009
magnetic_norm,26.693,28.491365320917915
magnetic_norm,26.713,27.505694812392978
magnetic_norm,26.733,32.89997431666938
magnetic_norm,26.753,27.89652939435302
magnetic_norm,26.773,28.19617327493222
magnetic_norm,26.793,28.605852734405612
magnetic_norm,26.813,30.19112209884722
magnetic_norm,26.833,32.052066755710214
magnetic_norm,26.853,30.795760539195978
magnetic_norm,26.873,32.19265980507055
magnetic_norm,26.893,30.53875462711276
magnetic_norm,26.913,34.743574520334015
magnetic_norm,26.933,26.42503129089919
magnetic_norm,26.953,28.192300845598787
magnetic_norm,26.973,28.14117659786989
magnetic_norm,26.993,28.142203019442245
magnetic_norm,27.013,28.060776930396997
magnetic_norm,27.033,28.497842129492913
magnetic_norm,27.054,27.850669309753602
magnetic_norm,27.073,29.52577414184092
magnetic_norm,27.093,29.638443948274396
magnetic_norm,27.113,29.25616521564301
magnetic_norm,27.133,30.28587283536676
magnetic_norm,27.153,41.0635371083642
magnetic_norm,27.173,30.90811212934239
magnetic_norm,27.193,39.552992536279795
magnetic_norm,27.213,37.86363054700393
magnetic_norm,27.233,37.48400056540801
magnetic_norm,27.253,39.58868994075208
magnetic_norm,27.273,35.82270839844471
magnetic_norm,27.293,35.90464022866685
magnetic_norm,27.313,35.7566550816069
magnetic_norm,27.333,34.127668519289465
magnetic_norm,27.353,32.704677234877295
magnetic_norm,27.373,33.59582534277884
magnetic_norm,27.394,34.815312994069174
magnetic_norm,27.413,34.02211690117917
magnetic_norm,27.433,34.222286183311965
magnetic_norm,27.453,34.286836358871085
magnetic_norm,27.473,35.29848900732162
magnetic_norm,27.493,32.40189881588732
magnetic_norm,27.513,34.34067072601384
magnetic_norm,27.533,33.50018597336442
magnetic_norm,27.553,30.72331619491135
magnetic_norm,27.573,32.100142857742874
magnetic_norm,27.593,36.42304867800067
magnetic_norm,27.613,35.24897401432423
magnetic_norm,27.633,37.63129306474871
magnetic_norm,27.653,31.161908868641248
magnetic_norm,27.673,36.90321332350352
magnetic_norm,27.693,33.030513313336506
magnetic_norm,27.713,35.969100098105116
magnetic_norm,27.733,36.00099886333028
magnetic_norm,27.753,36.196169672252616
magnetic_norm,27.773,36.193417104841096
magnetic_norm,27.793,36.29462931602278
magnetic_norm,27.813,38.195712107676485
magnetic_norm,27.833,36.71815904142323
magnetic_norm,27.853,37.373812369592486
magnetic_norm,27.873,42.77834803086727
magnetic_norm,27.893,35.43050675971209
magnetic_norm,27.913,40.33191839107246
magnetic_norm,27.933,38.95536039600337
magnetic_norm,27.953,41.72932872896472
magnetic_norm,27.973,38.17001747936462
magnetic_norm,27.992,44.01381157915094
magnetic_norm,28.013,44.77929757327887
magnetic_norm,28.033,40.80908804620005
magnetic_norm,28.053,44.45739799529998
magnetic_norm,28.073,41.16459553700244
magnetic_norm,28.093,43.41961389352173
magnetic_norm,28.113,43.39653969615556
magnetic_norm,28.133,56.698225011568965
magnetic_norm,28.153,56.57698729121243
magnetic_norm,28.173,54.57095617462187
magnetic_norm,28.193,51.87333852977848
magnetic_norm,28.213,44.031808697094256
magnetic_norm,28.233,44.964619395837225
magnetic_norm,28.253,47.313988054406344
magnetic_norm,28.272,53.196777342828774
magnetic_norm,28.293,51.127370218406554
magnetic_norm,28.313,49.227108721084846
magnetic_norm,28.333,46.966760145474204
magnetic_norm,28.353,49.697696992164616
magnetic_norm,28.373,49.850504929614374
magnetic_norm,28.393,52.683860538356534
magnetic_norm,28.413,53.29636352955988
magnetic_norm,28.433,52.26568660328216
magnetic_norm,28.453,52.12324075448498
magnetic_norm,28.473,50.83327489142821
magnetic_norm,28.493,54.73780241661165
magnetic_norm,28.513,52.296984576192365
magnetic_norm,28.533,53.026444837458314
magnetic_norm,28.553,51.62837390488397
magnetic_norm,28.573,52.910817619249734
magnetic_norm,28.593,54.615995765091604
magnetic_norm,28.613,52.93981465459166
magnetic_norm,28.633,54.26500870289255
magnetic_norm,28.653,53.395507550495466
magnetic_norm,28.673,52.624062120502444
magnetic_norm,28.693,52.84977329598973
magnetic_norm,28.713,51.9304055786445
magnetic_norm,28.733,52.986057229473126
magnetic_norm,28.753,51.67971226736372
magnetic_norm,28.773,53.97442726247782
magnetic_norm,28.793,54.14424095067729
magnetic_norm,28.813,54.28506463280209
magnetic_norm,28.833,51.91723608446437
magnetic_norm,28.853,53.926608110584
magnetic_norm,28.873,53.27571055861202
magnetic_norm,28.893,52.98304897653592
magnetic_norm,28.913,55.940058478026394
magnetic_norm,28.933,54.739194721766864
magnetic_norm,28.953,55.63838354196235
magnetic_norm,28.973,54.9303474115175
magnetic_norm,28.993,54.041714019935604
magnetic_norm,29.013,55.557414765042964
magnetic_norm,29.033,54.98494414019172
magnetic_norm,29.053,54.434718229499566
magnetic_norm,29.073,55.66223889878129
magnetic_norm,29.093,53.25645093214065
magnetic_norm,29.113,55.223362498357524
magnetic_norm,29.133,58.16200246595727
magnetic_norm,29.153,56.271424045091486
magnetic_norm,29.173,57.45610051846113
magnetic_norm,29.193,55.845577404347786
magnetic_norm,29.213,58.86193359655288
magnetic_norm,29.233,55.95052189300831
magnetic_norm,29.253,54.66470453478186
magnetic_norm,29.273,54.844036208484006
magnetic_norm,29.293,54.95157935218976
magnetic_norm,29.313,57.218824753637755
magnetic_norm,29.333,53.88598671361601
magnetic_norm,29.353,56.767996727910116
magnetic_norm,29.373,58.73321640509314
magnetic_norm,29.393,59.813272971180986
magnetic_norm,29.413,57.8966421468033
magnetic_norm,29.432,56.93590274510453
magnetic_norm,29.453,52.0979950319588
magnetic_norm,29.473,56.70443389773428
magnetic_norm,29.493,55.73217136190285
magnetic_norm,29.513,56.188644183455864
magnetic_norm,29.533,58.16805461870803
magnetic_norm,29.553,57.16233257683769
magnetic_norm,29.573,56.36038544303536
magnetic_norm,29.593,57.43526932425758
magnetic_norm,29.613,57.76636573528326
magnetic_norm,29.633,57.22501957765082
magnetic_norm,29.653,57.14299554615166
magnetic_norm,29.673,57.43252653462159
magnetic_norm,29.693,57.30679511737692
magnetic_norm,29.712,58.14145614178851
magnetic_norm,29.733,57.981998334397005
magnetic_norm,29.753,56.59522852624164
magnetic_norm,29.773,58.567467105253925
magnetic_norm,29.793,58.47575005910584
magnetic_norm,29.813,57.78876565907956
magnetic_norm,29.833,59.66282445229199
magnetic_norm,29.853,57.38778350234917
magnetic_norm,29.873,59.33525466996847
magnetic_norm,29.893,58.55288773536289
magnetic_norm,29.913,60.49722367906658
magnetic_norm,29.933,59.34279087850533
magnetic_norm,29.953,58.967536481313246
magnetic_norm,29.973,61.0510080739868
magnetic_norm,29.993,58.20307668414107
magnetic_norm,30.013,61.143558064709616
magnetic_norm,30.033,59.324106960408635
magnetic_norm,30.053,60.11132445824996
magnetic_norm,30.073,59.95819847923222
magnetic_norm,30.093,57.817953121197576
magnetic_norm,30.113,61.70207100069664
magnetic_norm,30.134,60.30370207852086
magnetic_norm,30.153,59.12812491953397
magnetic_norm,30.173,61.83977974875881
magnetic_norm,30.193,62.24755485288158
magnetic_norm,30.214,60.33015287617391
magnetic_norm,30.234,58.89418011813647
magnetic_norm,30.254,59.82727256914286
magnetic_norm,30.274,59.61128384657983
magnetic_norm,30.293,61.724416786734444
magnetic_norm,30.313,59.98684193564873
magnetic_norm,30.333,59.847688512694454
magnetic_norm,30.353,60.93186031595048
magnetic_norm,30.374,60.00530674532062
magnetic_norm,30.393,60.5569549377898
magnetic_norm,30.413,56.9706434356766
magnetic_norm,30.433,60.295784107908474
magnetic_norm,30.453,58.525099471615675
magnetic_norm,30.473,60.66995958823045
magnetic_norm,30.493,59.56571167322278
magnetic_norm,30.514,58.1648641895389
magnetic_norm,30.533,58.901292207599326
magnetic_norm,30.553,58.34493479525455
magnetic_norm,30.573,57.746865065560165
magnetic_norm,30.595,58.6125464913445
magnetic_norm,30.613,59.34319583722306
magnetic_norm,30.633,60.14316749349017
magnetic_norm,30.654,57.3754509524763
magnetic_norm,30.673,59.224937995746394
magnetic_norm,30.693,57.68362491296816
magnetic_norm,30.713,59.58378467460761
magnetic_norm,30.733,58.15146953882597
magnetic_norm,30.753,58.05888285557607
magnetic_norm,30.773,58.907340248266244
magnetic_norm,30.794,58.34299000661951
magnetic_norm,30.813,55.28781172419483
magnetic_norm,30.833,57.01357786308466
magnetic_norm,30.853,53.57875740300451
magnetic_norm,30.873,56.324731194099
magnetic_norm,30.893,56.2367458818077
magnetic_norm,30.919,56.66996000197115
magnetic_norm,30.933,57.461980359190626
magnetic_norm,30.953,55.74103232729462
magnetic_norm,30.973,55.37325841753401
magnetic_norm,30.993,55.64880404240526
magnetic_norm,31.013,52.09100602588473
magnetic_norm,31.033,53.81049634004973
magnetic_norm,31.053,56.721732096481475
magnetic_norm,31.077,55.477637696868534
magnetic_norm,31.093,53.78795934326288
magnetic_norm,31.113,55.04625081425854
magnetic_norm,31.133,54.28230620215961
magnetic_norm,31.153,55.27066567124465
magnetic_norm,31.173,55.02268566237021
magnetic_norm,31.193,53.73295954097913
magnetic_norm,31.214,54.47961681335511
magnetic_norm,31.234,53.46739952999397
magnetic_norm,31.253,51.834583871147345
magnetic_norm,31.276,53.75605338401443
magnetic_norm,31.293,53.54675046092901
magnetic_norm,31.313,51.15397940898636
magnetic_norm,31.334,52.77239046426171
magnetic_norm,31.354,53.03103290963235
magnetic_norm,31.373,54.70038628199996
magnetic_norm,31.393,53.51434311331871
magnetic_norm,31.413,51.0427279651568
magnetic_norm,31.433,53.129485894957654
magnetic_norm,31.454,52.085600304882746
magnetic_norm,31.473,52.00833644229549
magnetic_norm,31.494,50.91910374665396
magnetic_norm,31.513,52.4317398689717
magnetic_norm,31.533,51.072515488396654
magnetic_norm,31.553,51.73126045052451
magnetic_norm,31.574,49.02584341785973
magnetic_norm,31.593,50.70089669029538
magnetic_norm,31.614,52.751205059339654
magnetic_norm,31.636,50.949581013255155
magnetic_norm,31.653,52.311169337914826
magnetic_norm,31.673,52.08968967967662
magnetic_norm,31.693,53.96779638705846
magnetic_norm,31.713,50.644916864454586
magnetic_norm,31.733,50.478161426143075
magnetic_norm,31.753,49.403801747993136
magnetic_norm,31.774,50.18374752417361
magnetic_norm,31.794,51.92078897711642
magnetic_norm,31.813,51.04304064635069
magnetic_norm,31.833,50.85991352221821
magnetic_norm,31.854,53.53822762370362
magnetic_norm,31.875,51.28663151031662
magnetic_norm,31.893,53.29998424307928
magnetic_norm,31.914,53.62338095423023
magnetic_norm,31.934,52.65118486451667
magnetic_norm,31.953,52.80304475294256
magnetic_norm,31.973,53.018986431984914
magnetic_norm,31.993,54.94909759284042
magnetic_norm,32.015,54.34550494831661
magnetic_norm,32.033,55.35191174137538
magnetic_norm,32.054,53.154560430996895
magnetic_norm,32.074,51.55339728196887
magnetic_norm,32.093,52.45171967188025
magnetic_norm,32.113,52.14728494598261
magnetic_norm,32.133,52.29986742633771
magnetic_norm,32.153,51.72474560812271
magnetic_norm,32.173,52.21461271761
magnetic_norm,32.193,50.28163093603369
magnetic_norm,32.213,50.71646279279048
magnetic_norm,32.233,50.39100435903714
magnetic_norm,32.256,51.33977717951745
magnetic_norm,32.273,55.85549882475777
magnetic_norm,32.293,54.66324232692858
magnetic_norm,32.313,51.413159324000006
magnetic_norm,32.333,56.82862894780679
magnetic_norm,32.353,58.9602746294062
magnetic_norm,32.373,56.58123387682314
magnetic_norm,32.393,52.59501001211522
magnetic_norm,32.413,56.74637061389935
magnetic_norm,32.433,55.3058958033635
magnetic_norm,32.453,60.14031115794969
magnetic_norm,32.473,56.571341262493576
magnetic_norm,32.493,58.37185831652966
magnetic_norm,32.513,56.24482533462082
magnetic_norm,32.533,61.07437222053548
magnetic_norm,32.553,69.07097402762611
magnetic_norm,32.573,58.83043979246635
magnetic_norm,32.593,58.594325997168866
magnetic_norm,32.613,61.06488416532861
magnetic_norm,32.633,59.06624083962859
magnetic_norm,32.653,59.283710638863596
magnetic_norm,32.673,60.42245063798721
magnetic_norm,32.693,65.96891357535385
magnetic_norm,32.713,63.21549427088666
magnetic_norm,32.733,61.490742755963005
magnetic_norm,32.753,60.86173073112121
magnetic_norm,32.773,59.716197578106964
magnetic_norm,32.793,68.7402884053905
magnetic_norm,32.813,60.69023970386424
magnetic_norm,32.833,63.18592542548538
magnetic_norm,32.853,62.73368876050575
magnetic_norm,32.873,59.01424006564023
magnetic_norm,32.893,57.917808887789505
magnetic_norm,32.913,68.28891702071806
magnetic_norm,32.933,55.19552656839607
magnetic_norm,32.953,57.08726331137722
magnetic_norm,32.973,67.0256615787939
magnetic_norm,32.993,69.45748013956104
magnetic_norm,33.013,57.670321522697016
magnetic_norm,33.033,57.20813383820522
magnetic_norm,33.053,56.64880721902938
magnetic_norm,33.073,56.85518303312387
magnetic_norm,33.093,62.31834173724471
magnetic_norm,33.113,57.70831290139244
magnetic_norm,33.133,57.718879865690454
magnetic_norm,33.153,58.05856778471636
magnetic_norm,33.173,58.09653920953481
magnetic_norm,33.194,57.89417987976002
magnetic_norm,33.213,57.46565754322315
magnetic_norm,33.233,58.854392408404905
magnetic_norm,33.253,60.11867886428894
magnetic_norm,33.273,59.99514242077228
magnetic_norm,33.293,62.55967710634387
magnetic_norm,33.313,56.24109695209559
magnetic_norm,33.333,59.80073772104538
magnetic_norm,33.353,56.442139570758705
magnetic_norm,33.373,57.875060591976926
magnetic_norm,33.393,57.443437575812496
magnetic_norm,33.414,55.67766958687297
magnetic_norm,33.433,59.37237483691385
magnetic_norm,33.453,59.33464504086139
magnetic_norm,33.473,58.90639282476067
magnetic_norm,33.493,62.017747270942536
magnetic_norm,33.513,58.077544240696135
magnetic_norm,33.533,58.27552500477803
magnetic_norm,33.553,58.313271969166685
magnetic_norm,33.573,57.240474177477914
magnetic_norm,33.593,58.19725492646764
magnetic_norm,33.613,59.54007953135451
magnetic_norm,33.633,59.777461969688076
magnetic_norm,33.653,56.29905862634387
magnetic_norm,33.673,59.29115939845093
magnetic_norm,33.693,64.73250099814622
magnetic_norm,33.713,59.64829214109994
magnetic_norm,33.733,63.082439543128835
magnetic_norm,33.754,59.86633722197322
magnetic_norm,33.773,61.550452755645985
magnetic_norm,33.793,60.969553714333586
magnetic_norm,33.813,59.92959102563609
magnetic_norm,33.833,62.762650713621106
magnetic_norm,33.853,59.15022760976932
magnetic_norm,33.873,59.9879110580832
magnetic_norm,33.893,67.62981575662475
magnetic_norm,33.913,56.514864113125235
magnetic_norm,33.933,61.9145083635493
magnetic_norm,33.953,59.338667054986175
magnetic_norm,33.973,58.78333018296943
magnetic_norm,33.993,57.625323132065866
magnetic_norm,34.013,58.14180608262878
magnetic_norm,34.033,57.953774846208326
magnetic_norm,34.053,56.238832066020045
magnetic_norm,34.073,59.435151024940666
magnetic_norm,34.093,55.72379906983207
magnetic_norm,34.113,58.37734162755281
magnetic_norm,34.133,59.49206686809189
magnetic_norm,34.154,57.077791243836835
magnetic_norm,34.173,55.499818217269905
magnetic_norm,34.193,57.87222666724523
magnetic_norm,34.213,57.22696632139434
magnetic_norm,34.233,56.697318265946315
magnetic_norm,34.253,58.598292004119045
magnetic_norm,34.273,56.014203320452715
magnetic_norm,34.294,56.03515410124259
magnetic_norm,34.313,54.68386499084995
magnetic_norm,34.334,57.084845364706915
magnetic_norm,34.353,55.55861045913586
magnetic_norm,34.373,55.64933544717766
magnetic_norm,34.393,55.580024694578945
magnetic_norm,34.413,56.318274363433765
magnetic_norm,34.433,70.90920057765777
magnetic_norm,34.453,59.34384712314333
magnetic_norm,34.473,57.66524038556512
magnetic_norm,34.493,57.93828357237135
magnetic_norm,34.513,56.31154472708062
magnetic_norm,34.533,61.37737694358574
magnetic_norm,34.553,60.054334424336275
magnetic_norm,34.573,64.2310381116482
magnetic_norm,34.593,70.4139899063922
magnetic_norm,34.613,64.76689964065363
magnetic_norm,34.633,65.771840770481
magnetic_norm,34.653,55.88729062065457
magnetic_norm,34.673,64.12830338450411
magnetic_norm,34.693,68.42047132638746
magnetic_norm,34.713,59.89824805421066
magnetic_norm,34.733,59.71794474621944
magnetic_norm,34.753,63.38284810843944
magnetic_norm,34.773,61.708432036169164
magnetic_norm,34.793,56.538507999415906
magnetic_norm,34.813,57.24323753750318
magnetic_norm,34.833,58.78933858884407
magnetic_norm,34.853,59.13150136031555
magnetic_norm,34.873,55.54282370736566
magnetic_norm,34.893,62.59671706613295
magnetic_norm,34.913,61.96734553930408
magnetic_norm,34.933,69.28852162136958
magnetic_norm,34.953,60.7836972635961
magnetic_norm,34.973,57.58199801793534
magnetic_norm,34.993,55.98582027486968
magnetic_norm,35.013,57.745239546715034
magnetic_norm,35.033,60.814210473375454
magnetic_norm,35.053,63.01286302345355
magnetic_norm,35.073,56.744350592702325
magnetic_norm,35.093,57.0385326848329
magnetic_norm,35.113,65.8854903612131
magnetic_norm,35.133,63.075905852294355
magnetic_norm,35.153,57.57535895579607
magnetic_norm,35.173,54.706906130419306
magnetic_norm,35.193,53.572765947821
magnetic_norm,35.213,57.400273500219505
magnetic_norm,35.232,55.26079964473022
magnetic_norm,35.253,55.990687632967294
magnetic_norm,35.273,56.09117170883494
magnetic_norm,35.293,55.213640437961615
magnetic_norm,35.313,57.71182102557067
magnetic_norm,35.333,53.483504055222646
magnetic_norm,35.352,54.02187794484302
magnetic_norm,35.373,56.41749753950462
magnetic_norm,35.393,53.77229419203737
magnetic_norm,35.413,55.17348311459963
magnetic_norm,35.433,53.88718578551403
magnetic_norm,35.453,54.17327754668363
magnetic_norm,35.473,53.58597465873183
magnetic_norm,35.493,53.292715863239856
magnetic_norm,35.512,54.88422224612918
magnetic_norm,35.533,59.90890695078253
magnetic_norm,35.553,51.21190916879105
magnetic_norm,35.573,58.626760146828595
magnetic_norm,35.593,51.4482308930542
magnetic_norm,35.613,55.41856462143575
magnetic_norm,35.633,51.7550914644999
magnetic_norm,35.653,51.73485700752931
magnetic_norm,35.673,57.082323116005085
magnetic_norm,35.693,54.800556986603716
magnetic_norm,35.713,54.761050737362744
magnetic_norm,35.733,52.46394390114519
magnetic_norm,35.753,52.12782254048695
magnetic_norm,35.773,57.71806057643487
magnetic_norm,35.793,54.01615676031572
magnetic_norm,35.813,55.071438550686295
magnetic_norm,35.833,54.86343037522827
magnetic_norm,35.853,53.574794557861026
magnetic_norm,35.873,58.66329260833604
magnetic_norm,35.893,50.91006395068174
magnetic_norm,35.913,53.74344357922882
magnetic_norm,35.933,54.67197807286655
magnetic_norm,35.953,52.7567594158559
magnetic_norm,35.973,54.96904246532778
magnetic_norm,35.993,51.69159479595804
magnetic_norm,36.013,54.664321530702345
magnetic_norm,36.033,54.54644825948814
magnetic_norm,36.053,47.642014135044235
magnetic_norm,36.073,49.94746993717751
magnetic_norm,36.093,48.43017928592666
magnetic_norm,36.113,47.86596468972635
magnetic_norm,36.133,49.46085128412168
magnetic_norm,36.153,49.75138897282175
magnetic_norm,36.173,48.85391596701846
magnetic_norm,36.193,48.6096275051301
magnetic_norm,36.213,48.74935675267937
magnetic_norm,36.233,47.40137406409496
magnetic_norm,36.253,48.23093324737258
magnetic_norm,36.273,48.90927346884229
magnetic_norm,36.293,46.54220261260205
magnetic_norm,36.313,47.99635799425311
magnetic_norm,36.333,47.1399499813587
magnetic_norm,36.353,46.35413173696067
magnetic_norm,36.373,46.46754198712267
magnetic_norm,36.393,45.99150651886716
magnetic_norm,36.414,47.54713152160181
magnetic_norm,36.433,47.25604128045429
magnetic_norm,36.453,45.88301666071557
magnetic_norm,36.473,45.278504540786344
magnetic_norm,36.493,49.12060239247887
magnetic_norm,36.513,51.725065583211205
magnetic_norm,36.534,49.35786790548191
magnetic_norm,36.553,46.53373327503941
magnetic_norm,36.573,48.51145724852017
magnetic_norm,36.593,46.274281551959405
magnetic_norm,36.613,49.3634693814667
magnetic_norm,36.633,45.756568033452915
magnetic_norm,36.653,48.3802507088378
magnetic_norm,36.673,44.81716561026037
magnetic_norm,36.693,47.276952182855545
magnetic_norm,36.713,47.65341917821847
magnetic_norm,36.734,49.067163283478095
magnetic_norm,36.753,46.333575970752584
magnetic_norm,36.773,48.74897627386652
magnetic_norm,36.793,47.249972238880794
magnetic_norm,36.813,50.10971494131654
magnetic_norm,36.834,48.80292559749876
magnetic_norm,36.854,48.68237050937949
magnetic_norm,36.874,48.1063680827446
magnetic_norm,36.893,48.04307695183566
magnetic_norm,36.913,46.582553653567615
magnetic_norm,36.934,46.24612750174337
magnetic_norm,36.953,46.895118504901454
magnetic_norm,36.974,47.42558891964337
magnetic_norm,36.993,45.16922770220628
magnetic_norm,37.014,47.3361902372276
magnetic_norm,37.034,46.15579696135156
magnetic_norm,37.053,44.82686641918829
magnetic_norm,37.073,46.99887140333798
magnetic_norm,37.095,47.396888728586404
magnetic_norm,37.113,45.26580001764587
magnetic_norm,37.134,48.06521814485502
magnetic_norm,37.154,44.74759481203995
magnetic_norm,37.173,47.83650886378521
magnetic_norm,37.193,49.99763192854741
magnetic_norm,37.213,49.494552485854456
magnetic_norm,37.233,47.127242214429494
magnetic_norm,37.254,47.865235243076064
magnetic_norm,37.274,49.15924807093783
magnetic_norm,37.294,48.77816399719757
magnetic_norm,37.315,48.85513902728146
magnetic_norm,37.333,47.80264258150381
magnetic_norm,37.353,48.33587471200868
magnetic_norm,37.373,50.57854427657551
magnetic_norm,37.394,49.050238894678245
magnetic_norm,37.414,50.93686257748411
magnetic_norm,37.434,49.050238894678245
magnetic_norm,37.454,51.88653888004107
magnetic_norm,37.473,56.15258126580203
magnetic_norm,37.493,51.21704504483834
magnetic_norm,37.513,52.50918021629647
magnetic_norm,37.534,53.49855351233816
magnetic_norm,37.553,54.35033687292108
magnetic_norm,37.574,53.83949127092956
magnetic_norm,37.594,52.926531646235844
magnetic_norm,37.613,55.56385983015402
magnetic_norm,37.635,53.5804967761125
magnetic_norm,37.653,53.969670111206945
magnetic_norm,37.673,55.873506891459925
magnetic_norm,37.694,53.7254506197948
magnetic_norm,37.713,56.06246595015689
magnetic_norm,37.734,53.88967515025498
magnetic_norm,37.753,55.334251591916455
magnetic_norm,37.773,54.764555151918294
magnetic_norm,37.793,54.614658734514755
magnetic_norm,37.815,57.7611106662606
magnetic_norm,37.833,56.75279529095906
magnetic_norm,37.854,55.79603286005202
magnetic_norm,37.873,56.50442786377454
magnetic_norm,37.893,55.62269859553749
magnetic_norm,37.913,57.091905792283725
magnetic_norm,37.933,57.32828428823346
magnetic_norm,37.953,57.15460426826959
magnetic_norm,37.974,56.74205106003836
magnetic_norm,37.993,55.97834992644486
magnetic_norm,38.014,56.49263243501323
magnetic_norm,38.034,57.04357445924574
magnetic_norm,38.053,57.018198790495966
magnetic_norm,38.073,58.39795674694025
magnetic_norm,38.093,60.605479481850494
magnetic_norm,38.114,56.614472476015365
magnetic_norm,38.134,57.4280245470364
magnetic_norm,38.154,58.383312561467534
magnetic_norm,38.174,59.059098454747016
magnetic_norm,38.193,58.539471710547616
magnetic_norm,38.213,57.4571832797041
magnetic_norm,38.233,56.90689886055118
magnetic_norm,38.254,57.71975441833159
magnetic_norm,38.275,57.31425514924291
magnetic_norm,38.294,58.44032847571974
magnetic_norm,38.314,58.029848410861085
magnetic_norm,38.334,59.0538380372098
magnetic_norm,38.353,58.13306599195519
magnetic_norm,38.374,57.08711910623989
magnetic_norm,38.393,58.24627067149887
magnetic_norm,38.413,57.7864084043558
magnetic_norm,38.434,58.17953620647045
magnetic_norm,38.454,58.87012145647401
magnetic_norm,38.473,59.22315640429433
magnetic_norm,38.493,57.849097275368145
magnetic_norm,38.514,59.59777195699112
magnetic_norm,38.534,57.7384737909871
magnetic_norm,38.554,59.08050707403429
magnetic_norm,38.574,58.352464446671064
magnetic_norm,38.593,58.15271031699641
magnetic_norm,38.613,60.15393240543385
magnetic_norm,38.633,58.17248568825315
magnetic_norm,38.654,58.7519035595869
magnetic_norm,38.674,57.263605871770906
magnetic_norm,38.694,60.00562960120912
magnetic_norm,38.714,59.83684749435348
magnetic_norm,38.734,59.20538668482793
magnetic_norm,38.753,59.301057848912066
magnetic_norm,38.773,57.1462197937777
magnetic_norm,38.794,57.77615280052836
magnetic_norm,38.814,60.2089225688354
magnetic_norm,38.833,58.21609595496342
magnetic_norm,38.855,59.25528358562213
magnetic_norm,38.873,57.78433536970685
magnetic_norm,38.893,58.10082253548575
magnetic_norm,38.913,58.54824433106441
magnetic_norm,38.934,56.310011737478796
magnetic_norm,38.955,58.79444431591734
magnetic_norm,38.974,57.937770162476916
magnetic_norm,38.993,59.436580300455546
magnetic_norm,39.013,57.20861601193697
magnetic_norm,39.033,55.84720240412688
magnetic_norm,39.053,60.90395151558314
magnetic_norm,39.077,59.758420986135995
magnetic_norm,39.093,62.821754331939104
magnetic_norm,39.113,59.85537452372176
magnetic_norm,39.134,58.764240006784775
magnetic_norm,39.153,59.098774571051884
magnetic_norm,39.173,53.11471888798818
magnetic_norm,39.193,57.294409295879426
magnetic_norm,39.213,58.370525788534785
magnetic_norm,39.233,58.989909742260195
magnetic_norm,39.254,57.35903672105657
magnetic_norm,39.273,57.707627465461755
magnetic_norm,39.294,57.04854838687849
magnetic_norm,39.313,58.15152822046038
magnetic_norm,39.333,56.69732749336611
magnetic_norm,39.353,57.967145479896665
magnetic_norm,39.374,57.04440087740879
magnetic_norm,39.393,56.864684066321026
magnetic_norm,39.414,55.7432582144469
magnetic_norm,39.434,56.21729346073154
magnetic_norm,39.453,57.599104911014074
magnetic_norm,39.473,56.31099817642198
magnetic_norm,39.493,57.40132962135989
magnetic_norm,39.514,55.83864055215274
magnetic_norm,39.534,55.153592866535
magnetic_norm,39.554,57.98253711944226
magnetic_norm,39.574,55.61356198615145
magnetic_norm,39.593,58.17361190040336
magnetic_norm,39.613,56.10719040584289
magnetic_norm,39.633,56.36734323509048
magnetic_norm,39.654,55.98098485675739
magnetic_norm,39.673,56.93379056731168
magnetic_norm,39.693,60.77417058798506
magnetic_norm,39.713,56.47883472505431
magnetic_norm,39.733,55.36445003265863
magnetic_norm,39.753,58.57512027074722
magnetic_norm,39.773,55.28116365533125
magnetic_norm,39.794,58.448494943154905
magnetic_norm,39.814,57.00282476553245
magnetic_norm,39.833,56.588646235905834
magnetic_norm,39.854,56.712278525686216
magnetic_norm,39.873,54.33249217710339
magnetic_norm,39.893,56.78589086857323
magnetic_norm,39.913,55.352182501009075
magnetic_norm,39.934,57.092746361030926
magnetic_norm,39.953,56.614664835292544
magnetic_norm,39.974,53.43718075413419
magnetic_norm,39.993,56.100381097970306
magnetic_norm,40.013,56.488363534448474
magnetic_norm,40.033,56.34764964032439
magnetic_norm,40.053,54.72513752883595
magnetic_norm,40.073,54.60387275104679
magnetic_norm,40.093,55.339447736063505
magnetic_norm,40.113,55.04978632117931
magnetic_norm,40.134,55.9206168655622
magnetic_norm,40.153,55.55589270327227
magnetic_norm,40.174,56.27609928306604
magnetic_norm,40.193,55.81362272823731
magnetic_norm,40.214,56.177640780652304
magnetic_norm,40.233,55.650415750199066
magnetic_norm,40.254,56.30528104717403
magnetic_norm,40.273,53.72400234357559
magnetic_norm,40.294,55.03913279828726
magnetic_norm,40.313,53.038658287894165
magnetic_norm,40.333,56.356807020869326
magnetic_norm,40.355,54.018744104477435
magnetic_norm,40.374,56.22774874984993
magnetic_norm,40.394,54.15531050829642
magnetic_norm,40.414,54.130420887935145
magnetic_norm,40.433,54.54553207195352
magnetic_norm,40.453,54.225538032185625
magnetic_norm,40.473,53.4291396625007
magnetic_norm,40.494,52.69426205297413
magnetic_norm,40.513,54.32943154831
magnetic_norm,40.534,52.64966161739556
magnetic_norm,40.554,52.819958626605015
magnetic_norm,40.574,52.407501311161326
magnetic_norm,40.593,52.91702120230314
magnetic_norm,40.613,52.485007491139875
magnetic_norm,40.633,53.200309121517336
magnetic_norm,40.653,53.29398685499148
magnetic_norm,40.673,52.887385733391106
magnetic_norm,40.694,52.05110168646785
magnetic_norm,40.713,50.806535627810725
magnetic_norm,40.733,52.13636222673678
magnetic_norm,40.753,50.968315501520316
magnetic_norm,40.774,50.7349749534285
magnetic_norm,40.794,52.60225199220324
magnetic_norm,40.814,52.22716472272844
magnetic_norm,40.834,50.5585466991487
magnetic_norm,40.855,53.19188289814527
magnetic_norm,40.873,55.69990100743
magnetic_norm,40.893,53.88438992723221
magnetic_norm,40.914,53.26105459198133
magnetic_norm,40.934,54.35490437789408
magnetic_norm,40.953,53.088660345230586
magnetic_norm,40.974,53.864130061270984
magnetic_norm,40.993,55.1756377868101
magnetic_norm,41.013,52.26519702739577
magnetic_norm,41.033,53.72385471208298
magnetic_norm,41.053,53.1022740511648
magnetic_norm,41.073,53.55482477844558
magnetic_norm,41.094,55.18670648761357
magnetic_norm,41.113,55.474618617886875
magnetic_norm,41.134,55.452864274535
magnetic_norm,41.153,53.864130061270984
magnetic_norm,41.173,55.769909784085236
magnetic_norm,41.193,54.91671133908149
magnetic_norm,41.214,54.12869811962057
magnetic_norm,41.233,55.680576142964846
magnetic_norm,41.254,54.55848622865663
magnetic_norm,41.273,52.859752433798974
magnetic_norm,41.293,54.88083059081287
magnetic_norm,41.313,54.40219578484406
magnetic_norm,41.333,59.12077401704925
magnetic_norm,41.356,54.54725302432745
magnetic_norm,41.373,56.6029773038707
magnetic_norm,41.393,51.015551423071045
magnetic_norm,41.413,56.01917012840337
magnetic_norm,41.433,57.383440933012345
magnetic_norm,41.454,54.121091443747694
magnetic_norm,41.473,54.347647215058906
magnetic_norm,41.493,53.02286252339661
magnetic_norm,41.513,53.590826122002916
magnetic_norm,41.534,53.71549295808432
magnetic_norm,41.554,51.54314833377473
magnetic_norm,41.574,51.97248925320977
magnetic_norm,41.593,49.86129028508744
magnetic_norm,41.613,53.406935376807574
magnetic_norm,41.633,55.912195345514746
magnetic_norm,41.653,54.44919704597366
magnetic_norm,41.673,52.57728019973314
magnetic_norm,41.694,52.04086133884379
magnetic_norm,41.713,51.09001363520076
magnetic_norm,41.733,51.25919648902044
magnetic_norm,41.753,53.219075247039044
magnetic_norm,41.774,53.25280252308323
magnetic_norm,41.793,50.990190033721206
magnetic_norm,41.815,51.79862908123164
magnetic_norm,41.833,52.52024254894497
magnetic_norm,41.854,50.03288832220763
magnetic_norm,41.873,51.42881306264515
magnetic_norm,41.894,51.41432915236277
magnetic_norm,41.913,50.179112790258785
magnetic_norm,41.933,51.64534630293436
magnetic_norm,41.953,47.91838866635652
magnetic_norm,41.973,52.38657767978374
magnetic_norm,41.994,49.74249417713697
magnetic_norm,42.013,52.2693179017339
magnetic_norm,42.033,53.271197938473364
magnetic_norm,42.054,51.37221179331781
magnetic_norm,42.073,54.31621946918803
magnetic_norm,42.094,51.72792520950367
magnetic_norm,42.115,53.052030908580804
magnetic_norm,42.133,53.548207728305435
magnetic_norm,42.153,53.12273089742281
magnetic_norm,42.173,54.35704299928626
magnetic_norm,42.193,54.80956208883634
magnetic_norm,42.218,54.07074177852567
magnetic_norm,42.233,55.503411642100914
magnetic_norm,42.254,51.9542877046255
magnetic_norm,42.273,53.36921048151281
magnetic_norm,42.293,54.57854346192289
magnetic_norm,42.313,55.54787397067965
magnetic_norm,42.334,55.45358975688597
magnetic_norm,42.353,54.60108823160039
magnetic_norm,42.374,55.04907784275334
magnetic_norm,42.393,55.80525408630902
magnetic_norm,42.413,54.84562176293108
magnetic_norm,42.434,53.70350291263599
magnetic_norm,42.453,54.65301564392417
magnetic_norm,42.474,52.80261947088902
magnetic_norm,42.493,55.16937952597664
magnetic_norm,42.513,54.387254295526475
magnetic_norm,42.534,52.10861329437298
magnetic_norm,42.553,52.80887372343312
magnetic_norm,42.573,54.58175810996755
magnetic_norm,42.593,53.469147380989774
magnetic_norm,42.614,56.71074736932586
magnetic_norm,42.633,54.289763418737756
magnetic_norm,42.654,53.72288801793427
magnetic_norm,42.673,54.015479552161715
magnetic_norm,42.694,53.1587959005846
magnetic_norm,42.713,54.501881840446615
magnetic_norm,42.733,56.349545683616725
magnetic_norm,42.753,54.082733040685106
magnetic_norm,42.773,56.65245774346437
magnetic_norm,42.793,54.76454332903288
magnetic_norm,42.814,54.207426420994274
magnetic_norm,42.833,53.8234909709506
magnetic_norm,42.853,54.09525091349294
magnetic_norm,42.873,54.61493942423172
magnetic_norm,42.893,55.26049952542964
magnetic_norm,42.913,54.9176035892637
magnetic_norm,42.934,54.73785294702378
magnetic_norm,42.953,55.964780009953586
magnetic_norm,42.974,54.60551783588358
magnetic_norm,42.993,54.52753432332376
magnetic_norm,43.013,52.9461548338263
magnetic_norm,43.033,57.0992951326898
magnetic_norm,43.054,54.54307648528821
magnetic_norm,43.073,55.12176654717491
magnetic_norm,43.094,57.584242468643325
magnetic_norm,43.113,53.446171092698535
magnetic_norm,43.133,56.381748833842494
magnetic_norm,43.153,56.982888603619536
magnetic_norm,43.174,59.28671631297357
magnetic_norm,43.194,58.562773826787925
magnetic_norm,43.214,55.8769435987466
magnetic_norm,43.233,55.793651982662865
magnetic_norm,43.254,53.8988407951646
magnetic_norm,43.274,56.825026465567966
magnetic_norm,43.293,55.641250309123194
magnetic_norm,43.313,56.80097855385068
magnetic_norm,43.333,56.05604059778037
magnetic_norm,43.353,56.10131353709569
magnetic_norm,43.374,56.56022889086907
magnetic_norm,43.393,55.460592101058666
magnetic_norm,43.413,56.31467531869468
magnetic_norm,43.433,55.53035678099878
magnetic_norm,43.453,55.04506321528753
magnetic_norm,43.474,56.71551788014019
magnetic_norm,43.494,56.09871549966631
magnetic_norm,43.513,55.738861613106245
magnetic_norm,43.534,57.067909958114825
magnetic_norm,43.553,56.101810287971155
magnetic_norm,43.573,58.63338759294912
magnetic_norm,43.593,56.83403675945428
magnetic_norm,43.614,57.85595666421277
magnetic_norm,43.635,57.49569121616855
magnetic_norm,43.653,55.296076625516655
magnetic_norm,43.674,58.31782933846218
magnetic_norm,43.696,55.04638965545352
magnetic_norm,43.713,58.82372273295656
magnetic_norm,43.733,56.388308088312954
magnetic_norm,43.753,57.02305977684606
magnetic_norm,43.773,57.41267025415648
magnetic_norm,43.793,56.23235629281872
magnetic_norm,43.814,56.44462967623673
magnetic_norm,43.834,57.3603018284423
magnetic_norm,43.853,58.516434041258876
magnetic_norm,43.874,58.84226285885005
magnetic_norm,43.893,58.495544211236734
magnetic_norm,43.913,59.37666785794317
magnetic_norm,43.934,61.276995302886874
magnetic_norm,43.953,62.644446649164486
magnetic_norm,43.973,61.95243450119616
magnetic_norm,43.993,60.24327548527733
magnetic_norm,44.013,63.89085715748005
magnetic_norm,44.033,56.508326428500816
magnetic_norm,44.053,58.56538383230327
magnetic_norm,44.073,56.41889065592315
magnetic_norm,44.094,55.508022884647076
magnetic_norm,44.113,58.02226773395933
magnetic_norm,44.133,54.46017183898033
magnetic_norm,44.153,56.027210606989925
magnetic_norm,44.174,57.34660896121078
magnetic_norm,44.194,54.54244097947953
magnetic_norm,44.214,56.86810046183632
magnetic_norm,44.233,55.254621206804956
magnetic_norm,44.254,56.29756426513939
magnetic_norm,44.273,56.74452309937065
magnetic_norm,44.293,58.28122013618551
magnetic_norm,44.313,58.68234651264399
magnetic_norm,44.334,57.875166430538314
magnetic_norm,44.354,56.57930523201483
magnetic_norm,44.374,56.850764658775844
magnetic_norm,44.393,58.54284491940497
magnetic_norm,44.413,60.1920588226761
magnetic_norm,44.433,58.59544340304986
magnetic_norm,44.453,58.18009431820319
magnetic_norm,44.473,60.31205848273635
magnetic_norm,44.493,58.98149101052808
magnetic_norm,44.514,59.03339250246426
magnetic_norm,44.534,59.05147378759924
magnetic_norm,44.553,59.473969555386205
magnetic_norm,44.573,60.281234169204936
magnetic_norm,44.594,59.91594812516535
magnetic_norm,44.613,62.697660161783595
magnetic_norm,44.633,61.815344847376046
magnetic_norm,44.654,62.09820872718485
magnetic_norm,44.673,62.82919087941926
magnetic_norm,44.693,61.84614668170524
magnetic_norm,44.713,61.815344847376046
magnetic_norm,44.733,60.77708607865722
magnetic_norm,44.753,61.35773530024563
magnetic_norm,44.774,61.54317239944256
magnetic_norm,44.793,61.72083418202481
magnetic_norm,44.813,61.16313664291605
magnetic_norm,44.833,61.08475913004012
magnetic_norm,44.854,65.2126564724978
magnetic_norm,44.873,62.15616540416567
magnetic_norm,44.893,62.14112721549644
magnetic_norm,44.914,63.15038969000911
magnetic_norm,44.934,59.58612987065464
magnetic_norm,44.953,60.192748158727575
magnetic_norm,44.973,59.19372176147585
magnetic_norm,44.994,59.302989953395276
magnetic_norm,45.013,60.04496712708335
magnetic_norm,45.033,57.85265286916416
magnetic_norm,45.053,59.4529561929641
magnetic_norm,45.073,60.229747921500596
magnetic_norm,45.094,57.74156158751042
magnetic_norm,45.114,57.02183320591992
magnetic_norm,45.134,59.2455685751054
magnetic_norm,45.153,58.338679262033516
magnetic_norm,45.173,58.933517703012214
magnetic_norm,45.193,57.720281212104155
magnetic_norm,45.213,55.09644300723967
magnetic_norm,45.233,56.396128058781706
magnetic_norm,45.253,57.930609043535945
magnetic_norm,45.273,57.30703695337075
magnetic_norm,45.293,59.2814661324895
magnetic_norm,45.313,57.58549011578351
magnetic_norm,45.333,58.15304315823689
magnetic_norm,45.353,56.86359708504203
magnetic_norm,45.376,56.5323072560505
magnetic_norm,45.393,58.74066670379435
magnetic_norm,45.413,54.46328987056342
magnetic_norm,45.433,55.90990889536048
magnetic_norm,45.454,57.47513932671238
magnetic_norm,45.474,54.89352973415906
magnetic_norm,45.494,54.061504194528375
magnetic_norm,45.514,55.87899621102059
magnetic_norm,45.533,55.185537550045666
magnetic_norm,45.553,57.262175588799494
magnetic_norm,45.573,56.523006212249626
magnetic_norm,45.593,53.84948370195051
magnetic_norm,45.613,57.082001735271206
magnetic_norm,45.633,58.76047275590554
magnetic_norm,45.653,62.490262055859546
magnetic_norm,45.673,58.263507781951475
magnetic_norm,45.694,59.8372108152611
magnetic_norm,45.713,58.547935566551104
magnetic_norm,45.734,61.23302548876311
magnetic_norm,45.753,61.64323697241665
magnetic_norm,45.773,61.92461334649179
magnetic_norm,45.793,64.16918994725981
magnetic_norm,45.813,61.51423520464593
magnetic_norm,45.833,62.44398462422156
magnetic_norm,45.853,65.07699828693319
magnetic_norm,45.874,64.46672641438767
magnetic_norm,45.893,66.02337861564648
magnetic_norm,45.913,63.341526233782886
magnetic_norm,45.934,64.63710579042437
magnetic_norm,45.954,65.62898908761665
magnetic_norm,45.973,63.760568705705666
magnetic_norm,45.993,65.56767822572722
magnetic_norm,46.014,63.60539356139556
magnetic_norm,46.033,65.0221537456658
magnetic_norm,46.054,66.66510753385163
magnetic_norm,46.073,64.19402963652476
magnetic_norm,46.094,64.17864653381619
magnetic_norm,46.113,64.1475254761437
magnetic_norm,46.133,62.43083494516156
magnetic_norm,46.153,64.625394280422
magnetic_norm,46.174,60.59282091881845
magnetic_norm,46.193,61.254922232319466
magnetic_norm,46.214,60.35561148621564
magnetic_norm,46.233,59.774876302569695
magnetic_norm,46.253,61.52177097763851
magnetic_norm,46.273,58.38398735686228
magnetic_norm,46.293,56.775006755283755
magnetic_norm,46.313,57.81196929151012
magnetic_norm,46.334,55.9020645442769
magnetic_norm,46.353,58.4615426666326
magnetic_norm,46.374,56.01229148030814
magnetic_norm,46.397,55.83006372806689
magnetic_norm,46.413,55.50366119680755
magnetic_norm,46.433,56.091329394290085
magnetic_norm,46.454,56.11176183760418
magnetic_norm,46.473,52.51021203894538
magnetic_norm,46.493,53.50470871970059
magnetic_norm,46.513,54.769551443126275
magnetic_norm,46.533,53.39881017241868
magnetic_norm,46.553,53.12368222565624
magnetic_norm,46.573,52.16956952453221
magnetic_norm,46.593,52.53755784971837
magnetic_norm,46.613,52.34828797021447
magnetic_norm,46.633,54.07942401285816
magnetic_norm,46.654,54.56066685149087
magnetic_norm,46.673,55.43836590336613
magnetic_norm,46.693,55.66694380766403
magnetic_norm,46.713,55.65373301461914
magnetic_norm,46.734,57.23233540682018
magnetic_norm,46.755,53.463829040062215
magnetic_norm,46.774,54.067260485563295
magnetic_norm,46.793,55.541046095770646
magnetic_norm,46.813,53.786775699167066
magnetic_norm,46.833,54.29479800445436
magnetic_norm,46.853,56.463852878633865
magnetic_norm,46.873,54.34109018815788
magnetic_norm,46.893,51.48098054646011
magnetic_norm,46.913,56.0475445848211
magnetic_norm,46.934,57.14386796295399
magnetic_norm,46.953,56.30072357128288
magnetic_norm,46.973,55.79391032798741
magnetic_norm,46.993,56.72598340817915
magnetic_norm,47.014,54.71451346963396
magnetic_norm,47.033,57.84356616145845
magnetic_norm,47.054,56.217034527245396
magnetic_norm,47.074,57.4313647599247
magnetic_norm,47.093,56.678763233805334
magnetic_norm,47.113,53.686732030945194
magnetic_norm,47.133,54.795478822675236
magnetic_norm,47.154,57.68642858647531
magnetic_norm,47.173,60.92092627199222
magnetic_norm,47.193,56.147491337325135
magnetic_norm,47.214,56.697733758877
magnetic_norm,47.234,56.5673955177583
magnetic_norm,47.253,55.471699946808464
magnetic_norm,47.273,52.995876169519086
magnetic_norm,47.294,53.82580253628374
magnetic_norm,47.313,52.94476063065645
magnetic_norm,47.333,56.6923956977809
magnetic_norm,47.354,50.99240133796902
magnetic_norm,47.373,52.96429943111453
magnetic_norm,47.393,51.82691139554097
magnetic_norm,47.413,53.572061595574276
magnetic_norm,47.433,51.91904979422297
magnetic_norm,47.454,52.01112633640281
magnetic_norm,47.473,52.698195285986905
magnetic_norm,47.493,50.47928302378125
magnetic_norm,47.514,49.69163969517412
magnetic_norm,47.533,50.51707246795384
magnetic_norm,47.555,51.496679584318834
magnetic_norm,47.574,47.136360713041945
magnetic_norm,47.594,48.34474058687774
magnetic_norm,47.614,50.46144836662444
magnetic_norm,47.634,50.076206788753524
magnetic_norm,47.653,49.8984007070367
magnetic_norm,47.673,51.365657688162706
magnetic_norm,47.693,52.18966945191361
magnetic_norm,47.714,50.73600676849234
magnetic_norm,47.733,50.50487570188154
magnetic_norm,47.753,51.404621935113965
magnetic_norm,47.774,52.19870014545381
magnetic_norm,47.794,50.54338741022414
magnetic_norm,47.813,50.439795891240564
magnetic_norm,47.833,49.544390607060656
magnetic_norm,47.854,50.689908144644576
magnetic_norm,47.873,51.12236927828169
magnetic_norm,47.894,50.246036457632655
magnetic_norm,47.914,49.03051863749761
magnetic_norm,47.934,50.40899098040449
magnetic_norm,47.954,49.10848228030475
magnetic_norm,47.973,51.053940583465284
magnetic_norm,47.993,50.021742539163654
magnetic_norm,48.013,50.282770388977546
magnetic_norm,48.033,52.41214322463844
magnetic_norm,48.054,52.25825857137321
magnetic_norm,48.074,49.124964218124376
magnetic_norm,48.093,50.562593900073516
magnetic_norm,48.113,51.62671130802845
magnetic_norm,48.133,51.22632113713614
magnetic_norm,48.153,49.466458814357225
magnetic_norm,48.174,51.0793026954167
magnetic_norm,48.193,50.98145220813159
magnetic_norm,48.213,51.20453786511508
magnetic_norm,48.233,51.5789602647727
magnetic_norm,48.253,51.22315602724275
magnetic_norm,48.273,51.436010101630245
magnetic_norm,48.294,50.809237672026725
magnetic_norm,48.313,52.3389583943691
magnetic_norm,48.333,52.42991527386822
magnetic_norm,48.353,49.76911650474121
magnetic_norm,48.373,50.22348102920213
magnetic_norm,48.393,51.638502642408255
magnetic_norm,48.413,49.31965649515423
magnetic_norm,48.433,51.22665058680394
magnetic_norm,48.454,48.95192711021448
magnetic_norm,48.473,48.365415153438974
magnetic_norm,48.494,49.8168481436001
magnetic_norm,48.514,49.32641003167075
magnetic_norm,48.533,51.34510494123811
magnetic_norm,48.553,49.451644480530256
magnetic_norm,48.574,48.690640911043
magnetic_norm,48.593,50.065993583719205
magnetic_norm,48.614,48.01963537411035
magnetic_norm,48.634,50.625156249758874
magnetic_norm,48.653,50.37347865176683
magnetic_norm,48.673,50.96546969824275
magnetic_norm,48.693,49.544390607060656
magnetic_norm,48.713,48.33249300328407
magnetic_norm,48.737,50.26574301562149
magnetic_norm,48.754,49.73644562699973
magnetic_norm,48.774,50.0754741783965
magnetic_norm,48.794,48.84035616808092
magnetic_norm,48.813,45.924032868096425
magnetic_norm,48.833,49.91660846915088
magnetic_norm,48.857,48.01935480329785
magnetic_norm,48.873,51.13294755817925
magnetic_norm,48.893,49.81907814156139
magnetic_norm,48.914,49.692394291292246
magnetic_norm,48.933,51.415698936693985
magnetic_norm,48.953,49.403099449452604
magnetic_norm,48.973,51.85016543712762
magnetic_norm,48.994,50.97812095730387
magnetic_norm,49.014,48.01878975554787
magnetic_norm,49.033,51.15212032812032
magnetic_norm,49.054,50.13014705020333
magnetic_norm,49.074,49.40151068423414
magnetic_norm,49.093,46.78159983801058
magnetic_norm,49.113,50.20912942406495
magnetic_norm,49.134,49.12151384531027
magnetic_norm,49.154,48.86836178539654
magnetic_norm,49.173,49.9135759835188
magnetic_norm,49.194,50.809237672026725
magnetic_norm,49.214,48.066354994554246
magnetic_norm,49.233,49.99594241348492
magnetic_norm,49.253,50.10720800102021
magnetic_norm,49.273,51.1507544222224
magnetic_norm,49.293,51.89938063040831
magnetic_norm,49.313,50.30024696236591
magnetic_norm,49.335,49.54867989853514
magnetic_norm,49.353,49.25344848332957
magnetic_norm,49.373,50.87716710679261
magnetic_norm,49.393,49.775398700864265
magnetic_norm,49.414,48.680615680756354
magnetic_norm,49.433,50.55742238348891
magnetic_norm,49.454,50.501046506235895
magnetic_norm,49.474,51.99455501720844
magnetic_norm,49.494,49.906861298698196
magnetic_norm,49.513,50.70896162477102
magnetic_norm,49.533,50.82049477205288
magnetic_norm,49.553,48.18659355380918
magnetic_norm,49.574,50.89142327838758
magnetic_norm,49.593,49.556549830345375
magnetic_norm,49.613,51.56708502341877
magnetic_norm,49.634,51.00495892479484
magnetic_norm,49.653,49.05123346507205
magnetic_norm,49.673,49.13441703633004
magnetic_norm,49.693,51.56822354597354
magnetic_norm,49.713,47.93191377399302
magnetic_norm,49.734,49.13283287866174
magnetic_norm,49.755,47.682879803447285
magnetic_norm,49.773,48.71261547330425
magnetic_norm,49.793,49.49342996273596
magnetic_norm,49.813,47.95207935467971
magnetic_norm,49.833,46.62544445163499
magnetic_norm,49.854,46.42323207578831
magnetic_norm,49.873,49.6100835587333
magnetic_norm,49.894,46.760094167703514
magnetic_norm,49.914,46.97465343299516
magnetic_norm,49.933,48.90564775326699
magnetic_norm,49.953,49.5097611114465
magnetic_norm,49.973,49.015462262127166
magnetic_norm,49.997,46.46486829476653
magnetic_norm,50.013,49.72178298417103
magnetic_norm,50.033,48.29315751221906
magnetic_norm,50.054,48.202606575267374
magnetic_norm,50.073,50.334650732994106
magnetic_norm,50.093,47.702981186321054
magnetic_norm,50.113,47.53772551589949
magnetic_norm,50.134,47.0827238251995
magnetic_norm,50.153,46.31715007060024
magnetic_norm,50.174,48.81714726625907
magnetic_norm,50.193,46.47045181034396
magnetic_norm,50.213,46.912880319001985
magnetic_norm,50.233,45.61216043652723
magnetic_norm,50.253,46.410378604224945
magnetic_norm,50.273,47.15701076296876
magnetic_norm,50.293,47.56549801655082
magnetic_norm,50.313,47.17661339654427
magnetic_norm,50.335,46.66923092359685
magnetic_norm,50.353,45.4822666126729
magnetic_norm,50.374,47.49586738706854
magnetic_norm,50.393,47.920058651362375
magnetic_norm,50.414,48.024376134677695
magnetic_norm,50.433,45.371358338658986
magnetic_norm,50.454,46.498206235160346
magnetic_norm,50.473,47.10797547984846
magnetic_norm,50.493,46.315058459978765
magnetic_norm,50.513,46.386213803349
magnetic_norm,50.533,45.437413170480994
magnetic_norm,50.553,46.40088258050703
magnetic_norm,50.577,47.76721943440925
magnetic_norm,50.594,46.7813138777119
magnetic_norm,50.614,47.894396772352195
magnetic_norm,50.634,45.95616585059615
magnetic_norm,50.653,45.876487897614844
magnetic_norm,50.673,45.039477098568824
magnetic_norm,50.694,45.91631077410711
magnetic_norm,50.713,46.94566798692665
magnetic_norm,50.734,44.7644684401592
magnetic_norm,50.754,44.62791482077109
magnetic_norm,50.774,45.52977645288851
magnetic_norm,50.793,43.634705697271635
magnetic_norm,50.813,45.16347613835778
magnetic_norm,50.834,42.55279665616891
magnetic_norm,50.854,42.890808401247234
magnetic_norm,50.873,42.49868977759785
magnetic_norm,50.894,43.71765858180193
magnetic_norm,50.913,46.82586800121275
magnetic_norm,50.933,42.12299173322703
magnetic_norm,50.953,44.98128126810085
magnetic_norm,50.974,44.831754114187916
magnetic_norm,50.994,45.55666243468128
magnetic_norm,51.013,47.20824792460794
magnetic_norm,51.033,46.09830668460077
magnetic_norm,51.054,45.17519412313023
magnetic_norm,51.073,45.61347457404994
magnetic_norm,51.093,44.21948895142276
magnetic_norm,51.114,45.19407547394906
magnetic_norm,51.133,45.22808297576301
magnetic_norm,51.153,42.53613077916821
magnetic_norm,51.174,44.232950907185696
magnetic_norm,51.193,42.788648910166685
magnetic_norm,51.213,44.3071585285606
magnetic_norm,51.233,42.651675053478414
magnetic_norm,51.254,43.50340503518097
magnetic_norm,51.273,45.147737952055806
magnetic_norm,51.293,46.03691665731427
magnetic_norm,51.313,47.74606496456021
magnetic_norm,51.333,46.387464850633506
magnetic_norm,51.353,44.97642351137983
magnetic_norm,51.374,46.45318081479998
magnetic_norm,51.394,42.98125957588963
magnetic_norm,51.413,44.20369668769231
magnetic_norm,51.433,44.07283522406404
magnetic_norm,51.453,42.84941606559535
magnetic_norm,51.474,44.335793460476154
magnetic_norm,51.493,44.19999120028198
magnetic_norm,51.513,42.54975484682614
magnetic_norm,51.533,43.407145410505294
magnetic_norm,51.559,44.51042152510476
magnetic_norm,51.574,45.12036340727992
magnetic_norm,51.593,42.65350214929606
magnetic_norm,51.614,43.78809284648629
magnetic_norm,51.633,41.57704162906496
magnetic_norm,51.653,43.983147962458304
magnetic_norm,51.673,45.918721202114334
magnetic_norm,51.693,47.53937103570051
magnetic_norm,51.713,44.53879503247708
magnetic_norm,51.733,44.17000463818754
magnetic_norm,51.753,43.78407833647986
magnetic_norm,51.774,42.847118303043445
magnetic_norm,51.793,43.566717424973625
magnetic_norm,51.814,42.84408647119518
magnetic_norm,51.833,43.30651788459505
magnetic_norm,51.854,44.6165301836102
magnetic_norm,51.875,42.94254746533443
magnetic_norm,51.894,43.03485095900479
magnetic_norm,51.913,43.793329489832125
magnetic_norm,51.933,43.08597016248445
magnetic_norm,51.953,43.53633501951278
magnetic_norm,51.974,45.247437334615995
magnetic_norm,51.993,45.1851309804315
magnetic_norm,52.014,44.69732900442721
magnetic_norm,52.034,44.19999120028198
magnetic_norm,52.053,44.356536211560744
magnetic_norm,52.073,42.169383640059294
magnetic_norm,52.093,44.80382630493182
magnetic_norm,52.113,42.59682263326691
magnetic_norm,52.134,45.19702612907735
magnetic_norm,52.153,45.05841525683632
magnetic_norm,52.174,45.01692657440088
magnetic_norm,52.193,47.392516243073665
magnetic_norm,52.213,44.9024646108095
magnetic_norm,52.233,45.735635240340905
magnetic_norm,52.253,48.434885596411895
magnetic_norm,52.273,45.21889452112363
magnetic_norm,52.294,46.039384228343074
magnetic_norm,52.314,46.81217847112554
magnetic_norm,52.334,47.497690933612866
magnetic_norm,52.354,48.44545395235761
magnetic_norm,52.373,49.55180108141892
magnetic_norm,52.393,47.61345433042015
magnetic_norm,52.414,47.830022318231386
magnetic_norm,52.433,48.141456064004856
magnetic_norm,52.454,49.95532248069273
magnetic_norm,52.474,47.461954504634576
magnetic_norm,52.493,47.181070064168765
magnetic_norm,52.513,49.401513986668576
magnetic_norm,52.534,48.70485324546724
magnetic_norm,52.553,48.927525061564324
magnetic_norm,52.573,49.84266192304546
magnetic_norm,52.594,49.725829964793036
magnetic_norm,52.614,50.19711483715981
magnetic_norm,52.633,50.10712409041757
magnetic_norm,52.653,49.9649991068749
magnetic_norm,52.673,49.32929047913624
magnetic_norm,52.694,48.45805701970531
magnetic_norm,52.713,49.383189589803735
magnetic_norm,52.733,46.080058658003054
magnetic_norm,52.753,54.75654675687207
magnetic_norm,52.773,50.24022176317
magnetic_norm,52.793,51.43630863274018
magnetic_norm,52.814,51.021206757460185
magnetic_norm,52.833,50.648831475168315
magnetic_norm,52.854,49.25277068335852
magnetic_norm,52.874,48.43892606571703
magnetic_norm,52.894,49.074524642629
magnetic_norm,52.913,48.97750490531353
magnetic_norm,52.933,51.281116775695345
magnetic_norm,52.953,51.637737987106
magnetic_norm,52.974,49.81331168774075
magnetic_norm,52.998,50.67050938243078
magnetic_norm,53.014,49.64048960168503
magnetic_norm,53.034,48.01559655908698
magnetic_norm,53.054,48.51417117386939
magnetic_norm,53.073,49.44532183773812
magnetic_norm,53.094,49.491995091378165
magnetic_norm,53.114,47.89336213211076
magnetic_norm,53.134,49.514660758834864
magnetic_norm,53.159,50.424774498008425
magnetic_norm,53.174,49.84601291966599
magnetic_norm,53.193,49.66992878706895
magnetic_norm,53.213,50.25414167887061
magnetic_norm,53.233,48.72454335188796
magnetic_norm,53.254,50.38140355845597
magnetic_norm,53.275,49.99884334132142
magnetic_norm,53.294,51.65650187190864
magnetic_norm,53.316,50.218275217917515
magnetic_norm,53.333,49.508050154684454
magnetic_norm,53.354,49.4284528456284
magnetic_norm,53.373,52.049860980722215
magnetic_norm,53.393,52.378862101400316
magnetic_norm,53.413,50.85566248745071
magnetic_norm,53.433,50.340695026489264
magnetic_norm,53.453,51.704890476747984
magnetic_norm,53.473,53.28048880934283
magnetic_norm,53.493,53.930496366272365
magnetic_norm,53.513,51.86263114987039
magnetic_norm,53.534,51.28865562760936
magnetic_norm,53.553,51.72633373920887
magnetic_norm,53.573,52.61935900372126
magnetic_norm,53.594,52.48193685831346
magnetic_norm,53.614,53.43957633124084
magnetic_norm,53.633,55.38210118271525
magnetic_norm,53.653,54.73224935332918
magnetic_norm,53.674,51.6525614214823
magnetic_norm,53.693,52.34503780278526
magnetic_norm,53.713,51.14298235400939
magnetic_norm,53.734,52.12618410525574
magnetic_norm,53.753,51.28411839802366
magnetic_norm,53.773,52.73542295767623
magnetic_norm,53.793,53.03545443722067
magnetic_norm,53.813,54.221546146573544
magnetic_norm,53.833,52.21917071607908
magnetic_norm,53.854,51.64814411101818
magnetic_norm,53.874,51.026421090695806
magnetic_norm,53.893,50.581605273681326
magnetic_norm,53.913,52.672388435735634
magnetic_norm,53.933,53.68835482078501
magnetic_norm,53.953,51.670761652384236
magnetic_norm,53.973,50.618162360831604
magnetic_norm,53.994,52.32565326790015
magnetic_norm,54.013,52.674180538476506
magnetic_norm,54.033,50.990989553302455
magnetic_norm,54.053,52.4359058799408
magnetic_norm,54.073,51.30606460863082
magnetic_norm,54.094,51.822402056808414
magnetic_norm,54.116,53.010871481234915
magnetic_norm,54.133,52.65118486451667
magnetic_norm,54.154,51.59795833024798
magnetic_norm,54.174,50.633342702585914
magnetic_norm,54.193,52.68076896221244
magnetic_norm,54.213,49.999412784551794
magnetic_norm,54.233,50.77850711226159
magnetic_norm,54.254,52.60896364230628
magnetic_norm,54.274,49.6589425628708
magnetic_norm,54.293,51.19169317616386
magnetic_norm,54.313,50.30207487512336
magnetic_norm,54.333,49.87252930910462
magnetic_norm,54.353,49.2389922716362
magnetic_norm,54.374,50.055252299034514
magnetic_norm,54.393,50.692270700102874
magnetic_norm,54.413,51.32245669952888
magnetic_norm,54.434,50.32160346734795
magnetic_norm,54.454,51.42500722921684
magnetic_norm,54.473,49.71189340057377
magnetic_norm,54.493,51.08590909891397
magnetic_norm,54.513,51.96008259455049
magnetic_norm,54.533,51.323193046248754
magnetic_norm,54.553,50.38288917244136
magnetic_norm,54.574,51.33955069998431
magnetic_norm,54.594,48.63688226342486
magnetic_norm,54.613,49.79561809366368
magnetic_norm,54.633,51.54739939783593
magnetic_norm,54.654,50.14803464650934
magnetic_norm,54.674,50.904675390012066
magnetic_norm,54.693,50.09229995120263
magnetic_norm,54.714,50.026222462574665
magnetic_norm,54.733,48.62666032239929
magnetic_norm,54.754,48.01869900387766
magnetic_norm,54.773,50.016028897788274
magnetic_norm,54.794,49.934636831812455
magnetic_norm,54.813,48.17321507028055
magnetic_norm,54.833,48.63440480024152
magnetic_norm,54.854,48.49451299361099
magnetic_norm,54.873,47.40800219240418
magnetic_norm,54.893,49.557929653071206
magnetic_norm,54.914,49.14186884343127
magnetic_norm,54.933,48.60428772713889
magnetic_norm,54.953,48.80323535852926
magnetic_norm,54.973,47.518704247248806
magnetic_norm,54.993,46.46075052525524
magnetic_norm,55.013,46.401143932827786
magnetic_norm,55.036,46.41257372590433
magnetic_norm,55.053,46.52452730146756
magnetic_norm,55.073,46.70551552365106
magnetic_norm,55.095,46.253031477609674
magnetic_norm,55.113,43.82053307198014
magnetic_norm,55.134,46.86179282501904
magnetic_norm,55.154,46.050080447812476
magnetic_norm,55.173,46.461614995203306
magnetic_norm,55.193,46.225488859637814
magnetic_norm,55.213,48.69442007771533
magnetic_norm,55.233,46.76400179084072
magnetic_norm,55.253,47.165325004710915
magnetic_norm,55.273,47.96683582309762
magnetic_norm,55.293,45.900006024917964
magnetic_norm,55.313,47.2713289648705
magnetic_norm,55.333,48.29410755664193
magnetic_norm,55.353,46.526129598457906
magnetic_norm,55.373,47.73417484774404
magnetic_norm,55.394,47.421436029579546
magnetic_norm,55.414,45.65173678193974
magnetic_norm,55.434,45.84648412869302
magnetic_norm,55.453,44.69810484363404
magnetic_norm,55.48,44.07201153901424
magnetic_norm,55.495,47.23278704950355
magnetic_norm,55.514,44.05757509242883
magnetic_norm,55.533,47.290946153571525
magnetic_norm,55.555,46.16602216303133
magnetic_norm,55.573,48.66057093106801
magnetic_norm,55.593,46.59560642579407
magnetic_norm,55.613,43.72510890732579
magnetic_norm,55.633,45.07285510296081
magnetic_norm,55.654,44.642746255914865
magnetic_norm,55.673,44.94885595026313
magnetic_norm,55.697,43.14003408030643
magnetic_norm,55.713,40.86829536306232
magnetic_norm,55.733,44.4448609586924
magnetic_norm,55.753,43.49969573117735
magnetic_norm,55.773,42.993570104290015
magnetic_norm,55.793,44.298505338019034
magnetic_norm,55.814,42.64049890025331
magnetic_norm,55.834,45.498658977490756
magnetic_norm,55.854,45.25785886520152
magnetic_norm,55.879,44.48967664666714
magnetic_norm,55.893,44.58690785023121
magnetic_norm,55.913,44.354331460636494
magnetic_norm,55.938,45.13692449785431
magnetic_norm,55.953,44.675950430572826
magnetic_norm,55.974,45.339302853401925
magnetic_norm,55.994,44.82228107660865
magnetic_norm,56.014,45.0347900038127
magnetic_norm,56.04,46.70786453451924
magnetic_norm,56.053,47.0669865355485
magnetic_norm,56.073,45.865417127586454
magnetic_norm,56.094,45.69283104369329
magnetic_norm,56.113,45.76371081804337
magnetic_norm,56.148,45.39560482579784
magnetic_norm,56.154,45.5260391504137
magnetic_norm,56.173,48.6426823569075
magnetic_norm,56.193,46.83929390079445
magnetic_norm,56.214,46.7093866465832
magnetic_norm,56.233,46.68071968074725
magnetic_norm,56.253,44.08243831562916
magnetic_norm,56.273,44.25732063385107
magnetic_norm,56.294,44.38157256798709
magnetic_norm,56.313,45.21474544674282
magnetic_norm,56.333,44.79780456785806
magnetic_norm,56.353,44.364614119109675
magnetic_norm,56.374,45.777000622173844
magnetic_norm,56.393,44.150692325404144
magnetic_norm,56.413,45.50613519750666
magnetic_norm,56.434,44.72142537405878
magnetic_norm,56.453,42.11482494374754
magnetic_norm,56.473,42.54484490658063
magnetic_norm,56.493,44.86768937359048
magnetic_norm,56.514,42.69771061997938
magnetic_norm,56.534,42.99136223199377
magnetic_norm,56.554,40.87239439906232
magnetic_norm,56.573,42.51094766057327
magnetic_norm,56.593,42.65997625205919
magnetic_norm,56.613,43.54069006478309
magnetic_norm,56.635,38.473725339850446
magnetic_norm,56.653,43.41889080869654
magnetic_norm,56.673,42.94476603367982
magnetic_norm,56.693,43.03178921230792
magnetic_norm,56.714,43.310882318968105
magnetic_norm,56.733,44.41230807909564
magnetic_norm,56.753,44.43391320756595
magnetic_norm,56.773,43.304929067312976
magnetic_norm,56.793,44.82322416955025
magnetic_norm,56.813,46.07549279551988
magnetic_norm,56.835,46.10843126462883
magnetic_norm,56.853,45.2832841158026
magnetic_norm,56.873,44.852590595248785
magnetic_norm,56.893,43.44933448359139
magnetic_norm,56.913,42.97973632277192
magnetic_norm,56.933,44.17231395697309
magnetic_norm,56.953,42.25666580293876
magnetic_norm,56.973,45.26034455387658
magnetic_norm,56.993,46.12421166858032
magnetic_norm,57.013,48.957500049839155
pressure,0.025,998.458
pressure,0.18,998.4468
pressure,0.34,998.4317
pressure,0.5,998.4372
pressure,0.659,998.46844
pressure,0.827,998.4825
pressure,0.979,998.47736
pressure,1.143,998.4644
pressure,1.299,998.4459
pressure,1.459,998.43506
pressure,1.629,998.4232
pressure,1.788,998.4092
pressure,1.939,998.4068
pressure,2.099,998.4115
pressure,2.259,998.41785
pressure,2.426,998.41425
pressure,2.579,998.39874
pressure,2.742,998.4183
pressure,2.899,998.4502
pressure,3.059,998.43506
pressure,3.223,998.4323
pressure,3.386,998.44165
pressure,3.539,998.4283
pressure,3.707,998.41003
pressure,3.859,998.4236
pressure,4.02,998.4419
pressure,4.18,998.4266
pressure,4.339,998.4247
pressure,4.499,998.4485
pressure,4.671,998.4614
pressure,4.822,998.4396
pressure,4.979,998.42786
pressure,5.14,998.44104
pressure,5.299,998.44806
pressure,5.464,998.43744
pressure,5.619,998.44696
pressure,5.779,998.44696
pressure,5.939,998.4372
pressure,6.099,998.43634
pressure,6.262,998.4485
pressure,6.419,998.43915
pressure,6.579,998.4321
pressure,6.742,998.44336
pressure,6.906,998.4449
pressure,7.059,998.43085
pressure,7.219,998.44165
pressure,7.382,998.4627
pressure,7.54,998.4604
pressure,7.699,998.4438
pressure,7.859,998.4438
pressure,8.019,998.4404
pressure,8.179,998.4317
pressure,8.345,998.43384
pressure,8.5,998.4408
pressure,8.659,998.43445
pressure,8.819,998.4287
pressure,8.985,998.43506
pressure,9.14,998.4313
pressure,9.299,998.41956
pressure,9.463,998.4191
pressure,9.619,998.42596
pressure,9.786,998.42426
pressure,9.939,998.42914
pressure,10.1,998.44574
pressure,10.259,998.45105
pressure,10.423,998.43976
pressure,10.583,998.44806
pressure,10.739,998.4485
pressure,10.906,998.43146
pressure,11.06,998.4293
pressure,11.219,998.44446
pressure,11.379,998.4313
pressure,11.54,998.4164
pressure,11.7,998.4353
pressure,11.859,998.45844
pressure,12.019,998.4421
pressure,12.179,998.45123
pressure,12.34,998.4623
pressure,12.507,998.4489
pressure,12.659,998.43
pressure,12.819,998.44763
pressure,12.983,998.4504
pressure,13.147,998.4419
pressure,13.299,998.4404
pressure,13.459,998.4353
pressure,13.619,998.4293
pressure,13.779,998.4302
pressure,13.947,998.43317
pressure,14.103,998.42255
pressure,14.259,998.4115
pressure,14.429,998.42444
pressure,14.588,998.4253
pressure,14.739,998.42126
pressure,14.899,998.4268
pressure,15.059,998.43634
pressure,15.219,998.4257
pressure,15.379,998.4221
pressure,15.539,998.4293
pressure,15.699,998.4268
pressure,15.866,998.4181
pressure,16.019,998.4306
pressure,16.179,998.43787
pressure,16.339,998.4323
pressure,16.499,998.43384
pressure,16.659,998.44763
pressure,16.819,998.43427
pressure,16.98,998.4281
pressure,17.139,998.43744
pressure,17.299,998.4387
pressure,17.462,998.4283
pressure,17.625,998.44574
pressure,17.779,998.4644
pressure,17.939,998.4572
pressure,18.099,998.4408
pressure,18.259,998.43933
pressure,18.419,998.43
pressure,18.579,998.4232
pressure,18.748,998.42615
pressure,18.899,998.42084
pressure,19.059,998.4043
pressure,19.219,998.41364
pressure,19.379,998.4319
pressure,19.543,998.43616
pressure,19.703,998.4515
pressure,19.859,998.4965
pressure,20.02,998.4863
pressure,20.183,998.44617
pressure,20.339,998.43274
pressure,20.499,998.4402
pressure,20.659,998.42426
pressure,20.819,998.42725
pressure,20.983,998.44653
pressure,21.139,998.44653
pressure,21.299,998.4319
pressure,21.459,998.43634
pressure,21.619,998.4304
pressure,21.786,998.41046
pressure,21.939,998.41534
pressure,22.099,998.4349
pressure,22.259,998.4372
pressure,22.425,998.41785
pressure,22.586,998.4115
pressure,22.739,998.4079
pressure,22.899,998.41406
pressure,23.065,998.4355
pressure,23.222,998.43805
pressure,23.379,998.42896
pressure,23.54,998.42236
pressure,23.699,998.4211
pressure,23.859,998.42194
pressure,24.019,998.42554
pressure,24.179,998.4281
pressure,24.339,998.42896
pressure,24.499,998.42975
pressure,24.659,998.4306
pressure,24.819,998.42975
pressure,24.979,998.42957
pressure,25.139,998.43256
pressure,25.299,998.43634
pressure,25.459,998.43677
pressure,25.619,998.4359
pressure,25.779,998.4372
pressure,25.939,998.4404
pressure,26.102,998.4421
pressure,26.259,998.4406
pressure,26.419,998.44147
pressure,26.585,998.44336
pressure,26.739,998.44293
pressure,26.899,998.44617
pressure,27.059,998.4502
pressure,27.219,998.4432
pressure,27.381,998.4387
pressure,27.539,998.4366
pressure,27.699,998.43274
pressure,27.859,998.433
pressure,28.021,998.43976
pressure,28.179,998.4402
pressure,28.339,998.44446
pressure,28.499,998.45105
pressure,28.659,998.4506
pressure,28.821,998.44696
pressure,28.979,998.44617
pressure,29.139,998.4425
pressure,29.299,998.4321
pressure,29.459,998.424
pressure,29.619,998.42957
pressure,29.779,998.42786
pressure,29.939,998.4247
pressure,30.099,998.4293
pressure,30.269,998.4389
pressure,30.419,998.4359
pressure,30.579,998.434
pressure,30.739,998.43744
pressure,30.909,998.4347
pressure,31.059,998.4238
pressure,31.219,998.4268
pressure,31.379,998.43146
pressure,31.539,998.431
pressure,31.699,998.4304
pressure,31.859,998.4366
pressure,32.019,998.4372
pressure,32.179,998.43787
pressure,32.339,998.44336
pressure,32.499,998.4396
pressure,32.659,998.4228
pressure,32.819,998.42596
pressure,32.979,998.43506
pressure,33.14,998.434
pressure,33.299,998.43274
pressure,33.459,998.4404
pressure,33.619,998.4376
pressure,33.78,998.4347
pressure,33.939,998.4412
pressure,34.099,998.45526
pressure,34.259,998.45483
pressure,34.419,998.4506
pressure,34.579,998.4593
pressure,34.739,998.4597
pressure,34.899,998.44995
pressure,35.059,998.44696
pressure,35.219,998.4485
pressure,35.379,998.4396
pressure,35.539,998.4355
pressure,35.699,998.4404
pressure,35.859,998.4472
pressure,36.019,998.4472
pressure,36.179,998.43915
pressure,36.339,998.43384
pressure,36.499,998.4347
pressure,36.659,998.4412
pressure,36.819,998.43976
pressure,36.979,998.44446
pressure,37.139,998.45526
pressure,37.3,998.4538
pressure,37.461,998.44165
pressure,37.619,998.4491
pressure,37.779,998.4525
pressure,37.939,998.4502
pressure,38.099,998.4551
pressure,38.259,998.4659
pressure,38.419,998.464
pressure,38.579,998.46295
pressure,38.739,998.4634
pressure,38.899,998.4561
pressure,39.06,998.4432
pressure,39.219,998.44617
pressure,39.379,998.45105
pressure,39.54,998.4519
pressure,39.699,998.45166
pressure,39.86,998.4561
pressure,40.02,998.4519
pressure,40.183,998.4442
pressure,40.34,998.44635
pressure,40.502,998.45294
pressure,40.659,998.45123
pressure,40.819,998.44867
pressure,40.979,998.454
pressure,41.139,998.45355
pressure,41.299,998.44446
pressure,41.459,998.44336
pressure,41.619,998.4436
pressure,41.779,998.43744
pressure,41.939,998.4366
pressure,42.099,998.4432
pressure,42.259,998.44635
pressure,42.419,998.4389
pressure,42.579,998.4408
pressure,42.739,998.4425
pressure,42.899,998.43805
pressure,43.059,998.4357
pressure,43.223,998.4412
pressure,43.379,998.44403
pressure,43.539,998.44
pressure,43.699,998.43634
pressure,43.859,998.4387
pressure,44.019,998.4389
pressure,44.179,998.4355
pressure,44.34,998.4372
pressure,44.507,998.44275
pressure,44.66,998.4438
pressure,44.819,998.4449
pressure,44.979,998.4506
pressure,45.139,998.4504
pressure,45.299,998.44275
pressure,45.459,998.4389
pressure,45.619,998.43744
pressure,45.779,998.4319
pressure,45.939,998.433
pressure,46.103,998.44336
pressure,46.26,998.45654
pressure,46.419,998.45294
pressure,46.579,998.4453
pressure,46.739,998.4436
pressure,46.901,998.4453
pressure,47.059,998.4385
pressure,47.219,998.44147
pressure,47.385,998.44824
pressure,47.539,998.44763
pressure,47.699,998.44293
pressure,47.859,998.44507
pressure,48.019,998.4453
pressure,48.182,998.4387
pressure,48.347,998.4408
pressure,48.499,998.4523
pressure,48.659,998.45636
pressure,48.819,998.4489
pressure,48.979,998.44977
pressure,49.139,998.45105
pressure,49.3,998.4453
pressure,49.459,998.4436
pressure,49.619,998.4491
pressure,49.779,998.44806
pressure,49.939,998.4459
pressure,50.099,998.4491
pressure,50.266,998.4544
pressure,50.419,998.4459
pressure,50.579,998.4459
pressure,50.74,998.4508
pressure,50.899,998.44824
pressure,51.059,998.4423
pressure,51.219,998.4504
pressure,51.379,998.45764
pressure,51.54,998.45483
pressure,51.699,998.4521
pressure,51.859,998.4568
pressure,52.019,998.4587
pressure,52.179,998.45483
pressure,52.347,998.458
pressure,52.503,998.46295
pressure,52.659,998.4561
pressure,52.819,998.45465
pressure,52.979,998.4644
pressure,53.139,998.4663
pressure,53.299,998.4604
pressure,53.459,998.4621
pressure,53.619,998.46356
pressure,53.779,998.45593
pressure,53.939,998.4544
pressure,54.099,998.4627
pressure,54.259,998.4706
pressure,54.42,998.4687
pressure,54.579,998.4691
pressure,54.739,998.46783
pressure,54.899,998.4593
pressure,55.059,998.45123
pressure,55.219,998.4587
pressure,55.381,998.45886
pressure,55.539,998.4523
pressure,55.7,998.4531
pressure,55.86,998.45844
pressure,56.019,998.44806
pressure,56.179,998.44696
pressure,56.339,998.44806
pressure,56.499,998.4436
pressure,56.659,998.43933
pressure,56.819,998.4519
pressure,56.979,998.47485
device_yaw,0.003,105.63720175989278
device_yaw,0.053,105.40471900981763
device_yaw,0.103,105.03730604224273
device_yaw,0.153,104.5233104701762
device_yaw,0.203,103.78022142751215
device_yaw,0.253,103.00262306595728
device_yaw,0.303,101.84062848795521
device_yaw,0.353,100.50376523596319
device_yaw,0.403,98.83831893690136
device_yaw,0.453,96.80911527261084
device_yaw,0.503,94.3325929531817
device_yaw,0.553,91.48901642963581
device_yaw,0.603,88.23915840185673
device_yaw,0.653,84.61756277209845
device_yaw,0.703,80.77095417765433
device_yaw,0.753,76.86892065973198
device_yaw,0.803,72.87989455202593
device_yaw,0.853,68.71831038810289
device_yaw,0.903,64.57762375961269
device_yaw,0.953,60.61589289623607
device_yaw,1.003,56.892350066703074
device_yaw,1.053,53.55216587342395
device_yaw,1.103,50.52835132625284
device_yaw,1.153,47.915834779191876
device_yaw,1.203,45.7428531891456
device_yaw,1.253,43.83692160891088
device_yaw,1.303,42.18194691104345
device_yaw,1.353,40.709930702727625
device_yaw,1.403,39.365264137693266
device_yaw,1.453,38.267918230968036
device_yaw,1.503,37.382130760862644
device_yaw,1.553,36.73484202672849
device_yaw,1.603,36.20683600924568
device_yaw,1.653,35.76511928671881
device_yaw,1.703,35.39418650874894
device_yaw,1.753,34.97991387484572
device_yaw,1.803,34.52768696707577
device_yaw,1.853,33.95968459543774
device_yaw,1.903,33.26691401557825
device_yaw,1.953,32.55723154771112
device_yaw,2.003,31.61153738546361
device_yaw,2.053,30.430428158488606
device_yaw,2.103,28.96285220179094
device_yaw,2.153,27.223829467754946
device_yaw,2.203,25.233103796427518
device_yaw,2.253,23.080276779744967
device_yaw,2.303,20.854243948848094
device_yaw,2.353,18.675947761765983
device_yaw,2.403,16.651565793447638
device_yaw,2.453,14.751550250496093
device_yaw,2.503,13.077667820441276
device_yaw,2.553,11.624316932315109
device_yaw,2.603,10.13907376967261
device_yaw,2.653,8.615273307958617
device_yaw,2.703,6.976526396632885
device_yaw,2.753,5.503121685217217
device_yaw,2.803,4.212045757060109
device_yaw,2.853,3.0358447502246446
device_yaw,2.903,2.046575935881729
device_yaw,2.953,1.0033901689622247
device_yaw,3.003,0.002751257926047256
device_yaw,3.053,-1.0388057023403319
device_yaw,3.103,-2.0229109557434324
device_yaw,3.153,-2.6415038394635273
device_yaw,3.203,-2.8821758720587565
device_yaw,3.253,-2.663793769247273
device_yaw,3.303,-2.2843032348076147
device_yaw,3.353,-1.9093636573115633
device_yaw,3.403,-1.5487113861976096
device_yaw,3.453,-1.2486510838790725
device_yaw,3.503,-0.8290917093225096
device_yaw,3.553,-0.4455219575526671
device_yaw,3.603,-0.17698422562473876
device_yaw,3.653,-0.16610932411226367
device_yaw,3.703,-0.47690755077663255
device_yaw,3.753,-1.097217305374357
device_yaw,3.803,-2.017477882961291
device_yaw,3.853,-3.3019388113062704
device_yaw,3.903,-4.852842651278224
device_yaw,3.953,-6.445463118097231
device_yaw,4.003,-7.985994543944395
device_yaw,4.053,-9.400527608822914
device_yaw,4.103,-10.552168454734831
device_yaw,4.153,-11.56222423742026
device_yaw,4.203,-12.285356027592474
device_yaw,4.253,-12.733637883942743
device_yaw,4.303,-12.885210811969761
device_yaw,4.353,-12.707097748725216
device_yaw,4.403,-12.159921778419188
device_yaw,4.453,-11.358733365798946
device_yaw,4.503,-10.426978505821882
device_yaw,4.553,-9.530213676341894
device_yaw,4.603,-8.816488705800015
device_yaw,4.653,-8.293184703176824
device_yaw,4.703,-7.977146681327526
device_yaw,4.753,-7.852396146858294
device_yaw,4.803,-7.935987974204523
device_yaw,4.853,-8.201314808878891
device_yaw,4.903,-8.683171836639143
device_yaw,4.953,-9.297838101306237
device_yaw,5.003,-9.96595086976386
device_yaw,5.053,-10.640344138731578
device_yaw,5.103,-11.190490852634413
device_yaw,5.153,-11.48775144674843
device_yaw,5.203,-11.597128447860248
device_yaw,5.253,-11.361390794571234
device_yaw,5.303,-10.84225048816492
device_yaw,5.353,-9.979004908928045
device_yaw,5.403,-8.873974270912928
device_yaw,5.453,-7.532080351982483
device_yaw,5.503,-5.956387354648734
device_yaw,5.553,-4.215137202241928
device_yaw,5.603,-2.4566070232193766
device_yaw,5.653,-0.81646657399707
device_yaw,5.703,0.6135033221176958
device_yaw,5.753,1.8346985170289865
device_yaw,5.803,2.8298504807341907
device_yaw,5.853,3.4797184444911213
device_yaw,5.903,3.79079279257622
device_yaw,5.953,3.8218869758627263
device_yaw,6.003,3.5062701030183736
device_yaw,6.053,2.7363083775172465
device_yaw,6.103,1.6274384168335487
device_yaw,6.153,0.2812633663141316
device_yaw,6.203,-1.219360698139929
device_yaw,6.253,-2.6886122352741846
device_yaw,6.303,-4.01779513831266
device_yaw,6.353,-5.176877013060224
device_yaw,6.403,-6.113330321142533
device_yaw,6.453,-6.66778981700364
device_yaw,6.503,-6.8992454911824925
device_yaw,6.553,-6.825502493632237
device_yaw,6.603,-6.407056845759592
device_yaw,6.653,-5.636293600681636
device_yaw,6.703,-4.587788104878921
device_yaw,6.753,-3.3773072148159358
device_yaw,6.803,-2.2411564304058427
device_yaw,6.853,-1.3239181338170427
device_yaw,6.903,-0.6328167029818826
device_yaw,6.953,-0.16941368008216895
device_yaw,7.003,-0.14227504986585818
device_yaw,7.053,-0.40789466808578534
device_yaw,7.103,-0.9581338347307302
device_yaw,7.153,-1.8134089757680776
device_yaw,7.203,-2.9353889148256016
device_yaw,7.253,-4.155393365973904
device_yaw,7.303,-5.362619414298191
device_yaw,7.353,-6.4032527494973825
device_yaw,7.403,-7.188514752751228
device_yaw,7.453,-7.857824962939807
device_yaw,7.503,-8.324462919743851
device_yaw,7.553,-8.524978914012355
device_yaw,7.603,-8.517622807904784
device_yaw,7.653,-8.247283573030659
device_yaw,7.703,-7.716681654314251
device_yaw,7.753,-7.021650320050242
device_yaw,7.803,-6.276295731868799
device_yaw,7.853,-5.572845566930774
device_yaw,7.903,-5.016075343302794
device_yaw,7.953,-4.653798328845293
device_yaw,8.003,-4.311513534449921
device_yaw,8.053,-4.046415464734552
device_yaw,8.103,-3.9155097990171
device_yaw,8.153,-3.8834901548677663
device_yaw,8.203,-3.9453051651804256
device_yaw,8.253,-4.119430091235657
device_yaw,8.303,-4.383160159632407
device_yaw,8.353,-4.713028402503524
device_yaw,8.403,-5.055783354241432
device_yaw,8.453,-5.327510046428873
device_yaw,8.503,-5.476867713542089
device_yaw,8.553,-5.550971223589972
device_yaw,8.603,-5.503948111608013
device_yaw,8.653,-5.381266433888059
device_yaw,8.703,-5.234443715509797
device_yaw,8.753,-4.978418183631355
device_yaw,8.803,-4.594171281550846
device_yaw,8.853,-4.113722562780533
device_yaw,8.903,-3.5978872662355057
device_yaw,8.953,-3.113240770672604
device_yaw,9.003,-2.763061560271609
device_yaw,9.053,-2.5083096477234132
device_yaw,9.103,-2.3892270954265222
device_yaw,9.153,-2.335546761471102
device_yaw,9.203,-2.2129094347971896
device_yaw,9.253,-2.1278273320986063
device_yaw,9.303,-2.2033718224527346
device_yaw,9.353,-2.5470335389697585
device_yaw,9.403,-3.028286447185075
device_yaw,9.453,-3.531680177951946
device_yaw,9.503,-3.9668417486669667
device_yaw,9.553,-4.157620259821921
device_yaw,9.603,-4.200863877646454
device_yaw,9.653,-4.08981402292583
device_yaw,9.703,-3.9486919127729836
device_yaw,9.753,-3.7219408733280006
device_yaw,9.803,-3.434618196797237
device_yaw,9.853,-3.113392124414012
device_yaw,9.903,-2.5995024079387505
device_yaw,9.953,-1.9408130045238159
device_yaw,10.003,-1.253572763708137
device_yaw,10.053,-0.7089898213559125
device_yaw,10.103,-0.38950318381658433
device_yaw,10.153,-0.24027432641829913
device_yaw,10.203,-0.2212334840533252
device_yaw,10.253,-0.35267770091925144
device_yaw,10.303,-0.7232010922296831
device_yaw,10.353,-1.2072942083951164
device_yaw,10.403,-1.8256397793164891
device_yaw,10.453,-2.784209738034379
device_yaw,10.503,-4.07577333426671
device_yaw,10.553,-5.462485842538657
device_yaw,10.603,-6.733221702482878
device_yaw,10.653,-7.836343134952433
device_yaw,10.703,-8.830007339263744
device_yaw,10.753,-9.718747182988762
device_yaw,10.803,-10.4609921599586
device_yaw,10.853,-10.986410429164025
device_yaw,10.903,-11.374839471954823
device_yaw,10.953,-11.52696947400331
device_yaw,11.003,-11.21425235589456
device_yaw,11.053,-10.52333828858555
device_yaw,11.103,-9.742116970859367
device_yaw,11.153,-9.06627226684379
device_yaw,11.203,-8.519063706995798
device_yaw,11.253,-8.075552831637644
device_yaw,11.303,-7.801679658377975
device_yaw,11.353,-7.690951964159322
device_yaw,11.403,-7.757029032921927
device_yaw,11.453,-7.889876696582362
device_yaw,11.503,-8.14059284981907
device_yaw,11.553,-8.613600022889253
device_yaw,11.603,-9.297042503159119
device_yaw,11.653,-10.0984476056114
device_yaw,11.703,-10.832662235288792
device_yaw,11.753,-11.495739866897496
device_yaw,11.803,-12.036304514101344
device_yaw,11.853,-12.422541118657152
device_yaw,11.903,-12.55248781110784
device_yaw,11.953,-12.498274122478504
device_yaw,12.003,-12.324016496885246
device_yaw,12.053,-11.983967382441683
device_yaw,12.103,-11.31400381088687
device_yaw,12.153,-10.367682052381172
device_yaw,12.203,-9.242500360658171
device_yaw,12.253,-8.06683609168685
device_yaw,12.303,-7.007747111448322
device_yaw,12.353,-6.109112174814173
device_yaw,12.403,-5.470705100191938
device_yaw,12.453,-5.212139258606421
device_yaw,12.503,-5.381510527858302
device_yaw,12.553,-5.904425208741464
device_yaw,12.603,-6.835598264497503
device_yaw,12.653,-8.20192723759189
device_yaw,12.703,-10.037946409123101
device_yaw,12.753,-12.15516472682989
device_yaw,12.803,-14.333831227987464
device_yaw,12.853,-16.34950819824097
device_yaw,12.903,-18.208237573642716
device_yaw,12.953,-19.816341580730416
device_yaw,13.003,-20.981846323530736
device_yaw,13.053,-21.707319433953902
device_yaw,13.103,-21.986966263117644
device_yaw,13.153,-21.805407715072025
device_yaw,13.203,-21.245563092426433
device_yaw,13.253,-20.264541301785506
device_yaw,13.303,-18.99884724715985
device_yaw,13.353,-17.666504210130228
device_yaw,13.403,-16.39435954997851
device_yaw,13.453,-15.18171879440703
device_yaw,13.503,-14.030796133768952
device_yaw,13.553,-13.08211789261794
device_yaw,13.603,-12.252760170958556
device_yaw,13.653,-11.49478109136375
device_yaw,13.703,-10.96133468608128
device_yaw,13.753,-10.728338159782501
device_yaw,13.803,-10.710834360417165
device_yaw,13.853,-10.803937530042525
device_yaw,13.903,-10.91888727928928
device_yaw,13.953,-11.049505936355171
device_yaw,14.003,-11.185327634863176
device_yaw,14.053,-11.364227715398505
device_yaw,14.103,-11.504059197265635
device_yaw,14.153,-11.68868892860251
device_yaw,14.203,-11.910327894608093
device_yaw,14.253,-12.063575431736563
device_yaw,14.303,-12.074088837136923
device_yaw,14.353,-11.918424965652894
device_yaw,14.403,-11.705118572889626
device_yaw,14.453,-11.558687727851533
device_yaw,14.503,-11.446331105682583
device_yaw,14.553,-11.433899524717631
device_yaw,14.603,-11.429897719212294
device_yaw,14.653,-11.539654911206126
device_yaw,14.703,-11.705452045100476
device_yaw,14.753,-11.987976444685563
device_yaw,14.803,-12.411094121282167
device_yaw,14.853,-12.951706366606675
device_yaw,14.903,-13.600205304793434
device_yaw,14.953,-14.252124003940668
device_yaw,15.003,-14.786065342622674
device_yaw,15.053,-15.177049075273395
device_yaw,15.103,-15.378750869098514
device_yaw,15.153,-15.473579657786244
device_yaw,15.203,-15.34431602100933
device_yaw,15.253,-15.099976103536983
device_yaw,15.303,-14.699606316300589
device_yaw,15.353,-14.063304487217748
device_yaw,15.403,-13.196263478701267
device_yaw,15.453,-12.186882950160662
device_yaw,15.503,-11.05066891713163
device_yaw,15.553,-9.90762404842265
device_yaw,15.603,-8.88009270937651
device_yaw,15.653,-8.001125612375656
device_yaw,15.703,-7.245325194118606
device_yaw,15.753,-6.707751800365788
device_yaw,15.803,-6.298867298484424
device_yaw,15.853,-6.086053458318849
device_yaw,15.903,-6.087510160802413
device_yaw,15.953,-6.368442537780395
device_yaw,16.003,-6.882925559522405
device_yaw,16.053,-7.585084934529187
device_yaw,16.103,-8.433356760618404
device_yaw,16.153,-9.21854570015917
device_yaw,16.203,-9.896925673937197
device_yaw,16.253,-10.52089629520117
device_yaw,16.303,-11.042442311525015
device_yaw,16.353,-11.521550978372526
device_yaw,16.403,-12.040307697539141
device_yaw,16.453,-12.633645446066977
device_yaw,16.503,-13.372905625944407
device_yaw,16.553,-14.318943119761057
device_yaw,16.603,-15.46626522371103
device_yaw,16.653,-16.996159982200734
device_yaw,16.703,-18.931879633078868
device_yaw,16.753,-21.13988906494013
device_yaw,16.803,-23.495196441634707
device_yaw,16.853,-25.988985680503696
device_yaw,16.903,-28.505523382339753
device_yaw,16.953,-31.011232554389224
device_yaw,17.003,-33.53132649868877
device_yaw,17.053,-35.91097831260897
device_yaw,17.103,-37.98163847100315
device_yaw,17.153,-39.59103398905021
device_yaw,17.203,-40.3486295869384
device_yaw,17.253,-40.49754862168138
device_yaw,17.303,-40.345381995882164
device_yaw,17.353,-39.88484864801284
device_yaw,17.403,-39.16809852521714
device_yaw,17.453,-38.372561005670995
device_yaw,17.503,-37.428137402704124
device_yaw,17.553,-36.24397354988245
device_yaw,17.603,-34.817119364842135
device_yaw,17.653,-33.26066634224589
device_yaw,17.703,-31.811385949500963
device_yaw,17.753,-30.667460081218
device_yaw,17.803,-29.67814084522546
device_yaw,17.853,-28.768299371169846
device_yaw,17.903,-27.926105573670608
device_yaw,17.953,-27.191543094377607
device_yaw,18.003,-26.429895437059
device_yaw,18.053,-25.727132233804852
device_yaw,18.103,-25.09946797577893
device_yaw,18.153,-24.52283544107053
device_yaw,18.203,-23.93933427093007
device_yaw,18.253,-23.301738552408768
device_yaw,18.303,-22.50192911128916
device_yaw,18.353,-21.630367558466794
device_yaw,18.403,-20.72344986456775
device_yaw,18.453,-19.691988734841775
device_yaw,18.503,-18.58362951370414
device_yaw,18.553,-17.326225830465354
device_yaw,18.603,-15.914927100931475
device_yaw,18.653,-14.41802272413084
device_yaw,18.703,-12.952956455760575
device_yaw,18.753,-11.601824822321433
device_yaw,18.803,-10.422610505401543
device_yaw,18.853,-9.569839550590693
device_yaw,18.903,-9.102925909027892
device_yaw,18.953,-8.791175216734615
device_yaw,19.003,-8.871525705933978
device_yaw,19.053,-9.238843497067737
device_yaw,19.103,-9.926934424368719
device_yaw,19.153,-10.91748487660661
device_yaw,19.203,-12.083191863360831
device_yaw,19.253,-13.467367225162223
device_yaw,19.303,-15.042466235671567
device_yaw,19.353,-16.66245420449507
device_yaw,19.403,-18.208264593549547
device_yaw,19.453,-19.433294475420013
device_yaw,19.503,-20.43578589038076
device_yaw,19.553,-20.961358101280013
device_yaw,19.603,-20.951478635773057
device_yaw,19.653,-20.649558180074504
device_yaw,19.703,-20.108655791537288
device_yaw,19.753,-19.426057692888225
device_yaw,19.803,-18.50976574860538
device_yaw,19.853,-17.374335070902024
device_yaw,19.903,-16.2642707984399
device_yaw,19.953,-15.215285427141659
device_yaw,20.003,-14.306098341840219
device_yaw,20.053,-13.661702697302282
device_yaw,20.103,-13.412872131523699
device_yaw,20.153,-13.579868555910291
device_yaw,20.203,-13.945622909443944
device_yaw,20.253,-14.551600191042974
device_yaw,20.303,-15.319744590027085
device_yaw,20.353,-16.13670639353218
device_yaw,20.403,-16.929585122260224
device_yaw,20.453,-17.56107896936338
device_yaw,20.503,-17.937803110994412
device_yaw,20.553,-18.216926699979123
device_yaw,20.603,-18.3270929158327
device_yaw,20.653,-18.161362688711197
device_yaw,20.703,-17.72540409412345
device_yaw,20.753,-17.07200623325466
device_yaw,20.803,-16.171252460146693
device_yaw,20.853,-15.037586802582103
device_yaw,20.903,-13.751214470545369
device_yaw,20.953,-12.494927021872288
device_yaw,21.003,-11.28803563071443
device_yaw,21.053,-10.155370580454855
device_yaw,21.103,-8.921421581766412
device_yaw,21.153,-7.676715203526277
device_yaw,21.203,-6.647052432875291
device_yaw,21.253,-5.882607879345994
device_yaw,21.303,-5.415463041537105
device_yaw,21.353,-5.200285432093502
device_yaw,21.403,-5.208182261742903
device_yaw,21.453,-5.386927900793143
device_yaw,21.503,-5.553163958706867
device_yaw,21.553,-5.586148234290513
device_yaw,21.603,-5.527057451738285
device_yaw,21.653,-5.458516884992029
device_yaw,21.703,-5.257975600006022
device_yaw,21.753,-4.798610495768806
device_yaw,21.803,-4.04935500120599
device_yaw,21.853,-2.989961269070595
device_yaw,21.903,-1.5724358618510446
device_yaw,21.953,0.09804785856058486
device_yaw,22.003,1.950557941210934
device_yaw,22.053,3.918182749998685
device_yaw,22.103,5.850362063562671
device_yaw,22.153,7.713890014154966
device_yaw,22.203,9.49450108391638
device_yaw,22.253,11.16726268613017
device_yaw,22.303,12.748005951889901
device_yaw,22.353,14.186178782873048
device_yaw,22.403,15.467278365122183
device_yaw,22.453,16.581646348325606
device_yaw,22.503,17.583952660454216
device_yaw,22.553,18.51821229353058
device_yaw,22.603,19.5381850485384
device_yaw,22.653,20.718642537840626
device_yaw,22.703,22.09801832975599
device_yaw,22.753,23.620176306539978
device_yaw,22.803,25.319131655983938
device_yaw,22.853,27.315924275335195
device_yaw,22.903,29.434255565133263
device_yaw,22.953,31.76605939493736
device_yaw,23.003,34.31362641922779
device_yaw,23.053,37.02414088270277
device_yaw,23.103,39.851375039434586
device_yaw,23.153,42.672723508545246
device_yaw,23.203,45.44830347604247
device_yaw,23.253,48.05692715288322
device_yaw,23.303,50.52160311336761
device_yaw,23.353,52.815805008634285
device_yaw,23.403,54.674308100195496
device_yaw,23.453,56.3968696090383
device_yaw,23.503,57.88032351914185
device_yaw,23.553,59.138907918020934
device_yaw,23.603,60.25578420165429
device_yaw,23.653,61.24884839693396
device_yaw,23.703,62.127363197040445
device_yaw,23.753,62.86662312094921
device_yaw,23.803,63.52552670907328
device_yaw,23.853,64.14756249894491
device_yaw,23.903,64.73856689479364
device_yaw,23.953,65.38677241785396
device_yaw,24.003,65.96816030932726
device_yaw,24.053,66.54392040577183
device_yaw,24.103,67.07963123411285
device_yaw,24.153,67.5543005791324
device_yaw,24.203,67.93760640677756
device_yaw,24.253,68.2107009870078
device_yaw,24.303,68.36608034658592
device_yaw,24.353,68.39925324804834
device_yaw,24.403,68.31592901999805
device_yaw,24.453,68.1341087732957
device_yaw,24.503,67.83639276896092
device_yaw,24.553,67.43544095305697
device_yaw,24.603,66.86673339906527
device_yaw,24.653,66.10991231382272
device_yaw,24.703,65.17265095398787
device_yaw,24.753,64.18906069339053
device_yaw,24.803,63.2300332125156
device_yaw,24.853,62.325893256550216
device_yaw,24.903,61.56576403415415
device_yaw,24.953,61.04119737528013
device_yaw,25.003,60.70344957962968
device_yaw,25.053,60.565716289706735
device_yaw,25.103,60.82254076962468
device_yaw,25.153,61.48748261542721
device_yaw,25.203,62.50082996445817
device_yaw,25.253,63.799672072902354
device_yaw,25.303,65.34608164624555
device_yaw,25.353,67.07714206620187
device_yaw,25.403,69.01078706829843
device_yaw,25.453,71.10006941066644
device_yaw,25.503,73.30517926128923
device_yaw,25.553,75.61174072938336
device_yaw,25.603,78.09715063880002
device_yaw,25.653,80.60036475581586
device_yaw,25.703,83.10166917666426
device_yaw,25.753,85.6907561143058
device_yaw,25.803,88.49173416586804
device_yaw,25.853,91.45679505671593
device_yaw,25.903,94.53879651649184
device_yaw,25.953,97.64671058375224
device_yaw,26.003,100.89659832882283
device_yaw,26.053,104.2058923183177
device_yaw,26.103,107.55603521629406
device_yaw,26.153,110.83793821270457
device_yaw,26.203,113.98309055450532
device_yaw,26.253,117.13685592317884
device_yaw,26.303,120.32160173442193
device_yaw,26.353,123.50567176337994
device_yaw,26.403,126.6580161059927
device_yaw,26.453,129.71796894197027
device_yaw,26.503,132.73536571834074
device_yaw,26.553,135.59478492544014
device_yaw,26.603,138.30644297137562
device_yaw,26.653,140.8543509350053
device_yaw,26.703,143.26709907503147
device_yaw,26.753,145.46088073738076
device_yaw,26.803,147.14635740638235
device_yaw,26.853,148.21971678536198
device_yaw,26.903,148.67964843949622
device_yaw,26.953,148.382143662051
device_yaw,27.003,147.30270597394028
device_yaw,27.053,145.4759249839865
device_yaw,27.103,143.02950202180003
device_yaw,27.153,140.14409806609052
device_yaw,27.203,136.90872011751517
device_yaw,27.253,133.398687275958
device_yaw,27.303,129.7438539009161
device_yaw,27.353,126.20596191113454
device_yaw,27.403,122.89116977782496
device_yaw,27.453,119.70910124687471
device_yaw,27.503,116.85786924424464
device_yaw,27.553,114.37252117333479
device_yaw,27.603,112.18216643133734
device_yaw,27.653,110.00483632331239
device_yaw,27.703,107.5966918965306
device_yaw,27.753,104.94321765935179
device_yaw,27.803,102.00376796718692
device_yaw,27.853,98.82010431705513
device_yaw,27.903,95.33593708263206
device_yaw,27.953,91.478409046649
device_yaw,28.003,87.30701000863887
device_yaw,28.053,82.89758546071495
device_yaw,28.103,78.27016050670305
device_yaw,28.153,73.58810478816723
device_yaw,28.203,68.90551093257638
device_yaw,28.253,64.3247532571369
device_yaw,28.303,59.94273166837213
device_yaw,28.353,55.710674241472596
device_yaw,28.403,51.69577249632019
device_yaw,28.453,48.12514298891795
device_yaw,28.503,45.08388661180957
device_yaw,28.553,42.63204856505461
device_yaw,28.603,40.70182287421864
device_yaw,28.653,39.17097643812637
device_yaw,28.703,38.166407794071745
device_yaw,28.753,37.62814240994202
device_yaw,28.803,37.59354170789905
device_yaw,28.853,38.03116873818166
device_yaw,28.903,38.93172854170044
device_yaw,28.953,40.14050962518137
device_yaw,29.003,41.39149880197538
device_yaw,29.053,42.633293743514585
device_yaw,29.103,43.768581825783606
device_yaw,29.153,44.77246548190676
device_yaw,29.203,45.830446855043306
device_yaw,29.253,46.67418952942233
device_yaw,29.303,47.36855932409142
device_yaw,29.353,47.917109017652926
device_yaw,29.403,48.222805289335014
device_yaw,29.453,48.30617011586437
device_yaw,29.503,48.21476006477019
device_yaw,29.553,48.01051815840527
device_yaw,29.603,47.77490627046354
device_yaw,29.653,47.56335475772925
device_yaw,29.703,47.33832146464653
device_yaw,29.753,47.12025324681795
device_yaw,29.803,46.950041332356705
device_yaw,29.853,46.92097877644985
device_yaw,29.903,46.908979210072104
device_yaw,29.953,47.04258653236207
device_yaw,30.003,47.346452325995685
device_yaw,30.053,47.78102192894064
device_yaw,30.103,48.27717257924273
device_yaw,30.153,48.78518140226115
device_yaw,30.203,49.267688389994056
device_yaw,30.253,49.72406841627894
device_yaw,30.303,50.153389861007554
device_yaw,30.353,50.531727031109426
device_yaw,30.403,50.83761747090918
device_yaw,30.453,51.170143043419564
device_yaw,30.503,51.42836901314838
device_yaw,30.553,51.56325066684626
device_yaw,30.603,51.622789146215744
device_yaw,30.653,51.64596487251577
device_yaw,30.703,51.66030684489124
device_yaw,30.753,51.72446848356387
device_yaw,30.803,51.882215055481126
device_yaw,30.853,52.14312809776184
device_yaw,30.903,52.40271855093804
device_yaw,30.953,52.7802317503809
device_yaw,31.003,53.18005210997274
device_yaw,31.053,53.64473229998654
device_yaw,31.103,54.179220425737725
device_yaw,31.153,54.75195830682135
device_yaw,31.203,55.32437081183297
device_yaw,31.253,55.831201845633835
device_yaw,31.303,56.211465671570934
device_yaw,31.353,56.423441017394765
device_yaw,31.403,56.51442579312536
device_yaw,31.453,56.77905909951139
device_yaw,31.503,57.063396524674026
device_yaw,31.553,57.275760738086795
device_yaw,31.603,57.34268397245592
device_yaw,31.653,57.23598894649472
device_yaw,31.703,56.88143685749188
device_yaw,31.753,56.35423381566752
device_yaw,31.803,55.76506819511189
device_yaw,31.853,55.22221395572719
device_yaw,31.903,54.74685575993646
device_yaw,31.953,54.33954523668067
device_yaw,32.003,53.804883923335176
device_yaw,32.053,53.17046347985352
device_yaw,32.103,52.61844191937489
device_yaw,32.153,52.17693535667711
device_yaw,32.203,52.00317340522156
device_yaw,32.253,52.13169065986512
device_yaw,32.303,52.49470656862504
device_yaw,32.353,52.95516587004381
device_yaw,32.403,53.39916164753507
device_yaw,32.453,53.83963332383316
device_yaw,32.503,54.28262819992245
device_yaw,32.553,54.63352677490979
device_yaw,32.603,54.89273647089047
device_yaw,32.653,55.03186474025935
device_yaw,32.703,55.051057721557555
device_yaw,32.753,54.81077238570792
device_yaw,32.803,54.3157098902479
device_yaw,32.853,53.65285960328012
device_yaw,32.903,52.936683746570104
device_yaw,32.953,52.255719781641375
device_yaw,33.003,51.64919851131412
device_yaw,33.053,51.15967018114298
device_yaw,33.103,50.738164552585324
device_yaw,33.153,50.44100855490401
device_yaw,33.203,50.39407447077014
device_yaw,33.253,50.592312179266806
device_yaw,33.303,51.04346231419022
device_yaw,33.353,51.757182149865116
device_yaw,33.403,52.618650369144895
device_yaw,33.453,53.4303595664747
device_yaw,33.503,54.06582077571106
device_yaw,33.553,54.517052353425946
device_yaw,33.603,54.746571177214804
device_yaw,33.653,54.82854813156678
device_yaw,33.703,54.78920516421777
device_yaw,33.753,54.54075838932128
device_yaw,33.803,54.09361443029597
device_yaw,33.853,53.39761082633195
device_yaw,33.903,52.470286677428525
device_yaw,33.953,51.39622134895365
device_yaw,34.003,50.352178553017865
device_yaw,34.053,49.468624952109394
device_yaw,34.103,48.78415322825117
device_yaw,34.153,48.170565451387255
device_yaw,34.203,47.65532852103957
device_yaw,34.253,47.19305708678152
device_yaw,34.303,46.65707506039126
device_yaw,34.353,46.15290382093295
device_yaw,34.403,45.77633655512579
device_yaw,34.453,45.605960948687674
device_yaw,34.503,45.56813715632781
device_yaw,34.553,45.554520580761285
device_yaw,34.603,45.48666459788508
device_yaw,34.653,45.239425057137396
device_yaw,34.703,44.85695517931489
device_yaw,34.753,44.41732965760748
device_yaw,34.803,43.83730486070447
device_yaw,34.853,43.2517728672426
device_yaw,34.903,42.68077105142109
device_yaw,34.953,42.08947411086237
device_yaw,35.003,41.38379780735543
device_yaw,35.053,40.690259384704895
device_yaw,35.103,40.046941453023614
device_yaw,35.153,39.515548658563176
device_yaw,35.203,39.16424511345945
device_yaw,35.253,38.966744983745734
device_yaw,35.303,38.99869647345702
device_yaw,35.353,39.192395475094536
device_yaw,35.403,39.55062830445329
device_yaw,35.453,39.88141346802179
device_yaw,35.503,40.255963887111946
device_yaw,35.553,40.80329729476512
device_yaw,35.603,41.41085937945547
device_yaw,35.653,42.05910619464104
device_yaw,35.703,42.69689886517457
device_yaw,35.753,43.27105774488362
device_yaw,35.803,43.81971150106619
device_yaw,35.853,44.226418376804055
device_yaw,35.903,44.59692505592006
device_yaw,35.953,44.887865395948964
device_yaw,36.003,45.1929486435626
device_yaw,36.053,45.49426193996708
device_yaw,36.103,45.70284538381629
device_yaw,36.153,45.82349917109399
device_yaw,36.203,45.870402536388674
device_yaw,36.253,45.83015642939332
device_yaw,36.303,45.705763050673504
device_yaw,36.353,45.43776284126944
device_yaw,36.403,45.06403175682788
device_yaw,36.453,44.541883908440745
device_yaw,36.503,43.89873984377571
device_yaw,36.553,43.244438452423786
device_yaw,36.603,42.667456942862536
device_yaw,36.653,42.16745828000683
device_yaw,36.703,41.58638117937637
device_yaw,36.753,41.034181634172995
device_yaw,36.803,40.676373610449765
device_yaw,36.853,40.53885208231114
device_yaw,36.903,40.68666519010741
device_yaw,36.953,41.09192097929552
device_yaw,37.003,41.697175462566086
device_yaw,37.053,42.42342409063645
device_yaw,37.103,43.09704606448391
device_yaw,37.153,43.572771270673755
device_yaw,37.203,43.90373560672238
device_yaw,37.253,44.24956886990876
device_yaw,37.303,44.500655175799075
device_yaw,37.353,44.54671416714022
device_yaw,37.403,44.403375198277104
device_yaw,37.453,44.00737890676978
device_yaw,37.503,43.39879083334276
device_yaw,37.553,42.69185684363785
device_yaw,37.603,41.93669668317388
device_yaw,37.653,41.318742790817026
device_yaw,37.703,40.8988192763772
device_yaw,37.753,40.568706450791446
device_yaw,37.803,40.28329912808845
device_yaw,37.853,40.28045824880427
device_yaw,37.903,40.50627947390122
device_yaw,37.953,40.898047663051486
device_yaw,38.003,41.4997213140181
device_yaw,38.053,42.24545010246826
device_yaw,38.103,43.04663231155585
device_yaw,38.153,43.90741435607914
device_yaw,38.203,44.61089825129185
device_yaw,38.253,45.15485352051713
device_yaw,38.303,45.63750594354909
device_yaw,38.353,46.11779290648067
device_yaw,38.403,46.31100677547466
device_yaw,38.453,46.25498520907051
device_yaw,38.503,46.040733046953775
device_yaw,38.553,45.573133542802594
device_yaw,38.603,44.88868408365255
device_yaw,38.653,44.10545616002756
device_yaw,38.703,43.28556778030492
device_yaw,38.753,42.567969873752276
device_yaw,38.803,42.04543137601298
device_yaw,38.853,41.72598760097173
device_yaw,38.903,41.47140560752778
device_yaw,38.953,41.51551440724711
device_yaw,39.003,41.79601530959145
device_yaw,39.053,42.25609618833576
device_yaw,39.103,42.9830325998853
device_yaw,39.153,43.97318998346195
device_yaw,39.203,45.124916670692784
device_yaw,39.253,46.34588035529074
device_yaw,39.303,47.55351254269993
device_yaw,39.353,48.62965845541989
device_yaw,39.403,49.541744024967514
device_yaw,39.453,50.496533292985504
device_yaw,39.503,51.31026445579389
device_yaw,39.553,51.90673086013712
device_yaw,39.603,52.34757103659891
device_yaw,39.653,52.64997700651227
device_yaw,39.703,52.73557584310163
device_yaw,39.753,52.679267084013446
device_yaw,39.803,52.5512869607732
device_yaw,39.853,52.457341083350485
device_yaw,39.903,52.43289379755051
device_yaw,39.953,52.508811630782205
device_yaw,40.003,52.55028048189226
device_yaw,40.053,52.57305672427458
device_yaw,40.103,52.76344921210746
device_yaw,40.153,53.04396661588059
device_yaw,40.203,53.39816266176794
device_yaw,40.253,53.91023090945896
device_yaw,40.303,54.52191879992313
device_yaw,40.353,55.13242158864334
device_yaw,40.403,55.64296970990819
device_yaw,40.453,56.01788440421867
device_yaw,40.503,56.21848216867734
device_yaw,40.553,56.37821683158991
device_yaw,40.603,56.46977918547171
device_yaw,40.653,56.43430426883326
device_yaw,40.703,56.34277490086138
device_yaw,40.753,56.19360825783785
device_yaw,40.803,55.90067845148829
device_yaw,40.853,55.4421864760715
device_yaw,40.903,54.87829656068496
device_yaw,40.953,54.298764206199785
device_yaw,41.003,53.79680011834571
device_yaw,41.053,53.402545478748486
device_yaw,41.103,53.114426235867946
device_yaw,41.153,53.01446602862741
device_yaw,41.203,52.917494103612945
device_yaw,41.253,52.83734627067893
device_yaw,41.303,52.78355038798407
device_yaw,41.353,52.888238069088516
device_yaw,41.403,53.235271627476884
device_yaw,41.453,53.827771455289934
device_yaw,41.503,54.5176487255371
device_yaw,41.553,55.19916063499283
device_yaw,41.603,55.79536777627748
device_yaw,41.653,56.284050351332986
device_yaw,41.703,56.708453148818464
device_yaw,41.753,57.147080918817984
device_yaw,41.803,57.49554270253987
device_yaw,41.853,57.84499338942962
device_yaw,41.903,58.144199370523545
device_yaw,41.953,58.323810384879195
device_yaw,42.003,58.3181970126386
device_yaw,42.053,58.15015629122451
device_yaw,42.103,57.92143457021828
device_yaw,42.153,57.76577089545208
device_yaw,42.203,57.670891996518804
device_yaw,42.253,57.5759191521915
device_yaw,42.303,57.483164901179094
device_yaw,42.353,57.517806209602696
device_yaw,42.403,57.59076714061504
device_yaw,42.453,57.70919056296478
device_yaw,42.503,57.985937999293554
device_yaw,42.553,58.4916591463083
device_yaw,42.603,59.192261625254716
device_yaw,42.653,59.969555358057505
device_yaw,42.703,60.69479541324363
device_yaw,42.753,61.312530351154535
device_yaw,42.803,61.821791494073
device_yaw,42.853,62.335705258127376
device_yaw,42.903,62.71974789515068
device_yaw,42.953,62.91731035747744
device_yaw,43.003,62.9954503846272
device_yaw,43.053,62.85765872310437
device_yaw,43.103,62.44243435487155
device_yaw,43.153,61.88954552322475
device_yaw,43.203,61.27553534272565
device_yaw,43.253,60.7151596133017
device_yaw,43.303,60.272346499508764
device_yaw,43.353,59.85259412075452
device_yaw,43.403,59.45583721105866
device_yaw,43.453,59.22925547079433
device_yaw,43.503,59.21761390883325
device_yaw,43.553,59.402468144288626
device_yaw,43.603,59.79215438013225
device_yaw,43.653,60.47177348633868
device_yaw,43.703,61.402253646928514
device_yaw,43.753,62.45465444249793
device_yaw,43.803,63.52136954387604
device_yaw,43.853,64.55984192605685
device_yaw,43.903,65.60326197204742
device_yaw,43.953,66.58810199616818
device_yaw,44.003,67.4410757702217
device_yaw,44.053,68.14311968984337
device_yaw,44.103,68.51369869977428
device_yaw,44.153,68.63237854592897
device_yaw,44.203,68.53448130657748
device_yaw,44.253,68.15234708658346
device_yaw,44.303,67.59031216783775
device_yaw,44.353,66.81188892918163
device_yaw,44.403,65.84909392904324
device_yaw,44.453,64.88843541736607
device_yaw,44.503,64.02633863618067
device_yaw,44.553,63.25280081897968
device_yaw,44.603,62.62240649902646
device_yaw,44.653,62.19038375855417
device_yaw,44.703,62.116458288205415
device_yaw,44.753,62.203488164784716
device_yaw,44.803,62.47719673046447
device_yaw,44.853,62.912848775567866
device_yaw,44.903,63.51172241885271
device_yaw,44.953,64.20127724104064
device_yaw,45.003,64.868242945186
device_yaw,45.053,65.51086090151782
device_yaw,45.103,66.03895162961872
device_yaw,45.153,66.52603154643485
device_yaw,45.203,67.03939675037812
device_yaw,45.253,67.30909010581549
device_yaw,45.303,67.39420107488075
device_yaw,45.353,67.26540103408388
device_yaw,45.403,67.00971844817401
device_yaw,45.453,66.62282773076889
device_yaw,45.503,66.04966690615696
device_yaw,45.553,65.16138831791478
device_yaw,45.603,63.94940623145103
device_yaw,45.653,62.58811603383795
device_yaw,45.703,61.03542986391307
device_yaw,45.753,59.379366332488416
device_yaw,45.803,57.6759124062223
device_yaw,45.853,56.29057257047992
device_yaw,45.903,55.270876871580214
device_yaw,45.953,54.500071031747886
device_yaw,46.003,54.13559912509341
device_yaw,46.053,54.301817160810515
device_yaw,46.103,55.00649251507711
device_yaw,46.153,56.12054122534234
device_yaw,46.203,57.584501498184345
device_yaw,46.253,59.25221579363585
device_yaw,46.303,61.06416309976141
device_yaw,46.353,62.983671427912356
device_yaw,46.403,64.69782992356069
device_yaw,46.453,66.1131085423986
device_yaw,46.503,67.29475714809368
device_yaw,46.553,68.07356424723929
device_yaw,46.603,68.35678050588875
device_yaw,46.653,68.19793829673166
device_yaw,46.703,67.61076633444962
device_yaw,46.753,66.67638463536207
device_yaw,46.803,65.60034795580818
device_yaw,46.853,64.45463900522178
device_yaw,46.903,63.38263495239121
device_yaw,46.953,62.21860441139183
device_yaw,47.003,61.29889726008619
device_yaw,47.053,60.63444535253056
device_yaw,47.103,60.2160676613262
device_yaw,47.153,60.184209296945625
device_yaw,47.203,60.5923654251927
device_yaw,47.253,61.42179319748959
device_yaw,47.303,62.511260377151736
device_yaw,47.353,63.722396192313504
device_yaw,47.403,64.92174008533499
device_yaw,47.453,66.0461125302778
device_yaw,47.503,67.2429042479457
device_yaw,47.553,68.25968127847933
device_yaw,47.603,69.09783185367411
device_yaw,47.653,69.80948863539635
device_yaw,47.703,70.26766927543991
device_yaw,47.753,70.44392662355355
device_yaw,47.803,70.41882271036793
device_yaw,47.853,70.20295172994919
device_yaw,47.903,69.87857903125287
device_yaw,47.953,69.59353765467773
device_yaw,48.003,69.33564407656529
device_yaw,48.053,69.06998254089828
device_yaw,48.103,68.75035173086606
device_yaw,48.153,68.49308365478602
device_yaw,48.203,68.27357162375387
device_yaw,48.253,68.17808160594464
device_yaw,48.303,68.25471482149786
device_yaw,48.353,68.45977912063859
device_yaw,48.403,68.78313305434413
device_yaw,48.453,69.14681558962221
device_yaw,48.503,69.41777866331388
device_yaw,48.553,69.53770896916681
device_yaw,48.603,69.65234437401271
device_yaw,48.653,69.73800789137468
device_yaw,48.703,69.58840099530516
device_yaw,48.753,69.35723612561368
device_yaw,48.803,69.07063173043288
device_yaw,48.853,68.60474772215507
device_yaw,48.903,67.96002704751031
device_yaw,48.953,67.16133913800446
device_yaw,49.003,66.22229462993367
device_yaw,49.053,65.276885489105
device_yaw,49.103,64.42989992665885
device_yaw,49.153,63.66808451526081
device_yaw,49.203,62.92337110993149
device_yaw,49.253,62.36322857413513
device_yaw,49.303,61.92089082141697
device_yaw,49.353,61.51022629132322
device_yaw,49.403,61.22373030012106
device_yaw,49.453,61.139245047935084
device_yaw,49.503,61.24004562648765
device_yaw,49.553,61.507950713874806
device_yaw,49.603,61.78562629512671
device_yaw,49.653,61.975973143087046
device_yaw,49.703,62.09233404393604
device_yaw,49.753,62.358058449081206
device_yaw,49.803,62.54245954906317
device_yaw,49.853,62.591441954564694
device_yaw,49.903,62.64961970384806
device_yaw,49.953,62.66546460316453
device_yaw,50.003,62.51229630705954
device_yaw,50.053,62.2103998616509
device_yaw,50.103,61.78010374846101
device_yaw,50.153,61.31916882041015
device_yaw,50.203,60.94289572278765
device_yaw,50.253,60.65371290174622
device_yaw,50.303,60.274691280372686
device_yaw,50.353,59.9394496415374
device_yaw,50.403,59.815259478994136
device_yaw,50.453,59.817427571603005
device_yaw,50.503,59.97369355719813
device_yaw,50.553,60.39154921757222
device_yaw,50.603,61.00308885882537
device_yaw,50.653,61.78105519915535
device_yaw,50.703,62.65317548800487
device_yaw,50.753,63.48138768468936
device_yaw,50.803,64.23026353011916
device_yaw,50.853,65.01471634163089
device_yaw,50.903,65.73619606579045
device_yaw,50.953,66.17790522244938
device_yaw,51.003,66.350503272674
device_yaw,51.053,66.27931457664137
device_yaw,51.103,65.92166651129736
device_yaw,51.153,65.37376349081948
device_yaw,51.203,64.70404660535957
device_yaw,51.253,64.00596290196012
device_yaw,51.303,63.384285667496165
device_yaw,51.353,62.86799376503304
device_yaw,51.403,62.55489140045626
device_yaw,51.453,62.30358475054433
device_yaw,51.503,62.25553112250779
device_yaw,51.553,62.404775326359065
device_yaw,51.603,62.713404717829114
device_yaw,51.653,63.18769834333548
device_yaw,51.703,63.8285216151104
device_yaw,51.753,64.54803256299114
device_yaw,51.803,65.28032737344542
device_yaw,51.853,65.9306118945719
device_yaw,51.903,66.4074418085024
device_yaw,51.953,66.66437981059202
device_yaw,52.003,66.93809084300516
device_yaw,52.053,67.04809632423972
device_yaw,52.103,66.92561799502873
device_yaw,52.153,66.66522860288859
device_yaw,52.203,66.27278530917856
device_yaw,52.253,65.69084945429479
device_yaw,52.303,64.90640365501596
device_yaw,52.353,63.95430121343629
device_yaw,52.403,62.99370660609673
device_yaw,52.453,62.12196976462196
device_yaw,52.503,61.32725795872268
device_yaw,52.553,60.667501336851366
device_yaw,52.603,60.11355930850305
device_yaw,52.653,59.82096053782404
device_yaw,52.703,59.712770235865726
device_yaw,52.753,59.75522751955099
device_yaw,52.803,59.9675993799203
device_yaw,52.853,60.382064902547384
device_yaw,52.903,60.925130356110756
device_yaw,52.953,61.49978347581961
device_yaw,53.003,61.95842842680086
device_yaw,53.053,62.317345893089936
device_yaw,53.103,62.58848612720257
device_yaw,53.153,62.801649714217476
device_yaw,53.203,62.647899467433376
device_yaw,53.253,62.24827538740508
device_yaw,53.303,61.72883889341172
device_yaw,53.353,61.05748869471517
device_yaw,53.403,60.28073141995171
device_yaw,53.453,59.42755493991735
device_yaw,53.503,58.505107405195915
device_yaw,53.553,57.640797280537825
device_yaw,53.603,56.85798826513105
device_yaw,53.653,56.16166762107857
device_yaw,53.703,55.57208389803152
device_yaw,53.753,55.3244381079646
device_yaw,53.803,55.2897367460377
device_yaw,53.853,55.36175159894952
device_yaw,53.903,55.609245001415644
device_yaw,53.953,55.9836995515046
device_yaw,54.003,56.44548024374537
device_yaw,54.053,56.95911677173422
device_yaw,54.103,57.389398170002316
device_yaw,54.153,57.59928787416993
device_yaw,54.203,57.50250030128952
device_yaw,54.253,57.130895809776014
device_yaw,54.303,56.57016221151242
device_yaw,54.353,55.931800524613
device_yaw,54.403,55.25204271868349
device_yaw,54.453,54.46136303407225
device_yaw,54.503,53.57645327731566
device_yaw,54.553,52.66051378699637
device_yaw,54.603,51.71090556740167
device_yaw,54.653,50.87112855739602
device_yaw,54.703,50.19361941354703
device_yaw,54.753,49.72999513665168
device_yaw,54.803,49.468622240231824
device_yaw,54.853,49.21728975508077
device_yaw,54.903,49.119644627000774
device_yaw,54.953,49.059774094885235
device_yaw,55.003,49.134103510136995
device_yaw,55.053,49.32625667524833
device_yaw,55.103,49.489763675261834
device_yaw,55.153,49.7031245568618
device_yaw,55.203,49.85188694940289
device_yaw,55.253,49.94634445282595
device_yaw,55.303,49.9076127728157
device_yaw,55.353,49.860510073463864
device_yaw,55.403,49.886054455270376
device_yaw,55.453,49.873319638409136
device_yaw,55.503,49.80930667290029
device_yaw,55.553,49.792139542979996
device_yaw,55.603,49.7630202726521
device_yaw,55.653,49.87131993757694
device_yaw,55.703,50.06516417243344
device_yaw,55.753,50.37080725199589
device_yaw,55.803,50.82045709594902
device_yaw,55.853,51.52555761196747
device_yaw,55.903,52.40607457998974
device_yaw,55.953,53.50292042587969
device_yaw,56.003,54.67907524549405
device_yaw,56.053,56.05983219589813
device_yaw,56.103,57.50009319884016
device_yaw,56.153,59.08081385669913
device_yaw,56.203,60.732711226798706
device_yaw,56.253,62.405249887555804
device_yaw,56.303,64.14903060461178
device_yaw,56.353,65.8329791003663
device_yaw,56.403,67.31697459088645
device_yaw,56.453,68.48667028822041
device_yaw,56.503,69.2821674778066
device_yaw,56.553,69.82630733383459
device_yaw,56.603,70.20769274753464
device_yaw,56.653,70.44355872242411
device_yaw,56.703,70.51497392251096
device_yaw,56.753,70.44944031717093
device_yaw,56.803,70.38580062100365
device_yaw,56.853,70.14993030245526
device_yaw,56.903,69.80811100188916
device_yaw,56.953,69.39552438211561
device_yaw,57.003,69.1127364853998
gyro_norm,0.003,0.12099190701465237
gyro_norm,0.024,0.20438162950321612
gyro_norm,0.038,0.26668152687298224
gyro_norm,0.059,0.23455283883344472
gyro_norm,0.081,0.16276437748442404
gyro_norm,0.104,0.18635218905288514
gyro_norm,0.125,0.24206447025169628
gyro_norm,0.147,0.3227043592479522
gyro_norm,0.171,0.4533391756108477
gyro_norm,0.192,0.47438595750286733
gyro_norm,0.213,0.5319023100081463
gyro_norm,0.235,0.4532147848273471
gyro_norm,0.256,0.46760535123647845
gyro_norm,0.278,0.42145944787112627
gyro_norm,0.3,0.6688280984985114
gyro_norm,0.321,0.8316595069953591
gyro_norm,0.343,0.5884006347131332
gyro_norm,0.365,0.7069428116400639
gyro_norm,0.387,0.8439760684797659
gyro_norm,0.409,1.1116517252717317
gyro_norm,0.431,1.2810838328462661
gyro_norm,0.454,1.198693452531985
gyro_norm,0.475,0.8487959775781335
gyro_norm,0.497,0.7215706607069399
gyro_norm,0.518,0.7245533758142694
gyro_norm,0.541,0.8649105196490668
gyro_norm,0.562,0.9634378935381279
gyro_norm,0.584,1.053168777256968
gyro_norm,0.606,1.2895209376628403
gyro_norm,0.629,1.5183874485639643
gyro_norm,0.65,1.6264983163359763
gyro_norm,0.672,1.6484711619868937
gyro_norm,0.693,1.7274368138758973
gyro_norm,0.716,1.8843501542773207
gyro_norm,0.737,1.9496536843427372
gyro_norm,0.759,1.974023285507443
gyro_norm,0.782,1.9424060075619878
gyro_norm,0.81,1.8486621525683995
gyro_norm,0.827,1.7518315504137107
gyro_norm,0.847,1.7606151926215414
gyro_norm,0.869,1.811266836627602
gyro_norm,0.89,1.8066812231443115
gyro_norm,0.913,1.7169194371046224
gyro_norm,0.935,1.5506855642069923
gyro_norm,0.957,1.453298401950549
gyro_norm,0.978,1.4239107331726986
gyro_norm,1.0,1.3151447677756547
gyro_norm,1.022,1.206635148804045
gyro_norm,1.044,1.1430929441528683
gyro_norm,1.066,1.076447727058192
gyro_norm,1.088,1.0379145048903837
gyro_norm,1.109,1.0133494035880135
gyro_norm,1.131,0.9567448638435917
gyro_norm,1.154,0.8877239893018163
gyro_norm,1.175,0.7820725487989906
gyro_norm,1.197,0.7040671306430805
gyro_norm,1.219,1.1253595966616674
gyro_norm,1.24,1.2965902541201724
gyro_norm,1.271,0.8522790778447968
gyro_norm,1.285,0.30214111434230234
gyro_norm,1.311,0.47019828653906687
gyro_norm,1.328,0.18678345113949366
gyro_norm,1.35,0.48953147104177697
gyro_norm,1.372,0.5641005026990868
gyro_norm,1.394,0.46644430721886365
gyro_norm,1.416,0.5116615753387753
gyro_norm,1.437,0.518246156658679
gyro_norm,1.459,0.6397043047890557
gyro_norm,1.481,0.7492403279736941
gyro_norm,1.513,0.5865035848049539
gyro_norm,1.526,0.39043809413784897
gyro_norm,1.547,0.2933364963146027
gyro_norm,1.569,0.07939802968736506
gyro_norm,1.591,0.3125564170449537
gyro_norm,1.614,0.5999878055140022
gyro_norm,1.64,0.6648584649585466
gyro_norm,1.657,0.438151104258526
gyro_norm,1.678,0.27725868629053646
gyro_norm,1.7,0.363474051238325
gyro_norm,1.722,0.5242379521224564
gyro_norm,1.744,0.5859799388092346
gyro_norm,1.766,0.5043170023730744
gyro_norm,1.799,0.4238259632082794
gyro_norm,1.809,0.4086843436700476
gyro_norm,1.831,0.3698535705625222
gyro_norm,1.854,0.3182689434141261
gyro_norm,1.875,0.21279701446002108
gyro_norm,1.898,0.1796044309634516
gyro_norm,1.919,0.16813691718830118
gyro_norm,1.941,0.170317515980516
gyro_norm,1.963,0.3076272193535792
gyro_norm,1.984,0.47296404508916623
gyro_norm,2.006,0.6253450140735649
gyro_norm,2.028,0.7593532369497987
gyro_norm,2.05,0.8322314759158143
gyro_norm,2.072,0.8849980048164979
gyro_norm,2.094,0.9150610141988125
gyro_norm,2.115,0.9006588169054469
gyro_norm,2.138,0.9031465908772113
gyro_norm,2.16,0.9178200409561851
gyro_norm,2.182,0.9128236018205628
gyro_norm,2.209,0.8728468703057657
gyro_norm,2.226,0.803947431205242
gyro_norm,2.247,0.7701467923298431
gyro_norm,2.269,0.763258292328494
gyro_norm,2.291,0.7727480976997196
gyro_norm,2.313,0.8373848265895505
gyro_norm,2.335,0.8846236838723983
gyro_norm,2.357,0.9117410832740748
gyro_norm,2.378,1.0052083995745817
gyro_norm,2.4,1.1120137129133005
gyro_norm,2.426,0.9637576266501383
gyro_norm,2.444,0.7364545721135048
gyro_norm,2.466,0.733945791570998
gyro_norm,2.488,0.7584749374927773
gyro_norm,2.51,0.7368379679359841
gyro_norm,2.532,0.8011152331103634
gyro_norm,2.553,0.7812509635417985
gyro_norm,2.575,0.7686661336785382
gyro_norm,2.598,0.8882270951307071
gyro_norm,2.619,0.8462919781942033
gyro_norm,2.641,0.6924977757416283
gyro_norm,2.663,0.6950276520630888
gyro_norm,2.685,0.690322102791555
gyro_norm,2.707,0.578147167384143
gyro_norm,2.729,1.0240749145468633
gyro_norm,2.758,1.3697287268734955
gyro_norm,2.773,1.1198156244055557
gyro_norm,2.794,0.4125330017534676
gyro_norm,2.816,0.8275297017671729
gyro_norm,2.838,1.2876998284124765
gyro_norm,2.86,1.5001795710750963
gyro_norm,2.881,1.4971105358448686
gyro_norm,2.907,1.5274005247703084
gyro_norm,2.926,1.5825778357436804
gyro_norm,2.947,1.6056972343650964
gyro_norm,2.969,1.67343126340959
gyro_norm,2.991,1.8072736431914318
gyro_norm,3.014,1.516885317218408
gyro_norm,3.035,0.4878466935947556
gyro_norm,3.056,0.7323197432872659
gyro_norm,3.078,0.8487318374470731
gyro_norm,3.1,0.5426903036196765
gyro_norm,3.122,0.5598280917956258
gyro_norm,3.144,0.7910378009869977
gyro_norm,3.167,1.3886185892375937
gyro_norm,3.187,1.5616148960027216
gyro_norm,3.21,1.373076259039878
gyro_norm,3.232,1.2209016074119285
gyro_norm,3.253,0.9502557856444322
gyro_norm,3.275,0.6466192038766224
gyro_norm,3.297,0.5150193920541913
gyro_norm,3.319,0.4767104079604989
gyro_norm,3.341,0.5011635226493663
gyro_norm,3.363,0.5727034496877905
gyro_norm,3.386,0.6126234475816253
gyro_norm,3.406,0.5603122189545038
gyro_norm,3.428,0.451971981060522
gyro_norm,3.453,0.4040196211440063
gyro_norm,3.473,0.4515587613110872
gyro_norm,3.494,0.6306505806069738
gyro_norm,3.516,0.8043312855950955
gyro_norm,3.538,0.9361135164586912
gyro_norm,3.56,0.9879612387525499
gyro_norm,3.582,0.9508802239293561
gyro_norm,3.603,1.0196673658283684
gyro_norm,3.625,1.1527137839082904
gyro_norm,3.647,1.1706834200006193
gyro_norm,3.669,1.3026750483654392
gyro_norm,3.691,1.5085525784014246
gyro_norm,3.715,1.2023084851059762
gyro_norm,3.735,0.31471649280098185
gyro_norm,3.757,0.44279481729715964
gyro_norm,3.779,0.7482186658203397
gyro_norm,3.8,0.6519236562973616
gyro_norm,3.824,0.4621691891339323
gyro_norm,3.844,0.5785153450603935
gyro_norm,3.876,0.778646726168769
gyro_norm,3.888,0.8739566867370978
gyro_norm,3.91,0.937982055945307
gyro_norm,3.932,1.0648793358248934
gyro_norm,3.954,1.182030816136894
gyro_norm,3.975,1.1846731831328958
gyro_norm,3.997,1.0941217763958486
gyro_norm,4.019,0.9495639239242593
gyro_norm,4.041,0.8315110055296517
gyro_norm,4.063,0.8699850000624174
gyro_norm,4.085,1.0090180191033438
gyro_norm,4.107,1.1121158683245917
gyro_norm,4.129,1.1578492209773257
gyro_norm,4.15,1.1139518348041686
gyro_norm,4.173,1.0233731781588102
gyro_norm,4.194,0.7713935353136873
gyro_norm,4.216,0.42197986315881353
gyro_norm,4.238,0.4527948547403127
gyro_norm,4.26,0.7753334402976212
gyro_norm,4.281,0.9810192434656912
gyro_norm,4.303,0.7843685410437891
gyro_norm,4.326,0.8029066529110533
gyro_norm,4.347,0.8066703048222645
gyro_norm,4.369,0.7440843582269855
gyro_norm,4.391,0.7691280197990311
gyro_norm,4.413,0.3646281268306226
gyro_norm,4.435,1.115825668830172
gyro_norm,4.456,1.345147140167357
gyro_norm,4.478,1.094607543591421
gyro_norm,4.5,0.9480077890750093
gyro_norm,4.522,0.9900798060520639
gyro_norm,4.544,1.071530420312295
gyro_norm,4.567,1.1016066597209597
gyro_norm,4.59,1.094179636513033
gyro_norm,4.61,1.054390350133259
gyro_norm,4.632,0.8538364095912442
gyro_norm,4.654,0.6396433626158634
gyro_norm,4.683,0.5664609287150697
gyro_norm,4.697,0.5793528929174183
gyro_norm,4.719,0.5700805437977463
gyro_norm,4.741,0.5925194029942386
gyro_norm,4.763,0.6265848745757558
gyro_norm,4.785,0.6524064147271488
gyro_norm,4.808,0.7901664500293136
gyro_norm,4.828,1.1143428928723667
gyro_norm,4.851,1.4259258563348192
gyro_norm,4.874,1.6347518334728426
gyro_norm,4.894,1.6231591192182153
gyro_norm,4.916,1.566479388422748
gyro_norm,4.939,2.251568027898487
gyro_norm,4.961,2.6842129260096415
gyro_norm,4.986,2.594297181482884
gyro_norm,5.004,1.9558346110414886
gyro_norm,5.026,0.9567263290387512
gyro_norm,5.049,0.6156917855030211
gyro_norm,5.07,0.9365758802708721
gyro_norm,5.091,0.9386606871259585
gyro_norm,5.113,0.8015652255381928
gyro_norm,5.135,0.6361263938067553
gyro_norm,5.157,0.5805322761076683
gyro_norm,5.18,0.7759421758659268
gyro_norm,5.201,1.00234871071196
gyro_norm,5.223,1.1128741899766874
gyro_norm,5.249,1.1365010195019367
gyro_norm,5.266,1.0453761110580042
gyro_norm,5.288,0.7597255601008641
gyro_norm,5.315,0.5649144317234696
gyro_norm,5.332,0.6455570772020724
gyro_norm,5.353,0.7926552210412944
gyro_norm,5.375,1.0263068594620814
gyro_norm,5.398,1.2503985013939463
gyro_norm,5.419,1.2285890660701102
gyro_norm,5.441,1.2034875499421867
gyro_norm,5.464,1.0707564286643223
gyro_norm,5.486,1.1828595313999697
gyro_norm,5.507,1.0391825926348408
gyro_norm,5.529,0.6276152419054092
gyro_norm,5.551,1.1899765007524863
gyro_norm,5.573,1.1059596239549663
gyro_norm,5.594,0.8844284139609653
gyro_norm,5.616,0.8095969814155246
gyro_norm,5.638,0.8743595803164953
gyro_norm,5.66,1.020401488626041
gyro_norm,5.687,1.0894176774296325
gyro_norm,5.704,1.1115806735828666
gyro_norm,5.726,1.1451377623830823
gyro_norm,5.748,1.1076209102390548
gyro_norm,5.769,0.9587362189571605
gyro_norm,5.791,0.7979672155392453
gyro_norm,5.813,0.6707362523081163
gyro_norm,5.835,0.5178734238824967
gyro_norm,5.857,0.43113082493490595
gyro_norm,5.879,0.44108818976940506
gyro_norm,5.901,0.3142793051814077
gyro_norm,5.923,0.13736225156178097
gyro_norm,5.945,0.3290179583765739
gyro_norm,5.967,0.5738050390191631
gyro_norm,5.988,0.6702867074520195
gyro_norm,6.01,0.7629011272141826
gyro_norm,6.033,0.9065741910556103
gyro_norm,6.054,1.1109763890617035
gyro_norm,6.077,1.3021881912942943
gyro_norm,6.097,1.2347345775908312
gyro_norm,6.119,1.0324533959347109
gyro_norm,6.141,0.829885125275512
gyro_norm,6.165,0.5988577227668253
gyro_norm,6.186,0.5483332559466815
gyro_norm,6.207,0.751776270854607
gyro_norm,6.232,0.9292153618225378
gyro_norm,6.251,0.9774142990271107
gyro_norm,6.273,0.9762737600909599
gyro_norm,6.295,0.9869044295050733
gyro_norm,6.317,1.0589177442335673
gyro_norm,6.338,1.227892970478759
gyro_norm,6.36,1.3941223634899396
gyro_norm,6.39,1.3834516917196888
gyro_norm,6.404,1.1733366831199783
gyro_norm,6.427,0.9000109421312807
gyro_norm,6.448,0.6391888828744388
gyro_norm,6.47,0.5497570396204265
gyro_norm,6.491,0.6358843047450291
gyro_norm,6.514,0.669939922613716
gyro_norm,6.535,0.5957556033031784
gyro_norm,6.558,0.7882620018711824
gyro_norm,6.579,0.913766357257764
gyro_norm,6.601,0.8915472090004433
gyro_norm,6.631,0.884457004753955
gyro_norm,6.644,0.48287621575195516
gyro_norm,6.667,1.2617999332705454
gyro_norm,6.69,1.389006823433646
gyro_norm,6.71,1.085252432177202
gyro_norm,6.733,0.8796329834567838
gyro_norm,6.754,0.9299244574913513
gyro_norm,6.776,1.0332273877210918
gyro_norm,6.798,0.9849169054705882
gyro_norm,6.82,0.9037005562526055
gyro_norm,6.842,0.8789671689870391
gyro_norm,6.872,0.82700550099066
gyro_norm,6.885,0.6946766413888767
gyro_norm,6.909,0.5252323062323055
gyro_norm,6.929,0.41989351388324647
gyro_norm,6.951,0.39311329977443804
gyro_norm,6.974,0.37327230637390324
gyro_norm,6.995,0.2826768548437263
gyro_norm,7.017,0.2439669793345446
gyro_norm,7.038,0.5747659048054654
gyro_norm,7.06,0.8344379286362231
gyro_norm,7.086,0.7170059423449677
gyro_norm,7.104,0.4524289080950271
gyro_norm,7.126,0.804847413626527
gyro_norm,7.148,1.653255241638837
gyro_norm,7.17,1.9697578096481443
gyro_norm,7.191,1.5723459529066373
gyro_norm,7.213,1.084832849874887
gyro_norm,7.235,0.8722555779514065
gyro_norm,7.257,0.7847924775329924
gyro_norm,7.279,0.9678932948119802
gyro_norm,7.301,1.1953461354982309
gyro_norm,7.33,1.3253067171046315
gyro_norm,7.345,1.3475399324943467
gyro_norm,7.366,1.3210567618091793
gyro_norm,7.389,1.231647466767364
gyro_norm,7.41,1.1352673681719192
gyro_norm,7.433,1.136673729488371
gyro_norm,7.454,1.1127190025060358
gyro_norm,7.476,0.9804684008976908
gyro_norm,7.498,0.8770706392548144
gyro_norm,7.52,0.8776527468923604
gyro_norm,7.542,0.8478585043669327
gyro_norm,7.563,0.7800436026707533
gyro_norm,7.586,0.7982383881347488
gyro_norm,7.613,0.8181760437058275
gyro_norm,7.629,0.7790054994323914
gyro_norm,7.651,0.820661763557545
gyro_norm,7.674,0.5329308480723755
gyro_norm,7.695,0.49201677583523085
gyro_norm,7.717,0.5852842135097862
gyro_norm,7.739,0.35505704592037723
gyro_norm,7.76,0.6084535409666432
gyro_norm,7.782,0.4939227966137085
gyro_norm,7.805,0.39669934701163245
gyro_norm,7.826,0.3927714966928457
gyro_norm,7.848,0.49601098647131087
gyro_norm,7.87,0.5128027347629441
gyro_norm,7.892,0.4901928511317399
gyro_norm,7.914,0.44442138923961494
gyro_norm,7.936,0.3968183027005934
gyro_norm,7.958,0.31937225571723105
gyro_norm,7.979,0.22961412509239626
gyro_norm,8.001,0.175072846062339
gyro_norm,8.023,0.18737679594577186
gyro_norm,8.045,0.25541276614899167
gyro_norm,8.067,0.27584713328500615
gyro_norm,8.089,0.2820988619119556
gyro_norm,8.111,0.26045262217947335
gyro_norm,8.134,0.2793470578285191
gyro_norm,8.154,0.278475072723087
gyro_norm,8.176,0.22987992840308133
gyro_norm,8.198,0.1886248486853047
gyro_norm,8.22,0.2929026582818357
gyro_norm,8.242,0.7145575072638164
gyro_norm,8.264,0.683978525552263
gyro_norm,8.286,0.30217719389750464
gyro_norm,8.308,0.39810769305373067
gyro_norm,8.329,0.599807365141042
gyro_norm,8.351,0.6062063930060184
gyro_norm,8.373,0.3597817958846921
gyro_norm,8.395,0.18393997616075958
gyro_norm,8.417,0.5714731061515568
gyro_norm,8.439,0.7367370073790948
gyro_norm,8.461,0.7001874892464833
gyro_norm,8.482,0.5647210553658063
gyro_norm,8.512,0.4575293170297006
gyro_norm,8.527,0.3659815818646834
gyro_norm,8.548,0.3409377256641807
gyro_norm,8.57,0.3423649425551416
gyro_norm,8.592,0.4127835417541244
gyro_norm,8.614,0.47993775205619
gyro_norm,8.636,0.4412098159143499
gyro_norm,8.657,0.34546094922469744
gyro_norm,8.68,0.2504799333701048
gyro_norm,8.702,0.3082615633029374
gyro_norm,8.723,0.44348525392280413
gyro_norm,8.746,0.6203097669286355
gyro_norm,8.767,0.5843997335124055
gyro_norm,8.788,0.40867936066948635
gyro_norm,8.81,0.7537538186701477
gyro_norm,8.834,0.5914802572321154
gyro_norm,8.854,0.5236259058429608
gyro_norm,8.877,0.4741032553612863
gyro_norm,8.898,0.41893605181361476
gyro_norm,8.92,0.15110973085886928
gyro_norm,8.942,0.30656988130630086
gyro_norm,8.965,0.521358984249591
gyro_norm,8.985,0.5121217220607015
gyro_norm,9.007,0.4184777577507685
gyro_norm,9.029,0.4204581240477621
gyro_norm,9.051,0.38891815794638945
gyro_norm,9.074,0.30545430760862174
gyro_norm,9.095,0.25817556417673065
gyro_norm,9.117,0.2510390937112762
gyro_norm,9.139,0.2696190093718605
gyro_norm,9.162,0.2034435358624967
gyro_norm,9.183,0.236914508562091
gyro_norm,9.205,0.4126271043981427
gyro_norm,9.229,0.5317956553818711
gyro_norm,9.249,0.4876266549470767
gyro_norm,9.27,0.2621639416864895
gyro_norm,9.292,0.12753073744809554
gyro_norm,9.314,0.4426550565426629
gyro_norm,9.342,0.5419439009967792
gyro_norm,9.358,0.4878662245101904
gyro_norm,9.379,0.7544437066212392
gyro_norm,9.402,1.208711725458894
gyro_norm,9.424,1.4259638282301377
gyro_norm,9.445,1.466759811286304
gyro_norm,9.467,1.4530196178105133
gyro_norm,9.489,1.0909640769744762
gyro_norm,9.511,0.5068301681867639
gyro_norm,9.534,0.21384722606245707
gyro_norm,9.555,0.4642785574560459
gyro_norm,9.577,0.9334056109559296
gyro_norm,9.599,1.1645186252307302
gyro_norm,9.62,0.8899396761469249
gyro_norm,9.642,0.9491443006054607
gyro_norm,9.664,1.1983257838209043
gyro_norm,9.686,1.1235321551724595
gyro_norm,9.708,0.8088094256624425
gyro_norm,9.73,0.43441769215290854
gyro_norm,9.752,0.33332243366196596
gyro_norm,9.774,0.5607661856854156
gyro_norm,9.798,0.8325685313620647
gyro_norm,9.817,0.9738932901606748
gyro_norm,9.839,0.9300690524033473
gyro_norm,9.864,0.7429721332620295
gyro_norm,9.883,0.7074201149777476
gyro_norm,9.909,0.956090910555033
gyro_norm,9.927,1.100549830604746
gyro_norm,9.953,0.5638729814281572
gyro_norm,9.97,0.8199724380129961
gyro_norm,9.993,1.020349534922283
gyro_norm,10.014,0.7184483847480047
gyro_norm,10.036,0.41178730606855685
gyro_norm,10.058,0.527647356363532
gyro_norm,10.08,0.7661043836396269
gyro_norm,10.102,0.925194915723343
gyro_norm,10.123,0.9197280559924107
gyro_norm,10.145,0.8896443607375504
gyro_norm,10.167,0.909662909829422
gyro_norm,10.189,0.8420719814947818
gyro_norm,10.211,0.7086721936671916
gyro_norm,10.233,0.5623464363569387
gyro_norm,10.255,0.5136433273558939
gyro_norm,10.276,0.6052030617286772
gyro_norm,10.298,0.6254043968115243
gyro_norm,10.321,0.5250340481221736
gyro_norm,10.347,0.4861432467904021
gyro_norm,10.364,0.5691264075214172
gyro_norm,10.386,0.46212298090010645
gyro_norm,10.408,0.20525841173140896
gyro_norm,10.432,0.13986419105080525
gyro_norm,10.452,0.8518621424433239
gyro_norm,10.474,1.4246507061608353
gyro_norm,10.495,1.5363805096166256
gyro_norm,10.517,1.2435032538690989
gyro_norm,10.54,0.755838184878233
gyro_norm,10.561,0.5123635969993384
gyro_norm,10.593,0.668829177270725
gyro_norm,10.605,1.0038801508835613
gyro_norm,10.627,1.302829984833234
gyro_norm,10.648,1.5306025083212034
gyro_norm,10.67,1.6915800067222448
gyro_norm,10.694,1.7556522467399467
gyro_norm,10.714,1.7099959885515414
gyro_norm,10.736,1.5583243452608768
gyro_norm,10.758,1.4034573254818348
gyro_norm,10.78,1.2929455675287795
gyro_norm,10.802,1.1045073048951648
gyro_norm,10.831,0.7064017341567118
gyro_norm,10.846,0.36424724845218553
gyro_norm,10.867,0.45831219644272575
gyro_norm,10.89,0.8156944627708937
gyro_norm,10.916,1.0060751680466744
gyro_norm,10.934,1.042472776076496
gyro_norm,10.955,0.7857302546545833
gyro_norm,10.984,0.6710401850435581
gyro_norm,10.998,0.8172091502519488
gyro_norm,11.021,0.8562437814121373
gyro_norm,11.052,0.4679545542714804
gyro_norm,11.066,0.9866350425594633
gyro_norm,11.086,1.1024413304159142
gyro_norm,11.108,0.9511491890265534
gyro_norm,11.13,0.8774444474049491
gyro_norm,11.152,0.9643641721325587
gyro_norm,11.174,1.1632048956584986
gyro_norm,11.197,1.270290344116663
gyro_norm,11.217,1.2649590105814732
gyro_norm,11.24,1.2290090813629628
gyro_norm,11.261,1.1711129311055197
gyro_norm,11.283,1.042452362220465
gyro_norm,11.305,0.865700309106888
gyro_norm,11.327,0.6767465191293217
gyro_norm,11.348,0.4851363097252558
gyro_norm,11.371,0.4630278006937957
gyro_norm,11.394,0.979201432846966
gyro_norm,11.415,1.740128803933536
gyro_norm,11.437,2.3912312012905264
gyro_norm,11.458,2.6452908613612345
gyro_norm,11.48,2.2348918758556966
gyro_norm,11.502,1.1606029271592637
gyro_norm,11.524,0.3461146689727383
gyro_norm,11.547,0.9768039325185721
gyro_norm,11.568,1.588995683267479
gyro_norm,11.589,2.002742191158133
gyro_norm,11.611,2.0041274765126977
gyro_norm,11.633,1.5454271666513382
gyro_norm,11.656,0.8118377186633778
gyro_norm,11.678,0.11298531743945339
gyro_norm,11.699,0.6406475181793477
gyro_norm,11.721,0.9826911721130956
gyro_norm,11.742,1.1398392946045737
gyro_norm,11.764,1.1294502859058
gyro_norm,11.786,0.9510502672296034
gyro_norm,11.809,0.7689753736323974
gyro_norm,11.834,0.779660739740897
gyro_norm,11.852,0.8640047432859564
gyro_norm,11.875,1.0590850030060959
gyro_norm,11.896,1.1624876984427213
gyro_norm,11.918,0.9732456310120974
gyro_norm,11.939,0.5709417436666897
gyro_norm,11.961,0.25822561236197716
gyro_norm,11.983,0.3816780704891023
gyro_norm,12.005,0.5710677961192495
gyro_norm,12.027,0.6201080342388186
gyro_norm,12.049,0.5705685364616996
gyro_norm,12.07,0.5140196484886076
gyro_norm,12.094,0.642120032633172
gyro_norm,12.114,0.5909592780099139
gyro_norm,12.137,0.6475694299569903
gyro_norm,12.158,1.212271579235135
gyro_norm,12.18,1.3292634482282994
gyro_norm,12.202,1.1862257491649524
gyro_norm,12.23,1.0123502520208767
gyro_norm,12.246,1.1194417015213634
gyro_norm,12.268,1.3912763189715565
gyro_norm,12.29,1.5645256686266735
gyro_norm,12.311,1.6620835777859801
gyro_norm,12.334,1.6699530616788447
gyro_norm,12.355,1.532742968100318
gyro_norm,12.377,1.3267775022735628
gyro_norm,12.399,1.13780829979893
gyro_norm,12.421,0.9876447707523873
gyro_norm,12.449,0.7685936206704681
gyro_norm,12.465,0.5581915383566943
gyro_norm,12.486,0.3760040530736298
gyro_norm,12.518,0.4290100012266796
gyro_norm,12.53,0.7286895287440028
gyro_norm,12.552,0.8337586370640806
gyro_norm,12.574,0.6499066300291227
gyro_norm,12.596,0.6097015475812458
gyro_norm,12.617,1.1743074263564628
gyro_norm,12.64,2.076659667151159
gyro_norm,12.661,2.402023836101847
gyro_norm,12.685,2.08760843289216
gyro_norm,12.705,1.6369191852239435
gyro_norm,12.727,1.3252914935709235
gyro_norm,12.749,1.0092721027344147
gyro_norm,12.771,0.8365630221093144
gyro_norm,12.793,1.022397360218236
gyro_norm,12.814,1.2886059549019209
gyro_norm,12.837,1.3890927064969862
gyro_norm,12.858,1.3231926374020224
gyro_norm,12.88,1.1726548525872063
gyro_norm,12.903,1.098231860875491
gyro_norm,12.929,1.2168181679254473
gyro_norm,12.946,1.3514427084407983
gyro_norm,12.968,1.1573787386602215
gyro_norm,12.989,0.7450438587764221
gyro_norm,13.011,0.943918410769424
gyro_norm,13.034,1.3345016581724523
gyro_norm,13.055,1.3875907959524982
gyro_norm,13.077,1.1980315275150488
gyro_norm,13.099,0.9750601741514847
gyro_norm,13.121,1.0431279023002564
gyro_norm,13.147,0.7225004808955903
gyro_norm,13.164,0.41900808853490007
gyro_norm,13.186,0.7233013706389936
gyro_norm,13.208,0.6995211985859194
gyro_norm,13.23,1.1683347121536234
gyro_norm,13.253,0.9757227493172321
gyro_norm,13.274,0.7276489870191976
gyro_norm,13.296,0.7328895983011644
gyro_norm,13.318,0.977139127100151
gyro_norm,13.339,1.0234753917493564
gyro_norm,13.361,1.051036509483399
gyro_norm,13.386,1.1175333461384493
gyro_norm,13.405,1.0771692979243583
gyro_norm,13.428,0.8829067978156315
gyro_norm,13.449,0.6275501250013054
gyro_norm,13.471,0.49440555513749135
gyro_norm,13.494,0.47378329141282366
gyro_norm,13.515,0.4713559373651887
gyro_norm,13.536,0.42715585422675517
gyro_norm,13.558,0.40538977368657714
gyro_norm,13.58,0.3908192385601978
gyro_norm,13.602,0.29144564933532446
gyro_norm,13.624,0.17919402895060513
gyro_norm,13.646,0.10257277413049083
gyro_norm,13.668,0.19114591258189592
gyro_norm,13.69,0.2663744261436473
gyro_norm,13.721,0.41342814925389976
gyro_norm,13.734,0.7674725574371026
gyro_norm,13.755,0.6916596404682479
gyro_norm,13.777,0.2682528699433198
gyro_norm,13.799,0.1671830174171486
gyro_norm,13.821,0.23863600430917895
gyro_norm,13.843,0.46692222849025267
gyro_norm,13.872,0.7404218509729297
gyro_norm,13.886,0.7399932962800586
gyro_norm,13.908,0.5818280590577755
gyro_norm,13.931,0.5003275780330443
gyro_norm,13.954,0.46719864316625503
gyro_norm,13.974,0.4607238257539816
gyro_norm,13.996,0.5193669703500728
gyro_norm,14.018,0.6391350040239575
gyro_norm,14.04,0.6803154684026778
gyro_norm,14.062,0.6159838084555971
gyro_norm,14.088,0.42723715825667985
gyro_norm,14.105,0.1443264995995152
gyro_norm,14.127,0.35871246478810154
gyro_norm,14.149,0.7597655071326548
gyro_norm,14.171,0.8537919556186416
gyro_norm,14.193,0.6211654877704329
gyro_norm,14.215,0.3870537405869889
gyro_norm,14.241,0.47904153926235715
gyro_norm,14.258,0.42919611282147146
gyro_norm,14.28,1.231450928781542
gyro_norm,14.303,0.8712833820373947
gyro_norm,14.324,0.5091161354035397
gyro_norm,14.346,0.27004671946267983
gyro_norm,14.37,0.2774865485031822
gyro_norm,14.39,0.08300838195420569
gyro_norm,14.412,0.42045113645911997
gyro_norm,14.439,0.6049182002719952
gyro_norm,14.455,0.49391859664332394
gyro_norm,14.478,0.2928876079111436
gyro_norm,14.499,0.22844898238663428
gyro_norm,14.521,0.23733364062095746
gyro_norm,14.543,0.21970903828305766
gyro_norm,14.565,0.15770984134593305
gyro_norm,14.588,0.19887548127842908
gyro_norm,14.608,0.13880028688297946
gyro_norm,14.63,0.17453389651634327
gyro_norm,14.654,0.3725472084807323
gyro_norm,14.674,0.4998176016247556
gyro_norm,14.696,0.3738590581237864
gyro_norm,14.718,0.2619042203720481
gyro_norm,14.74,0.29679400516280896
gyro_norm,14.762,0.2961196216930775
gyro_norm,14.784,0.3384339159603916
gyro_norm,14.805,0.4547484779302249
gyro_norm,14.827,0.5894785934187663
gyro_norm,14.85,0.6134204172540987
gyro_norm,14.871,0.5179118131362268
gyro_norm,14.893,0.5300326183018533
gyro_norm,14.915,0.5216962691508784
gyro_norm,14.937,0.4155816890087783
gyro_norm,14.959,0.38226267997739
gyro_norm,14.98,0.4944691365300505
gyro_norm,15.002,0.7435568556901844
gyro_norm,15.029,0.8308768620208502
gyro_norm,15.046,0.6582500707182959
gyro_norm,15.068,0.4676367076616442
gyro_norm,15.09,0.3505918491023649
gyro_norm,15.112,0.32352806445318355
gyro_norm,15.134,0.2986882372740431
gyro_norm,15.156,0.27356073706489614
gyro_norm,15.177,0.29720494954316184
gyro_norm,15.201,0.2968713959729676
gyro_norm,15.221,0.23281187124150607
gyro_norm,15.243,0.3329183365937784
gyro_norm,15.265,0.5295136668590038
gyro_norm,15.287,0.6074084099980335
gyro_norm,15.309,0.5908051701347551
gyro_norm,15.334,0.7162125516997383
gyro_norm,15.353,0.46834421330312037
gyro_norm,15.374,0.7940107674699857
gyro_norm,15.396,0.9442523880450018
gyro_norm,15.419,0.9111814452042483
gyro_norm,15.441,0.7011269747473986
gyro_norm,15.462,0.40914346837457577
gyro_norm,15.484,0.2607570678926646
gyro_norm,15.511,0.5372829766356917
gyro_norm,15.527,0.7286712370842463
gyro_norm,15.553,0.6518943837003612
gyro_norm,15.571,0.5573234986049088
gyro_norm,15.594,0.5733882499540021
gyro_norm,15.615,0.6450031603527899
gyro_norm,15.637,0.6902571889641818
gyro_norm,15.659,0.6870179978486436
gyro_norm,15.681,0.6314321974821161
gyro_norm,15.703,0.5332514594027468
gyro_norm,15.724,0.46546449498821574
gyro_norm,15.746,0.4790416205081976
gyro_norm,15.768,0.4335940411422055
gyro_norm,15.79,0.28057742909445266
gyro_norm,15.812,0.3552685266022835
gyro_norm,15.834,0.5091874309509291
gyro_norm,15.856,0.3940384136714233
gyro_norm,15.877,0.06577034562346905
gyro_norm,15.899,0.23154317977822733
gyro_norm,15.921,0.6131387140755042
gyro_norm,15.95,0.8667921031219068
gyro_norm,15.966,0.859388791983254
gyro_norm,15.987,0.6622488718159499
gyro_norm,16.009,0.6362783752703538
gyro_norm,16.037,0.36906022463399435
gyro_norm,16.053,0.2185505870100369
gyro_norm,16.074,0.3479638336227886
gyro_norm,16.096,0.3871769895986936
gyro_norm,16.118,0.4059597492514738
gyro_norm,16.14,0.5059659962419911
gyro_norm,16.169,0.6043300287682736
gyro_norm,16.188,0.7528637824326436
gyro_norm,16.206,0.8840290490899835
gyro_norm,16.227,0.8996477056909907
gyro_norm,16.25,0.8203946940144909
gyro_norm,16.271,0.7022082364510828
gyro_norm,16.294,0.5634614328263714
gyro_norm,16.315,0.6314310612555518
gyro_norm,16.337,0.8712918580791184
gyro_norm,16.359,1.0169769331493768
gyro_norm,16.381,0.8986847891185734
gyro_norm,16.403,0.8250692458809127
gyro_norm,16.425,0.5718318407138062
gyro_norm,16.447,1.2361027149516155
gyro_norm,16.468,0.8034615211200462
gyro_norm,16.49,0.471641094227185
gyro_norm,16.513,0.6100631690599645
gyro_norm,16.534,0.456211754005411
gyro_norm,16.556,0.39095832405961767
gyro_norm,16.578,0.43501385857284547
gyro_norm,16.6,0.45501649539466354
gyro_norm,16.622,0.5718582030348105
gyro_norm,16.652,0.6248151128096642
gyro_norm,16.665,0.4975629138607959
gyro_norm,16.687,0.5285284894798499
gyro_norm,16.709,0.7934869376919617
gyro_norm,16.731,1.0706328872043525
gyro_norm,16.754,1.3216953492141947
gyro_norm,16.775,1.453427766494851
gyro_norm,16.797,1.5268225381117477
gyro_norm,16.818,1.7531607195986139
gyro_norm,16.84,1.8499088138592508
gyro_norm,16.868,1.780440658580576
gyro_norm,16.884,1.8593339428213718
gyro_norm,16.907,1.85710825345482
gyro_norm,16.928,1.469778086053141
gyro_norm,16.95,0.9113926713161783
gyro_norm,16.972,0.638908166174758
gyro_norm,16.993,0.9192134971489353
gyro_norm,17.015,1.129764230442166
gyro_norm,17.037,0.945478619829688
gyro_norm,17.06,0.7865731904280135
gyro_norm,17.081,0.7586620582993145
gyro_norm,17.109,0.7489649032099164
gyro_norm,17.125,0.5835926289418889
gyro_norm,17.151,0.3908705594423792
gyro_norm,17.169,0.2790604628728214
gyro_norm,17.19,0.3835118179718549
gyro_norm,17.214,0.5202765304307458
gyro_norm,17.234,0.9623026098357236
gyro_norm,17.257,1.2601037802229142
gyro_norm,17.278,1.0637269960323703
gyro_norm,17.3,0.6355066362153478
gyro_norm,17.321,0.5763951208559581
gyro_norm,17.345,0.8359982411352687
gyro_norm,17.366,1.0838364599920098
gyro_norm,17.387,1.2567365730614437
gyro_norm,17.41,1.3629694236516816
gyro_norm,17.431,1.488942632161422
gyro_norm,17.453,1.3186263760688737
gyro_norm,17.475,1.073986259408783
gyro_norm,17.496,1.0054027834758938
gyro_norm,17.518,0.9644271325108831
gyro_norm,17.546,1.1067638841061918
gyro_norm,17.562,0.5777789941741303
gyro_norm,17.584,0.8559430047566138
gyro_norm,17.606,1.3161780845073094
gyro_norm,17.635,1.2800895231604956
gyro_norm,17.65,0.9900528513876387
gyro_norm,17.672,0.8129672057658076
gyro_norm,17.694,0.9172180634694537
gyro_norm,17.715,1.0624406071767551
gyro_norm,17.738,1.1143482503631656
gyro_norm,17.76,1.0860307144157324
gyro_norm,17.781,1.03964431310325
gyro_norm,17.807,0.9880617625920084
gyro_norm,17.825,0.793457108834736
gyro_norm,17.847,0.5456059305261122
gyro_norm,17.869,0.49663072415491777
gyro_norm,17.891,0.6117724215678922
gyro_norm,17.913,0.6229474804816397
gyro_norm,17.934,0.55011031473922
gyro_norm,17.956,0.47088206346760947
gyro_norm,17.978,0.32383158369454734
gyro_norm,18.0,0.34020924464463703
gyro_norm,18.022,0.6075685569541421
gyro_norm,18.043,0.6242278417196253
gyro_norm,18.068,0.2432699972103569
gyro_norm,18.088,0.22815599584786694
gyro_norm,18.116,0.8441639054837272
gyro_norm,18.131,1.298588602902878
gyro_norm,18.154,1.4034890046814352
gyro_norm,18.175,1.2549641059527532
gyro_norm,18.196,0.8892985654078985
gyro_norm,18.218,0.46624457065858044
gyro_norm,18.24,0.36993877632683414
gyro_norm,18.262,0.40466508794472195
gyro_norm,18.29,0.3384031457766322
gyro_norm,18.306,0.1261655797406435
gyro_norm,18.328,0.3124312909977062
gyro_norm,18.35,0.46104436256811504
gyro_norm,18.372,0.3820445147052534
gyro_norm,18.393,0.25002747360905786
gyro_norm,18.415,0.2018259298575649
gyro_norm,18.438,0.32703457921920925
gyro_norm,18.459,0.5238724181649643
gyro_norm,18.482,0.7056121402705196
gyro_norm,18.505,0.8279121271810129
gyro_norm,18.525,0.8316141901366441
gyro_norm,18.547,0.8665871233404617
gyro_norm,18.574,1.2012773978902926
gyro_norm,18.59,0.6325073941830142
gyro_norm,18.613,0.3572241747243236
gyro_norm,18.634,0.6589656863516746
gyro_norm,18.657,1.2241473877172317
gyro_norm,18.678,1.1588048966718587
gyro_norm,18.7,0.8382148136054642
gyro_norm,18.722,0.6839646292211059
gyro_norm,18.749,0.7763611446808093
gyro_norm,18.766,0.8688896654214464
gyro_norm,18.788,0.8198984544124361
gyro_norm,18.809,0.7643634727551258
gyro_norm,18.831,0.7261937804755424
gyro_norm,18.854,0.6690392193435679
gyro_norm,18.875,0.5879253304495022
gyro_norm,18.897,0.4494115150291006
gyro_norm,18.919,0.3139067919606398
gyro_norm,18.94,0.19785241504748538
gyro_norm,18.962,0.18239032837320412
gyro_norm,18.985,0.1675976581613505
gyro_norm,19.007,0.17094624967801672
gyro_norm,19.028,0.30956887163853014
gyro_norm,19.051,0.4762519191248809
gyro_norm,19.074,0.582510833378516
gyro_norm,19.093,0.5037530728608144
gyro_norm,19.116,0.846597328061684
gyro_norm,19.138,1.4400079721821308
gyro_norm,19.159,1.2111910016251848
gyro_norm,19.181,1.2902492649147344
gyro_norm,19.203,1.5329091349085064
gyro_norm,19.231,1.6062475770554558
gyro_norm,19.247,1.544949331775929
gyro_norm,19.269,1.2975379620075413
gyro_norm,19.291,0.8415289470305485
gyro_norm,19.313,0.4763156571043397
gyro_norm,19.334,0.40843541942263
gyro_norm,19.357,0.5431388910211107
gyro_norm,19.378,0.6714939352420034
gyro_norm,19.4,0.7667860108986094
gyro_norm,19.422,0.8173917891821919
gyro_norm,19.444,0.9163589443598062
gyro_norm,19.474,1.1728097347306925
gyro_norm,19.487,1.1024307230826778
gyro_norm,19.509,1.0651315861934476
gyro_norm,19.531,0.9343795882789285
gyro_norm,19.553,0.6222878079297234
gyro_norm,19.575,0.7820038456525641
gyro_norm,19.597,1.2918083419201722
gyro_norm,19.619,1.7621262732790512
gyro_norm,19.643,1.8311200520251412
gyro_norm,19.662,1.7214319468694093
gyro_norm,19.687,1.4127635980669997
gyro_norm,19.711,1.4521084615010493
gyro_norm,19.728,0.8655019622063908
gyro_norm,19.75,1.0603538603036866
gyro_norm,19.772,1.439582976022532
gyro_norm,19.794,1.1617354215570213
gyro_norm,19.816,1.3280785046981358
gyro_norm,19.838,1.7378063939365518
gyro_norm,19.859,1.9225705379281328
gyro_norm,19.881,1.4051966089066292
gyro_norm,19.903,1.0253608006642718
gyro_norm,19.932,1.0377691924463555
gyro_norm,19.947,1.1417789801724159
gyro_norm,19.969,1.069782356015391
gyro_norm,19.991,0.6990948577086393
gyro_norm,20.013,0.38044402039142655
gyro_norm,20.04,0.18605377480813995
gyro_norm,20.056,0.22165417636658347
gyro_norm,20.079,0.20652052580977295
gyro_norm,20.1,0.3039650506417221
gyro_norm,20.122,0.4551097694944869
gyro_norm,20.149,0.6154771459153887
gyro_norm,20.166,0.6766055753049978
gyro_norm,20.193,0.5531984039188584
gyro_norm,20.209,0.10200835638002717
gyro_norm,20.231,0.16375399421031636
gyro_norm,20.254,0.633713948309269
gyro_norm,20.275,0.7556136877905507
gyro_norm,20.297,0.726755686586837
gyro_norm,20.319,0.8842855241497249
gyro_norm,20.341,0.7281419293509754
gyro_norm,20.363,0.48342764664349014
gyro_norm,20.389,0.2775021809232904
gyro_norm,20.406,0.2834546277279477
gyro_norm,20.429,0.4137343436300829
gyro_norm,20.451,0.4897423663356807
gyro_norm,20.478,0.6302158532062563
gyro_norm,20.498,0.7581911145120932
gyro_norm,20.516,0.6865419266836964
gyro_norm,20.538,0.48121979176415564
gyro_norm,20.56,0.2548299678813515
gyro_norm,20.582,0.1630454079316648
gyro_norm,20.604,0.17008847061196117
gyro_norm,20.631,0.24207954182919827
gyro_norm,20.647,0.2629411482713967
gyro_norm,20.673,0.32801322815002387
gyro_norm,20.691,0.39952208484114377
gyro_norm,20.714,0.46620049490113047
gyro_norm,20.735,0.7252278890943271
gyro_norm,20.757,1.1301280748191762
gyro_norm,20.78,0.6387412626399154
gyro_norm,20.8,0.9369127480624048
gyro_norm,20.822,0.8541550239598686
gyro_norm,20.844,0.6556968621539049
gyro_norm,20.866,0.688371350867705
gyro_norm,20.889,0.6196912508695676
gyro_norm,20.911,0.6974786356893121
gyro_norm,20.931,0.9027056985051619
gyro_norm,20.954,0.9562437731034812
gyro_norm,20.975,0.8913663696513151
gyro_norm,20.998,0.8212542810161719
gyro_norm,21.02,0.7293554758743435
gyro_norm,21.041,0.6349212007488203
gyro_norm,21.069,0.482478340082081
gyro_norm,21.086,0.4412403122586663
gyro_norm,21.107,0.6135849031109871
gyro_norm,21.128,0.7473995860003548
gyro_norm,21.151,0.6142470585220293
gyro_norm,21.173,0.38443468524481594
gyro_norm,21.194,0.3107977663271683
gyro_norm,21.216,0.4138484648102064
gyro_norm,21.238,0.46067653934471925
gyro_norm,21.26,0.4082032941000231
gyro_norm,21.283,0.46597028009660135
gyro_norm,21.313,0.8842712572177815
gyro_norm,21.325,0.7754609384704904
gyro_norm,21.347,0.5700142176667768
gyro_norm,21.369,0.7525111746576154
gyro_norm,21.391,0.5445215022221228
gyro_norm,21.414,0.5269814237295833
gyro_norm,21.435,0.4798729352724016
gyro_norm,21.456,0.3854661326031269
gyro_norm,21.479,0.30973997201963843
gyro_norm,21.501,0.46276128015389645
gyro_norm,21.526,0.6142664185636074
gyro_norm,21.544,0.6389284022535473
gyro_norm,21.571,0.5469826604891634
gyro_norm,21.588,0.486351787619163
gyro_norm,21.61,0.4651256282967142
gyro_norm,21.635,0.4721212472005373
gyro_norm,21.654,0.42447900364038904
gyro_norm,21.675,0.39559816130938275
gyro_norm,21.698,0.38981494851047593
gyro_norm,21.719,0.34624433556628836
gyro_norm,21.741,0.35951836269201565
gyro_norm,21.763,0.4577857209775754
gyro_norm,21.786,0.6896428441338994
gyro_norm,21.807,0.9466731399342065
gyro_norm,21.829,1.0165906165324208
gyro_norm,21.85,1.2418157201105091
gyro_norm,21.873,1.007281663232572
gyro_norm,21.894,0.7176682297051473
gyro_norm,21.916,0.5781859225217668
gyro_norm,21.938,0.6711092821429636
gyro_norm,21.96,1.2213235945356617
gyro_norm,21.982,1.2309601387971834
gyro_norm,22.01,0.9678623121809729
gyro_norm,22.027,0.9083497782035783
gyro_norm,22.047,0.809523060895926
gyro_norm,22.069,0.850436496630901
gyro_norm,22.091,0.8859911477604081
gyro_norm,22.113,0.9171562194247252
gyro_norm,22.135,0.9220266040085483
gyro_norm,22.157,0.8437339719568241
gyro_norm,22.179,0.7985084905954813
gyro_norm,22.2,0.7146579762577487
gyro_norm,22.226,0.6039831511909445
gyro_norm,22.244,0.469202153516797
gyro_norm,22.271,0.4359226819190896
gyro_norm,22.288,0.4478619532388314
gyro_norm,22.31,0.4064639548892059
gyro_norm,22.332,0.40429725938049565
gyro_norm,22.354,0.3061382652195942
gyro_norm,22.376,0.33207321288687347
gyro_norm,22.397,0.7181195909933968
gyro_norm,22.425,0.7253801558169206
gyro_norm,22.441,0.5358620544269813
gyro_norm,22.469,0.9374811772988191
gyro_norm,22.485,0.9469170947237543
gyro_norm,22.507,0.5994683335142079
gyro_norm,22.53,0.3961162801298432
gyro_norm,22.551,0.4283596833138677
gyro_norm,22.574,0.4832871099028832
gyro_norm,22.594,0.43957391208369523
gyro_norm,22.616,0.19250226748883606
gyro_norm,22.638,0.7130731620745022
gyro_norm,22.66,0.9240462717051455
gyro_norm,22.682,0.9540249095453097
gyro_norm,22.706,1.1527897135683784
gyro_norm,22.727,0.9940324656773986
gyro_norm,22.753,0.5542564241159769
gyro_norm,22.769,0.34510364735433346
gyro_norm,22.791,0.3862355039538683
gyro_norm,22.814,0.5302681224110779
gyro_norm,22.835,0.7711907978927696
gyro_norm,22.857,1.1028076989893272
gyro_norm,22.879,1.4312991660560384
gyro_norm,22.903,1.498530602075721
gyro_norm,22.925,1.3765627629175383
gyro_norm,22.945,1.3725332618781019
gyro_norm,22.966,1.2370810782136925
gyro_norm,22.989,1.146975518296467
gyro_norm,23.01,1.2156922858942008
gyro_norm,23.032,1.0296566635870368
gyro_norm,23.054,1.2508512300121137
gyro_norm,23.076,1.657933651626232
gyro_norm,23.098,1.5915062270783813
gyro_norm,23.119,1.2827600571921465
gyro_norm,23.141,1.0612948972817398
gyro_norm,23.169,0.9660201252747016
gyro_norm,23.185,0.9811423600382696
gyro_norm,23.207,0.9916636068733048
gyro_norm,23.229,0.9811954276756225
gyro_norm,23.251,0.956235022737262
gyro_norm,23.273,0.8462203664277693
gyro_norm,23.294,0.7150332661022618
gyro_norm,23.317,0.712161349269653
gyro_norm,23.338,0.8173282064400595
gyro_norm,23.36,0.878536961310564
gyro_norm,23.382,0.8635997258835539
gyro_norm,23.404,0.8446664852267142
gyro_norm,23.426,0.9349694827738217
gyro_norm,23.448,0.986108503604051
gyro_norm,23.47,0.9177524045789702
gyro_norm,23.491,0.7349117820452249
gyro_norm,23.514,0.533183499231103
gyro_norm,23.535,0.3691458639084794
gyro_norm,23.563,0.5046143422057404
gyro_norm,23.579,0.562644939490731
gyro_norm,23.6,0.26154868163429085
gyro_norm,23.622,0.4229289262161381
gyro_norm,23.644,0.4366175064664219
gyro_norm,23.666,0.22488402240198807
gyro_norm,23.688,0.41380942233500656
gyro_norm,23.71,0.36901773579940395
gyro_norm,23.739,0.20663760369929127
gyro_norm,23.754,0.18690197739120215
gyro_norm,23.776,0.19906941902595843
gyro_norm,23.797,0.28381930202929484
gyro_norm,23.819,0.38749312860876195
gyro_norm,23.86,0.35330583728183973
gyro_norm,23.882,0.4045618612573946
gyro_norm,23.902,0.4052793811965433
gyro_norm,23.923,0.4062990043489356
gyro_norm,23.944,0.3830755933614886
gyro_norm,23.964,0.35493032347139825
gyro_norm,23.985,0.34154354822111543
gyro_norm,24.007,0.3156327776636518
gyro_norm,24.026,0.2852709452300076
gyro_norm,24.048,0.25612946713130974
gyro_norm,24.069,0.24707927147356823
gyro_norm,24.089,0.2560114751940865
gyro_norm,24.11,0.24221481405849887
gyro_norm,24.131,0.2217327078571191
gyro_norm,24.151,0.20486119453173635
gyro_norm,24.173,0.19651976182335584
gyro_norm,24.194,0.19351860029763068
gyro_norm,24.213,0.1799660407411606
gyro_norm,24.235,0.15977128722379763
gyro_norm,24.256,0.16063754688538903
gyro_norm,24.276,0.16984904043289856
gyro_norm,24.301,0.1071851178470587
gyro_norm,24.321,0.08717807473526143
gyro_norm,24.342,0.13210621423511448
gyro_norm,24.364,0.18890226970073348
gyro_norm,24.386,0.1542873531176279
gyro_norm,24.408,0.041433679569035826
gyro_norm,24.43,0.11517413720962198
gyro_norm,24.452,0.13533463614144242
gyro_norm,24.473,0.12965326410202593
gyro_norm,24.495,0.1550440271715406
gyro_norm,24.517,0.17795788861788445
gyro_norm,24.539,0.21695031621459168
gyro_norm,24.561,0.25083113443066873
gyro_norm,24.583,0.24928345523681483
gyro_norm,24.605,0.22851600247444262
gyro_norm,24.627,0.23727093440312227
gyro_norm,24.649,0.27059853293083436
gyro_norm,24.67,0.29704292309969
gyro_norm,24.693,0.3333321921899456
gyro_norm,24.715,0.3874415333753515
gyro_norm,24.736,0.46637041009076907
gyro_norm,24.758,0.5539550649830187
gyro_norm,24.78,0.6431485570806432
gyro_norm,24.802,0.7072821930327312
gyro_norm,24.824,0.7053778893879895
gyro_norm,24.846,0.6726598137449454
gyro_norm,24.867,0.6413462054036752
gyro_norm,24.889,0.6662043332971687
gyro_norm,24.911,0.7400674713378514
gyro_norm,24.933,0.7359498282771633
gyro_norm,24.955,0.6287873542315944
gyro_norm,24.977,0.5529986943497864
gyro_norm,24.999,0.40280668047630497
gyro_norm,25.021,0.16819988852762854
gyro_norm,25.043,0.16405059768421704
gyro_norm,25.064,0.40573546605400773
gyro_norm,25.086,0.6399107746757806
gyro_norm,25.108,0.8751615307472502
gyro_norm,25.13,1.0288101643136007
gyro_norm,25.152,1.0671153570352288
gyro_norm,25.174,0.9957370074099477
gyro_norm,25.196,0.8902519527759403
gyro_norm,25.217,0.8231637591586193
gyro_norm,25.239,0.7584036155459216
gyro_norm,25.261,0.7947244082060139
gyro_norm,25.284,0.6973915837470724
gyro_norm,25.305,0.9043992322249242
gyro_norm,25.327,1.182955475047937
gyro_norm,25.349,1.2490640650432752
gyro_norm,25.37,1.2123621489165373
gyro_norm,25.393,1.186591725565496
gyro_norm,25.415,1.0634045822267877
gyro_norm,25.436,0.8372608995014654
gyro_norm,25.458,0.5730471096152352
gyro_norm,25.48,0.5728041076812751
gyro_norm,25.502,0.8169740566863327
gyro_norm,25.524,0.8707396722122195
gyro_norm,25.546,0.779306462054474
gyro_norm,25.568,0.6821812539257572
gyro_norm,25.589,0.6841255868042946
gyro_norm,25.611,0.7374156744406586
gyro_norm,25.633,0.794156063350671
gyro_norm,25.655,0.90455795172363
gyro_norm,25.677,1.0275978150586091
gyro_norm,25.699,1.2194716817010205
gyro_norm,25.72,1.4993793689012846
gyro_norm,25.743,1.523009525760555
gyro_norm,25.765,1.0978516146359
gyro_norm,25.786,0.7717138137351873
gyro_norm,25.808,0.8578584228684254
gyro_norm,25.83,1.4090838459374126
gyro_norm,25.853,1.5841707868942019
gyro_norm,25.874,1.470205524863401
gyro_norm,25.896,1.2390862180784612
gyro_norm,25.918,1.2755548493853919
gyro_norm,25.939,1.5501809936271609
gyro_norm,25.961,1.659506810558342
gyro_norm,25.983,1.5314388157117675
gyro_norm,26.005,1.2921086985595716
gyro_norm,26.027,1.1859852644751911
gyro_norm,26.049,1.2371533477004155
gyro_norm,26.071,1.2367601515205688
gyro_norm,26.094,1.1504987975295826
gyro_norm,26.115,1.0978423065040284
gyro_norm,26.137,1.1074221456051538
gyro_norm,26.158,1.1457529100162684
gyro_norm,26.18,1.190937489254874
gyro_norm,26.207,1.2342865902154785
gyro_norm,26.232,1.3153601456709956
gyro_norm,26.247,1.3713014157857044
gyro_norm,26.268,1.322279253389874
gyro_norm,26.29,1.1795789133623034
gyro_norm,26.311,1.0359809774350373
gyro_norm,26.333,0.9792247199936482
gyro_norm,26.355,0.940552370136383
gyro_norm,26.377,0.9197474313082041
gyro_norm,26.4,0.8973488191584877
gyro_norm,26.421,0.9410517021189139
gyro_norm,26.448,1.0194519463444003
gyro_norm,26.465,1.0567288403361852
gyro_norm,26.487,1.0384178954655559
gyro_norm,26.508,1.0076626040886822
gyro_norm,26.531,1.0221980921856173
gyro_norm,26.553,1.0864238140507132
gyro_norm,26.574,1.1648326012987686
gyro_norm,26.596,1.2767704243317435
gyro_norm,26.618,1.3716552471841337
gyro_norm,26.639,1.4361379197028967
gyro_norm,26.661,1.3198876218743008
gyro_norm,26.683,0.9649224447484167
gyro_norm,26.705,0.6174381584136108
gyro_norm,26.727,0.6483919785267163
gyro_norm,26.749,0.8310605398046882
gyro_norm,26.771,1.014395877596582
gyro_norm,26.793,1.028333481249024
gyro_norm,26.814,0.9824081313003471
gyro_norm,26.836,0.9036150905671908
gyro_norm,26.858,0.8336084838349725
gyro_norm,26.88,0.8155671459232301
gyro_norm,26.902,0.8179902532126139
gyro_norm,26.924,0.8428097695167167
gyro_norm,26.946,0.9955528920050936
gyro_norm,26.968,1.3091987545444899
gyro_norm,26.989,1.3344521581115376
gyro_norm,27.011,1.122073920122333
gyro_norm,27.033,1.0726567747215197
gyro_norm,27.056,1.2795387033801406
gyro_norm,27.077,1.573657009719864
gyro_norm,27.099,1.8417383352989984
gyro_norm,27.121,1.8340465265199137
gyro_norm,27.143,1.4995867194549435
gyro_norm,27.165,1.4937944179163154
gyro_norm,27.186,1.8008065606610282
gyro_norm,27.208,2.012831135382584
gyro_norm,27.23,2.1391614793668414
gyro_norm,27.253,2.1608660370902
gyro_norm,27.274,2.142376426037562
gyro_norm,27.296,2.094974942093587
gyro_norm,27.318,1.9664471967033685
gyro_norm,27.34,1.64262072901294
gyro_norm,27.361,1.259216354553597
gyro_norm,27.383,1.0030998195453946
gyro_norm,27.405,0.8953576201289184
gyro_norm,27.427,0.8810104153230265
gyro_norm,27.449,0.8607670609064727
gyro_norm,27.471,0.9794749706000467
gyro_norm,27.493,1.178473969071872
gyro_norm,27.515,1.2231394076439805
gyro_norm,27.536,1.00896053195138
gyro_norm,27.558,0.7736076278125045
gyro_norm,27.58,0.6709579808671375
gyro_norm,27.602,0.568722556564196
gyro_norm,27.624,0.40276580138044704
gyro_norm,27.646,0.4476635194577858
gyro_norm,27.668,1.0052686266628663
gyro_norm,27.69,1.7095037641978648
gyro_norm,27.712,1.693254779511935
gyro_norm,27.733,1.0196592489878116
gyro_norm,27.755,0.589524885913554
gyro_norm,27.777,0.8989585213365854
gyro_norm,27.799,1.2229575594116948
gyro_norm,27.821,1.3598906632539058
gyro_norm,27.843,1.3640797991428144
gyro_norm,27.865,1.279991910397603
gyro_norm,27.887,1.3189918671918417
gyro_norm,27.908,1.4706955070631271
gyro_norm,27.93,1.6228475797401085
gyro_norm,27.953,1.722243215431109
gyro_norm,27.974,1.7813528652782644
gyro_norm,27.996,1.9076622581749432
gyro_norm,28.018,2.0487861668501393
gyro_norm,28.04,2.097378931443789
gyro_norm,28.061,2.0129731475006087
gyro_norm,28.084,1.8330842013724196
gyro_norm,28.105,1.6878345035347844
gyro_norm,28.127,1.5493136580103872
gyro_norm,28.149,1.5256130967455486
gyro_norm,28.171,1.6748046580585405
gyro_norm,28.193,1.815274352042189
gyro_norm,28.215,1.8525357682426917
gyro_norm,28.237,1.8256404224952378
gyro_norm,28.258,1.9027889238117959
gyro_norm,28.28,1.9933793530047768
gyro_norm,28.302,1.8082125491325474
gyro_norm,28.324,1.5815114462369664
gyro_norm,28.346,1.6141650392611995
gyro_norm,28.368,1.6508714849573156
gyro_norm,28.39,1.4108501885504068
gyro_norm,28.412,1.3333199119235752
gyro_norm,28.433,1.5283641948877011
gyro_norm,28.455,1.6351386463721065
gyro_norm,28.477,1.6582674907583494
gyro_norm,28.499,1.6225807124608493
gyro_norm,28.521,1.5325115113895806
gyro_norm,28.543,1.429088940413636
gyro_norm,28.565,1.3142608750221527
gyro_norm,28.587,1.1611195343533494
gyro_norm,28.608,0.9832489805797212
gyro_norm,28.63,0.7532217133878597
gyro_norm,28.653,0.3738488919528856
gyro_norm,28.674,0.16517687860280866
gyro_norm,28.696,0.48384121161666493
gyro_norm,28.718,0.7467495542690918
gyro_norm,28.74,0.8937528800471132
gyro_norm,28.762,0.8289862360151233
gyro_norm,28.784,0.7013269886146707
gyro_norm,28.805,0.9781121546836692
gyro_norm,28.827,1.0952785504672526
gyro_norm,28.849,0.6034832941133123
gyro_norm,28.871,0.9763523819019166
gyro_norm,28.893,0.48071336495066336
gyro_norm,28.915,0.8553409757277165
gyro_norm,28.937,1.3444293985206923
gyro_norm,28.959,1.1784150158289737
gyro_norm,28.98,0.8593474302953074
gyro_norm,29.003,0.6991140055979758
gyro_norm,29.024,0.825207490382225
gyro_norm,29.046,0.9987850907114769
gyro_norm,29.068,1.0674987736495727
gyro_norm,29.09,1.0993210793249129
gyro_norm,29.113,0.9634715815995988
gyro_norm,29.134,0.7522377700688277
gyro_norm,29.155,0.6120434474229126
gyro_norm,29.177,0.5203363837171023
gyro_norm,29.199,0.4595611230106165
gyro_norm,29.221,0.4110823612245069
gyro_norm,29.243,0.32202007512301245
gyro_norm,29.265,0.2498373552210674
gyro_norm,29.287,0.16345933939535515
gyro_norm,29.309,0.08182923686760864
gyro_norm,29.331,0.04331893924866588
gyro_norm,29.353,0.21297382887967267
gyro_norm,29.374,0.2960590450493592
gyro_norm,29.396,0.4418822026586425
gyro_norm,29.418,0.6589182145167051
gyro_norm,29.44,0.38188534729921647
gyro_norm,29.462,0.28976741758092234
gyro_norm,29.484,0.8016190001588676
gyro_norm,29.506,0.786035331295924
gyro_norm,29.527,0.5872540006883787
gyro_norm,29.549,0.5165392146197826
gyro_norm,29.571,0.31647029406718885
gyro_norm,29.593,0.15965811773696245
gyro_norm,29.615,0.2882111081576388
gyro_norm,29.637,0.38208312239673986
gyro_norm,29.659,0.4264751227152098
gyro_norm,29.681,0.4660684053345414
gyro_norm,29.704,0.3895985142130052
gyro_norm,29.724,0.2877574272402386
gyro_norm,29.746,0.22134409065337513
gyro_norm,29.768,0.2933742871679201
gyro_norm,29.79,0.30430092087344573
gyro_norm,29.813,0.23126905511577533
gyro_norm,29.834,0.09633257816373568
gyro_norm,29.856,0.2052963496789888
gyro_norm,29.878,0.425152508524203
gyro_norm,29.899,0.5758813238706025
gyro_norm,29.921,0.570819277608913
gyro_norm,29.945,0.3363897125350032
gyro_norm,29.965,0.27722234320660155
gyro_norm,29.987,0.33150862142555176
gyro_norm,30.009,1.082099554500636
gyro_norm,30.031,1.2107701319079516
gyro_norm,30.053,0.6922139032312495
gyro_norm,30.074,0.5624929975387756
gyro_norm,30.096,0.4226302123563264
gyro_norm,30.118,0.5543798641571224
gyro_norm,30.14,0.6013989837817848
gyro_norm,30.162,0.6114345617847249
gyro_norm,30.184,0.41265131033480273
gyro_norm,30.206,0.3489400594193518
gyro_norm,30.228,0.5045414487171289
gyro_norm,30.252,0.5252064574219598
gyro_norm,30.274,0.41591732353661987
gyro_norm,30.293,0.2756285841525315
gyro_norm,30.315,0.16252405062098133
gyro_norm,30.337,0.07958931455306953
gyro_norm,30.359,0.06030124188752432
gyro_norm,30.381,0.18615283238730534
gyro_norm,30.403,0.2716721984029356
gyro_norm,30.427,0.20936777662423636
gyro_norm,30.447,0.0608203609129167
gyro_norm,30.468,0.2092123177663844
gyro_norm,30.49,0.2801334926806143
gyro_norm,30.513,0.1755530235689556
gyro_norm,30.535,0.1598644649465402
gyro_norm,30.556,0.550279193564165
gyro_norm,30.578,0.9780943325885458
gyro_norm,30.6,0.9146753742325242
gyro_norm,30.622,0.7340715443474575
gyro_norm,30.644,0.6928010587791227
gyro_norm,30.666,0.5410366457281648
gyro_norm,30.687,0.4492127228921629
gyro_norm,30.709,0.5783899598926527
gyro_norm,30.731,0.7590955450272797
gyro_norm,30.754,0.847774419792924
gyro_norm,30.775,0.8211619276515358
gyro_norm,30.797,0.7458003382369957
gyro_norm,30.819,0.6705648713523243
gyro_norm,30.841,0.5525620060313073
gyro_norm,30.862,0.43357430777912115
gyro_norm,30.884,0.4317584691099167
gyro_norm,30.909,0.5459434136115376
gyro_norm,30.928,0.5824862962639777
gyro_norm,30.95,0.596331261345073
gyro_norm,30.972,0.6721695680897002
gyro_norm,30.994,0.6760360898466903
gyro_norm,31.015,0.6246030433512376
gyro_norm,31.037,0.5454004304153076
gyro_norm,31.059,0.50766976832587
gyro_norm,31.081,0.7369241524828957
gyro_norm,31.103,0.5466626356174307
gyro_norm,31.125,0.7018514090421454
gyro_norm,31.151,1.0503806761485714
gyro_norm,31.168,0.5445825439706927
gyro_norm,31.191,0.5109826491795063
gyro_norm,31.213,0.3731935409464556
gyro_norm,31.234,0.24463198732260466
gyro_norm,31.256,0.3231167606586085
gyro_norm,31.279,0.44109962738218217
gyro_norm,31.3,0.30134511722997886
gyro_norm,31.323,0.25326524626467156
gyro_norm,31.351,0.31416783463760906
gyro_norm,31.365,0.2656615773146887
gyro_norm,31.387,0.14261002492797925
gyro_norm,31.41,0.11902157849879394
gyro_norm,31.431,0.07003831851231963
gyro_norm,31.453,0.13159050685047488
gyro_norm,31.475,0.23774891501405254
gyro_norm,31.497,0.2540819761556496
gyro_norm,31.519,0.2930052313630815
gyro_norm,31.543,0.3840057497527049
gyro_norm,31.562,0.39634119352145386
gyro_norm,31.588,0.40856016094874303
gyro_norm,31.606,0.3401800412880916
gyro_norm,31.628,0.17725883186079577
gyro_norm,31.65,0.41889071510148784
gyro_norm,31.672,0.7547698949137839
gyro_norm,31.694,1.144771414891909
gyro_norm,31.716,1.4232166253945215
gyro_norm,31.738,2.028767659461781
gyro_norm,31.76,2.352775869461005
gyro_norm,31.781,2.03864697812533
gyro_norm,31.803,1.3953865079807397
gyro_norm,31.826,0.6360308511032141
gyro_norm,31.847,0.6803160631673103
gyro_norm,31.875,1.0734089956409065
gyro_norm,31.891,1.0071317323160252
gyro_norm,31.914,0.8256372780665294
gyro_norm,31.935,0.87503099571088
gyro_norm,31.956,0.8678251438294873
gyro_norm,31.978,0.769590748576753
gyro_norm,32.0,0.7109912952460259
gyro_norm,32.022,0.6390335895086349
gyro_norm,32.047,0.46164516654864707
gyro_norm,32.065,0.36129454401841954
gyro_norm,32.088,0.6039599841891251
gyro_norm,32.11,0.7044237971325855
gyro_norm,32.132,0.6276167017305678
gyro_norm,32.154,0.30996218855916235
gyro_norm,32.175,0.9746994409382563
gyro_norm,32.197,1.3764772887902408
gyro_norm,32.219,1.3932708077517915
gyro_norm,32.241,0.7425388505731912
gyro_norm,32.262,0.30020032671066216
gyro_norm,32.285,0.35643465339873126
gyro_norm,32.306,0.46148871028127625
gyro_norm,32.328,0.48094899642549577
gyro_norm,32.35,0.36089868240201983
gyro_norm,32.372,0.3423507080693693
gyro_norm,32.394,0.4357933787325275
gyro_norm,32.415,0.4739061369708478
gyro_norm,32.437,0.565417527201551
gyro_norm,32.459,0.622234056940906
gyro_norm,32.481,0.5787757107106741
gyro_norm,32.503,0.44797636734373525
gyro_norm,32.526,0.3288969533721871
gyro_norm,32.553,0.27523997413817614
gyro_norm,32.573,0.2249090610535144
gyro_norm,32.594,0.1373903494945549
gyro_norm,32.615,0.1353494659445042
gyro_norm,32.637,0.19117585739054857
gyro_norm,32.656,0.3712098433255623
gyro_norm,32.678,0.5360637159380585
gyro_norm,32.699,0.47061344825865686
gyro_norm,32.719,0.611377480333234
gyro_norm,32.74,0.8803161327386957
gyro_norm,32.761,0.6159412482093665
gyro_norm,32.781,1.0159838411353002
gyro_norm,32.802,1.3609211079154064
gyro_norm,32.824,1.2992988756068191
gyro_norm,32.843,0.8867390782513971
gyro_norm,32.865,0.4483391856193907
gyro_norm,32.886,0.492345102476926
gyro_norm,32.906,0.8091431994330172
gyro_norm,32.927,0.8358091137834046
gyro_norm,32.948,0.65519633338748
gyro_norm,32.971,0.5496599920111639
gyro_norm,32.991,0.589664331481863
gyro_norm,33.013,0.6371874806739697
gyro_norm,33.035,0.6951051531279862
gyro_norm,33.057,0.7581330435780229
gyro_norm,33.078,0.7655887128453395
gyro_norm,33.1,0.6567810734470129
gyro_norm,33.122,0.4641835342286666
gyro_norm,33.144,0.2144038541626351
gyro_norm,33.166,0.25640103290135374
gyro_norm,33.188,0.5195263478618802
gyro_norm,33.21,0.7281224337582062
gyro_norm,33.232,0.8835557224470084
gyro_norm,33.254,0.8897159704656281
gyro_norm,33.275,1.0760091015980109
gyro_norm,33.297,1.1385503600833182
gyro_norm,33.319,0.5671519616479868
gyro_norm,33.341,1.3743928779186696
gyro_norm,33.363,1.135565403557543
gyro_norm,33.385,0.5330617221623256
gyro_norm,33.407,0.7539911732022118
gyro_norm,33.428,0.8977241976127781
gyro_norm,33.451,0.872149693346489
gyro_norm,33.473,0.7648872016788608
gyro_norm,33.494,0.6017331775300488
gyro_norm,33.516,0.4675070349604647
gyro_norm,33.538,0.4904225462172974
gyro_norm,33.56,0.5391428894191315
gyro_norm,33.582,0.5069186461109996
gyro_norm,33.604,0.4639118322925929
gyro_norm,33.626,0.48239257433664606
gyro_norm,33.647,0.580011285894484
gyro_norm,33.669,0.6461235430297099
gyro_norm,33.691,0.7117730745672816
gyro_norm,33.713,0.7616575846686489
gyro_norm,33.735,0.7817925264554945
gyro_norm,33.757,0.8369026636105507
gyro_norm,33.779,0.7572229803045825
gyro_norm,33.801,0.5274542888588106
gyro_norm,33.822,0.2745453674619242
gyro_norm,33.844,0.2056261561769638
gyro_norm,33.866,0.9634881512308194
gyro_norm,33.888,1.574621802554996
gyro_norm,33.91,1.3216665227666848
gyro_norm,33.932,0.5647115391592437
gyro_norm,33.954,0.5658698950470636
gyro_norm,33.976,0.8885743180001706
gyro_norm,33.997,0.7839946882470029
gyro_norm,34.019,0.6967891425815674
gyro_norm,34.041,0.7360272057835145
gyro_norm,34.063,0.756901613262683
gyro_norm,34.085,0.7301016908788118
gyro_norm,34.108,0.6191393281549252
gyro_norm,34.129,0.4847854880381963
gyro_norm,34.151,0.4918382765068788
gyro_norm,34.173,0.5679232166152104
gyro_norm,34.194,0.6420923148186874
gyro_norm,34.216,0.6558178408422449
gyro_norm,34.238,0.5482466423140223
gyro_norm,34.26,0.328477637858817
gyro_norm,34.282,0.1743279269174837
gyro_norm,34.304,0.40419454510802744
gyro_norm,34.326,0.5330392121708313
gyro_norm,34.347,0.49852688805359896
gyro_norm,34.369,0.5511645874110426
gyro_norm,34.391,0.8089301656042265
gyro_norm,34.413,0.5585432664060855
gyro_norm,34.435,0.8045193661438896
gyro_norm,34.457,0.3633082753852471
gyro_norm,34.479,0.5716960660232454
gyro_norm,34.5,0.5638914611489333
gyro_norm,34.523,0.49615790075239136
gyro_norm,34.544,0.2759806438503956
gyro_norm,34.566,0.401112292924818
gyro_norm,34.588,0.4650942495744131
gyro_norm,34.61,0.42181705427160304
gyro_norm,34.633,0.5245122153609406
gyro_norm,34.655,0.5849292006488352
gyro_norm,34.693,0.575016309527509
gyro_norm,34.713,0.4981870287543515
gyro_norm,34.733,0.34936555603798997
gyro_norm,34.754,0.314845711788229
gyro_norm,34.776,0.35623173396338265
gyro_norm,34.796,0.3768627906272701
gyro_norm,34.817,0.40156804984469274
gyro_norm,34.838,0.4665869890594345
gyro_norm,34.858,0.5110077716497426
gyro_norm,34.88,0.571246537946475
gyro_norm,34.9,0.6309042577772696
gyro_norm,34.921,0.608455561836379
gyro_norm,34.941,0.6396976538734632
gyro_norm,34.963,0.8511957436606056
gyro_norm,34.983,0.7668487052769347
gyro_norm,35.004,0.6028645620125516
gyro_norm,35.025,0.8265448246323261
gyro_norm,35.045,0.7416654084572308
gyro_norm,35.066,0.5067084765688791
gyro_norm,35.087,0.4738052195470457
gyro_norm,35.11,0.4764398905942093
gyro_norm,35.133,0.6304384852873435
gyro_norm,35.155,0.7364815289255154
gyro_norm,35.177,0.690218831243307
gyro_norm,35.198,0.41517285888550687
gyro_norm,35.22,0.24657901851059552
gyro_norm,35.242,0.1785753811352332
gyro_norm,35.264,0.19097965586267618
gyro_norm,35.286,0.3547910540778069
gyro_norm,35.308,0.3135657797593961
gyro_norm,35.33,0.30467439804786633
gyro_norm,35.351,0.35031181607552064
gyro_norm,35.374,0.272596566284082
gyro_norm,35.395,0.26580366472842776
gyro_norm,35.417,0.5311647809036801
gyro_norm,35.439,0.5588552531446896
gyro_norm,35.461,0.366396035797645
gyro_norm,35.483,0.3355426515489394
gyro_norm,35.505,0.5102048612644222
gyro_norm,35.527,0.6158270087913938
gyro_norm,35.549,0.697886439860709
gyro_norm,35.57,0.41091779892781777
gyro_norm,35.593,0.3901970820307619
gyro_norm,35.614,0.6247411384918482
gyro_norm,35.636,0.538549395753623
gyro_norm,35.658,0.23179007696544762
gyro_norm,35.68,0.329849897507201
gyro_norm,35.702,0.28709352950198175
gyro_norm,35.724,0.3480415545985814
gyro_norm,35.745,0.3412435096404651
gyro_norm,35.767,0.4091416081627157
gyro_norm,35.789,0.5576573439548804
gyro_norm,35.811,0.5344540751805857
gyro_norm,35.833,0.3853527296273254
gyro_norm,35.855,0.2985655734394603
gyro_norm,35.877,0.32424673084044825
gyro_norm,35.899,0.325214838157133
gyro_norm,35.92,0.20834120943982187
gyro_norm,35.943,0.14814210429853944
gyro_norm,35.964,0.09781671839317664
gyro_norm,35.986,0.08850664247004077
gyro_norm,36.008,0.15482327106086696
gyro_norm,36.03,0.16455785182843638
gyro_norm,36.052,0.10897753090882471
gyro_norm,36.074,0.06924547239550528
gyro_norm,36.096,0.03080365514291598
gyro_norm,36.118,0.06966369567878072
gyro_norm,36.14,0.15680324090501901
gyro_norm,36.161,0.14679085351795487
gyro_norm,36.183,0.10150067703550628
gyro_norm,36.205,0.13049159444714342
gyro_norm,36.227,0.22920115733611487
gyro_norm,36.249,0.28679316560033763
gyro_norm,36.271,0.34359372079514977
gyro_norm,36.293,0.427706482424119
gyro_norm,36.314,0.3666568570258379
gyro_norm,36.336,0.21114023020695585
gyro_norm,36.358,0.3521855040189564
gyro_norm,36.38,1.2883917868867663
gyro_norm,36.404,2.084880655773927
gyro_norm,36.424,2.1736850960739704
gyro_norm,36.446,1.6597227951470443
gyro_norm,36.467,0.9757691114547263
gyro_norm,36.489,0.5722971558925088
gyro_norm,36.511,0.5194071998620451
gyro_norm,36.534,0.5652839201850136
gyro_norm,36.555,0.4784958398808186
gyro_norm,36.577,0.4622357158384364
gyro_norm,36.599,0.5278994159552431
gyro_norm,36.621,0.5125836253104069
gyro_norm,36.642,0.4760075365470505
gyro_norm,36.664,0.5243289014869744
gyro_norm,36.686,0.6057400182478795
gyro_norm,36.708,0.7109231387477573
gyro_norm,36.73,0.7046410929243989
gyro_norm,36.753,0.5744158033810511
gyro_norm,36.774,0.35092981846906884
gyro_norm,36.802,0.10952072585549279
gyro_norm,36.817,0.47005463588505775
gyro_norm,36.84,0.5942120246848652
gyro_norm,36.862,0.5376016552435763
gyro_norm,36.883,0.6410118437463433
gyro_norm,36.906,1.0164478117562155
gyro_norm,36.928,1.8902018770112625
gyro_norm,36.949,2.048701021817547
gyro_norm,36.971,1.7341292155804306
gyro_norm,36.994,1.5931510863513305
gyro_norm,37.015,1.2278839155903123
gyro_norm,37.037,1.0256819163710396
gyro_norm,37.059,1.01533003972892
gyro_norm,37.081,1.0055013786099607
gyro_norm,37.107,0.8618091781200666
gyro_norm,37.124,0.7593130266836968
gyro_norm,37.147,0.7824719165211605
gyro_norm,37.168,0.7503151428501497
gyro_norm,37.19,0.6436429848062306
gyro_norm,37.212,0.4127373004154519
gyro_norm,37.234,0.18227521673359282
gyro_norm,37.256,0.15813642076714285
gyro_norm,37.277,0.2399861491966368
gyro_norm,37.299,0.2735945147974463
gyro_norm,37.321,0.2941544558533694
gyro_norm,37.343,0.49538685750293115
gyro_norm,37.365,0.6775085730805694
gyro_norm,37.387,0.734278605609649
gyro_norm,37.409,0.6452671419804068
gyro_norm,37.43,0.7287303859416931
gyro_norm,37.453,1.3999131396798483
gyro_norm,37.474,1.7335479066818573
gyro_norm,37.496,1.3947329980266352
gyro_norm,37.518,1.060314715832408
gyro_norm,37.54,1.1529147881215478
gyro_norm,37.562,0.9946027633757912
gyro_norm,37.594,0.47652178292397857
gyro_norm,37.605,0.28751049102393916
gyro_norm,37.635,0.4436432520419936
gyro_norm,37.65,0.577936262115317
gyro_norm,37.671,0.5732147792785661
gyro_norm,37.693,0.39158534048129506
gyro_norm,37.715,0.28248781016703906
gyro_norm,37.737,0.21546853852897413
gyro_norm,37.759,0.273414026155189
gyro_norm,37.781,0.39497678552790794
gyro_norm,37.802,0.405370731534604
gyro_norm,37.824,0.35203068852333036
gyro_norm,37.846,0.14309865799538057
gyro_norm,37.868,0.36987675541549037
gyro_norm,37.89,0.8159838449129209
gyro_norm,37.912,0.9846055901612953
gyro_norm,37.933,0.8958514453769498
gyro_norm,37.956,0.881886741523258
gyro_norm,37.977,0.8051559001049546
gyro_norm,37.999,0.854773264841165
gyro_norm,38.021,1.1178323403138264
gyro_norm,38.043,0.5272141293074168
gyro_norm,38.065,0.9402149865106091
gyro_norm,38.087,0.8932764032998673
gyro_norm,38.113,0.65118024974635
gyro_norm,38.131,0.5896439946694852
gyro_norm,38.154,0.5337566538415512
gyro_norm,38.174,0.5604360130779973
gyro_norm,38.197,0.6017822716492522
gyro_norm,38.218,0.5870056723187006
gyro_norm,38.24,0.6011531327710946
gyro_norm,38.262,0.5568552952139765
gyro_norm,38.284,0.3986248771892818
gyro_norm,38.305,0.2665429669397017
gyro_norm,38.327,0.3295470558096719
gyro_norm,38.349,0.3914543518565047
gyro_norm,38.372,0.5540150425275826
gyro_norm,38.393,0.6233385881081737
gyro_norm,38.415,0.5232144492323829
gyro_norm,38.437,0.4535276670474007
gyro_norm,38.459,0.429090715280219
gyro_norm,38.48,0.3660350809797081
gyro_norm,38.503,0.23052169802931188
gyro_norm,38.524,0.43632173720645684
gyro_norm,38.546,0.6966269463777829
gyro_norm,38.568,0.48684860029400284
gyro_norm,38.59,0.27401515081867317
gyro_norm,38.612,0.5853443617137264
gyro_norm,38.634,0.6750767840096238
gyro_norm,38.656,0.6758511888329611
gyro_norm,38.678,0.5835347763276431
gyro_norm,38.699,0.6429734915269983
gyro_norm,38.721,0.8333777303124963
gyro_norm,38.743,0.938889637083237
gyro_norm,38.766,0.9089142361441587
gyro_norm,38.791,0.7294141521094992
gyro_norm,38.809,0.5272793884492981
gyro_norm,38.83,0.42734462906784565
gyro_norm,38.854,0.4717457068792365
gyro_norm,38.874,0.45200290680353816
gyro_norm,38.896,0.3604829700587678
gyro_norm,38.919,0.2740530694727958
gyro_norm,38.94,0.22472123549122036
gyro_norm,38.962,0.14117874766786728
gyro_norm,38.984,0.16834985385404305
gyro_norm,39.006,0.39212736473776705
gyro_norm,39.029,0.6173021636783043
gyro_norm,39.049,0.7926136928329849
gyro_norm,39.072,0.9153951305767676
gyro_norm,39.093,1.027631020839934
gyro_norm,39.115,0.672228357551108
gyro_norm,39.137,0.9612889792014989
gyro_norm,39.159,0.7606614800446173
gyro_norm,39.181,1.0786287021782617
gyro_norm,39.208,1.055265978208964
gyro_norm,39.227,0.8444102938708221
gyro_norm,39.247,0.5293065077132671
gyro_norm,39.268,0.632262137023068
gyro_norm,39.29,0.7134869529890744
gyro_norm,39.312,0.6435292531929382
gyro_norm,39.334,0.5783270498569882
gyro_norm,39.356,0.5423568073575143
gyro_norm,39.378,0.5244252423028886
gyro_norm,39.4,0.49091270500315565
gyro_norm,39.422,0.3838983927701167
gyro_norm,39.444,0.2581240248218484
gyro_norm,39.465,0.16838738088337915
gyro_norm,39.487,0.15779204911531142
gyro_norm,39.509,0.16230750110085546
gyro_norm,39.531,0.06809053081083272
gyro_norm,39.554,0.1729406138854361
gyro_norm,39.575,0.2563667844045737
gyro_norm,39.597,0.37823656009473344
gyro_norm,39.618,0.4203547126496257
gyro_norm,39.641,0.26220752800265407
gyro_norm,39.662,0.38033048826895866
gyro_norm,39.685,0.280988307974139
gyro_norm,39.706,0.5207741874669833
gyro_norm,39.728,0.7750629111234415
gyro_norm,39.75,0.7099993641354321
gyro_norm,39.772,0.792234046881531
gyro_norm,39.794,0.7667881315628523
gyro_norm,39.816,0.3791936501839356
gyro_norm,39.837,0.23705185202688966
gyro_norm,39.859,0.6010190202263513
gyro_norm,39.881,0.6770157493161724
gyro_norm,39.903,0.4662956034701689
gyro_norm,39.93,0.3567276912659337
gyro_norm,39.947,0.33563019746131517
gyro_norm,39.969,0.31713978158177025
gyro_norm,39.99,0.40774612860695
gyro_norm,40.014,0.4018216074080451
gyro_norm,40.034,0.3345265239617887
gyro_norm,40.056,0.3448409141759233
gyro_norm,40.078,0.36243443018960847
gyro_norm,40.1,0.3378715771202718
gyro_norm,40.122,0.41908857907331204
gyro_norm,40.143,0.5431296942524746
gyro_norm,40.166,0.6191065120645449
gyro_norm,40.187,0.5984062198555394
gyro_norm,40.209,0.5888106329422648
gyro_norm,40.231,0.4711495090500101
gyro_norm,40.253,1.2467844246470339
gyro_norm,40.274,1.095568134321466
gyro_norm,40.297,0.8018956818780234
gyro_norm,40.318,0.8256508566457328
gyro_norm,40.34,0.5459381100440632
gyro_norm,40.362,0.6015326453214169
gyro_norm,40.384,0.41842358807015706
gyro_norm,40.407,0.34887429837188677
gyro_norm,40.428,0.33788160181100196
gyro_norm,40.45,0.4198997062728076
gyro_norm,40.472,0.501924554615858
gyro_norm,40.494,0.5984419540762742
gyro_norm,40.515,0.5588575893335196
gyro_norm,40.538,0.38471321594900226
gyro_norm,40.559,0.2993019710176814
gyro_norm,40.581,0.3542885614199414
gyro_norm,40.603,0.3591617673640035
gyro_norm,40.625,0.34934819670803763
gyro_norm,40.647,0.353920963401702
gyro_norm,40.669,0.2717798235144447
gyro_norm,40.691,0.22475372198726465
gyro_norm,40.713,0.34392301715394347
gyro_norm,40.734,0.3541613731004728
gyro_norm,40.756,0.30139227575063265
gyro_norm,40.779,0.20600537441189343
gyro_norm,40.8,0.3162292425685757
gyro_norm,40.822,1.3089057559730801
gyro_norm,40.846,1.862850486490194
gyro_norm,40.865,1.483733327914887
gyro_norm,40.887,0.6181814439577998
gyro_norm,40.909,0.3504156577811581
gyro_norm,40.931,0.3893892831227123
gyro_norm,40.953,0.48881585906218006
gyro_norm,40.975,0.7031323508397557
gyro_norm,40.997,0.8309013816732673
gyro_norm,41.019,0.8032789622151665
gyro_norm,41.04,0.6498036782981654
gyro_norm,41.062,0.508128311327469
gyro_norm,41.087,0.5961903220623855
gyro_norm,41.106,0.7203474625035453
gyro_norm,41.128,0.7663094170330997
gyro_norm,41.15,0.7295167456216498
gyro_norm,41.171,0.6936111266044179
gyro_norm,41.193,0.5543434712324813
gyro_norm,41.215,0.3021170009140966
gyro_norm,41.237,0.3719313135501646
gyro_norm,41.259,0.6517907514301863
gyro_norm,41.281,0.6744130633588223
gyro_norm,41.307,0.5741313295573001
gyro_norm,41.325,0.5495174821630865
gyro_norm,41.347,0.6039511654197739
gyro_norm,41.369,0.8839035181568969
gyro_norm,41.39,0.6893242852252882
gyro_norm,41.413,1.0707853074157136
gyro_norm,41.434,0.8901811921529872
gyro_norm,41.456,0.3948791421588066
gyro_norm,41.478,0.7237364293620583
gyro_norm,41.5,0.33869199214963364
gyro_norm,41.522,0.24049019153911247
gyro_norm,41.544,0.29238531076364593
gyro_norm,41.566,0.5120965168468098
gyro_norm,41.588,0.5490622959558296
gyro_norm,41.609,0.540760708657148
gyro_norm,41.631,0.6027659535705551
gyro_norm,41.654,0.6774496381188965
gyro_norm,41.675,0.6377007387236131
gyro_norm,41.697,0.46364725633498166
gyro_norm,41.719,0.23471139094884233
gyro_norm,41.741,0.27176574236063333
gyro_norm,41.762,0.33872063009533987
gyro_norm,41.784,0.3098477051869046
gyro_norm,41.806,0.3345602354942529
gyro_norm,41.828,0.3661211770445949
gyro_norm,41.85,0.3413403713773454
gyro_norm,41.872,0.23054505939465306
gyro_norm,41.894,0.165801826936829
gyro_norm,41.916,0.30864411470265196
gyro_norm,41.938,0.5153711717867709
gyro_norm,41.959,0.1910579632457149
gyro_norm,41.981,0.6491530016185794
gyro_norm,42.003,1.0304430493081762
gyro_norm,42.025,0.7969138769359145
gyro_norm,42.047,0.35057353793254475
gyro_norm,42.069,0.3968498139633814
gyro_norm,42.091,0.46413901442108974
gyro_norm,42.115,0.457329735941437
gyro_norm,42.135,0.45127184873114856
gyro_norm,42.156,0.43430385470670113
gyro_norm,42.178,0.2741621942487259
gyro_norm,42.2,0.2581438550807617
gyro_norm,42.222,0.3678146678112549
gyro_norm,42.244,0.4786308450888752
gyro_norm,42.27,0.6683278069029275
gyro_norm,42.287,0.8279785479240421
gyro_norm,42.31,0.8814947877396507
gyro_norm,42.331,0.7016940394289511
gyro_norm,42.353,0.2753727976187933
gyro_norm,42.375,0.22982579605956116
gyro_norm,42.397,0.5242517990864348
gyro_norm,42.419,0.6588886351267144
gyro_norm,42.441,0.7077726463648412
gyro_norm,42.463,0.6590407297709024
gyro_norm,42.486,0.47964892793335107
gyro_norm,42.506,0.400212197440678
gyro_norm,42.528,0.8664523238725536
gyro_norm,42.55,1.0029575813140477
gyro_norm,42.572,0.5317316213225393
gyro_norm,42.594,0.5697546474451033
gyro_norm,42.616,0.3988147694813724
gyro_norm,42.637,0.4910693221703911
gyro_norm,42.66,0.45300981026343745
gyro_norm,42.681,0.468584380899088
gyro_norm,42.71,0.42510338145879434
gyro_norm,42.725,0.46257099434239796
gyro_norm,42.747,0.5774961517752337
gyro_norm,42.769,0.6394848705264643
gyro_norm,42.791,0.5764824982783893
gyro_norm,42.814,0.4375845780486496
gyro_norm,42.834,0.4017636202125695
gyro_norm,42.857,0.4053089039305054
gyro_norm,42.878,0.408547358676614
gyro_norm,42.9,0.4699085350099998
gyro_norm,42.923,0.49971363552416437
gyro_norm,42.944,0.3810219231413966
gyro_norm,42.966,0.21313524666436434
gyro_norm,42.988,0.2012862520888723
gyro_norm,43.01,0.23597262417068726
gyro_norm,43.031,0.1921057472380181
gyro_norm,43.054,0.1309416472063233
gyro_norm,43.075,0.2261588710029532
gyro_norm,43.097,0.3401385226796369
gyro_norm,43.119,1.0179660226634435
gyro_norm,43.141,1.0616700088868873
gyro_norm,43.167,0.728903819161113
gyro_norm,43.185,0.5856501514065127
gyro_norm,43.207,0.5550210406355394
gyro_norm,43.228,0.5690296542820158
gyro_norm,43.251,0.6487270408260939
gyro_norm,43.273,0.7143359058740819
gyro_norm,43.294,0.6859956256508576
gyro_norm,43.316,0.5588038415899713
gyro_norm,43.338,0.5048439026413344
gyro_norm,43.359,0.5280678137107212
gyro_norm,43.382,0.46533690306423725
gyro_norm,43.406,0.3973594831561186
gyro_norm,43.425,0.3675119865137583
gyro_norm,43.447,0.28712245426735405
gyro_norm,43.469,0.2280569334667188
gyro_norm,43.491,0.37517703402406466
gyro_norm,43.514,0.4886641025816455
gyro_norm,43.535,0.5698175357576295
gyro_norm,43.557,0.6071483127518226
gyro_norm,43.578,0.6958803393424102
gyro_norm,43.6,0.9470233386479936
gyro_norm,43.622,0.9481143073243917
gyro_norm,43.644,0.9272264300579593
gyro_norm,43.668,1.0051923350338148
gyro_norm,43.688,0.9783159649791958
gyro_norm,43.709,0.5182974659672803
gyro_norm,43.732,0.511563801028834
gyro_norm,43.754,0.788992043471882
gyro_norm,43.775,0.8628271096018749
gyro_norm,43.797,0.9213103729180419
gyro_norm,43.819,0.9251630653335842
gyro_norm,43.841,0.8789089205863744
gyro_norm,43.863,0.8146785900619523
gyro_norm,43.885,0.7628663600647877
gyro_norm,43.906,0.776459920882777
gyro_norm,43.928,0.7802585530571846
gyro_norm,43.95,0.7383059960752087
gyro_norm,43.973,0.6343128802514398
gyro_norm,43.994,0.64031176963157
gyro_norm,44.016,0.6119838078548043
gyro_norm,44.038,0.4453242397771297
gyro_norm,44.06,0.4480376262667707
gyro_norm,44.082,0.4349590280355032
gyro_norm,44.105,0.4133916776370764
gyro_norm,44.126,0.32402205666319633
gyro_norm,44.147,0.17455307195143352
gyro_norm,44.169,0.265502937138737
gyro_norm,44.192,0.43703430614160066
gyro_norm,44.214,0.5214368118236491
gyro_norm,44.235,0.3544945356248528
gyro_norm,44.257,0.11416197087614126
gyro_norm,44.278,0.4016542694695479
gyro_norm,44.3,1.0540501266333393
gyro_norm,44.322,1.3712799333046843
gyro_norm,44.35,1.1266798064387105
gyro_norm,44.366,0.7814397378538404
gyro_norm,44.388,0.6464076720884646
gyro_norm,44.41,0.740772914301482
gyro_norm,44.431,0.6778006854051895
gyro_norm,44.453,0.5046994473223625
gyro_norm,44.475,0.5611585393786367
gyro_norm,44.497,0.667492211001988
gyro_norm,44.52,0.7252987485695684
gyro_norm,44.541,0.7775544437010334
gyro_norm,44.563,0.8736935661221708
gyro_norm,44.587,0.9866651500628357
gyro_norm,44.607,1.004302939884924
gyro_norm,44.628,0.9659413026901413
gyro_norm,44.651,0.7850015224400335
gyro_norm,44.673,0.39590026281875135
gyro_norm,44.694,0.1847715198273936
gyro_norm,44.716,0.5382852367640831
gyro_norm,44.738,0.7515321434759776
gyro_norm,44.76,0.8146369572168302
gyro_norm,44.789,0.7106182143257564
gyro_norm,44.803,0.5966106714211666
gyro_norm,44.826,0.6066576563601508
gyro_norm,44.848,0.864253680499309
gyro_norm,44.869,1.7280164770265896
gyro_norm,44.891,1.1982235505144043
gyro_norm,44.914,1.1639756335349647
gyro_norm,44.935,1.6384073557938061
gyro_norm,44.957,1.5114953350577465
gyro_norm,44.979,1.2443944615330542
gyro_norm,45.0,1.0386408914028407
gyro_norm,45.023,0.8986658903727391
gyro_norm,45.044,0.8219325597347477
gyro_norm,45.066,0.7934114109034189
gyro_norm,45.088,0.751954841793845
gyro_norm,45.11,0.6413750638988158
gyro_norm,45.132,0.4036812816011949
gyro_norm,45.153,0.23059442124079368
gyro_norm,45.175,0.29253863469115904
gyro_norm,45.198,0.2998397186858829
gyro_norm,45.219,0.24152099186878692
gyro_norm,45.242,0.286171846348326
gyro_norm,45.263,0.46009947190398415
gyro_norm,45.285,0.7005514757569431
gyro_norm,45.311,0.8751825988892374
gyro_norm,45.329,0.9164443938262385
gyro_norm,45.35,0.8899565848763846
gyro_norm,45.376,0.9580982164976326
gyro_norm,45.394,1.175709489160517
gyro_norm,45.416,1.2510602197058263
gyro_norm,45.438,0.9085058463982916
gyro_norm,45.46,0.5374755109717912
gyro_norm,45.482,0.8186421822595571
gyro_norm,45.507,1.2235957131077282
gyro_norm,45.525,1.4399828715986138
gyro_norm,45.547,1.5640719244872467
gyro_norm,45.569,1.4980762323309833
gyro_norm,45.591,1.2926481607088236
gyro_norm,45.613,1.0200932393368107
gyro_norm,45.635,0.7595058573294524
gyro_norm,45.657,0.6357304341056603
gyro_norm,45.679,0.71723438862761
gyro_norm,45.7,0.9735314168417011
gyro_norm,45.723,1.3017666867801598
gyro_norm,45.745,1.6171841208837685
gyro_norm,45.766,1.808920516352114
gyro_norm,45.788,1.8180160195544564
gyro_norm,45.81,1.729200022426556
gyro_norm,45.832,1.4893581900750867
gyro_norm,45.854,1.0704701268954266
gyro_norm,45.875,0.8632760592842995
gyro_norm,45.897,1.1102965890069931
gyro_norm,45.919,1.2253232456228609
gyro_norm,45.941,1.025671621060511
gyro_norm,45.963,0.6235423976966012
gyro_norm,45.986,0.34793405917768355
gyro_norm,46.007,0.6991429981066645
gyro_norm,46.029,1.295988210712493
gyro_norm,46.051,0.9092848912136903
gyro_norm,46.073,1.3488056986435852
gyro_norm,46.094,1.8537618083340723
gyro_norm,46.116,1.6508960161113297
gyro_norm,46.138,1.3431504263020557
gyro_norm,46.16,1.1870445987527958
gyro_norm,46.182,1.2343637983061249
gyro_norm,46.204,1.3498910184540462
gyro_norm,46.227,1.417340111710225
gyro_norm,46.248,1.4612370095136447
gyro_norm,46.269,1.5633249651914742
gyro_norm,46.291,1.6432729745848158
gyro_norm,46.313,1.592166762537301
gyro_norm,46.335,1.3293781902969262
gyro_norm,46.357,0.927624023293518
gyro_norm,46.379,0.7534660870743222
gyro_norm,46.4,0.7744376692058325
gyro_norm,46.429,0.8174291455147785
gyro_norm,46.445,0.6644018947270992
gyro_norm,46.467,0.4169658061996048
gyro_norm,46.488,0.41520170165957104
gyro_norm,46.51,0.5439172339562481
gyro_norm,46.532,0.5912020424981735
gyro_norm,46.554,0.4158958902522516
gyro_norm,46.575,0.5712123729853628
gyro_norm,46.598,1.1326187263643828
gyro_norm,46.62,1.6118375148925947
gyro_norm,46.641,1.543315544583524
gyro_norm,46.668,1.0738431038789011
gyro_norm,46.685,0.9149118953956181
gyro_norm,46.707,0.723758786815491
gyro_norm,46.729,0.30330439590483765
gyro_norm,46.755,0.2487237715335038
gyro_norm,46.773,0.5358106962217268
gyro_norm,46.795,0.6607995052382188
gyro_norm,46.816,0.7319013963420482
gyro_norm,46.839,0.880977341828049
gyro_norm,46.86,1.0263370503610307
gyro_norm,46.885,1.1073714422106626
gyro_norm,46.908,1.200869321580293
gyro_norm,46.926,1.292197442775093
gyro_norm,46.948,1.2625865661897404
gyro_norm,46.97,1.0014259291117729
gyro_norm,46.991,0.6808989251942026
gyro_norm,47.014,0.5540757608524818
gyro_norm,47.035,0.4922491335384472
gyro_norm,47.057,0.3889191009309776
gyro_norm,47.079,0.41049095003804575
gyro_norm,47.101,0.5843362297602319
gyro_norm,47.123,0.695934555691084
gyro_norm,47.145,0.7483131366745914
gyro_norm,47.167,1.0052755859881526
gyro_norm,47.188,1.4960214602481876
gyro_norm,47.211,0.6907015172889335
gyro_norm,47.233,1.071284353548897
gyro_norm,47.254,1.4655287065175089
gyro_norm,47.276,1.1503554854673512
gyro_norm,47.298,0.8920792060842426
gyro_norm,47.32,0.8279910085765169
gyro_norm,47.342,0.8852462756160029
gyro_norm,47.368,0.8272575870825621
gyro_norm,47.386,0.7617277276701886
gyro_norm,47.407,0.8395318211117271
gyro_norm,47.429,0.9111867812456066
gyro_norm,47.451,0.8104127851574916
gyro_norm,47.473,0.5617598503447149
gyro_norm,47.495,0.37171076911779133
gyro_norm,47.517,0.40727877008381597
gyro_norm,47.538,0.4065676856427797
gyro_norm,47.56,0.3096722192779188
gyro_norm,47.583,0.24524475736277745
gyro_norm,47.604,0.20034618663949258
gyro_norm,47.626,0.18139121979628567
gyro_norm,47.648,0.24966575969072835
gyro_norm,47.67,0.3447546660042588
gyro_norm,47.692,0.3831315946575856
gyro_norm,47.714,0.428309690103924
gyro_norm,47.735,0.9180934473767027
gyro_norm,47.757,1.1729073441687998
gyro_norm,47.779,0.778311211478361
gyro_norm,47.802,0.22393526900237423
gyro_norm,47.823,0.4117250092171703
gyro_norm,47.846,0.23220441802142933
gyro_norm,47.867,0.23735604916430603
gyro_norm,47.889,0.296523336565072
gyro_norm,47.91,0.39014396824225617
gyro_norm,47.934,0.42039044376286794
gyro_norm,47.954,0.34500996846233517
gyro_norm,47.977,0.31579795893426194
gyro_norm,47.998,0.35878663148459483
gyro_norm,48.021,0.5105801338852869
gyro_norm,48.042,0.6862803294989924
gyro_norm,48.071,0.70982824802813
gyro_norm,48.086,0.6761439069196264
gyro_norm,48.107,0.6234640563724027
gyro_norm,48.13,0.4434467620613954
gyro_norm,48.151,0.15044560653880631
gyro_norm,48.173,0.2631546361934279
gyro_norm,48.195,0.4939777870463844
gyro_norm,48.217,0.6623833069979038
gyro_norm,48.238,0.6279031091925811
gyro_norm,48.267,0.5678944361142508
gyro_norm,48.282,0.9905004461861803
gyro_norm,48.304,1.7715645366281174
gyro_norm,48.326,0.8109322141347574
gyro_norm,48.349,0.551636459598976
gyro_norm,48.37,0.7537797202624733
gyro_norm,48.392,0.4919768066915325
gyro_norm,48.414,0.36055074636859163
gyro_norm,48.436,0.3254084763848331
gyro_norm,48.457,0.4699287967183805
gyro_norm,48.479,0.5006433103953354
gyro_norm,48.501,0.5497045823599236
gyro_norm,48.524,0.6223786180829686
gyro_norm,48.545,0.5611858307746305
gyro_norm,48.567,0.35261696959067046
gyro_norm,48.588,0.21749879856052184
gyro_norm,48.611,0.1065767621939962
gyro_norm,48.634,0.07501676753916461
gyro_norm,48.654,0.33893042892187353
gyro_norm,48.676,0.5506291392035392
gyro_norm,48.698,0.488491453997382
gyro_norm,48.72,0.2699038674260089
gyro_norm,48.742,0.2130446289718837
gyro_norm,48.764,0.3910151991555041
gyro_norm,48.786,0.5078328142440354
gyro_norm,48.811,0.3061006478795212
gyro_norm,48.832,0.26694873925050927
gyro_norm,48.851,0.1617489500105445
gyro_norm,48.873,0.6735275483423954
gyro_norm,48.895,1.1367497567060911
gyro_norm,48.917,1.13263725382854
gyro_norm,48.939,0.9080655118627234
gyro_norm,48.96,0.5234676629804992
gyro_norm,48.983,0.24413840486803676
gyro_norm,49.004,0.4286397679573608
gyro_norm,49.027,0.7321134337701588
gyro_norm,49.048,0.8362352913093083
gyro_norm,49.071,0.6703726848533822
gyro_norm,49.092,0.44836454080826754
gyro_norm,49.114,0.46197865996101906
gyro_norm,49.136,0.6231601809186043
gyro_norm,49.158,0.8105909210626915
gyro_norm,49.179,0.9415667005655945
gyro_norm,49.201,1.0142872974457433
gyro_norm,49.225,1.0104138270937926
gyro_norm,49.246,0.8498364513467931
gyro_norm,49.267,0.4811883122441235
gyro_norm,49.289,0.2443538378219649
gyro_norm,49.311,0.5242647956971703
gyro_norm,49.334,0.668585916316325
gyro_norm,49.354,0.5936639626490017
gyro_norm,49.376,0.4774766379945776
gyro_norm,49.398,0.5304981875928366
gyro_norm,49.42,1.4822542934106406
gyro_norm,49.442,1.6776391458477593
gyro_norm,49.467,0.4422163891667255
gyro_norm,49.486,0.6758284319191072
gyro_norm,49.508,0.6952665983239509
gyro_norm,49.53,0.45256377749937454
gyro_norm,49.551,0.30704031917760066
gyro_norm,49.574,0.3450397932269212
gyro_norm,49.595,0.41055697900966737
gyro_norm,49.617,0.45857830382785647
gyro_norm,49.639,0.6055493549188311
gyro_norm,49.661,0.7176845685478547
gyro_norm,49.683,0.5569400577230111
gyro_norm,49.705,0.3808339079027679
gyro_norm,49.727,0.3742822106439756
gyro_norm,49.749,0.4217446813457238
gyro_norm,49.77,0.5468406639207894
gyro_norm,49.793,0.6445266042242533
gyro_norm,49.814,0.5594878758173019
gyro_norm,49.836,0.3308307932395549
gyro_norm,49.857,0.29309678774941966
gyro_norm,49.88,0.41159464584800165
gyro_norm,49.901,0.35383565185552296
gyro_norm,49.928,0.0478978958849675
gyro_norm,49.945,0.4371015286212773
gyro_norm,49.968,0.575984950451484
gyro_norm,49.989,0.5393816896792817
gyro_norm,50.011,1.1192778894461703
gyro_norm,50.033,1.0983939449564084
gyro_norm,50.055,0.7717209117364191
gyro_norm,50.077,0.4816040817455987
gyro_norm,50.098,0.2286273145945884
gyro_norm,50.12,0.464160440550682
gyro_norm,50.142,0.6707875784420889
gyro_norm,50.164,0.7491566352072333
gyro_norm,50.186,0.6844554146780627
gyro_norm,50.209,0.511879103621965
gyro_norm,50.23,0.39684356902022605
gyro_norm,50.252,0.41790882273167307
gyro_norm,50.274,0.48913092310234385
gyro_norm,50.295,0.6515121572807121
gyro_norm,50.317,0.8681786733015243
gyro_norm,50.339,0.9922666739438638
gyro_norm,50.361,0.8996662106636077
gyro_norm,50.383,0.5804913686798949
gyro_norm,50.405,0.272466662209892
gyro_norm,50.427,0.5860999273734228
gyro_norm,50.448,0.8308566477071824
gyro_norm,50.47,0.8619256434823803
gyro_norm,50.493,0.6909324683308192
gyro_norm,50.514,0.6682110162579444
gyro_norm,50.536,0.9618083758150375
gyro_norm,50.558,1.3710392607112611
gyro_norm,50.58,0.6336372949274653
gyro_norm,50.602,0.7590063889195691
gyro_norm,50.624,0.8296541548702142
gyro_norm,50.652,0.7106106371487526
gyro_norm,50.667,0.6869699941056681
gyro_norm,50.689,0.7276151294730125
gyro_norm,50.711,0.709038816284099
gyro_norm,50.734,0.6796629041463798
gyro_norm,50.755,0.7690940174228669
gyro_norm,50.777,0.8421532816535494
gyro_norm,50.798,0.7895626258743165
gyro_norm,50.82,0.612501723404266
gyro_norm,50.847,0.46834900179160727
gyro_norm,50.864,0.4895579487809356
gyro_norm,50.886,0.46404584064058857
gyro_norm,50.909,0.4741277583425904
gyro_norm,50.93,0.42765494313107144
gyro_norm,50.952,0.22715268913244469
gyro_norm,50.974,0.2956411177395473
gyro_norm,50.996,0.4423798217389055
gyro_norm,51.017,0.4203266325049114
gyro_norm,51.039,0.24143016221869953
gyro_norm,51.061,0.21349013422842175
gyro_norm,51.083,0.38628763120717946
gyro_norm,51.105,0.9852332638917738
gyro_norm,51.127,0.9616186045776364
gyro_norm,51.148,0.6137913221578553
gyro_norm,51.171,0.48841843976933597
gyro_norm,51.193,0.6065727861482644
gyro_norm,51.214,0.5341325891600096
gyro_norm,51.236,0.4695490744038426
gyro_norm,51.258,0.5706705783533835
gyro_norm,51.28,0.6497968010658631
gyro_norm,51.302,0.6271981726555632
gyro_norm,51.323,0.6018148374922521
gyro_norm,51.349,0.5979743239570368
gyro_norm,51.368,0.5465013556670939
gyro_norm,51.39,0.45892827017539983
gyro_norm,51.411,0.358763402154707
gyro_norm,51.433,0.3287444902223551
gyro_norm,51.455,0.3703490200738085
gyro_norm,51.477,0.3430426686704376
gyro_norm,51.499,0.19570030965389146
gyro_norm,51.521,0.2760259244134323
gyro_norm,51.543,0.5619423418185883
gyro_norm,51.568,0.7709627677016112
gyro_norm,51.586,0.8154745681745829
gyro_norm,51.608,0.7420614724789935
gyro_norm,51.63,1.0167303553816918
gyro_norm,51.652,0.9583926175762424
gyro_norm,51.678,1.4948467817505153
gyro_norm,51.695,1.3389557982098292
gyro_norm,51.718,0.36512735140571373
gyro_norm,51.74,0.5288817584797507
gyro_norm,51.761,0.46316206103296953
gyro_norm,51.789,0.4003590853062338
gyro_norm,51.805,0.3424145842787437
gyro_norm,51.827,0.29784505995608296
gyro_norm,51.849,0.26990938931196345
gyro_norm,51.874,0.2761029925793811
gyro_norm,51.894,0.4208527280937156
gyro_norm,51.915,0.5277240157460595
gyro_norm,51.936,0.47269701144226817
gyro_norm,51.958,0.260399436506625
gyro_norm,51.98,0.11932501561155573
gyro_norm,52.002,0.11164514732249226
gyro_norm,52.025,0.19919566138879913
gyro_norm,52.046,0.35769670224057926
gyro_norm,52.068,0.4023765004545912
gyro_norm,52.089,0.2538312732502923
gyro_norm,52.111,0.16391827888273758
gyro_norm,52.134,0.3562610819251278
gyro_norm,52.155,0.49341004416516615
gyro_norm,52.177,0.3822872191261484
gyro_norm,52.199,0.19938396722843418
gyro_norm,52.221,0.24148766538939453
gyro_norm,52.242,0.37436968977526547
gyro_norm,52.264,0.5509843595998083
gyro_norm,52.287,0.6055974258021929
gyro_norm,52.308,0.8685776009336091
gyro_norm,52.33,0.9369243467148023
gyro_norm,52.354,0.6769051484458076
gyro_norm,52.374,0.42399236271896446
gyro_norm,52.396,0.3356178453775754
gyro_norm,52.417,0.4352081004108457
gyro_norm,52.44,0.4872931650909346
gyro_norm,52.461,0.5260327348889549
gyro_norm,52.491,0.6070990317163961
gyro_norm,52.505,0.7488848039121356
gyro_norm,52.527,0.9212196635713491
gyro_norm,52.549,1.05131187165693
gyro_norm,52.571,1.0410672625243786
gyro_norm,52.594,0.8601924867472107
gyro_norm,52.614,0.4993653534295619
gyro_norm,52.636,0.2159237330043254
gyro_norm,52.658,0.3159701012396991
gyro_norm,52.68,0.4809374964285276
gyro_norm,52.702,0.7016521627504151
gyro_norm,52.729,0.8050860561501519
gyro_norm,52.745,0.7767534550177368
gyro_norm,52.767,1.037027305818029
gyro_norm,52.79,0.7787419525495528
gyro_norm,52.812,1.1249016512857717
gyro_norm,52.834,1.0155617115192794
gyro_norm,52.856,0.2093151351745393
gyro_norm,52.877,0.5815255661801101
gyro_norm,52.899,0.7603596226166716
gyro_norm,52.921,0.757014051732848
gyro_norm,52.948,0.6644886680343881
gyro_norm,52.964,0.5440389116974849
gyro_norm,52.987,0.41302550265404014
gyro_norm,53.008,0.3822508720665257
gyro_norm,53.03,0.49911779507817183
gyro_norm,53.052,0.5188558617460964
gyro_norm,53.074,0.4227710841871115
gyro_norm,53.097,0.23368157007428367
gyro_norm,53.118,0.27557027761035546
gyro_norm,53.14,0.3782937950903541
gyro_norm,53.162,0.48580532491018713
gyro_norm,53.183,0.3658262151240094
gyro_norm,53.205,0.19136734840860326
gyro_norm,53.227,0.33888690901933455
gyro_norm,53.249,0.5056490458032449
gyro_norm,53.275,0.4832850925395126
gyro_norm,53.294,0.19809757279789936
gyro_norm,53.316,0.2457998764922558
gyro_norm,53.337,0.6335692130131378
gyro_norm,53.359,0.37583336795330574
gyro_norm,53.38,0.5400006126586118
gyro_norm,53.402,1.3616016528934363
gyro_norm,53.432,1.669612339247737
gyro_norm,53.446,1.5263693967375005
gyro_norm,53.468,1.0821469169696136
gyro_norm,53.49,0.5401109952938935
gyro_norm,53.511,0.24946156975196815
gyro_norm,53.534,0.3194072906897848
gyro_norm,53.555,0.335443501043602
gyro_norm,53.577,0.4181793640290757
gyro_norm,53.599,0.5328723210415971
gyro_norm,53.623,0.5203358390386743
gyro_norm,53.646,0.4360610017436212
gyro_norm,53.665,0.42843010515608426
gyro_norm,53.687,0.43429274000952717
gyro_norm,53.708,0.37993545166012627
gyro_norm,53.73,0.3000637800225681
gyro_norm,53.753,0.33344888389269045
gyro_norm,53.774,0.3380727151644103
gyro_norm,53.796,0.03902937035099715
gyro_norm,53.818,0.35037441308423667
gyro_norm,53.84,0.542306576333827
gyro_norm,53.861,0.7237801134563802
gyro_norm,53.887,0.8772314483682756
gyro_norm,53.905,0.991191112204707
gyro_norm,53.927,1.2709394162719967
gyro_norm,53.949,0.4228354745101356
gyro_norm,53.971,0.5185996738030645
gyro_norm,53.994,0.36249322317450444
gyro_norm,54.015,0.4726676940526549
gyro_norm,54.037,0.375249363882202
gyro_norm,54.059,0.5988879353687955
gyro_norm,54.08,0.6667032103417369
gyro_norm,54.102,0.5067661068441315
gyro_norm,54.124,0.5823623224772094
gyro_norm,54.146,0.755827633654572
gyro_norm,54.172,0.7002669371489115
gyro_norm,54.19,0.5206022832280905
gyro_norm,54.212,0.41554639356072687
gyro_norm,54.234,0.4198897379359397
gyro_norm,54.255,0.43908651277279886
gyro_norm,54.279,0.5008214346493847
gyro_norm,54.299,0.6398470140045407
gyro_norm,54.321,0.720550198054611
gyro_norm,54.343,0.6900796401328178
gyro_norm,54.372,0.7058439659435645
gyro_norm,54.387,0.7119423489852942
gyro_norm,54.408,0.6582225422672628
gyro_norm,54.43,0.682362615792585
gyro_norm,54.454,0.6032956241863192
gyro_norm,54.474,0.9900726216777226
gyro_norm,54.496,1.3879056950658433
gyro_norm,54.518,1.0490388324798439
gyro_norm,54.54,0.3894646318650389
gyro_norm,54.562,0.28224738057492244
gyro_norm,54.583,0.2904585291996996
gyro_norm,54.605,0.5433610524585291
gyro_norm,54.627,0.8737212029096176
gyro_norm,54.649,0.9709323686561032
gyro_norm,54.672,0.8750233419908358
gyro_norm,54.693,0.7516996056249218
gyro_norm,54.715,0.6355130712995938
gyro_norm,54.737,0.5787093838688517
gyro_norm,54.759,0.5329391065038963
gyro_norm,54.78,0.5331735684676975
gyro_norm,54.803,0.5007409863410645
gyro_norm,54.824,0.44202963490341973
gyro_norm,54.846,0.48638392793861457
gyro_norm,54.868,0.6398016637885501
gyro_norm,54.89,0.7254119625791957
gyro_norm,54.914,0.7355274610604409
gyro_norm,54.933,0.7380359759398427
gyro_norm,54.955,0.6869381568649319
gyro_norm,54.978,0.7351085029892244
gyro_norm,55.0,1.1142256192313542
gyro_norm,55.021,1.5641779225385408
gyro_norm,55.043,1.5498874100397817
gyro_norm,55.067,1.2581221664523552
gyro_norm,55.087,0.5265208736453841
gyro_norm,55.109,0.7864806573014187
gyro_norm,55.13,0.8632734398471598
gyro_norm,55.153,0.499953295915721
gyro_norm,55.174,0.4290619991772362
gyro_norm,55.196,0.46730838483037374
gyro_norm,55.218,0.41877310987715544
gyro_norm,55.24,0.3415744773120087
gyro_norm,55.261,0.30093388312780034
gyro_norm,55.283,0.2535895110308841
gyro_norm,55.306,0.12871012893801562
gyro_norm,55.327,0.3408181092084523
gyro_norm,55.349,0.3873363876143305
gyro_norm,55.371,0.14943800746867478
gyro_norm,55.393,0.14965945482888512
gyro_norm,55.415,0.23519176930092792
gyro_norm,55.437,0.3139131134431706
gyro_norm,55.459,0.2585469368619173
gyro_norm,55.481,0.20396035176272032
gyro_norm,55.502,0.2867039879906663
gyro_norm,55.528,0.4305646902547232
gyro_norm,55.548,0.4879116050796666
gyro_norm,55.568,0.35525011348530805
gyro_norm,55.59,0.18202643426954804
gyro_norm,55.612,0.5099851484401413
gyro_norm,55.634,0.5301824665382668
gyro_norm,55.656,0.4252352276999256
gyro_norm,55.677,0.8088558740547781
gyro_norm,55.699,0.7499341437310205
gyro_norm,55.721,0.4936899712706675
gyro_norm,55.744,0.632757889534794
gyro_norm,55.765,1.1623854413550665
gyro_norm,55.787,1.1556604838897702
gyro_norm,55.809,0.6005691331204062
gyro_norm,55.831,0.16736601325338582
gyro_norm,55.854,0.13826189200890265
gyro_norm,55.879,0.20898077702783968
gyro_norm,55.896,0.35815079426403884
gyro_norm,55.918,0.37522816130180564
gyro_norm,55.94,0.37533397017205816
gyro_norm,55.962,0.3798070466363521
gyro_norm,55.984,0.4202229559674334
gyro_norm,56.006,0.561921192699516
gyro_norm,56.028,0.5364912254351215
gyro_norm,56.049,0.3949325066201644
gyro_norm,56.071,0.6247339199118518
gyro_norm,56.093,0.7803039225668291
gyro_norm,56.115,0.7524306343534186
gyro_norm,56.148,0.7717667861868868
gyro_norm,56.159,0.937224061185904
gyro_norm,56.18,0.9412896581345184
gyro_norm,56.208,0.766654028689072
gyro_norm,56.224,0.6531643129157945
gyro_norm,56.246,0.6322453046827098
gyro_norm,56.268,0.646099247182697
gyro_norm,56.29,0.7353522147795379
gyro_norm,56.312,0.7494375283152155
gyro_norm,56.334,0.6618036119074463
gyro_norm,56.355,0.6089548079301537
gyro_norm,56.378,0.6440700034252586
gyro_norm,56.399,0.6965932136184952
gyro_norm,56.421,0.7074697747749321
gyro_norm,56.445,0.6216182416345191
gyro_norm,56.468,0.43840400778655264
gyro_norm,56.487,0.3175884903642766
gyro_norm,56.51,0.4545630520743638
gyro_norm,56.531,0.5271004252355876
gyro_norm,56.554,0.5045256154626812
gyro_norm,56.574,0.3823889427402117
gyro_norm,56.596,0.33520322220762344
gyro_norm,56.618,0.30684852843495963
gyro_norm,56.64,0.30016468589961093
gyro_norm,56.662,0.41862299068435527
gyro_norm,56.686,0.7947107792383247
gyro_norm,56.706,0.9015941753395733
gyro_norm,56.728,0.9250437244829317
gyro_norm,56.749,0.9172345327957798
gyro_norm,56.771,0.7193395455930053
gyro_norm,56.793,0.44354387731799705
gyro_norm,56.815,0.2651355035131112
gyro_norm,56.837,0.09155702103550947
gyro_norm,56.859,0.19554025340350553
gyro_norm,56.881,0.2554110720287931
gyro_norm,56.91,0.22827500368132345
gyro_norm,56.925,0.21999217043747762
gyro_norm,56.946,0.2191896691499455
gyro_norm,56.968,0.21074714150171797
gyro_norm,56.99,0.3537041634824785
gyro_norm,57.013,0.4017059732388332
