sensor,time_s,value
dynamic_accel,0.032,0.005300718511037417
dynamic_accel,0.082,0.6790497198021441
dynamic_accel,0.132,0.08772790797354801
dynamic_accel,0.182,0.10896593935777155
dynamic_accel,0.232,0.1648203424920478
dynamic_accel,0.282,-0.49179355075015785
dynamic_accel,0.332,-0.16277118459019135
dynamic_accel,0.382,0.08407040012602884
dynamic_accel,0.432,0.06942281015091467
dynamic_accel,0.482,0.08688741291045332
dynamic_accel,0.532,-0.14009329626466283
dynamic_accel,0.582,-0.16935224486366707
dynamic_accel,0.632,-0.13109147667183407
dynamic_accel,0.682,0.11017714375926779
dynamic_accel,0.732,-0.17737243448355322
dynamic_accel,0.782,0.07205642109854438
dynamic_accel,0.832,-0.009292308778803715
dynamic_accel,0.882,-0.24517970807021072
dynamic_accel,0.932,0.06267938108573645
dynamic_accel,0.982,0.006954842373421144
dynamic_accel,1.032,-0.09890659412001668
dynamic_accel,1.082,0.2118191714726887
dynamic_accel,1.132,-0.2176577467248464
dynamic_accel,1.182,-0.11827328969371997
dynamic_accel,1.232,0.02393410525586681
dynamic_accel,1.282,-0.03492448441229712
dynamic_accel,1.332,-0.27644365085805767
dynamic_accel,1.382,-0.32082381935140347
dynamic_accel,1.432,-0.24538571507276785
dynamic_accel,1.482,0.35176280670062177
dynamic_accel,1.532,0.6113815465738437
dynamic_accel,1.582,0.7057817194612603
dynamic_accel,1.632,0.5211157168544567
dynamic_accel,1.682,0.8991465547676025
dynamic_accel,1.732,2.537329884746674
dynamic_accel,1.782,-0.2530048642803262
dynamic_accel,1.832,-1.67118601601749
dynamic_accel,1.882,-0.8859568121380139
dynamic_accel,1.932,-0.9929429483603425
dynamic_accel,1.982,-2.3559964313060773
dynamic_accel,2.032,-1.6355506009261092
dynamic_accel,2.082,-0.04505152453023875
dynamic_accel,2.132,0.1845487510735655
dynamic_accel,2.182,0.6416514864184286
dynamic_accel,2.232,0.9018810586775707
dynamic_accel,2.282,0.572127454859622
dynamic_accel,2.332,1.399884705144391
dynamic_accel,2.382,1.7529271374097704
dynamic_accel,2.432,1.3951838707208122
dynamic_accel,2.482,-0.018059035174186278
dynamic_accel,2.532,0.3399410675572234
dynamic_accel,2.582,0.7211717660785322
dynamic_accel,2.632,-3.0773596665004037
dynamic_accel,2.682,-3.684238787547657
dynamic_accel,2.732,-2.095761029243331
dynamic_accel,2.782,-0.3785982801620431
dynamic_accel,2.832,0.6416833727044828
dynamic_accel,2.882,1.1010449158607152
dynamic_accel,2.932,2.32591769539631
dynamic_accel,2.982,2.891270420618472
dynamic_accel,3.032,2.798398324283829
dynamic_accel,3.082,1.530441998497981
dynamic_accel,3.132,-1.2877606585671941
dynamic_accel,3.182,-2.3614055503089686
dynamic_accel,3.232,-3.008720500889406
dynamic_accel,3.282,-2.6833274706304193
dynamic_accel,3.332,-1.9505870884337178
dynamic_accel,3.382,-0.36142727656971374
dynamic_accel,3.432,0.9566762354868814
dynamic_accel,3.482,1.4575344385759532
dynamic_accel,3.532,2.1623474102276514
dynamic_accel,3.582,2.868794544050848
dynamic_accel,3.632,2.4779458942246944
dynamic_accel,3.682,1.0415892880436655
dynamic_accel,3.732,-0.015626580906451082
dynamic_accel,3.782,-1.3474799820545424
dynamic_accel,3.832,-3.4384638826520364
dynamic_accel,3.882,-3.549814942897777
dynamic_accel,3.932,-2.089336385137079
dynamic_accel,3.982,-0.6889078086794136
dynamic_accel,4.032,0.6114798795763985
dynamic_accel,4.082,1.758861537047574
dynamic_accel,4.132,3.111498712543172
dynamic_accel,4.182,2.2347362599605987
dynamic_accel,4.232,1.9483850072479143
dynamic_accel,4.282,1.0665978219862353
dynamic_accel,4.332,-1.115365988856789
dynamic_accel,4.382,-1.9633424494596348
dynamic_accel,4.432,-3.161218766432434
dynamic_accel,4.482,-2.835010484397425
dynamic_accel,4.532,-1.471365563136219
dynamic_accel,4.582,0.08807888729530688
dynamic_accel,4.632,1.0108430865566014
dynamic_accel,4.682,2.3268250935802115
dynamic_accel,4.732,2.481760708242758
dynamic_accel,4.782,1.8749791798682285
dynamic_accel,4.832,2.5401526354916335
dynamic_accel,4.882,1.1870925383105178
dynamic_accel,4.932,-1.2975634116965793
dynamic_accel,4.982,-3.7254124720060675
dynamic_accel,5.032,-4.269887061435923
dynamic_accel,5.082,-2.2806202199902508
dynamic_accel,5.132,0.2887906733200136
dynamic_accel,5.182,1.6730707655613912
dynamic_accel,5.232,1.7847576228991375
dynamic_accel,5.282,2.451333195336538
dynamic_accel,5.332,1.2198398344637393
dynamic_accel,5.382,2.5457349751011193
dynamic_accel,5.432,1.7122862371186294
dynamic_accel,5.482,-1.04440189412764
dynamic_accel,5.532,-3.1783887371676665
dynamic_accel,5.582,-4.038459740601457
dynamic_accel,5.632,-2.9343445667788135
dynamic_accel,5.682,-1.2873565644232094
dynamic_accel,5.732,0.32050901118856423
dynamic_accel,5.782,1.053544704704258
dynamic_accel,5.832,2.3580977768640388
dynamic_accel,5.882,2.396487586922129
dynamic_accel,5.932,2.1045227827150885
dynamic_accel,5.982,3.241766895184238
dynamic_accel,6.032,1.6526737282841957
dynamic_accel,6.082,-1.213330680243189
dynamic_accel,6.132,-3.4801727152269413
dynamic_accel,6.182,-3.1865671771996062
dynamic_accel,6.232,-1.8719397544461511
dynamic_accel,6.282,-0.7538564753006565
dynamic_accel,6.332,-0.06680567083610889
dynamic_accel,6.382,0.6737308019345747
dynamic_accel,6.432,0.7045835169004899
dynamic_accel,6.482,1.6915082010650657
dynamic_accel,6.532,0.6227356145736049
dynamic_accel,6.582,2.946166488553084
dynamic_accel,6.632,1.0877871515397075
dynamic_accel,6.682,-0.751079669289906
dynamic_accel,6.732,-1.2911383663694256
dynamic_accel,6.782,-1.7952138918916223
dynamic_accel,6.832,-1.5872002511333196
dynamic_accel,6.882,-0.9418231996594031
dynamic_accel,6.932,-0.07565232289053547
dynamic_accel,6.982,0.14782654287178687
dynamic_accel,7.032,0.7607680923843247
dynamic_accel,7.082,0.46125455610377486
dynamic_accel,7.132,0.506979267293044
dynamic_accel,7.182,0.5217188636148862
dynamic_accel,7.232,1.5708746696101397
dynamic_accel,7.282,0.7413734287273712
dynamic_accel,7.332,-0.4739936675758063
dynamic_accel,7.382,-0.9818130240033884
dynamic_accel,7.432,-0.8115856594638231
dynamic_accel,7.482,0.3385665701010172
dynamic_accel,7.532,0.014013643509699136
dynamic_accel,7.582,-0.5806757093764112
dynamic_accel,7.632,-0.2119331596317373
dynamic_accel,7.682,-0.10860113122096315
dynamic_accel,7.732,-0.3425525838730721
dynamic_accel,7.782,-0.29967228978436644
dynamic_accel,7.832,-0.718045088807564
dynamic_accel,7.882,-0.4476263899862687
dynamic_accel,7.932,0.32824263379844076
dynamic_accel,7.982,0.6109234392115948
dynamic_accel,8.032,0.693560445450057
dynamic_accel,8.082,1.3938382734933636
dynamic_accel,8.132,1.5805543452105368
dynamic_accel,8.182,0.29649670816131213
dynamic_accel,8.232,1.4493352452521169
dynamic_accel,8.282,-1.229419267880866
dynamic_accel,8.332,-1.0722947920363701
dynamic_accel,8.382,-1.9193520454319195
dynamic_accel,8.432,-3.1219685844484264
dynamic_accel,8.482,-2.724630329796537
dynamic_accel,8.532,-0.5147339935398207
dynamic_accel,8.582,1.4460813716173906
dynamic_accel,8.632,2.107637968629545
dynamic_accel,8.682,2.239118193284243
dynamic_accel,8.732,3.4978239486993097
dynamic_accel,8.782,2.226237312522599
dynamic_accel,8.832,2.788934530522024
dynamic_accel,8.882,-0.5083927784247848
dynamic_accel,8.932,-0.8875432142853548
dynamic_accel,8.982,-4.539234819243482
dynamic_accel,9.032,-6.135718027185164
dynamic_accel,9.082,-4.579897084694327
dynamic_accel,9.132,-0.6269997769321627
dynamic_accel,9.182,1.4816314343098274
dynamic_accel,9.232,2.9878187268582614
dynamic_accel,9.282,3.1687856849762337
dynamic_accel,9.332,3.9923557737414956
dynamic_accel,9.382,2.1597118493235588
dynamic_accel,9.432,5.2048597000434
dynamic_accel,9.482,-0.679925711672233
dynamic_accel,9.532,-2.6394202903955133
dynamic_accel,9.582,-3.834970448721987
dynamic_accel,9.632,-4.2415854631146725
dynamic_accel,9.682,-3.7328067363818187
dynamic_accel,9.732,-1.2013726774561881
dynamic_accel,9.782,0.8955470565952357
dynamic_accel,9.832,2.3206100790075013
dynamic_accel,9.882,3.557779105211795
dynamic_accel,9.932,3.628826251410601
dynamic_accel,9.982,2.2014288491992122
dynamic_accel,10.032,0.9968047736194237
dynamic_accel,10.082,-1.173449532012711
dynamic_accel,10.132,-2.0502255636494926
dynamic_accel,10.182,-4.173028804958652
dynamic_accel,10.232,-4.261967588126282
dynamic_accel,10.282,-2.010887285467266
dynamic_accel,10.332,-0.03485491871679258
dynamic_accel,10.382,1.6596546945123993
dynamic_accel,10.432,2.2556037947957375
dynamic_accel,10.482,3.4120871714729226
dynamic_accel,10.532,3.399455525065637
dynamic_accel,10.582,0.9386209867622899
dynamic_accel,10.632,1.9837208631988332
dynamic_accel,10.682,-0.024966187579989807
dynamic_accel,10.732,-2.121597463450728
dynamic_accel,10.782,-5.518312890914412
dynamic_accel,10.832,-5.350163806021259
dynamic_accel,10.882,-2.8734606156279323
dynamic_accel,10.932,0.19876761173074442
dynamic_accel,10.982,2.7077399822134574
dynamic_accel,11.032,3.0675270408680593
dynamic_accel,11.082,4.669051020877998
dynamic_accel,11.132,2.474213951039097
dynamic_accel,11.182,2.4835114445427138
dynamic_accel,11.232,0.6171885532264554
dynamic_accel,11.282,-1.1295006546797257
dynamic_accel,11.332,-4.129691825274295
dynamic_accel,11.382,-4.1598708474421215
dynamic_accel,11.432,-1.9523891100844626
dynamic_accel,11.482,-0.6587870652999435
dynamic_accel,11.532,0.9076964475352316
dynamic_accel,11.582,1.8007491221039835
dynamic_accel,11.632,2.678979521898034
dynamic_accel,11.682,1.694523906313762
dynamic_accel,11.732,3.520927717781081
dynamic_accel,11.782,-0.6039507323384417
dynamic_accel,11.832,-1.3506969931250374
dynamic_accel,11.882,-2.5538225345730563
dynamic_accel,11.932,-2.41466661889997
dynamic_accel,11.982,-2.0784090475496146
dynamic_accel,12.032,-1.8029046999008678
dynamic_accel,12.082,-0.48870110453558624
dynamic_accel,12.132,0.37472825588058356
dynamic_accel,12.182,1.836201197237104
dynamic_accel,12.232,3.3414933178606976
dynamic_accel,12.282,2.7827945607545814
dynamic_accel,12.332,2.4374290860929655
dynamic_accel,12.382,0.11254567464846765
dynamic_accel,12.432,-0.21232225181202402
dynamic_accel,12.482,-3.1611959177128677
dynamic_accel,12.532,-2.513524346296747
dynamic_accel,12.582,-1.0111647492599314
dynamic_accel,12.632,-0.4744911863513348
dynamic_accel,12.682,-0.09003632576950515
dynamic_accel,12.732,0.346103626726352
dynamic_accel,12.782,1.1268343196902322
dynamic_accel,12.832,1.413824134734849
dynamic_accel,12.882,0.5478196208989061
dynamic_accel,12.932,1.3077761345732242
dynamic_accel,12.982,-0.8175968798696598
dynamic_accel,13.032,-1.5033520099367976
dynamic_accel,13.082,-0.4500784702218219
dynamic_accel,13.132,0.09743640590121316
dynamic_accel,13.182,-0.21033735557241506
dynamic_accel,13.232,-0.7035706835037967
dynamic_accel,13.282,-0.7942389790249322
dynamic_accel,13.332,-0.3411288549790079
dynamic_accel,13.382,-0.11670012438031208
dynamic_accel,13.432,-0.10891588566029142
dynamic_accel,13.482,-0.15144524686175664
dynamic_accel,13.532,-0.021832861989262042
dynamic_accel,13.582,0.544520781858358
dynamic_accel,13.632,1.3278130164062052
dynamic_accel,13.682,1.9942003479951254
dynamic_accel,13.732,1.8496004596642823
dynamic_accel,13.782,1.3800383148854696
dynamic_accel,13.832,1.3148357536448074
dynamic_accel,13.882,0.13145621909709782
dynamic_accel,13.932,-1.6909833004103447
dynamic_accel,13.982,-3.2430567952491067
dynamic_accel,14.032,-3.2296424918785984
dynamic_accel,14.082,-1.6751075367453137
dynamic_accel,14.132,-0.41761066307992145
dynamic_accel,14.182,0.3035755326063345
dynamic_accel,14.232,0.6387587437504205
dynamic_accel,14.282,0.9676175045715851
dynamic_accel,14.332,1.5462074509195425
dynamic_accel,14.382,2.157420706228155
dynamic_accel,14.432,0.9077485135281673
dynamic_accel,14.482,0.3363885376696434
dynamic_accel,14.532,1.142586966841634
dynamic_accel,14.582,-1.2950596846460485
dynamic_accel,14.632,-1.2776566343470996
dynamic_accel,14.682,-1.6861785622769165
dynamic_accel,14.732,-1.3159248109732093
dynamic_accel,14.782,-0.5289059600166901
dynamic_accel,14.832,0.18605375491650555
dynamic_accel,14.882,0.5283586569404566
dynamic_accel,14.932,0.5255724847351271
dynamic_accel,14.982,0.6704417546603842
dynamic_accel,15.032,0.482297564678154
dynamic_accel,15.082,0.4797337164533122
dynamic_accel,15.132,0.7608790343983536
dynamic_accel,15.182,0.3384577912304838
dynamic_accel,15.232,-0.3370863968832687
dynamic_accel,15.282,-0.21893362565402796
dynamic_accel,15.332,-0.03903254289638447
dynamic_accel,15.382,-0.3773972046274334
dynamic_accel,15.432,-0.15536637125542363
dynamic_accel,15.482,-0.083475887274572
dynamic_accel,15.532,-0.40052166735656947
dynamic_accel,15.582,-0.2779168720588068
dynamic_accel,15.632,-0.07880517797714504
dynamic_accel,15.682,-0.0638301340564702
dynamic_accel,15.732,-0.1298857860963576
dynamic_accel,15.782,-0.316689384630628
dynamic_accel,15.832,-0.39826956108143996
dynamic_accel,15.882,-0.4237388913195623
dynamic_accel,15.932,-0.2652667437969196
dynamic_accel,15.982,-0.05002563907008728
dynamic_accel,16.032,0.27411120658022625
dynamic_accel,16.082,0.8023031987840579
dynamic_accel,16.132,1.31246570654163
dynamic_accel,16.182,1.5807017504606709
dynamic_accel,16.232,0.7793793215510743
dynamic_accel,16.282,1.3537108229287789
dynamic_accel,16.332,-0.3432354474135426
dynamic_accel,16.382,-1.6794004657735897
dynamic_accel,16.432,-1.2303079972073512
dynamic_accel,16.482,-2.278290886453508
dynamic_accel,16.532,-3.1554383261337353
dynamic_accel,16.582,-1.5433489541508365
dynamic_accel,16.632,0.475151981185471
dynamic_accel,16.682,1.7547245155675881
dynamic_accel,16.732,2.124000746934003
dynamic_accel,16.782,2.3622668695356737
dynamic_accel,16.832,2.577835161420353
dynamic_accel,16.882,2.0445518933754965
dynamic_accel,16.932,1.4073414938982296
dynamic_accel,16.982,0.238794719904174
dynamic_accel,17.032,-1.8828772786073298
dynamic_accel,17.082,-4.22967336099909
dynamic_accel,17.132,-4.550217066477718
dynamic_accel,17.182,-2.47680669436948
dynamic_accel,17.232,-0.3412642220526596
dynamic_accel,17.282,1.2011655774764876
dynamic_accel,17.332,2.1748077934038843
dynamic_accel,17.382,3.0012385025335693
dynamic_accel,17.432,2.1204284998923146
dynamic_accel,17.482,3.9302887607427532
dynamic_accel,17.532,1.883545236806432
dynamic_accel,17.582,-1.4110392850614772
dynamic_accel,17.632,-3.537196098113104
dynamic_accel,17.682,-3.8731472362437174
dynamic_accel,17.732,-3.5227796101969933
dynamic_accel,17.782,-1.5904769996824708
dynamic_accel,17.832,0.5707485670661594
dynamic_accel,17.882,1.445581435678946
dynamic_accel,17.932,2.5205408409227594
dynamic_accel,17.982,3.136953335607039
dynamic_accel,18.032,1.7721994630692972
dynamic_accel,18.082,2.431085448460438
dynamic_accel,18.132,0.31884776953585536
dynamic_accel,18.182,-1.531015021054987
dynamic_accel,18.232,-3.5977088108101167
dynamic_accel,18.282,-3.980226882164832
dynamic_accel,18.332,-2.458897699566972
dynamic_accel,18.382,-0.1544214525374148
dynamic_accel,18.432,1.3377298034591547
dynamic_accel,18.482,1.7063801013413542
dynamic_accel,18.532,2.596128888507099
dynamic_accel,18.582,1.48005797463113
dynamic_accel,18.632,3.4310819231398124
dynamic_accel,18.682,1.5963101941564322
dynamic_accel,18.732,-0.6432867709491212
dynamic_accel,18.782,-2.2132161472699696
dynamic_accel,18.832,-3.078815491184063
dynamic_accel,18.882,-2.885545451918764
dynamic_accel,18.932,-1.3842621273751199
dynamic_accel,18.982,0.2064953458531491
dynamic_accel,19.032,0.5046216674215867
dynamic_accel,19.082,0.9940424203517146
dynamic_accel,19.132,0.587808475052892
dynamic_accel,19.182,1.1377967494256556
dynamic_accel,19.232,0.6177300885006982
dynamic_accel,19.282,2.873362547287682
dynamic_accel,19.332,0.5672525150346228
dynamic_accel,19.382,-1.0470256080962468
dynamic_accel,19.432,-0.5262091418082573
dynamic_accel,19.482,-1.5023424669610517
dynamic_accel,19.532,-1.5574273670938545
dynamic_accel,19.582,-0.43640545757598126
dynamic_accel,19.632,0.1383140439932813
dynamic_accel,19.682,1.0888573401015993
dynamic_accel,19.732,0.11228922070517733
dynamic_accel,19.782,0.08260520837819918
dynamic_accel,19.832,0.8539369084578396
dynamic_accel,19.882,-0.02953394147292876
dynamic_accel,19.932,-0.5084485413193409
dynamic_accel,19.982,-0.9398434506213516
dynamic_accel,20.032,-0.6086153436540851
dynamic_accel,20.082,-0.43631628968720726
dynamic_accel,20.132,-0.5215533428668113
dynamic_accel,20.182,-0.19070014753274833
dynamic_accel,20.232,0.4400853133823439
dynamic_accel,20.282,0.6137786582503928
dynamic_accel,20.332,1.312270180180695
dynamic_accel,20.382,1.5278521319057887
dynamic_accel,20.432,0.9678184299110679
dynamic_accel,20.482,1.25769069347629
dynamic_accel,20.532,0.6985151236165734
dynamic_accel,20.582,-2.090874154535703
dynamic_accel,20.632,-2.5374420340723782
dynamic_accel,20.682,-1.3019021472970849
dynamic_accel,20.732,-1.4547875485414323
dynamic_accel,20.782,-0.8405532204008441
dynamic_accel,20.832,0.6945750754325246
dynamic_accel,20.882,0.4253865672379433
dynamic_accel,20.932,0.27949825268881945
dynamic_accel,20.982,0.07123449207224475
dynamic_accel,21.032,0.5023287853488085
dynamic_accel,21.082,2.727150367632028
dynamic_accel,21.132,3.7333309713650102
dynamic_accel,21.182,3.415696745010317
dynamic_accel,21.232,0.09736440045822903
dynamic_accel,21.282,-1.8881010477409372
dynamic_accel,21.332,-4.150702255138462
dynamic_accel,21.382,-4.880893804269292
dynamic_accel,21.432,-3.444049326049698
dynamic_accel,21.482,-0.8876780031170544
dynamic_accel,21.532,1.3018112999206028
dynamic_accel,21.582,2.369430507355508
dynamic_accel,21.632,2.8969051883421155
dynamic_accel,21.682,3.270582509049108
dynamic_accel,21.732,1.8826193913830203
dynamic_accel,21.782,1.6232032290127272
dynamic_accel,21.832,-1.3493903426605112
dynamic_accel,21.882,-1.444403207612007
dynamic_accel,21.932,-3.7397176122539095
dynamic_accel,21.982,-5.449407633520731
dynamic_accel,22.032,-4.864260535330612
dynamic_accel,22.082,-1.5297600814279448
dynamic_accel,22.132,3.5949405055946873
dynamic_accel,22.182,4.962504831071783
dynamic_accel,22.232,5.185988398098983
dynamic_accel,22.282,5.3951698106464985
dynamic_accel,22.332,2.881787636156803
dynamic_accel,22.382,2.753312039106479
dynamic_accel,22.432,-1.1779368380235304
dynamic_accel,22.482,-5.067679296362459
dynamic_accel,22.532,-7.695970229779623
dynamic_accel,22.582,-6.08148005329732
dynamic_accel,22.632,-2.9019601469500644
dynamic_accel,22.682,0.13453503205612094
dynamic_accel,22.732,3.122908897576794
dynamic_accel,22.782,4.285998925537472
dynamic_accel,22.832,3.901135045747864
dynamic_accel,22.882,3.1881871920593774
dynamic_accel,22.932,2.2755956667180346
dynamic_accel,22.982,0.5599629297614115
dynamic_accel,23.032,-0.3731834574771007
dynamic_accel,23.082,-3.769850443840629
dynamic_accel,23.132,-4.491559801225436
dynamic_accel,23.182,-3.112518272754869
dynamic_accel,23.232,-1.292253981387983
dynamic_accel,23.282,0.30546346758995213
dynamic_accel,23.332,1.4467981358596216
dynamic_accel,23.382,3.0596850378148215
dynamic_accel,23.432,3.0712768587635075
dynamic_accel,23.482,2.0699439927852765
dynamic_accel,23.532,1.272089237475992
dynamic_accel,23.582,-0.04541935136842845
dynamic_accel,23.632,-2.5613079916701524
dynamic_accel,23.682,-3.715154019322556
dynamic_accel,23.732,-2.2912999862300207
dynamic_accel,23.782,-0.6419161917230323
dynamic_accel,23.832,0.4498264703458563
dynamic_accel,23.882,0.9067999024193547
dynamic_accel,23.932,1.6894996237794384
dynamic_accel,23.982,1.5064699692058987
dynamic_accel,24.032,1.1747696741220146
dynamic_accel,24.082,1.7080348480940408
dynamic_accel,24.132,-0.4148595459910229
dynamic_accel,24.182,-0.9088788231206273
dynamic_accel,24.232,-1.9934152249441883
dynamic_accel,24.282,-2.7471240794008542
dynamic_accel,24.332,-0.7717478407684322
dynamic_accel,24.382,0.3482477328940199
dynamic_accel,24.432,0.30373504451671174
dynamic_accel,24.482,0.8604073591855208
dynamic_accel,24.532,1.299062447370444
dynamic_accel,24.582,1.7160158222060637
dynamic_accel,24.632,2.2721176622725725
dynamic_accel,24.682,-0.02999754131823984
dynamic_accel,24.732,-1.1588219233323862
dynamic_accel,24.782,-1.786192100462067
dynamic_accel,24.832,-1.0690299314385765
dynamic_accel,24.882,-0.04029184879666303
dynamic_accel,24.932,0.36665247988979566
dynamic_accel,24.982,0.1605643527306828
dynamic_accel,25.032,-0.004755179290199862
dynamic_accel,25.082,-0.014688588973699623
dynamic_accel,25.132,0.07735161926578016
dynamic_accel,25.182,-0.05610570452695107
dynamic_accel,25.232,0.010760319936556684
dynamic_accel,25.282,-0.04854853087627298
dynamic_accel,25.332,-0.3877672104050216
dynamic_accel,25.382,-0.19510403967263557
dynamic_accel,25.432,0.255592296181673
dynamic_accel,25.482,0.3809142707726032
dynamic_accel,25.532,0.29312909947854315
dynamic_accel,25.582,0.03544595576858711
dynamic_accel,25.632,-0.28645155957179114
dynamic_accel,25.682,-0.7400259444965602
dynamic_accel,25.732,-1.0246806628537612
dynamic_accel,25.782,-0.8475286967362496
dynamic_accel,25.832,-0.3941560738870482
dynamic_accel,25.882,0.4133556054483538
dynamic_accel,25.932,1.2655685448213259
dynamic_accel,25.982,1.867755952156191
dynamic_accel,26.032,1.8170924416875245
dynamic_accel,26.082,1.132623081326443
dynamic_accel,26.132,1.4052358994908491
dynamic_accel,26.182,0.21707092113682158
dynamic_accel,26.232,-2.237370290339584
dynamic_accel,26.282,-2.1404981142522876
dynamic_accel,26.332,-1.0493465667593274
dynamic_accel,26.382,-1.4522340640459568
dynamic_accel,26.432,-1.7098342054502371
dynamic_accel,26.482,-0.8229863057075608
dynamic_accel,26.532,0.14633170108606208
dynamic_accel,26.582,0.7653428824309891
dynamic_accel,26.632,1.1222252658920944
dynamic_accel,26.682,1.4836823442310116
dynamic_accel,26.732,1.7236448160350228
dynamic_accel,26.782,2.485947790364488
dynamic_accel,26.832,1.4028317565303396
dynamic_accel,26.882,0.47793856606581464
dynamic_accel,26.932,-1.2132939224529835
dynamic_accel,26.982,-3.004142908275817
dynamic_accel,27.032,-2.940053188300589
dynamic_accel,27.082,-1.6372145241233245
dynamic_accel,27.132,-0.6522293870744935
dynamic_accel,27.182,-0.004646326677923085
dynamic_accel,27.232,1.1142397354325322
dynamic_accel,27.282,1.6418094874643483
dynamic_accel,27.332,1.906533589157954
dynamic_accel,27.382,0.4197033825396215
dynamic_accel,27.432,1.6449483889967063
dynamic_accel,27.482,0.9532784993726349
dynamic_accel,27.532,-0.15842176552197884
dynamic_accel,27.582,-1.7120630685816263
dynamic_accel,27.632,-2.2462260997337617
dynamic_accel,27.682,-1.16396940580489
dynamic_accel,27.732,0.169846769297342
dynamic_accel,27.782,0.28638875496302063
dynamic_accel,27.832,0.08794642014701815
dynamic_accel,27.882,-0.014410031873451246
dynamic_accel,27.932,0.445717808567764
dynamic_accel,27.982,0.8390141221174048
dynamic_accel,28.032,1.1934026971934966
dynamic_accel,28.082,0.5787398391702503
dynamic_accel,28.132,-0.2681656673691979
dynamic_accel,28.182,-0.10892766076195315
dynamic_accel,28.232,-0.8957699307728646
dynamic_accel,28.282,-1.040866532164177
dynamic_accel,28.332,-0.5931789167069308
dynamic_accel,28.382,-0.03579010131277727
dynamic_accel,28.432,0.31723381297997655
dynamic_accel,28.482,0.40980423099840024
dynamic_accel,28.532,0.1843735224019163
dynamic_accel,28.582,0.3321941108200708
dynamic_accel,28.632,0.22317032650425261
dynamic_accel,28.682,0.18224025250709275
dynamic_accel,28.732,-0.2951250814173889
dynamic_accel,28.782,-0.16875209070826358
dynamic_accel,28.832,0.278670337584364
dynamic_accel,28.882,0.021433736225489497
dynamic_accel,28.932,-0.03314097021885232
dynamic_accel,28.982,-0.1152142671763059
dynamic_accel,29.032,-0.2883308917896148
dynamic_accel,29.082,-0.23590963769474627
dynamic_accel,29.132,-0.2324179710066936
dynamic_accel,29.182,-0.36248874507643336
dynamic_accel,29.232,-0.3138629318481261
dynamic_accel,29.282,-0.7411862125709998
dynamic_accel,29.332,-0.8720250780630732
dynamic_accel,29.382,-0.1794149034531447
dynamic_accel,29.432,0.7840373976066068
dynamic_accel,29.482,1.2668059138426742
dynamic_accel,29.532,0.29029635358109296
dynamic_accel,29.582,0.7465345402531582
dynamic_accel,29.632,1.93481848425934
dynamic_accel,29.682,1.1557227042545932
dynamic_accel,29.732,3.4808095073214336
dynamic_accel,29.782,-0.586353838120873
dynamic_accel,29.832,-2.4743875094883716
dynamic_accel,29.882,-2.226222926619082
dynamic_accel,29.932,-2.473880383924773
dynamic_accel,29.982,-2.5839202543674764
dynamic_accel,30.032,-1.8847509075993276
dynamic_accel,30.082,-0.43765798272114154
dynamic_accel,30.132,0.5679109137459868
dynamic_accel,30.182,1.7870449469322214
dynamic_accel,30.232,1.951352915711075
dynamic_accel,30.282,3.094854923324162
dynamic_accel,30.332,2.396200190772399
dynamic_accel,30.382,2.8969550880150887
dynamic_accel,30.432,-0.0030183908252343628
dynamic_accel,30.482,-0.8785721999852516
dynamic_accel,30.532,-3.482250355516599
dynamic_accel,30.582,-4.259903744929437
dynamic_accel,30.632,-2.5050186150766205
dynamic_accel,30.682,-1.242481160446392
dynamic_accel,30.732,0.34593434948853563
dynamic_accel,30.782,1.0912449243605469
dynamic_accel,30.832,2.3425015277921855
dynamic_accel,30.882,3.7372045637976647
dynamic_accel,30.932,1.3924812797299158
dynamic_accel,30.982,2.8572796937635836
dynamic_accel,31.032,-1.0408252482838467
dynamic_accel,31.082,-2.2724829494906897
dynamic_accel,31.132,-3.4196688743441968
dynamic_accel,31.182,-2.620550673743665
dynamic_accel,31.232,-1.6596942276066375
dynamic_accel,31.282,0.048427370837723416
dynamic_accel,31.332,0.38045287287112295
dynamic_accel,31.382,1.902808758717839
dynamic_accel,31.432,3.555735290224977
dynamic_accel,31.482,1.7340939300367975
dynamic_accel,31.532,2.3810213011527583
dynamic_accel,31.582,1.6503302162430593
dynamic_accel,31.632,-0.6834649094266307
dynamic_accel,31.682,-4.167599952664339
dynamic_accel,31.732,-4.545086749744069
dynamic_accel,31.782,-2.7254235048401867
dynamic_accel,31.832,-0.25746416516590287
dynamic_accel,31.882,0.6875825296224143
dynamic_accel,31.932,1.8130232530249941
dynamic_accel,31.982,3.6979080023733975
dynamic_accel,32.032,1.706570621873606
dynamic_accel,32.082,3.48080066248005
dynamic_accel,32.132,-0.11848371586795814
dynamic_accel,32.182,-1.4024586614695007
dynamic_accel,32.232,-3.085718138206336
dynamic_accel,32.282,-3.2085281444980014
dynamic_accel,32.332,-1.9360035090660723
dynamic_accel,32.382,-0.5493373799614201
dynamic_accel,32.432,0.5603761797771565
dynamic_accel,32.482,1.0787444342362065
dynamic_accel,32.532,1.8760364199533264
dynamic_accel,32.582,2.1195130306583145
dynamic_accel,32.632,2.1642717261686553
dynamic_accel,32.682,1.5930215559229843
dynamic_accel,32.732,0.20085822015113486
dynamic_accel,32.782,-2.8436051581322577
dynamic_accel,32.832,-3.211668946559045
dynamic_accel,32.882,-1.897584132572483
dynamic_accel,32.932,-0.937226796492908
dynamic_accel,32.982,0.14541099212110886
dynamic_accel,33.032,0.5377583086028963
dynamic_accel,33.082,1.4964607503234593
dynamic_accel,33.132,2.1496608338394054
dynamic_accel,33.182,1.8421748658794215
dynamic_accel,33.232,-0.06548182921439505
dynamic_accel,33.282,1.1700941022904203
dynamic_accel,33.332,-0.9965125412130824
dynamic_accel,33.382,-0.7041294963636222
dynamic_accel,33.432,-1.7562385240411054
dynamic_accel,33.482,-1.7640374700736725
dynamic_accel,33.532,-0.2569768234773431
dynamic_accel,33.582,0.5485372657023557
dynamic_accel,33.632,0.4398973157818471
dynamic_accel,33.682,0.3714783303508771
dynamic_accel,33.732,0.9141808593390941
dynamic_accel,33.782,0.30540220337556434
dynamic_accel,33.832,0.19583914062237717
dynamic_accel,33.882,0.6012547610435153
dynamic_accel,33.932,-0.3215206999066389
dynamic_accel,33.982,-0.6742387921626793
dynamic_accel,34.032,-0.2833471695885805
dynamic_accel,34.082,-0.421723002689415
dynamic_accel,34.132,0.008555972728006012
dynamic_accel,34.182,-0.17277937404801236
dynamic_accel,34.232,-0.02043247155368988
dynamic_accel,34.282,0.13653539836005812
dynamic_accel,34.332,0.3549176450773839
dynamic_accel,34.382,0.45321084325711425
dynamic_accel,34.432,0.11317715408247686
dynamic_accel,34.482,0.15522163098631658
dynamic_accel,34.532,-0.06020776814744444
dynamic_accel,34.582,-0.23757224214061878
dynamic_accel,34.632,-0.18259557893313705
dynamic_accel,34.682,-0.20888634046839982
dynamic_accel,34.732,-0.40130049092015696
dynamic_accel,34.782,-0.6052899419989224
dynamic_accel,34.832,-0.6143714891731555
dynamic_accel,34.882,-0.5238520726082445
dynamic_accel,34.932,-0.29770300430706875
dynamic_accel,34.982,0.028033010136084613
dynamic_accel,35.032,0.6749563192029822
dynamic_accel,35.082,1.2870773367308352
dynamic_accel,35.132,1.709154312073256
dynamic_accel,35.182,1.830369392293866
dynamic_accel,35.232,1.499618884663004
dynamic_accel,35.282,0.011572004087167187
dynamic_accel,35.332,-1.8330087261264776
dynamic_accel,35.382,-1.7618304432149063
dynamic_accel,35.432,-2.0972594451635427
dynamic_accel,35.482,-2.112898653784786
dynamic_accel,35.532,-1.0486230963733423
dynamic_accel,35.582,0.08386789442977971
dynamic_accel,35.632,0.6180732009965428
dynamic_accel,35.682,1.341417724835411
dynamic_accel,35.732,1.7070506287723735
dynamic_accel,35.782,2.3502059963034707
dynamic_accel,35.832,2.2479434987698177
dynamic_accel,35.882,0.8873992760512603
dynamic_accel,35.932,-0.5009084786349902
dynamic_accel,35.982,-1.0785479875121968
dynamic_accel,36.032,-1.311646506851826
dynamic_accel,36.082,-2.5881197953135064
dynamic_accel,36.132,-2.7970211392409308
dynamic_accel,36.182,-1.5138029511441626
dynamic_accel,36.232,0.0033044837800346727
dynamic_accel,36.282,1.1223507377357222
dynamic_accel,36.332,1.7718704403318188
dynamic_accel,36.382,2.02260214219527
dynamic_accel,36.432,1.8530849436430579
dynamic_accel,36.482,1.9318743250195336
dynamic_accel,36.532,0.648278166571508
dynamic_accel,36.582,-1.2718153868333424
dynamic_accel,36.632,-1.6711572270080843
dynamic_accel,36.682,-1.9884158530719969
dynamic_accel,36.732,-1.5769503574346064
dynamic_accel,36.782,-0.5430807784829916
dynamic_accel,36.832,0.3872198052795017
dynamic_accel,36.882,0.7676230270478595
dynamic_accel,36.932,0.7019768348413482
dynamic_accel,36.982,0.568667379123136
dynamic_accel,37.032,0.40760313935721904
dynamic_accel,37.082,0.09391616218837306
dynamic_accel,37.132,0.2380362803247369
dynamic_accel,37.182,0.4747690285750483
dynamic_accel,37.232,0.39260689918598146
dynamic_accel,37.282,-0.2939374979332605
dynamic_accel,37.332,-0.6649087716080171
dynamic_accel,37.382,-0.41553295983151983
dynamic_accel,37.432,-0.19661624472282035
dynamic_accel,37.482,-0.12650158898273212
dynamic_accel,37.532,-0.146434735823183
dynamic_accel,37.582,-0.24283283484654206
dynamic_accel,37.632,0.03751963213231946
dynamic_accel,37.682,0.3550836077908066
dynamic_accel,37.732,0.15083320852441773
dynamic_accel,37.782,0.08827502381249808
dynamic_accel,37.832,0.13499864210422885
dynamic_accel,37.882,0.05167801342686573
dynamic_accel,37.932,-0.1441515469087875
dynamic_accel,37.982,-0.30065345696479717
dynamic_accel,38.032,-0.1782826775964601
dynamic_accel,38.082,-0.4291147644714215
dynamic_accel,38.132,-0.5434390404000737
dynamic_accel,38.182,-0.4081507081746665
dynamic_accel,38.232,0.12775256409535451
dynamic_accel,38.282,0.49981941297194865
dynamic_accel,38.332,0.009410205695632001
dynamic_accel,38.382,0.31294941149977795
dynamic_accel,38.432,1.2297331423445215
dynamic_accel,38.482,2.024574414402135
dynamic_accel,38.532,1.8355806343002818
dynamic_accel,38.582,-0.09042945408429759
dynamic_accel,38.632,-2.5068028624392236
dynamic_accel,38.682,-2.3597563413093408
dynamic_accel,38.732,0.5845246497516783
dynamic_accel,38.782,-0.4615178767849013
dynamic_accel,38.832,-2.299568378177078
dynamic_accel,38.882,-1.8747682694623098
dynamic_accel,38.932,-0.13463247004242263
dynamic_accel,38.982,1.2393156180984182
dynamic_accel,39.032,1.678635991834044
dynamic_accel,39.082,3.263738468927114
dynamic_accel,39.132,1.6415300608408128
dynamic_accel,39.182,2.1361846625695904
dynamic_accel,39.232,0.8787406467911865
dynamic_accel,39.282,-0.2738496307501528
dynamic_accel,39.332,-2.3523782105460205
dynamic_accel,39.382,-3.602687211761105
dynamic_accel,39.432,-3.033360331352875
dynamic_accel,39.482,-1.486304556435254
dynamic_accel,39.532,-0.18057907222851277
dynamic_accel,39.582,0.9494376951977017
dynamic_accel,39.632,2.0375402793798365
dynamic_accel,39.682,2.6182861824267647
dynamic_accel,39.732,1.9560200172853524
dynamic_accel,39.782,2.818216753962684
dynamic_accel,39.832,0.28772555415043577
dynamic_accel,39.882,-1.2715965916228384
dynamic_accel,39.932,-2.7003859133133847
dynamic_accel,39.982,-4.143621877700256
dynamic_accel,40.032,-3.491121264419375
dynamic_accel,40.082,-1.8933814184739042
dynamic_accel,40.132,0.11401451117304795
dynamic_accel,40.182,2.0397289002145857
dynamic_accel,40.232,3.7714499202217073
dynamic_accel,40.282,4.0752215310811515
dynamic_accel,40.332,2.518801550616214
dynamic_accel,40.382,3.030191897850292
dynamic_accel,40.432,0.5539976419339219
dynamic_accel,40.482,-1.5895073079545163
dynamic_accel,40.532,-4.727844581349661
dynamic_accel,40.582,-4.730065172181959
dynamic_accel,40.632,-2.6754329190768633
dynamic_accel,40.682,-0.31762472569573674
dynamic_accel,40.732,1.2269019121286178
dynamic_accel,40.782,1.2551423841750307
dynamic_accel,40.832,2.0258977321644664
dynamic_accel,40.882,1.9028137680288175
dynamic_accel,40.932,4.557956775584685
dynamic_accel,40.982,0.425743938211955
dynamic_accel,41.032,-0.8420350060409341
dynamic_accel,41.082,-2.2654353528502007
dynamic_accel,41.132,-2.8068692041844816
dynamic_accel,41.182,-2.3650293735720487
dynamic_accel,41.232,-0.9564044795305087
dynamic_accel,41.282,-0.4224602125845198
dynamic_accel,41.332,0.36897555125965553
dynamic_accel,41.382,1.604272957320772
dynamic_accel,41.432,1.9070232475438207
dynamic_accel,41.482,0.11264637292670265
dynamic_accel,41.532,2.4342250018630764
dynamic_accel,41.582,0.7623906185345053
dynamic_accel,41.632,0.7455080214980931
dynamic_accel,41.682,-2.1644189575639636
dynamic_accel,41.732,-2.410161582799514
dynamic_accel,41.782,-0.7074906909767016
dynamic_accel,41.832,-0.11269047023423617
dynamic_accel,41.882,-0.00441880654876492
dynamic_accel,41.932,0.5542410445245913
dynamic_accel,41.982,0.9376290399120801
dynamic_accel,42.032,0.42623390414794926
dynamic_accel,42.082,-0.4082978209280448
dynamic_accel,42.132,-0.13306019523156465
dynamic_accel,42.182,0.49691339572537885
dynamic_accel,42.232,0.13197144133205008
dynamic_accel,42.282,0.12711635985199088
dynamic_accel,42.332,0.07450916570956423
dynamic_accel,42.382,-0.35520898839202
dynamic_accel,42.432,-0.08539755127260662
dynamic_accel,42.482,-0.166997596621405
dynamic_accel,42.532,-0.3607099616673004
dynamic_accel,42.582,0.14853848625121557
dynamic_accel,42.632,-0.3304867191359815
dynamic_accel,42.682,0.056994834325838184
dynamic_accel,42.732,0.6577868873173482
dynamic_accel,42.782,-0.36093655496807564
dynamic_accel,42.832,-0.39520512625706594
dynamic_accel,42.882,-0.15089645790760464
dynamic_accel,42.932,-0.28307056510310424
dynamic_accel,42.982,-0.66719221210694
dynamic_accel,43.032,-0.36883279095597565
dynamic_accel,43.082,-0.38187399315576265
dynamic_accel,43.132,-0.06942362815310155
dynamic_accel,43.182,0.6882598355903262
dynamic_accel,43.232,1.1873307542983866
dynamic_accel,43.282,1.5703390145815561
dynamic_accel,43.332,1.0472043989371134
dynamic_accel,43.382,2.046494773476118
dynamic_accel,43.432,1.4311495455428993
dynamic_accel,43.482,-0.07029566189486935
dynamic_accel,43.532,-2.805107461071824
dynamic_accel,43.582,-4.011097433172109
dynamic_accel,43.632,-2.5441367618684625
dynamic_accel,43.682,-0.44603398684543727
dynamic_accel,43.732,0.13591282091427992
dynamic_accel,43.782,0.05182225623544845
dynamic_accel,43.832,0.9894931833649245
dynamic_accel,43.882,2.0501386130042825
dynamic_accel,43.932,2.7623806985496167
dynamic_accel,43.982,2.3038099488377224
dynamic_accel,44.032,3.0368490933690673
dynamic_accel,44.082,-1.8663765886859718
dynamic_accel,44.132,-2.5813504891570664
dynamic_accel,44.182,-2.051318992260704
dynamic_accel,44.232,-2.91581361055073
dynamic_accel,44.282,-2.74284864830463
dynamic_accel,44.332,-1.7019469380424734
dynamic_accel,44.382,-0.2027284613365108
dynamic_accel,44.432,2.128245806516343
dynamic_accel,44.482,3.145026703729439
dynamic_accel,44.532,2.752583277342472
dynamic_accel,44.582,2.3157086630054717
dynamic_accel,44.632,3.793330913064814
dynamic_accel,44.682,1.2993409891924745
dynamic_accel,44.732,-1.2779208715517
dynamic_accel,44.782,-5.313569822302968
dynamic_accel,44.832,-5.136663780946918
dynamic_accel,44.882,-3.2109930052143962
dynamic_accel,44.932,-0.36334167091701985
dynamic_accel,44.982,1.8049614124309965
dynamic_accel,45.032,3.050001130817579
dynamic_accel,45.082,3.047509137317549
dynamic_accel,45.132,1.1735216767551417
dynamic_accel,45.182,2.8000005917146815
dynamic_accel,45.232,0.5538600840228085
dynamic_accel,45.282,-1.1399720742298474
dynamic_accel,45.332,-2.4699775591841773
dynamic_accel,45.382,-2.5250369245194797
dynamic_accel,45.432,-1.4344430786060514
dynamic_accel,45.482,-0.35968356266227275
dynamic_accel,45.532,-0.005033659071770558
dynamic_accel,45.582,0.12357554503956969
dynamic_accel,45.632,0.16139383264376939
dynamic_accel,45.682,0.3355189254409101
dynamic_accel,45.732,1.5484271531157212
dynamic_accel,45.782,1.3757830802035098
dynamic_accel,45.832,0.9114460050435351
dynamic_accel,45.882,-0.434410583071573
dynamic_accel,45.932,-1.4950529713124237
dynamic_accel,45.982,-0.7348644395837134
dynamic_accel,46.032,0.04026392535128487
dynamic_accel,46.082,0.2589765818106926
dynamic_accel,46.132,0.32309312604404106
dynamic_accel,46.182,0.48836814842576715
dynamic_accel,46.232,0.03327422748594877
dynamic_accel,46.282,-0.0549175874016008
dynamic_accel,46.332,-0.1785414593189838
dynamic_accel,46.382,-0.2430769558016106
dynamic_accel,46.432,-0.02986676736797378
dynamic_accel,46.482,-0.1382041742481821
dynamic_accel,46.532,-0.1776854486919408
dynamic_accel,46.582,0.05794650661628964
dynamic_accel,46.632,0.2732552420812393
dynamic_accel,46.682,0.17986821302916667
dynamic_accel,46.732,-0.009546955109421162
dynamic_accel,46.782,-0.15254343708831364
dynamic_accel,46.832,-0.2239440218777986
dynamic_accel,46.882,-0.21779614746068177
dynamic_accel,46.932,-0.5031005404315234
dynamic_accel,46.982,-0.6490937416048972
dynamic_accel,47.032,-0.5117890984055933
dynamic_accel,47.082,-0.30537090624382124
dynamic_accel,47.132,0.24507455852363869
dynamic_accel,47.182,0.9154981274614986
dynamic_accel,47.232,1.4831213506353258
dynamic_accel,47.282,1.6793360314115535
dynamic_accel,47.332,1.9395137273117857
dynamic_accel,47.382,1.1364045430498635
dynamic_accel,47.432,-0.8185429218017131
dynamic_accel,47.482,-1.5954198661816985
dynamic_accel,47.532,-1.766168394096713
dynamic_accel,47.582,-2.4006380063730406
dynamic_accel,47.632,-2.829808378129176
dynamic_accel,47.682,-1.2597736971157971
dynamic_accel,47.732,0.4684429166108188
dynamic_accel,47.782,1.1838067507691132
dynamic_accel,47.832,1.6945314357413626
dynamic_accel,47.882,2.4938289257358566
dynamic_accel,47.932,2.5026755879444913
dynamic_accel,47.982,2.217045260122486
dynamic_accel,48.032,0.8641098599793366
dynamic_accel,48.082,-0.054238751030574406
dynamic_accel,48.132,-1.979315067141389
dynamic_accel,48.182,-3.699471917047828
dynamic_accel,48.232,-3.601390790060302
dynamic_accel,48.282,-2.275818343585396
dynamic_accel,48.332,-0.40178208201169596
dynamic_accel,48.382,0.9846843490469119
dynamic_accel,48.432,2.5290122846127012
dynamic_accel,48.482,3.536507172483258
dynamic_accel,48.532,2.4445342280442866
dynamic_accel,48.582,3.1971949364584393
dynamic_accel,48.632,0.2846697587666469
dynamic_accel,48.682,-1.7731633479286995
dynamic_accel,48.732,-2.808889934906178
dynamic_accel,48.782,-3.8737612920024143
dynamic_accel,48.832,-3.388470604304498
dynamic_accel,48.882,-1.4948767601371955
dynamic_accel,48.932,0.29774231367020043
dynamic_accel,48.982,1.7742495069171795
dynamic_accel,49.032,3.1561842944672645
dynamic_accel,49.082,3.2311917103383987
dynamic_accel,49.132,3.0774026713471585
dynamic_accel,49.182,1.765297172788392
dynamic_accel,49.232,-0.23381779962007165
dynamic_accel,49.282,-2.6274210807358767
dynamic_accel,49.332,-4.638883058625884
dynamic_accel,49.382,-4.032374971211105
dynamic_accel,49.432,-2.183069176424567
dynamic_accel,49.482,0.21752441422635016
dynamic_accel,49.532,1.7119540247913907
dynamic_accel,49.582,2.5775162732936323
dynamic_accel,49.632,3.6263255820348927
dynamic_accel,49.682,4.6480098838202295
dynamic_accel,49.732,1.9594525666468279
dynamic_accel,49.782,-0.5913281573021152
dynamic_accel,49.832,-2.2849538486568015
dynamic_accel,49.882,-4.134200896233663
dynamic_accel,49.932,-3.798654158314383
dynamic_accel,49.982,-2.530062523071818
dynamic_accel,50.032,-1.0841725115347032
dynamic_accel,50.082,0.2979866364091812
dynamic_accel,50.132,1.9367821695793257
dynamic_accel,50.182,3.47596935560707
dynamic_accel,50.232,2.316543075521663
dynamic_accel,50.282,4.056549456096356
dynamic_accel,50.332,1.6977597713480534
dynamic_accel,50.382,-0.043416816467033215
dynamic_accel,50.432,-3.896124014242737
dynamic_accel,50.482,-4.716603604057245
dynamic_accel,50.532,-3.409567863209472
dynamic_accel,50.582,-1.309450978049755
dynamic_accel,50.632,1.0145503021763567
dynamic_accel,50.682,1.9856008545983865
dynamic_accel,50.732,2.453032812503279
dynamic_accel,50.782,2.9901021002185537
dynamic_accel,50.832,3.9599115954269326
dynamic_accel,50.882,0.8259738009099209
dynamic_accel,50.932,-1.9315414023237754
dynamic_accel,50.982,-2.202096951733669
dynamic_accel,51.032,-3.290556851323789
dynamic_accel,51.082,-3.2889311101707897
dynamic_accel,51.132,-2.0529897288769305
dynamic_accel,51.182,-0.7806343757744703
dynamic_accel,51.232,0.5852335735229985
dynamic_accel,51.282,2.7620907928813327
dynamic_accel,51.332,3.6048567856883693
dynamic_accel,51.382,2.4105333829918916
dynamic_accel,51.432,2.8017770132923445
dynamic_accel,51.482,1.185014880493446
dynamic_accel,51.532,0.19445325553941473
dynamic_accel,51.582,-3.4351936677422854
dynamic_accel,51.632,-4.75014206368466
dynamic_accel,51.682,-3.4007224838770975
dynamic_accel,51.732,-1.653898916410153
dynamic_accel,51.782,0.3224851205962178
dynamic_accel,51.832,1.8526940461975236
dynamic_accel,51.882,2.8054493486149656
dynamic_accel,51.932,3.4211347955587197
dynamic_accel,51.982,1.9302927573014852
dynamic_accel,52.032,2.7027439831393796
dynamic_accel,52.082,-1.1362883634402863
dynamic_accel,52.132,-1.650585997108676
dynamic_accel,52.182,-3.5923679876754413
dynamic_accel,52.232,-3.3636696520327796
dynamic_accel,52.282,-2.1868048037434775
dynamic_accel,52.332,-0.4729298191030882
dynamic_accel,52.382,0.33086823446303093
dynamic_accel,52.432,1.692640834855018
dynamic_accel,52.482,2.6229471297016875
dynamic_accel,52.532,2.9159824080029697
dynamic_accel,52.582,3.2148755613123114
dynamic_accel,52.632,0.9476835050342487
dynamic_accel,52.682,-0.15343047452868142
dynamic_accel,52.732,-3.0209990869436973
dynamic_accel,52.782,-4.534112775009042
dynamic_accel,52.832,-3.1854469709805926
dynamic_accel,52.882,-1.3446479605601525
dynamic_accel,52.932,0.45961837936245153
dynamic_accel,52.982,1.646180481678325
dynamic_accel,53.032,2.9659363586614944
dynamic_accel,53.082,3.821993249822233
dynamic_accel,53.132,1.1794327764652444
dynamic_accel,53.182,3.1469888890611575
dynamic_accel,53.232,-0.2208856481411825
dynamic_accel,53.282,-2.283268081682208
dynamic_accel,53.332,-4.286016581536539
dynamic_accel,53.382,-3.575641312413966
dynamic_accel,53.432,-1.8094447870911115
dynamic_accel,53.482,-0.5332501827455687
dynamic_accel,53.532,0.3447919932369299
dynamic_accel,53.582,1.3611356414887847
dynamic_accel,53.632,2.9888490206964295
dynamic_accel,53.682,4.026497309615065
dynamic_accel,53.732,1.4973468421554177
dynamic_accel,53.782,0.08427921207780642
dynamic_accel,53.832,0.3100719330252737
dynamic_accel,53.882,-2.0506011099752097
dynamic_accel,53.932,-3.5865279981686404
dynamic_accel,53.982,-3.3375415108793707
dynamic_accel,54.032,-1.5810944113999117
dynamic_accel,54.082,0.3413048608362814
dynamic_accel,54.132,2.0068385142565237
dynamic_accel,54.182,1.9237427153104996
dynamic_accel,54.232,2.086174089311214
dynamic_accel,54.282,1.070568084064167
dynamic_accel,54.332,3.9826327120659943
dynamic_accel,54.382,-0.2027334440622912
dynamic_accel,54.432,-2.463517134473128
dynamic_accel,54.482,-3.437591024807533
dynamic_accel,54.532,-2.97810749337372
dynamic_accel,54.582,-1.1167031024852374
dynamic_accel,54.632,0.08799489161480345
dynamic_accel,54.682,0.028682615885811558
dynamic_accel,54.732,0.9758325669427261
dynamic_accel,54.782,2.7188408159755646
dynamic_accel,54.832,3.5006151618966523
dynamic_accel,54.882,2.663876838162329
dynamic_accel,54.932,1.2908730070062209
dynamic_accel,54.982,-0.7985178235502595
dynamic_accel,55.032,-2.6458652407466188
dynamic_accel,55.082,-4.661353250329104
dynamic_accel,55.132,-3.676286969163449
dynamic_accel,55.182,-1.7392696427169074
dynamic_accel,55.232,0.6452423060111716
dynamic_accel,55.282,1.9512319862598204
dynamic_accel,55.332,2.9059531241523118
dynamic_accel,55.382,2.983178760190645
dynamic_accel,55.432,1.6245061984827203
dynamic_accel,55.482,3.13436285085173
dynamic_accel,55.532,-0.7281914808467587
dynamic_accel,55.582,-2.4313490877763364
dynamic_accel,55.632,-3.2377993043361197
dynamic_accel,55.682,-2.8107929396382128
dynamic_accel,55.732,-2.0080815782378973
dynamic_accel,55.782,-0.6309075396790824
dynamic_accel,55.832,0.5978269797343554
dynamic_accel,55.882,1.3839690230433828
dynamic_accel,55.932,2.9814160306378366
dynamic_accel,55.982,2.9743696859560202
dynamic_accel,56.032,1.217290727116099
dynamic_accel,56.082,0.7533851148921418
dynamic_accel,56.132,-0.600604484353239
dynamic_accel,56.182,-1.7662370643746712
dynamic_accel,56.232,-3.2869537139584075
dynamic_accel,56.282,-2.264559633430416
dynamic_accel,56.332,-0.6764704896210745
dynamic_accel,56.382,0.06036556311091168
dynamic_accel,56.432,0.6438614699124354
dynamic_accel,56.482,1.2108234836227396
dynamic_accel,56.532,2.201583345756106
dynamic_accel,56.582,1.7730235992451195
dynamic_accel,56.632,1.3110989916527949
dynamic_accel,56.682,1.5784517646399063
dynamic_accel,56.732,-0.6334249715407019
dynamic_accel,56.782,-1.8381075229207404
dynamic_accel,56.832,-2.0813403238911814
dynamic_accel,56.882,-1.8145858508742005
dynamic_accel,56.932,-1.184181935254223
dynamic_accel,56.982,-0.3549519939879069
dynamic_accel,57.032,-0.12555087601075599
dynamic_accel,57.082,0.408947075098844
dynamic_accel,57.132,1.1067589137827873
dynamic_accel,57.182,0.8077785035307077
dynamic_accel,57.232,1.5929661788072504
dynamic_accel,57.282,1.6849051965552366
dynamic_accel,57.332,-0.43530845681497254
dynamic_accel,57.382,-0.5768498872337329
dynamic_accel,57.432,-1.261256343877573
dynamic_accel,57.482,-1.0874500603540298
dynamic_accel,57.532,0.5731114707894012
dynamic_accel,57.582,0.5426033090889604
dynamic_accel,57.632,0.032530384256507006
dynamic_accel,57.682,0.04116312060273941
dynamic_accel,57.732,-0.09210158917408862
dynamic_accel,57.782,-0.11298337828251448
dynamic_accel,57.832,-0.23902601557249703
dynamic_accel,57.882,-0.3671844515868852
dynamic_accel,57.932,0.10048289454176818
dynamic_accel,57.982,0.5174739642059283
dynamic_accel,58.032,0.08363782667788477
dynamic_accel,58.082,0.20941617895327447
dynamic_accel,58.132,0.14273595970037078
dynamic_accel,58.182,-0.28038053296806176
dynamic_accel,58.232,-0.20675751376815832
dynamic_accel,58.282,0.08359333652756895
dynamic_accel,58.332,0.15148371533035387
dynamic_accel,58.382,0.03240140706807715
dynamic_accel,58.432,-0.28692134592059837
dynamic_accel,58.482,-0.29237895928456226
dynamic_accel,58.532,-0.023056879935152708
dynamic_accel,58.582,0.0712203191011973
dynamic_accel,58.632,-0.00869962940482516
dynamic_accel,58.682,0.033647469155834386
dynamic_accel,58.732,0.10394836108272187
dynamic_accel,58.782,0.04818380105805531
dynamic_accel,58.832,-0.15159884308656935
dynamic_accel,58.882,-0.025229130611688078
dynamic_accel,58.932,0.1357563159180568
dynamic_accel,58.982,0.06575206197355143
dynamic_accel,59.032,0.04810455359918997
dynamic_accel,59.082,0.09997998332742952
dynamic_accel,59.132,0.04922158854926373
dynamic_accel,59.182,0.09585007917208088
dynamic_accel,59.232,0.05256587333191298
dynamic_accel,59.282,0.024851484685362024
dynamic_accel,59.332,-0.2725127922683406
dynamic_accel,59.382,-0.2501914378260981
magnetic_norm,0.046,47.530716199813924
magnetic_norm,0.142,47.70198763117955
magnetic_norm,0.242,47.46206754218443
magnetic_norm,0.342,47.555634240008835
magnetic_norm,0.441,47.71798913556182
magnetic_norm,0.541,47.8671992942589
magnetic_norm,0.64,47.729466054478465
magnetic_norm,0.739,47.72796425107758
magnetic_norm,0.839,47.51198639927206
magnetic_norm,0.939,47.61443580653017
magnetic_norm,1.038,47.5997708477224
magnetic_norm,1.138,47.67373561260376
magnetic_norm,1.237,47.41823572312144
magnetic_norm,1.337,47.62433142296611
magnetic_norm,1.436,47.32494812942159
magnetic_norm,1.536,47.85644163434235
magnetic_norm,1.635,48.29873527325646
magnetic_norm,1.735,48.378080182887736
magnetic_norm,1.835,48.90504307040188
magnetic_norm,1.934,49.45950133074276
magnetic_norm,2.033,49.812205560206976
magnetic_norm,2.133,50.3930956619206
magnetic_norm,2.243,50.85202221772468
magnetic_norm,2.332,51.569184325348544
magnetic_norm,2.432,51.926301971818276
magnetic_norm,2.532,52.044364045327406
magnetic_norm,2.631,51.888735860031574
magnetic_norm,2.73,52.13566492631056
magnetic_norm,2.83,51.559946668943816
magnetic_norm,2.929,50.75868402267405
magnetic_norm,3.029,50.0360708583765
magnetic_norm,3.128,49.105328321867994
magnetic_norm,3.228,48.84215231916171
magnetic_norm,3.327,48.155046924875144
magnetic_norm,3.427,47.96725390006833
magnetic_norm,3.526,48.03093367575589
magnetic_norm,3.626,48.41182133025232
magnetic_norm,3.726,47.641605240462745
magnetic_norm,3.825,47.31190998596968
magnetic_norm,3.925,46.951214954408485
magnetic_norm,4.024,46.951047153857154
magnetic_norm,4.131,46.40066369836074
magnetic_norm,4.223,45.59374019497444
magnetic_norm,4.323,44.90879406159231
magnetic_norm,4.423,44.32569277729075
magnetic_norm,4.522,43.56973825280417
magnetic_norm,4.621,42.93387349169298
magnetic_norm,4.721,42.19460324549575
magnetic_norm,4.82,41.66288601582843
magnetic_norm,4.92,40.20347580317542
magnetic_norm,5.02,39.998138235952375
magnetic_norm,5.119,39.71815299882004
magnetic_norm,5.218,38.98735458631211
magnetic_norm,5.318,38.79049842923432
magnetic_norm,5.417,38.42830215361273
magnetic_norm,5.517,37.72350738991761
magnetic_norm,5.617,38.2195216600132
magnetic_norm,5.716,37.8703436816891
magnetic_norm,5.815,38.352186431054186
magnetic_norm,5.915,37.90051335227629
magnetic_norm,6.03,38.37984699678147
magnetic_norm,6.114,38.420738723726295
magnetic_norm,6.214,38.768165686553246
magnetic_norm,6.313,38.80719634357299
magnetic_norm,6.413,38.927056154889634
magnetic_norm,6.512,39.06947344069961
magnetic_norm,6.612,39.96736330462507
magnetic_norm,6.711,40.24446698581082
magnetic_norm,6.811,40.552954834949
magnetic_norm,6.911,40.92138447806937
magnetic_norm,7.01,41.689094833158656
magnetic_norm,7.12,41.65829557279913
magnetic_norm,7.209,42.36603849469034
magnetic_norm,7.308,42.64343246077725
magnetic_norm,7.408,43.007727294624104
magnetic_norm,7.508,43.43256101824078
magnetic_norm,7.607,43.590641423997184
magnetic_norm,7.71,43.8207943838117
magnetic_norm,7.806,44.37909585336998
magnetic_norm,7.907,45.05743552076738
magnetic_norm,8.005,45.21241583999336
magnetic_norm,8.105,45.484833843132705
magnetic_norm,8.205,46.091737504082474
magnetic_norm,8.304,46.46751553827557
magnetic_norm,8.403,47.46739389459027
magnetic_norm,8.503,47.92362362058916
magnetic_norm,8.602,49.163484191557814
magnetic_norm,8.702,50.477156762708276
magnetic_norm,8.801,51.851322910324484
magnetic_norm,8.901,53.02466768645098
magnetic_norm,9.001,53.82362459033855
magnetic_norm,9.1,54.966662510672414
magnetic_norm,9.199,56.78726605630062
magnetic_norm,9.299,57.77515245105548
magnetic_norm,9.399,59.17887500353008
magnetic_norm,9.498,60.00057785486254
magnetic_norm,9.598,60.775597043834665
magnetic_norm,9.697,62.04269348485637
magnetic_norm,9.813,62.96727629596841
magnetic_norm,9.896,64.24569157551387
magnetic_norm,9.996,64.47686729528851
magnetic_norm,10.096,64.42225002162857
magnetic_norm,10.195,64.48865452006638
magnetic_norm,10.295,64.54165981575665
magnetic_norm,10.394,64.16026402295219
magnetic_norm,10.493,63.15601304651114
magnetic_norm,10.593,61.86857630872867
magnetic_norm,10.693,60.7798552922894
magnetic_norm,10.792,59.789927288310594
magnetic_norm,10.892,58.29956853544856
magnetic_norm,10.991,57.67985158987276
magnetic_norm,11.09,55.62205131176795
magnetic_norm,11.19,54.02513412967685
magnetic_norm,11.29,52.41011052712178
magnetic_norm,11.391,50.94007543379927
magnetic_norm,11.489,50.141338166411764
magnetic_norm,11.589,49.10179523127178
magnetic_norm,11.703,48.026823251849756
magnetic_norm,11.787,47.130674021882335
magnetic_norm,11.887,46.344297440745464
magnetic_norm,11.987,45.65959456828492
magnetic_norm,12.086,45.05729630389422
magnetic_norm,12.198,44.60315771695707
magnetic_norm,12.285,44.26825419517604
magnetic_norm,12.384,44.06260618921108
magnetic_norm,12.484,43.50844395629533
magnetic_norm,12.584,43.446314470986785
magnetic_norm,12.683,43.093836716768884
magnetic_norm,12.783,42.82967543225096
magnetic_norm,12.882,42.53068160361887
magnetic_norm,12.981,41.95844368231465
magnetic_norm,13.112,42.033003784237735
magnetic_norm,13.181,42.28383719024804
magnetic_norm,13.28,42.24389334802112
magnetic_norm,13.38,41.87139983076666
magnetic_norm,13.48,42.17491857943
magnetic_norm,13.579,42.07673892581137
magnetic_norm,13.679,41.92221696566784
magnetic_norm,13.778,42.17328393455417
magnetic_norm,13.884,41.64967020211832
magnetic_norm,13.977,41.34454641020752
magnetic_norm,14.077,41.46738343222354
magnetic_norm,14.181,41.641353030200705
magnetic_norm,14.276,41.57717731248414
magnetic_norm,14.375,41.12145648031126
magnetic_norm,14.475,41.175311108626126
magnetic_norm,14.574,41.534649747892594
magnetic_norm,14.674,41.31182872396459
magnetic_norm,14.773,41.449593455527726
magnetic_norm,14.873,41.51622642625613
magnetic_norm,14.972,41.76059200817183
magnetic_norm,15.072,42.01636228314706
magnetic_norm,15.171,42.4346585818386
magnetic_norm,15.271,42.703524053128994
magnetic_norm,15.39,42.95187506173009
magnetic_norm,15.47,43.32683733378144
magnetic_norm,15.57,43.17656716987048
magnetic_norm,15.669,43.37356606605308
magnetic_norm,15.785,43.93148702718907
magnetic_norm,15.868,44.627470760104295
magnetic_norm,15.968,44.35219006280595
magnetic_norm,16.067,44.64676006815606
magnetic_norm,16.167,45.24454429259828
magnetic_norm,16.266,46.081052846613225
magnetic_norm,16.366,46.7546313024962
magnetic_norm,16.465,47.97637203490416
magnetic_norm,16.565,48.73760188910883
magnetic_norm,16.664,49.957746131490076
magnetic_norm,16.764,51.34213767298276
magnetic_norm,16.864,52.9587295811849
magnetic_norm,16.963,54.432975676673166
magnetic_norm,17.062,55.70369674792854
magnetic_norm,17.162,56.87658568624148
magnetic_norm,17.262,58.200004039651574
magnetic_norm,17.361,59.47127973884644
magnetic_norm,17.461,60.13606124928524
magnetic_norm,17.56,61.03850667678039
magnetic_norm,17.674,62.15527324508007
magnetic_norm,17.759,62.51493051819568
magnetic_norm,17.859,62.839068779557614
magnetic_norm,17.959,62.75482581990385
magnetic_norm,18.058,62.04438514956926
magnetic_norm,18.157,61.69756887047091
magnetic_norm,18.257,60.561499048485985
magnetic_norm,18.356,59.563565158147014
magnetic_norm,18.456,58.26142633495427
magnetic_norm,18.555,56.63410085739506
magnetic_norm,18.655,54.77785467083116
magnetic_norm,18.755,53.35459339024725
magnetic_norm,18.854,52.097018766407146
magnetic_norm,18.953,50.531313045126915
magnetic_norm,19.053,50.00231487764363
magnetic_norm,19.153,48.8191243832016
magnetic_norm,19.252,48.67367308736846
magnetic_norm,19.352,47.22391230966316
magnetic_norm,19.452,46.745493447621016
magnetic_norm,19.559,46.377419927494074
magnetic_norm,19.65,45.98236349950415
magnetic_norm,19.75,45.50656636830194
magnetic_norm,19.849,45.23988358993992
magnetic_norm,19.949,45.6359503380363
magnetic_norm,20.049,45.196057734830916
magnetic_norm,20.148,44.64095864355706
magnetic_norm,20.248,43.968409023511654
magnetic_norm,20.347,43.89325665850635
magnetic_norm,20.447,43.7771069407551
magnetic_norm,20.546,43.169605554675364
magnetic_norm,20.655,42.89213048580834
magnetic_norm,20.745,42.47619110337665
magnetic_norm,20.845,41.78841608095043
magnetic_norm,20.944,41.710897325742216
magnetic_norm,21.044,41.14525220469157
magnetic_norm,21.143,40.94657838287522
magnetic_norm,21.243,40.77351306991717
magnetic_norm,21.342,40.52948164127294
magnetic_norm,21.463,41.06809602331198
magnetic_norm,21.542,40.033813874031665
magnetic_norm,21.641,39.654702340289006
magnetic_norm,21.757,39.775721686952856
magnetic_norm,21.84,40.22024759078213
magnetic_norm,21.94,40.1315279457959
magnetic_norm,22.039,39.73089363187528
magnetic_norm,22.139,39.77869260962116
magnetic_norm,22.238,39.83918215250083
magnetic_norm,22.338,39.60226739956838
magnetic_norm,22.437,40.22262889402751
magnetic_norm,22.537,40.47743038012236
magnetic_norm,22.636,40.79278200343733
magnetic_norm,22.736,40.89426394773587
magnetic_norm,22.835,41.04481894627653
magnetic_norm,22.935,40.968221355593585
magnetic_norm,23.034,40.95784719182938
magnetic_norm,23.134,41.70083568565905
magnetic_norm,23.233,41.679496014998094
magnetic_norm,23.333,41.5561652584131
magnetic_norm,23.433,41.360250469426795
magnetic_norm,23.532,41.49019741057996
magnetic_norm,23.647,42.122376222923414
magnetic_norm,23.731,41.98798885719102
magnetic_norm,23.831,42.026579781806035
magnetic_norm,23.93,42.217686831996936
magnetic_norm,24.03,41.67872626539209
magnetic_norm,24.13,41.621197631170226
magnetic_norm,24.229,41.47306463486166
magnetic_norm,24.328,41.23671196682617
magnetic_norm,24.428,41.42002489270687
magnetic_norm,24.527,41.57843454785029
magnetic_norm,24.627,41.65656788512784
magnetic_norm,24.726,42.32602842180773
magnetic_norm,24.826,42.274920541048736
magnetic_norm,24.925,42.08045339658828
magnetic_norm,25.025,42.370960982450164
magnetic_norm,25.124,42.55012910330429
magnetic_norm,25.224,42.3946354556293
magnetic_norm,25.324,42.894256824354905
magnetic_norm,25.423,42.55519242108381
magnetic_norm,25.522,42.60426368624977
magnetic_norm,25.622,42.58678333876086
magnetic_norm,25.722,42.53205960046935
magnetic_norm,25.827,42.32147091944186
magnetic_norm,25.921,42.35668544623471
magnetic_norm,26.05,42.07385335712106
magnetic_norm,26.12,41.97920598146439
magnetic_norm,26.22,42.36883415855091
magnetic_norm,26.319,42.7126180741306
magnetic_norm,26.418,42.81193858996783
magnetic_norm,26.518,43.359975739947075
magnetic_norm,26.618,43.75582524965726
magnetic_norm,26.717,44.42791165470242
magnetic_norm,26.816,45.268336266661244
magnetic_norm,26.916,45.593333580999186
magnetic_norm,27.016,46.115839532630716
magnetic_norm,27.115,46.09822241983486
magnetic_norm,27.215,46.0422082397118
magnetic_norm,27.314,46.04135160189278
magnetic_norm,27.414,45.80806742545593
magnetic_norm,27.513,45.273077208219085
magnetic_norm,27.613,44.88524338197793
magnetic_norm,27.731,44.74641093116349
magnetic_norm,27.812,44.412649553594576
magnetic_norm,27.912,44.11314404937731
magnetic_norm,28.011,44.6599469523783
magnetic_norm,28.111,44.44605332563314
magnetic_norm,28.21,44.40794325089709
magnetic_norm,28.31,44.198961468042135
magnetic_norm,28.409,44.03993131803364
magnetic_norm,28.509,44.232076316557006
magnetic_norm,28.608,43.97125462507155
magnetic_norm,28.708,43.83750843800918
magnetic_norm,28.807,43.88424684030988
magnetic_norm,28.907,43.84673326264789
magnetic_norm,29.006,43.74503065477867
magnetic_norm,29.106,43.615094041010096
magnetic_norm,29.205,43.28692600700752
magnetic_norm,29.305,43.48402100359425
magnetic_norm,29.404,43.423741464420786
magnetic_norm,29.504,43.41749931924119
magnetic_norm,29.618,43.57342135352278
magnetic_norm,29.703,43.799091734262994
magnetic_norm,29.803,43.67305381966078
magnetic_norm,29.902,44.03369811270449
magnetic_norm,30.002,44.36918763214626
magnetic_norm,30.101,44.786195350698584
magnetic_norm,30.201,45.07987040052317
magnetic_norm,30.3,45.81489906707623
magnetic_norm,30.399,45.84563127303311
magnetic_norm,30.499,46.19572572979513
magnetic_norm,30.599,46.749525122409615
magnetic_norm,30.698,46.50833960362119
magnetic_norm,30.798,46.54380065295991
magnetic_norm,30.897,46.54795228892204
magnetic_norm,30.997,46.52066106632508
magnetic_norm,31.097,46.72605169714496
magnetic_norm,31.196,46.6979704266098
magnetic_norm,31.296,47.14588785316672
magnetic_norm,31.395,47.07614720910546
magnetic_norm,31.495,47.49771849878155
magnetic_norm,31.594,47.58434962892649
magnetic_norm,31.694,47.78783948440819
magnetic_norm,31.793,47.845129646797744
magnetic_norm,31.893,47.757963476247326
magnetic_norm,31.992,47.54314910431504
magnetic_norm,32.092,47.61576026238202
magnetic_norm,32.191,47.431463453612956
magnetic_norm,32.291,47.77581368970522
magnetic_norm,32.391,47.57944626972699
magnetic_norm,32.506,48.07496962742457
magnetic_norm,32.589,48.06104437132415
magnetic_norm,32.689,47.39915427962072
magnetic_norm,32.789,47.60614549007467
magnetic_norm,32.888,47.38581345119327
magnetic_norm,32.988,46.749134732462934
magnetic_norm,33.087,46.85090338693147
magnetic_norm,33.187,46.33986872601837
magnetic_norm,33.286,45.93590735497384
magnetic_norm,33.4,45.534648499695436
magnetic_norm,33.485,45.72194105411919
magnetic_norm,33.601,45.6845314095421
magnetic_norm,33.685,45.89710673912789
magnetic_norm,33.784,46.25098061211337
magnetic_norm,33.883,46.17551071543017
magnetic_norm,33.983,47.01018217599586
magnetic_norm,34.082,47.024149572603925
magnetic_norm,34.182,46.987428732198374
magnetic_norm,34.282,46.984848256476994
magnetic_norm,34.381,46.94818435923887
magnetic_norm,34.481,47.02909798456015
magnetic_norm,34.58,47.125087423117726
magnetic_norm,34.692,47.48103078871186
magnetic_norm,34.779,47.38522038248552
magnetic_norm,34.879,47.44346944774624
magnetic_norm,34.994,47.420947033970435
magnetic_norm,35.078,47.060494136199
magnetic_norm,35.177,46.615876950405955
magnetic_norm,35.277,46.91585286094961
magnetic_norm,35.376,47.067671428523916
magnetic_norm,35.476,46.805788656541026
magnetic_norm,35.575,47.01241215725588
magnetic_norm,35.675,47.119471824274775
magnetic_norm,35.775,46.959289376377036
magnetic_norm,35.874,46.83558017089635
magnetic_norm,35.973,46.86607266939062
magnetic_norm,36.073,46.35789465339205
magnetic_norm,36.173,46.07379608475369
magnetic_norm,36.272,46.264689176600804
magnetic_norm,36.372,45.93094620502379
magnetic_norm,36.471,45.557841933390925
magnetic_norm,36.57,45.424790980298724
magnetic_norm,36.67,45.34335711772108
magnetic_norm,36.77,45.30190094336978
magnetic_norm,36.869,45.22991440209883
magnetic_norm,36.969,44.47929152299704
magnetic_norm,37.068,44.51106425787917
magnetic_norm,37.168,44.700790915405406
magnetic_norm,37.267,45.00651784194521
magnetic_norm,37.367,44.64745937030223
magnetic_norm,37.467,44.257021463418056
magnetic_norm,37.566,44.655972591128794
magnetic_norm,37.665,44.488325964823915
magnetic_norm,37.765,44.255445214737975
magnetic_norm,37.864,44.47361534096756
magnetic_norm,37.964,44.58836894817803
magnetic_norm,38.064,44.859859262857924
magnetic_norm,38.163,44.61770187268057
magnetic_norm,38.263,44.64653584950417
magnetic_norm,38.362,44.921583835837026
magnetic_norm,38.462,45.49838998387477
magnetic_norm,38.561,46.044110477951456
magnetic_norm,38.661,46.61852942309444
magnetic_norm,38.775,46.75693962730415
magnetic_norm,38.86,47.618457416054916
magnetic_norm,38.96,48.12546040394014
magnetic_norm,39.059,48.57093842540807
magnetic_norm,39.159,49.2591107779156
magnetic_norm,39.258,49.315662419238684
magnetic_norm,39.358,49.61256346924919
magnetic_norm,39.457,49.87344081519317
magnetic_norm,39.557,50.225898022635555
magnetic_norm,39.656,50.0983949502115
magnetic_norm,39.756,49.9416147353745
magnetic_norm,39.855,49.6192180018283
magnetic_norm,39.955,49.66668396266774
magnetic_norm,40.057,49.08049240819861
magnetic_norm,40.154,49.06706891055868
magnetic_norm,40.253,49.0451721348559
magnetic_norm,40.353,48.769335510837045
magnetic_norm,40.452,48.61029452625672
magnetic_norm,40.552,48.23563788517591
magnetic_norm,40.665,47.93012154239842
magnetic_norm,40.751,47.68274399834958
magnetic_norm,40.851,46.958161297741164
magnetic_norm,40.95,46.27722214242814
magnetic_norm,41.05,45.363883543858705
magnetic_norm,41.151,45.342387077963515
magnetic_norm,41.249,44.88432646337092
magnetic_norm,41.348,43.84276492583077
magnetic_norm,41.448,43.60571395088188
magnetic_norm,41.547,42.90939734611147
magnetic_norm,41.647,42.800642006288555
magnetic_norm,41.746,42.05457803667469
magnetic_norm,41.846,41.78560985261361
magnetic_norm,41.945,41.41184173020282
magnetic_norm,42.045,41.45157471494014
magnetic_norm,42.144,41.059200323416555
magnetic_norm,42.244,40.72519466905344
magnetic_norm,42.343,40.766376249117236
magnetic_norm,42.443,40.53064834978126
magnetic_norm,42.542,40.59570656121413
magnetic_norm,42.642,40.245300310205664
magnetic_norm,42.742,40.60006236584288
magnetic_norm,42.841,40.14754235864442
magnetic_norm,42.941,40.167311592997024
magnetic_norm,43.04,40.31453898894291
magnetic_norm,43.146,40.29031135803711
magnetic_norm,43.239,40.868692230194384
magnetic_norm,43.339,40.61771021347034
magnetic_norm,43.439,41.29028450662195
magnetic_norm,43.538,40.76674459440806
magnetic_norm,43.637,40.531044815543126
magnetic_norm,43.737,40.71297984735415
magnetic_norm,43.836,40.30580565892792
magnetic_norm,43.936,40.23899681926228
magnetic_norm,44.036,40.14805275354997
magnetic_norm,44.135,39.94758342688208
magnetic_norm,44.235,39.68489402247041
magnetic_norm,44.334,39.50246438606847
magnetic_norm,44.433,39.26851027299048
magnetic_norm,44.533,38.88358436276218
magnetic_norm,44.633,38.67791017744395
magnetic_norm,44.733,38.06504105551476
magnetic_norm,44.832,37.74838942646145
magnetic_norm,44.932,37.418514305358286
magnetic_norm,45.045,36.867327061840086
magnetic_norm,45.13,36.35464279160316
magnetic_norm,45.23,36.00146231752466
magnetic_norm,45.33,35.22886171253747
magnetic_norm,45.429,35.27358482481865
magnetic_norm,45.528,35.0429451774092
magnetic_norm,45.628,34.497547170576816
magnetic_norm,45.728,34.903507890271456
magnetic_norm,45.827,34.695559634711145
magnetic_norm,45.927,34.801214404647986
magnetic_norm,46.026,34.59527566179741
magnetic_norm,46.126,34.62541926073543
magnetic_norm,46.225,34.41930275322242
magnetic_norm,46.325,34.3579520468809
magnetic_norm,46.424,34.25204671882903
magnetic_norm,46.543,34.32932594361723
magnetic_norm,46.623,34.228243656641475
magnetic_norm,46.723,34.20335416493614
magnetic_norm,46.822,34.37516784564365
magnetic_norm,46.936,34.30157408351943
magnetic_norm,47.021,34.323451626669645
magnetic_norm,47.121,34.15720259299843
magnetic_norm,47.221,33.91667736431957
magnetic_norm,47.32,34.001768225370384
magnetic_norm,47.42,33.74625927183061
magnetic_norm,47.519,33.759407451989105
magnetic_norm,47.618,34.072387795709744
magnetic_norm,47.718,34.28606360982651
magnetic_norm,47.818,34.77358158805443
magnetic_norm,47.917,35.00740996582139
magnetic_norm,48.017,35.29317791834382
magnetic_norm,48.116,35.30151861443055
magnetic_norm,48.216,35.41942858971261
magnetic_norm,48.315,35.67071966683855
magnetic_norm,48.415,35.658682691400486
magnetic_norm,48.514,36.20633953707011
magnetic_norm,48.614,35.92608306423681
magnetic_norm,48.713,35.86536165207578
magnetic_norm,48.819,35.51666578053442
magnetic_norm,48.913,35.92807476678318
magnetic_norm,49.012,35.77916560607744
magnetic_norm,49.112,35.72092030265028
magnetic_norm,49.211,35.5813723323906
magnetic_norm,49.311,35.46122056241945
magnetic_norm,49.41,35.14807121634763
magnetic_norm,49.51,35.22024252395022
magnetic_norm,49.609,35.07742256403304
magnetic_norm,49.709,35.17452916113264
magnetic_norm,49.808,35.05036294668121
magnetic_norm,49.908,34.94716134376532
magnetic_norm,50.007,34.650568800698224
magnetic_norm,50.107,34.43229669538965
magnetic_norm,50.206,34.04210957301853
magnetic_norm,50.306,33.592259015341256
magnetic_norm,50.41,33.25624243095323
magnetic_norm,50.505,33.10823015870469
magnetic_norm,50.605,33.05273476906496
magnetic_norm,50.723,33.16893541891456
magnetic_norm,50.804,33.04189451209303
magnetic_norm,50.903,32.967462680329845
magnetic_norm,51.003,33.138520891744854
magnetic_norm,51.102,33.26499536207145
magnetic_norm,51.202,33.965708868948646
magnetic_norm,51.302,34.88887938074692
magnetic_norm,51.401,35.660741103534185
magnetic_norm,51.501,36.8986258709433
magnetic_norm,51.6,37.92506398279831
magnetic_norm,51.699,38.69216626535507
magnetic_norm,51.799,40.63735540111391
magnetic_norm,51.899,42.5271720187299
magnetic_norm,51.998,43.85720963712469
magnetic_norm,52.098,44.367427227660855
magnetic_norm,52.197,45.61592999948308
magnetic_norm,52.297,46.63819612552035
magnetic_norm,52.396,47.45887289765479
magnetic_norm,52.496,48.537225625568134
magnetic_norm,52.596,49.1954350739595
magnetic_norm,52.695,49.47075682976077
magnetic_norm,52.794,50.126883335258746
magnetic_norm,52.91,51.159166858739404
magnetic_norm,53.0,51.725464183940254
magnetic_norm,53.093,52.024182648766335
magnetic_norm,53.192,51.614239567140935
magnetic_norm,53.292,51.74985962721284
magnetic_norm,53.392,51.614823734699556
magnetic_norm,53.491,51.97384938777584
magnetic_norm,53.59,51.926334682279396
magnetic_norm,53.69,51.91931662676686
magnetic_norm,53.79,51.62812341557593
magnetic_norm,53.889,51.63297061336067
magnetic_norm,53.989,51.737189454460776
magnetic_norm,54.099,51.777365917128606
magnetic_norm,54.187,51.58748949537721
magnetic_norm,54.287,51.03554398955902
magnetic_norm,54.387,51.00230353951669
magnetic_norm,54.486,50.672645046060886
magnetic_norm,54.586,50.11785226282801
magnetic_norm,54.685,49.99034131598137
magnetic_norm,54.79,49.37453219143299
magnetic_norm,54.884,49.196496799839245
magnetic_norm,54.984,48.94780823252431
magnetic_norm,55.084,48.81473643390006
magnetic_norm,55.183,48.16273847349664
magnetic_norm,55.283,47.35283669628963
magnetic_norm,55.382,47.231238995229006
magnetic_norm,55.481,46.928268066541655
magnetic_norm,55.581,46.51118600566751
magnetic_norm,55.681,46.38572009653833
magnetic_norm,55.78,46.53634729911938
magnetic_norm,55.88,46.559231667690135
magnetic_norm,55.979,46.6192049808764
magnetic_norm,56.079,46.39550014641666
magnetic_norm,56.178,45.88728169900176
magnetic_norm,56.278,46.38047430087418
magnetic_norm,56.377,46.23916178917032
magnetic_norm,56.477,46.819992254282816
magnetic_norm,56.577,47.187841788777156
magnetic_norm,56.691,48.21948851561205
magnetic_norm,56.776,48.40707054585611
magnetic_norm,56.875,48.50485707820609
magnetic_norm,56.975,48.98005275375939
magnetic_norm,57.074,48.998271473829284
magnetic_norm,57.174,49.30571931501334
magnetic_norm,57.273,49.96801282308418
magnetic_norm,57.372,50.246451286305614
magnetic_norm,57.472,50.46394114165697
magnetic_norm,57.572,50.799356077988605
magnetic_norm,57.671,51.12810477432325
magnetic_norm,57.771,50.993346409347566
magnetic_norm,57.87,51.11443580164657
magnetic_norm,57.97,51.505150417060804
magnetic_norm,58.069,51.39998557613025
magnetic_norm,58.169,51.46953720286246
magnetic_norm,58.268,51.403359896586124
magnetic_norm,58.368,51.62915908990112
magnetic_norm,58.468,51.93523309514544
magnetic_norm,58.584,51.44740914660386
magnetic_norm,58.666,51.42648185247169
magnetic_norm,58.766,51.45166946920217
magnetic_norm,58.866,51.758160342585114
magnetic_norm,58.965,51.37152005421374
magnetic_norm,59.065,51.71878408728839
magnetic_norm,59.164,51.593216307787145
magnetic_norm,59.264,51.84323671865905
magnetic_norm,59.364,52.0263359180566
pressure,1.048,998.9144897460938
pressure,2.053,998.9170837402344
pressure,3.068,998.919677734375
pressure,4.084,998.9256286621094
pressure,5.089,998.9256286621094
pressure,6.611,998.9269256591797
pressure,7.686,998.9262390136719
pressure,8.761,998.9262390136719
pressure,9.846,998.9262390136719
pressure,10.921,998.9273071289062
pressure,12.016,998.9276123046875
pressure,13.081,998.9290618896484
pressure,14.156,998.9299774169922
pressure,15.231,998.9301300048828
pressure,16.316,998.9301300048828
pressure,17.39,998.9316558837891
pressure,18.475,998.9340972900391
pressure,19.558,998.9358520507812
pressure,20.625,998.9360809326172
pressure,21.71,998.9378356933594
pressure,22.785,998.939208984375
pressure,23.86,998.9401245117188
pressure,24.945,998.9403533935547
pressure,26.02,998.9432525634766
pressure,27.1,998.9439392089844
pressure,28.18,998.9441680908203
pressure,29.255,998.9447021484375
pressure,30.339,998.9450836181641
pressure,31.424,998.9452362060547
pressure,32.489,998.9455413818359
pressure,33.574,998.9456176757812
pressure,34.677,998.9463043212891
pressure,35.724,998.9463043212891
pressure,36.81,998.9456176757812
pressure,37.884,998.9445495605469
pressure,38.969,998.9420318603516
pressure,40.044,998.9405059814453
pressure,41.119,998.9395141601562
pressure,42.204,998.9385223388672
pressure,43.278,998.9363861083984
pressure,44.353,998.9360809326172
pressure,45.461,998.9344024658203
pressure,46.513,998.9319610595703
pressure,47.588,998.9288330078125
pressure,48.673,998.9276123046875
pressure,49.773,998.9253997802734
pressure,50.836,998.924560546875
pressure,51.908,998.922119140625
pressure,52.983,998.9214324951172
pressure,54.068,998.9187622070312
pressure,55.143,998.9187622070312
pressure,56.223,998.9192962646484
pressure,57.317,998.9205932617188
pressure,58.377,998.9217376708984
device_yaw,0.046,-2.5734699263529985
device_yaw,0.096,-3.168745095958598
device_yaw,0.146,-3.6533492243686867
device_yaw,0.196,-4.085216831810964
device_yaw,0.246,-4.439737076797071
device_yaw,0.296,-4.6981855336404745
device_yaw,0.346,-5.580692467800269
device_yaw,0.396,-6.173922307500902
device_yaw,0.446,-6.5557089407251885
device_yaw,0.496,-6.767717154504759
device_yaw,0.546,-6.885208932998987
device_yaw,0.596,-6.927713444147958
device_yaw,0.646,-6.90448480818095
device_yaw,0.696,-6.8260634241486455
device_yaw,0.746,-6.673687372363305
device_yaw,0.796,-6.5042167895475975
device_yaw,0.846,-6.3685419031725194
device_yaw,0.896,-6.242113302308237
device_yaw,0.946,-6.175575040122346
device_yaw,0.996,-6.161442736299958
device_yaw,1.046,-6.201217767510189
device_yaw,1.096,-6.326502345404558
device_yaw,1.146,-6.570185094224999
device_yaw,1.196,-6.987647484511576
device_yaw,1.246,-7.593171849331828
device_yaw,1.296,-8.381827989633168
device_yaw,1.346,-9.361447763758555
device_yaw,1.396,-10.539713558445316
device_yaw,1.446,-11.921851862813861
device_yaw,1.496,-13.50898847830445
device_yaw,1.546,-15.250021627094865
device_yaw,1.596,-17.14320381644266
device_yaw,1.646,-19.24204219784016
device_yaw,1.696,-21.506517344558816
device_yaw,1.746,-23.826094791137802
device_yaw,1.796,-26.390940845174654
device_yaw,1.846,-29.145796591194486
device_yaw,1.896,-32.04396076186852
device_yaw,1.946,-34.98922260215773
device_yaw,1.996,-37.91782921369589
device_yaw,2.046,-40.88929221396661
device_yaw,2.096,-43.87988483018766
device_yaw,2.146,-46.86967407226068
device_yaw,2.196,-49.76585522234288
device_yaw,2.246,-52.63853963138775
device_yaw,2.296,-55.60209932629866
device_yaw,2.346,-58.41509994945775
device_yaw,2.396,-61.051300903030324
device_yaw,2.446,-63.5495364059129
device_yaw,2.496,-66.01186803931803
device_yaw,2.546,-68.46230620490424
device_yaw,2.596,-70.7491149019485
device_yaw,2.646,-72.86936493061171
device_yaw,2.696,-74.80304703707246
device_yaw,2.746,-76.57707674484969
device_yaw,2.796,-78.152014837742
device_yaw,2.846,-79.43760210317942
device_yaw,2.896,-80.41738503615179
device_yaw,2.946,-81.19479349550471
device_yaw,2.996,-81.73166442562952
device_yaw,3.046,-82.04144361514469
device_yaw,3.096,-82.17809947061956
device_yaw,3.146,-82.21115836042412
device_yaw,3.196,-82.22911404818107
device_yaw,3.246,-82.28058102647397
device_yaw,3.296,-82.339179634956
device_yaw,3.346,-82.34525151736678
device_yaw,3.396,-82.32535360947227
device_yaw,3.446,-82.40070867105709
device_yaw,3.496,-82.58410666965511
device_yaw,3.546,-82.88730758915746
device_yaw,3.596,-83.26929511831578
device_yaw,3.646,-83.79341307854881
device_yaw,3.696,-84.52399634213354
device_yaw,3.746,-85.41335093472935
device_yaw,3.796,-86.38195629379003
device_yaw,3.846,-87.35310129778985
device_yaw,3.896,-88.32266489673567
device_yaw,3.946,-89.31571690868834
device_yaw,3.996,-90.3037461876731
device_yaw,4.046,-91.20137441620696
device_yaw,4.096,-91.95761061585742
device_yaw,4.146,-92.59817477797593
device_yaw,4.196,-93.04567944630998
device_yaw,4.246,-93.27253715364982
device_yaw,4.296,-93.31772463671506
device_yaw,4.346,-93.2351359935099
device_yaw,4.396,-93.11375491124942
device_yaw,4.446,-93.03234474170559
device_yaw,4.496,-92.96809954341047
device_yaw,4.546,-92.8635242311377
device_yaw,4.596,-92.77624477970124
device_yaw,4.646,-92.7720819270441
device_yaw,4.696,-92.84109727988906
device_yaw,4.746,-93.00474968250472
device_yaw,4.796,-93.27055040734363
device_yaw,4.846,-93.66080979805874
device_yaw,4.896,-94.184858044258
device_yaw,4.946,-94.71036879205725
device_yaw,4.996,-95.11975977518092
device_yaw,5.046,-95.41860507800801
device_yaw,5.096,-95.57893969008786
device_yaw,5.146,-95.64670472222507
device_yaw,5.196,-95.6700418603642
device_yaw,5.246,-95.63078027388813
device_yaw,5.296,-95.51717890248429
device_yaw,5.346,-95.29709303313629
device_yaw,5.396,-94.97858145166543
device_yaw,5.446,-94.58068711699006
device_yaw,5.496,-94.19239742349546
device_yaw,5.546,-93.8917642329642
device_yaw,5.596,-93.70870749421248
device_yaw,5.646,-93.68867731041497
device_yaw,5.696,-93.80522522787905
device_yaw,5.746,-93.98233213216368
device_yaw,5.796,-94.19504585491062
device_yaw,5.846,-94.45366230234293
device_yaw,5.896,-94.80907484289678
device_yaw,5.946,-95.22466884207712
device_yaw,5.996,-95.64444585707321
device_yaw,6.046,-96.07671620001352
device_yaw,6.096,-96.50016713664596
device_yaw,6.146,-96.83791190821826
device_yaw,6.196,-97.0773933071453
device_yaw,6.246,-97.2265715363658
device_yaw,6.296,-97.319253635546
device_yaw,6.346,-97.48022437496248
device_yaw,6.396,-97.5642062531514
device_yaw,6.446,-97.46025331439314
device_yaw,6.496,-97.18207106909178
device_yaw,6.546,-96.79910074847966
device_yaw,6.596,-96.35812842080067
device_yaw,6.646,-95.88404334796228
device_yaw,6.696,-95.42546622288224
device_yaw,6.746,-95.02529668215024
device_yaw,6.796,-94.68840883886523
device_yaw,6.846,-94.40309574626772
device_yaw,6.896,-94.05137421840122
device_yaw,6.946,-93.7875232691637
device_yaw,6.996,-93.73684224686389
device_yaw,7.046,-93.81550059431635
device_yaw,7.096,-93.96864160983658
device_yaw,7.146,-94.18012151506282
device_yaw,7.196,-94.4879341290976
device_yaw,7.246,-94.8667875008223
device_yaw,7.296,-95.22374921940492
device_yaw,7.346,-95.52441551331721
device_yaw,7.396,-95.80438270345158
device_yaw,7.446,-96.10665046942842
device_yaw,7.496,-96.40493887053694
device_yaw,7.546,-96.61693133391019
device_yaw,7.596,-96.80760458498766
device_yaw,7.646,-96.99628166834852
device_yaw,7.696,-97.20207972432308
device_yaw,7.746,-97.38635678950922
device_yaw,7.796,-97.58773134979096
device_yaw,7.846,-97.8332245657084
device_yaw,7.896,-98.03186303137237
device_yaw,7.946,-98.09457775626093
device_yaw,7.996,-98.05734079680848
device_yaw,8.046,-97.90800883247744
device_yaw,8.096,-97.7523582287719
device_yaw,8.146,-97.57186091483665
device_yaw,8.196,-97.34263921235916
device_yaw,8.246,-97.00318603115662
device_yaw,8.296,-96.534712729181
device_yaw,8.346,-95.96953557743836
device_yaw,8.396,-95.40229178407684
device_yaw,8.446,-94.97082105279475
device_yaw,8.496,-94.72923537599814
device_yaw,8.546,-94.59315775750407
device_yaw,8.596,-94.54149266028313
device_yaw,8.646,-94.49132922880476
device_yaw,8.696,-94.55165688764313
device_yaw,8.746,-94.70538814474493
device_yaw,8.796,-94.973915900363
device_yaw,8.846,-95.36157043149178
device_yaw,8.896,-95.8476405272494
device_yaw,8.946,-96.40074749452073
device_yaw,8.996,-96.89967409141359
device_yaw,9.046,-97.27995216401301
device_yaw,9.096,-97.55054102594198
device_yaw,9.146,-97.76514587092151
device_yaw,9.196,-97.99979046643301
device_yaw,9.246,-97.86693588904441
device_yaw,9.296,-97.57761444934282
device_yaw,9.346,-97.1766164853358
device_yaw,9.396,-96.68639274063135
device_yaw,9.446,-96.0942370675044
device_yaw,9.496,-95.40562688411298
device_yaw,9.546,-94.71667292884321
device_yaw,9.596,-94.10575357673206
device_yaw,9.646,-93.6294447414242
device_yaw,9.696,-93.23810037946394
device_yaw,9.746,-92.87361133399308
device_yaw,9.796,-92.81276497507776
device_yaw,9.846,-92.85662011273762
device_yaw,9.896,-93.02281881121782
device_yaw,9.946,-93.33677393911235
device_yaw,9.996,-93.82464748748451
device_yaw,10.046,-94.47206487998211
device_yaw,10.096,-95.23432480929608
device_yaw,10.146,-96.02073270280385
device_yaw,10.196,-96.74580325318456
device_yaw,10.246,-97.42819418442865
device_yaw,10.296,-97.93819020532746
device_yaw,10.346,-98.19714016832286
device_yaw,10.396,-98.27916046251806
device_yaw,10.446,-98.26506475328902
device_yaw,10.496,-98.11822184385592
device_yaw,10.546,-97.64559856170341
device_yaw,10.596,-96.87951927145045
device_yaw,10.646,-95.85206907010193
device_yaw,10.696,-94.76527528686462
device_yaw,10.746,-93.69374462172823
device_yaw,10.796,-92.75261931719622
device_yaw,10.846,-92.04619397661531
device_yaw,10.896,-91.59010246397355
device_yaw,10.946,-91.40289711959734
device_yaw,10.996,-91.30319338009072
device_yaw,11.046,-91.29728668829206
device_yaw,11.096,-91.59087484038145
device_yaw,11.146,-92.16457481790371
device_yaw,11.196,-93.0797581368217
device_yaw,11.246,-94.16786727395123
device_yaw,11.296,-95.30530064720315
device_yaw,11.346,-96.33954845999561
device_yaw,11.396,-97.23888902035829
device_yaw,11.446,-98.04688957507378
device_yaw,11.496,-98.78575738452892
device_yaw,11.546,-99.41800301100706
device_yaw,11.596,-99.97044649045678
device_yaw,11.646,-100.37346464900519
device_yaw,11.696,-100.69542794497919
device_yaw,11.746,-100.96637345044664
device_yaw,11.796,-101.12301888026496
device_yaw,11.846,-101.17349009632655
device_yaw,11.896,-101.16358469183068
device_yaw,11.946,-101.19404800380212
device_yaw,11.996,-101.40197654117851
device_yaw,12.046,-101.67742401749038
device_yaw,12.096,-101.96815855050589
device_yaw,12.146,-102.31885959960327
device_yaw,12.196,-102.79954147130269
device_yaw,12.246,-103.42939049297671
device_yaw,12.296,-104.10164325135301
device_yaw,12.346,-104.80871634633878
device_yaw,12.396,-105.59194178431612
device_yaw,12.446,-106.40171241106178
device_yaw,12.496,-107.14034572928155
device_yaw,12.546,-107.70044718338023
device_yaw,12.596,-108.10172426572014
device_yaw,12.646,-108.46925344836312
device_yaw,12.696,-108.7781665328063
device_yaw,12.746,-108.88444359663202
device_yaw,12.796,-108.65857523711466
device_yaw,12.846,-108.18594864219868
device_yaw,12.896,-107.65691525807992
device_yaw,12.946,-107.10749207029234
device_yaw,12.996,-106.53726067091429
device_yaw,13.046,-105.95544220676969
device_yaw,13.096,-105.41247829378564
device_yaw,13.146,-104.92945840673347
device_yaw,13.196,-104.5011293440885
device_yaw,13.246,-104.04734368640563
device_yaw,13.296,-103.66415956094573
device_yaw,13.346,-103.38254331589366
device_yaw,13.396,-103.13436077781363
device_yaw,13.446,-102.88839092904742
device_yaw,13.496,-102.66611990908277
device_yaw,13.546,-102.49676437204585
device_yaw,13.596,-102.3853802262334
device_yaw,13.646,-102.29085436255919
device_yaw,13.696,-102.21799274092861
device_yaw,13.746,-102.20649860910025
device_yaw,13.796,-102.32592367269403
device_yaw,13.846,-102.59713998498228
device_yaw,13.896,-103.0248028802886
device_yaw,13.946,-103.55479841217407
device_yaw,13.996,-104.0250881842433
device_yaw,14.046,-104.36537048223549
device_yaw,14.096,-104.62957462731127
device_yaw,14.146,-104.83151738401907
device_yaw,14.196,-104.91739099066045
device_yaw,14.246,-104.86430075556073
device_yaw,14.296,-104.66711833818204
device_yaw,14.346,-104.28617642946826
device_yaw,14.396,-103.73994801579866
device_yaw,14.446,-103.03976326215762
device_yaw,14.496,-102.28590465522252
device_yaw,14.546,-101.6027085304429
device_yaw,14.596,-101.01920005231582
device_yaw,14.646,-100.47427389748265
device_yaw,14.696,-99.9879218920546
device_yaw,14.746,-99.63905393132858
device_yaw,14.796,-99.42561892381073
device_yaw,14.846,-99.34281415313511
device_yaw,14.896,-99.39922249202664
device_yaw,14.946,-99.54294076563168
device_yaw,14.996,-99.74828317051653
device_yaw,15.046,-99.9661608695461
device_yaw,15.096,-100.18887894272531
device_yaw,15.146,-100.45626788121614
device_yaw,15.196,-100.7330490880649
device_yaw,15.246,-100.95589780597726
device_yaw,15.296,-101.10957755540812
device_yaw,15.346,-101.21521701524406
device_yaw,15.396,-101.28867369098812
device_yaw,15.446,-101.32545235676088
device_yaw,15.496,-101.34851334319184
device_yaw,15.546,-101.37353382363166
device_yaw,15.596,-101.40084374512172
device_yaw,15.646,-101.42145234054841
device_yaw,15.696,-101.44829108490194
device_yaw,15.746,-101.53902106540195
device_yaw,15.796,-101.70269313274535
device_yaw,15.846,-101.91325504034013
device_yaw,15.896,-102.1291153057316
device_yaw,15.946,-102.27519556444985
device_yaw,15.996,-102.29167553003869
device_yaw,16.046,-102.18873775007982
device_yaw,16.096,-101.87816478785776
device_yaw,16.146,-101.39115050814848
device_yaw,16.196,-100.81644537732268
device_yaw,16.246,-100.08310978171177
device_yaw,16.296,-99.17441473891334
device_yaw,16.346,-98.19044352168174
device_yaw,16.396,-97.1806318150304
device_yaw,16.446,-96.18019384531023
device_yaw,16.496,-95.26031912889144
device_yaw,16.546,-94.49318467254602
device_yaw,16.596,-93.85418480744542
device_yaw,16.646,-93.46202648431266
device_yaw,16.696,-93.30445502488307
device_yaw,16.746,-93.31761363300474
device_yaw,16.796,-93.53385921845589
device_yaw,16.846,-93.96345171343017
device_yaw,16.896,-94.55010395584517
device_yaw,16.946,-95.30562064188516
device_yaw,16.996,-96.24857480830715
device_yaw,17.046,-97.24494806303724
device_yaw,17.096,-98.16971655412345
device_yaw,17.146,-99.01845568124124
device_yaw,17.196,-99.69350371262462
device_yaw,17.246,-100.32503183378073
device_yaw,17.296,-100.7990694186148
device_yaw,17.346,-100.9712829343557
device_yaw,17.396,-100.88137525690426
device_yaw,17.446,-100.53080390559381
device_yaw,17.496,-99.92792290470362
device_yaw,17.546,-99.08597014597827
device_yaw,17.596,-98.12780624939579
device_yaw,17.646,-97.15798728710556
device_yaw,17.696,-96.27105510309478
device_yaw,17.746,-95.54608606981952
device_yaw,17.796,-94.86224260022419
device_yaw,17.846,-94.28803672421708
device_yaw,17.896,-93.90141344465802
device_yaw,17.946,-93.62600780106472
device_yaw,17.996,-93.47003269605669
device_yaw,18.046,-93.50689611764979
device_yaw,18.096,-93.79006554967695
device_yaw,18.146,-94.37416997453646
device_yaw,18.196,-95.14812464344851
device_yaw,18.246,-95.88366236646712
device_yaw,18.296,-96.53428577952367
device_yaw,18.346,-97.01664709563778
device_yaw,18.396,-97.44979351706519
device_yaw,18.446,-97.83444530333308
device_yaw,18.496,-98.1973358630927
device_yaw,18.546,-98.5145885403911
device_yaw,18.596,-98.65676282299873
device_yaw,18.646,-98.58986191352164
device_yaw,18.696,-98.27557412415378
device_yaw,18.746,-97.83256957401522
device_yaw,18.796,-97.35906848391032
device_yaw,18.846,-96.8681933396872
device_yaw,18.896,-96.46118350838523
device_yaw,18.946,-96.09612304920483
device_yaw,18.996,-95.88849067480318
device_yaw,19.046,-95.8639431758428
device_yaw,19.096,-95.86950505342983
device_yaw,19.146,-95.98798282424158
device_yaw,19.196,-96.13618138789754
device_yaw,19.246,-96.24181764054889
device_yaw,19.296,-96.29817825092327
device_yaw,19.346,-96.39608997962405
device_yaw,19.396,-96.56299455985571
device_yaw,19.446,-96.73528545904959
device_yaw,19.496,-96.79745136769507
device_yaw,19.546,-96.76207679481541
device_yaw,19.596,-96.61219182691303
device_yaw,19.646,-96.53932007390789
device_yaw,19.696,-96.51745721596336
device_yaw,19.746,-96.55626234811687
device_yaw,19.796,-96.70520102710731
device_yaw,19.846,-96.96777648066059
device_yaw,19.896,-97.30748413391007
device_yaw,19.946,-97.71319437852826
device_yaw,19.996,-98.16477231988057
device_yaw,20.046,-98.72221164093622
device_yaw,20.096,-99.35690767357904
device_yaw,20.146,-100.05224014955212
device_yaw,20.196,-100.67842822241356
device_yaw,20.246,-101.19370980967064
device_yaw,20.296,-101.59085887779443
device_yaw,20.346,-101.75697634571043
device_yaw,20.396,-101.80307021871376
device_yaw,20.446,-101.72218346558617
device_yaw,20.496,-101.52120520552003
device_yaw,20.546,-101.29263232153875
device_yaw,20.596,-101.03955490110432
device_yaw,20.646,-100.69658582556595
device_yaw,20.696,-100.24447087758149
device_yaw,20.746,-99.72636986223183
device_yaw,20.796,-99.1138410932252
device_yaw,20.846,-98.44436710409045
device_yaw,20.896,-97.90947539115973
device_yaw,20.946,-97.43755069287096
device_yaw,20.996,-97.01611726266864
device_yaw,21.046,-96.6271818650112
device_yaw,21.096,-96.17952781813193
device_yaw,21.146,-95.68655188426527
device_yaw,21.196,-95.24189056266727
device_yaw,21.246,-94.95384166678122
device_yaw,21.296,-94.83003326894378
device_yaw,21.346,-94.8103537463789
device_yaw,21.396,-94.81776051660285
device_yaw,21.446,-94.76698327788108
device_yaw,21.496,-94.60209007207314
device_yaw,21.546,-94.31397759786707
device_yaw,21.596,-93.80121057300803
device_yaw,21.646,-93.25387545744076
device_yaw,21.696,-92.68937022892584
device_yaw,21.746,-91.97853646587144
device_yaw,21.796,-91.03622393766491
device_yaw,21.846,-89.9936736665479
device_yaw,21.896,-88.96430522603212
device_yaw,21.946,-88.11064255758146
device_yaw,21.996,-87.47895631607048
device_yaw,22.046,-87.04679905057718
device_yaw,22.096,-86.87887769937215
device_yaw,22.146,-87.11675914128544
device_yaw,22.196,-87.58021956295967
device_yaw,22.246,-88.22789862519156
device_yaw,22.296,-89.04804627141247
device_yaw,22.346,-90.02593657555389
device_yaw,22.396,-91.16516109037003
device_yaw,22.446,-92.44174983690328
device_yaw,22.496,-93.67722746932579
device_yaw,22.546,-94.68954314936764
device_yaw,22.596,-95.46625093455985
device_yaw,22.646,-95.96823507540003
device_yaw,22.696,-96.17074945220578
device_yaw,22.746,-96.13322066078203
device_yaw,22.796,-95.91066674822628
device_yaw,22.846,-95.51198549602836
device_yaw,22.896,-94.96061679003978
device_yaw,22.946,-94.24584855617242
device_yaw,22.996,-93.41869511188371
device_yaw,23.046,-92.5790466888611
device_yaw,23.096,-91.88079487161536
device_yaw,23.146,-91.3325728238081
device_yaw,23.196,-90.93334669369483
device_yaw,23.246,-90.75175677392662
device_yaw,23.296,-90.80090890629636
device_yaw,23.346,-91.0839274989503
device_yaw,23.396,-91.56796282660743
device_yaw,23.446,-92.31689010987087
device_yaw,23.496,-93.22026682133597
device_yaw,23.546,-94.17435873608684
device_yaw,23.596,-95.11042266062691
device_yaw,23.646,-95.96789076097645
device_yaw,23.696,-96.7772640308454
device_yaw,23.746,-97.54151231652017
device_yaw,23.796,-98.12638883456975
device_yaw,23.846,-98.51224019762972
device_yaw,23.896,-98.6811566096941
device_yaw,23.946,-98.79241520386681
device_yaw,23.996,-98.7232924677569
device_yaw,24.046,-98.50032590563747
device_yaw,24.096,-98.23773098413868
device_yaw,24.146,-98.00553861372443
device_yaw,24.196,-97.79291270970897
device_yaw,24.246,-97.62414301263975
device_yaw,24.296,-97.54962677448806
device_yaw,24.346,-97.63951915632583
device_yaw,24.396,-97.82965407972601
device_yaw,24.446,-98.07469450863928
device_yaw,24.496,-98.3631949782461
device_yaw,24.546,-98.75489420273654
device_yaw,24.596,-99.24963521425079
device_yaw,24.646,-99.75794192862685
device_yaw,24.696,-100.21301359506195
device_yaw,24.746,-100.62961227123292
device_yaw,24.796,-100.95817185853066
device_yaw,24.846,-101.14550648866835
device_yaw,24.896,-101.19501516782617
device_yaw,24.946,-101.16951258924306
device_yaw,24.996,-101.11838910638699
device_yaw,25.046,-101.00696646607722
device_yaw,25.096,-100.84832546938519
device_yaw,25.146,-100.62813340651248
device_yaw,25.196,-100.36642901660917
device_yaw,25.246,-100.11481110499645
device_yaw,25.296,-99.91667549830866
device_yaw,25.346,-99.8087900536728
device_yaw,25.396,-99.80276032294476
device_yaw,25.446,-99.88957480696602
device_yaw,25.496,-100.0351584140968
device_yaw,25.546,-100.20194163044121
device_yaw,25.596,-100.39304574549902
device_yaw,25.646,-100.60294659595235
device_yaw,25.696,-100.8443498384905
device_yaw,25.746,-101.10268041998528
device_yaw,25.796,-101.35100015617344
device_yaw,25.846,-101.5242898595358
device_yaw,25.896,-101.65140854617606
device_yaw,25.946,-101.68456805522425
device_yaw,25.996,-101.57184416320192
device_yaw,26.046,-101.35961462661581
device_yaw,26.096,-101.072275682329
device_yaw,26.146,-100.68124415211973
device_yaw,26.196,-100.17773144402805
device_yaw,26.246,-99.59972921078875
device_yaw,26.296,-99.01714067712216
device_yaw,26.346,-98.47548266335485
device_yaw,26.396,-98.04680046037383
device_yaw,26.446,-97.69414554382497
device_yaw,26.496,-97.44056999114906
device_yaw,26.546,-97.33371599001015
device_yaw,26.596,-97.37020200678859
device_yaw,26.646,-97.57774744988859
device_yaw,26.696,-97.95286044592036
device_yaw,26.746,-98.49525620601898
device_yaw,26.796,-99.18559003581781
device_yaw,26.846,-99.96824775452627
device_yaw,26.896,-100.79664488233362
device_yaw,26.946,-101.58686380004507
device_yaw,26.996,-102.27198766773587
device_yaw,27.046,-102.85639459899795
device_yaw,27.096,-103.33267895662183
device_yaw,27.146,-103.56460370864738
device_yaw,27.196,-103.54331269283801
device_yaw,27.246,-103.2741917932
device_yaw,27.296,-102.75760012421605
device_yaw,27.346,-102.04069193529602
device_yaw,27.396,-101.16310351606135
device_yaw,27.446,-100.19315285587982
device_yaw,27.496,-99.22136189515194
device_yaw,27.546,-98.33276484255103
device_yaw,27.596,-97.53598689449785
device_yaw,27.646,-96.83901155472334
device_yaw,27.696,-96.34642073316876
device_yaw,27.746,-96.04444272401565
device_yaw,27.796,-95.99851534608841
device_yaw,27.846,-96.19143991669915
device_yaw,27.896,-96.54843708870207
device_yaw,27.946,-97.01910771693869
device_yaw,27.996,-97.54810330228453
device_yaw,28.046,-98.1081604954781
device_yaw,28.096,-98.6533093898358
device_yaw,28.146,-99.1527036762397
device_yaw,28.196,-99.57511699933777
device_yaw,28.246,-99.88469040936273
device_yaw,28.296,-100.059576111875
device_yaw,28.346,-100.07637948973606
device_yaw,28.396,-99.98815618367139
device_yaw,28.446,-99.81762880630431
device_yaw,28.496,-99.58522043457414
device_yaw,28.546,-99.30995100468948
device_yaw,28.596,-98.99954526158162
device_yaw,28.646,-98.69174131137042
device_yaw,28.696,-98.43254478864205
device_yaw,28.746,-98.25768387959975
device_yaw,28.796,-98.1779550429899
device_yaw,28.846,-98.19669351462444
device_yaw,28.896,-98.32824906723592
device_yaw,28.946,-98.55873250861049
device_yaw,28.996,-98.85485789700341
device_yaw,29.046,-99.17982409694672
device_yaw,29.096,-99.51626457197554
device_yaw,29.146,-99.88288541500994
device_yaw,29.196,-100.25701908123477
device_yaw,29.246,-100.61614394082022
device_yaw,29.296,-100.92528615440914
device_yaw,29.346,-101.19404181082523
device_yaw,29.396,-101.38564472257468
device_yaw,29.446,-101.4111067525211
device_yaw,29.496,-101.3590957636847
device_yaw,29.546,-101.12293882245211
device_yaw,29.596,-100.7939647718447
device_yaw,29.646,-100.46385968769317
device_yaw,29.696,-100.0620293193409
device_yaw,29.746,-99.56579801843344
device_yaw,29.796,-98.96389182446734
device_yaw,29.846,-98.28920438528961
device_yaw,29.896,-97.58004315549546
device_yaw,29.946,-96.90316292038138
device_yaw,29.996,-96.37119217018916
device_yaw,30.046,-95.84273102851739
device_yaw,30.096,-95.42231062196164
device_yaw,30.146,-95.03544093884025
device_yaw,30.196,-94.62238913147327
device_yaw,30.246,-94.28104882082098
device_yaw,30.296,-94.02817672435094
device_yaw,30.346,-93.94178182686942
device_yaw,30.396,-94.05056565301346
device_yaw,30.446,-94.33254087012206
device_yaw,30.496,-94.67290787435319
device_yaw,30.546,-94.9325138517248
device_yaw,30.596,-95.11648688116303
device_yaw,30.646,-95.22472781564065
device_yaw,30.696,-95.27180029992724
device_yaw,30.746,-95.281434800237
device_yaw,30.796,-95.13550427094434
device_yaw,30.846,-94.89175578942242
device_yaw,30.896,-94.43723691401136
device_yaw,30.946,-93.76708311743145
device_yaw,30.996,-92.9244516246762
device_yaw,31.046,-92.02380820157514
device_yaw,31.096,-91.17804714683224
device_yaw,31.146,-90.50641295726386
device_yaw,31.196,-90.01314252018399
device_yaw,31.246,-89.65993115459406
device_yaw,31.296,-89.36526856230081
device_yaw,31.346,-89.27738469502683
device_yaw,31.396,-89.33285337023216
device_yaw,31.446,-89.53918728059831
device_yaw,31.496,-89.93290632044013
device_yaw,31.546,-90.49326559714478
device_yaw,31.596,-91.20172519571538
device_yaw,31.646,-91.95257866357473
device_yaw,31.696,-92.54559180868321
device_yaw,31.746,-92.9341267447743
device_yaw,31.796,-93.13567458262973
device_yaw,31.846,-93.25885481663623
device_yaw,31.896,-93.15403538221486
device_yaw,31.946,-92.95263511595435
device_yaw,31.996,-92.64416734435473
device_yaw,32.046,-92.21098052510091
device_yaw,32.096,-91.7025432467504
device_yaw,32.146,-91.09450356032548
device_yaw,32.196,-90.48222120042999
device_yaw,32.246,-90.02461406481692
device_yaw,32.296,-89.8534895373342
device_yaw,32.346,-89.91853855141552
device_yaw,32.396,-90.1513119264504
device_yaw,32.446,-90.66082230201606
device_yaw,32.496,-91.3216290247515
device_yaw,32.546,-92.06938501392291
device_yaw,32.596,-92.96676998908039
device_yaw,32.646,-93.94462134749023
device_yaw,32.696,-94.96460337899224
device_yaw,32.746,-95.98039440739711
device_yaw,32.796,-96.89728337595143
device_yaw,32.846,-97.61692616002257
device_yaw,32.896,-98.21382439844464
device_yaw,32.946,-98.64305776781565
device_yaw,32.996,-98.87750559449104
device_yaw,33.046,-98.957368779619
device_yaw,33.096,-98.96453439175833
device_yaw,33.146,-98.87642942062594
device_yaw,33.196,-98.60674627520005
device_yaw,33.246,-98.2389740314311
device_yaw,33.296,-97.85156628164881
device_yaw,33.346,-97.50861328487723
device_yaw,33.396,-97.26891677014447
device_yaw,33.446,-97.13632191307521
device_yaw,33.496,-97.13399608357221
device_yaw,33.546,-97.23898141445592
device_yaw,33.596,-97.49731091465482
device_yaw,33.646,-97.90711617325564
device_yaw,33.696,-98.31908952476878
device_yaw,33.746,-98.83010118999432
device_yaw,33.796,-99.42002756831471
device_yaw,33.846,-99.99295902291202
device_yaw,33.896,-100.50019118768377
device_yaw,33.946,-100.91354111682753
device_yaw,33.996,-101.240170225557
device_yaw,34.046,-101.473442123401
device_yaw,34.096,-101.61474989663294
device_yaw,34.146,-101.58701148257637
device_yaw,34.196,-101.43625513817811
device_yaw,34.246,-101.24813551688612
device_yaw,34.296,-101.02434320320914
device_yaw,34.346,-100.75650064101032
device_yaw,34.396,-100.495644887786
device_yaw,34.446,-100.27401177018122
device_yaw,34.496,-100.10842391534085
device_yaw,34.546,-99.99232050118779
device_yaw,34.596,-99.94484284458463
device_yaw,34.646,-99.9807485901667
device_yaw,34.696,-100.1088652377356
device_yaw,34.746,-100.31185802246101
device_yaw,34.796,-100.5280774865301
device_yaw,34.846,-100.71244283286093
device_yaw,34.896,-100.83917516660549
device_yaw,34.946,-100.90779792146063
device_yaw,34.996,-100.95174769069764
device_yaw,35.046,-100.90093529227356
device_yaw,35.096,-100.72400555891318
device_yaw,35.146,-100.49582088173328
device_yaw,35.196,-100.18975134379122
device_yaw,35.246,-99.81632915887347
device_yaw,35.296,-99.40584101356372
device_yaw,35.346,-98.9902403159167
device_yaw,35.396,-98.57645346715162
device_yaw,35.446,-98.1992356092337
device_yaw,35.496,-97.89414741823967
device_yaw,35.546,-97.63088370685868
device_yaw,35.596,-97.44446137451587
device_yaw,35.646,-97.37461482896578
device_yaw,35.696,-97.33393489816699
device_yaw,35.746,-97.36176426924902
device_yaw,35.796,-97.4602707606357
device_yaw,35.846,-97.61527854898831
device_yaw,35.896,-97.8932901757737
device_yaw,35.946,-98.33547313714551
device_yaw,35.996,-98.90211917156834
device_yaw,36.046,-99.500763821276
device_yaw,36.096,-100.06699590934691
device_yaw,36.146,-100.57041219083939
device_yaw,36.196,-101.00883846426537
device_yaw,36.246,-101.43321797282259
device_yaw,36.296,-101.75862061006664
device_yaw,36.346,-101.94183084998272
device_yaw,36.396,-102.032100502926
device_yaw,36.446,-101.97805992871965
device_yaw,36.496,-101.76261925539379
device_yaw,36.546,-101.43777461812002
device_yaw,36.596,-101.08903218482827
device_yaw,36.646,-100.79137097414765
device_yaw,36.696,-100.59574963148371
device_yaw,36.746,-100.47529826085628
device_yaw,36.796,-100.3658806605366
device_yaw,36.846,-100.35173632467009
device_yaw,36.896,-100.50288722254737
device_yaw,36.946,-100.7626454663965
device_yaw,36.996,-101.09950255039739
device_yaw,37.046,-101.50891188851433
device_yaw,37.096,-101.96921800391588
device_yaw,37.146,-102.4308170024487
device_yaw,37.196,-102.83909768310605
device_yaw,37.246,-103.15769437686703
device_yaw,37.296,-103.38527294702202
device_yaw,37.346,-103.53119139205232
device_yaw,37.396,-103.58957312530205
device_yaw,37.446,-103.54553021941764
device_yaw,37.496,-103.41968711622154
device_yaw,37.546,-103.24401577839832
device_yaw,37.596,-103.0116396536906
device_yaw,37.646,-102.71586817016033
device_yaw,37.696,-102.38664112481479
device_yaw,37.746,-102.07351040435744
device_yaw,37.796,-101.82121117788103
device_yaw,37.846,-101.64036493276218
device_yaw,37.896,-101.53748691487623
device_yaw,37.946,-101.49967682228225
device_yaw,37.996,-101.495184815146
device_yaw,38.046,-101.50368756492952
device_yaw,38.096,-101.49722228395676
device_yaw,38.146,-101.47679861577953
device_yaw,38.196,-101.43706090625984
device_yaw,38.246,-101.41654956020042
device_yaw,38.296,-101.51045923836718
device_yaw,38.346,-101.58621166116119
device_yaw,38.396,-101.50884800618631
device_yaw,38.446,-101.32970905059028
device_yaw,38.496,-101.12449800088811
device_yaw,38.546,-100.8706068542138
device_yaw,38.596,-100.52767027448026
device_yaw,38.646,-100.1153910259378
device_yaw,38.696,-99.65672572994737
device_yaw,38.746,-99.1976163362808
device_yaw,38.796,-98.76202152249921
device_yaw,38.846,-98.26458712045006
device_yaw,38.896,-97.77002752836306
device_yaw,38.946,-97.44749413158303
device_yaw,38.996,-97.2716250623075
device_yaw,39.046,-97.19748238543463
device_yaw,39.096,-97.2415943853374
device_yaw,39.146,-97.46489644849258
device_yaw,39.196,-97.88264359961846
device_yaw,39.246,-98.48885627393929
device_yaw,39.296,-99.19163867630913
device_yaw,39.346,-99.84031557105196
device_yaw,39.396,-100.37670097248028
device_yaw,39.446,-100.86726031917748
device_yaw,39.496,-101.26157871197876
device_yaw,39.546,-101.64224477286403
device_yaw,39.596,-101.93835766176285
device_yaw,39.646,-102.14699189382864
device_yaw,39.696,-102.23036013530735
device_yaw,39.746,-102.15424868124313
device_yaw,39.796,-101.91512103861137
device_yaw,39.846,-101.59387608278907
device_yaw,39.896,-101.34430641046596
device_yaw,39.946,-101.19494616264537
device_yaw,39.996,-101.15470252468066
device_yaw,40.046,-101.21662624328111
device_yaw,40.096,-101.26642084997793
device_yaw,40.146,-101.38628139613897
device_yaw,40.196,-101.56716790218316
device_yaw,40.246,-101.86333448350939
device_yaw,40.296,-102.27313469581071
device_yaw,40.346,-102.81835413772741
device_yaw,40.396,-103.48160372544618
device_yaw,40.446,-104.27024065600436
device_yaw,40.496,-105.10305608480886
device_yaw,40.546,-105.78084179621304
device_yaw,40.596,-106.33591249710918
device_yaw,40.646,-106.77379499940848
device_yaw,40.696,-107.19403305128534
device_yaw,40.746,-107.49142822756754
device_yaw,40.796,-107.60724525094132
device_yaw,40.846,-107.5597134436919
device_yaw,40.896,-107.31827617957184
device_yaw,40.946,-106.94851921102476
device_yaw,40.996,-106.40040871288102
device_yaw,41.046,-105.77641601161785
device_yaw,41.096,-105.24375825002325
device_yaw,41.146,-104.84195285998213
device_yaw,41.196,-104.55064433176531
device_yaw,41.246,-104.22872407850427
device_yaw,41.296,-104.0308444785407
device_yaw,41.346,-103.98424363683071
device_yaw,41.396,-104.11887559024748
device_yaw,41.446,-104.39311886545399
device_yaw,41.496,-104.83691955028011
device_yaw,41.546,-105.39813463816655
device_yaw,41.596,-105.97182193568038
device_yaw,41.646,-106.49023052340323
device_yaw,41.696,-106.85799164208949
device_yaw,41.746,-107.12274244265376
device_yaw,41.796,-107.30415906806839
device_yaw,41.846,-107.400834816893
device_yaw,41.896,-107.46812262020393
device_yaw,41.946,-107.44236570724091
device_yaw,41.996,-107.26387931678832
device_yaw,42.046,-106.92387860343729
device_yaw,42.096,-106.46753588405473
device_yaw,42.146,-105.99947877133809
device_yaw,42.196,-105.55805512328257
device_yaw,42.246,-105.14460519049254
device_yaw,42.296,-104.74213349200669
device_yaw,42.346,-104.37369593331174
device_yaw,42.396,-104.01254261975477
device_yaw,42.446,-103.62118829817464
device_yaw,42.496,-103.25281552841784
device_yaw,42.546,-103.0129447959007
device_yaw,42.596,-102.8130525625009
device_yaw,42.646,-102.64158275191527
device_yaw,42.696,-102.48119291561103
device_yaw,42.746,-102.34554065623888
device_yaw,42.796,-102.25928173546014
device_yaw,42.846,-102.21005085135826
device_yaw,42.896,-102.16501694996963
device_yaw,42.946,-102.13304057479614
device_yaw,42.996,-102.10306182365188
device_yaw,43.046,-102.04993761437582
device_yaw,43.096,-101.90872471174863
device_yaw,43.146,-101.74364422136381
device_yaw,43.196,-101.59193370174654
device_yaw,43.246,-101.46641045353398
device_yaw,43.296,-101.30952281666833
device_yaw,43.346,-101.10615208399318
device_yaw,43.396,-100.91733689525182
device_yaw,43.446,-100.81788684698927
device_yaw,43.496,-100.80459133609311
device_yaw,43.546,-100.81914542606309
device_yaw,43.596,-100.83839885406131
device_yaw,43.646,-100.92292470964217
device_yaw,43.696,-101.01271287216053
device_yaw,43.746,-101.07077554724115
device_yaw,43.796,-101.07188248340603
device_yaw,43.846,-100.94142396543303
device_yaw,43.896,-100.81958232940464
device_yaw,43.946,-100.63554346007155
device_yaw,43.996,-100.29262864921444
device_yaw,44.046,-99.85007809336153
device_yaw,44.096,-99.37991919238469
device_yaw,44.146,-98.91578141847349
device_yaw,44.196,-98.48807842540951
device_yaw,44.246,-98.11272716276994
device_yaw,44.296,-97.73646822279017
device_yaw,44.346,-97.35509317346387
device_yaw,44.396,-97.13997601480514
device_yaw,44.446,-97.01162328229725
device_yaw,44.496,-97.00632621946285
device_yaw,44.546,-97.19113431975353
device_yaw,44.596,-97.57881013890278
device_yaw,44.646,-98.15833273584403
device_yaw,44.696,-98.9196701073783
device_yaw,44.746,-99.72623683493617
device_yaw,44.796,-100.44330000509844
device_yaw,44.846,-101.06035573000626
device_yaw,44.896,-101.57621888867375
device_yaw,44.946,-102.05895629244215
device_yaw,44.996,-102.50480479103652
device_yaw,45.046,-102.91306878051377
device_yaw,45.096,-103.21017907088138
device_yaw,45.146,-103.31383541128929
device_yaw,45.196,-103.23074519761491
device_yaw,45.246,-102.99642542914398
device_yaw,45.296,-102.70910565909575
device_yaw,45.346,-102.47529417063424
device_yaw,45.396,-102.35324988169478
device_yaw,45.446,-102.3976277225716
device_yaw,45.496,-102.63870295662758
device_yaw,45.546,-103.02964484157046
device_yaw,45.596,-103.38250559138956
device_yaw,45.646,-103.70234207606663
device_yaw,45.696,-104.01041594683066
device_yaw,45.746,-104.32618200099579
device_yaw,45.796,-104.64035637305432
device_yaw,45.846,-104.93510242254207
device_yaw,45.896,-105.17288373844927
device_yaw,45.946,-105.34180812427171
device_yaw,45.996,-105.46134118670211
device_yaw,46.046,-105.44203751027312
device_yaw,46.096,-105.29053404695779
device_yaw,46.146,-105.17062808724869
device_yaw,46.196,-105.11522378161754
device_yaw,46.246,-105.11341810728626
device_yaw,46.296,-105.12098844517813
device_yaw,46.346,-105.11135013094305
device_yaw,46.396,-105.10891560965455
device_yaw,46.446,-105.14809713247767
device_yaw,46.496,-105.23416344337389
device_yaw,46.546,-105.33261671540907
device_yaw,46.596,-105.42572665481093
device_yaw,46.646,-105.52625551448932
device_yaw,46.696,-105.6422349558788
device_yaw,46.746,-105.79205628050359
device_yaw,46.796,-105.98641600701352
device_yaw,46.846,-106.21926941550761
device_yaw,46.896,-106.4723107677377
device_yaw,46.946,-106.72590491550127
device_yaw,46.996,-106.97779733579327
device_yaw,47.046,-107.21784619130023
device_yaw,47.096,-107.44010903569655
device_yaw,47.146,-107.57749019111561
device_yaw,47.196,-107.56433426608069
device_yaw,47.246,-107.45521050606594
device_yaw,47.296,-107.24953611183268
device_yaw,47.346,-106.93273191647906
device_yaw,47.396,-106.53966934550189
device_yaw,47.446,-106.14804270343399
device_yaw,47.496,-105.77063612923183
device_yaw,47.546,-105.33240802271557
device_yaw,47.596,-104.8291651476898
device_yaw,47.646,-104.29223112251633
device_yaw,47.696,-103.83438891005245
device_yaw,47.746,-103.50716567597256
device_yaw,47.796,-103.223136533004
device_yaw,47.846,-102.97868722232639
device_yaw,47.896,-102.78251253681847
device_yaw,47.946,-102.64494372114032
device_yaw,47.996,-102.60411789069643
device_yaw,48.046,-102.69455212728654
device_yaw,48.096,-102.93179829707441
device_yaw,48.146,-103.23747529654379
device_yaw,48.196,-103.53661575120503
device_yaw,48.246,-103.79808737295012
device_yaw,48.296,-104.00739666841811
device_yaw,48.346,-104.17642226271674
device_yaw,48.396,-104.22384290532028
device_yaw,48.446,-104.20577548961957
device_yaw,48.496,-104.06071975110699
device_yaw,48.546,-103.66726136032331
device_yaw,48.596,-103.0510319821728
device_yaw,48.646,-102.33841155573495
device_yaw,48.696,-101.60196757064547
device_yaw,48.746,-100.9215597083199
device_yaw,48.796,-100.36567024127247
device_yaw,48.846,-99.95800219754268
device_yaw,48.896,-99.73435505961197
device_yaw,48.946,-99.7510609439048
device_yaw,48.996,-99.92996688976994
device_yaw,49.046,-100.22097936026329
device_yaw,49.096,-100.6538285815021
device_yaw,49.146,-101.27081091450397
device_yaw,49.196,-102.06194262369522
device_yaw,49.246,-102.98657005223005
device_yaw,49.296,-103.8897289340529
device_yaw,49.346,-104.63161539641382
device_yaw,49.396,-105.1795047551444
device_yaw,49.446,-105.56805354363973
device_yaw,49.496,-105.76635393253974
device_yaw,49.546,-105.75760179205851
device_yaw,49.596,-105.6866836271537
device_yaw,49.646,-105.50831830449148
device_yaw,49.696,-105.1342547572921
device_yaw,49.746,-104.535222488838
device_yaw,49.796,-103.77583230750147
device_yaw,49.846,-103.017058815677
device_yaw,49.896,-102.34978318197062
device_yaw,49.946,-101.7844742764311
device_yaw,49.996,-101.28128737746233
device_yaw,50.046,-100.89402466259224
device_yaw,50.096,-100.64513983780638
device_yaw,50.146,-100.47682414642215
device_yaw,50.196,-100.43358862661522
device_yaw,50.246,-100.57616546990998
device_yaw,50.296,-100.89685052372475
device_yaw,50.346,-101.34537807969286
device_yaw,50.396,-101.82743752096043
device_yaw,50.446,-102.26132925255125
device_yaw,50.496,-102.67346111349717
device_yaw,50.546,-102.99158156205846
device_yaw,50.596,-103.23662423412203
device_yaw,50.646,-103.237399297274
device_yaw,50.696,-103.08695045415821
device_yaw,50.746,-102.93553925288053
device_yaw,50.796,-102.6565906143133
device_yaw,50.846,-102.25039860734432
device_yaw,50.896,-101.79880206812915
device_yaw,50.946,-101.3330632725966
device_yaw,50.996,-100.88732562718106
device_yaw,51.046,-100.537881569873
device_yaw,51.096,-100.36959167438475
device_yaw,51.146,-100.25656732008382
device_yaw,51.196,-100.35758095015112
device_yaw,51.246,-100.61233461867711
device_yaw,51.296,-100.91879245466349
device_yaw,51.346,-101.21276275496402
device_yaw,51.396,-101.53745506591214
device_yaw,51.446,-101.9507730203867
device_yaw,51.496,-102.49942213388303
device_yaw,51.546,-103.10532761728982
device_yaw,51.596,-103.6094812090152
device_yaw,51.646,-103.95567221777878
device_yaw,51.696,-104.19886731517937
device_yaw,51.746,-104.3474475913265
device_yaw,51.796,-104.32733638509731
device_yaw,51.846,-104.11273664040083
device_yaw,51.896,-103.90951577545371
device_yaw,51.946,-103.5251343960097
device_yaw,51.996,-102.95296233431701
device_yaw,52.046,-102.21826869054529
device_yaw,52.096,-101.4168838537293
device_yaw,52.146,-100.65053977333565
device_yaw,52.196,-99.99448637840915
device_yaw,52.246,-99.5563626465902
device_yaw,52.296,-99.31187759629884
device_yaw,52.346,-99.30660204462096
device_yaw,52.396,-99.45383730743984
device_yaw,52.446,-99.68549379617072
device_yaw,52.496,-100.06912515190305
device_yaw,52.546,-100.61241302685677
device_yaw,52.596,-101.27059276152805
device_yaw,52.646,-101.9629287785846
device_yaw,52.696,-102.6452463241366
device_yaw,52.746,-103.20415513031489
device_yaw,52.796,-103.5622528901316
device_yaw,52.846,-103.76081165377805
device_yaw,52.896,-103.78578336419541
device_yaw,52.946,-103.76299985313932
device_yaw,52.996,-103.57246123579408
device_yaw,53.046,-103.29418519452726
device_yaw,53.096,-102.82384176887511
device_yaw,53.146,-102.19636674795257
device_yaw,53.196,-101.52818629192075
device_yaw,53.246,-100.8935567420613
device_yaw,53.296,-100.3423263360562
device_yaw,53.346,-99.8868761678982
device_yaw,53.396,-99.59909613290014
device_yaw,53.446,-99.48307879670814
device_yaw,53.496,-99.46999046685933
device_yaw,53.546,-99.69624207366824
device_yaw,53.596,-100.090402168869
device_yaw,53.646,-100.5424595292598
device_yaw,53.696,-101.10392693408475
device_yaw,53.746,-101.8449292661388
device_yaw,53.796,-102.72558361780192
device_yaw,53.846,-103.70912257090525
device_yaw,53.896,-104.66800667270914
device_yaw,53.946,-105.48795175641625
device_yaw,53.996,-106.22845745502586
device_yaw,54.046,-106.92807499390888
device_yaw,54.096,-107.59084700775799
device_yaw,54.146,-108.08929214254293
device_yaw,54.196,-108.59635847067774
device_yaw,54.246,-108.98163056015557
device_yaw,54.296,-109.14440080766173
device_yaw,54.346,-109.15950294481904
device_yaw,54.396,-109.0950674222497
device_yaw,54.446,-109.04002323538475
device_yaw,54.496,-109.05915068764062
device_yaw,54.546,-109.09787644221427
device_yaw,54.596,-109.11009374115173
device_yaw,54.646,-109.14813206620323
device_yaw,54.696,-109.37491867330765
device_yaw,54.746,-109.75735799851842
device_yaw,54.796,-110.26544746707208
device_yaw,54.846,-110.91046462017154
device_yaw,54.896,-111.68726321388054
device_yaw,54.946,-112.56893014797987
device_yaw,54.996,-113.55074342028034
device_yaw,55.046,-114.53690800087257
device_yaw,55.096,-115.45229875722326
device_yaw,55.146,-116.30704723509399
device_yaw,55.196,-117.01663982916402
device_yaw,55.246,-117.60204718953877
device_yaw,55.296,-117.9650700459199
device_yaw,55.346,-118.26935114460883
device_yaw,55.396,-118.45102110609368
device_yaw,55.446,-118.44789017559259
device_yaw,55.496,-118.3159161813685
device_yaw,55.546,-118.1193006900377
device_yaw,55.596,-117.91942403370354
device_yaw,55.646,-117.77522574030341
device_yaw,55.696,-117.68536656833825
device_yaw,55.746,-117.64481927152929
device_yaw,55.796,-117.71568306080309
device_yaw,55.846,-117.99877195099221
device_yaw,55.896,-118.42185429828942
device_yaw,55.946,-118.96016867737708
device_yaw,55.996,-119.57790351639481
device_yaw,56.046,-120.28216977671381
device_yaw,56.096,-121.01572037400084
device_yaw,56.146,-121.73948883111296
device_yaw,56.196,-122.41190742267463
device_yaw,56.246,-123.04016832169286
device_yaw,56.296,-123.64621144050629
device_yaw,56.346,-124.15241492338878
device_yaw,56.396,-124.52946851815237
device_yaw,56.446,-124.74416494866922
device_yaw,56.496,-124.82177454536145
device_yaw,56.546,-124.80815520398565
device_yaw,56.596,-124.69337629153233
device_yaw,56.646,-124.54588552716474
device_yaw,56.696,-124.49067659835531
device_yaw,56.746,-124.61625345813992
device_yaw,56.796,-124.89285470599803
device_yaw,56.846,-125.3172195123986
device_yaw,56.896,-125.95680050963482
device_yaw,56.946,-126.85320627344223
device_yaw,56.996,-128.04244491592408
device_yaw,57.046,-129.50388949774882
device_yaw,57.096,-131.17798247907223
device_yaw,57.146,-133.09514729353467
device_yaw,57.196,-135.12739798306495
device_yaw,57.246,-137.1806033816658
device_yaw,57.296,-139.17485380404457
device_yaw,57.346,-141.11265370792248
device_yaw,57.396,-142.9690957820308
device_yaw,57.446,-144.65015439389677
device_yaw,57.496,-146.0860901899565
device_yaw,57.546,-147.25055073752534
device_yaw,57.596,-148.21910751079668
device_yaw,57.646,-149.0334909177144
device_yaw,57.696,-149.5924221465418
device_yaw,57.746,-149.94909320160153
device_yaw,57.796,-150.1383076736773
device_yaw,57.846,-150.21422481066313
device_yaw,57.896,-150.20367041937567
device_yaw,57.946,-150.11049574509914
device_yaw,57.996,-149.97194928783136
device_yaw,58.046,-149.8293773653322
device_yaw,58.096,-149.69486148940484
device_yaw,58.146,-149.54867450461813
device_yaw,58.196,-149.37871676407178
device_yaw,58.246,-149.21883947117252
device_yaw,58.296,-149.09554793716038
device_yaw,58.346,-149.0019918697514
device_yaw,58.396,-148.93627571997743
device_yaw,58.446,-148.9019538855671
device_yaw,58.496,-148.89580457644695
device_yaw,58.546,-148.92127418682924
device_yaw,58.596,-148.98142312930864
device_yaw,58.646,-149.0766024473438
device_yaw,58.696,-149.20565221610926
device_yaw,58.746,-149.35298613203045
device_yaw,58.796,-149.50526873268066
device_yaw,58.846,-149.66953255058422
device_yaw,58.896,-149.85506780031915
device_yaw,58.946,-150.05091583316096
device_yaw,58.996,-150.24824522265752
device_yaw,59.046,-150.4380784878457
device_yaw,59.096,-150.60979109381776
device_yaw,59.146,-150.76364666840902
device_yaw,59.196,-150.84255756325214
device_yaw,59.246,-150.90348144376082
device_yaw,59.296,-150.96805977545188
device_yaw,59.346,-151.05131144269538
device_yaw,59.396,-151.14238517759443
gyro_norm,0.028,1.3741595492359355
gyro_norm,0.06,1.162988359923328
gyro_norm,0.107,0.9258755568818007
gyro_norm,0.157,0.7739091199772182
gyro_norm,0.206,0.5513691828902187
gyro_norm,0.256,0.4480138050968275
gyro_norm,0.306,0.4038652253943173
gyro_norm,0.372,0.21554158586891706
gyro_norm,0.405,0.29945184120526924
gyro_norm,0.455,0.33620138617619866
gyro_norm,0.506,0.27052678156341736
gyro_norm,0.556,0.09351843115572557
gyro_norm,0.606,0.09971157417150067
gyro_norm,0.669,0.09397035868721736
gyro_norm,0.704,0.2694779718198257
gyro_norm,0.754,0.17810952017706624
gyro_norm,0.804,0.13247869039253793
gyro_norm,0.853,0.08642918842812602
gyro_norm,0.903,0.1801186049947597
gyro_norm,0.97,0.10370094804541657
gyro_norm,1.002,0.098841811610283
gyro_norm,1.066,0.20424303926739718
gyro_norm,1.102,0.19187502852785918
gyro_norm,1.152,0.25244347268961287
gyro_norm,1.202,0.22999203594197026
gyro_norm,1.266,0.20995539720627285
gyro_norm,1.301,0.341186580175033
gyro_norm,1.351,0.49365353227600967
gyro_norm,1.401,0.6535484417409835
gyro_norm,1.45,0.6990518284585026
gyro_norm,1.5,0.6508052961884907
gyro_norm,1.565,0.7597798258365795
gyro_norm,1.602,0.8624620433900401
gyro_norm,1.65,0.8582235708034981
gyro_norm,1.699,1.2853099465089972
gyro_norm,1.749,0.9558767604601834
gyro_norm,1.799,1.1018232269339068
gyro_norm,1.867,1.33714076779906
gyro_norm,1.898,1.3396641669796887
gyro_norm,1.948,1.211552459067927
gyro_norm,2.001,1.3173460350419908
gyro_norm,2.048,1.550428637077019
gyro_norm,2.097,1.449119331791832
gyro_norm,2.156,1.2274884446143883
gyro_norm,2.197,0.9229239054611074
gyro_norm,2.247,1.014790237845334
gyro_norm,2.296,0.9847609080291142
gyro_norm,2.346,0.9583920191008511
gyro_norm,2.396,1.038675686401117
gyro_norm,2.462,1.1543407697528616
gyro_norm,2.495,1.207082440990438
gyro_norm,2.558,1.6185210644420844
gyro_norm,2.595,0.8637173591199061
gyro_norm,2.645,0.8527297942697625
gyro_norm,2.695,1.016756775263048
gyro_norm,2.761,0.9688403307558453
gyro_norm,2.794,0.7086998349954575
gyro_norm,2.844,0.44157385140594246
gyro_norm,2.894,0.3748262792075327
gyro_norm,2.943,0.2584628614659148
gyro_norm,2.993,0.8553458101484457
gyro_norm,3.06,0.5598838952264349
gyro_norm,3.093,0.7095818755669159
gyro_norm,3.142,0.12027600175878742
gyro_norm,3.192,0.35494614278383446
gyro_norm,3.242,0.2234756459724816
gyro_norm,3.292,0.09324689823676521
gyro_norm,3.359,0.16089702661417837
gyro_norm,3.391,0.16271231378020923
gyro_norm,3.441,0.24066850078740382
gyro_norm,3.506,0.23749428840576917
gyro_norm,3.541,0.23553978236072284
gyro_norm,3.59,0.6803973018206112
gyro_norm,3.654,0.18725696612236226
gyro_norm,3.69,0.21421742221827622
gyro_norm,3.74,0.4156071503271168
gyro_norm,3.79,0.5092000520891838
gyro_norm,3.839,0.5752147170095931
gyro_norm,3.889,0.551615095420376
gyro_norm,3.955,0.5579346146801525
gyro_norm,3.988,0.41894260135598155
gyro_norm,4.038,0.2251500919329087
gyro_norm,4.113,0.22986647920732906
gyro_norm,4.138,0.23157281770691576
gyro_norm,4.188,0.41803406036760277
gyro_norm,4.247,0.6403249876184895
gyro_norm,4.287,0.6335160810000634
gyro_norm,4.337,0.5053921301857989
gyro_norm,4.387,0.36823470659216356
gyro_norm,4.454,0.24077547094784138
gyro_norm,4.486,0.09364569099729368
gyro_norm,4.551,0.08822821602078085
gyro_norm,4.586,0.21266878802752992
gyro_norm,4.636,0.2269344314222509
gyro_norm,4.685,0.4074462306362904
gyro_norm,4.735,0.5707204435265372
gyro_norm,4.785,0.6432492381426538
gyro_norm,4.843,0.5459846533594648
gyro_norm,4.884,0.32763716974048995
gyro_norm,4.934,0.5286765436849529
gyro_norm,4.984,0.7361735640775389
gyro_norm,5.034,0.5600003335416395
gyro_norm,5.089,0.76803747496467
gyro_norm,5.136,0.5509862795482304
gyro_norm,5.183,0.31268208610758735
gyro_norm,5.233,0.5588579135221123
gyro_norm,5.282,0.34018389594121967
gyro_norm,5.332,1.0675079320472516
gyro_norm,5.397,0.6666330584077618
gyro_norm,5.435,0.1723884321179438
gyro_norm,5.481,0.5155920855202516
gyro_norm,5.531,0.4911918179132627
gyro_norm,5.581,0.18838537523464913
gyro_norm,5.631,0.40138049306127177
gyro_norm,5.68,0.4651218133197152
gyro_norm,5.73,0.16930004219113146
gyro_norm,5.78,0.1677240274502235
gyro_norm,5.83,0.2739035931547193
gyro_norm,5.88,0.7852913094466004
gyro_norm,5.93,0.885453724936963
gyro_norm,5.979,0.3659969464299222
gyro_norm,6.033,0.3051301149889322
gyro_norm,6.078,0.6903095769683371
gyro_norm,6.128,0.6321019813963416
gyro_norm,6.178,0.4544268876282416
gyro_norm,6.228,0.3405443708258673
gyro_norm,6.278,0.25811080082929816
gyro_norm,6.344,0.2719306220507545
gyro_norm,6.377,0.2484571533314226
gyro_norm,6.427,0.498958461008847
gyro_norm,6.477,0.2958853751876028
gyro_norm,6.527,0.4455859374821346
gyro_norm,6.576,1.2023721531377152
gyro_norm,6.643,0.7197748235323015
gyro_norm,6.676,0.4935673276968645
gyro_norm,6.725,0.3600204952068588
gyro_norm,6.775,0.2611556502744752
gyro_norm,6.825,0.3159477373968481
gyro_norm,6.875,0.3568469234851833
gyro_norm,6.941,0.25347645117421447
gyro_norm,6.974,0.13065110104286576
gyro_norm,7.024,0.3014290901777807
gyro_norm,7.12,0.265984465455895
gyro_norm,7.124,0.28870259304531015
gyro_norm,7.173,0.4408034267928734
gyro_norm,7.234,1.021542071739205
gyro_norm,7.275,0.1597074464710098
gyro_norm,7.323,0.3636398496733762
gyro_norm,7.373,0.35665524767430146
gyro_norm,7.422,0.356760780855465
gyro_norm,7.472,0.3729960187819265
gyro_norm,7.537,0.2503733424530946
gyro_norm,7.571,0.22000324117029332
gyro_norm,7.621,0.14301708448475675
gyro_norm,7.671,0.10609270042651604
gyro_norm,7.721,0.12932662798392217
gyro_norm,7.771,0.07549278253002269
gyro_norm,7.843,0.09876440547351235
gyro_norm,7.87,0.07658674369686032
gyro_norm,7.92,0.2296579265190547
gyro_norm,7.97,0.2609283188602367
gyro_norm,8.019,0.33894144575663654
gyro_norm,8.069,0.4100338896437259
gyro_norm,8.133,0.4243622583764351
gyro_norm,8.169,0.6241258953886261
gyro_norm,8.235,0.3377823734846344
gyro_norm,8.268,0.5771108587587059
gyro_norm,8.318,0.46420367217346964
gyro_norm,8.368,0.4324857637916889
gyro_norm,8.434,0.5204797384896531
gyro_norm,8.467,0.4364547887666254
gyro_norm,8.517,0.7188264222014228
gyro_norm,8.567,0.2610245453388551
gyro_norm,8.617,0.10635608569418634
gyro_norm,8.666,0.17384254444187666
gyro_norm,8.733,0.265314163538031
gyro_norm,8.766,0.21363874064954633
gyro_norm,8.816,0.36546613129747135
gyro_norm,8.869,0.7228292314285868
gyro_norm,8.915,0.47947126157492687
gyro_norm,8.965,0.7752633984310718
gyro_norm,9.029,0.5602831675502367
gyro_norm,9.064,0.5875901028809696
gyro_norm,9.114,1.0353407268198973
gyro_norm,9.181,0.710035670036879
gyro_norm,9.214,0.2572688915678009
gyro_norm,9.264,0.4238987598246598
gyro_norm,9.329,0.44344962940060934
gyro_norm,9.363,0.4989016996140671
gyro_norm,9.413,0.6806268526407911
gyro_norm,9.463,1.5553570296811934
gyro_norm,9.512,0.4698750923089658
gyro_norm,9.562,0.35125618699198347
gyro_norm,9.627,0.4582880861391033
gyro_norm,9.662,0.24589732671512932
gyro_norm,9.711,0.25891375702776753
gyro_norm,9.761,0.12570054425998028
gyro_norm,9.816,0.28686193552338485
gyro_norm,9.861,0.16838427089555288
gyro_norm,9.926,0.41405078819680685
gyro_norm,9.96,0.6448648311278891
gyro_norm,10.01,0.2788301182091359
gyro_norm,10.06,0.26185650703137253
gyro_norm,10.125,0.33898687126980426
gyro_norm,10.159,0.39114261756406243
gyro_norm,10.225,0.4762936348458536
gyro_norm,10.259,0.9579139052586342
gyro_norm,10.309,0.7398494953771286
gyro_norm,10.359,0.4984099655654615
gyro_norm,10.408,0.17848222744690137
gyro_norm,10.458,0.12866932754007873
gyro_norm,10.518,0.37184058690907423
gyro_norm,10.557,0.8386393415794986
gyro_norm,10.607,0.6217026260703025
gyro_norm,10.657,0.5002296205530851
gyro_norm,10.707,0.2760644860255492
gyro_norm,10.76,0.7501141765993808
gyro_norm,10.809,0.7494414314470516
gyro_norm,10.856,0.9552638253082054
gyro_norm,10.906,1.022884066689321
gyro_norm,10.955,0.34627051224123334
gyro_norm,11.005,0.3525892678302561
gyro_norm,11.071,0.7597783629161269
gyro_norm,11.105,0.5793758450516204
gyro_norm,11.155,1.4100722930007834
gyro_norm,11.204,0.5586262619149446
gyro_norm,11.254,0.316922202963366
gyro_norm,11.304,0.8029644238804265
gyro_norm,11.354,0.6484282821332141
gyro_norm,11.405,0.659997035469915
gyro_norm,11.453,0.7164651040121182
gyro_norm,11.503,0.3532245303507862
gyro_norm,11.553,0.4128865044109055
gyro_norm,11.603,0.4488333695931749
gyro_norm,11.652,0.868717752245957
gyro_norm,11.707,0.7541878258859023
gyro_norm,11.752,0.5096138421733866
gyro_norm,11.802,0.11559520692671578
gyro_norm,11.851,0.29061436684642944
gyro_norm,11.901,0.1876064353255755
gyro_norm,11.951,0.6149190141009128
gyro_norm,12.016,0.4509837081999106
gyro_norm,12.05,0.14770311356958413
gyro_norm,12.1,0.301357040932598
gyro_norm,12.15,0.18155610633340605
gyro_norm,12.203,0.2731435190743662
gyro_norm,12.249,0.9487830669682973
gyro_norm,12.313,0.5795421584493679
gyro_norm,12.349,0.37237659091721426
gyro_norm,12.399,0.6425817329223805
gyro_norm,12.449,1.0624736374154524
gyro_norm,12.498,0.8780356471540454
gyro_norm,12.548,0.41638901859675903
gyro_norm,12.614,0.1629175653082879
gyro_norm,12.647,0.10401778066715704
gyro_norm,12.697,0.15702757959900757
gyro_norm,12.747,0.30280021973042126
gyro_norm,12.797,0.5692623274505129
gyro_norm,12.866,0.7029953733135594
gyro_norm,12.898,0.9981662946929737
gyro_norm,12.946,0.38185882094282625
gyro_norm,12.996,0.7638071107670587
gyro_norm,13.046,0.49292997610854145
gyro_norm,13.112,0.3270519681959348
gyro_norm,13.145,0.3186303050135517
gyro_norm,13.209,0.18953147299762377
gyro_norm,13.248,0.24256697955492235
gyro_norm,13.294,0.3574808893776653
gyro_norm,13.344,0.3738264569790823
gyro_norm,13.394,0.30222621042441306
gyro_norm,13.444,0.1818113741244151
gyro_norm,13.51,0.21126766454309756
gyro_norm,13.543,0.18525235629663506
gyro_norm,13.593,0.30697489884968837
gyro_norm,13.643,0.1352975964826284
gyro_norm,13.693,0.28758097728597803
gyro_norm,13.743,0.6502311869086983
gyro_norm,13.808,0.13810357354612315
gyro_norm,13.842,0.4973677124823769
gyro_norm,13.898,0.4990856233102165
gyro_norm,13.942,0.5393901675033742
gyro_norm,13.991,0.4052884583625655
gyro_norm,14.041,0.45605389088842185
gyro_norm,14.106,0.6746108873433256
gyro_norm,14.141,0.682638538841532
gyro_norm,14.196,0.20081378641931086
gyro_norm,14.24,0.49114476044905375
gyro_norm,14.29,0.46394093316967716
gyro_norm,14.34,0.33631071842348575
gyro_norm,14.405,0.4904576197265075
gyro_norm,14.439,0.7925900995929082
gyro_norm,14.489,0.7358164247534336
gyro_norm,14.539,0.7906330722704469
gyro_norm,14.589,0.32979840366905216
gyro_norm,14.638,0.327720453554062
gyro_norm,14.702,0.17371440996421073
gyro_norm,14.738,0.5361750489837033
gyro_norm,14.788,0.40857498470610476
gyro_norm,14.837,0.19986619227811325
gyro_norm,14.887,0.11661963390094428
gyro_norm,14.937,0.08029365539035518
gyro_norm,15.001,0.12980687458345125
gyro_norm,15.036,0.28579169785597874
gyro_norm,15.086,0.3143854859641243
gyro_norm,15.152,0.33651746061571125
gyro_norm,15.186,0.29025568111833405
gyro_norm,15.258,0.1460175073613088
gyro_norm,15.287,0.4456577690639751
gyro_norm,15.337,0.25071668327548075
gyro_norm,15.39,0.22577636260115827
gyro_norm,15.435,0.2396981135608477
gyro_norm,15.484,0.21179153108449553
gyro_norm,15.534,0.2067565263532585
gyro_norm,15.6,0.15108694610441237
gyro_norm,15.634,0.20150001014889404
gyro_norm,15.683,0.19458792990016363
gyro_norm,15.733,0.2317868475142551
gyro_norm,15.788,0.18928044767193666
gyro_norm,15.833,0.16567490416552969
gyro_norm,15.896,0.10518285656205165
gyro_norm,15.932,0.27885007426480674
gyro_norm,15.982,0.15920444305047984
gyro_norm,16.032,0.040897184925658234
gyro_norm,16.097,0.08647641642019319
gyro_norm,16.131,0.1625822818519438
gyro_norm,16.193,0.34126154555239535
gyro_norm,16.231,0.6049644399441488
gyro_norm,16.281,0.38670342624993564
gyro_norm,16.33,1.1155328778394273
gyro_norm,16.38,0.6600176188112737
gyro_norm,16.43,0.6505771075954554
gyro_norm,16.498,0.5695640625032761
gyro_norm,16.529,0.7024706134465455
gyro_norm,16.579,0.5316412092379968
gyro_norm,16.629,0.21029760457867483
gyro_norm,16.679,0.07326642285530177
gyro_norm,16.735,0.2884919337138621
gyro_norm,16.781,0.19704910361827732
gyro_norm,16.828,0.39574783306288885
gyro_norm,16.878,0.6055278332644991
gyro_norm,16.928,0.45830244018798033
gyro_norm,16.977,0.7696690365870612
gyro_norm,17.047,0.9318473925247658
gyro_norm,17.079,1.0951426493874663
gyro_norm,17.127,0.3728707944004396
gyro_norm,17.176,0.7370284714860634
gyro_norm,17.226,0.956059976722256
gyro_norm,17.297,0.27072706471339686
gyro_norm,17.326,0.27412844142695747
gyro_norm,17.376,0.2409070659482242
gyro_norm,17.425,0.7745397240679208
gyro_norm,17.475,1.2606539861428445
gyro_norm,17.525,0.26561568005580155
gyro_norm,17.574,1.0710195397610902
gyro_norm,17.624,0.8851543191366066
gyro_norm,17.69,0.5153177116216672
gyro_norm,17.724,0.4902747422316123
gyro_norm,17.774,0.6023838740171595
gyro_norm,17.823,0.20431120422038743
gyro_norm,17.873,0.4013285340113276
gyro_norm,17.923,0.2015685835623233
gyro_norm,17.99,0.4045552077196339
gyro_norm,18.022,0.3198301513604731
gyro_norm,18.072,0.5294106975434391
gyro_norm,18.122,0.48151819453194694
gyro_norm,18.172,0.32404912354451804
gyro_norm,18.221,0.7286666753615713
gyro_norm,18.286,0.39878997126002597
gyro_norm,18.321,0.9441837248434363
gyro_norm,18.371,1.2125522504929398
gyro_norm,18.42,0.614526106527047
gyro_norm,18.47,0.3305795858686384
gyro_norm,18.52,0.3677597615675663
gyro_norm,18.576,0.8918346190291639
gyro_norm,18.619,1.1100289110745991
gyro_norm,18.669,0.2736673121065864
gyro_norm,18.719,0.4744967436594802
gyro_norm,18.769,0.5826262216348036
gyro_norm,18.819,0.5600893764801075
gyro_norm,18.883,0.21646170626445227
gyro_norm,18.921,0.592764365811915
gyro_norm,18.968,0.6484541017647336
gyro_norm,19.018,0.21118559525808192
gyro_norm,19.067,0.23096738090753025
gyro_norm,19.117,0.22071137737308602
gyro_norm,19.19,0.3192892673622992
gyro_norm,19.217,0.3105820740553925
gyro_norm,19.266,0.9898105841938257
gyro_norm,19.316,0.6020557409607538
gyro_norm,19.366,0.2825130116266586
gyro_norm,19.42,0.11675274285842427
gyro_norm,19.484,0.4365925715247361
gyro_norm,19.515,0.24325561437940388
gyro_norm,19.574,0.22716140337584592
gyro_norm,19.615,0.3716105159667044
gyro_norm,19.665,0.27621970025447723
gyro_norm,19.714,0.35978266901603895
gyro_norm,19.801,0.17356009743501094
gyro_norm,19.814,0.2894664291106337
gyro_norm,19.864,0.22905372387334083
gyro_norm,19.913,0.2771000364280985
gyro_norm,19.963,0.27115422496988045
gyro_norm,20.013,0.33504882304225125
gyro_norm,20.078,0.3570426050043027
gyro_norm,20.112,0.32107910516973176
gyro_norm,20.162,0.39517734626381124
gyro_norm,20.212,0.2051534746991739
gyro_norm,20.262,0.20532787501985175
gyro_norm,20.312,0.2274475106530327
gyro_norm,20.379,0.2865078080614347
gyro_norm,20.411,0.42608025299016744
gyro_norm,20.461,0.7401477224046173
gyro_norm,20.516,0.15026735845962752
gyro_norm,20.56,0.8836438282460629
gyro_norm,20.61,0.43034317522706594
gyro_norm,20.673,0.4373554069083524
gyro_norm,20.71,0.1901855763769741
gyro_norm,20.76,0.26646558952891625
gyro_norm,20.826,0.3737270223867589
gyro_norm,20.859,0.32294226766358736
gyro_norm,20.909,0.5039558775805119
gyro_norm,20.974,0.7308907009124375
gyro_norm,21.008,0.544576744213819
gyro_norm,21.058,0.6771313313439553
gyro_norm,21.108,0.529668833047855
gyro_norm,21.158,0.34359375649553087
gyro_norm,21.207,0.5484587727650592
gyro_norm,21.272,0.49840789070095165
gyro_norm,21.307,0.7479886618371863
gyro_norm,21.357,0.631051463888181
gyro_norm,21.406,0.519421092447924
gyro_norm,21.463,0.9972465266658169
gyro_norm,21.506,0.6811445889316642
gyro_norm,21.569,0.38811994744046996
gyro_norm,21.605,0.3585939251125901
gyro_norm,21.655,0.28513662286083213
gyro_norm,21.705,0.563752934023609
gyro_norm,21.757,0.8998653431730564
gyro_norm,21.805,1.0678439921016887
gyro_norm,21.861,0.7017492117892772
gyro_norm,21.904,0.6019967301979711
gyro_norm,21.954,0.8809092059653522
gyro_norm,22.004,0.8478346660254092
gyro_norm,22.053,1.1517951778089437
gyro_norm,22.103,1.084928171989616
gyro_norm,22.163,0.35904379268036685
gyro_norm,22.203,0.6180692632810052
gyro_norm,22.252,0.5641648318561557
gyro_norm,22.302,1.0252529277069349
gyro_norm,22.352,0.879506029301593
gyro_norm,22.402,1.015872148498388
gyro_norm,22.46,1.1657914546217225
gyro_norm,22.501,1.2936914803050938
gyro_norm,22.551,0.4031853717408292
gyro_norm,22.601,0.8207535045106902
gyro_norm,22.651,1.3987288763870034
gyro_norm,22.708,1.1851815699196278
gyro_norm,22.753,0.40873542811744745
gyro_norm,22.802,0.45109319722615393
gyro_norm,22.85,0.6443834434357396
gyro_norm,22.899,0.5239160320554732
gyro_norm,22.949,0.5369547777028457
gyro_norm,23.017,0.1356643449468847
gyro_norm,23.051,0.7119995002719044
gyro_norm,23.098,0.9558399060091753
gyro_norm,23.148,0.5606851549926157
gyro_norm,23.198,0.06503391049455072
gyro_norm,23.248,0.1268625710369222
gyro_norm,23.297,0.3067678056029455
gyro_norm,23.348,0.16777030014718958
gyro_norm,23.397,0.6675701479666875
gyro_norm,23.447,0.2978097380171058
gyro_norm,23.497,0.40338168171766114
gyro_norm,23.546,1.1816927432196425
gyro_norm,23.596,0.4840336259221492
gyro_norm,23.651,0.5776398711415336
gyro_norm,23.695,0.6261530533078177
gyro_norm,23.745,0.5138371998873008
gyro_norm,23.795,0.19276264251252573
gyro_norm,23.845,0.30838771430317025
gyro_norm,23.895,0.37694194712957246
gyro_norm,23.959,0.2682118811098536
gyro_norm,23.994,0.8522150817874041
gyro_norm,24.044,0.7225684541529434
gyro_norm,24.094,0.38205379597408196
gyro_norm,24.144,0.670494401003272
gyro_norm,24.193,0.2458892185448652
gyro_norm,24.26,0.30765263749173544
gyro_norm,24.293,0.30313047732294995
gyro_norm,24.343,0.563255365483991
gyro_norm,24.392,0.19344977541776257
gyro_norm,24.442,0.3481856510467492
gyro_norm,24.492,0.39564425332070513
gyro_norm,24.558,0.21531577765371937
gyro_norm,24.591,1.1154177583285159
gyro_norm,24.641,0.4050694044137123
gyro_norm,24.691,0.39990815479194014
gyro_norm,24.741,0.27547574068982145
gyro_norm,24.791,0.20975018341769253
gyro_norm,24.859,0.38340378728883817
gyro_norm,24.89,0.2961182613446084
gyro_norm,24.94,0.2901997748124514
gyro_norm,24.989,0.2659307518701934
gyro_norm,25.039,0.42864434745605134
gyro_norm,25.089,0.5757792607925207
gyro_norm,25.162,0.44679929476542973
gyro_norm,25.191,0.12350430132084489
gyro_norm,25.238,0.15368596044071692
gyro_norm,25.288,0.049665952350612885
gyro_norm,25.338,0.12711951168595226
gyro_norm,25.388,0.16379900585487564
gyro_norm,25.451,0.14064155296963032
gyro_norm,25.487,0.11703213137157745
gyro_norm,25.537,0.0928334528334246
gyro_norm,25.587,0.1106568478085486
gyro_norm,25.637,0.14676709007305194
gyro_norm,25.686,0.17704205488435337
gyro_norm,25.756,0.11864568006915562
gyro_norm,25.786,0.17742519293804715
gyro_norm,25.835,0.08742759127325757
gyro_norm,25.885,0.11437935361656398
gyro_norm,25.935,0.09314403461873662
gyro_norm,25.985,0.28644014436636567
gyro_norm,26.05,0.5625001193770865
gyro_norm,26.084,0.4808505792550964
gyro_norm,26.137,0.28127674462107477
gyro_norm,26.184,0.7520961400001671
gyro_norm,26.234,0.6143307082428924
gyro_norm,26.283,0.47861190164223366
gyro_norm,26.355,0.36093025021737074
gyro_norm,26.383,0.4216780203967484
gyro_norm,26.433,0.35473110010682773
gyro_norm,26.483,0.21811926576543422
gyro_norm,26.532,0.18976809670188577
gyro_norm,26.582,0.20075816465483878
gyro_norm,26.649,0.2691088670728507
gyro_norm,26.682,0.23508196920334437
gyro_norm,26.732,0.3639027566037959
gyro_norm,26.786,0.48570417994801734
gyro_norm,26.831,0.22646993135363708
gyro_norm,26.881,0.6776181815155374
gyro_norm,26.945,0.5123831303523526
gyro_norm,26.98,0.5065926672095925
gyro_norm,27.03,0.3853530072057258
gyro_norm,27.096,0.4979360519935424
gyro_norm,27.129,0.5548926192780902
gyro_norm,27.179,0.13040303754469829
gyro_norm,27.242,0.27514926214897584
gyro_norm,27.279,0.37317014028324247
gyro_norm,27.329,0.5851418926031724
gyro_norm,27.378,1.1483819749180417
gyro_norm,27.428,0.9811533740861015
gyro_norm,27.482,0.7914992577248403
gyro_norm,27.53,0.27025198106412285
gyro_norm,27.577,0.5644665178243364
gyro_norm,27.627,0.26854132290448235
gyro_norm,27.677,0.47257836722031377
gyro_norm,27.731,0.39009360494157685
gyro_norm,27.776,0.14052236358218373
gyro_norm,27.843,0.17393279327265443
gyro_norm,27.876,0.18801583644043857
gyro_norm,27.926,0.20024950035693836
gyro_norm,27.975,0.4105591987717917
gyro_norm,28.041,0.4675511413714889
gyro_norm,28.075,0.22084714331294059
gyro_norm,28.139,0.2266979209488275
gyro_norm,28.174,0.16993439583564418
gyro_norm,28.224,0.2079084333563721
gyro_norm,28.274,0.2245018606192413
gyro_norm,28.324,0.15932295762242035
gyro_norm,28.374,0.16985597029498994
gyro_norm,28.433,0.2364706238480677
gyro_norm,28.473,0.2896301807801443
gyro_norm,28.523,0.25419441279764576
gyro_norm,28.573,0.20956094874146705
gyro_norm,28.623,0.1811723174843659
gyro_norm,28.677,0.11309927436163053
gyro_norm,28.739,0.06404401103396495
gyro_norm,28.772,0.10209262104503591
gyro_norm,28.821,0.10125725509919538
gyro_norm,28.871,0.0610738627774669
gyro_norm,28.921,0.12180385704537576
gyro_norm,28.987,0.1644411765090584
gyro_norm,29.023,0.08953828630823965
gyro_norm,29.07,0.12760607894665468
gyro_norm,29.12,0.264151376015189
gyro_norm,29.17,0.36733225546489134
gyro_norm,29.22,0.32797272511153164
gyro_norm,29.284,0.18615418160510638
gyro_norm,29.319,0.323640686366006
gyro_norm,29.369,0.38562690967573704
gyro_norm,29.419,0.24592511190403987
gyro_norm,29.468,0.2115708548032989
gyro_norm,29.518,0.5934162003888427
gyro_norm,29.568,0.3676473227250524
gyro_norm,29.621,0.14269941574847922
gyro_norm,29.667,0.6191927734921223
gyro_norm,29.717,0.5402568866640775
gyro_norm,29.767,1.1579706761232964
gyro_norm,29.817,0.6464186671447404
gyro_norm,29.867,0.3555231164302941
gyro_norm,29.933,0.10769439923145399
gyro_norm,29.966,0.31672067648599617
gyro_norm,30.033,0.41765367646072316
gyro_norm,30.066,0.37035765277108246
gyro_norm,30.116,0.18565460070692194
gyro_norm,30.165,0.05463605493819168
gyro_norm,30.232,0.23359676405646648
gyro_norm,30.265,0.15666192150998157
gyro_norm,30.314,0.1909016260865752
gyro_norm,30.369,0.39536314470405004
gyro_norm,30.414,0.5053969148964474
gyro_norm,30.464,0.3221584477248626
gyro_norm,30.53,0.760618739550366
gyro_norm,30.563,0.5006947579288427
gyro_norm,30.613,0.44949745284052667
gyro_norm,30.663,0.6010677046730807
gyro_norm,30.713,0.2806330450732431
gyro_norm,30.762,0.1643946862004756
gyro_norm,30.829,0.3516602724886953
gyro_norm,30.867,0.29975887432378573
gyro_norm,30.912,0.6404293908469901
gyro_norm,30.961,0.4621777459864947
gyro_norm,31.011,0.5898294810548332
gyro_norm,31.061,0.3670013760136975
gyro_norm,31.127,0.5401288476876028
gyro_norm,31.161,0.47502125287159325
gyro_norm,31.21,0.2830138097372972
gyro_norm,31.26,0.11431681707299593
gyro_norm,31.31,0.27404642612289226
gyro_norm,31.36,0.24267555351976186
gyro_norm,31.424,0.27530821737734124
gyro_norm,31.459,0.5048375838985784
gyro_norm,31.509,0.548249640728873
gyro_norm,31.559,0.3864336561645365
gyro_norm,31.608,0.3291048582105701
gyro_norm,31.658,0.8791257203458372
gyro_norm,31.724,0.689143409047007
gyro_norm,31.758,0.35590823863106685
gyro_norm,31.822,0.656054118794713
gyro_norm,31.857,0.45214257608914016
gyro_norm,31.907,0.24274242531817877
gyro_norm,31.957,0.39258891207158136
gyro_norm,32.025,0.7929735530049513
gyro_norm,32.056,0.7264476325349085
gyro_norm,32.106,0.7495056260806046
gyro_norm,32.156,0.20649101323734487
gyro_norm,32.206,0.43481912467293155
gyro_norm,32.255,0.3856857770640492
gyro_norm,32.323,0.27454928945458207
gyro_norm,32.355,0.2503863906834413
gyro_norm,32.405,0.17681451958138128
gyro_norm,32.458,0.31126833373985513
gyro_norm,32.506,0.4294093088663798
gyro_norm,32.573,0.728558496071525
gyro_norm,32.605,0.5032197508529614
gyro_norm,32.654,0.6319230533076792
gyro_norm,32.703,0.8177033649274584
gyro_norm,32.771,0.5972363731259122
gyro_norm,32.803,0.32951895897614025
gyro_norm,32.853,0.5867574858649062
gyro_norm,32.919,0.4616573404474591
gyro_norm,32.952,0.35886655424595976
gyro_norm,33.002,0.16851993144016758
gyro_norm,33.052,0.21107549232638453
gyro_norm,33.101,0.26064210955523187
gyro_norm,33.151,0.564648263995748
gyro_norm,33.219,0.7399240631824084
gyro_norm,33.25,0.31561779565852327
gyro_norm,33.3,0.6163226050633213
gyro_norm,33.35,0.40570182708061914
gyro_norm,33.405,0.24050043942386162
gyro_norm,33.45,0.2739306864714961
gyro_norm,33.514,0.25902785380837823
gyro_norm,33.549,0.26247282070352285
gyro_norm,33.602,0.09496275818651956
gyro_norm,33.649,0.17873674159383648
gyro_norm,33.714,0.284131022482245
gyro_norm,33.748,0.4933725402247595
gyro_norm,33.802,0.32567012183482685
gyro_norm,33.848,0.6961043811882297
gyro_norm,33.898,0.17278439288720318
gyro_norm,33.947,0.23513761509073566
gyro_norm,33.997,0.29940990022421843
gyro_norm,34.047,0.19439304605310978
gyro_norm,34.105,0.19640287057733521
gyro_norm,34.146,0.19981803194201617
gyro_norm,34.196,0.22889946518803733
gyro_norm,34.246,0.15311899812230087
gyro_norm,34.296,0.1439805479086838
gyro_norm,34.348,0.1415799533088968
gyro_norm,34.395,0.2499715336864195
gyro_norm,34.445,0.15974701152746348
gyro_norm,34.495,0.0433715145993222
gyro_norm,34.545,0.03057831065692296
gyro_norm,34.594,0.12928593054083443
gyro_norm,34.644,0.08209567373813437
gyro_norm,34.704,0.10741900805883564
gyro_norm,34.743,0.13716670665413142
gyro_norm,34.793,0.1858392931156873
gyro_norm,34.843,0.2013851204908852
gyro_norm,34.893,0.20806810339219242
gyro_norm,34.943,0.25839188366013455
gyro_norm,34.998,0.1484223667065466
gyro_norm,35.042,0.19121679147547307
gyro_norm,35.092,0.24053323333236662
gyro_norm,35.142,0.34105677220526587
gyro_norm,35.191,0.38032193897024125
gyro_norm,35.241,0.14432413802954755
gyro_norm,35.308,0.9279545002672421
gyro_norm,35.341,0.46425222591323034
gyro_norm,35.391,0.29090365345264335
gyro_norm,35.44,0.2904407828116336
gyro_norm,35.49,0.24816838537711172
gyro_norm,35.54,0.3098058164350976
gyro_norm,35.605,0.11159851522995003
gyro_norm,35.639,0.20191271883105177
gyro_norm,35.689,0.1362143438900685
gyro_norm,35.739,0.18583379070231662
gyro_norm,35.789,0.15101972478784864
gyro_norm,35.838,0.5040168259691473
gyro_norm,35.903,0.4330642232528132
gyro_norm,35.938,0.20573194316330715
gyro_norm,35.988,0.42589664992482007
gyro_norm,36.038,0.20154148843189015
gyro_norm,36.087,0.17580170333164669
gyro_norm,36.137,0.5363247450487012
gyro_norm,36.202,0.7407508577734346
gyro_norm,36.24,0.44484446672428135
gyro_norm,36.286,0.2994384810063565
gyro_norm,36.336,0.34896646726254804
gyro_norm,36.386,0.5606696138448104
gyro_norm,36.436,0.25602814814436464
gyro_norm,36.504,0.44158732255558886
gyro_norm,36.535,0.9254630311041154
gyro_norm,36.585,0.27561473802107267
gyro_norm,36.635,0.20900208968020165
gyro_norm,36.685,0.18357850527805653
gyro_norm,36.734,0.22279856160285952
gyro_norm,36.807,0.33142162743003817
gyro_norm,36.834,0.2850576328972142
gyro_norm,36.883,0.13814818512285337
gyro_norm,36.933,0.15117496564554048
gyro_norm,36.983,0.23571343551078702
gyro_norm,37.033,0.3305384497717602
gyro_norm,37.1,0.3992426987820303
gyro_norm,37.132,0.45279096822732035
gyro_norm,37.193,0.26682687408991196
gyro_norm,37.232,0.2691401317115289
gyro_norm,37.282,0.35635351002130167
gyro_norm,37.332,0.28582572527198113
gyro_norm,37.396,0.2149118697726781
gyro_norm,37.431,0.19827849359168956
gyro_norm,37.481,0.1951942768445727
gyro_norm,37.531,0.19945534974913545
gyro_norm,37.58,0.2671698822648092
gyro_norm,37.63,0.2172880012360364
gyro_norm,37.697,0.1433038874809178
gyro_norm,37.73,0.0770441036135909
gyro_norm,37.779,0.15127827157427165
gyro_norm,37.834,0.1358927636011122
gyro_norm,37.879,0.07632785128979776
gyro_norm,37.929,0.0985052257270948
gyro_norm,37.989,0.1394966031946441
gyro_norm,38.028,0.16921223572665944
gyro_norm,38.078,0.08217279696072124
gyro_norm,38.145,0.13169357793447442
gyro_norm,38.177,0.11661166644484636
gyro_norm,38.227,0.06361296273154286
gyro_norm,38.292,0.12289640600401239
gyro_norm,38.326,0.4169886062160704
gyro_norm,38.377,0.14919869823813575
gyro_norm,38.426,0.10001633496882531
gyro_norm,38.476,0.25353670854340354
gyro_norm,38.526,0.9387409575857638
gyro_norm,38.592,0.3357973353394119
gyro_norm,38.625,0.8027998758572841
gyro_norm,38.675,0.6960269106996232
gyro_norm,38.725,0.950708265646089
gyro_norm,38.779,0.5640714409635768
gyro_norm,38.824,0.5542162775894558
gyro_norm,38.893,0.3477172917855023
gyro_norm,38.924,0.29019574900888906
gyro_norm,38.997,0.217339716163036
gyro_norm,39.023,0.21540712341185242
gyro_norm,39.087,0.3412860044527055
gyro_norm,39.123,0.5148241845799084
gyro_norm,39.187,0.6069943367599502
gyro_norm,39.222,0.33748538918127213
gyro_norm,39.272,0.3867783883586981
gyro_norm,39.322,0.5703265354796886
gyro_norm,39.372,0.6488051620372521
gyro_norm,39.422,0.3534672434755
gyro_norm,39.481,0.5442862858263499
gyro_norm,39.521,0.3130226752525192
gyro_norm,39.571,0.059545446091918294
gyro_norm,39.621,0.34729814717404395
gyro_norm,39.67,0.3834854054138818
gyro_norm,39.723,0.5098794182494336
gyro_norm,39.773,0.7512091494050117
gyro_norm,39.82,0.12356275844972738
gyro_norm,39.869,0.36601972558281276
gyro_norm,39.919,0.20871939691180674
gyro_norm,39.969,0.2563304573039419
gyro_norm,40.035,0.42387162232923103
gyro_norm,40.07,0.3809274364863946
gyro_norm,40.118,0.4304173609515231
gyro_norm,40.168,0.40147283656425864
gyro_norm,40.229,0.2706354434798911
gyro_norm,40.267,0.3025277670846396
gyro_norm,40.317,0.4695181007261955
gyro_norm,40.369,0.4819081686774955
gyro_norm,40.417,0.5865457916440954
gyro_norm,40.467,0.48704824916381756
gyro_norm,40.516,0.8942388468399122
gyro_norm,40.566,0.4530582674542942
gyro_norm,40.616,0.5214678843451592
gyro_norm,40.682,0.8470699587926313
gyro_norm,40.715,0.4484663618564221
gyro_norm,40.765,0.6008770729966875
gyro_norm,40.815,0.5659377406959859
gyro_norm,40.865,0.5968048021202886
gyro_norm,40.915,0.9386577478506102
gyro_norm,40.983,0.45205036151601796
gyro_norm,41.014,0.44651722242340586
gyro_norm,41.064,0.3416901742193702
gyro_norm,41.114,0.3678704957448323
gyro_norm,41.163,0.21041145860055407
gyro_norm,41.213,0.20368239869279217
gyro_norm,41.278,0.1071732071195841
gyro_norm,41.312,0.09906912991962581
gyro_norm,41.362,0.20671206424448116
gyro_norm,41.412,0.3874101026325952
gyro_norm,41.462,0.5894817617106869
gyro_norm,41.512,0.857309271296963
gyro_norm,41.579,0.33736088948924375
gyro_norm,41.611,0.5930004209010697
gyro_norm,41.661,0.42093322969636904
gyro_norm,41.711,0.4749708263893704
gyro_norm,41.761,0.7073333959189769
gyro_norm,41.81,0.47861211538182435
gyro_norm,41.875,0.4496638797749485
gyro_norm,41.91,0.40809200979770327
gyro_norm,41.96,0.30274284971432674
gyro_norm,42.009,0.4229639894582124
gyro_norm,42.059,0.43324263852012457
gyro_norm,42.109,0.15704726582183692
gyro_norm,42.182,0.25062485511309207
gyro_norm,42.212,0.525106663684308
gyro_norm,42.262,0.37487479410874014
gyro_norm,42.308,0.1716412637453056
gyro_norm,42.358,0.2870466337604558
gyro_norm,42.407,0.0747135617130844
gyro_norm,42.472,0.2722088428712327
gyro_norm,42.51,0.29517026373424526
gyro_norm,42.557,0.1895876372257598
gyro_norm,42.607,0.12043081253917584
gyro_norm,42.656,0.2891765600712311
gyro_norm,42.706,0.2662408087325591
gyro_norm,42.774,0.13826807763744103
gyro_norm,42.806,0.15490195517274502
gyro_norm,42.855,0.21336784883618953
gyro_norm,42.905,0.1924624291250528
gyro_norm,42.955,0.0913381398828723
gyro_norm,43.005,0.19409434503822093
gyro_norm,43.071,0.12328537630574299
gyro_norm,43.104,0.11379437141947232
gyro_norm,43.154,0.14851017305834577
gyro_norm,43.204,0.09030137070483832
gyro_norm,43.254,0.10604319492811848
gyro_norm,43.308,0.4957911858276788
gyro_norm,43.355,0.3434352321619333
gyro_norm,43.403,0.4052151929873066
gyro_norm,43.466,0.32052119778030586
gyro_norm,43.502,0.6125540706841319
gyro_norm,43.552,0.7240234793743666
gyro_norm,43.602,0.19805489400639256
gyro_norm,43.668,0.5372216130799163
gyro_norm,43.701,0.4499823470546865
gyro_norm,43.751,0.26312693583813757
gyro_norm,43.801,0.16493648237479713
gyro_norm,43.851,0.12238757693878015
gyro_norm,43.901,0.14060833271822068
gyro_norm,43.965,0.3884944814316975
gyro_norm,44.0,0.8608063331710296
gyro_norm,44.05,1.2612148877052476
gyro_norm,44.103,0.23523632374508474
gyro_norm,44.149,0.3316977205534171
gyro_norm,44.199,0.42833806592420204
gyro_norm,44.263,0.2641588166009798
gyro_norm,44.298,0.2744846521851851
gyro_norm,44.348,0.2744930335022212
gyro_norm,44.401,0.2887787167085675
gyro_norm,44.448,0.26630598479365153
gyro_norm,44.498,0.2626815522955683
gyro_norm,44.563,0.21266487572754716
gyro_norm,44.597,0.6444025293204251
gyro_norm,44.647,0.6972676249608785
gyro_norm,44.697,0.6530011806477262
gyro_norm,44.746,1.2421457617699478
gyro_norm,44.796,0.7713420088912123
gyro_norm,44.862,0.611158237922653
gyro_norm,44.896,0.9754626034811928
gyro_norm,44.946,0.8265593088064765
gyro_norm,44.995,0.2823423966909718
gyro_norm,45.049,0.39107302617289286
gyro_norm,45.095,1.43088793684867
gyro_norm,45.162,0.7669918552935238
gyro_norm,45.194,0.1798277406966514
gyro_norm,45.244,0.1380770990238225
gyro_norm,45.294,0.31386574094324354
gyro_norm,45.36,0.3023923052858434
gyro_norm,45.393,0.1732923142456399
gyro_norm,45.461,0.1857132438379048
gyro_norm,45.493,0.13452669500786307
gyro_norm,45.543,0.18551132740428233
gyro_norm,45.593,0.26091608435235375
gyro_norm,45.642,0.4783982879080991
gyro_norm,45.692,0.763501714112154
gyro_norm,45.751,1.0756188810426226
gyro_norm,45.791,0.5060149410214773
gyro_norm,45.841,0.2009457056288972
gyro_norm,45.891,0.46457976092824105
gyro_norm,45.941,0.285009363565707
gyro_norm,45.993,0.5399341687617735
gyro_norm,46.045,0.18896055174278859
gyro_norm,46.09,0.4108406725680473
gyro_norm,46.14,0.4351791926348885
gyro_norm,46.19,0.1760162664565642
gyro_norm,46.239,0.13644038447144222
gyro_norm,46.305,0.09862093425064544
gyro_norm,46.341,0.0934773389454248
gyro_norm,46.389,0.13279953451651408
gyro_norm,46.438,0.10406691458549179
gyro_norm,46.488,0.07386966692997667
gyro_norm,46.543,0.054733438065325615
gyro_norm,46.588,0.06837545278080154
gyro_norm,46.64,0.120310987379903
gyro_norm,46.687,0.16721771500109814
gyro_norm,46.737,0.1378690257939155
gyro_norm,46.787,0.10330983622595485
gyro_norm,46.837,0.16935636751599975
gyro_norm,46.886,0.11995974844457019
gyro_norm,46.941,0.12686236039461646
gyro_norm,46.986,0.23355747950158084
gyro_norm,47.036,0.23189397843695964
gyro_norm,47.086,0.13719526664851064
gyro_norm,47.135,0.13825643136510488
gyro_norm,47.185,0.18828239225402102
gyro_norm,47.254,0.18979153758587652
gyro_norm,47.284,0.23225078020911383
gyro_norm,47.334,0.5456294857396203
gyro_norm,47.384,0.4286107207537547
gyro_norm,47.434,0.7652199081591494
gyro_norm,47.484,0.35952807256357094
gyro_norm,47.548,0.2668968642307761
gyro_norm,47.583,0.382151805204196
gyro_norm,47.633,0.42759357790062963
gyro_norm,47.683,0.8455537760002191
gyro_norm,47.732,0.3740155257342541
gyro_norm,47.782,0.4857438797932722
gyro_norm,47.847,0.275106032820396
gyro_norm,47.882,0.09773187715379483
gyro_norm,47.931,0.2642593783725897
gyro_norm,47.981,0.38871527328209293
gyro_norm,48.031,0.335498793495765
gyro_norm,48.081,0.2005820151046471
gyro_norm,48.147,0.7226927344617049
gyro_norm,48.183,0.6017898192187977
gyro_norm,48.23,0.530088143786961
gyro_norm,48.28,0.7344325943803239
gyro_norm,48.33,0.5119864837097684
gyro_norm,48.379,0.15738660246519773
gyro_norm,48.444,0.25853895267990956
gyro_norm,48.479,0.08709128246399006
gyro_norm,48.529,0.5870625536479317
gyro_norm,48.578,0.2514941855833591
gyro_norm,48.628,0.9782872233918314
gyro_norm,48.707,0.24896436738611732
gyro_norm,48.729,0.4540366265089036
gyro_norm,48.777,0.6914099220459581
gyro_norm,48.827,0.18424056701173197
gyro_norm,48.877,0.34280411508213193
gyro_norm,48.927,0.30096952522446374
gyro_norm,48.977,0.2532626702444351
gyro_norm,49.042,0.5514757844112467
gyro_norm,49.076,0.37713237445815695
gyro_norm,49.139,0.6155114563938446
gyro_norm,49.176,0.40924662916589355
gyro_norm,49.225,0.5011692320716445
gyro_norm,49.275,0.42475813913695654
gyro_norm,49.341,0.6847096977024426
gyro_norm,49.375,0.48643494808540466
gyro_norm,49.424,0.8139631382271335
gyro_norm,49.474,0.7518847718856906
gyro_norm,49.524,0.3189100401824132
gyro_norm,49.574,0.4043267946035695
gyro_norm,49.638,0.43697555720775433
gyro_norm,49.673,1.0022847609774497
gyro_norm,49.723,0.5843391520467992
gyro_norm,49.777,0.5567749043261108
gyro_norm,49.822,0.409967409701043
gyro_norm,49.872,0.4725204226232937
gyro_norm,49.939,0.44622134276126046
gyro_norm,49.972,0.27774571932932185
gyro_norm,50.022,0.27038577050032747
gyro_norm,50.09,0.23013218364885443
gyro_norm,50.121,0.21526243330242467
gyro_norm,50.171,0.3051807904078229
gyro_norm,50.235,0.645382861719984
gyro_norm,50.271,0.7344612554108519
gyro_norm,50.32,0.15793129204519057
gyro_norm,50.37,0.23297009830798707
gyro_norm,50.421,0.8237266657182543
gyro_norm,50.469,0.48190023465743426
gyro_norm,50.525,0.5175835449972153
gyro_norm,50.569,0.5425145286165082
gyro_norm,50.619,0.3906924028156719
gyro_norm,50.669,0.42433512171589666
gyro_norm,50.723,0.32745770737715785
gyro_norm,50.768,0.4640752838959749
gyro_norm,50.832,0.8584384055439178
gyro_norm,50.867,1.1387443339245253
gyro_norm,50.917,0.716583249403587
gyro_norm,50.967,0.4112035525241855
gyro_norm,51.036,0.13774970565047057
gyro_norm,51.067,0.18085273544814134
gyro_norm,51.128,0.29284187475453877
gyro_norm,51.166,0.17237947525077565
gyro_norm,51.216,0.38084434452867805
gyro_norm,51.266,0.34207823384094166
gyro_norm,51.316,0.4511088107152593
gyro_norm,51.365,0.3812957953181261
gyro_norm,51.423,0.2718457258937713
gyro_norm,51.465,0.2033497851630306
gyro_norm,51.515,0.4463552109183202
gyro_norm,51.564,0.8113726380954944
gyro_norm,51.614,0.6115587871775929
gyro_norm,51.667,0.4475722272570422
gyro_norm,51.72,0.6478487927705529
gyro_norm,51.763,0.3789628647775103
gyro_norm,51.813,0.15741053573289174
gyro_norm,51.863,0.31456924522049096
gyro_norm,51.936,0.3607049509754386
gyro_norm,51.962,0.5579529948258336
gyro_norm,52.015,0.31892289446189803
gyro_norm,52.062,0.7357133039560937
gyro_norm,52.112,0.32493804476657956
gyro_norm,52.162,0.6155559085967524
gyro_norm,52.211,0.3067396440120547
gyro_norm,52.278,0.3681832852475479
gyro_norm,52.314,0.30514431366891115
gyro_norm,52.36,0.21852642181710702
gyro_norm,52.41,0.2857968279410165
gyro_norm,52.46,0.5224593301902988
gyro_norm,52.51,0.3114726931411221
gyro_norm,52.56,1.1013886538318027
gyro_norm,52.611,0.41508773909577934
gyro_norm,52.659,0.3839856074429001
gyro_norm,52.709,0.5420209787431309
gyro_norm,52.759,0.5326965253424722
gyro_norm,52.808,0.5036774915448966
gyro_norm,52.858,0.4162740669329629
gyro_norm,52.913,0.1592774420808873
gyro_norm,52.958,0.31570648340840585
gyro_norm,53.007,0.27436712717537376
gyro_norm,53.057,0.16770112162751602
gyro_norm,53.107,0.46346915815319495
gyro_norm,53.157,0.4097325833889596
gyro_norm,53.224,0.6083874277590928
gyro_norm,53.256,0.4512103916199783
gyro_norm,53.306,0.6730629454119404
gyro_norm,53.356,0.2767388511504038
gyro_norm,53.406,0.39018027999957383
gyro_norm,53.455,0.3373122468490083
gyro_norm,53.523,0.3160130070534822
gyro_norm,53.555,0.3774824783677925
gyro_norm,53.605,0.2708493976078785
gyro_norm,53.655,0.2993929564163056
gyro_norm,53.704,0.152544580079397
gyro_norm,53.754,0.5127845002304633
gyro_norm,53.82,0.9828261384615417
gyro_norm,53.853,0.33079267693201947
gyro_norm,53.903,0.3478546564682789
gyro_norm,53.953,0.40396390928358755
gyro_norm,54.003,0.6366463555152824
gyro_norm,54.053,0.687017198834898
gyro_norm,54.117,0.17467500516857118
gyro_norm,54.152,0.5402868849344463
gyro_norm,54.202,0.21048009054272926
gyro_norm,54.252,0.5400005126802827
gyro_norm,54.301,1.3064745406600344
gyro_norm,54.351,0.6351947337623683
gyro_norm,54.418,0.23053072634618407
gyro_norm,54.451,0.3550779676457876
gyro_norm,54.501,0.40725251868132395
gyro_norm,54.55,0.2156059652019663
gyro_norm,54.6,0.15082359684567612
gyro_norm,54.65,0.461469859394242
gyro_norm,54.719,0.2120259025737507
gyro_norm,54.749,0.19986106021056982
gyro_norm,54.799,0.46489123290543466
gyro_norm,54.849,0.48156091269452955
gyro_norm,54.899,0.35463990586357125
gyro_norm,54.948,0.4809339075980391
gyro_norm,55.014,0.4830995094934694
gyro_norm,55.048,0.7749070266813519
gyro_norm,55.111,0.4529413040436563
gyro_norm,55.147,0.562878974143745
gyro_norm,55.197,0.6901318643334816
gyro_norm,55.247,0.29214221857368317
gyro_norm,55.313,0.2114775157876272
gyro_norm,55.346,0.22707406348932205
gyro_norm,55.396,0.6829127953120678
gyro_norm,55.446,0.9111613908470595
gyro_norm,55.51,0.9186515034734177
gyro_norm,55.546,0.1542826704993283
gyro_norm,55.61,0.270996642843711
gyro_norm,55.645,0.3551057287446945
gyro_norm,55.695,0.06360615640905849
gyro_norm,55.749,0.1783757051114042
gyro_norm,55.794,0.198892779898491
gyro_norm,55.844,0.14487135017035724
gyro_norm,55.908,0.1065305494053911
gyro_norm,55.944,0.48698408059124243
gyro_norm,55.993,0.5120946598548664
gyro_norm,56.061,0.5534219541631749
gyro_norm,56.093,0.6654288174995726
gyro_norm,56.143,0.5911979661461533
gyro_norm,56.219,0.3366522486743008
gyro_norm,56.242,0.2940815217772169
gyro_norm,56.292,0.5432010363355633
gyro_norm,56.342,0.3412689922190859
gyro_norm,56.392,0.16565529715099958
gyro_norm,56.441,0.34421182398657696
gyro_norm,56.505,0.2148271558972908
gyro_norm,56.541,0.38191855475219094
gyro_norm,56.591,0.3932046602566876
gyro_norm,56.64,0.5322329190612696
gyro_norm,56.695,0.42085504035355764
gyro_norm,56.74,0.14410696583469243
gyro_norm,56.808,0.22427856920842143
gyro_norm,56.839,0.21348342950889132
gyro_norm,56.889,0.42420557478508314
gyro_norm,56.939,0.7322923262959253
gyro_norm,57.003,0.6641455586029119
gyro_norm,57.038,0.7031617190163855
gyro_norm,57.102,0.9258389503134412
gyro_norm,57.138,1.0686306880451026
gyro_norm,57.188,1.1328737276933556
gyro_norm,57.238,1.4757343364075706
gyro_norm,57.287,0.6290823997361635
gyro_norm,57.337,1.2807599755950674
gyro_norm,57.39,0.930261450708501
gyro_norm,57.437,0.7799143288463051
gyro_norm,57.486,1.0547155575380538
gyro_norm,57.536,0.5789417106513769
gyro_norm,57.586,0.48693867248932576
gyro_norm,57.641,0.36112261440332694
gyro_norm,57.688,0.20343228993637713
gyro_norm,57.735,0.1513630724525511
gyro_norm,57.785,0.10409441055812088
gyro_norm,57.835,0.20778847367739334
gyro_norm,57.885,0.20560851402870906
gyro_norm,57.951,0.6157933955421531
gyro_norm,57.989,0.7205120420865997
gyro_norm,58.034,0.1745771750383917
gyro_norm,58.083,0.1540976145445341
gyro_norm,58.133,0.18055872383351618
gyro_norm,58.183,0.04048446443409551
gyro_norm,58.233,0.0620101777564332
gyro_norm,58.284,0.05094074259843849
gyro_norm,58.332,0.14421738170089593
gyro_norm,58.402,0.09849035897517701
gyro_norm,58.432,0.07398144998768705
gyro_norm,58.482,0.15299593323348995
gyro_norm,58.532,0.16346698511629587
gyro_norm,58.584,0.17918350209475128
gyro_norm,58.631,0.1419749100208133
gyro_norm,58.681,0.18971889926986937
gyro_norm,58.731,0.14113414326121365
gyro_norm,58.78,0.21264494439851017
gyro_norm,58.83,0.22821772296476564
gyro_norm,58.896,0.3129768599493324
gyro_norm,58.93,0.1890623831948315
gyro_norm,58.979,0.16154701030236313
gyro_norm,59.029,0.07453575695433347
gyro_norm,59.079,0.0834932203269988
gyro_norm,59.129,0.15493431684735806
gyro_norm,59.195,0.15627771880942073
gyro_norm,59.228,0.09466718024524244
gyro_norm,59.278,0.04368359878674053
gyro_norm,59.328,0.2975125009732254
gyro_norm,59.378,0.20081102497391348
gyro_norm,59.428,0.083241161474744
