sensor,time_s,value
dynamic_accel,0.001,0.11925722853913356
dynamic_accel,0.051,-0.28626759159057436
dynamic_accel,0.101,-0.013132748680321882
dynamic_accel,0.151,0.16712059327292295
dynamic_accel,0.201,0.3785025192223017
dynamic_accel,0.251,-0.23050009707118768
dynamic_accel,0.301,-0.2541044103414567
dynamic_accel,0.351,-0.29815090381787535
dynamic_accel,0.401,0.09689546861082832
dynamic_accel,0.451,-0.1732118624175314
dynamic_accel,0.501,0.13536506695203343
dynamic_accel,0.551,-0.23068308203241195
dynamic_accel,0.601,0.44027688494530004
dynamic_accel,0.651,0.5883952824458802
dynamic_accel,0.701,1.6718344015048867
dynamic_accel,0.751,-0.20842146652457316
dynamic_accel,0.801,-0.907543428392378
dynamic_accel,0.851,-0.21671978439600004
dynamic_accel,0.901,-0.6511613520367696
dynamic_accel,0.951,-0.3387788575863837
dynamic_accel,1.001,-0.2702165656510669
dynamic_accel,1.051,-0.5122069498901602
dynamic_accel,1.101,-0.640465879562603
dynamic_accel,1.151,-0.1436372286338905
dynamic_accel,1.201,0.135554640276343
dynamic_accel,1.251,0.35302123214490244
dynamic_accel,1.301,0.10720617869800542
dynamic_accel,1.351,-0.5572952437209207
dynamic_accel,1.401,-0.43792142060130246
dynamic_accel,1.451,-0.150893228653608
dynamic_accel,1.501,0.6146191394845051
dynamic_accel,1.551,1.6359742616053197
dynamic_accel,1.601,1.7530225246798157
dynamic_accel,1.651,1.2693720803023751
dynamic_accel,1.701,2.4226902384302953
dynamic_accel,1.751,1.1537746470843278
dynamic_accel,1.801,-1.3117510558069014
dynamic_accel,1.851,-2.591947971036359
dynamic_accel,1.901,-2.9377328400094926
dynamic_accel,1.951,-3.276390973362968
dynamic_accel,2.001,-2.5975493810993653
dynamic_accel,2.051,-1.1554195918715227
dynamic_accel,2.101,0.5335416435317448
dynamic_accel,2.151,1.5948147770730063
dynamic_accel,2.201,2.958245281220714
dynamic_accel,2.251,3.309421510471184
dynamic_accel,2.301,3.6009750058224608
dynamic_accel,2.351,3.2490643118430693
dynamic_accel,2.401,-0.13472296795553973
dynamic_accel,2.451,-0.5761400815717952
dynamic_accel,2.501,-1.3140153144859088
dynamic_accel,2.551,-5.659967187014405
dynamic_accel,2.601,-4.1370351577868085
dynamic_accel,2.651,-2.5223740989482293
dynamic_accel,2.701,0.12529419675391118
dynamic_accel,2.751,1.257850238000584
dynamic_accel,2.801,1.7433496216042297
dynamic_accel,2.851,3.0668015795365875
dynamic_accel,2.901,3.4949417271359557
dynamic_accel,2.951,2.69585258013705
dynamic_accel,3.001,0.05412280620183907
dynamic_accel,3.051,-1.4993296378418766
dynamic_accel,3.101,-3.8588504409054805
dynamic_accel,3.151,-3.092873162135053
dynamic_accel,3.201,-1.6265422975210786
dynamic_accel,3.251,-0.3569887770255473
dynamic_accel,3.301,1.542826671600766
dynamic_accel,3.351,2.5018000704655474
dynamic_accel,3.401,1.2155525126658002
dynamic_accel,3.451,2.4010196702602524
dynamic_accel,3.501,-1.3427499859351872
dynamic_accel,3.551,1.0442466069558325
dynamic_accel,3.601,-0.9850278073568539
dynamic_accel,3.651,-1.4629721090279801
dynamic_accel,3.701,-2.817758680005788
dynamic_accel,3.751,-3.042546678355003
dynamic_accel,3.801,-0.916179971416641
dynamic_accel,3.851,1.5622143923951217
dynamic_accel,3.901,2.290799497722455
dynamic_accel,3.951,2.499618802832863
dynamic_accel,4.001,3.6074014606299585
dynamic_accel,4.051,1.6578061726827027
dynamic_accel,4.101,-0.09773513370996945
dynamic_accel,4.151,0.8662756921758277
dynamic_accel,4.201,-0.6861076347809707
dynamic_accel,4.251,-4.377270625198854
dynamic_accel,4.301,-5.3142205725131
dynamic_accel,4.351,-3.671816977833058
dynamic_accel,4.401,-0.9930479119772269
dynamic_accel,4.451,1.174195319389142
dynamic_accel,4.501,2.3573301932876856
dynamic_accel,4.551,3.740866267035301
dynamic_accel,4.601,4.950972629832066
dynamic_accel,4.651,4.460226588299271
dynamic_accel,4.701,1.4996408741415959
dynamic_accel,4.751,0.917686132436458
dynamic_accel,4.801,-3.50398857834569
dynamic_accel,4.851,-4.66578469397686
dynamic_accel,4.901,-3.277606789762019
dynamic_accel,4.951,-4.55875869929418
dynamic_accel,5.001,-2.4690650212015273
dynamic_accel,5.051,-0.9438735479095683
dynamic_accel,5.101,0.9152299178892243
dynamic_accel,5.151,3.015896713052909
dynamic_accel,5.201,6.281029092906479
dynamic_accel,5.251,5.150488451165186
dynamic_accel,5.301,2.0760527742149417
dynamic_accel,5.351,-5.0799815063097755
dynamic_accel,5.401,-4.734481088610176
dynamic_accel,5.451,-3.0209285271339015
dynamic_accel,5.501,0.2892491056254478
dynamic_accel,5.551,1.2308110740961453
dynamic_accel,5.601,2.7099296539747595
dynamic_accel,5.651,4.345368502068315
dynamic_accel,5.701,1.7851616988903753
dynamic_accel,5.751,4.141806974756676
dynamic_accel,5.801,-0.7039043783194998
dynamic_accel,5.851,-3.549624949033297
dynamic_accel,5.901,-3.3754531439823525
dynamic_accel,5.951,-3.5147532915788178
dynamic_accel,6.001,-3.2667598257383643
dynamic_accel,6.051,-1.1153782915377377
dynamic_accel,6.101,-0.7330919864133829
dynamic_accel,6.151,0.33439024067325285
dynamic_accel,6.201,4.706728747666839
dynamic_accel,6.251,1.7316371610411938
dynamic_accel,6.301,2.2412982845914584
dynamic_accel,6.351,1.0460920963955544
dynamic_accel,6.401,0.4290211304069249
dynamic_accel,6.451,-2.4484080275143
dynamic_accel,6.501,-1.8679770749570093
dynamic_accel,6.551,-2.010809995034199
dynamic_accel,6.601,-0.656153985282554
dynamic_accel,6.651,0.38574589522573355
dynamic_accel,6.701,-0.08604199361746367
dynamic_accel,6.751,0.6316158775545766
dynamic_accel,6.801,2.14605084383372
dynamic_accel,6.851,2.4168169957437975
dynamic_accel,6.901,0.6865015246274186
dynamic_accel,6.951,-1.5234072307812134
dynamic_accel,7.001,0.5831287712768649
dynamic_accel,7.051,-1.0721774392555883
dynamic_accel,7.101,-2.43797242385343
dynamic_accel,7.151,-1.6442567392141498
dynamic_accel,7.201,0.6488608602425092
dynamic_accel,7.251,1.167126117612911
dynamic_accel,7.301,0.3614544440440195
dynamic_accel,7.351,1.2207000388875286
dynamic_accel,7.401,-0.07810517872734835
dynamic_accel,7.451,-0.15152041968820384
dynamic_accel,7.501,1.2329545199014564
dynamic_accel,7.551,-0.22782105205754988
dynamic_accel,7.601,-1.2362168518636327
dynamic_accel,7.651,0.12693867990500785
dynamic_accel,7.701,-0.2750900837719801
dynamic_accel,7.751,-0.10672056720449596
dynamic_accel,7.801,-0.03524082854871402
dynamic_accel,7.851,0.11688851291989621
dynamic_accel,7.901,0.4281650042397409
dynamic_accel,7.951,-0.24366094907716018
dynamic_accel,8.001,-0.10593604342677665
dynamic_accel,8.051,-0.06408984967753817
dynamic_accel,8.101,0.046729384522699036
dynamic_accel,8.151,-0.22477306376783268
dynamic_accel,8.201,-0.20995130491795955
dynamic_accel,8.251,-0.21412434888065413
dynamic_accel,8.301,-0.48644546369440356
dynamic_accel,8.351,-0.6523435851250401
dynamic_accel,8.401,-0.7176932835112737
dynamic_accel,8.451,0.13199684555241298
dynamic_accel,8.501,0.5715612842068065
dynamic_accel,8.551,0.570169681450837
dynamic_accel,8.601,1.5398805352876792
dynamic_accel,8.651,1.6047293034300942
dynamic_accel,8.701,1.342832439955549
dynamic_accel,8.751,2.4166310716007082
dynamic_accel,8.801,-1.4538675942130634
dynamic_accel,8.851,-2.639370409079932
dynamic_accel,8.901,-0.8583717394718953
dynamic_accel,8.951,-0.849507990880296
dynamic_accel,9.001,-1.512172990777655
dynamic_accel,9.051,-1.1067155129596689
dynamic_accel,9.101,-1.546880732955719
dynamic_accel,9.151,-0.6650405150483678
dynamic_accel,9.201,0.7402023496422139
dynamic_accel,9.251,2.5682831877675234
dynamic_accel,9.301,5.214562344270533
dynamic_accel,9.351,1.199331602114409
dynamic_accel,9.401,0.7769021838542152
dynamic_accel,9.451,-0.05174737384032113
dynamic_accel,9.501,0.19110452295629976
dynamic_accel,9.551,-1.6744874040387066
dynamic_accel,9.601,-2.616514141952954
dynamic_accel,9.651,-2.9480189276542674
dynamic_accel,9.701,-1.8270227279590312
dynamic_accel,9.751,-1.1636109767647085
dynamic_accel,9.801,-1.0192365757691935
dynamic_accel,9.851,-1.223373512262743
dynamic_accel,9.901,1.570971525599985
dynamic_accel,9.951,1.1702834538141307
dynamic_accel,10.001,5.423621708361772
dynamic_accel,10.051,3.1921017997555783
dynamic_accel,10.101,0.5195145515776627
dynamic_accel,10.151,-0.7987785704558714
dynamic_accel,10.201,-2.97009471644511
dynamic_accel,10.251,-2.401194910634409
dynamic_accel,10.301,-1.4199802759657842
dynamic_accel,10.351,-0.5547868057451826
dynamic_accel,10.401,-1.1439939042318343
dynamic_accel,10.451,0.6435179621196134
dynamic_accel,10.501,2.6487810239605647
dynamic_accel,10.551,4.950949618394045
dynamic_accel,10.601,3.4954641930990302
dynamic_accel,10.651,-0.03645587535600825
dynamic_accel,10.701,-3.4547071732160974
dynamic_accel,10.751,-5.196220162658805
dynamic_accel,10.801,-4.491990863537601
dynamic_accel,10.851,-1.9231810427487197
dynamic_accel,10.901,1.4842706310446605
dynamic_accel,10.951,0.9728117443266502
dynamic_accel,11.001,1.9768124558933824
dynamic_accel,11.051,2.6157725033694756
dynamic_accel,11.101,3.9502213289681354
dynamic_accel,11.151,4.725240180259293
dynamic_accel,11.201,0.31218991351706293
dynamic_accel,11.251,-0.8200261223811189
dynamic_accel,11.301,-3.549416935132558
dynamic_accel,11.351,-4.274148672803594
dynamic_accel,11.401,-2.01956699988809
dynamic_accel,11.451,-1.4367768710344908
dynamic_accel,11.501,-1.4341167791869758
dynamic_accel,11.551,0.06454159555776329
dynamic_accel,11.601,0.9566345782359118
dynamic_accel,11.651,3.69143172742889
dynamic_accel,11.701,5.675440711765772
dynamic_accel,11.751,1.2685551694432835
dynamic_accel,11.801,-1.7398342739675563
dynamic_accel,11.851,-5.632960133727271
dynamic_accel,11.901,-5.098787623687156
dynamic_accel,11.951,-1.889212747550932
dynamic_accel,12.001,0.35328341097989124
dynamic_accel,12.051,2.0148083154636183
dynamic_accel,12.101,4.1041969451682245
dynamic_accel,12.151,3.1912281935603204
dynamic_accel,12.201,1.4739706819454863
dynamic_accel,12.251,5.943607039248864
dynamic_accel,12.301,0.07423500138135175
dynamic_accel,12.351,-2.243947297009864
dynamic_accel,12.401,-3.224035922957043
dynamic_accel,12.451,-5.066519931546009
dynamic_accel,12.501,-3.3023690852904295
dynamic_accel,12.551,-1.715633326659935
dynamic_accel,12.601,-2.0769181529011576
dynamic_accel,12.651,1.270002242880123
dynamic_accel,12.701,2.2717095334692825
dynamic_accel,12.751,6.8303496304710425
dynamic_accel,12.801,4.905320905317543
dynamic_accel,12.851,1.8788061942156045
dynamic_accel,12.901,-2.403796198446943
dynamic_accel,12.951,-5.015429920568427
dynamic_accel,13.001,-4.131554742605416
dynamic_accel,13.051,-2.5915874594638053
dynamic_accel,13.101,-0.8032822124402461
dynamic_accel,13.151,1.2189782550334929
dynamic_accel,13.201,2.283893073566741
dynamic_accel,13.251,0.7999420192499063
dynamic_accel,13.301,7.1199666815625395
dynamic_accel,13.351,0.2966134847112034
dynamic_accel,13.401,0.39942326620529656
dynamic_accel,13.451,-1.4128758622181294
dynamic_accel,13.501,-2.9999934846919993
dynamic_accel,13.551,-3.0748777363251847
dynamic_accel,13.601,-1.0824472667278684
dynamic_accel,13.651,-1.0780208457992835
dynamic_accel,13.701,-1.5061867537590725
dynamic_accel,13.751,-0.05860655636804424
dynamic_accel,13.801,1.7799782915597149
dynamic_accel,13.851,3.616644526695506
dynamic_accel,13.901,3.6452880801919623
dynamic_accel,13.951,2.8576293145765117
dynamic_accel,14.001,-2.598287282758008
dynamic_accel,14.051,-4.5880105762598395
dynamic_accel,14.101,-4.030461933868613
dynamic_accel,14.151,-2.2987778800321497
dynamic_accel,14.201,1.108118199330601
dynamic_accel,14.251,1.1879050147830963
dynamic_accel,14.301,1.3457715676099067
dynamic_accel,14.351,2.336312820885727
dynamic_accel,14.401,2.105690440215989
dynamic_accel,14.451,7.183668185959945
dynamic_accel,14.501,0.8419367591241933
dynamic_accel,14.551,0.4888229280080054
dynamic_accel,14.601,-2.0227873789301167
dynamic_accel,14.651,-4.563390400348909
dynamic_accel,14.701,-5.688191459381968
dynamic_accel,14.751,-4.565282139822103
dynamic_accel,14.801,-4.022397263615653
dynamic_accel,14.851,-1.040662275329037
dynamic_accel,14.901,2.971199456281729
dynamic_accel,14.951,3.718786562148937
dynamic_accel,15.001,9.026202670664967
dynamic_accel,15.051,3.0951261907262584
dynamic_accel,15.101,0.7032807576408935
dynamic_accel,15.151,-2.51388368233522
dynamic_accel,15.201,-2.803898987968827
dynamic_accel,15.251,-0.12283728860355936
dynamic_accel,15.301,-0.5480606682298266
dynamic_accel,15.351,-1.0512486577408051
dynamic_accel,15.401,-0.37798479905480065
dynamic_accel,15.451,2.3797308446463923
dynamic_accel,15.501,-0.5762805352833134
dynamic_accel,15.551,2.0601995066253362
dynamic_accel,15.601,-0.9269238477655026
dynamic_accel,15.651,-2.1848902101452685
dynamic_accel,15.701,-2.287742034198902
dynamic_accel,15.751,-2.2769060468328783
dynamic_accel,15.801,-1.1533147970951205
dynamic_accel,15.851,0.6202162252484431
dynamic_accel,15.901,0.4716935148457022
dynamic_accel,15.951,1.7776928018211287
dynamic_accel,16.001,2.9509434729198905
dynamic_accel,16.051,1.781970718132678
dynamic_accel,16.101,1.383292374774955
dynamic_accel,16.151,0.8489922959782561
dynamic_accel,16.201,1.289788455876483
dynamic_accel,16.251,-2.2549905045703538
dynamic_accel,16.301,-4.397166644810233
dynamic_accel,16.351,-4.146495983332151
dynamic_accel,16.401,-2.2850054908769586
dynamic_accel,16.451,0.3055237964972157
dynamic_accel,16.501,0.46380564462044127
dynamic_accel,16.551,0.3775664337336746
dynamic_accel,16.601,1.4061817080208403
dynamic_accel,16.651,2.9864182619220294
dynamic_accel,16.701,1.368946731885508
dynamic_accel,16.751,5.625513789235695
dynamic_accel,16.801,0.3655244104838431
dynamic_accel,16.851,-0.21727043468968965
dynamic_accel,16.901,-0.5434647073101466
dynamic_accel,16.951,-2.6534617400177707
dynamic_accel,17.001,-2.9563807205261297
dynamic_accel,17.051,-2.538516660023177
dynamic_accel,17.101,-1.4925235960106367
dynamic_accel,17.151,-0.3386876040742557
dynamic_accel,17.201,1.105662842616411
dynamic_accel,17.251,1.0479990000078931
dynamic_accel,17.301,2.5409067709410973
dynamic_accel,17.351,1.8458996743794618
dynamic_accel,17.401,2.90842468175747
dynamic_accel,17.451,1.1654041199126386
dynamic_accel,17.501,0.7200274771554298
dynamic_accel,17.551,-2.5437117455429465
dynamic_accel,17.601,-3.80990064039296
dynamic_accel,17.651,-2.4239140087875874
dynamic_accel,17.701,-1.569257639513964
dynamic_accel,17.751,-0.1278337664710456
dynamic_accel,17.801,0.1495435333070141
dynamic_accel,17.851,1.3650688514560123
dynamic_accel,17.901,2.384228619177378
dynamic_accel,17.951,2.7541684364719448
dynamic_accel,18.001,1.7190451615373838
dynamic_accel,18.051,0.279479255576188
dynamic_accel,18.101,-1.9290748543124163
dynamic_accel,18.151,-2.533527676614308
dynamic_accel,18.201,-2.442764218991784
dynamic_accel,18.251,-2.123595228060946
dynamic_accel,18.301,-0.6374118092250605
dynamic_accel,18.351,0.7100522350667315
dynamic_accel,18.401,0.9395540718430944
dynamic_accel,18.451,1.3175736812683478
dynamic_accel,18.501,4.109984044644817
dynamic_accel,18.551,2.400572529324581
dynamic_accel,18.601,1.6078285425016325
dynamic_accel,18.651,0.8559598334629381
dynamic_accel,18.701,0.1119122329422666
dynamic_accel,18.751,-4.108048004744657
dynamic_accel,18.801,-5.391873886596352
dynamic_accel,18.851,-4.085001508219173
dynamic_accel,18.901,-2.5841559635222895
dynamic_accel,18.951,-0.06334647927594794
dynamic_accel,19.001,0.8503662504357017
dynamic_accel,19.051,2.506108429972924
dynamic_accel,19.101,3.1468984921975807
dynamic_accel,19.151,8.716809538448224
dynamic_accel,19.201,2.833129834169112
dynamic_accel,19.251,0.006059418586330523
dynamic_accel,19.301,-1.8774224000997126
dynamic_accel,19.351,-3.6912000012716177
dynamic_accel,19.401,-4.169602475762605
dynamic_accel,19.451,-2.7209662034228836
dynamic_accel,19.501,-1.3889686111865398
dynamic_accel,19.551,-1.2347531246147838
dynamic_accel,19.601,1.4265089024792523
dynamic_accel,19.651,3.487795636066945
dynamic_accel,19.701,3.337103656483219
dynamic_accel,19.751,3.2048050473638785
dynamic_accel,19.801,2.4845302377955836
dynamic_accel,19.851,-1.501143597016732
dynamic_accel,19.901,-6.035257084651482
dynamic_accel,19.951,-5.127208334927247
dynamic_accel,20.001,-3.270490426253711
dynamic_accel,20.051,-0.7459912007936733
dynamic_accel,20.101,2.58284140399536
dynamic_accel,20.151,2.4473792816108233
dynamic_accel,20.201,3.154457437846535
dynamic_accel,20.251,3.2030841459787958
dynamic_accel,20.301,6.7660605602674
dynamic_accel,20.351,0.2939253568711937
dynamic_accel,20.401,-0.7811005268120308
dynamic_accel,20.451,-2.8817724950444683
dynamic_accel,20.501,-5.399972990969965
dynamic_accel,20.551,-4.6024906537276
dynamic_accel,20.601,-2.211823022534592
dynamic_accel,20.651,-1.7026875501775187
dynamic_accel,20.701,0.35852483206229735
dynamic_accel,20.751,3.382567906444292
dynamic_accel,20.801,3.059170542305715
dynamic_accel,20.851,7.873025172065601
dynamic_accel,20.901,2.6538098675440303
dynamic_accel,20.951,-2.726099438094991
dynamic_accel,21.001,-5.666589543952561
dynamic_accel,21.051,-4.0136610986635235
dynamic_accel,21.101,-3.0293523325343914
dynamic_accel,21.151,-0.9578912136131823
dynamic_accel,21.201,0.847189180142939
dynamic_accel,21.251,1.0937676504621834
dynamic_accel,21.301,3.3414935907283745
dynamic_accel,21.351,3.9515704248086436
dynamic_accel,21.401,4.45899843202295
dynamic_accel,21.451,2.6658251708728855
dynamic_accel,21.501,-2.0344335429853615
dynamic_accel,21.551,-3.027302230485934
dynamic_accel,21.601,-3.569243607070418
dynamic_accel,21.651,-3.6690276327201765
dynamic_accel,21.701,-1.2052061029891963
dynamic_accel,21.751,-0.32128892795264896
dynamic_accel,21.801,-0.35199272343283816
dynamic_accel,21.851,3.2562411471491597
dynamic_accel,21.901,0.34448027532563685
dynamic_accel,21.951,2.8472795024988002
dynamic_accel,22.001,3.8359504172696575
dynamic_accel,22.051,-0.08661214832305575
dynamic_accel,22.101,-4.884243274426292
dynamic_accel,22.151,-4.197899900141188
dynamic_accel,22.201,-1.067375863574945
dynamic_accel,22.251,1.4247425948728978
dynamic_accel,22.301,3.18284342234646
dynamic_accel,22.351,0.9423197765130205
dynamic_accel,22.401,0.8687803423504104
dynamic_accel,22.451,-0.13372333259097147
dynamic_accel,22.501,3.333355593971387
dynamic_accel,22.551,-0.21731405917559243
dynamic_accel,22.601,-1.2337843240419577
dynamic_accel,22.651,-2.1591824092623586
dynamic_accel,22.701,-2.8629259958593147
dynamic_accel,22.751,-1.7489794099083618
dynamic_accel,22.801,-0.8876567851801909
dynamic_accel,22.851,-0.10674041820273494
dynamic_accel,22.901,-0.04500317587020497
dynamic_accel,22.951,2.6930953733923015
dynamic_accel,23.001,3.4462990312320994
dynamic_accel,23.051,3.180400158366295
dynamic_accel,23.101,1.6554427300737444
dynamic_accel,23.151,-1.4306950422288534
dynamic_accel,23.201,-4.299434662715799
dynamic_accel,23.251,-5.893207043284427
dynamic_accel,23.301,-4.292111849374006
dynamic_accel,23.351,0.1362890815668205
dynamic_accel,23.401,3.0149991510983263
dynamic_accel,23.451,3.4745638243597803
dynamic_accel,23.501,4.06919234077942
dynamic_accel,23.551,3.607614205954823
dynamic_accel,23.601,0.9499225741256296
dynamic_accel,23.651,2.518643946132716
dynamic_accel,23.701,-2.308367102952003
dynamic_accel,23.751,-2.2191604255471162
dynamic_accel,23.801,-2.071907288824706
dynamic_accel,23.851,-2.0518946315726563
dynamic_accel,23.901,-2.325536654119345
dynamic_accel,23.951,-1.0966527645448263
dynamic_accel,24.001,-0.2974256605256542
dynamic_accel,24.051,0.10867988995705957
dynamic_accel,24.101,0.9229731531375318
dynamic_accel,24.151,2.0902345131553126
dynamic_accel,24.201,2.6098108577188057
dynamic_accel,24.251,1.6970142800841774
dynamic_accel,24.301,0.9883546455385464
dynamic_accel,24.351,-1.2692954708309188
dynamic_accel,24.401,-2.8944060787885073
dynamic_accel,24.451,-1.6154101684107722
dynamic_accel,24.501,-0.8389381476714117
dynamic_accel,24.551,0.15796192264877185
dynamic_accel,24.601,0.23299536700013057
dynamic_accel,24.651,0.3911765454651057
dynamic_accel,24.701,0.7150308613680565
dynamic_accel,24.751,1.1702760170130375
dynamic_accel,24.801,1.0993197290382781
dynamic_accel,24.851,-0.20247405991367806
dynamic_accel,24.901,0.7880525440058364
dynamic_accel,24.951,-0.13761421480121783
dynamic_accel,25.001,-0.9841733714600345
dynamic_accel,25.051,-0.03573445349772442
dynamic_accel,25.101,-0.7707362869757404
dynamic_accel,25.151,-1.0332429529338967
dynamic_accel,25.201,-0.5774011330853597
dynamic_accel,25.251,0.1196480927272141
dynamic_accel,25.301,0.10274827218746907
dynamic_accel,25.351,0.34671078765479457
dynamic_accel,25.401,-0.1511294788691533
dynamic_accel,25.451,-0.35694604032601696
dynamic_accel,25.501,-0.7011285465223782
dynamic_accel,25.551,-0.0805142748440062
dynamic_accel,25.601,1.2903966921289953
dynamic_accel,25.651,1.2539515079270078
dynamic_accel,25.701,2.083851398152225
dynamic_accel,25.751,1.973328187928562
dynamic_accel,25.801,1.116641795800886
dynamic_accel,25.851,-2.6728100297642703
dynamic_accel,25.901,-4.779585405845427
dynamic_accel,25.951,-3.432851053904418
dynamic_accel,26.001,-2.4547516937432174
dynamic_accel,26.051,-0.9370586080391412
dynamic_accel,26.101,0.7754886708227797
dynamic_accel,26.151,2.068758223008464
dynamic_accel,26.201,3.7649199561504627
dynamic_accel,26.251,4.3826890736409805
dynamic_accel,26.301,6.362399474927736
dynamic_accel,26.351,0.27491491118455436
dynamic_accel,26.401,0.023237906639616668
dynamic_accel,26.451,-2.1011375268950534
dynamic_accel,26.501,-2.484100297459687
dynamic_accel,26.551,-3.4701464746478576
dynamic_accel,26.601,-3.4053329873622182
dynamic_accel,26.651,-1.3942912616411984
dynamic_accel,26.701,-0.6999627257863992
dynamic_accel,26.751,2.2847180230537667
dynamic_accel,26.801,3.023234851338321
dynamic_accel,26.851,-0.009099451772341283
dynamic_accel,26.901,1.4134755072404221
dynamic_accel,26.951,1.1370124917561792
dynamic_accel,27.001,-0.99969372799446
dynamic_accel,27.051,-2.741233544152263
dynamic_accel,27.101,-1.627847617633991
dynamic_accel,27.151,-0.671864363280056
dynamic_accel,27.201,-0.43892595346988905
dynamic_accel,27.251,0.7805757291371478
dynamic_accel,27.301,0.16287740748096446
dynamic_accel,27.351,1.173959594616571
dynamic_accel,27.401,1.6070194909944462
dynamic_accel,27.451,0.7636151415747445
dynamic_accel,27.501,0.39372025515597286
dynamic_accel,27.551,0.20624805146079161
dynamic_accel,27.601,-0.3215313479577784
dynamic_accel,27.651,-1.004011230680499
dynamic_accel,27.701,-0.015984875773208174
dynamic_accel,27.751,-0.2607789618208223
dynamic_accel,27.801,-0.4332539653665517
dynamic_accel,27.851,0.14700817492223983
dynamic_accel,27.901,0.07957302228949992
dynamic_accel,27.951,-0.27310084829017
dynamic_accel,28.001,-0.7812035336954768
dynamic_accel,28.051,-1.0764650722403744
dynamic_accel,28.101,-0.03984751830321187
dynamic_accel,28.151,0.09402940547191818
dynamic_accel,28.201,0.26125109496781107
dynamic_accel,28.251,0.03157947569289199
dynamic_accel,28.301,0.5298076699052121
dynamic_accel,28.351,0.6657638066233709
dynamic_accel,28.401,1.183579468354182
dynamic_accel,28.451,1.5946713309747729
dynamic_accel,28.501,2.202837776201111
dynamic_accel,28.551,-0.38074177761855665
dynamic_accel,28.601,0.8174473983505166
dynamic_accel,28.651,0.03385935856915978
dynamic_accel,28.701,-1.8693529917496887
dynamic_accel,28.751,-1.750289144291994
dynamic_accel,28.801,-2.2991487596424545
dynamic_accel,28.851,-2.5174541373587775
dynamic_accel,28.901,-2.257742740323091
dynamic_accel,28.951,-1.7278335241114373
dynamic_accel,29.001,-1.5727019775467674
dynamic_accel,29.051,0.472648551165781
dynamic_accel,29.101,3.7722307001920647
dynamic_accel,29.151,8.112169512895559
dynamic_accel,29.201,5.852562937498211
dynamic_accel,29.251,1.2387875110062332
dynamic_accel,29.301,-1.0317074365950294
dynamic_accel,29.351,-2.4383666626929337
dynamic_accel,29.401,-4.6473142472960856
dynamic_accel,29.451,-4.5146323767814325
dynamic_accel,29.501,-3.613865654742826
dynamic_accel,29.551,-2.7177268519205624
dynamic_accel,29.601,-0.9088063467233525
dynamic_accel,29.651,1.0219187377913297
dynamic_accel,29.701,4.182879325464713
dynamic_accel,29.751,5.779145460551094
dynamic_accel,29.801,6.747030272315916
dynamic_accel,29.851,2.4714612127263855
dynamic_accel,29.901,-3.0159001277571997
dynamic_accel,29.951,-6.041483094927874
dynamic_accel,30.001,-5.497238240165099
dynamic_accel,30.051,-4.549348737216908
dynamic_accel,30.101,-0.7546273540297062
dynamic_accel,30.151,0.8635911851394198
dynamic_accel,30.201,1.8844873784680107
dynamic_accel,30.251,4.336037389967252
dynamic_accel,30.301,4.315761074244664
dynamic_accel,30.351,7.28062476771483
dynamic_accel,30.401,2.673263237763228
dynamic_accel,30.451,1.7377610732989535
dynamic_accel,30.501,-3.0315911669322713
dynamic_accel,30.551,-4.759098648005558
dynamic_accel,30.601,-4.9695684618573
dynamic_accel,30.651,-5.4649889106854665
dynamic_accel,30.701,-5.830979933285897
dynamic_accel,30.751,-4.38461261277739
dynamic_accel,30.801,0.4613200801080044
dynamic_accel,30.851,-1.402464653313542
dynamic_accel,30.901,8.72443278112478
dynamic_accel,30.951,8.60472197019872
dynamic_accel,31.001,7.826896122363184
dynamic_accel,31.051,-2.548592995837991
dynamic_accel,31.101,-3.410599855577658
dynamic_accel,31.151,-2.27288949757045
dynamic_accel,31.201,-0.4716173062932931
dynamic_accel,31.251,0.09868264301298701
dynamic_accel,31.301,-1.3669926604765
dynamic_accel,31.351,0.6130604389884233
dynamic_accel,31.401,-0.2510691365507203
dynamic_accel,31.451,5.659604814526585
dynamic_accel,31.501,1.456056933710304
dynamic_accel,31.551,-0.3664360220859919
dynamic_accel,31.601,-2.230977993071951
dynamic_accel,31.651,-3.687253766786622
dynamic_accel,31.701,-3.03829606432224
dynamic_accel,31.751,-1.628964969103773
dynamic_accel,31.801,-1.2869679987866025
dynamic_accel,31.851,-0.07278475884093716
dynamic_accel,31.901,1.0376881792111519
dynamic_accel,31.951,1.5480082041369183
dynamic_accel,32.001,2.7476965747683
dynamic_accel,32.051,2.8476564688801087
dynamic_accel,32.101,0.20837868239892998
dynamic_accel,32.151,-0.9536488394692189
dynamic_accel,32.201,-2.4087947370573746
dynamic_accel,32.251,-1.7870035039962335
dynamic_accel,32.301,-0.1157638811132653
dynamic_accel,32.351,0.24227641313798287
dynamic_accel,32.401,0.3725429855296909
dynamic_accel,32.451,0.5304565773389225
dynamic_accel,32.501,1.2060735049842428
dynamic_accel,32.551,0.5629179816478356
dynamic_accel,32.601,0.2234635041633073
dynamic_accel,32.651,1.0622366126821028
dynamic_accel,32.701,0.1538343172154466
dynamic_accel,32.751,-1.4918921372681435
dynamic_accel,32.801,-0.5388861724206251
dynamic_accel,32.851,-0.1713013080963126
dynamic_accel,32.901,-1.3460951956963907
dynamic_accel,32.951,0.468135754279265
dynamic_accel,33.001,-0.005257716787557598
dynamic_accel,33.051,0.4617924958239872
dynamic_accel,33.101,0.7883173019639553
dynamic_accel,33.151,0.2880372609884585
dynamic_accel,33.201,0.5083025423775105
dynamic_accel,33.251,0.14286604513637613
dynamic_accel,33.301,-0.3455336391143007
dynamic_accel,33.351,-0.835783482983846
dynamic_accel,33.401,-1.2287124507805096
dynamic_accel,33.451,-1.645441176050781
dynamic_accel,33.501,-1.2569530196065593
dynamic_accel,33.551,-0.08790909918623946
dynamic_accel,33.601,0.35800929824504024
dynamic_accel,33.651,1.1140167897017808
dynamic_accel,33.701,0.9000177737568453
dynamic_accel,33.751,0.6080599844297812
dynamic_accel,33.801,0.5311730357910527
dynamic_accel,33.851,0.9722416343649183
dynamic_accel,33.901,0.9198097598720967
dynamic_accel,33.951,-0.3740738481049295
dynamic_accel,34.001,2.3170591950895503
dynamic_accel,34.051,1.8162629650672333
dynamic_accel,34.101,-0.9493816593203377
dynamic_accel,34.151,-2.851621253817738
dynamic_accel,34.201,-3.095472820236731
dynamic_accel,34.251,-2.3224089015803813
dynamic_accel,34.301,-0.7091134207116241
dynamic_accel,34.351,0.5985997012437352
dynamic_accel,34.401,0.4528456373474974
dynamic_accel,34.451,0.9558807937138951
dynamic_accel,34.501,2.0135215785494545
dynamic_accel,34.551,1.7323434617032891
dynamic_accel,34.601,0.1078324920145608
dynamic_accel,34.651,4.9632743055532025
dynamic_accel,34.701,1.0676399878890734
dynamic_accel,34.751,-2.858884547160212
dynamic_accel,34.801,-0.4323592287035378
dynamic_accel,34.851,-0.7907045242936306
dynamic_accel,34.901,-3.156370990373495
dynamic_accel,34.951,-2.160202802144373
dynamic_accel,35.001,-1.6897501908393497
dynamic_accel,35.051,-0.4445449994790174
dynamic_accel,35.101,0.4622178928081979
dynamic_accel,35.151,2.2020059386902897
dynamic_accel,35.201,1.5978442305212042
dynamic_accel,35.251,0.11897915296760964
dynamic_accel,35.301,2.74353910389493
dynamic_accel,35.351,-0.9086735295076238
dynamic_accel,35.401,-1.196562458289316
dynamic_accel,35.451,-0.7949186520364311
dynamic_accel,35.501,-1.4865510388182255
dynamic_accel,35.551,-0.10887558470256664
dynamic_accel,35.601,-0.26561735933193553
dynamic_accel,35.651,0.6475488804811071
dynamic_accel,35.701,0.6641023811626656
dynamic_accel,35.751,1.1606433012512056
dynamic_accel,35.801,0.5215612046072025
dynamic_accel,35.851,0.043113439123164454
dynamic_accel,35.901,0.6361360409512411
dynamic_accel,35.951,-0.16458369779670434
dynamic_accel,36.001,-0.6739315782745887
dynamic_accel,36.051,-0.41490720387970903
dynamic_accel,36.101,-0.343527548862566
dynamic_accel,36.151,-0.26601894057193753
dynamic_accel,36.201,-0.15309981153137997
dynamic_accel,36.251,0.43014151503975206
dynamic_accel,36.301,0.15078962023854992
dynamic_accel,36.351,0.2552563705774151
dynamic_accel,36.401,0.437809072024022
dynamic_accel,36.451,0.21852431840005515
dynamic_accel,36.501,-0.4265901951795641
dynamic_accel,36.551,-1.0450384387975475
dynamic_accel,36.601,-1.338464389676565
dynamic_accel,36.651,-0.8331427895693846
dynamic_accel,36.701,-0.30521314781570474
dynamic_accel,36.751,-0.25706195961338096
dynamic_accel,36.801,-0.22194467084984204
dynamic_accel,36.851,-0.9195111828768177
dynamic_accel,36.901,1.9724405270156087
dynamic_accel,36.951,1.8056793246882652
dynamic_accel,37.001,0.7338459929879306
dynamic_accel,37.051,2.3783156459742028
dynamic_accel,37.101,2.8526612321832197
dynamic_accel,37.151,1.3175620460209938
dynamic_accel,37.201,-2.126692538602059
dynamic_accel,37.251,-4.314886648394699
dynamic_accel,37.301,-4.648917434353238
dynamic_accel,37.351,-2.935453721802631
dynamic_accel,37.401,-1.6994751291729369
dynamic_accel,37.451,-0.4495512096732117
dynamic_accel,37.501,1.70720011557124
dynamic_accel,37.551,3.909567954694543
dynamic_accel,37.601,5.503097911672583
dynamic_accel,37.651,6.138218878267049
dynamic_accel,37.701,2.656976956956843
dynamic_accel,37.751,-0.5827741805437299
dynamic_accel,37.801,-0.1845819477291677
dynamic_accel,37.851,-2.412562687220346
dynamic_accel,37.901,-4.2195763881975035
dynamic_accel,37.951,-4.437812368025339
dynamic_accel,38.001,-4.486749411397419
dynamic_accel,38.051,-4.226328068650898
dynamic_accel,38.101,-1.5680928343250011
dynamic_accel,38.151,2.7847777695919067
dynamic_accel,38.201,4.016622626372186
dynamic_accel,38.251,5.982989262663178
dynamic_accel,38.301,6.055116568661651
dynamic_accel,38.351,1.6911230225265221
dynamic_accel,38.401,-2.255557936159361
dynamic_accel,38.451,-4.802676436960995
dynamic_accel,38.501,-5.630310700184247
dynamic_accel,38.551,-3.085823098590481
dynamic_accel,38.601,0.7315787042702322
dynamic_accel,38.651,2.648331270493161
dynamic_accel,38.701,3.902017318240274
dynamic_accel,38.751,4.002958159931389
dynamic_accel,38.801,1.2810328393362855
dynamic_accel,38.851,1.1128259486899967
dynamic_accel,38.901,-2.5605279068243565
dynamic_accel,38.951,-2.6023971077617922
dynamic_accel,39.001,-1.471995273941486
dynamic_accel,39.051,-1.9448805609528144
dynamic_accel,39.101,-1.4464002227510147
dynamic_accel,39.151,-0.4696002728041364
dynamic_accel,39.201,-0.04939040768483771
dynamic_accel,39.251,0.3304258503765247
dynamic_accel,39.301,0.8678213764708573
dynamic_accel,39.351,2.251958901966555
dynamic_accel,39.401,0.6990672670483367
dynamic_accel,39.451,1.2776347816603035
dynamic_accel,39.501,0.40271371256292277
dynamic_accel,39.551,0.2393139009783507
dynamic_accel,39.601,-0.5605307302241567
dynamic_accel,39.651,-1.706487506748065
dynamic_accel,39.701,-1.5394111226465181
dynamic_accel,39.751,-0.28769841079090597
dynamic_accel,39.801,0.49970003835847976
dynamic_accel,39.851,-0.1871869702374518
dynamic_accel,39.901,0.7703250426309278
dynamic_accel,39.951,0.5452405938310498
dynamic_accel,40.001,0.4832208757070866
dynamic_accel,40.051,0.8395765700140423
dynamic_accel,40.101,0.2947890151250654
dynamic_accel,40.151,-0.2790248097722756
dynamic_accel,40.201,-0.33117825520891664
dynamic_accel,40.251,-0.5737526715442325
dynamic_accel,40.301,-0.07331744129789719
dynamic_accel,40.351,-0.43092079025519503
dynamic_accel,40.401,0.024375629164966384
dynamic_accel,40.451,-0.33700566762973594
dynamic_accel,40.501,-0.9366220361245432
dynamic_accel,40.551,-0.9959257864453921
dynamic_accel,40.601,-0.9774387455001676
dynamic_accel,40.651,-1.1465135944430074
dynamic_accel,40.701,-1.2742912282542918
dynamic_accel,40.751,0.2826115042314701
dynamic_accel,40.801,3.624355105600335
dynamic_accel,40.851,2.3188968900655613
dynamic_accel,40.901,2.2344319135641175
dynamic_accel,40.951,3.1149881010054212
dynamic_accel,41.001,0.599962618724529
dynamic_accel,41.051,1.9534156653995627
dynamic_accel,41.101,-1.2603995216598616
dynamic_accel,41.151,-3.1261519382631278
dynamic_accel,41.201,-5.5984769039162225
dynamic_accel,41.251,-5.266147234814471
dynamic_accel,41.301,-3.2857825827687437
dynamic_accel,41.351,-0.5915328840531942
dynamic_accel,41.401,2.2575341821571318
dynamic_accel,41.451,3.1565337164100224
dynamic_accel,41.501,5.241712294100902
dynamic_accel,41.551,4.311863167780974
dynamic_accel,41.601,6.269368403157172
dynamic_accel,41.651,-0.7927539132989452
dynamic_accel,41.701,-2.6921236127318693
dynamic_accel,41.751,-2.5844383049796136
dynamic_accel,41.801,-3.627358144516087
dynamic_accel,41.851,-3.6904467365549136
dynamic_accel,41.901,-2.095152266687787
dynamic_accel,41.951,-1.7098839942387851
dynamic_accel,42.001,-1.10794952128197
dynamic_accel,42.051,1.09131139735055
dynamic_accel,42.101,3.1607022860416727
dynamic_accel,42.151,3.5856443505418394
dynamic_accel,42.201,6.473355336254317
dynamic_accel,42.251,1.6668556138522295
dynamic_accel,42.301,-1.4680269639267092
dynamic_accel,42.351,-3.812129318017286
dynamic_accel,42.401,-3.3386830299621604
dynamic_accel,42.451,-1.683050114443617
dynamic_accel,42.501,-0.5010219905353335
dynamic_accel,42.551,1.83108884546645
dynamic_accel,42.601,1.7107821658344893
dynamic_accel,42.651,1.0727694155070626
dynamic_accel,42.701,1.699536010081193
dynamic_accel,42.751,-0.49276529616302867
dynamic_accel,42.801,0.5134498869278534
dynamic_accel,42.851,-2.904595418779757
dynamic_accel,42.901,-1.372837791613584
dynamic_accel,42.951,-2.326317425397555
dynamic_accel,43.001,-1.8637452966754733
dynamic_accel,43.051,0.37363988276517013
dynamic_accel,43.101,0.2974099890770283
dynamic_accel,43.151,0.5284097477114447
dynamic_accel,43.201,0.6493556485015208
dynamic_accel,43.251,1.838079165642906
dynamic_accel,43.301,2.031622471000963
dynamic_accel,43.351,0.4184934389693016
dynamic_accel,43.401,2.042881261177941
dynamic_accel,43.451,0.803754321111354
dynamic_accel,43.501,-0.7972243630855207
dynamic_accel,43.551,-2.309973519072586
dynamic_accel,43.601,-2.5478069052501136
dynamic_accel,43.651,-1.6590169883496326
dynamic_accel,43.701,-0.2300947745615307
dynamic_accel,43.751,0.9475531558542638
dynamic_accel,43.801,0.02846796384248229
dynamic_accel,43.851,1.1247531382867813
dynamic_accel,43.901,1.6157046578096885
dynamic_accel,43.951,0.07204490088282434
dynamic_accel,44.001,1.62065453179161
dynamic_accel,44.051,0.43427092774550147
dynamic_accel,44.101,-0.6268173067174079
dynamic_accel,44.151,0.018761826103840917
dynamic_accel,44.201,-1.2549510920438731
dynamic_accel,44.251,-0.5971068283630814
dynamic_accel,44.301,-0.4283663342355428
dynamic_accel,44.351,-0.3690378821907139
dynamic_accel,44.401,-0.3852559171230965
dynamic_accel,44.451,0.1859423795139481
dynamic_accel,44.501,0.3143033474225003
dynamic_accel,44.551,0.6151857145851753
dynamic_accel,44.601,0.32629746722395225
dynamic_accel,44.651,-0.08391295750531391
dynamic_accel,44.701,0.2736526290676604
dynamic_accel,44.751,-0.26526129022750666
dynamic_accel,44.801,-0.02676644053237709
dynamic_accel,44.851,-0.41696229081889236
dynamic_accel,44.901,0.012456098625586165
dynamic_accel,44.951,0.34348399546654385
dynamic_accel,45.001,0.04128497570475176
dynamic_accel,45.051,-0.5029224396455856
dynamic_accel,45.101,-0.8710169444794147
dynamic_accel,45.151,-0.2889125233984249
dynamic_accel,45.201,-0.06183888962932116
dynamic_accel,45.251,0.7609319096992149
dynamic_accel,45.301,-0.170243454663753
dynamic_accel,45.351,-0.3927019995735197
dynamic_accel,45.401,1.995174556468644
dynamic_accel,45.451,2.267925405354527
dynamic_accel,45.501,-0.7683314649441613
dynamic_accel,45.551,-2.9579976256237526
dynamic_accel,45.601,-1.9502778343664318
dynamic_accel,45.651,-1.3862748897989388
dynamic_accel,45.701,-0.3398816345216211
dynamic_accel,45.751,0.9254185965556427
dynamic_accel,45.801,0.5600936534336807
dynamic_accel,45.851,2.2863127989834897
dynamic_accel,45.901,2.4025378996714757
dynamic_accel,45.951,2.2773382952573833
dynamic_accel,46.001,4.1054921699321145
dynamic_accel,46.051,-0.8053902256731398
dynamic_accel,46.101,-1.6483424761396304
dynamic_accel,46.151,-2.754880427412659
dynamic_accel,46.201,-3.7164107096187973
dynamic_accel,46.251,-2.4019178043890435
dynamic_accel,46.301,-1.2042866112250739
dynamic_accel,46.351,-0.9596861338775007
dynamic_accel,46.401,-0.05481479890995722
dynamic_accel,46.451,1.8365422947355086
dynamic_accel,46.501,3.443728733090923
dynamic_accel,46.551,1.5008933075740547
dynamic_accel,46.601,4.390291834144977
dynamic_accel,46.651,1.6060422430405392
dynamic_accel,46.701,-1.4446638695145602
dynamic_accel,46.751,-3.8771003482379305
dynamic_accel,46.801,-4.653285376634721
dynamic_accel,46.851,-3.3599703820463187
dynamic_accel,46.901,-1.058245942818365
dynamic_accel,46.951,0.4246651967905901
dynamic_accel,47.001,0.862348076687752
dynamic_accel,47.051,1.8523026744417592
dynamic_accel,47.101,2.5057515776107415
dynamic_accel,47.151,4.587536944947496
dynamic_accel,47.201,4.952546592347337
dynamic_accel,47.251,0.12780005097558345
dynamic_accel,47.301,-1.4811086176283101
dynamic_accel,47.351,-3.7076026537485447
dynamic_accel,47.401,-3.8102372235187225
dynamic_accel,47.451,-1.962322152988989
dynamic_accel,47.501,-2.191110092304303
dynamic_accel,47.551,-1.5546503323009873
dynamic_accel,47.601,-0.20803172514126267
dynamic_accel,47.651,3.051311736957702
dynamic_accel,47.701,2.1485704246283905
dynamic_accel,47.751,5.904794583264133
dynamic_accel,47.801,3.8588544486025995
dynamic_accel,47.851,-0.5306099599507892
dynamic_accel,47.901,-3.118324871839114
dynamic_accel,47.951,-5.3162015068383255
dynamic_accel,48.001,-4.882491618700486
dynamic_accel,48.051,-1.875976853135775
dynamic_accel,48.101,0.6954614647932456
dynamic_accel,48.151,1.1742470765103992
dynamic_accel,48.201,2.4797071931815484
dynamic_accel,48.251,2.92688033635892
dynamic_accel,48.301,4.536708115922984
dynamic_accel,48.351,2.9662866240265267
dynamic_accel,48.401,0.2798501604445427
dynamic_accel,48.451,-0.22937888921249616
dynamic_accel,48.501,-3.1903938065714827
dynamic_accel,48.551,-3.469086275993985
dynamic_accel,48.601,-2.8589088738525454
dynamic_accel,48.651,-2.0471415064958585
dynamic_accel,48.701,-0.6593621487545089
dynamic_accel,48.751,0.11364371698193487
dynamic_accel,48.801,0.9989989839491198
dynamic_accel,48.851,2.3952895449120195
dynamic_accel,48.901,2.031132915892252
dynamic_accel,48.951,1.674109153607624
dynamic_accel,49.001,0.9539120437664614
dynamic_accel,49.051,-0.4894691122148416
dynamic_accel,49.101,-1.7352806884568377
dynamic_accel,49.151,-1.650338066802231
dynamic_accel,49.201,-1.0519492517467945
dynamic_accel,49.251,-0.25645172453640797
dynamic_accel,49.301,0.45501952887990704
dynamic_accel,49.351,-0.047374587812605284
dynamic_accel,49.401,-0.04676039621285355
dynamic_accel,49.451,0.9046791972664785
dynamic_accel,49.501,1.1207100333212328
dynamic_accel,49.551,-0.1391909393447328
dynamic_accel,49.601,1.2256776777756198
dynamic_accel,49.651,0.04602959691171016
dynamic_accel,49.701,-0.5535911116291583
dynamic_accel,49.751,-0.06912758417710663
dynamic_accel,49.801,-0.8768416705241329
dynamic_accel,49.851,-0.13728290766442974
dynamic_accel,49.901,-0.45210973346356376
dynamic_accel,49.951,-0.07292329195404257
dynamic_accel,50.001,0.18394955559359083
dynamic_accel,50.051,-0.6063829484172292
dynamic_accel,50.101,-0.11180606367115331
dynamic_accel,50.151,0.31238396715201944
dynamic_accel,50.201,0.37847702112109616
dynamic_accel,50.251,0.2231179585856058
dynamic_accel,50.301,-0.24671633349440114
dynamic_accel,50.351,-0.33831576282133824
dynamic_accel,50.401,-0.6483303484442917
dynamic_accel,50.451,-0.4950503501876291
dynamic_accel,50.501,-0.013786119258107021
dynamic_accel,50.551,-0.15428690766932185
dynamic_accel,50.601,0.35184409838408115
dynamic_accel,50.651,0.19094584244198742
dynamic_accel,50.701,0.3388953365557814
dynamic_accel,50.751,0.747461991631587
dynamic_accel,50.801,1.4610928542598032
dynamic_accel,50.851,1.0107895296079157
dynamic_accel,50.901,3.6883583018903394
dynamic_accel,50.951,-0.48672839869825424
dynamic_accel,51.001,-0.9900150343062801
dynamic_accel,51.051,-2.526171354858344
dynamic_accel,51.101,-2.8089985045673425
dynamic_accel,51.151,-1.65100155609246
dynamic_accel,51.201,-0.8919045639530943
dynamic_accel,51.251,0.29690510304373596
dynamic_accel,51.301,0.5518106274488996
dynamic_accel,51.351,0.49464660676211913
dynamic_accel,51.401,0.43214520001932755
dynamic_accel,51.451,0.7316880090681437
dynamic_accel,51.501,1.680568828231575
dynamic_accel,51.551,2.158985734259476
dynamic_accel,51.601,-1.9179463111736723
dynamic_accel,51.651,1.5190037122093152
dynamic_accel,51.701,-0.9358155212295056
dynamic_accel,51.751,-0.9077682950376769
dynamic_accel,51.801,0.06039263379156523
dynamic_accel,51.851,-0.9162284338723552
dynamic_accel,51.901,-0.33532631850003014
dynamic_accel,51.951,-0.5119019547387165
dynamic_accel,52.001,0.2152325155012953
dynamic_accel,52.051,0.330986538196953
dynamic_accel,52.101,0.28306679988112293
dynamic_accel,52.151,0.19210290880026903
dynamic_accel,52.201,0.28266784519450994
dynamic_accel,52.251,0.317315398893129
dynamic_accel,52.301,-0.7384335384424165
dynamic_accel,52.351,0.5671795723029902
dynamic_accel,52.401,-0.18749746030637837
dynamic_accel,52.451,0.1902193867601092
dynamic_accel,52.501,-0.41873149686715827
dynamic_accel,52.551,-0.15184817570066933
dynamic_accel,52.601,0.23686429136671272
dynamic_accel,52.651,-0.2616547938781846
dynamic_accel,52.701,-0.06283667070611187
dynamic_accel,52.751,-0.14360553683611066
dynamic_accel,52.801,-0.21797474681870277
dynamic_accel,52.851,0.14740153025845615
dynamic_accel,52.901,-0.07356711212132794
dynamic_accel,52.951,0.16317532930444045
dynamic_accel,53.001,0.8079666961527199
dynamic_accel,53.051,-0.06881772908052675
dynamic_accel,53.101,0.22657666738442117
dynamic_accel,53.151,-0.23881173948177192
dynamic_accel,53.201,0.5936490976679512
dynamic_accel,53.251,-1.0484373722850187
magnetic_norm,0.001,134.9917150899872
magnetic_norm,0.012,133.42859791734116
magnetic_norm,0.029,137.6126687040663
magnetic_norm,0.049,132.1951645965163
magnetic_norm,0.069,133.16599412833406
magnetic_norm,0.089,127.32126228341642
magnetic_norm,0.109,127.25687696103117
magnetic_norm,0.128,125.11966601645803
magnetic_norm,0.149,122.5710560998752
magnetic_norm,0.169,119.32542027691558
magnetic_norm,0.189,106.52073919459306
magnetic_norm,0.209,94.46582913010133
magnetic_norm,0.229,81.86781549829283
magnetic_norm,0.249,65.63684249432636
magnetic_norm,0.268,48.49146916623596
magnetic_norm,0.289,33.32992913808854
magnetic_norm,0.308,23.813814484979112
magnetic_norm,0.329,20.381948585083812
magnetic_norm,0.349,27.094659054645827
magnetic_norm,0.369,35.47409512958019
magnetic_norm,0.389,40.88752961631456
magnetic_norm,0.408,43.68482242653054
magnetic_norm,0.428,43.49170227096498
magnetic_norm,0.448,47.869150571688664
magnetic_norm,0.469,50.26017504658883
magnetic_norm,0.489,49.13359419679167
magnetic_norm,0.509,51.70925124675471
magnetic_norm,0.529,49.08904344689608
magnetic_norm,0.548,47.558372985600556
magnetic_norm,0.568,50.34499300141475
magnetic_norm,0.588,48.167852087388255
magnetic_norm,0.609,49.4376489409893
magnetic_norm,0.629,48.688768648169784
magnetic_norm,0.649,56.808414096967226
magnetic_norm,0.669,50.565513661733924
magnetic_norm,0.688,50.13484453252058
magnetic_norm,0.708,50.61680956374576
magnetic_norm,0.728,51.27952950276566
magnetic_norm,0.749,50.329687969428186
magnetic_norm,0.772,49.91455082187962
magnetic_norm,0.789,49.653700791456664
magnetic_norm,0.809,49.137189466711604
magnetic_norm,0.828,50.644517071199324
magnetic_norm,0.848,50.155566584129026
magnetic_norm,0.868,49.03843660907746
magnetic_norm,0.889,48.7977760522957
magnetic_norm,0.909,49.439171333695526
magnetic_norm,0.929,48.69263874396212
magnetic_norm,0.949,50.143452806672585
magnetic_norm,0.968,48.04292108872554
magnetic_norm,0.988,50.37176370497666
magnetic_norm,1.008,48.65488240891149
magnetic_norm,1.029,48.274876034408464
magnetic_norm,1.049,46.427460236507756
magnetic_norm,1.069,49.74194552286837
magnetic_norm,1.089,52.342550391507565
magnetic_norm,1.109,48.388819126168066
magnetic_norm,1.129,48.39613061444071
magnetic_norm,1.148,49.218912715159696
magnetic_norm,1.169,47.25398306862616
magnetic_norm,1.189,48.049861064185244
magnetic_norm,1.21,48.56369574821303
magnetic_norm,1.229,48.16921967696288
magnetic_norm,1.251,47.35698453633846
magnetic_norm,1.268,48.354096838840945
magnetic_norm,1.29,47.6141086629006
magnetic_norm,1.309,50.205238855497065
magnetic_norm,1.33,49.536127630876685
magnetic_norm,1.352,48.86894983332976
magnetic_norm,1.369,48.61222701749028
magnetic_norm,1.389,48.03233761175904
magnetic_norm,1.409,47.28942397077285
magnetic_norm,1.428,47.21821274730761
magnetic_norm,1.449,48.04151954533708
magnetic_norm,1.469,47.164499803612934
magnetic_norm,1.489,50.07475680819645
magnetic_norm,1.51,49.38353605048958
magnetic_norm,1.536,46.99317595446709
magnetic_norm,1.549,47.82267882710055
magnetic_norm,1.577,47.314741188397136
magnetic_norm,1.589,46.170425934114014
magnetic_norm,1.609,47.81222214899664
magnetic_norm,1.63,47.70148197029628
magnetic_norm,1.651,46.89238688542633
magnetic_norm,1.669,46.78691974660226
magnetic_norm,1.688,46.91696401063271
magnetic_norm,1.708,47.54317767855876
magnetic_norm,1.729,47.068234533494085
magnetic_norm,1.749,46.296865238237295
magnetic_norm,1.769,46.54469844447928
magnetic_norm,1.789,46.29382707972526
magnetic_norm,1.809,46.23092002045281
magnetic_norm,1.829,45.903238882049585
magnetic_norm,1.848,47.33920757139378
magnetic_norm,1.869,45.03091516183632
magnetic_norm,1.889,46.770311904027366
magnetic_norm,1.909,46.68258869790222
magnetic_norm,1.929,45.35713989660292
magnetic_norm,1.949,45.362451093663374
magnetic_norm,1.969,44.59464800189036
magnetic_norm,1.989,46.00344501366175
magnetic_norm,2.009,45.61050555669723
magnetic_norm,2.029,44.88298302126883
magnetic_norm,2.049,45.32371576434907
magnetic_norm,2.071,45.188898244757034
magnetic_norm,2.089,46.42008357125726
magnetic_norm,2.108,46.43198116775238
magnetic_norm,2.129,44.70859273618442
magnetic_norm,2.15,43.66275712206003
magnetic_norm,2.169,44.75075802793746
magnetic_norm,2.189,44.53803959861167
magnetic_norm,2.21,44.722886769248305
magnetic_norm,2.23,44.1797490388697
magnetic_norm,2.249,44.3653735041474
magnetic_norm,2.269,44.44527496413436
magnetic_norm,2.289,44.331669866191596
magnetic_norm,2.309,43.864347267456345
magnetic_norm,2.33,43.94914129749868
magnetic_norm,2.35,43.22084933773284
magnetic_norm,2.369,45.64638112024873
magnetic_norm,2.389,40.8485368437476
magnetic_norm,2.409,44.94358182071162
magnetic_norm,2.429,45.0821560609073
magnetic_norm,2.449,44.36761118062364
magnetic_norm,2.472,43.965049325714446
magnetic_norm,2.489,43.709770833304596
magnetic_norm,2.509,43.23321095075522
magnetic_norm,2.528,42.882822421104805
magnetic_norm,2.548,44.49501836287408
magnetic_norm,2.569,44.426399112605345
magnetic_norm,2.589,44.48922118671004
magnetic_norm,2.61,43.90225203050527
magnetic_norm,2.629,44.760122832438704
magnetic_norm,2.649,44.01074042909872
magnetic_norm,2.668,44.188229823251625
magnetic_norm,2.689,44.86621914955895
magnetic_norm,2.708,44.2958859016557
magnetic_norm,2.729,45.839587967225505
magnetic_norm,2.75,44.31978078409233
magnetic_norm,2.769,42.893976303497446
magnetic_norm,2.793,42.795292671712154
magnetic_norm,2.808,43.20834330911981
magnetic_norm,2.828,42.1231217125761
magnetic_norm,2.852,42.58064567734981
magnetic_norm,2.869,42.12936574958736
magnetic_norm,2.889,43.22385820276229
magnetic_norm,2.909,42.57168577846083
magnetic_norm,2.934,44.369376444105626
magnetic_norm,2.948,42.08736876353166
magnetic_norm,2.969,42.864789473412834
magnetic_norm,2.993,41.61022127059048
magnetic_norm,3.011,42.48421016124712
magnetic_norm,3.029,43.08683501445076
magnetic_norm,3.049,42.940948129102296
magnetic_norm,3.069,42.27449779787455
magnetic_norm,3.092,41.82000778367037
magnetic_norm,3.109,43.330871331967344
magnetic_norm,3.128,40.14608404190876
magnetic_norm,3.149,41.15260711941591
magnetic_norm,3.169,40.330147511198135
magnetic_norm,3.189,41.27832462352367
magnetic_norm,3.21,42.37880914693692
magnetic_norm,3.229,42.843569474455556
magnetic_norm,3.249,41.932869062496785
magnetic_norm,3.269,41.95090767403014
magnetic_norm,3.289,41.87309252625729
magnetic_norm,3.309,43.08832186465963
magnetic_norm,3.331,40.2163209177879
magnetic_norm,3.349,41.76163385812389
magnetic_norm,3.374,39.49951956479984
magnetic_norm,3.388,41.320058590229564
magnetic_norm,3.409,42.23214020890967
magnetic_norm,3.43,40.963116234607945
magnetic_norm,3.451,40.828739805589166
magnetic_norm,3.469,41.789021802083546
magnetic_norm,3.489,41.965423825752076
magnetic_norm,3.508,42.19669950185679
magnetic_norm,3.528,40.282531627710696
magnetic_norm,3.548,41.94258797406891
magnetic_norm,3.57,40.8529137166954
magnetic_norm,3.589,39.9352695902069
magnetic_norm,3.609,39.66344792831934
magnetic_norm,3.629,38.96384603064749
magnetic_norm,3.649,40.06307003962632
magnetic_norm,3.669,39.80293033072445
magnetic_norm,3.691,39.051084096043404
magnetic_norm,3.709,39.982430752472396
magnetic_norm,3.729,39.34438379464098
magnetic_norm,3.75,37.546761469865814
magnetic_norm,3.774,40.05845304099375
magnetic_norm,3.789,40.039137795256096
magnetic_norm,3.808,38.59725856051833
magnetic_norm,3.829,38.10709219581053
magnetic_norm,3.85,37.23569824241253
magnetic_norm,3.87,39.410993197171535
magnetic_norm,3.89,38.17445348380909
magnetic_norm,3.91,37.80009975443193
magnetic_norm,3.929,39.27643986109868
magnetic_norm,3.949,37.55260044973589
magnetic_norm,3.969,37.51386588984476
magnetic_norm,3.99,38.1359264631136
magnetic_norm,4.01,28.813780643122918
magnetic_norm,4.029,28.560713079333315
magnetic_norm,4.049,28.092293482821937
magnetic_norm,4.069,27.81147275361382
magnetic_norm,4.089,30.002936213185887
magnetic_norm,4.11,28.519096572516144
magnetic_norm,4.133,27.786399269696677
magnetic_norm,4.149,28.658522476525267
magnetic_norm,4.169,27.451467946405053
magnetic_norm,4.19,28.610351876768398
magnetic_norm,4.209,27.02218490393588
magnetic_norm,4.229,27.539781503163816
magnetic_norm,4.249,28.203472965000323
magnetic_norm,4.269,27.82508493727617
magnetic_norm,4.289,27.8500440421555
magnetic_norm,4.309,27.791636837815076
magnetic_norm,4.33,28.22299305708032
magnetic_norm,4.349,27.039847527075686
magnetic_norm,4.373,28.37580114683991
magnetic_norm,4.389,27.971707245894017
magnetic_norm,4.41,25.77686691010477
magnetic_norm,4.43,29.312703224242217
magnetic_norm,4.45,27.785134008584517
magnetic_norm,4.469,27.3458577883836
magnetic_norm,4.489,26.55758035571014
magnetic_norm,4.509,27.638091496384117
magnetic_norm,4.532,27.222179059155994
magnetic_norm,4.549,26.90510744215215
magnetic_norm,4.572,26.491235939457432
magnetic_norm,4.59,28.77539231921956
magnetic_norm,4.61,25.935548013440954
magnetic_norm,4.629,28.714178816962537
magnetic_norm,4.649,26.537484584215985
magnetic_norm,4.669,25.47775441071102
magnetic_norm,4.69,27.379430301231615
magnetic_norm,4.709,25.85238965381158
magnetic_norm,4.729,26.032698789215075
magnetic_norm,4.75,27.407613987266405
magnetic_norm,4.769,26.995247668779612
magnetic_norm,4.793,29.537350560349857
magnetic_norm,4.809,26.69630108928958
magnetic_norm,4.829,26.89841707377968
magnetic_norm,4.85,29.188155774217734
magnetic_norm,4.869,28.833393518358275
magnetic_norm,4.889,29.53879832165662
magnetic_norm,4.91,28.712502200750915
magnetic_norm,4.928,28.910854570688585
magnetic_norm,4.949,29.21795342614717
magnetic_norm,4.972,28.955691038058564
magnetic_norm,4.99,28.485261404441683
magnetic_norm,5.01,28.98285074711216
magnetic_norm,5.039,30.78278011262961
magnetic_norm,5.05,30.119588104130923
magnetic_norm,5.069,29.719745406673724
magnetic_norm,5.089,28.956028765461785
magnetic_norm,5.109,30.844622775493644
magnetic_norm,5.129,29.200468880011158
magnetic_norm,5.149,31.146606594459065
magnetic_norm,5.17,30.315108779493105
magnetic_norm,5.189,31.024468675949958
magnetic_norm,5.208,29.011952010626157
magnetic_norm,5.229,29.078742872070727
magnetic_norm,5.249,30.892974981903315
magnetic_norm,5.27,30.66887930084828
magnetic_norm,5.29,30.03168254577156
magnetic_norm,5.312,29.97572197379079
magnetic_norm,5.329,30.07431312931366
magnetic_norm,5.349,30.51981388192772
magnetic_norm,5.37,30.802010819709498
magnetic_norm,5.389,32.181975860914754
magnetic_norm,5.409,29.77224287341735
magnetic_norm,5.429,31.563854164613737
magnetic_norm,5.449,32.21460227406593
magnetic_norm,5.469,32.17447748526781
magnetic_norm,5.493,33.57869546397686
magnetic_norm,5.509,32.51797920785528
magnetic_norm,5.529,33.04239215424646
magnetic_norm,5.55,31.55544945912677
magnetic_norm,5.569,32.58729177781586
magnetic_norm,5.589,32.721771426509825
magnetic_norm,5.609,30.370028580020303
magnetic_norm,5.629,32.464352492965325
magnetic_norm,5.649,33.80938581740285
magnetic_norm,5.67,33.267114905902254
magnetic_norm,5.689,34.380681070206435
magnetic_norm,5.711,35.59459722791508
magnetic_norm,5.729,36.57735318059524
magnetic_norm,5.749,35.563713731484796
magnetic_norm,5.77,36.127718195313705
magnetic_norm,5.789,36.803924469171776
magnetic_norm,5.809,35.18555465528438
magnetic_norm,5.83,36.71046532070591
magnetic_norm,5.85,36.79195309724668
magnetic_norm,5.87,35.869333460638785
magnetic_norm,5.894,35.84716587944924
magnetic_norm,5.909,36.793907186533616
magnetic_norm,5.928,35.2690968100972
magnetic_norm,5.955,36.784069084353625
magnetic_norm,5.969,37.58245154407174
magnetic_norm,5.99,38.79054179675279
magnetic_norm,6.009,39.24992187585378
magnetic_norm,6.03,38.99700011577819
magnetic_norm,6.056,37.584944453381205
magnetic_norm,6.069,39.001234963716215
magnetic_norm,6.089,37.98800443386702
magnetic_norm,6.11,39.51729398266668
magnetic_norm,6.13,39.95410746302563
magnetic_norm,6.149,39.95592305319368
magnetic_norm,6.169,40.361455742902166
magnetic_norm,6.189,40.94368711479682
magnetic_norm,6.213,40.75312595567982
magnetic_norm,6.229,40.429655456283065
magnetic_norm,6.25,41.25431098745934
magnetic_norm,6.27,41.86473813864723
magnetic_norm,6.29,42.35873999639862
magnetic_norm,6.315,42.59102843469502
magnetic_norm,6.329,39.41199601247697
magnetic_norm,6.348,39.01072123488138
magnetic_norm,6.376,39.92869041912417
magnetic_norm,6.389,41.08285882302983
magnetic_norm,6.409,42.021209771420786
magnetic_norm,6.43,40.432852326465294
magnetic_norm,6.45,40.68963422296581
magnetic_norm,6.469,41.110417247335256
magnetic_norm,6.489,42.04866739490682
magnetic_norm,6.509,40.75522643367356
magnetic_norm,6.531,40.27359328129921
magnetic_norm,6.549,40.28206554643766
magnetic_norm,6.57,39.04858907711968
magnetic_norm,6.589,39.840191501798834
magnetic_norm,6.609,40.073246461698105
magnetic_norm,6.628,40.71023429390955
magnetic_norm,6.652,39.98365730598566
magnetic_norm,6.67,40.88905880143867
magnetic_norm,6.689,41.52346872432515
magnetic_norm,6.709,39.22546802971259
magnetic_norm,6.73,41.51121475110677
magnetic_norm,6.749,40.54096653078222
magnetic_norm,6.769,41.475193739963515
magnetic_norm,6.789,42.066823243664956
magnetic_norm,6.81,42.21153267304451
magnetic_norm,6.829,41.79238725907507
magnetic_norm,6.851,41.6456452180177
magnetic_norm,6.869,41.87044809543485
magnetic_norm,6.891,42.23493168767413
magnetic_norm,6.909,41.925900245755116
magnetic_norm,6.929,42.24671261249211
magnetic_norm,6.949,42.25387479082693
magnetic_norm,6.97,42.97007089403333
magnetic_norm,6.989,42.37900285739979
magnetic_norm,7.009,42.21769536186816
magnetic_norm,7.029,42.050297728583324
magnetic_norm,7.049,42.63440374773641
magnetic_norm,7.069,42.605683564079854
magnetic_norm,7.089,43.316144327202075
magnetic_norm,7.11,42.05638374923004
magnetic_norm,7.129,42.957117522318114
magnetic_norm,7.149,43.12277440313587
magnetic_norm,7.169,41.64695789085321
magnetic_norm,7.189,42.56335076510953
magnetic_norm,7.209,42.12784832207798
magnetic_norm,7.23,42.47194110880736
magnetic_norm,7.253,41.38288414290392
magnetic_norm,7.269,42.715479493621515
magnetic_norm,7.289,42.02097970442859
magnetic_norm,7.309,42.282016961380926
magnetic_norm,7.338,40.71718875926363
magnetic_norm,7.349,41.089160870219175
magnetic_norm,7.368,39.8847084246583
magnetic_norm,7.39,43.564129022195594
magnetic_norm,7.409,42.334542595113845
magnetic_norm,7.429,43.120278551541254
magnetic_norm,7.449,39.57924260660504
magnetic_norm,7.473,39.83966890863929
magnetic_norm,7.496,43.406148757981285
magnetic_norm,7.508,42.62238237811513
magnetic_norm,7.529,39.58312850824199
magnetic_norm,7.549,41.319593335880015
magnetic_norm,7.569,41.60085870888965
magnetic_norm,7.589,43.26176708826755
magnetic_norm,7.609,41.142426495346626
magnetic_norm,7.629,41.32251878123971
magnetic_norm,7.648,41.859281564845325
magnetic_norm,7.669,39.62491226700067
magnetic_norm,7.689,41.459866701124355
magnetic_norm,7.709,40.72062744171405
magnetic_norm,7.729,41.56528233236844
magnetic_norm,7.749,42.33609253210551
magnetic_norm,7.77,40.645022514069915
magnetic_norm,7.789,40.708534310594814
magnetic_norm,7.809,41.23604173283974
magnetic_norm,7.829,42.07986983983563
magnetic_norm,7.849,40.78343394290148
magnetic_norm,7.87,39.8519066039349
magnetic_norm,7.889,40.77137380411653
magnetic_norm,7.91,41.46208701241423
magnetic_norm,7.928,39.75799890058603
magnetic_norm,7.949,40.50299906798569
magnetic_norm,7.969,40.210696161344984
magnetic_norm,7.989,40.13624280860921
magnetic_norm,8.009,40.47679219040219
magnetic_norm,8.033,41.56449572276199
magnetic_norm,8.048,40.35732246522928
magnetic_norm,8.069,39.850264185228546
magnetic_norm,8.089,39.817594940791935
magnetic_norm,8.111,40.38372632171281
magnetic_norm,8.129,39.2534134127213
magnetic_norm,8.149,39.55773244164788
magnetic_norm,8.169,39.55773244164788
magnetic_norm,8.189,41.41031639919273
magnetic_norm,8.208,40.48947789472594
magnetic_norm,8.229,40.53484048921692
magnetic_norm,8.249,37.94979912397441
magnetic_norm,8.269,41.70180418767874
magnetic_norm,8.289,40.560211319124065
magnetic_norm,8.309,40.560211319124065
magnetic_norm,8.329,40.01036692604998
magnetic_norm,8.349,39.685797793086564
magnetic_norm,8.369,40.07101808920008
magnetic_norm,8.389,40.63730832923121
magnetic_norm,8.41,39.924969263200495
magnetic_norm,8.429,39.75033383383409
magnetic_norm,8.449,39.75033383383409
magnetic_norm,8.469,39.68822487952194
magnetic_norm,8.489,38.94635454410337
magnetic_norm,8.509,39.221674694421196
magnetic_norm,8.53,39.67694052565356
magnetic_norm,8.55,38.93192676807815
magnetic_norm,8.57,39.571112774819824
magnetic_norm,8.589,39.763021378065595
magnetic_norm,8.609,39.763021378065595
magnetic_norm,8.629,39.73691287637983
magnetic_norm,8.65,40.01214000733091
magnetic_norm,8.67,41.193920764279646
magnetic_norm,8.69,38.16810360300868
magnetic_norm,8.711,41.22915113675649
magnetic_norm,8.729,41.24912661216297
magnetic_norm,8.749,40.737311238961375
magnetic_norm,8.773,39.86792999225699
magnetic_norm,8.789,41.32878760042755
magnetic_norm,8.81,41.5963414857605
magnetic_norm,8.829,42.26551831413533
magnetic_norm,8.849,40.487039821713374
magnetic_norm,8.869,41.16206679655129
magnetic_norm,8.889,41.37208516794578
magnetic_norm,8.909,41.61173360609962
magnetic_norm,8.929,41.441237122520846
magnetic_norm,8.949,42.05172324229115
magnetic_norm,8.97,42.267632230526
magnetic_norm,8.99,40.54106192177265
magnetic_norm,9.01,41.4902324369846
magnetic_norm,9.029,43.392566989693165
magnetic_norm,9.049,42.205056704499334
magnetic_norm,9.07,41.335598744665596
magnetic_norm,9.09,42.21228855069931
magnetic_norm,9.109,41.46486938875185
magnetic_norm,9.129,42.71049581891435
magnetic_norm,9.149,42.27542921760227
magnetic_norm,9.168,42.168454034088086
magnetic_norm,9.189,42.75883954663644
magnetic_norm,9.211,42.235895094930854
magnetic_norm,9.229,42.790938517707815
magnetic_norm,9.249,41.762770314898894
magnetic_norm,9.27,41.67848759402145
magnetic_norm,9.289,40.85841837623551
magnetic_norm,9.309,41.26286176439425
magnetic_norm,9.329,43.40712675200933
magnetic_norm,9.349,41.841892748506254
magnetic_norm,9.37,41.50650984288494
magnetic_norm,9.389,41.73168764973446
magnetic_norm,9.411,42.5649065576034
magnetic_norm,9.429,41.271927410620165
magnetic_norm,9.448,42.28452059456875
magnetic_norm,9.469,42.14113288910848
magnetic_norm,9.489,41.10168508780997
magnetic_norm,9.511,41.22101685299624
magnetic_norm,9.529,40.50820664292916
magnetic_norm,9.55,42.09881391722941
magnetic_norm,9.57,42.55854629345919
magnetic_norm,9.589,42.493327803315296
magnetic_norm,9.61,40.776751735363916
magnetic_norm,9.629,41.33475249941023
magnetic_norm,9.649,40.68464282272254
magnetic_norm,9.675,41.29759098936649
magnetic_norm,9.689,40.44832501383721
magnetic_norm,9.709,40.903570969583456
magnetic_norm,9.728,42.231535431179864
magnetic_norm,9.749,41.728324919292035
magnetic_norm,9.769,39.488539233143385
magnetic_norm,9.789,41.45764924739463
magnetic_norm,9.81,40.779387891188364
magnetic_norm,9.83,40.215585590850225
magnetic_norm,9.85,40.26956146646311
magnetic_norm,9.868,42.922947875314904
magnetic_norm,9.889,41.89257626904209
magnetic_norm,9.912,42.989488450375966
magnetic_norm,9.929,40.168555591960036
magnetic_norm,9.949,40.982117384445864
magnetic_norm,9.97,39.98661595903997
magnetic_norm,9.989,41.14111779702587
magnetic_norm,10.009,39.905113124824105
magnetic_norm,10.029,39.95233019909478
magnetic_norm,10.048,38.127330871371
magnetic_norm,10.069,38.873186251901195
magnetic_norm,10.089,38.363111451529896
magnetic_norm,10.109,39.10251093344274
magnetic_norm,10.129,39.00984470534336
magnetic_norm,10.15,41.48332174561252
magnetic_norm,10.169,38.249790792663234
magnetic_norm,10.191,38.83002350800861
magnetic_norm,10.21,39.659837766309685
magnetic_norm,10.23,40.25259943708605
magnetic_norm,10.25,39.80411457484646
magnetic_norm,10.269,39.83507119243356
magnetic_norm,10.289,39.712880663897955
magnetic_norm,10.309,38.59376149052472
magnetic_norm,10.331,39.36624015549364
magnetic_norm,10.349,38.49044372064967
magnetic_norm,10.369,39.70376169262808
magnetic_norm,10.39,38.27726345910205
magnetic_norm,10.409,38.49902865058741
magnetic_norm,10.429,38.57860060788246
magnetic_norm,10.449,38.34835439190976
magnetic_norm,10.469,38.05469725096376
magnetic_norm,10.49,39.249387288848325
magnetic_norm,10.509,38.24751857833395
magnetic_norm,10.529,39.16731889487078
magnetic_norm,10.55,36.14793041741815
magnetic_norm,10.569,36.42323967047001
magnetic_norm,10.588,37.353978801126466
magnetic_norm,10.609,38.54751025520325
magnetic_norm,10.63,34.77995748487916
magnetic_norm,10.65,35.929917134784766
magnetic_norm,10.674,35.126294983957656
magnetic_norm,10.689,35.75927823789233
magnetic_norm,10.709,34.41462444949826
magnetic_norm,10.73,34.92002637724519
magnetic_norm,10.749,35.52097806666505
magnetic_norm,10.769,34.869419926545234
magnetic_norm,10.789,34.5709020178278
magnetic_norm,10.809,33.67140026985075
magnetic_norm,10.831,32.85621730548117
magnetic_norm,10.849,35.60651480454469
magnetic_norm,10.869,31.591073699701948
magnetic_norm,10.889,32.969614456913234
magnetic_norm,10.909,33.32466054722096
magnetic_norm,10.93,32.523334792115094
magnetic_norm,10.949,32.95938200895921
magnetic_norm,10.97,31.999094308472262
magnetic_norm,10.99,32.16152507636261
magnetic_norm,11.008,30.973662008148185
magnetic_norm,11.029,31.910015699424218
magnetic_norm,11.049,32.6986579168397
magnetic_norm,11.069,32.93369584084817
magnetic_norm,11.097,33.70001694139046
magnetic_norm,11.109,33.462006064527884
magnetic_norm,11.13,33.31313792691262
magnetic_norm,11.149,33.504817822665444
magnetic_norm,11.168,33.861052145016124
magnetic_norm,11.189,33.71878810644744
magnetic_norm,11.21,33.2803645088963
magnetic_norm,11.229,35.72156484971648
magnetic_norm,11.249,34.18929394434029
magnetic_norm,11.269,35.15300636929938
magnetic_norm,11.288,35.251667330780315
magnetic_norm,11.309,36.4547739929217
magnetic_norm,11.33,35.96205731583644
magnetic_norm,11.349,37.604621823487406
magnetic_norm,11.369,36.94290145125992
magnetic_norm,11.39,35.17654913966121
magnetic_norm,11.409,34.58997637618454
magnetic_norm,11.429,36.737542531448675
magnetic_norm,11.449,36.95581725647195
magnetic_norm,11.47,36.13523946672418
magnetic_norm,11.498,36.7141136443126
magnetic_norm,11.51,35.85579036527783
magnetic_norm,11.529,35.368623541919185
magnetic_norm,11.55,36.55004604178017
magnetic_norm,11.569,34.02659582267965
magnetic_norm,11.59,34.648082421398165
magnetic_norm,11.609,34.187999474596474
magnetic_norm,11.63,34.73820980366937
magnetic_norm,11.654,33.964428217364414
magnetic_norm,11.669,33.735064403562355
magnetic_norm,11.69,35.03425053536903
magnetic_norm,11.708,32.50848308403518
magnetic_norm,11.729,32.44412366430946
magnetic_norm,11.749,31.89718529776576
magnetic_norm,11.769,32.24744447781872
magnetic_norm,11.79,32.59270492092518
magnetic_norm,11.811,31.555877217049456
magnetic_norm,11.829,30.994472507610205
magnetic_norm,11.849,32.9400166006334
magnetic_norm,11.873,31.772633798994455
magnetic_norm,11.889,31.52613913029157
magnetic_norm,11.909,32.6892578399235
magnetic_norm,11.931,32.692507494906295
magnetic_norm,11.949,32.3048198734415
magnetic_norm,11.969,33.398062660892535
magnetic_norm,11.988,29.917774033590803
magnetic_norm,12.009,31.553806730131708
magnetic_norm,12.029,31.737381646531997
magnetic_norm,12.05,31.76182151518557
magnetic_norm,12.069,29.10873474403778
magnetic_norm,12.09,29.885694822134404
magnetic_norm,12.11,31.094342837423884
magnetic_norm,12.13,31.86945395574742
magnetic_norm,12.149,32.264676458512675
magnetic_norm,12.169,31.66398388883662
magnetic_norm,12.189,32.274295431871955
magnetic_norm,12.209,32.83029342941141
magnetic_norm,12.229,32.51916610323827
magnetic_norm,12.249,33.31311504471625
magnetic_norm,12.269,32.11150947635444
magnetic_norm,12.293,32.998739757754464
magnetic_norm,12.309,33.6013288021843
magnetic_norm,12.329,36.20906578900511
magnetic_norm,12.35,33.669059655175275
magnetic_norm,12.369,35.09885493361933
magnetic_norm,12.389,34.71074905468771
magnetic_norm,12.409,36.316409609156096
magnetic_norm,12.429,34.649822453116556
magnetic_norm,12.458,34.9398059249047
magnetic_norm,12.469,34.94856375214159
magnetic_norm,12.49,35.799289423639415
magnetic_norm,12.509,36.77701530456898
magnetic_norm,12.53,35.593817307996076
magnetic_norm,12.549,35.308062570679255
magnetic_norm,12.569,37.70028707092295
magnetic_norm,12.589,36.474770088566025
magnetic_norm,12.61,37.34466549405027
magnetic_norm,12.63,36.31411136758698
magnetic_norm,12.649,37.222240075659066
magnetic_norm,12.669,36.902963276849476
magnetic_norm,12.689,35.25104719189205
magnetic_norm,12.709,37.04721765676214
magnetic_norm,12.728,37.72206941847837
magnetic_norm,12.749,35.98355850489233
magnetic_norm,12.77,37.18573157645618
magnetic_norm,12.79,34.12611947339609
magnetic_norm,12.809,35.77969925215981
magnetic_norm,12.829,34.66954781196683
magnetic_norm,12.848,34.74954520000957
magnetic_norm,12.87,34.74859191841449
magnetic_norm,12.89,34.55170388436009
magnetic_norm,12.909,34.765303500814646
magnetic_norm,12.931,34.663730919002376
magnetic_norm,12.949,36.09548372459497
magnetic_norm,12.969,35.88281932591006
magnetic_norm,12.988,34.833004873610946
magnetic_norm,13.009,35.54794338987842
magnetic_norm,13.03,35.910206281258
magnetic_norm,13.049,34.358325365550066
magnetic_norm,13.07,35.447999889450756
magnetic_norm,13.1,34.93763249237854
magnetic_norm,13.109,35.263732522947784
magnetic_norm,13.128,34.08808921338951
magnetic_norm,13.149,35.704890828323556
magnetic_norm,13.169,34.422254985939034
magnetic_norm,13.19,34.98176422384247
magnetic_norm,13.209,36.36528156422007
magnetic_norm,13.23,35.83337197541921
magnetic_norm,13.249,38.2619884217679
magnetic_norm,13.269,36.091996710662876
magnetic_norm,13.288,35.48541132164392
magnetic_norm,13.309,34.87452621188925
magnetic_norm,13.33,35.97910220176436
magnetic_norm,13.349,36.248384119157755
magnetic_norm,13.369,36.84907195303579
magnetic_norm,13.389,38.73996853944902
magnetic_norm,13.409,38.20422573567622
magnetic_norm,13.429,36.92094013310739
magnetic_norm,13.449,37.99198873864727
magnetic_norm,13.469,39.58292599909719
magnetic_norm,13.491,39.41852951024429
magnetic_norm,13.511,39.286418663388
magnetic_norm,13.529,38.98754955004868
magnetic_norm,13.549,38.959761613586664
magnetic_norm,13.568,40.74499112559738
magnetic_norm,13.589,40.83941972071836
magnetic_norm,13.611,39.991662549367724
magnetic_norm,13.629,42.03461495630715
magnetic_norm,13.649,41.86351428302455
magnetic_norm,13.669,41.54314219985655
magnetic_norm,13.689,40.70911748905276
magnetic_norm,13.709,40.84038815544607
magnetic_norm,13.735,41.48762012471313
magnetic_norm,13.749,42.09609289871806
magnetic_norm,13.769,41.08753755991598
magnetic_norm,13.79,43.65741650739323
magnetic_norm,13.809,42.583837445385434
magnetic_norm,13.829,42.5403290043695
magnetic_norm,13.849,42.304545965829725
magnetic_norm,13.877,40.02394279631257
magnetic_norm,13.889,40.726531199575675
magnetic_norm,13.91,40.50348359879073
magnetic_norm,13.929,42.09473157385614
magnetic_norm,13.953,41.18515184459692
magnetic_norm,13.968,41.17829660573642
magnetic_norm,13.989,39.69878309044887
magnetic_norm,14.011,40.77011538385072
magnetic_norm,14.029,41.690799373033244
magnetic_norm,14.053,41.17223778303166
magnetic_norm,14.069,39.89069881015498
magnetic_norm,14.089,39.19914802414399
magnetic_norm,14.108,40.61311944809216
magnetic_norm,14.129,39.521595858150874
magnetic_norm,14.149,38.313348277721694
magnetic_norm,14.17,40.7252114980696
magnetic_norm,14.19,37.32982968895323
magnetic_norm,14.209,38.02504160835988
magnetic_norm,14.229,38.83309689056488
magnetic_norm,14.248,39.313612866601304
magnetic_norm,14.269,38.97896367754023
magnetic_norm,14.288,39.03916959397975
magnetic_norm,14.311,38.20207936308899
magnetic_norm,14.329,39.26429354270249
magnetic_norm,14.357,39.64465340417928
magnetic_norm,14.37,39.39619872874809
magnetic_norm,14.389,40.526887820325534
magnetic_norm,14.41,39.90536871446635
magnetic_norm,14.429,40.474686589367295
magnetic_norm,14.449,41.63029604867114
magnetic_norm,14.469,41.36956892995146
magnetic_norm,14.489,41.93237203700745
magnetic_norm,14.509,41.33435027794684
magnetic_norm,14.53,42.462813044621875
magnetic_norm,14.548,40.604834176794775
magnetic_norm,14.576,41.707275351400035
magnetic_norm,14.589,40.72083909591011
magnetic_norm,14.609,40.46702861728923
magnetic_norm,14.63,40.73753691698235
magnetic_norm,14.649,41.60180541514996
magnetic_norm,14.669,41.83451685092113
magnetic_norm,14.69,40.833892971556125
magnetic_norm,14.708,42.68524163704018
magnetic_norm,14.73,41.9674848594123
magnetic_norm,14.749,41.769470882077876
magnetic_norm,14.769,41.57403321365398
magnetic_norm,14.789,41.44471291476761
magnetic_norm,14.819,40.70900934351019
magnetic_norm,14.829,40.4457494674966
magnetic_norm,14.849,40.84476955673149
magnetic_norm,14.869,42.311812901954475
magnetic_norm,14.889,39.08437846545919
magnetic_norm,14.909,40.66865783382836
magnetic_norm,14.929,38.27726345910205
magnetic_norm,14.949,38.84162141504915
magnetic_norm,14.969,37.84964477130213
magnetic_norm,14.988,37.6929912064233
magnetic_norm,15.012,37.41900194820809
magnetic_norm,15.029,37.744774930942434
magnetic_norm,15.049,36.90242687344567
magnetic_norm,15.069,36.47692611072794
magnetic_norm,15.089,35.947894806824344
magnetic_norm,15.109,36.71066613141881
magnetic_norm,15.129,34.84415188754786
magnetic_norm,15.149,36.88776789736687
magnetic_norm,15.17,36.81234860585169
magnetic_norm,15.189,35.690020865436026
magnetic_norm,15.209,37.588344617879905
magnetic_norm,15.229,36.542172233769854
magnetic_norm,15.248,35.628369906403236
magnetic_norm,15.269,37.40996054729287
magnetic_norm,15.289,37.381780689929805
magnetic_norm,15.309,37.029547811308795
magnetic_norm,15.329,38.08312866129174
magnetic_norm,15.349,36.92410132113069
magnetic_norm,15.369,37.88833350511743
magnetic_norm,15.392,38.6255688671701
magnetic_norm,15.409,40.533081110032825
magnetic_norm,15.43,37.44499703463747
magnetic_norm,15.449,39.17078491075976
magnetic_norm,15.47,40.12903017143574
magnetic_norm,15.489,39.61165497023888
magnetic_norm,15.509,40.034736399469395
magnetic_norm,15.529,41.25808732212389
magnetic_norm,15.549,40.83139160606089
magnetic_norm,15.57,38.952496662874516
magnetic_norm,15.59,40.40298276567895
magnetic_norm,15.609,37.762903340050656
magnetic_norm,15.629,38.99506893177329
magnetic_norm,15.649,39.68699168422508
magnetic_norm,15.668,41.24651405725095
magnetic_norm,15.688,43.08893390085794
magnetic_norm,15.71,41.18487758147704
magnetic_norm,15.729,40.31256976738149
magnetic_norm,15.756,39.298345042539644
magnetic_norm,15.77,38.7402860808358
magnetic_norm,15.789,40.001849607955634
magnetic_norm,15.813,40.317661124685905
magnetic_norm,15.828,40.56656722527196
magnetic_norm,15.849,39.224659471179606
magnetic_norm,15.87,37.7380940460698
magnetic_norm,15.89,39.02212419134817
magnetic_norm,15.91,39.04202813786073
magnetic_norm,15.929,37.80291304628526
magnetic_norm,15.949,39.47470412333701
magnetic_norm,15.976,39.03086417375363
magnetic_norm,15.989,38.6701440133568
magnetic_norm,16.009,40.6529520657788
magnetic_norm,16.029,39.332064588497765
magnetic_norm,16.049,38.017614950013744
magnetic_norm,16.069,38.64613807235465
magnetic_norm,16.088,38.86731184025337
magnetic_norm,16.11,38.281988697460704
magnetic_norm,16.128,38.57585466415488
magnetic_norm,16.149,37.09159206899192
magnetic_norm,16.171,36.84605910596139
magnetic_norm,16.19,38.694355700799626
magnetic_norm,16.216,35.737959439071986
magnetic_norm,16.228,36.43206059314379
magnetic_norm,16.249,35.51068336525643
magnetic_norm,16.269,35.29438661706715
magnetic_norm,16.289,36.602100766759335
magnetic_norm,16.309,35.54199180297172
magnetic_norm,16.329,35.53935068501546
magnetic_norm,16.349,35.08177111622573
magnetic_norm,16.368,34.223521927542755
magnetic_norm,16.388,35.04541729404509
magnetic_norm,16.409,34.96222156163713
magnetic_norm,16.431,34.26316837855927
magnetic_norm,16.449,33.4391413201842
magnetic_norm,16.469,34.94661294985372
magnetic_norm,16.489,31.804368593205933
magnetic_norm,16.508,30.09793396161112
magnetic_norm,16.528,32.365183116885035
magnetic_norm,16.549,31.96419337186149
magnetic_norm,16.569,32.600319328382355
magnetic_norm,16.589,29.01053018743805
magnetic_norm,16.609,30.55790040235101
magnetic_norm,16.632,32.63537217881856
magnetic_norm,16.648,31.661512148624567
magnetic_norm,16.668,31.051188836812273
magnetic_norm,16.689,30.032970186654868
magnetic_norm,16.709,31.40654860317755
magnetic_norm,16.729,32.31860979470652
magnetic_norm,16.749,30.164676931387813
magnetic_norm,16.769,30.665445932555755
magnetic_norm,16.788,31.22874843925866
magnetic_norm,16.808,29.84560763456243
magnetic_norm,16.828,30.675334411257918
magnetic_norm,16.849,27.40196247055127
magnetic_norm,16.869,31.634556460143394
magnetic_norm,16.889,30.75768960865728
magnetic_norm,16.909,29.552606349334926
magnetic_norm,16.928,32.579210387991374
magnetic_norm,16.948,32.40597307731248
magnetic_norm,16.968,31.952498683397224
magnetic_norm,16.989,32.23671517423885
magnetic_norm,17.009,32.64031113082418
magnetic_norm,17.029,34.04439312317081
magnetic_norm,17.05,32.59467340494456
magnetic_norm,17.068,30.357223133259424
magnetic_norm,17.088,30.700766639043465
magnetic_norm,17.108,31.749560332861368
magnetic_norm,17.129,32.63765918191744
magnetic_norm,17.149,30.625248154606847
magnetic_norm,17.169,32.84872653696031
magnetic_norm,17.189,33.65044990902809
magnetic_norm,17.208,33.88390113136326
magnetic_norm,17.228,30.63872781444262
magnetic_norm,17.249,31.233101202530374
magnetic_norm,17.269,33.736724305754834
magnetic_norm,17.289,32.954721536147275
magnetic_norm,17.309,34.214775773541966
magnetic_norm,17.329,33.617709479156964
magnetic_norm,17.349,31.99351875087365
magnetic_norm,17.368,34.36038155074096
magnetic_norm,17.389,34.7024683293567
magnetic_norm,17.41,34.97046606995686
magnetic_norm,17.431,33.62617691126229
magnetic_norm,17.451,33.22568777504839
magnetic_norm,17.469,34.37217154490679
magnetic_norm,17.488,32.53163907698166
magnetic_norm,17.508,33.43327628755862
magnetic_norm,17.53,35.83364395456454
magnetic_norm,17.549,33.89084452092126
magnetic_norm,17.572,33.91390931970245
magnetic_norm,17.589,33.6276636956093
magnetic_norm,17.609,32.97367558629156
magnetic_norm,17.629,35.77952506759278
magnetic_norm,17.649,33.71540714389727
magnetic_norm,17.669,32.62160543207906
magnetic_norm,17.689,34.612687905773804
magnetic_norm,17.709,34.16240225507422
magnetic_norm,17.729,34.16240225507422
magnetic_norm,17.749,34.281999771301265
magnetic_norm,17.769,33.45688342304764
magnetic_norm,17.788,34.49593895935433
magnetic_norm,17.809,35.28369700612464
magnetic_norm,17.832,33.61185268063931
magnetic_norm,17.849,35.59857541461468
magnetic_norm,17.869,33.42247851840734
magnetic_norm,17.889,35.7467144609824
magnetic_norm,17.909,36.793604311585305
magnetic_norm,17.928,36.13302281795013
magnetic_norm,17.954,34.44591679150823
magnetic_norm,17.969,33.81550934249697
magnetic_norm,17.989,34.4794402792628
magnetic_norm,18.009,34.68428203586966
magnetic_norm,18.029,35.24316257767243
magnetic_norm,18.049,35.86464308134824
magnetic_norm,18.073,36.77648445260232
magnetic_norm,18.089,36.31018910316365
magnetic_norm,18.109,36.60736879473523
magnetic_norm,18.129,36.08802228226146
magnetic_norm,18.15,35.17096894482016
magnetic_norm,18.169,37.05783430966392
magnetic_norm,18.189,36.910123535996256
magnetic_norm,18.209,36.363223319894296
magnetic_norm,18.229,36.76524556221541
magnetic_norm,18.249,35.19461608087243
magnetic_norm,18.269,36.43914773926183
magnetic_norm,18.289,36.495007021526305
magnetic_norm,18.313,35.5488647282864
magnetic_norm,18.329,35.73824567322813
magnetic_norm,18.349,35.304836004611325
magnetic_norm,18.369,37.96443957014248
magnetic_norm,18.388,36.73119265947541
magnetic_norm,18.409,36.74755863982679
magnetic_norm,18.429,37.823639471681595
magnetic_norm,18.45,35.4574597058045
magnetic_norm,18.469,37.144322675898266
magnetic_norm,18.49,35.67345060580768
magnetic_norm,18.514,37.120217603433446
magnetic_norm,18.528,38.238261146134775
magnetic_norm,18.549,37.84537194065159
magnetic_norm,18.569,36.89509316486069
magnetic_norm,18.59,36.89838982767405
magnetic_norm,18.61,36.52311821384505
magnetic_norm,18.631,37.49862198978118
magnetic_norm,18.649,36.672939021692144
magnetic_norm,18.669,36.076176304002956
magnetic_norm,18.691,34.92795384368014
magnetic_norm,18.709,36.628277370427895
magnetic_norm,18.729,37.041240740895816
magnetic_norm,18.749,35.522959435940926
magnetic_norm,18.768,35.20996396618434
magnetic_norm,18.79,35.44143334821901
magnetic_norm,18.812,36.945912827233
magnetic_norm,18.829,35.188994755782666
magnetic_norm,18.85,34.77261685310008
magnetic_norm,18.871,35.59077175197602
magnetic_norm,18.889,33.68907000052094
magnetic_norm,18.909,33.64704290894304
magnetic_norm,18.928,34.959547660313895
magnetic_norm,18.949,34.0421625065888
magnetic_norm,18.969,33.480029618994514
magnetic_norm,18.989,34.40678334322324
magnetic_norm,19.011,33.68064233159383
magnetic_norm,19.029,33.386737753440364
magnetic_norm,19.049,32.948322468735036
magnetic_norm,19.068,31.286115401843993
magnetic_norm,19.088,32.448414160402415
magnetic_norm,19.109,34.7863641917706
magnetic_norm,19.129,31.437739825248254
magnetic_norm,19.149,32.532309060570846
magnetic_norm,19.169,32.50957147364456
magnetic_norm,19.189,30.78558924838055
magnetic_norm,19.212,32.20274159105091
magnetic_norm,19.229,32.02005426002586
magnetic_norm,19.249,32.22326023775374
magnetic_norm,19.27,31.958985051742555
magnetic_norm,19.289,30.956562384735168
magnetic_norm,19.309,32.93060632775764
magnetic_norm,19.329,32.46908325141781
magnetic_norm,19.349,31.823550501986734
magnetic_norm,19.368,30.990008537631997
magnetic_norm,19.389,32.79713747512883
magnetic_norm,19.409,32.50469930929225
magnetic_norm,19.429,33.52820879677291
magnetic_norm,19.449,33.507973702277326
magnetic_norm,19.478,32.31152742733621
magnetic_norm,19.488,33.68987131754155
magnetic_norm,19.508,33.15604997564548
magnetic_norm,19.529,33.36548143759506
magnetic_norm,19.549,34.56289789467168
magnetic_norm,19.569,32.79569579704782
magnetic_norm,19.589,33.75676700020686
magnetic_norm,19.609,31.863207377396897
magnetic_norm,19.628,32.4951801887796
magnetic_norm,19.648,32.40532928491476
magnetic_norm,19.669,30.92989779517548
magnetic_norm,19.689,33.55425296050426
magnetic_norm,19.716,31.842104349037616
magnetic_norm,19.729,28.56327469422062
magnetic_norm,19.748,29.17183072940401
magnetic_norm,19.769,29.606594436755138
magnetic_norm,19.789,30.141284577013373
magnetic_norm,19.809,29.3074076134132
magnetic_norm,19.829,28.21611685056971
magnetic_norm,19.849,29.10576421756959
magnetic_norm,19.869,28.171243360939012
magnetic_norm,19.889,30.62049528449042
magnetic_norm,19.909,28.870458304965478
magnetic_norm,19.937,30.994112980330637
magnetic_norm,19.95,29.0083356478358
magnetic_norm,19.969,29.610163484097843
magnetic_norm,19.989,29.950289935658407
magnetic_norm,20.009,28.70968603077411
magnetic_norm,20.029,30.47080002592653
magnetic_norm,20.048,29.661119328329054
magnetic_norm,20.069,28.896554455073012
magnetic_norm,20.089,26.910306749923905
magnetic_norm,20.109,28.836902627102656
magnetic_norm,20.136,29.05120036848738
magnetic_norm,20.149,27.45524425630284
magnetic_norm,20.169,26.72597270890248
magnetic_norm,20.189,26.304459213601028
magnetic_norm,20.212,28.90336894009944
magnetic_norm,20.229,29.04236015073508
magnetic_norm,20.249,28.65531502740818
magnetic_norm,20.269,28.885585786210086
magnetic_norm,20.289,27.950710284803158
magnetic_norm,20.309,28.165259039417712
magnetic_norm,20.329,29.372017160811414
magnetic_norm,20.348,29.393244275917418
magnetic_norm,20.37,29.032304741141445
magnetic_norm,20.389,28.068832375964647
magnetic_norm,20.419,28.351450855732235
magnetic_norm,20.429,30.520104797903297
magnetic_norm,20.449,26.892398461740168
magnetic_norm,20.469,28.941213002481447
magnetic_norm,20.488,28.793860467988694
magnetic_norm,20.509,30.159270596368938
magnetic_norm,20.53,29.94814166980985
magnetic_norm,20.554,30.005823921573977
magnetic_norm,20.569,30.675334411257918
magnetic_norm,20.589,32.938926228343426
magnetic_norm,20.608,30.08810888312032
magnetic_norm,20.632,31.036886130457756
magnetic_norm,20.648,29.630495870028128
magnetic_norm,20.669,29.910841124707627
magnetic_norm,20.689,29.969078067776877
magnetic_norm,20.71,29.216629801151004
magnetic_norm,20.73,29.09866628709127
magnetic_norm,20.749,27.62073025555264
magnetic_norm,20.772,29.643307476140464
magnetic_norm,20.788,28.395828219564244
magnetic_norm,20.809,28.07158143100422
magnetic_norm,20.837,28.98474073594587
magnetic_norm,20.849,25.933778776915656
magnetic_norm,20.869,28.133188544626524
magnetic_norm,20.888,26.892710544843766
magnetic_norm,20.908,28.96858232898022
magnetic_norm,20.932,28.36433965902439
magnetic_norm,20.949,29.971217181614445
magnetic_norm,20.969,28.069852644474302
magnetic_norm,20.99,29.904845659566632
magnetic_norm,21.009,30.92759543177421
magnetic_norm,21.029,30.372083680989043
magnetic_norm,21.048,27.962662747034212
magnetic_norm,21.068,29.42635163038403
magnetic_norm,21.089,28.836172898072032
magnetic_norm,21.109,29.963304228881384
magnetic_norm,21.13,30.713239174987734
magnetic_norm,21.15,29.45465205640277
magnetic_norm,21.168,29.752327795065064
magnetic_norm,21.188,31.169387224486805
magnetic_norm,21.209,29.51262076798677
magnetic_norm,21.229,29.430270073429586
magnetic_norm,21.252,30.81033749072712
magnetic_norm,21.269,31.753608012122147
magnetic_norm,21.289,31.6455303662698
magnetic_norm,21.309,31.95544078509949
magnetic_norm,21.329,31.585319720955813
magnetic_norm,21.349,30.428773436502563
magnetic_norm,21.369,30.83551592267438
magnetic_norm,21.389,33.92595041323467
magnetic_norm,21.409,32.57546624819832
magnetic_norm,21.429,33.051421231374455
magnetic_norm,21.449,32.63817704927775
magnetic_norm,21.469,33.86651409076529
magnetic_norm,21.488,32.4455146665144
magnetic_norm,21.509,33.511999366831276
magnetic_norm,21.533,34.53396944294492
magnetic_norm,21.549,35.24214008647886
magnetic_norm,21.575,35.64554683083855
magnetic_norm,21.589,35.48796693701268
magnetic_norm,21.608,36.4362246837814
magnetic_norm,21.63,35.83149038481375
magnetic_norm,21.653,37.43932593844352
magnetic_norm,21.669,35.80710568221762
magnetic_norm,21.689,35.923713535943094
magnetic_norm,21.709,35.15549722500744
magnetic_norm,21.729,37.73559932113178
magnetic_norm,21.749,37.12188183016192
magnetic_norm,21.769,37.341819849675595
magnetic_norm,21.789,38.31275040831719
magnetic_norm,21.815,37.8163919007024
magnetic_norm,21.829,37.73636757817318
magnetic_norm,21.849,37.69541743600951
magnetic_norm,21.869,36.545388566137994
magnetic_norm,21.89,38.98424894750765
magnetic_norm,21.908,38.22270167600009
magnetic_norm,21.929,38.22325667198584
magnetic_norm,21.949,39.36010618421277
magnetic_norm,21.969,39.3983011411977
magnetic_norm,21.991,38.14447067416856
magnetic_norm,22.009,37.20182100331252
magnetic_norm,22.028,36.53881147887482
magnetic_norm,22.049,37.646629343143076
magnetic_norm,22.069,39.022263872291546
magnetic_norm,22.089,38.59006184110106
magnetic_norm,22.109,37.51715740447964
magnetic_norm,22.129,39.50497123606735
magnetic_norm,22.15,37.76568848256973
magnetic_norm,22.169,54.38836258221974
magnetic_norm,22.188,54.818071243774284
magnetic_norm,22.215,55.00531330869319
magnetic_norm,22.229,55.40029790364398
magnetic_norm,22.249,54.79574458603066
magnetic_norm,22.27,55.987231480936835
magnetic_norm,22.289,54.8790465150407
magnetic_norm,22.308,55.691621121246854
magnetic_norm,22.329,53.89410189204381
magnetic_norm,22.349,54.67134938018275
magnetic_norm,22.374,55.04882886152077
magnetic_norm,22.389,54.28752688164202
magnetic_norm,22.41,53.91865566608192
magnetic_norm,22.441,56.43072235183598
magnetic_norm,22.448,51.545704082639126
magnetic_norm,22.468,54.349453179401955
magnetic_norm,22.489,54.53780797472066
magnetic_norm,22.52,55.45738812175988
magnetic_norm,22.529,55.27994143210998
magnetic_norm,22.549,54.37627799705037
magnetic_norm,22.569,54.156072520655606
magnetic_norm,22.589,56.19689304123057
magnetic_norm,22.609,53.872800464148916
magnetic_norm,22.629,54.46938696495037
magnetic_norm,22.65,54.00000341458323
magnetic_norm,22.669,54.37626190915026
magnetic_norm,22.689,52.27889041298123
magnetic_norm,22.709,52.535328883404866
magnetic_norm,22.732,53.479844452723576
magnetic_norm,22.749,53.496064465879215
magnetic_norm,22.769,53.04349475124175
magnetic_norm,22.789,53.16792808615933
magnetic_norm,22.809,51.731694366703366
magnetic_norm,22.829,53.86969022012751
magnetic_norm,22.858,51.42192724918043
magnetic_norm,22.869,52.732174283590865
magnetic_norm,22.888,53.61016914005231
magnetic_norm,22.909,53.277555165965566
magnetic_norm,22.929,52.06653533280758
magnetic_norm,22.949,52.98457483291721
magnetic_norm,22.969,49.30652886852308
magnetic_norm,22.989,53.82784124560915
magnetic_norm,23.019,52.63892111000187
magnetic_norm,23.028,52.4677158443648
magnetic_norm,23.048,53.037878490872025
magnetic_norm,23.069,53.531361801284305
magnetic_norm,23.089,51.689138966638836
magnetic_norm,23.11,50.967502919998
magnetic_norm,23.129,52.68906645322637
magnetic_norm,23.149,51.080074909400885
magnetic_norm,23.175,51.63237372484924
magnetic_norm,23.188,52.175273114762035
magnetic_norm,23.209,51.73330582866818
magnetic_norm,23.229,50.76885548530225
magnetic_norm,23.249,51.072404354749246
magnetic_norm,23.269,51.76012816976029
magnetic_norm,23.289,51.391972229741334
magnetic_norm,23.308,50.467410135155625
magnetic_norm,23.329,51.43573418293454
magnetic_norm,23.349,51.47948317048259
magnetic_norm,23.369,50.25712194455628
magnetic_norm,23.389,49.89245799943117
magnetic_norm,23.411,51.16487305906274
magnetic_norm,23.428,50.32429573054158
magnetic_norm,23.449,51.615347234737364
magnetic_norm,23.469,50.19167839355947
magnetic_norm,23.499,50.69179645835212
magnetic_norm,23.51,50.26739942460232
magnetic_norm,23.529,51.62094398170672
magnetic_norm,23.55,50.63392282477233
magnetic_norm,23.568,50.663024136444925
magnetic_norm,23.588,49.37751180319843
magnetic_norm,23.609,49.9987269369181
magnetic_norm,23.629,49.86486639646697
magnetic_norm,23.655,48.74356886733885
magnetic_norm,23.669,48.620640532854054
magnetic_norm,23.689,48.1743587910104
magnetic_norm,23.709,47.96801552797968
magnetic_norm,23.728,49.85478696198592
magnetic_norm,23.748,46.66884227660629
magnetic_norm,23.769,48.6465724873809
magnetic_norm,23.789,49.29620334328497
magnetic_norm,23.809,48.15690663082503
magnetic_norm,23.829,48.748792052342175
magnetic_norm,23.848,48.287395239984725
magnetic_norm,23.868,48.8720542339894
magnetic_norm,23.888,46.61947228272752
magnetic_norm,23.909,49.38287951264091
magnetic_norm,23.929,47.53367967162862
magnetic_norm,23.949,48.02188740746246
magnetic_norm,23.969,45.59807665351688
magnetic_norm,23.989,46.070173207564565
magnetic_norm,24.009,47.67120695018641
magnetic_norm,24.029,46.658628120905995
magnetic_norm,24.05,46.84359849932807
magnetic_norm,24.069,45.786369640838586
magnetic_norm,24.089,46.36811150510667
magnetic_norm,24.109,45.974398084559034
magnetic_norm,24.132,45.74233827033224
magnetic_norm,24.149,45.87265768629233
magnetic_norm,24.169,47.41776046377561
magnetic_norm,24.189,45.90858172606458
magnetic_norm,24.209,44.58908281639693
magnetic_norm,24.23,43.38705750906611
magnetic_norm,24.249,44.230286241217165
magnetic_norm,24.269,42.9731502032084
magnetic_norm,24.288,42.397527425252065
magnetic_norm,24.309,42.335369032288
magnetic_norm,24.329,42.669372981390296
magnetic_norm,24.349,43.954773169389746
magnetic_norm,24.37,43.52138752240098
magnetic_norm,24.389,41.32810819762997
magnetic_norm,24.409,42.35009111495513
magnetic_norm,24.429,42.45938028560362
magnetic_norm,24.449,40.73241235775883
magnetic_norm,24.469,40.0731370031721
magnetic_norm,24.489,41.4501439573797
magnetic_norm,24.51,40.44261344114652
magnetic_norm,24.529,38.41249520972962
magnetic_norm,24.549,42.34476742771774
magnetic_norm,24.569,40.86485587381295
magnetic_norm,24.598,40.34080546273846
magnetic_norm,24.609,40.85480866787593
magnetic_norm,24.629,39.95881503911247
magnetic_norm,24.649,41.5406620419379
magnetic_norm,24.672,39.67364198148445
magnetic_norm,24.689,39.8250823530223
magnetic_norm,24.708,41.45975247221697
magnetic_norm,24.729,37.88899789094466
magnetic_norm,24.75,37.5048840569465
magnetic_norm,24.777,38.979175630232355
magnetic_norm,24.789,37.99060487005307
magnetic_norm,24.809,39.24332451647032
magnetic_norm,24.829,38.88007251874024
magnetic_norm,24.849,37.22479484916606
magnetic_norm,24.868,39.112713380050806
magnetic_norm,24.89,36.30111085025504
magnetic_norm,24.909,38.049881171397914
magnetic_norm,24.929,37.825594389431075
magnetic_norm,24.95,36.03544457650355
magnetic_norm,24.969,37.14379091042686
magnetic_norm,24.989,36.68736379368243
magnetic_norm,25.008,37.936294618923434
magnetic_norm,25.029,38.24311811890159
magnetic_norm,25.049,37.59811526262
magnetic_norm,25.069,38.4052292951592
magnetic_norm,25.09,38.011448213827634
magnetic_norm,25.109,38.64957658679782
magnetic_norm,25.128,36.5003000705988
magnetic_norm,25.148,38.86710380016113
magnetic_norm,25.17,40.086368669723626
magnetic_norm,25.19,37.79343795472304
magnetic_norm,25.21,36.5319393241209
magnetic_norm,25.229,36.89247763797861
magnetic_norm,25.249,37.450218519889845
magnetic_norm,25.268,36.60586377812304
magnetic_norm,25.289,38.38880800718491
magnetic_norm,25.309,38.51495096641044
magnetic_norm,25.329,39.58434826111842
magnetic_norm,25.349,38.84109453916045
magnetic_norm,25.37,38.18942353993446
magnetic_norm,25.389,39.764973594248225
magnetic_norm,25.409,39.2520805189674
magnetic_norm,25.429,39.354802855718894
magnetic_norm,25.449,38.70457111293515
magnetic_norm,25.469,37.91730778180329
magnetic_norm,25.489,40.106157960623705
magnetic_norm,25.514,38.09808726999959
magnetic_norm,25.529,39.59649759313632
magnetic_norm,25.549,39.8656968998411
magnetic_norm,25.569,40.75215772731549
magnetic_norm,25.589,38.91862754918909
magnetic_norm,25.609,41.79247859658791
magnetic_norm,25.63,40.821582160975325
magnetic_norm,25.649,41.31228270735604
magnetic_norm,25.669,40.21953670829638
magnetic_norm,25.689,42.19701039780555
magnetic_norm,25.709,41.20113156440609
magnetic_norm,25.729,40.67567821770156
magnetic_norm,25.749,38.553068931149966
magnetic_norm,25.769,39.68551697282021
magnetic_norm,25.79,42.53577080184982
magnetic_norm,25.81,41.625129582230834
magnetic_norm,25.828,40.884657689346014
magnetic_norm,25.849,41.059413411390814
magnetic_norm,25.868,39.94951403808468
magnetic_norm,25.892,38.89412642886135
magnetic_norm,25.909,39.36394934216459
magnetic_norm,25.929,39.869248464324045
magnetic_norm,25.949,40.08308438216178
magnetic_norm,25.969,38.47210332679707
magnetic_norm,25.991,38.490667497300564
magnetic_norm,26.008,38.969354334046955
magnetic_norm,26.029,38.78421523716188
magnetic_norm,26.05,38.90128714274772
magnetic_norm,26.069,38.314568663564515
magnetic_norm,26.09,38.97439063025874
magnetic_norm,26.109,39.25275705376632
magnetic_norm,26.129,39.40641642319181
magnetic_norm,26.149,38.14768757183237
magnetic_norm,26.17,38.625317164872705
magnetic_norm,26.191,39.4590936648322
magnetic_norm,26.212,39.0888351227048
magnetic_norm,26.229,38.04619597169018
magnetic_norm,26.249,37.38220562303006
magnetic_norm,26.27,38.38662452526607
magnetic_norm,26.288,38.244825017575906
magnetic_norm,26.31,38.3492398299824
magnetic_norm,26.33,37.34354929837288
magnetic_norm,26.35,35.98971533247381
magnetic_norm,26.371,36.9924195148479
magnetic_norm,26.389,36.63940986577842
magnetic_norm,26.408,35.99838375278118
magnetic_norm,26.429,35.76981623607397
magnetic_norm,26.449,36.96299923058194
magnetic_norm,26.477,36.98801472936877
magnetic_norm,26.489,35.98883163687731
magnetic_norm,26.509,35.64341500579036
magnetic_norm,26.529,34.807060858574374
magnetic_norm,26.548,33.13193571344726
magnetic_norm,26.569,34.89570453956331
magnetic_norm,26.59,36.552073485491334
magnetic_norm,26.61,35.30900010224028
magnetic_norm,26.63,33.603910630684176
magnetic_norm,26.653,34.311280872112604
magnetic_norm,26.669,34.40224431723169
magnetic_norm,26.694,33.07019716103918
magnetic_norm,26.709,34.3012225319667
magnetic_norm,26.729,33.56148420753321
magnetic_norm,26.749,35.25862380308552
magnetic_norm,26.769,34.61827382774162
magnetic_norm,26.79,34.74776690235287
magnetic_norm,26.811,34.945716510038885
magnetic_norm,26.829,33.58840674101712
magnetic_norm,26.848,34.39882355437477
magnetic_norm,26.87,32.836432343701716
magnetic_norm,26.889,35.523437726380045
magnetic_norm,26.909,33.69214833995081
magnetic_norm,26.929,33.6719621318613
magnetic_norm,26.949,33.61487200723073
magnetic_norm,26.969,32.940079724971845
magnetic_norm,26.99,33.52526741196482
magnetic_norm,27.019,33.07386300012823
magnetic_norm,27.029,34.20116701627302
magnetic_norm,27.05,32.55750752510862
magnetic_norm,27.07,32.94236266674721
magnetic_norm,27.096,33.1087487978254
magnetic_norm,27.109,36.100509411978884
magnetic_norm,27.129,32.466746303910774
magnetic_norm,27.15,34.63326723307383
magnetic_norm,27.169,32.7786755062648
magnetic_norm,27.19,32.8779582383852
magnetic_norm,27.21,32.90938054350919
magnetic_norm,27.229,32.27806017637993
magnetic_norm,27.249,32.31158405483249
magnetic_norm,27.269,35.18050701517818
magnetic_norm,27.29,32.590223922405016
magnetic_norm,27.309,34.34609197201341
magnetic_norm,27.329,33.42374109626272
magnetic_norm,27.35,34.02960540059214
magnetic_norm,27.376,34.5221537387589
magnetic_norm,27.389,33.73842176943824
magnetic_norm,27.409,34.49088366358566
magnetic_norm,27.43,34.14883127978176
magnetic_norm,27.449,33.73842176943824
magnetic_norm,27.47,33.9578029738748
magnetic_norm,27.49,34.30032093155254
magnetic_norm,27.517,34.59397673107285
magnetic_norm,27.528,33.902914287897154
magnetic_norm,27.549,35.292371827882306
magnetic_norm,27.569,34.10283560314316
magnetic_norm,27.607,34.993520234037675
magnetic_norm,27.609,36.81492381443297
magnetic_norm,27.629,36.04596675680235
magnetic_norm,27.649,34.903146715948246
magnetic_norm,27.668,36.46103748894155
magnetic_norm,27.688,34.73642612122048
magnetic_norm,27.709,36.41204910107036
magnetic_norm,27.729,35.24634244242598
magnetic_norm,27.75,35.105360384277574
magnetic_norm,27.77,33.84130548058104
magnetic_norm,27.789,32.920121862547894
magnetic_norm,27.808,36.80306436799795
magnetic_norm,27.829,36.134368712833506
magnetic_norm,27.849,35.37282293002285
magnetic_norm,27.871,36.033670777309105
magnetic_norm,27.889,34.80014680141452
magnetic_norm,27.91,35.00083434166261
magnetic_norm,27.93,35.90695495391526
magnetic_norm,27.949,37.30509819800103
magnetic_norm,27.976,36.591754917450395
magnetic_norm,27.989,35.700105309193475
magnetic_norm,28.009,36.008849468568265
magnetic_norm,28.029,37.498966246751465
magnetic_norm,28.049,37.17899038378397
magnetic_norm,28.07,34.50245355731979
magnetic_norm,28.089,37.01603801479164
magnetic_norm,28.109,36.45426768997699
magnetic_norm,28.129,35.612359169430334
magnetic_norm,28.149,35.89218910797312
magnetic_norm,28.169,36.45426768997699
magnetic_norm,28.19,37.061930331760244
magnetic_norm,28.209,36.37540136788873
magnetic_norm,28.23,36.83432639510666
magnetic_norm,28.249,39.21288501962716
magnetic_norm,28.269,38.75831678674926
magnetic_norm,28.289,37.67269585505541
magnetic_norm,28.309,37.767050739699144
magnetic_norm,28.329,39.576071659842654
magnetic_norm,28.35,38.86217835550396
magnetic_norm,28.369,38.19841215733484
magnetic_norm,28.389,38.7754805339373
magnetic_norm,28.409,40.32392280024353
magnetic_norm,28.429,38.38796545212776
magnetic_norm,28.451,39.703336689754444
magnetic_norm,28.47,38.68201108945869
magnetic_norm,28.489,39.3538246702433
magnetic_norm,28.509,40.244942185338765
magnetic_norm,28.529,40.781159710796615
magnetic_norm,28.55,37.93374529642117
magnetic_norm,28.569,38.93881190791523
magnetic_norm,28.589,39.89256282106353
magnetic_norm,28.613,39.31642541421144
magnetic_norm,28.629,39.52170883157129
magnetic_norm,28.649,38.95098227317258
magnetic_norm,28.669,37.3444066608543
magnetic_norm,28.689,37.81257232052589
magnetic_norm,28.71,37.65873189067518
magnetic_norm,28.729,38.041504404745226
magnetic_norm,28.749,38.69138092392166
magnetic_norm,28.777,40.40552351653175
magnetic_norm,28.789,37.81243285118005
magnetic_norm,28.809,40.37411712951144
magnetic_norm,28.828,39.033631853025156
magnetic_norm,28.849,39.846172287874786
magnetic_norm,28.869,39.06158298923637
magnetic_norm,28.889,38.60796220972431
magnetic_norm,28.91,39.065468593855435
magnetic_norm,28.929,38.0294684953328
magnetic_norm,28.948,38.880633443913965
magnetic_norm,28.968,38.03112470211077
magnetic_norm,28.989,38.52527358468725
magnetic_norm,29.018,38.150606174345384
magnetic_norm,29.029,38.445390133603865
magnetic_norm,29.049,38.6695469764969
magnetic_norm,29.069,36.100996082414404
magnetic_norm,29.088,38.831257628198316
magnetic_norm,29.108,39.17022371282176
magnetic_norm,29.129,38.51115393509394
magnetic_norm,29.149,37.36423862632557
magnetic_norm,29.169,37.22068659596436
magnetic_norm,29.189,38.165352617426464
magnetic_norm,29.209,39.69359132939475
magnetic_norm,29.229,37.79098307136243
magnetic_norm,29.248,38.72684470396473
magnetic_norm,29.269,38.94642894493032
magnetic_norm,29.291,36.932423785205394
magnetic_norm,29.309,37.61346843469108
magnetic_norm,29.329,39.09763632769255
magnetic_norm,29.349,38.28826827338895
magnetic_norm,29.368,38.31411714417426
magnetic_norm,29.389,37.26021971025205
magnetic_norm,29.409,39.37157845705465
magnetic_norm,29.429,36.66544306436583
magnetic_norm,29.45,38.439960287115284
magnetic_norm,29.469,38.87192111569744
magnetic_norm,29.489,41.05020792045395
magnetic_norm,29.509,40.214376697892575
magnetic_norm,29.529,37.550821409957265
magnetic_norm,29.55,40.52363034930978
magnetic_norm,29.574,40.1888131589501
magnetic_norm,29.589,41.81487521280555
magnetic_norm,29.609,43.00630404370968
magnetic_norm,29.629,41.93593445244788
magnetic_norm,29.648,41.408445037667164
magnetic_norm,29.669,43.46117060089391
magnetic_norm,29.689,44.44986006122517
magnetic_norm,29.709,41.8341294665612
magnetic_norm,29.733,43.181217433769746
magnetic_norm,29.749,43.57093838816192
magnetic_norm,29.769,42.92760957006579
magnetic_norm,29.789,42.068505130174344
magnetic_norm,29.808,44.20363598209438
magnetic_norm,29.828,42.7168032563154
magnetic_norm,29.849,43.24423062314218
magnetic_norm,29.87,44.18867565946624
magnetic_norm,29.894,42.00592029256124
magnetic_norm,29.909,42.75711946462846
magnetic_norm,29.928,44.7178742597689
magnetic_norm,29.948,42.728091803431894
magnetic_norm,29.969,45.79819438989926
magnetic_norm,29.989,44.14977319633138
magnetic_norm,30.009,43.01218365315238
magnetic_norm,30.029,41.264158141085346
magnetic_norm,30.049,42.97448740270218
magnetic_norm,30.068,42.11721862477989
magnetic_norm,30.09,41.9738142753015
magnetic_norm,30.108,40.58414006120494
magnetic_norm,30.129,42.47115473324219
magnetic_norm,30.149,42.64466741164724
magnetic_norm,30.169,42.62918025764454
magnetic_norm,30.189,41.81124033169794
magnetic_norm,30.214,42.932789266567625
magnetic_norm,30.228,40.88200488959048
magnetic_norm,30.249,42.51978952999425
magnetic_norm,30.27,43.52653817480209
magnetic_norm,30.289,42.72663895744669
magnetic_norm,30.309,42.306062011903364
magnetic_norm,30.33,43.137285146147114
magnetic_norm,30.348,43.1222344370628
magnetic_norm,30.373,44.51185364450692
magnetic_norm,30.388,43.769156490244406
magnetic_norm,30.41,46.56679049024637
magnetic_norm,30.429,43.6914322237639
magnetic_norm,30.449,43.24106934529949
magnetic_norm,30.473,44.842061599629965
magnetic_norm,30.489,43.068698561658486
magnetic_norm,30.508,43.02476618001558
magnetic_norm,30.528,43.1904369619306
magnetic_norm,30.549,42.90242785752347
magnetic_norm,30.569,45.031810674788595
magnetic_norm,30.589,44.60303674555141
magnetic_norm,30.609,45.76431051635653
magnetic_norm,30.629,46.13506801542078
magnetic_norm,30.65,46.91807519349567
magnetic_norm,30.669,46.869667437880345
magnetic_norm,30.689,45.326086697397656
magnetic_norm,30.709,44.94337061792317
magnetic_norm,30.729,47.27125341010646
magnetic_norm,30.75,46.80850474967135
magnetic_norm,30.771,46.456968496394595
magnetic_norm,30.788,46.54239282055129
magnetic_norm,30.809,47.58452558434843
magnetic_norm,30.83,48.07472833659604
magnetic_norm,30.85,47.48039500980906
magnetic_norm,30.869,47.23717087739273
magnetic_norm,30.889,47.778456127343674
magnetic_norm,30.91,47.58834348346247
magnetic_norm,30.932,48.141988902879866
magnetic_norm,30.949,46.058905755578415
magnetic_norm,30.969,47.61133896813609
magnetic_norm,30.989,47.0827033989129
magnetic_norm,31.009,46.728000831808636
magnetic_norm,31.029,49.92911260877776
magnetic_norm,31.049,47.83175715501418
magnetic_norm,31.068,48.04946425950034
magnetic_norm,31.088,48.08145312118801
magnetic_norm,31.109,49.10438063986764
magnetic_norm,31.129,48.86286481022684
magnetic_norm,31.149,48.76709776313082
magnetic_norm,31.17,45.772936119501885
magnetic_norm,31.189,45.6671829871572
magnetic_norm,31.209,46.230423530952635
magnetic_norm,31.228,45.460479575258695
magnetic_norm,31.249,44.730329385943506
magnetic_norm,31.27,44.35535920973924
magnetic_norm,31.289,45.33096540748949
magnetic_norm,31.309,42.68735953490799
magnetic_norm,31.329,44.56474555380082
magnetic_norm,31.348,44.95146328305125
magnetic_norm,31.369,44.87567753207192
magnetic_norm,31.39,43.20993296352708
magnetic_norm,31.414,43.341830215883874
magnetic_norm,31.429,43.999335060884725
magnetic_norm,31.449,44.530051724551754
magnetic_norm,31.469,43.27125471227984
magnetic_norm,31.496,43.87689670485772
magnetic_norm,31.512,43.80664547189159
magnetic_norm,31.529,43.161170798473584
magnetic_norm,31.549,44.640328253833445
magnetic_norm,31.569,43.49427054337161
magnetic_norm,31.59,44.57129384170657
magnetic_norm,31.609,43.314555754243926
magnetic_norm,31.628,44.67911152419276
magnetic_norm,31.655,43.98042798819725
magnetic_norm,31.669,42.43231881110788
magnetic_norm,31.689,43.718401517124455
magnetic_norm,31.709,44.57668471648043
magnetic_norm,31.729,43.17710029914016
magnetic_norm,31.749,42.02366982398135
magnetic_norm,31.768,41.802717868728394
magnetic_norm,31.788,41.49944082052799
magnetic_norm,31.809,43.048193788328774
magnetic_norm,31.829,42.71660336352835
magnetic_norm,31.849,41.947018760389874
magnetic_norm,31.873,43.08641657645718
magnetic_norm,31.889,42.98409998548882
magnetic_norm,31.908,43.071239588501804
magnetic_norm,31.928,42.12424882238259
magnetic_norm,31.949,43.927729490180845
magnetic_norm,31.974,43.53198761418877
magnetic_norm,31.989,42.95144969904974
magnetic_norm,32.009,45.19332483578194
magnetic_norm,32.029,44.42542604477757
magnetic_norm,32.049,43.978824345217596
magnetic_norm,32.069,43.24156935967403
magnetic_norm,32.089,43.84881029244123
magnetic_norm,32.109,43.247569024888556
magnetic_norm,32.129,45.146344069176855
magnetic_norm,32.15,45.083579097133594
magnetic_norm,32.171,44.00364553434749
magnetic_norm,32.189,44.824976469960376
magnetic_norm,32.209,43.93762845615651
magnetic_norm,32.229,45.22317396230614
magnetic_norm,32.249,43.75908610304552
magnetic_norm,32.27,42.362876134653675
magnetic_norm,32.289,43.51782371146918
magnetic_norm,32.309,43.62925835935684
magnetic_norm,32.329,43.98034228848725
magnetic_norm,32.349,43.87068087715302
magnetic_norm,32.369,41.97882139022605
magnetic_norm,32.389,44.62750997184925
magnetic_norm,32.412,43.84241268477938
magnetic_norm,32.429,43.21841243043872
magnetic_norm,32.449,43.56422250867113
magnetic_norm,32.468,45.7422918711448
magnetic_norm,32.488,43.17343828211976
magnetic_norm,32.509,43.55528498621049
magnetic_norm,32.53,44.33825019923552
magnetic_norm,32.55,44.065388206873884
magnetic_norm,32.571,45.10873466954608
magnetic_norm,32.589,43.962389740834205
magnetic_norm,32.611,43.962389740834205
magnetic_norm,32.629,44.63711376254079
magnetic_norm,32.649,45.49092371698996
magnetic_norm,32.669,45.82795196711288
magnetic_norm,32.689,45.22382408877542
magnetic_norm,32.709,43.99343426450135
magnetic_norm,32.729,45.94008123077418
magnetic_norm,32.749,45.39230558420667
magnetic_norm,32.77,45.39230558420667
magnetic_norm,32.788,43.96197340976063
magnetic_norm,32.809,45.63046275776196
magnetic_norm,32.829,46.52506790079678
magnetic_norm,32.85,46.22275304855289
magnetic_norm,32.869,46.348030087022096
magnetic_norm,32.889,44.8105444715583
magnetic_norm,32.908,45.09690347601485
magnetic_norm,32.928,45.47177207609281
magnetic_norm,32.974,46.82893140957309
magnetic_norm,32.974,45.45061107596629
magnetic_norm,32.989,47.711340999756125
magnetic_norm,33.009,43.90413517383648
magnetic_norm,33.029,48.574534675245516
magnetic_norm,33.049,46.27975847009153
magnetic_norm,33.069,48.37782332152564
magnetic_norm,33.09,47.0011605811229
magnetic_norm,33.109,47.91098714000267
magnetic_norm,33.13,49.016828980954344
magnetic_norm,33.149,47.414268026618316
magnetic_norm,33.169,46.53325990324559
magnetic_norm,33.189,47.158460438292515
magnetic_norm,33.209,47.27202643067569
magnetic_norm,33.229,47.612068864548405
magnetic_norm,33.249,46.05234398065424
magnetic_norm,33.27,46.445784610339025
magnetic_norm,33.289,47.079891266335785
magnetic_norm,33.309,47.98827279554872
magnetic_norm,33.329,47.47501851378786
magnetic_norm,33.349,47.35609400747702
magnetic_norm,33.369,48.073782404627785
magnetic_norm,33.389,47.443404446376995
magnetic_norm,33.409,48.08255016726443
magnetic_norm,33.429,49.36421196032359
magnetic_norm,33.451,49.41486319076985
magnetic_norm,33.468,48.22028342953825
magnetic_norm,33.489,49.45141858657853
magnetic_norm,33.512,50.42791777676339
magnetic_norm,33.529,51.766389453606955
magnetic_norm,33.549,51.67300590963825
magnetic_norm,33.569,50.56242660686886
magnetic_norm,33.589,51.34808005880068
magnetic_norm,33.608,51.331234546813725
magnetic_norm,33.629,51.12848933691469
magnetic_norm,33.649,52.018174567344744
magnetic_norm,33.669,52.70687032719264
magnetic_norm,33.689,52.359347858524764
magnetic_norm,33.709,53.085410237536124
magnetic_norm,33.729,53.14933461154533
magnetic_norm,33.749,53.35317359644597
magnetic_norm,33.769,51.6462184811241
magnetic_norm,33.789,52.80317446316561
magnetic_norm,33.811,53.158220862934265
magnetic_norm,33.829,53.72912586042138
magnetic_norm,33.849,54.238827571330305
magnetic_norm,33.869,53.12101801900077
magnetic_norm,33.896,54.70664621323458
magnetic_norm,33.908,54.93399116303134
magnetic_norm,33.929,55.35862459703104
magnetic_norm,33.949,55.10181353322231
magnetic_norm,33.969,53.649392594884176
magnetic_norm,33.99,55.22588486842022
magnetic_norm,34.009,54.694556687571755
magnetic_norm,34.029,54.3924240541595
magnetic_norm,34.051,55.50185940398766
magnetic_norm,34.07,55.20370285746246
magnetic_norm,34.089,54.90573374976432
magnetic_norm,34.109,54.713983168724845
magnetic_norm,34.13,53.969376220686605
magnetic_norm,34.149,53.6451709458783
magnetic_norm,34.17,53.822410887333945
magnetic_norm,34.189,53.94901826690184
magnetic_norm,34.209,53.52287495886697
magnetic_norm,34.229,54.14229411236657
magnetic_norm,34.249,55.30400435908787
magnetic_norm,34.269,53.7725589770238
magnetic_norm,34.289,53.37224119767227
magnetic_norm,34.308,53.936098849471875
magnetic_norm,34.328,53.51084545935542
magnetic_norm,34.349,52.5654168334562
magnetic_norm,34.372,52.55967813471654
magnetic_norm,34.389,52.91549646015806
magnetic_norm,34.41,54.6052699637361
magnetic_norm,34.43,53.34080617641628
magnetic_norm,34.451,52.89045678688171
magnetic_norm,34.468,53.68063465731847
magnetic_norm,34.489,53.41959971981274
magnetic_norm,34.511,53.21521419716367
magnetic_norm,34.529,53.80880540452928
magnetic_norm,34.549,52.769905530401516
magnetic_norm,34.57,52.41836763661666
magnetic_norm,34.588,49.78975435380766
magnetic_norm,34.608,51.063632476181176
magnetic_norm,34.629,51.06155351668717
magnetic_norm,34.65,49.56902762701231
magnetic_norm,34.67,48.836556249135775
magnetic_norm,34.693,49.83209002954324
magnetic_norm,34.71,49.260222102879325
magnetic_norm,34.729,47.405192688670766
magnetic_norm,34.748,48.38789698816749
magnetic_norm,34.769,47.59700333595068
magnetic_norm,34.789,47.80459423227551
magnetic_norm,34.809,45.88284515821251
magnetic_norm,34.829,46.20192511938776
magnetic_norm,34.85,46.884931620671146
magnetic_norm,34.869,44.130998309578366
magnetic_norm,34.889,45.047576966330844
magnetic_norm,34.909,45.10093919989365
magnetic_norm,34.929,44.47285909012378
magnetic_norm,34.95,44.54175270883489
magnetic_norm,34.969,43.76920337477597
magnetic_norm,34.99,43.53570090339657
magnetic_norm,35.018,44.73990876918504
magnetic_norm,35.028,42.60609413936579
magnetic_norm,35.048,43.85853005787486
magnetic_norm,35.075,45.692140786600376
magnetic_norm,35.089,42.31570269666456
magnetic_norm,35.109,43.50116908084202
magnetic_norm,35.129,42.23559361693642
magnetic_norm,35.15,43.948424139836916
magnetic_norm,35.169,43.93630839251864
magnetic_norm,35.188,43.46931310223349
magnetic_norm,35.212,42.27602801224945
magnetic_norm,35.229,42.413432707692984
magnetic_norm,35.249,42.19301060529764
magnetic_norm,35.269,42.44942441085038
magnetic_norm,35.292,44.13639587361558
magnetic_norm,35.308,42.71233178456781
magnetic_norm,35.329,42.92994069221979
magnetic_norm,35.349,41.70191623429922
magnetic_norm,35.37,42.415482567542576
magnetic_norm,35.39,40.80399905769046
magnetic_norm,35.409,41.11832677620771
magnetic_norm,35.429,42.873891761682906
magnetic_norm,35.448,41.9802821769639
magnetic_norm,35.468,40.87919015715703
magnetic_norm,35.489,41.16395704603128
magnetic_norm,35.509,42.101233177158846
magnetic_norm,35.529,42.9091292716364
magnetic_norm,35.549,41.30936495290747
magnetic_norm,35.57,41.79812696640855
magnetic_norm,35.589,39.5127715192982
magnetic_norm,35.609,41.120493473753605
magnetic_norm,35.629,42.11532158846707
magnetic_norm,35.65,40.673612261206905
magnetic_norm,35.67,40.83845662607739
magnetic_norm,35.69,40.07996596649004
magnetic_norm,35.71,41.04538284111569
magnetic_norm,35.729,43.00180605933324
magnetic_norm,35.748,40.277644815393565
magnetic_norm,35.769,42.2783017292708
magnetic_norm,35.789,39.13143574704363
magnetic_norm,35.81,40.01907771065263
magnetic_norm,35.829,39.58818183456081
magnetic_norm,35.848,40.773131045518305
magnetic_norm,35.869,40.356056055845
magnetic_norm,35.889,40.708340536369214
magnetic_norm,35.91,41.89194076102233
magnetic_norm,35.93,39.532426365896136
magnetic_norm,35.949,41.24280673444766
magnetic_norm,35.969,39.877710527914275
magnetic_norm,35.989,39.174604267146194
magnetic_norm,36.009,42.088576791904046
magnetic_norm,36.029,39.097185100880345
magnetic_norm,36.05,39.774359727404835
magnetic_norm,36.07,40.71046875338087
magnetic_norm,36.089,39.52722413856051
magnetic_norm,36.109,39.95077993950819
magnetic_norm,36.129,40.560072635382454
magnetic_norm,36.149,38.956411162830506
magnetic_norm,36.169,40.7000761246678
magnetic_norm,36.192,40.560072635382454
magnetic_norm,36.209,39.21093803344591
magnetic_norm,36.229,40.645455515207985
magnetic_norm,36.249,37.928740714331774
magnetic_norm,36.269,39.31134139787142
magnetic_norm,36.289,40.580440948365144
magnetic_norm,36.309,39.8165598447116
magnetic_norm,36.329,40.77319622517359
magnetic_norm,36.349,40.13177827763497
magnetic_norm,36.369,41.30248049405755
magnetic_norm,36.39,39.800279804763946
magnetic_norm,36.409,40.258027149929994
magnetic_norm,36.429,40.22789974197025
magnetic_norm,36.448,38.748888088885856
magnetic_norm,36.47,40.058759575984126
magnetic_norm,36.49,40.980386983646014
magnetic_norm,36.509,38.8029970255778
magnetic_norm,36.529,41.25101269893272
magnetic_norm,36.549,39.739731512697134
magnetic_norm,36.569,39.995478963565425
magnetic_norm,36.589,40.884550203183416
magnetic_norm,36.616,38.08533196241702
magnetic_norm,36.629,39.33607897907626
magnetic_norm,36.649,38.99130178674475
magnetic_norm,36.669,39.750928648256135
magnetic_norm,36.689,40.45338249222808
magnetic_norm,36.708,40.67539206270036
magnetic_norm,36.729,42.34859658610306
magnetic_norm,36.749,40.80021972597084
magnetic_norm,36.769,42.79091791783509
magnetic_norm,36.789,41.773559518297674
magnetic_norm,36.81,39.49185469625356
magnetic_norm,36.829,41.69220364168831
magnetic_norm,36.848,41.52222680760877
magnetic_norm,36.868,43.45587200851001
magnetic_norm,36.888,42.177822550171534
magnetic_norm,36.913,43.17687517482598
magnetic_norm,36.929,42.114768607327704
magnetic_norm,36.949,41.73016409744879
magnetic_norm,36.969,42.59439817349818
magnetic_norm,36.988,43.79738462290875
magnetic_norm,37.008,43.57361782188282
magnetic_norm,37.029,43.529944021380366
magnetic_norm,37.049,43.32732576951303
magnetic_norm,37.069,45.150861001341944
magnetic_norm,37.09,43.58913810873649
magnetic_norm,37.109,42.38791428387941
magnetic_norm,37.128,44.54606201029447
magnetic_norm,37.149,43.419032945688116
magnetic_norm,37.168,43.16889623328362
magnetic_norm,37.19,44.07809291804722
magnetic_norm,37.21,43.294949925112576
magnetic_norm,37.229,43.40573287659136
magnetic_norm,37.25,44.939933185113894
magnetic_norm,37.268,44.98395257116707
magnetic_norm,37.289,42.52205833035372
magnetic_norm,37.309,44.1601710042545
magnetic_norm,37.329,44.82626350603521
magnetic_norm,37.349,45.03584238040301
magnetic_norm,37.369,44.863959067663664
magnetic_norm,37.389,43.69311087703082
magnetic_norm,37.409,44.70979076919283
magnetic_norm,37.429,44.20305205612235
magnetic_norm,37.449,46.229192310838755
magnetic_norm,37.471,45.613458907582995
magnetic_norm,37.489,46.136640031270254
magnetic_norm,37.509,43.26938415251025
magnetic_norm,37.529,45.452389282907994
magnetic_norm,37.549,45.417571569307064
magnetic_norm,37.568,45.667691071644136
magnetic_norm,37.588,43.3974799533338
magnetic_norm,37.609,43.29459857726192
magnetic_norm,37.629,45.27729378874706
magnetic_norm,37.649,46.45987272079537
magnetic_norm,37.669,45.09604873766668
magnetic_norm,37.689,44.46626660880139
magnetic_norm,37.71,45.056500320153596
magnetic_norm,37.734,43.65335506264096
magnetic_norm,37.749,46.04222656422318
magnetic_norm,37.769,46.998836809821796
magnetic_norm,37.79,44.893100260925415
magnetic_norm,37.809,45.19249988479841
magnetic_norm,37.829,44.17931210074471
magnetic_norm,37.854,45.21751628760706
magnetic_norm,37.868,45.26035196767158
magnetic_norm,37.889,44.620732026155835
magnetic_norm,37.909,44.27486284479048
magnetic_norm,37.929,45.61152586934583
magnetic_norm,37.95,43.956195532171584
magnetic_norm,37.969,45.483984556118806
magnetic_norm,37.988,43.917383374923425
magnetic_norm,38.009,43.70942036377861
magnetic_norm,38.029,45.96773088047758
magnetic_norm,38.055,44.95556009544315
magnetic_norm,38.069,45.543264923723946
magnetic_norm,38.089,45.37827402816243
magnetic_norm,38.109,44.91169853551522
magnetic_norm,38.129,45.59376373721525
magnetic_norm,38.149,45.10524633828651
magnetic_norm,38.17,45.23386628868357
magnetic_norm,38.19,45.3644506604566
magnetic_norm,38.209,46.103582480784546
magnetic_norm,38.229,45.00173326203679
magnetic_norm,38.25,45.05216256532536
magnetic_norm,38.27,44.97966092193926
magnetic_norm,38.288,45.05345015940793
magnetic_norm,38.309,45.405369150960695
magnetic_norm,38.329,45.94811111120351
magnetic_norm,38.35,46.93995749225813
magnetic_norm,38.369,46.59146582852093
magnetic_norm,38.389,43.289498765116235
magnetic_norm,38.408,45.04539654295991
magnetic_norm,38.428,45.240816575024375
magnetic_norm,38.449,45.032661372802565
magnetic_norm,38.469,43.81006937979561
magnetic_norm,38.489,43.24781823946445
magnetic_norm,38.509,46.09759374983696
magnetic_norm,38.529,43.44251590659777
magnetic_norm,38.55,43.78562441135799
magnetic_norm,38.568,45.120639072518685
magnetic_norm,38.589,44.68342902701753
magnetic_norm,38.609,43.80367425975827
magnetic_norm,38.629,45.09479945930575
magnetic_norm,38.649,43.101374644261696
magnetic_norm,38.669,43.72060305079293
magnetic_norm,38.689,44.52977432123367
magnetic_norm,38.709,44.153039534243945
magnetic_norm,38.73,44.29161807441681
magnetic_norm,38.749,44.6108356007821
magnetic_norm,38.769,42.41878269116171
magnetic_norm,38.795,41.97056429704638
magnetic_norm,38.809,42.76132526302253
magnetic_norm,38.829,42.2704159574105
magnetic_norm,38.849,41.94749065340511
magnetic_norm,38.869,41.96260993551288
magnetic_norm,38.889,42.406705506028175
magnetic_norm,38.913,40.797712194588804
magnetic_norm,38.929,42.08731860565306
magnetic_norm,38.949,41.84809360734072
magnetic_norm,38.968,43.647245916552414
magnetic_norm,38.988,43.788002691233814
magnetic_norm,39.009,42.42873168664721
magnetic_norm,39.029,42.49862366291996
magnetic_norm,39.051,43.51779734028368
magnetic_norm,39.069,42.72042683621916
magnetic_norm,39.089,43.15169018524941
magnetic_norm,39.109,42.88243876795605
magnetic_norm,39.129,43.306308095934526
magnetic_norm,39.149,42.207267187209645
magnetic_norm,39.169,42.73589824543004
magnetic_norm,39.19,42.77422588969325
magnetic_norm,39.209,43.0894844164444
magnetic_norm,39.23,42.59172947621419
magnetic_norm,39.249,42.828406758409194
magnetic_norm,39.271,43.554682675976515
magnetic_norm,39.289,42.933415244480656
magnetic_norm,39.309,42.57857488294435
magnetic_norm,39.333,43.92283107593363
magnetic_norm,39.349,42.94336775583052
magnetic_norm,39.369,42.84586519505127
magnetic_norm,39.389,41.772744553117406
magnetic_norm,39.408,42.566010406999034
magnetic_norm,39.429,42.26398338124328
magnetic_norm,39.449,43.81470616770698
magnetic_norm,39.469,42.1115983874989
magnetic_norm,39.492,43.925559325835714
magnetic_norm,39.509,42.47603993017716
magnetic_norm,39.529,42.564701209599725
magnetic_norm,39.548,43.99068586971001
magnetic_norm,39.568,41.84244542163506
magnetic_norm,39.59,42.16161584338306
magnetic_norm,39.609,42.105017615778394
magnetic_norm,39.63,44.76455317617393
magnetic_norm,39.654,42.520969551063864
magnetic_norm,39.668,43.32022112997588
magnetic_norm,39.688,42.74207839983344
magnetic_norm,39.708,42.53653943963942
magnetic_norm,39.729,41.89223759018489
magnetic_norm,39.75,42.368173927194555
magnetic_norm,39.769,43.3658164835796
magnetic_norm,39.789,43.829022664069306
magnetic_norm,39.809,43.65323279351726
magnetic_norm,39.829,41.75526156171821
magnetic_norm,39.848,44.00172004805608
magnetic_norm,39.87,43.58225625770783
magnetic_norm,39.889,41.46564778012047
magnetic_norm,39.909,42.25367550417959
magnetic_norm,39.929,42.76583854491818
magnetic_norm,39.949,42.0777865053225
magnetic_norm,39.969,44.08809230180526
magnetic_norm,39.989,43.057834301959645
magnetic_norm,40.009,42.105017615778394
magnetic_norm,40.029,42.63587150584001
magnetic_norm,40.05,42.64094643063167
magnetic_norm,40.071,44.18755003561529
magnetic_norm,40.089,43.30847844576742
magnetic_norm,40.108,43.23757581953466
magnetic_norm,40.133,42.91020180665084
magnetic_norm,40.152,43.165716334552016
magnetic_norm,40.169,44.949997162402624
magnetic_norm,40.192,43.30582740809833
magnetic_norm,40.209,42.94157015905455
magnetic_norm,40.229,44.13762183628054
magnetic_norm,40.249,44.068846948836786
magnetic_norm,40.269,42.87300179920927
magnetic_norm,40.29,41.942768085958626
magnetic_norm,40.309,43.88811932488109
magnetic_norm,40.33,43.00070259571359
magnetic_norm,40.35,42.66650151538675
magnetic_norm,40.369,45.41358797416805
magnetic_norm,40.388,41.30921281521235
magnetic_norm,40.408,40.298849693105396
magnetic_norm,40.429,41.433989056691175
magnetic_norm,40.449,43.522053946103
magnetic_norm,40.469,42.09355428061404
magnetic_norm,40.489,44.226449813714446
magnetic_norm,40.509,44.24070002525956
magnetic_norm,40.529,43.933765334734396
magnetic_norm,40.549,43.90037787251951
magnetic_norm,40.569,42.55185041173309
magnetic_norm,40.589,43.686361304902704
magnetic_norm,40.609,44.021658783347796
magnetic_norm,40.629,42.97275293034541
magnetic_norm,40.649,44.24732392967404
magnetic_norm,40.676,46.17782797918282
magnetic_norm,40.689,44.48980703135832
magnetic_norm,40.709,44.77449142215359
magnetic_norm,40.73,45.560282794200305
magnetic_norm,40.749,44.39953530626767
magnetic_norm,40.769,44.28356960036093
magnetic_norm,40.789,44.67174540151195
magnetic_norm,40.809,44.3225942870846
magnetic_norm,40.828,44.79359435092259
magnetic_norm,40.849,45.22534986962512
magnetic_norm,40.869,46.28261416612083
magnetic_norm,40.889,44.38724494153707
magnetic_norm,40.916,46.860003759603025
magnetic_norm,40.93,44.48912475369688
magnetic_norm,40.948,45.597552103292784
magnetic_norm,40.969,45.6900843301914
magnetic_norm,40.989,44.939387973636336
magnetic_norm,41.011,45.91010008149088
magnetic_norm,41.029,45.67815154110893
magnetic_norm,41.049,43.92192324887429
magnetic_norm,41.069,46.459371111353846
magnetic_norm,41.089,45.08712270801387
magnetic_norm,41.108,45.62137401092826
magnetic_norm,41.13,44.248134061378835
magnetic_norm,41.149,45.01981174216539
magnetic_norm,41.17,45.22684202218869
magnetic_norm,41.189,45.28238467977922
magnetic_norm,41.209,45.859886532649654
magnetic_norm,41.229,44.32117969188104
magnetic_norm,41.248,43.47922112204864
magnetic_norm,41.269,45.654690681790846
magnetic_norm,41.289,45.611198243002825
magnetic_norm,41.309,45.931596475764955
magnetic_norm,41.334,47.18068204056084
magnetic_norm,41.349,45.36705505691883
magnetic_norm,41.368,43.25959963623686
magnetic_norm,41.389,43.650271321751305
magnetic_norm,41.417,43.44994549306137
magnetic_norm,41.429,43.54569760593469
magnetic_norm,41.449,44.781041559612596
magnetic_norm,41.469,44.87877816944775
magnetic_norm,41.49,44.13188150943152
magnetic_norm,41.508,45.35544780927645
magnetic_norm,41.529,44.32497107444074
magnetic_norm,41.548,42.27664331888827
magnetic_norm,41.577,45.27948976690505
magnetic_norm,41.59,43.99920797417836
magnetic_norm,41.61,45.943434299554845
magnetic_norm,41.629,44.75574727409319
magnetic_norm,41.649,44.17921377398539
magnetic_norm,41.668,43.985386622718245
magnetic_norm,41.69,44.489123512185536
magnetic_norm,41.709,43.78875170471874
magnetic_norm,41.729,42.76589342718097
magnetic_norm,41.749,42.32756691182488
magnetic_norm,41.769,43.52074347769412
magnetic_norm,41.788,42.49260311807227
magnetic_norm,41.808,44.43693397276654
magnetic_norm,41.829,44.51976856998484
magnetic_norm,41.849,42.721245634490856
magnetic_norm,41.87,42.17213887276468
magnetic_norm,41.889,42.471400102745655
magnetic_norm,41.909,41.9790433268643
magnetic_norm,41.928,42.40161381488044
magnetic_norm,41.949,44.55912453619921
magnetic_norm,41.968,43.93675660324171
magnetic_norm,41.989,41.729853847695274
magnetic_norm,42.009,41.89173884559462
magnetic_norm,42.031,44.715775478012276
magnetic_norm,42.049,42.542004577681915
magnetic_norm,42.069,42.882341005360246
magnetic_norm,42.089,42.28255660508839
magnetic_norm,42.109,43.34645646243763
magnetic_norm,42.129,43.84225695533368
magnetic_norm,42.149,42.73434335007969
magnetic_norm,42.169,43.21855758577568
magnetic_norm,42.189,43.68836463479164
magnetic_norm,42.212,42.05685311471252
magnetic_norm,42.228,44.48795459559813
magnetic_norm,42.248,42.14790762600208
magnetic_norm,42.269,43.303971139925586
magnetic_norm,42.29,43.602082275964854
magnetic_norm,42.309,42.84858401656937
magnetic_norm,42.329,41.74500860492186
magnetic_norm,42.349,41.43712605600517
magnetic_norm,42.369,41.40533254135269
magnetic_norm,42.388,42.3344690043468
magnetic_norm,42.409,40.70611181459732
magnetic_norm,42.429,41.04275638374268
magnetic_norm,42.449,40.62931179041186
magnetic_norm,42.469,41.80321054566274
magnetic_norm,42.489,41.13064978288697
magnetic_norm,42.508,39.9819690814028
magnetic_norm,42.529,40.19412874522229
magnetic_norm,42.549,41.23288455104741
magnetic_norm,42.569,39.91343465081651
magnetic_norm,42.59,38.25772440387039
magnetic_norm,42.609,39.578820697217594
magnetic_norm,42.629,39.8816890398966
magnetic_norm,42.649,39.835968700880166
magnetic_norm,42.669,39.53258239816874
magnetic_norm,42.689,39.2995214069141
magnetic_norm,42.709,39.08505119590173
magnetic_norm,42.737,37.827731644423366
magnetic_norm,42.749,38.86782741307391
magnetic_norm,42.769,37.66463241670506
magnetic_norm,42.789,39.59910366415036
magnetic_norm,42.809,38.67758114602708
magnetic_norm,42.829,37.56149215027274
magnetic_norm,42.85,39.08718470145458
magnetic_norm,42.869,39.297117755950104
magnetic_norm,42.889,40.03966908754529
magnetic_norm,42.909,38.31524987717038
magnetic_norm,42.928,38.7606813770411
magnetic_norm,42.95,40.161519596100945
magnetic_norm,42.973,38.652164295943706
magnetic_norm,42.989,40.501680038334534
magnetic_norm,43.009,40.6716029381988
magnetic_norm,43.029,40.32747105727063
magnetic_norm,43.049,39.612770946659424
magnetic_norm,43.068,40.80942561161575
magnetic_norm,43.088,41.02901814828759
magnetic_norm,43.11,42.58193469682904
magnetic_norm,43.132,39.37227850785377
magnetic_norm,43.15,40.94282646649013
magnetic_norm,43.169,41.9562568812449
magnetic_norm,43.189,41.15874504796039
magnetic_norm,43.208,40.12169708789125
magnetic_norm,43.229,40.17123942029298
magnetic_norm,43.249,40.022338223953255
magnetic_norm,43.269,41.38189566782194
magnetic_norm,43.289,39.910233665214285
magnetic_norm,43.309,40.68927051631687
magnetic_norm,43.329,41.42900304330897
magnetic_norm,43.348,41.44207876032227
magnetic_norm,43.369,39.595916366148174
magnetic_norm,43.39,42.97749544774859
magnetic_norm,43.409,40.233030684361204
magnetic_norm,43.43,41.88372716894355
magnetic_norm,43.449,41.727233550015136
magnetic_norm,43.469,41.426430931079494
magnetic_norm,43.496,41.73339608684523
magnetic_norm,43.509,42.48912442538101
magnetic_norm,43.529,43.02413202785163
magnetic_norm,43.549,41.430546645158145
magnetic_norm,43.569,41.88524641431037
magnetic_norm,43.59,40.819339973963324
magnetic_norm,43.61,42.18139346026877
magnetic_norm,43.629,39.9158612153427
magnetic_norm,43.649,41.78074792413368
magnetic_norm,43.67,40.95347774774451
magnetic_norm,43.689,42.54102653715602
magnetic_norm,43.711,40.48359526351385
magnetic_norm,43.729,42.20353717625465
magnetic_norm,43.75,41.83011960597292
magnetic_norm,43.769,41.68126364867078
magnetic_norm,43.789,42.738263191489196
magnetic_norm,43.809,41.600032739620595
magnetic_norm,43.829,42.61669441061224
magnetic_norm,43.849,43.483871311240264
magnetic_norm,43.869,42.577097871537745
magnetic_norm,43.889,41.612537161743745
magnetic_norm,43.909,41.7058111185211
magnetic_norm,43.93,40.0949598478101
magnetic_norm,43.949,42.44804544970239
magnetic_norm,43.969,42.15821242030139
magnetic_norm,43.989,42.258537024044074
magnetic_norm,44.01,41.52964848514864
magnetic_norm,44.029,41.76059681820303
magnetic_norm,44.049,42.33601359248559
magnetic_norm,44.069,40.74608070001953
magnetic_norm,44.088,41.50611922235087
magnetic_norm,44.109,41.600679756429564
magnetic_norm,44.13,40.875146215334816
magnetic_norm,44.15,40.63705159826437
magnetic_norm,44.169,41.23418406386264
magnetic_norm,44.189,42.393599298714996
magnetic_norm,44.209,42.52898873744825
magnetic_norm,44.229,42.50402094982456
magnetic_norm,44.25,40.836423884682894
magnetic_norm,44.27,40.8393981996858
magnetic_norm,44.292,42.35105794871009
magnetic_norm,44.309,42.68737189283852
magnetic_norm,44.328,42.35912589914362
magnetic_norm,44.349,39.84929302788828
magnetic_norm,44.371,42.31785788151386
magnetic_norm,44.39,41.92669323682721
magnetic_norm,44.409,41.97449819891726
magnetic_norm,44.43,42.033882820960635
magnetic_norm,44.455,43.08552950550799
magnetic_norm,44.469,44.216128395643246
magnetic_norm,44.488,42.63083309297685
magnetic_norm,44.509,43.117894795113784
magnetic_norm,44.545,43.07167441747541
magnetic_norm,44.549,41.224567208765315
magnetic_norm,44.569,43.3258032210599
magnetic_norm,44.589,41.29422030330042
magnetic_norm,44.609,42.85145088602603
magnetic_norm,44.629,41.36842377526608
magnetic_norm,44.649,42.36883214890994
magnetic_norm,44.67,42.282813164009085
magnetic_norm,44.69,41.15595957628737
magnetic_norm,44.709,42.01121921502041
magnetic_norm,44.73,42.84622259823505
magnetic_norm,44.749,42.46734492068589
magnetic_norm,44.769,43.22669778504951
magnetic_norm,44.789,42.06145227030933
magnetic_norm,44.809,41.98620727765846
magnetic_norm,44.83,43.55104936623232
magnetic_norm,44.849,42.39103656735123
magnetic_norm,44.87,42.3438131608386
magnetic_norm,44.89,41.630313852672366
magnetic_norm,44.909,42.026162331487036
magnetic_norm,44.929,43.177354090425695
magnetic_norm,44.95,42.41694442062634
magnetic_norm,44.969,42.48928066188287
magnetic_norm,44.989,43.42414027128238
magnetic_norm,45.01,44.47270019411348
magnetic_norm,45.029,43.282903849268244
magnetic_norm,45.049,42.63486391059562
magnetic_norm,45.068,43.95731860993116
magnetic_norm,45.089,43.12509023077518
magnetic_norm,45.112,43.76297300279095
magnetic_norm,45.129,44.334758602167895
magnetic_norm,45.15,43.46191576489128
magnetic_norm,45.17,45.954480129322036
magnetic_norm,45.189,44.69335092547888
magnetic_norm,45.209,45.34421863989389
magnetic_norm,45.229,44.11833683979943
magnetic_norm,45.249,45.65845196111025
magnetic_norm,45.27,44.59266149729689
magnetic_norm,45.289,45.69994164575059
magnetic_norm,45.312,47.46490623273685
magnetic_norm,45.328,45.24922392378128
magnetic_norm,45.349,45.88674491153468
magnetic_norm,45.369,45.258347309087746
magnetic_norm,45.389,47.28412522691946
magnetic_norm,45.409,47.436995168262484
magnetic_norm,45.43,48.894826944358336
magnetic_norm,45.45,45.52678137256141
magnetic_norm,45.468,46.68081413356567
magnetic_norm,45.488,47.77967538904496
magnetic_norm,45.509,47.57857096175245
magnetic_norm,45.529,46.2709177254056
magnetic_norm,45.554,48.236232656492255
magnetic_norm,45.569,47.53580599466575
magnetic_norm,45.59,46.620784410630634
magnetic_norm,45.612,48.06078914380204
magnetic_norm,45.629,47.26729594153869
magnetic_norm,45.649,47.60545830375582
magnetic_norm,45.669,47.43378691001805
magnetic_norm,45.691,49.12628099525243
magnetic_norm,45.71,49.85395244198302
magnetic_norm,45.732,48.91502357405136
magnetic_norm,45.748,48.292935479089486
magnetic_norm,45.768,47.70258757651414
magnetic_norm,45.79,48.34208828619227
magnetic_norm,45.81,49.74209971819646
magnetic_norm,45.831,47.58539596373035
magnetic_norm,45.85,48.60172670412549
magnetic_norm,45.869,48.14581747177011
magnetic_norm,45.888,48.97974691505162
magnetic_norm,45.908,49.18463460580957
magnetic_norm,45.93,49.61655666576304
magnetic_norm,45.949,50.13182632063696
magnetic_norm,45.969,49.10768541132335
magnetic_norm,45.99,49.471266518808804
magnetic_norm,46.01,49.299246973534075
magnetic_norm,46.028,49.24421632372176
magnetic_norm,46.051,49.835138232488674
magnetic_norm,46.069,50.56443947145563
magnetic_norm,46.09,50.323704148629105
magnetic_norm,46.109,49.549002760537476
magnetic_norm,46.129,48.151861821481006
magnetic_norm,46.149,50.609717205308186
magnetic_norm,46.168,50.415879111273156
magnetic_norm,46.189,49.04755730309109
magnetic_norm,46.208,50.15533247609388
magnetic_norm,46.229,50.089524325077285
magnetic_norm,46.249,48.9650166696082
magnetic_norm,46.277,49.04109724251691
magnetic_norm,46.29,49.109505244911645
magnetic_norm,46.309,48.076950287663884
magnetic_norm,46.329,48.767525814700754
magnetic_norm,46.349,47.2576131692821
magnetic_norm,46.377,49.27514269385731
magnetic_norm,46.389,48.20391757103363
magnetic_norm,46.41,48.24990002316067
magnetic_norm,46.429,48.82341223301597
magnetic_norm,46.449,48.330450255118755
magnetic_norm,46.469,50.20710028442201
magnetic_norm,46.492,50.53008115531282
magnetic_norm,46.509,50.162931526177864
magnetic_norm,46.535,48.68768696677846
magnetic_norm,46.549,48.4057642029077
magnetic_norm,46.569,49.139101950356284
magnetic_norm,46.588,49.72767952365664
magnetic_norm,46.609,50.524491960595256
magnetic_norm,46.628,50.00826282338258
magnetic_norm,46.649,49.228064830566964
magnetic_norm,46.669,49.37885744425442
magnetic_norm,46.691,48.968196578212975
magnetic_norm,46.709,49.089084143269616
magnetic_norm,46.729,49.547355176689386
magnetic_norm,46.749,49.87496123118794
magnetic_norm,46.769,50.194451800846515
magnetic_norm,46.789,48.36869497748532
magnetic_norm,46.809,50.16812593046505
magnetic_norm,46.829,48.384606605432886
magnetic_norm,46.849,50.80210904807013
magnetic_norm,46.869,49.436023998193875
magnetic_norm,46.889,50.925951305297275
magnetic_norm,46.908,47.864018491268666
magnetic_norm,46.929,48.525307918536186
magnetic_norm,46.949,49.93357831559846
magnetic_norm,46.977,50.816199447986115
magnetic_norm,46.989,49.441165291637425
magnetic_norm,47.009,50.173122162169655
magnetic_norm,47.028,48.7655492029209
magnetic_norm,47.049,50.65502373370784
magnetic_norm,47.069,49.76729528251972
magnetic_norm,47.089,49.202909542017984
magnetic_norm,47.109,50.176187689904395
magnetic_norm,47.129,45.42198374961186
magnetic_norm,47.149,50.514121728681104
magnetic_norm,47.173,49.69543293020002
magnetic_norm,47.188,49.05270787238722
magnetic_norm,47.21,49.15603136963472
magnetic_norm,47.229,50.34478136991961
magnetic_norm,47.249,49.619268859656565
magnetic_norm,47.27,48.63821920246978
magnetic_norm,47.289,47.42109647219262
magnetic_norm,47.309,49.95689000903678
magnetic_norm,47.335,48.680904162990345
magnetic_norm,47.349,49.18596045951541
magnetic_norm,47.369,47.08994095411991
magnetic_norm,47.389,47.04979670745139
magnetic_norm,47.409,48.68382309825825
magnetic_norm,47.429,47.68749237116588
magnetic_norm,47.449,47.489078732773
magnetic_norm,47.469,48.638423628894046
magnetic_norm,47.489,49.20098820196612
magnetic_norm,47.509,47.91644055723472
magnetic_norm,47.529,48.12660792768383
magnetic_norm,47.549,47.896563527172844
magnetic_norm,47.569,48.02683576007272
magnetic_norm,47.588,47.825413700615286
magnetic_norm,47.608,48.85855341889995
magnetic_norm,47.63,49.051619828452154
magnetic_norm,47.649,47.38868041262597
magnetic_norm,47.669,48.216969233351996
magnetic_norm,47.689,48.53081736767886
magnetic_norm,47.709,47.816433719276894
magnetic_norm,47.73,45.58916276883959
magnetic_norm,47.749,45.4827750039782
magnetic_norm,47.769,46.16578511016042
magnetic_norm,47.789,45.95357394248575
magnetic_norm,47.809,47.61959020219519
magnetic_norm,47.829,46.08724445616704
magnetic_norm,47.849,46.02742733096756
magnetic_norm,47.868,46.11452524517096
magnetic_norm,47.888,47.37354366166588
magnetic_norm,47.91,46.73294851132871
magnetic_norm,47.929,44.746403975626954
magnetic_norm,47.949,45.82451581127191
magnetic_norm,47.974,45.88214266601986
magnetic_norm,47.989,45.57659778438939
magnetic_norm,48.008,45.38485838691139
magnetic_norm,48.029,43.87395832096758
magnetic_norm,48.049,45.4807947964028
magnetic_norm,48.069,45.738800193872656
magnetic_norm,48.089,44.014014547215524
magnetic_norm,48.116,44.5831659087823
magnetic_norm,48.129,44.49620031558877
magnetic_norm,48.148,46.503464183058504
magnetic_norm,48.169,43.74097215354854
magnetic_norm,48.189,44.28162138164658
magnetic_norm,48.209,43.470318555596094
magnetic_norm,48.229,44.42161270006983
magnetic_norm,48.249,44.17195212108585
magnetic_norm,48.269,44.950367461929616
magnetic_norm,48.288,43.653221807216035
magnetic_norm,48.308,43.48728627527248
magnetic_norm,48.333,43.774683058675656
magnetic_norm,48.349,45.781933015382826
magnetic_norm,48.369,44.95969385738744
magnetic_norm,48.39,42.51467094001205
magnetic_norm,48.409,42.428649215477066
magnetic_norm,48.429,43.74825717500079
magnetic_norm,48.449,43.62935664521081
magnetic_norm,48.468,45.66928703885698
magnetic_norm,48.489,43.604201211723876
magnetic_norm,48.51,43.42490368728527
magnetic_norm,48.529,41.69908103753607
magnetic_norm,48.549,43.380038018223374
magnetic_norm,48.568,43.70722440183663
magnetic_norm,48.588,42.03889319502242
magnetic_norm,48.615,41.634331724251325
magnetic_norm,48.629,43.598331482265515
magnetic_norm,48.649,42.555651982139814
magnetic_norm,48.669,42.49710415810717
magnetic_norm,48.689,42.217027684780234
magnetic_norm,48.708,43.071270550536426
magnetic_norm,48.729,42.6658612679682
magnetic_norm,48.749,41.83325462834563
magnetic_norm,48.769,42.34074599558341
magnetic_norm,48.789,43.14083346986938
magnetic_norm,48.809,42.317897533726914
magnetic_norm,48.833,43.92729071147008
magnetic_norm,48.849,42.114948382967405
magnetic_norm,48.869,43.58667170664111
magnetic_norm,48.889,41.115029582258735
magnetic_norm,48.91,41.944223566839334
magnetic_norm,48.932,43.1765293355372
magnetic_norm,48.949,42.598329112478126
magnetic_norm,48.969,41.41168879329247
magnetic_norm,48.989,43.547548612551104
magnetic_norm,49.009,44.336499648709314
magnetic_norm,49.028,42.6579972169639
magnetic_norm,49.049,42.27752926999165
magnetic_norm,49.069,42.56900866269969
magnetic_norm,49.09,41.492750555066856
magnetic_norm,49.109,41.942144862000085
magnetic_norm,49.129,41.81265589836409
magnetic_norm,49.149,42.58009701169092
magnetic_norm,49.169,41.66225477380591
magnetic_norm,49.189,44.1661891680163
magnetic_norm,49.209,42.717261670049744
magnetic_norm,49.233,42.05018571079684
magnetic_norm,49.249,41.83817587084797
magnetic_norm,49.269,42.69849524485618
magnetic_norm,49.299,42.54248192292618
magnetic_norm,49.309,43.760645763631096
magnetic_norm,49.329,43.106847712254584
magnetic_norm,49.35,42.17118575090704
magnetic_norm,49.369,42.106046781163165
magnetic_norm,49.389,40.885403894758184
magnetic_norm,49.412,43.28268687708757
magnetic_norm,49.428,43.14829822788501
magnetic_norm,49.448,41.51089706300027
magnetic_norm,49.469,43.058191943578024
magnetic_norm,49.489,41.18747155431506
magnetic_norm,49.509,42.19720402659996
magnetic_norm,49.529,43.95718888006271
magnetic_norm,49.549,42.471305735902504
magnetic_norm,49.569,41.092872195339524
magnetic_norm,49.589,42.54789492853911
magnetic_norm,49.61,43.951606531644664
magnetic_norm,49.629,42.8198032092045
magnetic_norm,49.649,43.26726990361769
magnetic_norm,49.67,42.74386591605867
magnetic_norm,49.695,42.38645630357651
magnetic_norm,49.708,44.160346147590374
magnetic_norm,49.728,42.09381779771827
magnetic_norm,49.749,42.227508241666435
magnetic_norm,49.769,43.516887885624364
magnetic_norm,49.789,41.31196635661396
magnetic_norm,49.809,43.32138442732417
magnetic_norm,49.829,42.0457001952935
magnetic_norm,49.849,42.26403986369505
magnetic_norm,49.869,43.657497745232725
magnetic_norm,49.889,42.92260385711705
magnetic_norm,49.909,43.94641670375414
magnetic_norm,49.929,44.31048005452552
magnetic_norm,49.949,44.12184266933447
magnetic_norm,49.969,43.4245147494477
magnetic_norm,49.989,43.89293703860565
magnetic_norm,50.009,42.51450905073473
magnetic_norm,50.029,42.82410296389762
magnetic_norm,50.05,42.617183537424246
magnetic_norm,50.069,42.41677894683901
magnetic_norm,50.09,44.0653642686067
magnetic_norm,50.109,44.13408965839229
magnetic_norm,50.133,44.42188933693056
magnetic_norm,50.148,44.463067690640784
magnetic_norm,50.169,43.166758097956674
magnetic_norm,50.189,43.394573708587124
magnetic_norm,50.209,43.37271191068765
magnetic_norm,50.23,42.971262305173255
magnetic_norm,50.25,43.275837171711665
magnetic_norm,50.269,44.94189545986031
magnetic_norm,50.29,43.43716442877581
magnetic_norm,50.309,44.46113009486493
magnetic_norm,50.329,42.99318169053088
magnetic_norm,50.35,44.46245739033663
magnetic_norm,50.37,43.08832614656209
magnetic_norm,50.389,44.75433904885657
magnetic_norm,50.409,44.428773955906145
magnetic_norm,50.428,44.549231123836485
magnetic_norm,50.456,45.30666933893412
magnetic_norm,50.469,44.232385372880465
magnetic_norm,50.489,44.17515955234345
magnetic_norm,50.51,44.972811010793066
magnetic_norm,50.531,44.466190051122034
magnetic_norm,50.549,43.510754405089436
magnetic_norm,50.568,44.26791368502704
magnetic_norm,50.589,46.35495077807232
magnetic_norm,50.609,44.307218584842374
magnetic_norm,50.629,45.62536435566853
magnetic_norm,50.649,45.17275199954619
magnetic_norm,50.67,46.133571905527845
magnetic_norm,50.689,44.75352686479031
magnetic_norm,50.708,44.061457651075386
magnetic_norm,50.73,46.40272521078374
magnetic_norm,50.749,45.341198670469666
magnetic_norm,50.769,45.59193139142058
magnetic_norm,50.789,45.11473991446712
magnetic_norm,50.809,46.723427417758145
magnetic_norm,50.828,45.24835636932029
magnetic_norm,50.848,46.530452276976675
magnetic_norm,50.868,45.37402250393399
magnetic_norm,50.889,46.35741369713695
magnetic_norm,50.909,46.744155063227
magnetic_norm,50.938,46.7108012587828
magnetic_norm,50.949,46.20743805546896
magnetic_norm,50.969,46.72147404794191
magnetic_norm,50.989,46.60262665384325
magnetic_norm,51.009,48.23832711107434
magnetic_norm,51.029,47.849637592279684
magnetic_norm,51.049,48.25815102783156
magnetic_norm,51.069,46.58694998991143
magnetic_norm,51.089,46.953605794443526
magnetic_norm,51.109,47.876020543822364
magnetic_norm,51.128,47.74399872300707
magnetic_norm,51.148,46.972327954738425
magnetic_norm,51.173,46.8312886670066
magnetic_norm,51.189,49.58695206339569
magnetic_norm,51.209,47.96238662965492
magnetic_norm,51.23,47.873746426669065
magnetic_norm,51.249,47.76245174690051
magnetic_norm,51.269,47.79281954057025
magnetic_norm,51.289,46.55241844523229
magnetic_norm,51.309,47.128288181038364
magnetic_norm,51.338,48.14325429148932
magnetic_norm,51.349,49.211039937066005
magnetic_norm,51.369,50.11576266667509
magnetic_norm,51.388,48.650599382869885
magnetic_norm,51.409,49.04387863179257
magnetic_norm,51.429,48.05961677788852
magnetic_norm,51.45,47.64940756334233
magnetic_norm,51.469,49.4417168774255
magnetic_norm,51.493,48.41863221232608
magnetic_norm,51.509,47.825996960858106
magnetic_norm,51.529,48.07234341294903
magnetic_norm,51.549,47.887841581788805
magnetic_norm,51.571,49.029995403834185
magnetic_norm,51.589,48.491946316630816
magnetic_norm,51.61,49.145643172233534
magnetic_norm,51.631,50.2654646423616
magnetic_norm,51.649,49.35714475434383
magnetic_norm,51.669,47.81828086495796
magnetic_norm,51.689,48.9706770897647
magnetic_norm,51.709,49.28759473958686
magnetic_norm,51.729,49.87682481688022
magnetic_norm,51.749,49.828719456642254
magnetic_norm,51.769,49.529034505580704
magnetic_norm,51.789,51.52382981749804
magnetic_norm,51.809,51.52382981749804
magnetic_norm,51.828,49.76348113011698
magnetic_norm,51.848,50.12928919903018
magnetic_norm,51.87,49.492151400045245
magnetic_norm,51.89,50.482922158760786
magnetic_norm,51.91,49.727228004459526
magnetic_norm,51.929,50.86864718972291
magnetic_norm,51.949,50.86864718972291
magnetic_norm,51.969,50.67083391472604
magnetic_norm,51.989,50.69774682160442
magnetic_norm,52.01,51.69607333589278
magnetic_norm,52.029,50.179124210546995
magnetic_norm,52.049,51.69607333589278
magnetic_norm,52.069,49.82982359428446
magnetic_norm,52.089,51.42663282082059
magnetic_norm,52.109,51.40407910712198
magnetic_norm,52.129,49.44407528865318
magnetic_norm,52.149,50.18687503750358
magnetic_norm,52.171,52.541240533794024
magnetic_norm,52.189,48.330189039900404
magnetic_norm,52.209,51.14776715423415
magnetic_norm,52.229,51.66454325358209
magnetic_norm,52.248,50.12175616162108
magnetic_norm,52.268,50.87989234282546
magnetic_norm,52.289,50.89850473896558
magnetic_norm,52.309,49.78981211678751
magnetic_norm,52.329,50.78983939505039
magnetic_norm,52.349,52.24897528086081
magnetic_norm,52.369,50.9447895385289
magnetic_norm,52.389,52.05136824095022
magnetic_norm,52.408,49.858002326482286
magnetic_norm,52.429,53.798250413001384
magnetic_norm,52.449,49.622256736317425
magnetic_norm,52.469,50.831918474025784
magnetic_norm,52.489,50.322689404743215
magnetic_norm,52.509,51.663761362777336
magnetic_norm,52.528,52.30599854976008
magnetic_norm,52.549,51.93611337488351
magnetic_norm,52.569,53.65772107162213
magnetic_norm,52.589,51.49090650693827
magnetic_norm,52.609,49.7945815906962
magnetic_norm,52.629,52.006730941773306
magnetic_norm,52.649,50.92064031706605
magnetic_norm,52.668,47.99247011250827
magnetic_norm,52.688,50.03552516401477
magnetic_norm,52.709,49.606839021701475
magnetic_norm,52.729,55.754481872088185
magnetic_norm,52.749,51.107255296398606
magnetic_norm,52.769,51.20743431061793
magnetic_norm,52.789,49.13591295045815
magnetic_norm,52.808,49.916577169313285
magnetic_norm,52.828,49.690779372912836
magnetic_norm,52.849,49.845432302970366
magnetic_norm,52.869,50.871421630985516
magnetic_norm,52.889,51.65723022409363
magnetic_norm,52.909,51.60589651083973
magnetic_norm,52.929,53.208738361299766
magnetic_norm,52.948,51.085842213743575
magnetic_norm,52.968,51.40767728255678
magnetic_norm,52.989,51.95381738264764
magnetic_norm,53.009,54.07088447972716
magnetic_norm,53.029,49.70886226368502
magnetic_norm,53.049,51.10685268042584
magnetic_norm,53.069,51.12525520102079
magnetic_norm,53.089,49.216718880376455
magnetic_norm,53.108,53.07910891443077
magnetic_norm,53.128,50.82899339107557
magnetic_norm,53.149,50.33671738589536
magnetic_norm,53.169,49.82596626460198
magnetic_norm,53.189,52.27682363770301
magnetic_norm,53.209,52.252728187208206
magnetic_norm,53.228,51.29866723820671
magnetic_norm,53.248,52.769042771306744
magnetic_norm,53.268,49.90611226450628
magnetic_norm,53.289,52.54741241393348
pressure,0.115,998.933
pressure,0.275,998.9283
pressure,0.435,998.92615
pressure,0.595,998.9249
pressure,0.755,998.9294
pressure,0.918,998.9336
pressure,1.075,998.93317
pressure,1.235,998.93024
pressure,1.395,998.93085
pressure,1.555,998.9364
pressure,1.715,998.94403
pressure,1.875,998.9487
pressure,2.035,998.93976
pressure,2.195,998.92554
pressure,2.359,998.9347
pressure,2.518,998.94403
pressure,2.675,998.94
pressure,2.835,998.9323
pressure,2.995,998.9389
pressure,3.155,998.9413
pressure,3.315,998.92365
pressure,3.475,998.91833
pressure,3.635,998.9281
pressure,3.795,998.9287
pressure,3.955,998.9317
pressure,4.115,998.94745
pressure,4.275,998.95404
pressure,4.44,998.93744
pressure,4.601,998.9247
pressure,4.755,998.9491
pressure,4.915,998.9538
pressure,5.077,998.93805
pressure,5.235,998.937
pressure,5.397,998.961
pressure,5.555,998.9487
pressure,5.716,998.93976
pressure,5.885,998.94763
pressure,6.035,998.93616
pressure,6.195,998.90704
pressure,6.355,998.91895
pressure,6.521,998.93256
pressure,6.681,998.9281
pressure,6.835,998.92255
pressure,6.996,998.9283
pressure,7.155,998.927
pressure,7.315,998.9194
pressure,7.496,998.9202
pressure,7.635,998.92535
pressure,7.795,998.92236
pressure,7.955,998.9202
pressure,8.115,998.9198
pressure,8.276,998.91833
pressure,8.435,998.9145
pressure,8.595,998.9102
pressure,8.755,998.9164
pressure,8.915,998.9238
pressure,9.075,998.923
pressure,9.235,998.9166
pressure,9.41,998.9164
pressure,9.555,998.9234
pressure,9.715,998.9158
pressure,9.875,998.906
pressure,10.035,998.91174
pressure,10.195,998.93933
pressure,10.355,998.9406
pressure,10.515,998.934
pressure,10.675,998.9432
pressure,10.835,998.9442
pressure,10.998,998.92615
pressure,11.158,998.93805
pressure,11.315,998.9483
pressure,11.475,998.93915
pressure,11.644,998.9294
pressure,11.795,998.9404
pressure,11.955,998.93555
pressure,12.115,998.9196
pressure,12.275,998.9334
pressure,12.435,998.9538
pressure,12.595,998.94574
pressure,12.755,998.93726
pressure,12.915,998.9621
pressure,13.088,998.9651
pressure,13.242,998.94257
pressure,13.395,998.94507
pressure,13.555,998.94507
pressure,13.715,998.9319
pressure,13.877,998.9315
pressure,14.035,998.94977
pressure,14.195,998.95447
pressure,14.357,998.9483
pressure,14.524,998.96674
pressure,14.683,998.97845
pressure,14.835,998.95483
pressure,15.002,998.9245
pressure,15.162,998.9578
pressure,15.315,998.9604
pressure,15.475,998.94086
pressure,15.635,998.9317
pressure,15.795,998.92236
pressure,15.955,998.91406
pressure,16.115,998.9194
pressure,16.275,998.9245
pressure,16.435,998.9128
pressure,16.602,998.8977
pressure,16.755,998.9196
pressure,16.915,998.9417
pressure,17.075,998.9442
pressure,17.235,998.9304
pressure,17.395,998.9264
pressure,17.555,998.93616
pressure,17.715,998.9294
pressure,17.875,998.91595
pressure,18.035,998.9175
pressure,18.195,998.923
pressure,18.355,998.9126
pressure,18.515,998.90894
pressure,18.675,998.91724
pressure,18.835,998.92194
pressure,18.996,998.90643
pressure,19.155,998.91364
pressure,19.328,998.94147
pressure,19.478,998.94464
pressure,19.635,998.927
pressure,19.795,998.92896
pressure,19.955,998.93427
pressure,20.115,998.91364
pressure,20.277,998.9126
pressure,20.435,998.9389
pressure,20.595,998.9438
pressure,20.755,998.92236
pressure,20.915,998.9285
pressure,21.075,998.9376
pressure,21.235,998.92365
pressure,21.395,998.92
pressure,21.555,998.9449
pressure,21.715,998.94104
pressure,21.875,998.9264
pressure,22.035,998.93066
pressure,22.195,998.93976
pressure,22.355,998.92365
pressure,22.52,998.92365
pressure,22.675,998.927
pressure,22.835,998.92065
pressure,23.007,998.9149
pressure,23.155,998.9298
pressure,23.316,998.9366
pressure,23.475,998.9304
pressure,23.635,998.9402
pressure,23.801,998.95123
pressure,23.955,998.9336
pressure,24.116,998.91876
pressure,24.275,998.92065
pressure,24.448,998.93256
pressure,24.599,998.927
pressure,24.755,998.9192
pressure,24.915,998.9198
pressure,25.075,998.91876
pressure,25.235,998.91595
pressure,25.395,998.91364
pressure,25.556,998.9132
pressure,25.715,998.91766
pressure,25.882,998.9294
pressure,26.04,998.92255
pressure,26.195,998.90045
pressure,26.355,998.9247
pressure,26.521,998.94574
pressure,26.675,998.9315
pressure,26.841,998.9049
pressure,26.995,998.90814
pressure,27.155,998.9113
pressure,27.32,998.9062
pressure,27.475,998.91364
pressure,27.635,998.92535
pressure,27.795,998.9258
pressure,27.955,998.9192
pressure,28.115,998.91534
pressure,28.275,998.91364
pressure,28.435,998.91425
pressure,28.604,998.9162
pressure,28.755,998.9147
pressure,28.915,998.90576
pressure,29.076,998.90027
pressure,29.235,998.91174
pressure,29.395,998.93915
pressure,29.555,998.92365
pressure,29.715,998.91003
pressure,29.875,998.92615
pressure,30.04,998.9419
pressure,30.195,998.9285
pressure,30.355,998.94275
pressure,30.515,998.9638
pressure,30.675,998.95105
pressure,30.835,998.9192
pressure,31.003,998.91364
pressure,31.155,998.9349
pressure,31.315,998.9258
pressure,31.475,998.92236
pressure,31.635,998.93726
pressure,31.795,998.9368
pressure,31.955,998.9115
pressure,32.115,998.9096
pressure,32.275,998.9111
pressure,32.435,998.90216
pressure,32.595,998.89667
pressure,32.755,998.90173
pressure,32.915,998.9047
pressure,33.075,998.9032
pressure,33.235,998.90045
pressure,33.395,998.89984
pressure,33.555,998.8964
pressure,33.715,998.89874
pressure,33.875,998.91064
pressure,34.042,998.9221
pressure,34.195,998.92957
pressure,34.355,998.9217
pressure,34.515,998.9185
pressure,34.675,998.92365
pressure,34.836,998.9285
pressure,34.995,998.92365
pressure,35.155,998.9066
pressure,35.315,998.906
pressure,35.475,998.9122
pressure,35.635,998.91064
pressure,35.795,998.90875
pressure,35.955,998.90894
pressure,36.115,998.9066
pressure,36.275,998.90686
pressure,36.435,998.90686
pressure,36.595,998.903
pressure,36.757,998.90045
pressure,36.915,998.9056
pressure,37.075,998.91766
pressure,37.24,998.9311
pressure,37.395,998.934
pressure,37.561,998.93
pressure,37.715,998.94934
pressure,37.875,998.9578
pressure,38.035,998.9336
pressure,38.195,998.90216
pressure,38.355,998.9217
pressure,38.515,998.94257
pressure,38.683,998.93066
pressure,38.835,998.93085
pressure,38.995,998.9479
pressure,39.155,998.9268
pressure,39.315,998.9126
pressure,39.475,998.91406
pressure,39.635,998.92236
pressure,39.795,998.923
pressure,39.956,998.9162
pressure,40.115,998.9168
pressure,40.275,998.9175
pressure,40.435,998.91345
pressure,40.595,998.9079
pressure,40.76,998.9075
pressure,40.917,998.9132
pressure,41.075,998.92236
pressure,41.235,998.92255
pressure,41.406,998.9056
pressure,41.555,998.9158
pressure,41.715,998.9455
pressure,41.877,998.94147
pressure,42.035,998.9168
pressure,42.195,998.91425
pressure,42.358,998.93256
pressure,42.515,998.92084
pressure,42.675,998.8996
pressure,42.835,998.89667
pressure,42.995,998.89703
pressure,43.155,998.8964
pressure,43.315,998.9062
pressure,43.475,998.91766
pressure,43.636,998.92255
pressure,43.795,998.91345
pressure,43.955,998.91174
pressure,44.115,998.91724
pressure,44.287,998.9158
pressure,44.435,998.9077
pressure,44.595,998.90155
pressure,44.755,998.903
pressure,44.921,998.90344
pressure,45.075,998.90216
pressure,45.244,998.8996
pressure,45.395,998.8992
pressure,45.556,998.9139
pressure,45.715,998.9164
pressure,45.88,998.9166
pressure,46.035,998.9287
pressure,46.195,998.93933
pressure,46.355,998.9192
pressure,46.515,998.90814
pressure,46.675,998.91833
pressure,46.837,998.9277
pressure,46.995,998.91364
pressure,47.163,998.9198
pressure,47.315,998.943
pressure,47.476,998.94104
pressure,47.635,998.9102
pressure,47.795,998.8941
pressure,47.964,998.9126
pressure,48.116,998.89984
pressure,48.275,998.88837
pressure,48.435,998.9039
pressure,48.595,998.9126
pressure,48.755,998.89856
pressure,48.915,998.89496
pressure,49.076,998.90405
pressure,49.236,998.9049
pressure,49.395,998.89496
pressure,49.555,998.89496
pressure,49.715,998.9007
pressure,49.875,998.9032
pressure,50.035,998.8996
pressure,50.195,998.89703
pressure,50.355,998.8996
pressure,50.515,998.9009
pressure,50.675,998.9007
pressure,50.845,998.9045
pressure,51.004,998.9113
pressure,51.155,998.9024
pressure,51.315,998.88556
pressure,51.486,998.88135
pressure,51.635,998.88794
pressure,51.795,998.90027
pressure,51.955,998.9036
pressure,52.115,998.89746
pressure,52.283,998.89685
pressure,52.435,998.9028
pressure,52.595,998.9073
pressure,52.755,998.9062
pressure,52.922,998.9096
pressure,53.076,998.9111
pressure,53.235,998.9092
device_yaw,0.001,96.35903283246277
device_yaw,0.051,96.37223102352763
device_yaw,0.101,96.33634433114916
device_yaw,0.151,96.27473895367332
device_yaw,0.201,96.19186282417962
device_yaw,0.251,96.08525112041372
device_yaw,0.301,95.934916921153
device_yaw,0.351,95.76222330702161
device_yaw,0.401,95.58576120923075
device_yaw,0.451,95.41270371095737
device_yaw,0.501,95.21586744297055
device_yaw,0.551,95.03682019244572
device_yaw,0.601,94.88380008994518
device_yaw,0.651,94.80460409807246
device_yaw,0.701,94.80262783806057
device_yaw,0.751,94.88828693056266
device_yaw,0.801,95.07416127518758
device_yaw,0.851,95.36953671539827
device_yaw,0.901,95.81562633067283
device_yaw,0.951,96.40178892368395
device_yaw,1.001,97.09677354142954
device_yaw,1.051,97.8668713026494
device_yaw,1.101,98.72365512799425
device_yaw,1.151,99.65275143587255
device_yaw,1.201,100.64074621321701
device_yaw,1.251,101.63697239115827
device_yaw,1.301,102.62902349380064
device_yaw,1.351,103.64087003988222
device_yaw,1.401,104.68040396855041
device_yaw,1.451,105.74804898435387
device_yaw,1.501,106.8391787039808
device_yaw,1.551,107.94646252346735
device_yaw,1.601,109.05872532039916
device_yaw,1.651,110.07081812185505
device_yaw,1.701,111.04964982012558
device_yaw,1.751,112.01921546868994
device_yaw,1.801,113.10082061359967
device_yaw,1.851,114.31973626139312
device_yaw,1.901,115.69676224365699
device_yaw,1.951,117.26238859680664
device_yaw,2.001,118.90531105628193
device_yaw,2.051,120.65799849542901
device_yaw,2.101,122.55929965508886
device_yaw,2.151,124.69121508746557
device_yaw,2.201,127.06238110359298
device_yaw,2.251,129.64910555309
device_yaw,2.301,132.39419515707309
device_yaw,2.351,135.20569155046286
device_yaw,2.401,138.0110231016726
device_yaw,2.451,140.70875346686685
device_yaw,2.501,143.24546539763762
device_yaw,2.551,145.6181398061212
device_yaw,2.601,147.84418973362642
device_yaw,2.651,149.81734129413798
device_yaw,2.701,151.5163858291473
device_yaw,2.751,153.06357039159386
device_yaw,2.801,154.40745713437278
device_yaw,2.851,155.60684270887708
device_yaw,2.901,156.62921887196023
device_yaw,2.951,157.49449855760113
device_yaw,3.001,158.21693500702264
device_yaw,3.051,158.88236964343434
device_yaw,3.101,159.59717775096306
device_yaw,3.151,160.31217693871568
device_yaw,3.201,161.17848512271624
device_yaw,3.251,162.30957981433093
device_yaw,3.301,163.59050718870918
device_yaw,3.351,165.03762187160385
device_yaw,3.401,166.51152861706908
device_yaw,3.451,168.13750657284908
device_yaw,3.501,169.93431108802704
device_yaw,3.551,171.83543853151178
device_yaw,3.601,173.65054402600188
device_yaw,3.651,175.3244844404486
device_yaw,3.701,176.87298680594992
device_yaw,3.751,178.2589238282809
device_yaw,3.801,179.35209742010937
device_yaw,3.851,180.221701280829
device_yaw,3.901,180.877680045772
device_yaw,3.951,181.3722736076575
device_yaw,4.001,181.71539666858192
device_yaw,4.051,181.89390757020874
device_yaw,4.101,181.95969133232902
device_yaw,4.151,181.8756867992346
device_yaw,4.201,181.6347767551539
device_yaw,4.251,181.41741523775966
device_yaw,4.301,181.3166429253548
device_yaw,4.351,181.3015455173668
device_yaw,4.401,181.31186246921195
device_yaw,4.451,181.5370374048887
device_yaw,4.501,182.01685539712187
device_yaw,4.551,182.65515077169215
device_yaw,4.601,183.5125000331611
device_yaw,4.651,184.6662083603594
device_yaw,4.701,186.15656058996785
device_yaw,4.751,187.92298340663936
device_yaw,4.801,189.86343498292518
device_yaw,4.851,191.91636408175876
device_yaw,4.901,193.88404208366276
device_yaw,4.951,195.6339639920073
device_yaw,5.001,197.1044705514757
device_yaw,5.051,198.37364661371655
device_yaw,5.101,199.44555352585473
device_yaw,5.151,200.089158897789
device_yaw,5.201,200.18470087881542
device_yaw,5.251,199.7806509716449
device_yaw,5.301,198.95323615585536
device_yaw,5.351,197.7752376078726
device_yaw,5.401,196.24594674433857
device_yaw,5.451,194.6654833115399
device_yaw,5.501,193.0726763600637
device_yaw,5.551,191.3635216038975
device_yaw,5.601,189.70269775745118
device_yaw,5.651,188.0845689635771
device_yaw,5.701,185.93009270052983
device_yaw,5.751,183.34101038715718
device_yaw,5.801,181.06554073761407
device_yaw,5.851,178.99504044521626
device_yaw,5.901,177.04194922022046
device_yaw,5.951,175.13755571312615
device_yaw,6.001,173.2864081224843
device_yaw,6.051,171.52816899276849
device_yaw,6.101,170.01558840275902
device_yaw,6.151,168.47695015954292
device_yaw,6.201,166.88381511003826
device_yaw,6.251,165.93373996363164
device_yaw,6.301,166.44779174659186
device_yaw,6.351,167.30782534528163
device_yaw,6.401,168.4002701194646
device_yaw,6.451,169.65265141447952
device_yaw,6.501,170.98225740432903
device_yaw,6.551,172.2855719183358
device_yaw,6.601,173.74501856821738
device_yaw,6.651,175.2014072221835
device_yaw,6.701,176.6450790008871
device_yaw,6.751,178.05829759703408
device_yaw,6.801,179.55317479324546
device_yaw,6.851,180.29666179971665
device_yaw,6.901,180.7275345865447
device_yaw,6.951,180.99267763233476
device_yaw,7.001,181.078917386636
device_yaw,7.051,181.08324428941597
device_yaw,7.101,181.00661599398393
device_yaw,7.151,180.83770697144138
device_yaw,7.201,180.49676948452765
device_yaw,7.251,180.13315768055799
device_yaw,7.301,179.80403993760643
device_yaw,7.351,179.3881254623412
device_yaw,7.401,178.92478619153883
device_yaw,7.451,178.37924434585983
device_yaw,7.501,177.88099712988048
device_yaw,7.551,177.42180128239426
device_yaw,7.601,176.97203625410592
device_yaw,7.651,176.54455994206535
device_yaw,7.701,176.0859933906814
device_yaw,7.751,175.65741565687952
device_yaw,7.801,175.16282460418805
device_yaw,7.851,174.58404302682413
device_yaw,7.901,174.03837586534448
device_yaw,7.951,173.498014396164
device_yaw,8.001,172.97875215668807
device_yaw,8.051,172.40308430406247
device_yaw,8.101,171.7907881196444
device_yaw,8.151,171.19851397609042
device_yaw,8.201,170.65086630489677
device_yaw,8.251,170.15704807055906
device_yaw,8.301,169.74351492054106
device_yaw,8.351,169.40843072380042
device_yaw,8.401,169.20403389970264
device_yaw,8.451,169.11531403447228
device_yaw,8.501,169.01509583009394
device_yaw,8.551,169.02424027660106
device_yaw,8.601,169.13301151541904
device_yaw,8.651,169.27399847167624
device_yaw,8.701,169.46588448188749
device_yaw,8.751,169.6950231257665
device_yaw,8.801,169.9814144197045
device_yaw,8.851,170.3023097964119
device_yaw,8.901,170.6008929133809
device_yaw,8.951,170.7736372525621
device_yaw,9.001,170.8084251259052
device_yaw,9.051,170.85068562851183
device_yaw,9.101,170.78028951376092
device_yaw,9.151,170.61751263806968
device_yaw,9.201,170.48399840667787
device_yaw,9.251,170.29383940819326
device_yaw,9.301,170.10478053798818
device_yaw,9.351,169.76926955322244
device_yaw,9.401,169.31528746341812
device_yaw,9.451,168.80677108354553
device_yaw,9.501,168.33621071795272
device_yaw,9.551,167.9374934856709
device_yaw,9.601,167.64629834742416
device_yaw,9.651,167.46750976024754
device_yaw,9.701,167.42225324873914
device_yaw,9.751,167.44329015961705
device_yaw,9.801,167.6192585819357
device_yaw,9.851,167.82164598685188
device_yaw,9.901,168.21504759233412
device_yaw,9.951,168.79560263130313
device_yaw,10.001,169.59726464980437
device_yaw,10.051,170.5394047613914
device_yaw,10.101,171.5303568579561
device_yaw,10.151,172.53393293521205
device_yaw,10.201,173.58369271534545
device_yaw,10.251,174.67703172869003
device_yaw,10.301,175.7390471684964
device_yaw,10.351,176.66175889251764
device_yaw,10.401,177.46875553041664
device_yaw,10.451,178.09293958840692
device_yaw,10.501,178.4815722626137
device_yaw,10.551,178.5533592252359
device_yaw,10.601,178.37596966868648
device_yaw,10.651,178.03913521271957
device_yaw,10.701,177.63518671297956
device_yaw,10.751,177.2731965362434
device_yaw,10.801,176.94754477458116
device_yaw,10.851,176.73965655126037
device_yaw,10.901,176.65271527965237
device_yaw,10.951,176.87935929094547
device_yaw,11.001,177.4162287238613
device_yaw,11.051,178.25877585610098
device_yaw,11.101,179.38072739692427
device_yaw,11.151,180.736582897248
device_yaw,11.201,182.20303276032968
device_yaw,11.251,183.6171713768598
device_yaw,11.301,184.82713930211227
device_yaw,11.351,185.8595286995777
device_yaw,11.401,186.66054567709037
device_yaw,11.451,187.26917195464327
device_yaw,11.501,187.60987669257776
device_yaw,11.551,187.670674603944
device_yaw,11.601,187.4816459646905
device_yaw,11.651,187.04615602653476
device_yaw,11.701,186.30671263968662
device_yaw,11.751,185.35584558546063
device_yaw,11.801,184.41507727276237
device_yaw,11.851,183.6087557459218
device_yaw,11.901,182.94456424860567
device_yaw,11.951,182.57964202547734
device_yaw,12.001,182.38561885071633
device_yaw,12.051,182.3020541697719
device_yaw,12.101,182.3755310659346
device_yaw,12.151,182.60424955033045
device_yaw,12.201,183.07138895471041
device_yaw,12.251,183.80590583662573
device_yaw,12.301,184.73776856753284
device_yaw,12.351,185.65095100965468
device_yaw,12.401,186.3226514210888
device_yaw,12.451,186.79739367991127
device_yaw,12.501,186.97346888567535
device_yaw,12.551,186.93620771108223
device_yaw,12.601,186.67288763954113
device_yaw,12.651,186.25982231338045
device_yaw,12.701,185.70667398310496
device_yaw,12.751,184.94576125042383
device_yaw,12.801,184.1025258115694
device_yaw,12.851,183.26341606868652
device_yaw,12.901,182.5744303834035
device_yaw,12.951,182.1998652753601
device_yaw,13.001,182.09619569706203
device_yaw,13.051,182.16918066699304
device_yaw,13.101,182.6334022081739
device_yaw,13.151,183.4158391548504
device_yaw,13.201,184.36008174681763
device_yaw,13.251,185.54032061554912
device_yaw,13.301,187.0001649873727
device_yaw,13.351,188.5697027127226
device_yaw,13.401,190.18146827627743
device_yaw,13.451,191.68022921078028
device_yaw,13.501,192.97325819565168
device_yaw,13.551,194.04754800112184
device_yaw,13.601,194.988669151428
device_yaw,13.651,195.6451865479322
device_yaw,13.701,195.98774961563888
device_yaw,13.751,196.07721135552163
device_yaw,13.801,195.84562921415716
device_yaw,13.851,195.12700194520622
device_yaw,13.901,194.0182584597762
device_yaw,13.951,192.512508346647
device_yaw,14.001,190.86195585572793
device_yaw,14.051,189.3068888870994
device_yaw,14.101,187.84848713845267
device_yaw,14.151,186.59454693097234
device_yaw,14.201,185.51701310735686
device_yaw,14.251,184.6519371689997
device_yaw,14.301,184.05149744082348
device_yaw,14.351,183.67603486106407
device_yaw,14.401,183.72143063903692
device_yaw,14.451,184.1955394853287
device_yaw,14.501,185.05003914457254
device_yaw,14.551,185.99413676041925
device_yaw,14.601,186.83006918275058
device_yaw,14.651,187.36113018209855
device_yaw,14.701,187.55497716773164
device_yaw,14.751,187.29014168962303
device_yaw,14.801,186.63485921466992
device_yaw,14.851,185.65047040163944
device_yaw,14.901,184.37369031290748
device_yaw,14.951,182.80503795009045
device_yaw,15.001,180.93433365774075
device_yaw,15.051,178.94383573198348
device_yaw,15.101,177.038710456691
device_yaw,15.151,175.33954655418435
device_yaw,15.201,174.07490429514294
device_yaw,15.251,173.19738679256622
device_yaw,15.301,172.6468852860075
device_yaw,15.351,172.52471314808764
device_yaw,15.401,172.69777714124533
device_yaw,15.451,173.17931436102157
device_yaw,15.501,173.9054098578805
device_yaw,15.551,174.8107481897891
device_yaw,15.601,175.80412651967606
device_yaw,15.651,176.77862714629688
device_yaw,15.701,177.5521242075424
device_yaw,15.751,178.09563214869567
device_yaw,15.801,178.39082187289188
device_yaw,15.851,178.5527130979923
device_yaw,15.901,178.60943923086936
device_yaw,15.951,178.48639280859297
device_yaw,16.001,178.2709813963265
device_yaw,16.051,177.9666295159198
device_yaw,16.101,177.59262301436254
device_yaw,16.151,177.22285714307193
device_yaw,16.201,176.83163382748194
device_yaw,16.251,176.52359710140078
device_yaw,16.301,176.28718486662837
device_yaw,16.351,176.09128265096638
device_yaw,16.401,176.05055577112887
device_yaw,16.451,176.13200190794123
device_yaw,16.501,176.4081171132277
device_yaw,16.551,176.7887103262083
device_yaw,16.601,177.36202071265816
device_yaw,16.651,178.13377883037953
device_yaw,16.701,179.05631538191818
device_yaw,16.751,180.19036058382108
device_yaw,16.801,181.40702956975693
device_yaw,16.851,182.64405507018196
device_yaw,16.901,183.8843698879597
device_yaw,16.951,185.06217092379518
device_yaw,17.001,186.05100123351127
device_yaw,17.051,186.86701375686513
device_yaw,17.101,187.51702843383208
device_yaw,17.151,187.93013624711065
device_yaw,17.201,188.13263964025464
device_yaw,17.251,188.03005986538273
device_yaw,17.301,187.59914768987167
device_yaw,17.351,186.90060801189892
device_yaw,17.401,186.00305984455935
device_yaw,17.451,184.95480510996933
device_yaw,17.501,183.86219677066728
device_yaw,17.551,182.84562288302757
device_yaw,17.601,181.9759205743704
device_yaw,17.651,181.21608699366632
device_yaw,17.701,180.60506935836895
device_yaw,17.751,180.14832504044577
device_yaw,17.801,179.9648651582139
device_yaw,17.851,180.00338028529893
device_yaw,17.901,180.30174366088997
device_yaw,17.951,180.8543341431754
device_yaw,18.001,181.66066875210473
device_yaw,18.051,182.62657450791696
device_yaw,18.101,183.58492558926133
device_yaw,18.151,184.46786179760696
device_yaw,18.201,185.24159511689933
device_yaw,18.251,185.86217202274764
device_yaw,18.301,186.4011414355822
device_yaw,18.351,186.74666113835082
device_yaw,18.401,186.89460525207414
device_yaw,18.451,186.84653961804935
device_yaw,18.501,186.67110801136397
device_yaw,18.551,186.31401759979306
device_yaw,18.601,185.72459002691593
device_yaw,18.651,185.03633263752738
device_yaw,18.701,184.34137298643762
device_yaw,18.751,183.78673663918133
device_yaw,18.801,183.38523340152096
device_yaw,18.851,183.12154157381977
device_yaw,18.901,182.92655067137505
device_yaw,18.951,182.92850116262613
device_yaw,19.001,183.0633915105079
device_yaw,19.051,183.27566327499702
device_yaw,19.101,183.68585395204676
device_yaw,19.151,184.39234883433463
device_yaw,19.201,185.27628070755983
device_yaw,19.251,186.17940509617213
device_yaw,19.301,186.97184888402015
device_yaw,19.351,187.591527482288
device_yaw,19.401,188.03787870289509
device_yaw,19.451,188.37095603104873
device_yaw,19.501,188.4945753329453
device_yaw,19.551,188.43116812467971
device_yaw,19.601,188.2507179071822
device_yaw,19.651,187.9116356595493
device_yaw,19.701,187.3561205245084
device_yaw,19.751,186.5779135170694
device_yaw,19.801,185.64134240865184
device_yaw,19.851,184.67360439599207
device_yaw,19.901,183.87963021854992
device_yaw,19.951,183.20450927490182
device_yaw,20.001,182.86212214307548
device_yaw,20.051,182.69231317485045
device_yaw,20.101,182.73209484043798
device_yaw,20.151,182.87031811437225
device_yaw,20.201,183.1009745207362
device_yaw,20.251,183.5239124360739
device_yaw,20.301,184.15458167462168
device_yaw,20.351,184.9004453936278
device_yaw,20.401,185.62704168295497
device_yaw,20.451,186.13221813601362
device_yaw,20.501,186.4582372411819
device_yaw,20.551,186.49715998035265
device_yaw,20.601,186.3693876432875
device_yaw,20.651,186.12690183697538
device_yaw,20.701,185.7762114472085
device_yaw,20.751,185.2463685223531
device_yaw,20.801,184.4375501714659
device_yaw,20.851,183.3991392889292
device_yaw,20.901,182.20458058042027
device_yaw,20.951,180.9783938762449
device_yaw,21.001,179.9482018689913
device_yaw,21.051,179.05448198426598
device_yaw,21.101,178.3313183726157
device_yaw,21.151,177.8784130885607
device_yaw,21.201,177.42179200049813
device_yaw,21.251,177.0872337701861
device_yaw,21.301,176.92783238005646
device_yaw,21.351,176.9855094591094
device_yaw,21.401,177.295747240181
device_yaw,21.451,177.7920026852598
device_yaw,21.501,178.3257712987506
device_yaw,21.551,178.68189453334088
device_yaw,21.601,178.89107423978047
device_yaw,21.651,178.89153707714743
device_yaw,21.701,178.57029289607055
device_yaw,21.751,178.12275174110607
device_yaw,21.801,177.47457485418602
device_yaw,21.851,176.67407046707578
device_yaw,21.901,175.67863195706815
device_yaw,21.951,174.4088129644124
device_yaw,22.001,172.89190137128435
device_yaw,22.051,171.32347339513623
device_yaw,22.101,169.84132311460235
device_yaw,22.151,168.4805146099
device_yaw,22.201,167.25218314399288
device_yaw,22.251,166.08444752830255
device_yaw,22.301,165.11497515150538
device_yaw,22.351,164.35352566764533
device_yaw,22.401,163.72595531986997
device_yaw,22.451,163.31813014510482
device_yaw,22.501,163.11643121518176
device_yaw,22.551,163.16814184637272
device_yaw,22.601,163.32486396322787
device_yaw,22.651,163.48104553830228
device_yaw,22.701,163.57034168134737
device_yaw,22.751,163.60643492964934
device_yaw,22.801,163.73096694787765
device_yaw,22.851,163.85715512614763
device_yaw,22.901,163.87042996922165
device_yaw,22.951,164.14789018662114
device_yaw,23.001,164.30266546530498
device_yaw,23.051,164.18159102893125
device_yaw,23.101,163.83859937484837
device_yaw,23.151,163.38858747813063
device_yaw,23.201,162.97262152838056
device_yaw,23.251,162.70141786776395
device_yaw,23.301,162.6212979367342
device_yaw,23.351,162.6669773864771
device_yaw,23.401,162.70032282850033
device_yaw,23.451,162.9929504156255
device_yaw,23.501,163.1365393514097
device_yaw,23.551,163.49124833049908
device_yaw,23.601,164.2589191168772
device_yaw,23.651,165.33906576480456
device_yaw,23.701,166.61394723241867
device_yaw,23.751,167.99312259663776
device_yaw,23.801,169.30303198784034
device_yaw,23.851,170.4253655228956
device_yaw,23.901,171.4180085069316
device_yaw,23.951,172.2765309871269
device_yaw,24.001,172.8053373407705
device_yaw,24.051,173.2671166404714
device_yaw,24.101,173.51081244683942
device_yaw,24.151,173.60267108632326
device_yaw,24.201,173.5377982201869
device_yaw,24.251,173.36648824833665
device_yaw,24.301,173.11322525359205
device_yaw,24.351,172.90917068997007
device_yaw,24.401,172.82027826086193
device_yaw,24.451,172.80620187862877
device_yaw,24.501,172.9273345383559
device_yaw,24.551,173.19489810466044
device_yaw,24.601,173.42630571425883
device_yaw,24.651,173.69254640609114
device_yaw,24.701,173.9771716399788
device_yaw,24.751,174.4457905301623
device_yaw,24.801,174.960790149734
device_yaw,24.851,175.43137764370982
device_yaw,24.901,175.8624503979969
device_yaw,24.951,176.24952573940408
device_yaw,25.001,176.6161129586991
device_yaw,25.051,177.00747247543683
device_yaw,25.101,177.4261340265606
device_yaw,25.151,177.86033341803667
device_yaw,25.201,178.3710279141857
device_yaw,25.251,178.91101256043726
device_yaw,25.301,179.3652808748774
device_yaw,25.351,179.87195515500878
device_yaw,25.401,180.53654540815694
device_yaw,25.451,181.15596546383847
device_yaw,25.501,181.70507393983814
device_yaw,25.551,182.18377058598344
device_yaw,25.601,182.50785035928055
device_yaw,25.651,182.61678846191555
device_yaw,25.701,182.4827196586335
device_yaw,25.751,182.18241245830438
device_yaw,25.801,181.7064373107557
device_yaw,25.851,181.11566111168662
device_yaw,25.901,180.41890072720554
device_yaw,25.951,179.57788662658228
device_yaw,26.001,178.80206306113874
device_yaw,26.051,178.02809515012473
device_yaw,26.101,177.40372292848596
device_yaw,26.151,177.04218672920612
device_yaw,26.201,176.99796645097797
device_yaw,26.251,177.27769877562736
device_yaw,26.301,177.76800188664527
device_yaw,26.351,178.3947551981253
device_yaw,26.401,179.02393278996863
device_yaw,26.451,179.55399510411203
device_yaw,26.501,179.89030270280577
device_yaw,26.551,180.0139756118763
device_yaw,26.601,180.07634867015216
device_yaw,26.651,179.88887357523
device_yaw,26.701,179.54089305666608
device_yaw,26.751,178.99814731239164
device_yaw,26.801,178.2863452710311
device_yaw,26.851,177.42910802263796
device_yaw,26.901,176.4742432640922
device_yaw,26.951,175.58276885188508
device_yaw,27.001,174.871165681394
device_yaw,27.051,174.83559101983383
device_yaw,27.101,175.11350896679792
device_yaw,27.151,175.53804648513426
device_yaw,27.201,176.17291561925933
device_yaw,27.251,176.83239839537035
device_yaw,27.301,177.5052836154775
device_yaw,27.351,178.23640315431066
device_yaw,27.401,179.0867793982
device_yaw,27.451,180.04892464498843
device_yaw,27.501,180.9786214000665
device_yaw,27.551,181.81464652859006
device_yaw,27.601,182.141192407659
device_yaw,27.651,182.29162321962053
device_yaw,27.701,182.34811788933305
device_yaw,27.751,182.31327753100513
device_yaw,27.801,182.29137575802596
device_yaw,27.851,182.31230990182357
device_yaw,27.901,182.2984861955277
device_yaw,27.951,182.190881556226
device_yaw,28.001,182.08429586095664
device_yaw,28.051,182.06137057900426
device_yaw,28.101,182.09356282797194
device_yaw,28.151,182.1517170442423
device_yaw,28.201,182.22516381511323
device_yaw,28.251,182.30785534981885
device_yaw,28.301,182.3398223623412
device_yaw,28.351,182.25192233513926
device_yaw,28.401,182.12399856986204
device_yaw,28.451,181.9499632860129
device_yaw,28.501,181.74773120983
device_yaw,28.551,181.4210832422216
device_yaw,28.601,180.9223933333517
device_yaw,28.651,180.35910505219408
device_yaw,28.701,179.82504226926127
device_yaw,28.751,179.3989973308507
device_yaw,28.801,179.09214434822917
device_yaw,28.851,179.1120176812692
device_yaw,28.901,179.51607785749476
device_yaw,28.951,179.95756325719233
device_yaw,29.001,180.60537171897522
device_yaw,29.051,181.46987477077667
device_yaw,29.101,182.61139467740568
device_yaw,29.151,184.09205697669952
device_yaw,29.201,185.79086129842923
device_yaw,29.251,187.56481334223375
device_yaw,29.301,189.35734298909404
device_yaw,29.351,191.11301943426176
device_yaw,29.401,192.66527284600718
device_yaw,29.451,193.97139697034308
device_yaw,29.501,195.18988903913512
device_yaw,29.551,196.07783652225532
device_yaw,29.601,196.6830501047721
device_yaw,29.651,196.9535625248918
device_yaw,29.701,196.8485554851081
device_yaw,29.751,196.34407020377705
device_yaw,29.801,195.38871055138378
device_yaw,29.851,193.99443561319586
device_yaw,29.901,192.37661038331288
device_yaw,29.951,190.67889131200033
device_yaw,30.001,189.0328732959917
device_yaw,30.051,187.62577400366953
device_yaw,30.101,186.4566130195343
device_yaw,30.151,185.65386093486862
device_yaw,30.201,185.25131747527772
device_yaw,30.251,185.45806909739582
device_yaw,30.301,186.36791035837632
device_yaw,30.351,187.99383546999772
device_yaw,30.401,190.17919194316684
device_yaw,30.451,192.71522700337474
device_yaw,30.501,195.46124031399276
device_yaw,30.551,198.23122932950173
device_yaw,30.601,200.80419813889637
device_yaw,30.651,203.05403634960538
device_yaw,30.701,204.52646133114877
device_yaw,30.751,205.48187354066852
device_yaw,30.801,205.98361695515405
device_yaw,30.851,205.80690701974655
device_yaw,30.901,204.96980066627103
device_yaw,30.951,203.3944822938796
device_yaw,31.001,201.25191612633088
device_yaw,31.051,198.8289481614522
device_yaw,31.101,196.32235871686441
device_yaw,31.151,193.91975176529556
device_yaw,31.201,191.85691601069746
device_yaw,31.251,190.24075485229048
device_yaw,31.301,188.97378850179967
device_yaw,31.351,187.69818717744417
device_yaw,31.401,186.6767994895665
device_yaw,31.451,186.07727065464675
device_yaw,31.501,186.0327359646897
device_yaw,31.551,186.38049049030306
device_yaw,31.601,186.7887152487995
device_yaw,31.651,187.06875169911334
device_yaw,31.701,187.20554127695578
device_yaw,31.751,187.19117702361171
device_yaw,31.801,187.26662386582427
device_yaw,31.851,187.240765964154
device_yaw,31.901,187.1381865205054
device_yaw,31.951,186.97743019810494
device_yaw,32.001,186.61544393993597
device_yaw,32.051,186.0662939727563
device_yaw,32.101,185.44530889546616
device_yaw,32.151,184.8559862356847
device_yaw,32.201,184.4238545709945
device_yaw,32.251,184.02821228160994
device_yaw,32.301,183.66192424021267
device_yaw,32.351,183.3020106712969
device_yaw,32.401,182.92753639881832
device_yaw,32.451,182.61511292865106
device_yaw,32.501,182.34073340383887
device_yaw,32.551,182.1959851792271
device_yaw,32.601,182.24140841415726
device_yaw,32.651,182.35092389364516
device_yaw,32.701,182.4225548775985
device_yaw,32.751,182.4538136244432
device_yaw,32.801,182.53466991716047
device_yaw,32.851,182.64135953754126
device_yaw,32.901,182.7402649825086
device_yaw,32.951,182.85227823368416
device_yaw,33.001,182.99743330814366
device_yaw,33.051,183.1399188400785
device_yaw,33.101,183.25934261969886
device_yaw,33.151,183.3789723835587
device_yaw,33.201,183.56469455312183
device_yaw,33.251,183.85668807652937
device_yaw,33.301,184.2307444860476
device_yaw,33.351,184.7059848529318
device_yaw,33.401,185.3080100219271
device_yaw,33.451,185.99377335242937
device_yaw,33.501,186.81062523645878
device_yaw,33.551,187.74661365752664
device_yaw,33.601,188.75374168123187
device_yaw,33.651,189.76829036809585
device_yaw,33.701,190.75466204578325
device_yaw,33.751,191.70986381437066
device_yaw,33.801,192.6813923165063
device_yaw,33.851,193.51984094054808
device_yaw,33.901,194.14414416423622
device_yaw,33.951,194.5120545451105
device_yaw,34.001,194.6017094272993
device_yaw,34.051,194.40012917653985
device_yaw,34.101,193.96446709996889
device_yaw,34.151,193.4039595182501
device_yaw,34.201,192.82802912613533
device_yaw,34.251,192.26444505908606
device_yaw,34.301,191.67135186109763
device_yaw,34.351,191.03746474294184
device_yaw,34.401,190.39355508051685
device_yaw,34.451,189.81943185635203
device_yaw,34.501,189.55913567203933
device_yaw,34.551,189.53512138766789
device_yaw,34.601,189.70308280586426
device_yaw,34.651,190.04425345154786
device_yaw,34.701,190.47139597348988
device_yaw,34.751,190.88975528063875
device_yaw,34.801,191.24291035342355
device_yaw,34.851,191.55251688761135
device_yaw,34.901,191.70822115432603
device_yaw,34.951,191.80827444520773
device_yaw,35.001,191.86131428023418
device_yaw,35.051,191.65521212316207
device_yaw,35.101,191.41238104242595
device_yaw,35.151,191.13749420705227
device_yaw,35.201,190.7462057034413
device_yaw,35.251,190.2197750095229
device_yaw,35.301,189.64976570414944
device_yaw,35.351,189.11519547310454
device_yaw,35.401,188.64047347106137
device_yaw,35.451,188.31714653574045
device_yaw,35.501,188.10925972280245
device_yaw,35.551,187.98694840863755
device_yaw,35.601,187.99319679539275
device_yaw,35.651,187.97475482738372
device_yaw,35.701,187.9969954426195
device_yaw,35.751,188.09686325895188
device_yaw,35.801,188.29527666411585
device_yaw,35.851,188.53696257416723
device_yaw,35.901,188.7475849903863
device_yaw,35.951,188.93778185798746
device_yaw,36.001,189.07658597837374
device_yaw,36.051,189.20003303057254
device_yaw,36.101,189.3185886319409
device_yaw,36.151,189.3970287215386
device_yaw,36.201,189.4667361819829
device_yaw,36.251,189.49618384216376
device_yaw,36.301,189.49810131006373
device_yaw,36.351,189.498984426818
device_yaw,36.401,189.54058229255645
device_yaw,36.451,189.689658812227
device_yaw,36.501,189.94800193916828
device_yaw,36.551,190.36430317858938
device_yaw,36.601,190.93709212799976
device_yaw,36.651,191.5723501976634
device_yaw,36.701,192.32476836456524
device_yaw,36.751,193.26438188209912
device_yaw,36.801,194.2418833655872
device_yaw,36.851,195.27089605206208
device_yaw,36.901,196.2279291546901
device_yaw,36.951,197.0234809303705
device_yaw,37.001,197.5278148465157
device_yaw,37.051,197.63588285223588
device_yaw,37.101,197.36221994531144
device_yaw,37.151,196.85207853893633
device_yaw,37.201,196.31708823629018
device_yaw,37.251,195.80043186103904
device_yaw,37.301,195.2265859101816
device_yaw,37.351,194.69256958912175
device_yaw,37.401,194.17129164900578
device_yaw,37.451,193.77311645752536
device_yaw,37.501,193.68409375598984
device_yaw,37.551,193.97096180612428
device_yaw,37.601,194.72566944757446
device_yaw,37.651,195.85541606095995
device_yaw,37.701,197.2016615882155
device_yaw,37.751,198.55517457642665
device_yaw,37.801,199.79307461283852
device_yaw,37.851,200.83901401401135
device_yaw,37.901,201.71381156458511
device_yaw,37.951,202.46131312398572
device_yaw,38.001,202.97921317023048
device_yaw,38.051,203.1054544613561
device_yaw,38.101,202.94977377192734
device_yaw,38.151,202.44589780998658
device_yaw,38.201,201.43561188175963
device_yaw,38.251,199.59440733116753
device_yaw,38.301,197.17422005364472
device_yaw,38.351,194.5273556337947
device_yaw,38.401,191.8203403971352
device_yaw,38.451,189.30212997755726
device_yaw,38.501,186.94188441803942
device_yaw,38.551,184.85792827427233
device_yaw,38.601,182.97875784927717
device_yaw,38.651,181.40795973233216
device_yaw,38.701,180.14018502089792
device_yaw,38.751,179.38329753267828
device_yaw,38.801,179.39055504392783
device_yaw,38.851,179.9736188767686
device_yaw,38.901,180.74901648695806
device_yaw,38.951,181.6260048879531
device_yaw,39.001,182.39239903805026
device_yaw,39.051,183.00372473830123
device_yaw,39.101,183.40760632920262
device_yaw,39.151,183.66655729938296
device_yaw,39.201,183.56056024375505
device_yaw,39.251,183.24563153496067
device_yaw,39.301,182.6810125127436
device_yaw,39.351,182.00699130045066
device_yaw,39.401,181.207810902515
device_yaw,39.451,180.30765329383
device_yaw,39.501,179.37534895610682
device_yaw,39.551,178.40017810634066
device_yaw,39.601,177.45954249395683
device_yaw,39.651,176.57656719580885
device_yaw,39.701,175.78124169660944
device_yaw,39.751,175.15523708297675
device_yaw,39.801,174.56378350776063
device_yaw,39.851,174.07641144323216
device_yaw,39.901,173.64770921527654
device_yaw,39.951,173.28167684872219
device_yaw,40.001,173.02133031085546
device_yaw,40.051,172.80577533763048
device_yaw,40.101,172.64029387126266
device_yaw,40.151,172.4769030162082
device_yaw,40.201,172.35718141681636
device_yaw,40.251,172.32231788451583
device_yaw,40.301,172.36758018910888
device_yaw,40.351,172.53948131569604
device_yaw,40.401,172.83909560823915
device_yaw,40.451,173.25512248103794
device_yaw,40.501,173.91078426647138
device_yaw,40.551,174.80031602102446
device_yaw,40.601,175.7944167159302
device_yaw,40.651,176.70291048355645
device_yaw,40.701,177.60844207765396
device_yaw,40.751,178.6665446581951
device_yaw,40.801,179.76256637436063
device_yaw,40.851,180.83400682326408
device_yaw,40.901,181.78178794363558
device_yaw,40.951,182.53044168306266
device_yaw,41.001,183.02004455707083
device_yaw,41.051,183.11530293812717
device_yaw,41.101,182.80575126012593
device_yaw,41.151,182.2516489638332
device_yaw,41.201,181.62780097526885
device_yaw,41.251,180.9834238263171
device_yaw,41.301,180.19679351648233
device_yaw,41.351,179.24935784788084
device_yaw,41.401,178.26975379164722
device_yaw,41.451,177.52738397593936
device_yaw,41.501,177.05465652546465
device_yaw,41.551,176.97971101718326
device_yaw,41.601,177.2728733363304
device_yaw,41.651,177.9974432145493
device_yaw,41.701,179.09300354606953
device_yaw,41.751,180.5355610357108
device_yaw,41.801,182.0821723771405
device_yaw,41.851,183.59886692472108
device_yaw,41.901,185.15508361109158
device_yaw,41.951,186.5845585102943
device_yaw,42.001,187.78398902170886
device_yaw,42.051,188.66197780074654
device_yaw,42.101,189.08982388575686
device_yaw,42.151,189.11151518812218
device_yaw,42.201,188.6512228337273
device_yaw,42.251,187.7195746486953
device_yaw,42.301,186.47884242688744
device_yaw,42.351,185.13043418286816
device_yaw,42.401,183.89474968190405
device_yaw,42.451,182.794535640989
device_yaw,42.501,181.882816620167
device_yaw,42.551,180.96443535927497
device_yaw,42.601,180.3386887485449
device_yaw,42.651,179.94975804462317
device_yaw,42.701,179.804615931247
device_yaw,42.751,179.93833137649102
device_yaw,42.801,180.33478602574112
device_yaw,42.851,180.85503017708214
device_yaw,42.901,181.4204284190435
device_yaw,42.951,181.85932692408946
device_yaw,43.001,182.13859613108727
device_yaw,43.051,182.26106431952738
device_yaw,43.101,182.35570602590514
device_yaw,43.151,182.27164768994362
device_yaw,43.201,182.15077779771738
device_yaw,43.251,181.96036342123375
device_yaw,43.301,181.73625566178964
device_yaw,43.351,181.4165866500086
device_yaw,43.401,181.01465657269506
device_yaw,43.451,180.56483863750034
device_yaw,43.501,180.11066262459065
device_yaw,43.551,179.79445322613654
device_yaw,43.601,179.57170853857775
device_yaw,43.651,179.46359806595723
device_yaw,43.701,179.42370364498026
device_yaw,43.751,179.34831538718777
device_yaw,43.801,179.31103524375268
device_yaw,43.851,179.31045275480392
device_yaw,43.901,179.4104369585985
device_yaw,43.951,179.65043000661723
device_yaw,44.001,179.94292746034904
device_yaw,44.051,180.22456377907073
device_yaw,44.101,180.38301039774058
device_yaw,44.151,180.47639608434483
device_yaw,44.201,180.51544131573837
device_yaw,44.251,180.46880220868445
device_yaw,44.301,180.43385932575325
device_yaw,44.351,180.40409733274134
device_yaw,44.401,180.33462872898716
device_yaw,44.451,180.2748009851919
device_yaw,44.501,180.19809717575643
device_yaw,44.551,180.13337237151197
device_yaw,44.601,180.13868135480502
device_yaw,44.651,180.2967301108599
device_yaw,44.701,180.61037239653254
device_yaw,44.751,181.04502345448185
device_yaw,44.801,181.63246572134477
device_yaw,44.851,182.3199356001349
device_yaw,44.901,183.03482400444406
device_yaw,44.951,183.83646317247943
device_yaw,45.001,184.68893214369638
device_yaw,45.051,185.6075396218501
device_yaw,45.101,186.55924818221254
device_yaw,45.151,187.5311066313815
device_yaw,45.201,188.47973897523207
device_yaw,45.251,189.333791731312
device_yaw,45.301,189.99817262398045
device_yaw,45.351,190.43348645505037
device_yaw,45.401,190.57871951183762
device_yaw,45.451,190.52797929231016
device_yaw,45.501,190.29408488119304
device_yaw,45.551,190.0401208356104
device_yaw,45.601,189.7632487021766
device_yaw,45.651,189.55964259672626
device_yaw,45.701,189.4665427055179
device_yaw,45.751,189.32990259330035
device_yaw,45.801,189.2705213892677
device_yaw,45.851,189.40334996549873
device_yaw,45.901,189.82181174466817
device_yaw,45.951,190.6039099271249
device_yaw,46.001,191.6730032310441
device_yaw,46.051,192.90188840258105
device_yaw,46.101,194.1481189967041
device_yaw,46.151,195.339807365437
device_yaw,46.201,196.3749529868067
device_yaw,46.251,197.18962542779897
device_yaw,46.301,197.89212417903073
device_yaw,46.351,198.3580624686352
device_yaw,46.401,198.57252627005562
device_yaw,46.451,198.45197410692245
device_yaw,46.501,198.04138665593385
device_yaw,46.551,197.28766176297867
device_yaw,46.601,196.2025876571772
device_yaw,46.651,194.78776880574614
device_yaw,46.701,193.20178355592068
device_yaw,46.751,191.6295226932182
device_yaw,46.801,190.15900056373684
device_yaw,46.851,188.8914533037244
device_yaw,46.901,187.89844610659947
device_yaw,46.951,187.0913021433662
device_yaw,47.001,186.1289109395628
device_yaw,47.051,185.34464547660903
device_yaw,47.101,184.8082443696662
device_yaw,47.151,184.60021198594214
device_yaw,47.201,184.73985017303787
device_yaw,47.251,184.9070109881859
device_yaw,47.301,184.9480663300224
device_yaw,47.351,184.7397247982117
device_yaw,47.401,184.24416766159536
device_yaw,47.451,183.49933698675568
device_yaw,47.501,182.47354534487525
device_yaw,47.551,181.56937921134403
device_yaw,47.601,180.41281990063806
device_yaw,47.651,179.12013304323352
device_yaw,47.701,177.6545997059405
device_yaw,47.751,175.91264609255288
device_yaw,47.801,174.07919587696188
device_yaw,47.851,172.2369160628651
device_yaw,47.901,170.5299513098484
device_yaw,47.951,169.0199403315283
device_yaw,48.001,167.71371346086778
device_yaw,48.051,166.5732749534681
device_yaw,48.101,165.54935362354647
device_yaw,48.151,164.8183795235539
device_yaw,48.201,164.25692444540311
device_yaw,48.251,163.89264238407992
device_yaw,48.301,163.76856037984373
device_yaw,48.351,163.85830360299096
device_yaw,48.401,164.07164875165338
device_yaw,48.451,164.27652906056457
device_yaw,48.501,164.4043152982707
device_yaw,48.551,164.3803613043597
device_yaw,48.601,164.41354715865558
device_yaw,48.651,164.50097894217762
device_yaw,48.701,164.35648766606988
device_yaw,48.751,164.09339358238566
device_yaw,48.801,163.59164016341595
device_yaw,48.851,162.9894191160804
device_yaw,48.901,162.3299500071645
device_yaw,48.951,161.64163649900672
device_yaw,49.001,160.98077947795963
device_yaw,49.051,160.29808524344102
device_yaw,49.101,159.64390479165365
device_yaw,49.151,158.95569410958666
device_yaw,49.201,158.3300024777388
device_yaw,49.251,157.85490538824345
device_yaw,49.301,157.3890619547515
device_yaw,49.351,157.01283099122176
device_yaw,49.401,156.65677832701834
device_yaw,49.451,156.3822221467555
device_yaw,49.501,156.21950007219723
device_yaw,49.551,156.07767875131316
device_yaw,49.601,155.95057522487525
device_yaw,49.651,155.80587279790197
device_yaw,49.701,155.6807900462786
device_yaw,49.751,155.50155074808833
device_yaw,49.801,155.3082148223948
device_yaw,49.851,155.16546810137308
device_yaw,49.901,155.0880017398297
device_yaw,49.951,155.03805434067638
device_yaw,50.001,154.96153093525717
device_yaw,50.051,154.87735987175367
device_yaw,50.101,154.81974920009387
device_yaw,50.151,154.83164444751745
device_yaw,50.201,154.94463298689445
device_yaw,50.251,155.15126180299774
device_yaw,50.301,155.49252462729055
device_yaw,50.351,155.8869602060962
device_yaw,50.401,156.34228947723776
device_yaw,50.451,156.86521502286448
device_yaw,50.501,157.46546893980826
device_yaw,50.551,158.10836621032456
device_yaw,50.601,158.78534412589966
device_yaw,50.651,159.51728588125053
device_yaw,50.701,160.29421802976128
device_yaw,50.751,161.1051982917364
device_yaw,50.801,161.89754902111028
device_yaw,50.851,162.57363022988656
device_yaw,50.901,163.20545581433305
device_yaw,50.951,163.7772013354608
device_yaw,51.001,164.28913193785567
device_yaw,51.051,164.77385335410096
device_yaw,51.101,165.26936940881615
device_yaw,51.151,165.72705545840145
device_yaw,51.201,166.15064811043496
device_yaw,51.251,166.53528259688827
device_yaw,51.301,166.95678750029035
device_yaw,51.351,167.4281134377463
device_yaw,51.401,167.9467509988708
device_yaw,51.451,168.65183176356769
device_yaw,51.501,169.4425705725387
device_yaw,51.551,170.27905264233308
device_yaw,51.601,171.09712761296507
device_yaw,51.651,171.91504788735045
device_yaw,51.701,172.78753354821026
device_yaw,51.751,173.6703130582196
device_yaw,51.801,174.5216103649532
device_yaw,51.851,175.23458459678534
device_yaw,51.901,175.808015698354
device_yaw,51.951,176.34016135768377
device_yaw,52.001,176.72730488927996
device_yaw,52.051,177.05028839314684
device_yaw,52.101,177.33102796719703
device_yaw,52.151,177.58709354116814
device_yaw,52.201,177.84409999784023
device_yaw,52.251,178.04809894248555
device_yaw,52.301,178.23869837878806
device_yaw,52.351,178.44941372457083
device_yaw,52.401,178.7011218662454
device_yaw,52.451,179.0237756621861
device_yaw,52.501,179.38115319643512
device_yaw,52.551,179.73535690720294
device_yaw,52.601,180.16231363353293
device_yaw,52.651,180.70633490424763
device_yaw,52.701,181.4289040950533
device_yaw,52.751,182.23647033351938
device_yaw,52.801,183.10067086459134
device_yaw,52.851,184.15705323038821
device_yaw,52.901,185.29534974683872
device_yaw,52.951,186.4543115256578
device_yaw,53.001,187.63512368672698
device_yaw,53.051,188.29291491861403
device_yaw,53.101,189.02786259784108
device_yaw,53.151,189.78567841458988
device_yaw,53.201,190.52986521015123
device_yaw,53.251,191.18864217221457
gyro_norm,0.001,0.24167370626571272
gyro_norm,0.012,0.14060136688744515
gyro_norm,0.027,0.05044444984824327
gyro_norm,0.049,0.04004805670147434
gyro_norm,0.071,0.02818803355340787
gyro_norm,0.092,0.0890849997225325
gyro_norm,0.114,0.09146106726908254
gyro_norm,0.136,0.07214720678919903
gyro_norm,0.158,0.1113338734066176
gyro_norm,0.18,0.3186171637518469
gyro_norm,0.202,0.18780571248203978
gyro_norm,0.223,0.0791249692483431
gyro_norm,0.245,0.09125441740185941
gyro_norm,0.267,0.057119939822116626
gyro_norm,0.289,0.04132546606288299
gyro_norm,0.311,0.03038092880139777
gyro_norm,0.333,0.0824991185488557
gyro_norm,0.355,0.11519185358754389
gyro_norm,0.377,0.1124203886099432
gyro_norm,0.399,0.11056662700534337
gyro_norm,0.42,0.10308342838488889
gyro_norm,0.442,0.10208366418123875
gyro_norm,0.464,0.11622715387019031
gyro_norm,0.486,0.13180265588127654
gyro_norm,0.509,0.1340713403795984
gyro_norm,0.53,0.11342372777161236
gyro_norm,0.552,0.09242181759827602
gyro_norm,0.574,0.10323829204451838
gyro_norm,0.595,0.13356793492861918
gyro_norm,0.617,0.09845848946807202
gyro_norm,0.639,0.10117157230052266
gyro_norm,0.661,0.17215423529328783
gyro_norm,0.683,0.15758134764206816
gyro_norm,0.705,0.1456308914923068
gyro_norm,0.727,0.16623218764669834
gyro_norm,0.749,0.2555819945744832
gyro_norm,0.772,0.24081213470312393
gyro_norm,0.792,0.18079772604836983
gyro_norm,0.814,0.11639038357904946
gyro_norm,0.836,0.09129772065881273
gyro_norm,0.858,0.13317701638567347
gyro_norm,0.88,0.19243936712348406
gyro_norm,0.902,0.21315969960874753
gyro_norm,0.924,0.22877568631667156
gyro_norm,0.945,0.22583792455936338
gyro_norm,0.968,0.24723077181054273
gyro_norm,0.989,0.2732693648462723
gyro_norm,1.011,0.30237536332571124
gyro_norm,1.033,0.3291922927249455
gyro_norm,1.055,0.3879028107385345
gyro_norm,1.077,0.49690341163033647
gyro_norm,1.099,0.6063093270113927
gyro_norm,1.128,0.6461578769579004
gyro_norm,1.142,0.6464883633540923
gyro_norm,1.164,0.639751359402445
gyro_norm,1.187,0.6295230503139888
gyro_norm,1.21,0.6053800212791891
gyro_norm,1.23,0.544686108470688
gyro_norm,1.252,0.4714555504734631
gyro_norm,1.275,0.4366963666374711
gyro_norm,1.296,0.43292445017251785
gyro_norm,1.318,0.4371464823048876
gyro_norm,1.352,0.4282282524273054
gyro_norm,1.361,0.3874554631450415
gyro_norm,1.383,0.3781234404250981
gyro_norm,1.405,0.39211291181543734
gyro_norm,1.427,0.4052523437982841
gyro_norm,1.449,0.4117945838713339
gyro_norm,1.471,0.4231349513440919
gyro_norm,1.493,0.4220989930896417
gyro_norm,1.515,0.4068335142451078
gyro_norm,1.537,0.3890259507888296
gyro_norm,1.558,0.37500356512127253
gyro_norm,1.58,0.3390088333295142
gyro_norm,1.604,0.34865963880106177
gyro_norm,1.624,0.40688072287034793
gyro_norm,1.651,0.43291958646854695
gyro_norm,1.669,0.4880022372250931
gyro_norm,1.69,0.5953747312483206
gyro_norm,1.711,0.5980945448970615
gyro_norm,1.733,0.6483568051043044
gyro_norm,1.755,0.8176211827917147
gyro_norm,1.777,0.9716666424891962
gyro_norm,1.799,0.9831790204620787
gyro_norm,1.824,0.8334412256057533
gyro_norm,1.843,0.5856180462244979
gyro_norm,1.867,0.40502799690027036
gyro_norm,1.887,0.3887001886714615
gyro_norm,1.909,0.3680665642855971
gyro_norm,1.931,0.4078948855362147
gyro_norm,1.952,0.4646187023777878
gyro_norm,1.974,0.47648290493939965
gyro_norm,1.996,0.5364144385543358
gyro_norm,2.028,0.6644810808765842
gyro_norm,2.044,0.758062677337668
gyro_norm,2.062,0.7645220645723385
gyro_norm,2.083,0.7183606403511545
gyro_norm,2.105,0.74795128415262
gyro_norm,2.127,0.8445058113349202
gyro_norm,2.15,0.9299122598840193
gyro_norm,2.171,1.0111602497222445
gyro_norm,2.193,1.1127806600945305
gyro_norm,2.215,1.2231500201773058
gyro_norm,2.237,1.0960842066033667
gyro_norm,2.264,1.045350380242357
gyro_norm,2.28,0.9413584141703072
gyro_norm,2.303,0.883718923398159
gyro_norm,2.324,0.9835954995638567
gyro_norm,2.346,1.191951361006355
gyro_norm,2.369,1.6418714785531263
gyro_norm,2.39,1.461882566538721
gyro_norm,2.412,1.155313467866111
gyro_norm,2.433,1.011935180056266
gyro_norm,2.455,1.2361537675750336
gyro_norm,2.478,1.552666096799245
gyro_norm,2.503,1.6536141579130625
gyro_norm,2.526,1.7777266176846696
gyro_norm,2.543,1.6282443708181085
gyro_norm,2.565,1.3983219001848983
gyro_norm,2.586,1.036112975123205
gyro_norm,2.609,0.8445484877253225
gyro_norm,2.63,0.687362740482298
gyro_norm,2.653,0.5992696250884978
gyro_norm,2.674,0.6341558080388847
gyro_norm,2.696,0.6372574790534717
gyro_norm,2.718,0.6013378247516862
gyro_norm,2.749,0.4901944508808867
gyro_norm,2.762,0.31621849982206035
gyro_norm,2.793,0.2617561801373213
gyro_norm,2.805,0.37719125220506083
gyro_norm,2.828,0.49433952134318815
gyro_norm,2.852,0.4882669522379347
gyro_norm,2.871,0.4202397127050319
gyro_norm,2.893,0.6882195201323555
gyro_norm,2.915,0.7596052051091218
gyro_norm,2.937,0.5590815874991536
gyro_norm,2.959,0.5630098715110693
gyro_norm,2.992,0.30757220257446666
gyro_norm,3.011,0.17912743446828636
gyro_norm,3.024,0.23863820407341751
gyro_norm,3.046,0.5802579274309593
gyro_norm,3.069,0.9094440621933673
gyro_norm,3.092,0.8417311642366374
gyro_norm,3.112,0.5643650357209103
gyro_norm,3.134,0.36325613196256595
gyro_norm,3.155,0.29283850927772564
gyro_norm,3.177,0.2508402011755738
gyro_norm,3.199,0.2899715827958874
gyro_norm,3.221,0.3105139677104101
gyro_norm,3.243,0.2148560583172997
gyro_norm,3.265,0.262933208794181
gyro_norm,3.287,0.43378320516677915
gyro_norm,3.309,0.4116977316026885
gyro_norm,3.331,0.4555758408458843
gyro_norm,3.352,0.5650161867419835
gyro_norm,3.375,0.7364434439035129
gyro_norm,3.396,0.8174901471337848
gyro_norm,3.418,0.7946928776593871
gyro_norm,3.451,0.8993933830443973
gyro_norm,3.462,1.1928470636553907
gyro_norm,3.484,1.1200012865029167
gyro_norm,3.505,1.1278012072753862
gyro_norm,3.527,1.4094146854635559
gyro_norm,3.549,1.3474131960244544
gyro_norm,3.571,1.2765589235382264
gyro_norm,3.593,1.202590548560203
gyro_norm,3.615,1.0959038533970888
gyro_norm,3.642,1.0621332323786172
gyro_norm,3.659,1.0917330910490535
gyro_norm,3.691,1.042220377628456
gyro_norm,3.703,0.9415547435850488
gyro_norm,3.724,0.836305486331138
gyro_norm,3.747,0.7635377090838997
gyro_norm,3.774,0.7165553711950682
gyro_norm,3.79,0.7309373439930482
gyro_norm,3.812,0.74692705415277
gyro_norm,3.834,0.7223580793271128
gyro_norm,3.856,0.656704515118878
gyro_norm,3.878,0.5855602150155403
gyro_norm,3.904,0.5556739832956323
gyro_norm,3.921,0.5370191021025179
gyro_norm,3.944,0.5550309214050273
gyro_norm,3.965,0.5983041817942475
gyro_norm,3.987,0.4548766596102052
gyro_norm,4.01,0.14912523784572526
gyro_norm,4.031,0.3963463044569309
gyro_norm,4.053,0.7307671394014443
gyro_norm,4.075,0.7061386168614134
gyro_norm,4.098,0.38761446182499293
gyro_norm,4.132,0.3524217805120617
gyro_norm,4.142,0.5899007822123722
gyro_norm,4.162,0.6189534156691184
gyro_norm,4.184,0.41815537648828394
gyro_norm,4.206,0.1317080456322754
gyro_norm,4.228,0.40824035317102914
gyro_norm,4.249,0.6034964363922721
gyro_norm,4.272,0.576903103754106
gyro_norm,4.294,0.2740042602144107
gyro_norm,4.316,0.23152062229252102
gyro_norm,4.337,0.5932519690104369
gyro_norm,4.359,0.7944891700739068
gyro_norm,4.381,1.0592571792871797
gyro_norm,4.403,1.2547913392597032
gyro_norm,4.426,1.199489686750286
gyro_norm,4.449,0.9390864176848577
gyro_norm,4.469,0.5795026133035487
gyro_norm,4.49,0.401856822105172
gyro_norm,4.512,0.5443581854173021
gyro_norm,4.534,0.6745151076185437
gyro_norm,4.556,0.7549858456245342
gyro_norm,4.578,1.2409857606712733
gyro_norm,4.601,1.421830502599355
gyro_norm,4.621,0.8213365112052461
gyro_norm,4.643,0.2954298973015662
gyro_norm,4.665,0.8890649369201676
gyro_norm,4.69,0.846883188140268
gyro_norm,4.709,0.7690917753001124
gyro_norm,4.731,0.824492514034873
gyro_norm,4.752,1.1152176869202477
gyro_norm,4.774,1.5282108094209215
gyro_norm,4.797,1.7021649769457132
gyro_norm,4.825,1.6010778444681386
gyro_norm,4.84,1.4190852003205965
gyro_norm,4.868,1.2983514760811259
gyro_norm,4.884,1.210376542065737
gyro_norm,4.906,1.1303961009114976
gyro_norm,4.928,0.9605649105132628
gyro_norm,4.95,0.7575340811469745
gyro_norm,4.972,0.6702570973096548
gyro_norm,4.993,0.6240445441413311
gyro_norm,5.015,0.8717653015243094
gyro_norm,5.039,1.1954909002335556
gyro_norm,5.068,1.2918318204977555
gyro_norm,5.083,1.2677851230277946
gyro_norm,5.103,1.266687297343624
gyro_norm,5.128,1.4549208724205072
gyro_norm,5.147,1.6447089286581684
gyro_norm,5.17,1.7535239917882703
gyro_norm,5.191,1.575162765145501
gyro_norm,5.212,1.2064421769125524
gyro_norm,5.234,0.8727724657524333
gyro_norm,5.256,0.6875513751906687
gyro_norm,5.278,0.3522067440559679
gyro_norm,5.311,0.5838139489269694
gyro_norm,5.322,1.2454316825199214
gyro_norm,5.344,1.4215120403052321
gyro_norm,5.37,1.2590819883025954
gyro_norm,5.387,1.1552579232331508
gyro_norm,5.409,1.0975876354820886
gyro_norm,5.431,1.0808087717885797
gyro_norm,5.453,1.196915855698787
gyro_norm,5.475,1.4587555379738935
gyro_norm,5.496,1.547450096505965
gyro_norm,5.524,1.3827038275608958
gyro_norm,5.541,1.070784252975531
gyro_norm,5.565,0.8318915821504359
gyro_norm,5.584,1.037111680719092
gyro_norm,5.606,1.4400462437461086
gyro_norm,5.629,1.6097674510512308
gyro_norm,5.65,1.6372196156196304
gyro_norm,5.672,1.5935801271739471
gyro_norm,5.693,1.5732469923206795
gyro_norm,5.716,1.7155205911206732
gyro_norm,5.737,1.8682609891645712
gyro_norm,5.759,1.4420385571530734
gyro_norm,5.787,1.2033192076449317
gyro_norm,5.803,1.2938197710036001
gyro_norm,5.826,1.018136931694728
gyro_norm,5.847,0.8426992065543338
gyro_norm,5.87,0.7618010044531263
gyro_norm,5.894,0.573448667128564
gyro_norm,5.912,0.47624502153171966
gyro_norm,5.935,0.6559822653208888
gyro_norm,5.957,0.8215533607421629
gyro_norm,5.986,0.686182181848661
gyro_norm,6.0,0.4290454550800365
gyro_norm,6.022,0.29692310946440276
gyro_norm,6.055,0.27070155112842376
gyro_norm,6.065,0.787116670629046
gyro_norm,6.087,1.1477744822596945
gyro_norm,6.11,0.983318413289551
gyro_norm,6.132,0.5237393637302501
gyro_norm,6.153,0.47806546900867103
gyro_norm,6.175,0.7270322455798535
gyro_norm,6.197,0.6537973830778196
gyro_norm,6.218,0.1011849398888832
gyro_norm,6.241,0.6035459207336877
gyro_norm,6.263,0.3549608086970108
gyro_norm,6.285,0.5518933621513676
gyro_norm,6.314,0.5502020367207172
gyro_norm,6.329,0.8508540227829847
gyro_norm,6.35,0.7646958666849292
gyro_norm,6.376,0.5374065392974605
gyro_norm,6.394,0.39711646979672766
gyro_norm,6.416,0.17441084909143412
gyro_norm,6.437,0.2482624360312766
gyro_norm,6.459,0.2604450129185106
gyro_norm,6.488,0.3374081955515097
gyro_norm,6.503,0.48845264176028
gyro_norm,6.53,0.45685899465507496
gyro_norm,6.547,0.345350711559733
gyro_norm,6.57,0.3284337826962936
gyro_norm,6.591,0.3733108032191051
gyro_norm,6.613,0.34587453465669193
gyro_norm,6.634,0.18561576828849133
gyro_norm,6.656,0.2970648875555657
gyro_norm,6.681,0.48074486849559633
gyro_norm,6.7,0.5146199977652113
gyro_norm,6.728,0.3322968928882075
gyro_norm,6.744,0.11931289167482792
gyro_norm,6.766,0.07210695150810444
gyro_norm,6.787,0.13940930657763428
gyro_norm,6.809,0.2968715207944285
gyro_norm,6.831,0.41575873626901877
gyro_norm,6.853,0.6051397363153296
gyro_norm,6.875,1.0221009529100404
gyro_norm,6.897,1.1505089514661049
gyro_norm,6.919,1.0867403767581871
gyro_norm,6.94,0.7715001730370658
gyro_norm,6.97,0.4474770033862543
gyro_norm,6.984,0.6510850414431707
gyro_norm,7.006,0.7593125980768931
gyro_norm,7.029,0.4501639490495955
gyro_norm,7.05,0.14278204420112506
gyro_norm,7.072,0.24989601269387582
gyro_norm,7.094,0.2694537827885489
gyro_norm,7.116,0.20250847256349358
gyro_norm,7.137,0.19299278378639087
gyro_norm,7.159,0.32815622995164023
gyro_norm,7.181,0.5195451421996243
gyro_norm,7.203,0.562977005846281
gyro_norm,7.225,0.4365205322936896
gyro_norm,7.253,0.1890701153616363
gyro_norm,7.269,0.1440107211607568
gyro_norm,7.29,0.28156645866021646
gyro_norm,7.313,0.43619042874326613
gyro_norm,7.338,0.41103397554063603
gyro_norm,7.356,0.2986295174576646
gyro_norm,7.378,0.4212564051466154
gyro_norm,7.404,0.5701766642207232
gyro_norm,7.422,0.5090815429284601
gyro_norm,7.443,0.3604538731502178
gyro_norm,7.467,0.5116470846301334
gyro_norm,7.496,0.6617293455702871
gyro_norm,7.509,0.6291920223212745
gyro_norm,7.531,0.30020516881254267
gyro_norm,7.553,0.4152075129762213
gyro_norm,7.575,0.6292000038032209
gyro_norm,7.597,0.36039707981875285
gyro_norm,7.627,0.16739799036506
gyro_norm,7.644,0.3025069163894579
gyro_norm,7.662,0.2672350589774458
gyro_norm,7.684,0.21006111676737493
gyro_norm,7.709,0.19813105617752755
gyro_norm,7.729,0.12367315454761825
gyro_norm,7.75,0.14328897746353275
gyro_norm,7.772,0.16415741109182352
gyro_norm,7.794,0.1325665447160666
gyro_norm,7.816,0.23355958998152784
gyro_norm,7.838,0.29646355348613984
gyro_norm,7.86,0.28567130618915754
gyro_norm,7.881,0.2460278682616829
gyro_norm,7.903,0.20718184713784313
gyro_norm,7.928,0.19539987814732906
gyro_norm,7.947,0.22431478180147318
gyro_norm,7.969,0.2525950691913878
gyro_norm,7.991,0.17321235004665933
gyro_norm,8.013,0.14207145888868764
gyro_norm,8.035,0.2263426652709111
gyro_norm,8.056,0.3288619718447913
gyro_norm,8.079,0.32391979972259827
gyro_norm,8.109,0.2285979830814144
gyro_norm,8.123,0.16032968254222602
gyro_norm,8.144,0.1318571472450757
gyro_norm,8.166,0.17622185271909419
gyro_norm,8.188,0.19239701914508264
gyro_norm,8.209,0.13863443217831695
gyro_norm,8.231,0.0916505876031564
gyro_norm,8.253,0.10119554164456741
gyro_norm,8.275,0.1791715743699421
gyro_norm,8.297,0.2696861286122386
gyro_norm,8.327,0.2273310630291362
gyro_norm,8.34,0.15781022500361544
gyro_norm,8.363,0.13663048035686692
gyro_norm,8.385,0.14339684995164845
gyro_norm,8.41,0.11824701358222092
gyro_norm,8.429,0.04500802951368189
gyro_norm,8.45,0.10565577158525279
gyro_norm,8.472,0.13248875847500233
gyro_norm,8.495,0.14392089322618182
gyro_norm,8.516,0.19334311311311347
gyro_norm,8.537,0.25032834640197543
gyro_norm,8.56,0.2525080941469924
gyro_norm,8.582,0.17834675892479845
gyro_norm,8.603,0.13402887993660278
gyro_norm,8.625,0.23854588285558503
gyro_norm,8.647,0.3546111206168607
gyro_norm,8.669,0.4562456521706702
gyro_norm,8.691,0.5438576009615242
gyro_norm,8.713,0.5293077811697817
gyro_norm,8.735,0.8721735340819406
gyro_norm,8.756,0.32863254118121005
gyro_norm,8.778,0.5614701966656749
gyro_norm,8.805,0.7869889008363342
gyro_norm,8.822,0.5637595586086384
gyro_norm,8.846,0.3518736648161648
gyro_norm,8.866,0.31610321938401165
gyro_norm,8.888,0.3654422153214515
gyro_norm,8.91,0.3091083779250414
gyro_norm,8.931,0.18216494183017068
gyro_norm,8.954,0.32072859477292354
gyro_norm,8.975,0.40867655330876357
gyro_norm,8.997,0.3280870734735317
gyro_norm,9.025,0.2680048657533316
gyro_norm,9.041,0.2998716439615133
gyro_norm,9.063,0.35468009400051326
gyro_norm,9.085,0.4340842653125179
gyro_norm,9.108,0.4114831070398253
gyro_norm,9.129,0.2879091958285579
gyro_norm,9.151,0.18021636617475922
gyro_norm,9.172,0.20880281586998678
gyro_norm,9.194,0.3309127610562694
gyro_norm,9.217,0.39561387570170903
gyro_norm,9.238,0.5087241605756478
gyro_norm,9.26,0.5783577655800353
gyro_norm,9.282,0.4016875213089441
gyro_norm,9.303,0.2347220145791862
gyro_norm,9.326,0.7728477704464308
gyro_norm,9.347,0.9740761493836684
gyro_norm,9.37,0.6800396381019334
gyro_norm,9.391,0.2262321328446116
gyro_norm,9.414,0.5196549839187482
gyro_norm,9.435,0.4204131922147932
gyro_norm,9.457,0.5662647546243114
gyro_norm,9.479,0.583466537231455
gyro_norm,9.511,0.4106065027889254
gyro_norm,9.522,0.2533224843247611
gyro_norm,9.544,0.3004772284887168
gyro_norm,9.566,0.4795894786302557
gyro_norm,9.588,0.5245543105410779
gyro_norm,9.61,0.5325204247156161
gyro_norm,9.631,0.5598581640300114
gyro_norm,9.653,0.48622125598495725
gyro_norm,9.675,0.4615684569476829
gyro_norm,9.697,0.49894158833268104
gyro_norm,9.722,0.4343527842845823
gyro_norm,9.741,0.2564281308454145
gyro_norm,9.765,0.13886664279625643
gyro_norm,9.784,0.21851685999648654
gyro_norm,9.807,0.3644945648055726
gyro_norm,9.829,0.6422875275902145
gyro_norm,9.851,0.9203402578871616
gyro_norm,9.872,0.9865315999943229
gyro_norm,9.894,1.0808128299063977
gyro_norm,9.916,1.206461153545839
gyro_norm,9.945,1.3697472016508994
gyro_norm,9.96,2.1376691425125722
gyro_norm,9.985,2.198206548973211
gyro_norm,10.003,1.7273545754400426
gyro_norm,10.025,1.2738469750284094
gyro_norm,10.047,0.868032370630461
gyro_norm,10.069,0.6458181873940617
gyro_norm,10.091,0.45602709232216143
gyro_norm,10.113,0.6318654674735528
gyro_norm,10.135,0.5570923297091444
gyro_norm,10.157,0.4841452605087356
gyro_norm,10.19,0.6105392451664585
gyro_norm,10.2,0.6799544670646274
gyro_norm,10.222,0.6271739354898863
gyro_norm,10.244,0.5622704600527291
gyro_norm,10.266,0.5073351630224933
gyro_norm,10.289,0.3891751957004588
gyro_norm,10.31,0.2668997745410552
gyro_norm,10.332,0.2730626139122088
gyro_norm,10.353,0.3405916172826174
gyro_norm,10.375,0.426649971237568
gyro_norm,10.397,0.46546462235515396
gyro_norm,10.419,0.44995125985094103
gyro_norm,10.446,0.5185688088926501
gyro_norm,10.463,0.6387370191333996
gyro_norm,10.485,0.8395519128212069
gyro_norm,10.507,0.8439129412234264
gyro_norm,10.529,0.9094912379704015
gyro_norm,10.551,1.0440941321766533
gyro_norm,10.572,0.8162478304441538
gyro_norm,10.594,0.5140752496559815
gyro_norm,10.616,0.4368224867668449
gyro_norm,10.638,0.4471048937872574
gyro_norm,10.673,0.3968637957756375
gyro_norm,10.686,0.5424170118455865
gyro_norm,10.704,0.711948106574677
gyro_norm,10.73,0.7532983688423063
gyro_norm,10.747,0.7322203112725536
gyro_norm,10.769,0.674083149375027
gyro_norm,10.791,0.61298108363038
gyro_norm,10.813,0.6373865530208123
gyro_norm,10.835,0.7960475165278982
gyro_norm,10.856,0.8859748684769311
gyro_norm,10.888,0.8196741583848589
gyro_norm,10.9,0.553284369268042
gyro_norm,10.923,0.11839317148199764
gyro_norm,10.944,0.4371005895965849
gyro_norm,10.967,0.7316160295538433
gyro_norm,10.989,0.9369276631865608
gyro_norm,11.009,1.0732811848651325
gyro_norm,11.032,1.0012712317356223
gyro_norm,11.053,0.819888904453908
gyro_norm,11.075,0.8520523354208887
gyro_norm,11.097,0.8783487355066083
gyro_norm,11.129,1.4090142761525801
gyro_norm,11.141,0.7967630035530769
gyro_norm,11.165,0.9288070640967415
gyro_norm,11.185,1.0665262095913886
gyro_norm,11.207,0.9252200320931138
gyro_norm,11.229,0.8401526486372861
gyro_norm,11.25,0.8972913596458487
gyro_norm,11.273,1.1426935326633434
gyro_norm,11.294,1.2877701766800627
gyro_norm,11.316,1.2320897381739448
gyro_norm,11.342,1.1510298979282672
gyro_norm,11.36,1.0452523454827858
gyro_norm,11.388,0.7691992772851062
gyro_norm,11.403,0.5331008249411078
gyro_norm,11.426,0.5092081402842934
gyro_norm,11.447,0.5503246287641981
gyro_norm,11.47,0.5654510474193221
gyro_norm,11.499,0.5324423648525026
gyro_norm,11.513,0.6268819472671788
gyro_norm,11.535,0.8107162110708901
gyro_norm,11.557,0.8685364154769815
gyro_norm,11.589,0.7926635035680049
gyro_norm,11.601,0.712457419168371
gyro_norm,11.623,1.0190755230443225
gyro_norm,11.653,1.6942291416432904
gyro_norm,11.666,1.8725485791145131
gyro_norm,11.69,1.3683096269123196
gyro_norm,11.71,0.6933334424764206
gyro_norm,11.732,0.39381196459224704
gyro_norm,11.754,0.5715794251244332
gyro_norm,11.776,0.4396721650417821
gyro_norm,11.798,0.38253843047639097
gyro_norm,11.819,0.6136096698133757
gyro_norm,11.842,0.6145396586502416
gyro_norm,11.872,0.49427125024076385
gyro_norm,11.885,0.44394871235410965
gyro_norm,11.907,0.4908443173059813
gyro_norm,11.929,0.740108164444768
gyro_norm,11.951,1.0174976080090858
gyro_norm,11.973,1.0738890977487046
gyro_norm,11.995,0.8973474344962336
gyro_norm,12.016,0.6210735769893784
gyro_norm,12.043,0.357100652761838
gyro_norm,12.06,0.512495739173989
gyro_norm,12.089,0.9975453992298497
gyro_norm,12.104,1.1564563338715226
gyro_norm,12.129,0.8753140592187655
gyro_norm,12.147,0.7653173949730647
gyro_norm,12.169,1.0542874777625408
gyro_norm,12.191,0.9902929225735032
gyro_norm,12.213,0.6715569701254053
gyro_norm,12.235,0.9214907888513079
gyro_norm,12.257,0.44891965562792235
gyro_norm,12.279,0.6520188878073911
gyro_norm,12.301,0.5538222280141024
gyro_norm,12.323,0.4473821394413117
gyro_norm,12.345,0.37942120484961345
gyro_norm,12.366,0.36986027717202563
gyro_norm,12.389,0.6236578291011148
gyro_norm,12.41,0.9602160785574191
gyro_norm,12.432,1.0936561257239041
gyro_norm,12.459,1.0079132135974136
gyro_norm,12.476,0.7724822268974759
gyro_norm,12.498,0.5277545247213615
gyro_norm,12.519,0.4305284378373492
gyro_norm,12.542,0.34056045409956776
gyro_norm,12.564,0.3407220053841457
gyro_norm,12.586,0.3212039904290434
gyro_norm,12.608,0.3875654793930093
gyro_norm,12.63,0.679538609741842
gyro_norm,12.65,0.8818177157143448
gyro_norm,12.672,0.9202781436650106
gyro_norm,12.694,0.78143230829477
gyro_norm,12.716,0.7102534209501001
gyro_norm,12.739,1.1711055192141817
gyro_norm,12.769,1.5935824556890184
gyro_norm,12.782,1.469325628268353
gyro_norm,12.804,1.143701666880337
gyro_norm,12.826,0.7015898804416316
gyro_norm,12.848,0.6159480809490282
gyro_norm,12.87,0.42682802012683446
gyro_norm,12.891,0.25499288277627574
gyro_norm,12.913,0.8348936727179894
gyro_norm,12.935,1.2241079359857616
gyro_norm,12.957,1.2534600674410834
gyro_norm,12.986,0.8914946416664385
gyro_norm,13.001,0.3461581676763407
gyro_norm,13.023,0.3153687440831153
gyro_norm,13.045,0.4041097018464932
gyro_norm,13.067,0.31684348789427835
gyro_norm,13.1,0.2233923215672935
gyro_norm,13.11,0.17297857762836594
gyro_norm,13.133,0.31825418236381825
gyro_norm,13.154,0.587696546364304
gyro_norm,13.176,0.8613086559949313
gyro_norm,13.198,1.0764200804406212
gyro_norm,13.228,0.9946970595730993
gyro_norm,13.243,0.8046404586015437
gyro_norm,13.263,0.978656633202446
gyro_norm,13.285,1.2926457239678855
gyro_norm,13.307,0.7987346590842691
gyro_norm,13.329,0.9097028139224382
gyro_norm,13.351,1.0721988550902035
gyro_norm,13.373,1.055439526405844
gyro_norm,13.394,0.8594811152641574
gyro_norm,13.416,0.5991814584884227
gyro_norm,13.443,0.5425565488550484
gyro_norm,13.462,0.6721644459049277
gyro_norm,13.482,0.8137974863083663
gyro_norm,13.51,0.8643362973174554
gyro_norm,13.526,0.8674725476478276
gyro_norm,13.548,0.7263336740103284
gyro_norm,13.569,0.49581852042447094
gyro_norm,13.592,0.35439676755350646
gyro_norm,13.613,0.34692712941828663
gyro_norm,13.635,0.3803654456955214
gyro_norm,13.657,0.2766658562640776
gyro_norm,13.679,0.20979064007484563
gyro_norm,13.701,0.23852284913948066
gyro_norm,13.734,0.45328150586930555
gyro_norm,13.745,0.6311937751695839
gyro_norm,13.766,0.6542239744484555
gyro_norm,13.789,0.6144826434121133
gyro_norm,13.81,0.6222516595813175
gyro_norm,13.832,0.9142043113847446
gyro_norm,13.854,1.1776211473088134
gyro_norm,13.877,1.1250775169880045
gyro_norm,13.897,0.9592067481008253
gyro_norm,13.92,0.9530143634884695
gyro_norm,13.953,0.9451845458505507
gyro_norm,13.965,0.7166954686897516
gyro_norm,13.985,0.4831636024790247
gyro_norm,14.01,0.5381979826362772
gyro_norm,14.029,0.5949814493259616
gyro_norm,14.053,0.6891235486837838
gyro_norm,14.073,1.0000041488515947
gyro_norm,14.095,1.2619729736665037
gyro_norm,14.116,1.3759568973963023
gyro_norm,14.138,1.3875488355250973
gyro_norm,14.166,1.4195617911463903
gyro_norm,14.182,1.3580687103336782
gyro_norm,14.204,1.1114165400291947
gyro_norm,14.226,0.7156119038786108
gyro_norm,14.248,0.5343856683549157
gyro_norm,14.27,0.7854445837515811
gyro_norm,14.291,0.9572114283319885
gyro_norm,14.314,0.9188838004345775
gyro_norm,14.335,0.7534278723196047
gyro_norm,14.358,0.5884428560568622
gyro_norm,14.379,0.8985028173616777
gyro_norm,14.41,1.1198756399624703
gyro_norm,14.423,0.67809160878503
gyro_norm,14.445,1.1316922855038503
gyro_norm,14.466,1.0698358536059005
gyro_norm,14.489,1.0113065947393922
gyro_norm,14.51,0.6956886891783224
gyro_norm,14.532,0.5849949658118944
gyro_norm,14.555,0.6848866723727054
gyro_norm,14.576,0.8130435726314156
gyro_norm,14.598,1.0332620999300528
gyro_norm,14.626,1.2156898340275037
gyro_norm,14.641,1.2418286907437475
gyro_norm,14.663,1.2212003311859567
gyro_norm,14.689,1.1959337053228505
gyro_norm,14.707,0.9432931473345854
gyro_norm,14.729,0.5468332680849471
gyro_norm,14.751,0.2683029672338461
gyro_norm,14.773,0.31864056820173325
gyro_norm,14.795,0.26471492368845584
gyro_norm,14.819,0.33060318093533564
gyro_norm,14.844,0.5796258062146105
gyro_norm,14.86,1.0029839033658856
gyro_norm,14.884,1.3053614286067559
gyro_norm,14.904,1.1784005866442
gyro_norm,14.926,0.9231265630830915
gyro_norm,14.949,1.0586045351251323
gyro_norm,14.97,1.405985522265701
gyro_norm,14.991,1.968509224237542
gyro_norm,15.013,1.979226638081281
gyro_norm,15.036,1.4606521543991542
gyro_norm,15.057,1.0529449131142883
gyro_norm,15.079,0.9199069120009402
gyro_norm,15.101,1.0941950259423106
gyro_norm,15.123,1.2414987268777011
gyro_norm,15.144,1.4834127947110247
gyro_norm,15.17,1.5959174863062124
gyro_norm,15.189,1.5721643907303375
gyro_norm,15.21,1.4518017247545314
gyro_norm,15.232,1.3385226888202229
gyro_norm,15.254,1.273456171726129
gyro_norm,15.276,1.2815426376158294
gyro_norm,15.308,1.3509649813329792
gyro_norm,15.32,1.349734212697554
gyro_norm,15.342,1.307547319056659
gyro_norm,15.363,1.2606802143019316
gyro_norm,15.391,1.312469519597726
gyro_norm,15.407,1.3120621859632386
gyro_norm,15.429,1.1699577422783696
gyro_norm,15.451,1.4390989612789837
gyro_norm,15.473,1.8543661874959325
gyro_norm,15.495,1.0189307371035117
gyro_norm,15.517,0.18908675806535727
gyro_norm,15.538,0.535203664951319
gyro_norm,15.56,0.3939107310515993
gyro_norm,15.582,0.46629215425035603
gyro_norm,15.609,0.3588081314520229
gyro_norm,15.626,0.2832172783448115
gyro_norm,15.649,0.3398078916473326
gyro_norm,15.67,0.40535387892635394
gyro_norm,15.692,0.4990348658095785
gyro_norm,15.715,0.5295216948378757
gyro_norm,15.735,0.3726711110851214
gyro_norm,15.757,0.20338558019813677
gyro_norm,15.779,0.11194700826740529
gyro_norm,15.801,0.21929014496993438
gyro_norm,15.823,0.2536579667847602
gyro_norm,15.845,0.1346373187070901
gyro_norm,15.867,0.061084378634106686
gyro_norm,15.89,0.14846480829865683
gyro_norm,15.911,0.12477521026765546
gyro_norm,15.933,0.3004950681000211
gyro_norm,15.955,0.3343754048617018
gyro_norm,15.976,0.16272941469501545
gyro_norm,16.0,0.21594112331020712
gyro_norm,16.019,0.44144828092027333
gyro_norm,16.042,0.49774864597502566
gyro_norm,16.063,0.5520073528913083
gyro_norm,16.085,0.6271775348340917
gyro_norm,16.11,0.5195288656324771
gyro_norm,16.129,0.7619827843035204
gyro_norm,16.151,0.9121968829272522
gyro_norm,16.173,1.1308406760787535
gyro_norm,16.195,1.029399567983574
gyro_norm,16.217,0.4973247402675046
gyro_norm,16.239,0.310472664309396
gyro_norm,16.266,0.5596098341783288
gyro_norm,16.282,0.42869699922505317
gyro_norm,16.304,0.41660850716282327
gyro_norm,16.326,0.4732383071789492
gyro_norm,16.349,0.5303503068260299
gyro_norm,16.37,0.7886726850360961
gyro_norm,16.392,1.117246237028681
gyro_norm,16.414,1.3424378255400573
gyro_norm,16.436,1.3221901200797124
gyro_norm,16.457,1.0975271293237512
gyro_norm,16.479,0.8375758832473748
gyro_norm,16.507,0.682332140758282
gyro_norm,16.523,0.6018851146664121
gyro_norm,16.545,0.6479609535912972
gyro_norm,16.567,0.7097913787606221
gyro_norm,16.589,0.7246808209807608
gyro_norm,16.61,0.7267456006330718
gyro_norm,16.632,0.6658077877177999
gyro_norm,16.654,0.5608666326179207
gyro_norm,16.676,0.6459638702096833
gyro_norm,16.698,0.8824232919657722
gyro_norm,16.719,1.2777743694210597
gyro_norm,16.741,1.4425982232544732
gyro_norm,16.764,0.5673837263726973
gyro_norm,16.785,0.5261229934280931
gyro_norm,16.807,0.7980122088708674
gyro_norm,16.829,0.8970372608904527
gyro_norm,16.851,0.7961874841489216
gyro_norm,16.873,0.7186300993102532
gyro_norm,16.895,0.7682475500355584
gyro_norm,16.916,0.8967584226335634
gyro_norm,16.939,1.0438894239516254
gyro_norm,16.96,1.0730502271716051
gyro_norm,16.982,0.9024312856555559
gyro_norm,17.004,0.6757757818501972
gyro_norm,17.026,0.5490140811186608
gyro_norm,17.049,0.5072226384459626
gyro_norm,17.07,0.5523173067931739
gyro_norm,17.091,0.5786354512308282
gyro_norm,17.113,0.5664217958432297
gyro_norm,17.135,0.5713291411608513
gyro_norm,17.157,0.5363487165723063
gyro_norm,17.179,0.42818467874390914
gyro_norm,17.201,0.3138473503014502
gyro_norm,17.223,0.31335010399863295
gyro_norm,17.246,0.3180827820286926
gyro_norm,17.266,0.3037369098302699
gyro_norm,17.289,0.28698771817744245
gyro_norm,17.323,0.35399527842454903
gyro_norm,17.332,0.4061008764583803
gyro_norm,17.354,0.4127427281840396
gyro_norm,17.377,0.34366214165976183
gyro_norm,17.399,0.2782599604973979
gyro_norm,17.42,0.35642945185865726
gyro_norm,17.451,0.5338468342502608
gyro_norm,17.464,0.6741702049594839
gyro_norm,17.485,0.6518017442722936
gyro_norm,17.507,0.6324842313411486
gyro_norm,17.53,0.789143991130915
gyro_norm,17.551,0.9799053351894282
gyro_norm,17.574,1.0499024694752503
gyro_norm,17.595,0.953239720510681
gyro_norm,17.617,0.8001524234381582
gyro_norm,17.647,0.7147148062462025
gyro_norm,17.661,0.6834510385271513
gyro_norm,17.683,0.6184788475300248
gyro_norm,17.704,0.5262497966115671
gyro_norm,17.726,0.4401669615262055
gyro_norm,17.749,0.3608764472323134
gyro_norm,17.77,0.4343253085800562
gyro_norm,17.792,0.5744038567872194
gyro_norm,17.814,0.6411905058411116
gyro_norm,17.835,0.5785010738605582
gyro_norm,17.857,0.4646049593192372
gyro_norm,17.888,0.36565017700096275
gyro_norm,17.901,0.3392973660230947
gyro_norm,17.923,0.38053431802496723
gyro_norm,17.948,0.5865795992596993
gyro_norm,17.967,0.5965932875631382
gyro_norm,17.989,0.22432651617438268
gyro_norm,18.011,0.46018850809656137
gyro_norm,18.033,0.4203886371282471
gyro_norm,18.055,0.7554119317255078
gyro_norm,18.076,0.5321262919208991
gyro_norm,18.1,0.34908621386964866
gyro_norm,18.12,0.4111193198719442
gyro_norm,18.143,0.6017470983732103
gyro_norm,18.164,0.6089100127364329
gyro_norm,18.188,0.49183069453446926
gyro_norm,18.208,0.3868930586079112
gyro_norm,18.23,0.4206134686926687
gyro_norm,18.251,0.4842143247072736
gyro_norm,18.273,0.4203527022555694
gyro_norm,18.295,0.3092197682581128
gyro_norm,18.317,0.16339306041752555
gyro_norm,18.339,0.06611182647044164
gyro_norm,18.368,0.08633585352850515
gyro_norm,18.382,0.21333883496203265
gyro_norm,18.405,0.2357925176328421
gyro_norm,18.426,0.20893344430451602
gyro_norm,18.45,0.2486638388711769
gyro_norm,18.47,0.31113911054738214
gyro_norm,18.492,0.30995316011818624
gyro_norm,18.514,0.25937599568978925
gyro_norm,18.535,0.41000725420515904
gyro_norm,18.557,0.4965213147695255
gyro_norm,18.58,0.4516243601364745
gyro_norm,18.601,0.4281617874088776
gyro_norm,18.631,0.5230420933268336
gyro_norm,18.645,0.5970499797976778
gyro_norm,18.667,0.751047866512939
gyro_norm,18.691,0.5181940436578111
gyro_norm,18.711,0.21620891524887526
gyro_norm,18.733,0.36760437408837837
gyro_norm,18.755,0.45418190592538976
gyro_norm,18.776,0.4973022926657288
gyro_norm,18.799,0.5626463134519722
gyro_norm,18.82,0.6937273145952232
gyro_norm,18.842,0.737736201472439
gyro_norm,18.87,0.7228446750471934
gyro_norm,18.886,0.7180507326312837
gyro_norm,18.908,0.7579969994115191
gyro_norm,18.929,0.7607204670488088
gyro_norm,18.952,0.6609368981332537
gyro_norm,18.974,0.5817144345644712
gyro_norm,18.996,0.6985534581613233
gyro_norm,19.017,0.7723326213367382
gyro_norm,19.042,0.8115175630611206
gyro_norm,19.061,0.9490984389318353
gyro_norm,19.083,1.0413461860357498
gyro_norm,19.107,1.1691404773610028
gyro_norm,19.126,1.835092753904346
gyro_norm,19.149,1.4807785555148054
gyro_norm,19.171,0.5044879172405855
gyro_norm,19.192,0.4509614815488263
gyro_norm,19.215,0.6190303422588119
gyro_norm,19.236,0.5063266798917226
gyro_norm,19.267,0.2033680933562138
gyro_norm,19.279,0.31712605609694294
gyro_norm,19.301,0.4531279097388898
gyro_norm,19.329,0.6408803180458509
gyro_norm,19.345,0.7979793067659622
gyro_norm,19.367,0.8354962803663345
gyro_norm,19.389,0.7606238312369312
gyro_norm,19.411,0.6248864550754949
gyro_norm,19.433,0.4616133564003755
gyro_norm,19.455,0.3571503024470125
gyro_norm,19.479,0.28635395057502827
gyro_norm,19.499,0.2871834768467897
gyro_norm,19.521,0.2146276033492826
gyro_norm,19.542,0.16111493534359492
gyro_norm,19.564,0.4119868054059589
gyro_norm,19.587,0.7698426762240212
gyro_norm,19.609,1.012774261595806
gyro_norm,19.63,0.9397935457857338
gyro_norm,19.651,0.7136417915824012
gyro_norm,19.673,0.6105354525066219
gyro_norm,19.695,0.7418427725402648
gyro_norm,19.717,0.8239764467842826
gyro_norm,19.739,0.7223273003626404
gyro_norm,19.769,0.7073624772555913
gyro_norm,19.783,0.8365011636267389
gyro_norm,19.806,0.7156048014707349
gyro_norm,19.826,0.3605999095378619
gyro_norm,19.849,0.41840631885690543
gyro_norm,19.871,0.7387722064050801
gyro_norm,19.893,0.7546326994640193
gyro_norm,19.914,0.6062406993314355
gyro_norm,19.937,0.49892402961645665
gyro_norm,19.958,0.4459695063998903
gyro_norm,19.982,0.47802319756982764
gyro_norm,20.002,0.5890956501015118
gyro_norm,20.027,0.6905879171349163
gyro_norm,20.045,0.7609790300817936
gyro_norm,20.068,0.7693498721791713
gyro_norm,20.089,0.7010891968054436
gyro_norm,20.111,0.6193676569753271
gyro_norm,20.136,0.733821621764757
gyro_norm,20.155,0.8883968593773821
gyro_norm,20.176,0.7094307844669404
gyro_norm,20.211,0.41721003807636114
gyro_norm,20.223,0.8208224922773911
gyro_norm,20.242,0.9337605641050507
gyro_norm,20.266,0.9288925991171738
gyro_norm,20.286,1.1203699406990817
gyro_norm,20.309,0.40631556423683746
gyro_norm,20.33,0.53653146104608
gyro_norm,20.351,0.5112004569664876
gyro_norm,20.374,0.31904182451214785
gyro_norm,20.396,0.1536034971834229
gyro_norm,20.419,0.3096036425422702
gyro_norm,20.448,0.635385012258155
gyro_norm,20.461,0.9228319955230632
gyro_norm,20.483,1.0861777597449047
gyro_norm,20.505,1.09373736019679
gyro_norm,20.527,0.8777576984281502
gyro_norm,20.554,0.5967875235415764
gyro_norm,20.57,0.42555882145157936
gyro_norm,20.592,0.31219567623298516
gyro_norm,20.614,0.3391373104838211
gyro_norm,20.636,0.402192222691471
gyro_norm,20.659,0.4517584708197803
gyro_norm,20.681,0.5948102868521993
gyro_norm,20.702,0.784750599946369
gyro_norm,20.725,0.8308086038719711
gyro_norm,20.745,0.666783637047153
gyro_norm,20.771,0.513877388309591
gyro_norm,20.789,0.6675409947598563
gyro_norm,20.811,1.3332599328128707
gyro_norm,20.837,1.5113223607195696
gyro_norm,20.855,1.041743562623984
gyro_norm,20.876,0.33413334480516205
gyro_norm,20.899,0.47253857774643976
gyro_norm,20.921,0.5700570827265524
gyro_norm,20.942,0.6306962966299626
gyro_norm,20.964,0.8218402254936676
gyro_norm,20.986,0.8246727651998421
gyro_norm,21.009,0.6581091931091556
gyro_norm,21.03,0.6768299494330136
gyro_norm,21.052,0.8949029612010179
gyro_norm,21.073,0.9152223897468865
gyro_norm,21.095,0.7794037841213649
gyro_norm,21.117,0.8669246168648999
gyro_norm,21.149,0.8985501101708796
gyro_norm,21.161,0.7291853493623864
gyro_norm,21.183,0.3602700575846569
gyro_norm,21.205,0.2967423409885231
gyro_norm,21.227,0.7577579355080611
gyro_norm,21.252,1.014088250100106
gyro_norm,21.271,0.8729226077395825
gyro_norm,21.292,0.5043999809639581
gyro_norm,21.315,0.3398302127276729
gyro_norm,21.336,0.6857461555841858
gyro_norm,21.364,1.0224681945158913
gyro_norm,21.38,0.800853815233638
gyro_norm,21.401,0.8133029854800049
gyro_norm,21.426,0.502283400330068
gyro_norm,21.446,0.3544417935225695
gyro_norm,21.467,0.6450113719731596
gyro_norm,21.489,0.7271439557204877
gyro_norm,21.511,0.5895036016251016
gyro_norm,21.533,0.5038272240574339
gyro_norm,21.555,0.5467622947910444
gyro_norm,21.577,0.73690563784329
gyro_norm,21.599,0.8615087884619567
gyro_norm,21.621,0.8644712534387563
gyro_norm,21.652,0.7613238294243341
gyro_norm,21.664,0.5873758360129612
gyro_norm,21.686,0.4685997166907756
gyro_norm,21.709,0.45001058126708815
gyro_norm,21.73,0.4716848036205367
gyro_norm,21.752,0.49651271066625974
gyro_norm,21.774,0.5486649272380675
gyro_norm,21.795,0.5883783224961581
gyro_norm,21.817,0.6105312277144929
gyro_norm,21.844,0.6142853882565742
gyro_norm,21.861,0.518715393953858
gyro_norm,21.889,0.5633102888173368
gyro_norm,21.905,0.5180547745553272
gyro_norm,21.927,0.7500997697153001
gyro_norm,21.949,1.224203510359789
gyro_norm,21.97,1.241263828875638
gyro_norm,21.992,1.0885898365070683
gyro_norm,22.014,1.0070554253789374
gyro_norm,22.037,0.7114714445279319
gyro_norm,22.062,0.53234441226323
gyro_norm,22.08,0.6646401528917285
gyro_norm,22.107,0.6916459009814633
gyro_norm,22.124,0.5841880181684784
gyro_norm,22.146,0.5961506752646545
gyro_norm,22.168,0.6561646222699477
gyro_norm,22.189,0.6431745682711206
gyro_norm,22.216,0.8014375048892366
gyro_norm,22.233,0.9817900269485714
gyro_norm,22.255,0.9061631804494301
gyro_norm,22.277,0.6675546444262397
gyro_norm,22.299,0.40767321754236346
gyro_norm,22.323,0.6248388872084851
gyro_norm,22.343,0.977293176193888
gyro_norm,22.374,1.0132340759210974
gyro_norm,22.386,0.7566968193824081
gyro_norm,22.41,0.5508215581792482
gyro_norm,22.441,0.5611061136577167
gyro_norm,22.452,0.501838726119955
gyro_norm,22.474,0.5168875701799339
gyro_norm,22.496,0.9144985765786202
gyro_norm,22.52,0.4398564106632733
gyro_norm,22.539,0.35985434394256527
gyro_norm,22.561,0.5445150169896084
gyro_norm,22.589,0.2006415964003276
gyro_norm,22.605,0.1575768445982404
gyro_norm,22.627,0.19358077480974414
gyro_norm,22.65,0.2599719499441934
gyro_norm,22.671,0.36777867671821496
gyro_norm,22.692,0.3759222483953799
gyro_norm,22.715,0.25198362294313237
gyro_norm,22.736,0.1126345804457412
gyro_norm,22.758,0.04399101134678627
gyro_norm,22.78,0.06889261024825867
gyro_norm,22.803,0.13191231902440387
gyro_norm,22.824,0.1300955528381062
gyro_norm,22.858,0.19347611003902038
gyro_norm,22.868,0.25315499222568255
gyro_norm,22.889,0.17330146735733992
gyro_norm,22.912,0.21996190093599052
gyro_norm,22.933,0.40901572997297425
gyro_norm,22.955,0.5202099389619561
gyro_norm,22.977,0.39627820093365484
gyro_norm,23.008,0.14570437790016513
gyro_norm,23.025,0.15416599768747918
gyro_norm,23.042,0.48231193908224745
gyro_norm,23.064,0.6327322620017144
gyro_norm,23.087,0.5212840636857481
gyro_norm,23.11,0.2303360106946131
gyro_norm,23.13,0.19883590534398757
gyro_norm,23.153,0.33529643280257937
gyro_norm,23.175,0.12876619776369974
gyro_norm,23.196,0.2036632394926019
gyro_norm,23.218,0.26027625862421966
gyro_norm,23.245,0.24999617535143887
gyro_norm,23.261,0.7057584151596383
gyro_norm,23.285,1.0852204273301778
gyro_norm,23.305,1.1926613580266163
gyro_norm,23.327,1.2764087935778776
gyro_norm,23.349,1.4221865704084418
gyro_norm,23.371,1.381199604667036
gyro_norm,23.392,1.085102095381384
gyro_norm,23.414,0.5961570084290299
gyro_norm,23.436,0.14038913501136216
gyro_norm,23.459,0.38923442404214575
gyro_norm,23.48,0.5770798951024207
gyro_norm,23.509,0.664426382103984
gyro_norm,23.524,0.8092359141987311
gyro_norm,23.545,1.0631651982861177
gyro_norm,23.568,1.2840096034966133
gyro_norm,23.59,0.8098437157825082
gyro_norm,23.611,0.8339311119329452
gyro_norm,23.633,0.5537052193184845
gyro_norm,23.655,0.6465737560767282
gyro_norm,23.677,1.3249105375529882
gyro_norm,23.706,1.1542555493472626
gyro_norm,23.721,0.6136032790780562
gyro_norm,23.743,0.4058001554839997
gyro_norm,23.765,0.5227486730799855
gyro_norm,23.788,0.6269859897293545
gyro_norm,23.809,0.6546230325710761
gyro_norm,23.83,0.661919812578535
gyro_norm,23.852,0.6411612792364605
gyro_norm,23.874,0.6023855226935911
gyro_norm,23.896,0.48943292170952224
gyro_norm,23.918,0.3154899929221946
gyro_norm,23.947,0.3455938142002994
gyro_norm,23.965,0.4494048490311435
gyro_norm,23.983,0.5682659124539587
gyro_norm,24.005,0.4559831260263919
gyro_norm,24.027,0.27552089098447213
gyro_norm,24.049,0.1449776199793413
gyro_norm,24.072,0.1465891728074421
gyro_norm,24.093,0.13342659462622194
gyro_norm,24.115,0.16127676413649714
gyro_norm,24.137,0.2931170063765503
gyro_norm,24.159,0.5849064082365767
gyro_norm,24.181,0.714086249325114
gyro_norm,24.202,1.0051978119652039
gyro_norm,24.23,0.7364196091448105
gyro_norm,24.246,0.38691550091408927
gyro_norm,24.269,0.8094355347541643
gyro_norm,24.29,0.544454311623471
gyro_norm,24.312,0.2651225291506872
gyro_norm,24.334,0.24844507542651695
gyro_norm,24.356,0.35014242364150394
gyro_norm,24.377,0.49387783800206203
gyro_norm,24.399,0.3661499615460066
gyro_norm,24.421,0.24910482935412626
gyro_norm,24.448,0.36389679981104694
gyro_norm,24.465,0.41929723584418166
gyro_norm,24.486,0.4955090035064127
gyro_norm,24.509,0.5591400400157693
gyro_norm,24.53,0.49038277398262675
gyro_norm,24.552,0.37673957740625313
gyro_norm,24.575,0.3904031338329102
gyro_norm,24.599,0.4339837820956023
gyro_norm,24.618,0.35933277264957486
gyro_norm,24.64,0.3185242892960821
gyro_norm,24.672,0.30352143596351067
gyro_norm,24.683,0.3017447124164439
gyro_norm,24.706,0.2742067149203495
gyro_norm,24.727,0.23434934955952835
gyro_norm,24.75,0.19668150806228368
gyro_norm,24.778,0.29158038101589295
gyro_norm,24.793,0.4236012706720229
gyro_norm,24.815,0.4750355116829265
gyro_norm,24.837,0.4241794226661813
gyro_norm,24.859,0.1292524979617377
gyro_norm,24.88,0.22935358713924442
gyro_norm,24.902,0.2621285246885529
gyro_norm,24.924,0.04416139345019336
gyro_norm,24.946,0.3495392211306268
gyro_norm,24.969,0.5876047989868023
gyro_norm,24.99,0.5610553168795176
gyro_norm,25.011,0.4358147120675191
gyro_norm,25.033,0.30796968983773537
gyro_norm,25.056,0.14181440021982086
gyro_norm,25.077,0.07651020151529549
gyro_norm,25.099,0.025713524759280248
gyro_norm,25.121,0.12659408050148344
gyro_norm,25.143,0.18243564860487474
gyro_norm,25.165,0.17344277268363972
gyro_norm,25.187,0.21416810502470024
gyro_norm,25.209,0.26481629688180036
gyro_norm,25.231,0.2695987673983711
gyro_norm,25.252,0.2750639551326321
gyro_norm,25.274,0.2732632621427216
gyro_norm,25.296,0.29340660820851905
gyro_norm,25.323,0.3243378870353516
gyro_norm,25.34,0.31069396595403187
gyro_norm,25.362,0.27484754040823745
gyro_norm,25.389,0.2800164856529711
gyro_norm,25.406,0.25376217405969453
gyro_norm,25.428,0.2320489260951666
gyro_norm,25.449,0.22136179588944843
gyro_norm,25.471,0.21224958362957103
gyro_norm,25.493,0.21082214123031706
gyro_norm,25.515,0.2529884180466689
gyro_norm,25.536,0.43199475291599965
gyro_norm,25.56,0.6651577556115482
gyro_norm,25.584,0.8263497576713835
gyro_norm,25.602,0.8697657627406288
gyro_norm,25.624,0.7521218581507373
gyro_norm,25.646,0.7070563884835849
gyro_norm,25.669,0.4556207177911761
gyro_norm,25.69,0.5681212583197673
gyro_norm,25.711,0.9550899597616764
gyro_norm,25.733,1.1800167940476536
gyro_norm,25.755,1.2793924313966751
gyro_norm,25.778,1.1590061803445355
gyro_norm,25.799,0.7495903304879076
gyro_norm,25.821,0.437109532020174
gyro_norm,25.845,0.37463014510141623
gyro_norm,25.865,0.5054287310021084
gyro_norm,25.891,0.5550013800330732
gyro_norm,25.909,0.6014197312870775
gyro_norm,25.93,0.6773071529841699
gyro_norm,25.952,0.6568327858091036
gyro_norm,25.975,0.5770235332817812
gyro_norm,25.996,0.5228989047570117
gyro_norm,26.018,0.5539971319173443
gyro_norm,26.04,0.599141619234718
gyro_norm,26.062,0.5882014519055739
gyro_norm,26.084,0.5606066525975387
gyro_norm,26.106,0.5041042244313604
gyro_norm,26.128,0.7150448115269818
gyro_norm,26.15,1.0401792711158016
gyro_norm,26.172,1.048913835710986
gyro_norm,26.193,0.6499013190792176
gyro_norm,26.215,0.28711303197298893
gyro_norm,26.237,0.4035003988815402
gyro_norm,26.269,0.9703895944252711
gyro_norm,26.281,1.2014947729970409
gyro_norm,26.303,0.6913522974176861
gyro_norm,26.325,0.8983754390006023
gyro_norm,26.347,0.9920342293779698
gyro_norm,26.371,0.729394322888743
gyro_norm,26.39,0.6586544586208007
gyro_norm,26.412,0.7985225433836927
gyro_norm,26.434,1.0560407452685128
gyro_norm,26.456,1.2983616952009023
gyro_norm,26.478,1.3516697540814842
gyro_norm,26.506,1.3889606497993232
gyro_norm,26.521,1.4336531994912427
gyro_norm,26.543,1.3017155093295192
gyro_norm,26.565,1.2201643111946652
gyro_norm,26.587,0.9710760453545709
gyro_norm,26.609,0.6293963344390203
gyro_norm,26.631,0.39912218238166397
gyro_norm,26.653,0.4668110756192473
gyro_norm,26.674,0.6094606802656136
gyro_norm,26.696,0.6697112188773114
gyro_norm,26.722,0.7362053668454043
gyro_norm,26.74,0.8081046896057203
gyro_norm,26.763,0.8445338765723651
gyro_norm,26.784,0.9079746676505946
gyro_norm,26.81,1.0507829291494284
gyro_norm,26.828,1.2136076630441575
gyro_norm,26.849,0.9868904379216038
gyro_norm,26.872,0.6269152462302452
gyro_norm,26.893,0.8951439878934397
gyro_norm,26.915,0.9875156767582001
gyro_norm,26.937,0.6716829352634763
gyro_norm,26.959,0.24132434475876394
gyro_norm,26.981,0.14641310453248346
gyro_norm,27.003,0.3091329337797131
gyro_norm,27.025,0.43427143089001363
gyro_norm,27.046,0.42924681361773
gyro_norm,27.07,0.25267226216408006
gyro_norm,27.096,0.3962686554904425
gyro_norm,27.112,0.5348533196045272
gyro_norm,27.135,0.5496337506552373
gyro_norm,27.156,0.5227210438860909
gyro_norm,27.177,0.3866506882236518
gyro_norm,27.199,0.3656735414938296
gyro_norm,27.222,0.3562850654515853
gyro_norm,27.244,0.2929296857399528
gyro_norm,27.265,0.3319287908567148
gyro_norm,27.287,0.506809095573598
gyro_norm,27.309,0.5321918459307193
gyro_norm,27.331,0.44782668534104797
gyro_norm,27.353,0.43384001264950595
gyro_norm,27.376,0.2921192118326745
gyro_norm,27.396,0.17214502259552328
gyro_norm,27.427,0.3076086342084046
gyro_norm,27.441,0.35562814075458604
gyro_norm,27.462,0.2643149867788507
gyro_norm,27.484,0.18328748394582053
gyro_norm,27.506,0.15767627403801182
gyro_norm,27.528,0.11584034306010285
gyro_norm,27.55,0.25327787365532195
gyro_norm,27.571,0.17150687583589194
gyro_norm,27.607,0.35994481062334566
gyro_norm,27.615,0.48656226412959
gyro_norm,27.637,0.5276043573849785
gyro_norm,27.659,0.4566387872262632
gyro_norm,27.681,0.27240104390082376
gyro_norm,27.703,0.2746270746012734
gyro_norm,27.725,0.23201275494897042
gyro_norm,27.747,0.2532999114428106
gyro_norm,27.769,0.24144980935336044
gyro_norm,27.79,0.18805515522038385
gyro_norm,27.812,0.1844137054554369
gyro_norm,27.834,0.20050798809622614
gyro_norm,27.856,0.18646554529863915
gyro_norm,27.885,0.14728319063116999
gyro_norm,27.9,0.11133681207754198
gyro_norm,27.922,0.09736444986983307
gyro_norm,27.944,0.08847277408114972
gyro_norm,27.976,0.06201875929118048
gyro_norm,27.987,0.013392086757272256
gyro_norm,28.009,0.07646965273324048
gyro_norm,28.031,0.1618839951840902
gyro_norm,28.054,0.3237033905213476
gyro_norm,28.075,0.5075264967833358
gyro_norm,28.097,0.47976542396414495
gyro_norm,28.119,0.3377516710157149
gyro_norm,28.14,0.2354341522279688
gyro_norm,28.163,0.1972793603993406
gyro_norm,28.185,0.18089676698558696
gyro_norm,28.206,0.17516488291345014
gyro_norm,28.229,0.17180646528987187
gyro_norm,28.25,0.18984926582150088
gyro_norm,28.272,0.20000743788186717
gyro_norm,28.293,0.14889578447545088
gyro_norm,28.315,0.11816780065044272
gyro_norm,28.337,0.10711852106816033
gyro_norm,28.359,0.11540798229015234
gyro_norm,28.381,0.212368052817873
gyro_norm,28.404,0.3327027006240444
gyro_norm,28.425,0.415454005919244
gyro_norm,28.451,0.4939325885145557
gyro_norm,28.469,0.5705223763652434
gyro_norm,28.49,0.6513769758419725
gyro_norm,28.512,0.7579464896399339
gyro_norm,28.535,0.7380784589417528
gyro_norm,28.557,0.6859761199440468
gyro_norm,28.578,0.5546507079944498
gyro_norm,28.605,0.2837779715199686
gyro_norm,28.621,0.1851246593641444
gyro_norm,28.643,0.25395069411175564
gyro_norm,28.665,0.4573611844058281
gyro_norm,28.687,0.47092894700454285
gyro_norm,28.71,0.3127735354248989
gyro_norm,28.731,0.17954717253733074
gyro_norm,28.753,0.28528552891740794
gyro_norm,28.778,0.3725013413025336
gyro_norm,28.796,0.46642129913965247
gyro_norm,28.823,0.6578191620289571
gyro_norm,28.842,0.6885378312549766
gyro_norm,28.862,0.6051597026014288
gyro_norm,28.884,0.6341092237189231
gyro_norm,28.908,0.6732372459639901
gyro_norm,28.929,0.5594205142743371
gyro_norm,28.95,0.4082813300687749
gyro_norm,28.972,0.36181180469418867
gyro_norm,28.993,0.4588619619968796
gyro_norm,29.018,0.6706795033267906
gyro_norm,29.037,0.9951234804886125
gyro_norm,29.066,1.270838215311523
gyro_norm,29.083,1.4253133480820472
gyro_norm,29.103,1.660438231981298
gyro_norm,29.124,1.8049614956723703
gyro_norm,29.147,1.5923801090480298
gyro_norm,29.169,1.4504489587515585
gyro_norm,29.19,0.9226443936311719
gyro_norm,29.212,0.6019459068806076
gyro_norm,29.234,0.8220129719309328
gyro_norm,29.256,0.8195197805468497
gyro_norm,29.29,0.7463261999970202
gyro_norm,29.3,0.7585305082457152
gyro_norm,29.321,0.7682154997723902
gyro_norm,29.344,0.8194506794025918
gyro_norm,29.365,0.9104940316087556
gyro_norm,29.389,0.981051581684094
gyro_norm,29.409,0.9114130242941823
gyro_norm,29.431,0.7244385453214833
gyro_norm,29.453,0.5461941093649779
gyro_norm,29.475,0.5313993793867184
gyro_norm,29.497,0.650057628283522
gyro_norm,29.524,0.7678503669788218
gyro_norm,29.54,0.768051400894272
gyro_norm,29.574,0.7709366992253234
gyro_norm,29.584,0.8589636966360067
gyro_norm,29.606,1.0559592645813396
gyro_norm,29.629,1.3384398192324816
gyro_norm,29.65,1.641409753395989
gyro_norm,29.672,1.7865002416734317
gyro_norm,29.694,1.559137873545727
gyro_norm,29.715,1.1818846181575406
gyro_norm,29.743,1.214431491892716
gyro_norm,29.759,1.4062011348789318
gyro_norm,29.786,1.1693403499566046
gyro_norm,29.803,0.5889355537629605
gyro_norm,29.825,0.514497805291657
gyro_norm,29.847,0.8383079569300388
gyro_norm,29.869,0.8008371575706886
gyro_norm,29.894,0.9229608467110747
gyro_norm,29.912,1.0925330136009943
gyro_norm,29.935,1.064133596384468
gyro_norm,29.956,1.0038903193177848
gyro_norm,29.988,1.0348519140818626
gyro_norm,30.0,1.0772367608219195
gyro_norm,30.022,1.1483055398801878
gyro_norm,30.047,1.2560120285237926
gyro_norm,30.065,1.360378256972707
gyro_norm,30.09,1.41295877967543
gyro_norm,30.109,1.3032318943695393
gyro_norm,30.131,0.9337896016083181
gyro_norm,30.153,0.6569923165890832
gyro_norm,30.175,0.8250566940779824
gyro_norm,30.197,0.8759494328529273
gyro_norm,30.218,0.7718754876573412
gyro_norm,30.244,0.6416754794912045
gyro_norm,30.262,0.6411240256966132
gyro_norm,30.286,0.7320968404537527
gyro_norm,30.306,0.7606267758845183
gyro_norm,30.33,0.9685960519635575
gyro_norm,30.35,0.36845184294886313
gyro_norm,30.373,0.9744139292992496
gyro_norm,30.394,1.1740557296173884
gyro_norm,30.416,1.220278037906432
gyro_norm,30.437,1.3986311954535189
gyro_norm,30.472,1.6245967582745848
gyro_norm,30.481,1.8583225508030388
gyro_norm,30.503,1.9819967619204275
gyro_norm,30.525,1.9920915238316963
gyro_norm,30.547,2.0098233626981976
gyro_norm,30.569,1.870567438057685
gyro_norm,30.591,1.5929715796120816
gyro_norm,30.612,1.3743768810389303
gyro_norm,30.635,1.189303977953488
gyro_norm,30.656,0.9963583633313529
gyro_norm,30.685,0.774034763990837
gyro_norm,30.7,0.779324796928471
gyro_norm,30.724,1.1160437843394826
gyro_norm,30.744,1.558350456153089
gyro_norm,30.771,1.8129727397112179
gyro_norm,30.787,1.8168037441638976
gyro_norm,30.809,1.6421509171463102
gyro_norm,30.831,1.6642804221178271
gyro_norm,30.853,2.3343501836464062
gyro_norm,30.875,3.4131778347303454
gyro_norm,30.897,4.19126140827583
gyro_norm,30.931,4.0837902088228395
gyro_norm,30.943,3.3022517010558436
gyro_norm,30.962,2.412549473435246
gyro_norm,30.984,1.3628619601715866
gyro_norm,31.009,0.4398753853215282
gyro_norm,31.029,1.67507430501031
gyro_norm,31.05,2.38529885308288
gyro_norm,31.072,2.5443055274460566
gyro_norm,31.094,2.4518757397086195
gyro_norm,31.116,2.2856241640923733
gyro_norm,31.137,2.1858860609602395
gyro_norm,31.169,2.1221302196276244
gyro_norm,31.181,2.040023359813375
gyro_norm,31.203,1.9555112360309521
gyro_norm,31.225,1.8242369996382388
gyro_norm,31.247,1.642163670847817
gyro_norm,31.269,1.5103022375092485
gyro_norm,31.291,1.4772688617117058
gyro_norm,31.312,1.4590071100657145
gyro_norm,31.335,1.5746016997013716
gyro_norm,31.356,1.5987997737600848
gyro_norm,31.378,1.6549581758884513
gyro_norm,31.4,1.8902188082140376
gyro_norm,31.422,1.3514169611383944
gyro_norm,31.444,1.2268255488155715
gyro_norm,31.465,0.5723364043014679
gyro_norm,31.496,0.6113023421582959
gyro_norm,31.513,0.7376424809199937
gyro_norm,31.531,0.5756843195102438
gyro_norm,31.553,0.505798861867752
gyro_norm,31.575,0.7802591372424917
gyro_norm,31.597,0.8351883203255911
gyro_norm,31.619,0.8707053183665817
gyro_norm,31.641,0.8486027405666788
gyro_norm,31.663,0.8935470083118019
gyro_norm,31.684,0.931930508007694
gyro_norm,31.706,0.7292359619957285
gyro_norm,31.729,0.45148127347541867
gyro_norm,31.75,0.32388808826027954
gyro_norm,31.772,0.28549584862753247
gyro_norm,31.794,0.3101607712896031
gyro_norm,31.816,0.22263611555813675
gyro_norm,31.838,0.2706122851008418
gyro_norm,31.873,0.3529876764615789
gyro_norm,31.881,0.372083157925059
gyro_norm,31.903,0.3440924296400279
gyro_norm,31.925,0.3462650337049759
gyro_norm,31.947,0.39019858232778293
gyro_norm,31.974,0.3220204205373207
gyro_norm,31.991,0.5422671468203262
gyro_norm,32.013,0.8872702473513632
gyro_norm,32.034,0.7496950522491274
gyro_norm,32.056,0.5304419203670757
gyro_norm,32.088,0.11460523516528262
gyro_norm,32.1,0.443588815874131
gyro_norm,32.122,0.44430168699472095
gyro_norm,32.144,0.1699885643141272
gyro_norm,32.171,0.22217183759349038
gyro_norm,32.187,0.24191040778833897
gyro_norm,32.21,0.2651266587036328
gyro_norm,32.233,0.25612304103328243
gyro_norm,32.253,0.3110384731107165
gyro_norm,32.275,0.4198678091709088
gyro_norm,32.297,0.41812039368708576
gyro_norm,32.328,0.2698510711887816
gyro_norm,32.341,0.21468535397049746
gyro_norm,32.363,0.13390005984972075
gyro_norm,32.385,0.12357675331401746
gyro_norm,32.411,0.19872748273114302
gyro_norm,32.429,0.17426108898614318
gyro_norm,32.45,0.15487764402911447
gyro_norm,32.472,0.15644832423761282
gyro_norm,32.495,0.17527115616861863
gyro_norm,32.516,0.2358441872298798
gyro_norm,32.538,0.3389576132747228
gyro_norm,32.571,0.4097608005637757
gyro_norm,32.581,0.2828581535859956
gyro_norm,32.61,0.08742745573977487
gyro_norm,32.625,0.12199806243845712
gyro_norm,32.647,0.11819384882029413
gyro_norm,32.669,0.16460510249191276
gyro_norm,32.691,0.3972549920383806
gyro_norm,32.713,0.624328681295542
gyro_norm,32.735,0.6272280702786915
gyro_norm,32.756,0.5173919467559213
gyro_norm,32.778,0.32239647236548663
gyro_norm,32.801,0.2891356558068835
gyro_norm,32.822,0.3358676433013417
gyro_norm,32.844,0.37303430138794147
gyro_norm,32.867,0.4590954703277444
gyro_norm,32.889,0.28130113229020093
gyro_norm,32.909,0.43310652368617264
gyro_norm,32.931,0.3619189917537419
gyro_norm,32.974,0.2775811225135168
gyro_norm,32.975,0.12068609189438526
gyro_norm,32.997,0.19604578088808658
gyro_norm,33.023,0.14930810580976692
gyro_norm,33.041,0.12258193154645337
gyro_norm,33.063,0.14560381762501248
gyro_norm,33.085,0.11006939752482398
gyro_norm,33.106,0.07610079499117016
gyro_norm,33.129,0.0850708711209887
gyro_norm,33.15,0.035931169539276574
gyro_norm,33.173,0.09841477722229992
gyro_norm,33.194,0.14938305434503457
gyro_norm,33.217,0.13481458331935053
gyro_norm,33.238,0.08928492090672574
gyro_norm,33.26,0.08799673464637255
gyro_norm,33.282,0.10778788787945646
gyro_norm,33.304,0.11312487490196534
gyro_norm,33.325,0.12993779477759293
gyro_norm,33.347,0.1731045959402884
gyro_norm,33.369,0.2374043893278224
gyro_norm,33.391,0.2816557399562083
gyro_norm,33.413,0.334615996859925
gyro_norm,33.435,0.4354678841402733
gyro_norm,33.456,0.5395946373930165
gyro_norm,33.478,0.6424594704085076
gyro_norm,33.512,0.7813230535411961
gyro_norm,33.522,0.9073287881870921
gyro_norm,33.544,0.966346133119383
gyro_norm,33.567,0.9735132158299549
gyro_norm,33.589,0.9711081623663105
gyro_norm,33.61,0.9464462340555325
gyro_norm,33.631,0.9167828652645698
gyro_norm,33.654,0.8544781315778106
gyro_norm,33.675,0.7373355904054382
gyro_norm,33.697,0.6090512868059791
gyro_norm,33.719,0.5214743289841075
gyro_norm,33.742,0.4895170362825486
gyro_norm,33.764,0.48396372679814204
gyro_norm,33.784,0.4759212368540649
gyro_norm,33.81,0.4404942443557708
gyro_norm,33.829,0.4009364496149329
gyro_norm,33.85,0.3572414764086758
gyro_norm,33.873,0.3205069455357331
gyro_norm,33.896,0.26963691081076957
gyro_norm,33.916,0.21226919216581688
gyro_norm,33.938,0.1453150582018649
gyro_norm,33.96,0.4823011876149366
gyro_norm,33.986,0.7565325406487952
gyro_norm,34.003,0.7680920683158364
gyro_norm,34.025,0.548998495745359
gyro_norm,34.051,0.491524513775259
gyro_norm,34.069,0.7094301279644573
gyro_norm,34.091,0.730083736898851
gyro_norm,34.113,0.5410753225460301
gyro_norm,34.135,0.518423880422859
gyro_norm,34.157,0.6256639522809894
gyro_norm,34.185,0.6963103282356516
gyro_norm,34.203,0.6856275182101755
gyro_norm,34.222,0.7315601482743787
gyro_norm,34.246,0.8718205393889386
gyro_norm,34.266,0.968004889930078
gyro_norm,34.289,0.91657493367439
gyro_norm,34.31,0.7879490748963761
gyro_norm,34.332,0.6514457730837685
gyro_norm,34.353,0.43677671637774296
gyro_norm,34.375,0.21852278726481794
gyro_norm,34.397,0.13280164031653008
gyro_norm,34.42,0.2388710267107864
gyro_norm,34.451,0.34255603510234817
gyro_norm,34.463,0.44186403192054047
gyro_norm,34.485,0.5459913039623613
gyro_norm,34.511,0.702447897633911
gyro_norm,34.529,0.8233463918385588
gyro_norm,34.55,0.8462866357619109
gyro_norm,34.572,0.8317614559041475
gyro_norm,34.594,0.7446401295101523
gyro_norm,34.616,0.329563704004099
gyro_norm,34.638,0.8629076179210495
gyro_norm,34.66,0.749478279224405
gyro_norm,34.692,0.29848499848289783
gyro_norm,34.704,1.1179406471042665
gyro_norm,34.725,1.3365660010106184
gyro_norm,34.747,1.0360376128903526
gyro_norm,34.769,0.6158606601699406
gyro_norm,34.791,0.36621423320912433
gyro_norm,34.813,0.3749795991538262
gyro_norm,34.835,0.5267783794289663
gyro_norm,34.856,0.7629705300826048
gyro_norm,34.879,0.8710891305245188
gyro_norm,34.901,0.7578347460380362
gyro_norm,34.923,0.536879029500733
gyro_norm,34.944,0.4030376900823889
gyro_norm,34.966,0.3207352123315135
gyro_norm,34.989,0.26485435382949096
gyro_norm,35.018,0.1937383622776266
gyro_norm,35.032,0.1887775975306633
gyro_norm,35.054,0.18659057478208727
gyro_norm,35.076,0.1779112860321893
gyro_norm,35.097,0.25369745357929335
gyro_norm,35.119,0.4211560273142005
gyro_norm,35.149,0.5617066588749078
gyro_norm,35.169,0.5592962879107507
gyro_norm,35.185,0.43536661048892694
gyro_norm,35.212,0.5722156212230834
gyro_norm,35.229,0.3873996044096464
gyro_norm,35.25,0.4415898227829356
gyro_norm,35.272,0.8334241619425106
gyro_norm,35.295,0.8069398635944326
gyro_norm,35.316,0.41992483824062454
gyro_norm,35.338,0.24734673117152164
gyro_norm,35.36,0.3138194015127672
gyro_norm,35.382,0.15909399565925883
gyro_norm,35.404,0.14812849214758447
gyro_norm,35.426,0.24889160534484503
gyro_norm,35.447,0.30989109883670957
gyro_norm,35.47,0.3368946132025188
gyro_norm,35.491,0.3086024083167253
gyro_norm,35.513,0.3270479646067074
gyro_norm,35.535,0.4113546384103116
gyro_norm,35.557,0.3416800884219031
gyro_norm,35.579,0.18511956516976746
gyro_norm,35.601,0.12396247521893097
gyro_norm,35.622,0.12493771215206652
gyro_norm,35.648,0.119749463521376
gyro_norm,35.666,0.06749105668616792
gyro_norm,35.689,0.10816857215105134
gyro_norm,35.71,0.16167906736477028
gyro_norm,35.732,0.16664136039750452
gyro_norm,35.754,0.20190819720335526
gyro_norm,35.776,0.3206204038152652
gyro_norm,35.797,0.4815902399608171
gyro_norm,35.821,0.4772611046140796
gyro_norm,35.841,0.3185943135218992
gyro_norm,35.863,0.1403616403641104
gyro_norm,35.886,0.11452910709347647
gyro_norm,35.907,0.1440948290534636
gyro_norm,35.93,0.0581754488555553
gyro_norm,35.951,0.20970669482399226
gyro_norm,35.972,0.2393814947122841
gyro_norm,35.995,0.23119895970376209
gyro_norm,36.016,0.2314374389712496
gyro_norm,36.038,0.19441850691376605
gyro_norm,36.063,0.1823313035205878
gyro_norm,36.088,0.1291441875200306
gyro_norm,36.104,0.330941432331414
gyro_norm,36.126,0.30902108341030704
gyro_norm,36.147,0.07492219314850554
gyro_norm,36.17,0.18741960748305048
gyro_norm,36.192,0.16117181085129187
gyro_norm,36.224,0.2015224927066773
gyro_norm,36.235,0.2458242147543797
gyro_norm,36.257,0.23128881238770035
gyro_norm,36.279,0.1430261964307307
gyro_norm,36.301,0.07888630214838521
gyro_norm,36.323,0.10044698432808001
gyro_norm,36.344,0.12710703712656046
gyro_norm,36.366,0.13432785069929687
gyro_norm,36.389,0.12859720083848625
gyro_norm,36.41,0.12924708592047415
gyro_norm,36.432,0.12753301976964013
gyro_norm,36.454,0.13269315320625327
gyro_norm,36.476,0.15162495743915103
gyro_norm,36.497,0.15881911447612637
gyro_norm,36.519,0.16131009239176783
gyro_norm,36.542,0.19726357597700483
gyro_norm,36.563,0.2579604338684355
gyro_norm,36.585,0.31099142289933174
gyro_norm,36.616,0.3979048278415761
gyro_norm,36.629,0.5425196317961062
gyro_norm,36.651,0.6798918989968852
gyro_norm,36.673,0.7653392100184726
gyro_norm,36.695,0.8054731795278567
gyro_norm,36.717,0.8423291078662075
gyro_norm,36.747,0.8796545277968821
gyro_norm,36.761,0.9063252848659179
gyro_norm,36.782,0.9337328449700131
gyro_norm,36.806,0.9983944755470963
gyro_norm,36.826,1.1050637325408204
gyro_norm,36.848,1.2868592614471388
gyro_norm,36.87,1.5280743958538456
gyro_norm,36.891,1.6334386940539172
gyro_norm,36.913,1.4109127320815793
gyro_norm,36.935,1.1443633107738558
gyro_norm,36.957,1.078777041460035
gyro_norm,36.983,0.9567988825435734
gyro_norm,37.001,0.7536826261754404
gyro_norm,37.028,0.8142277250478431
gyro_norm,37.044,0.9090162324215921
gyro_norm,37.066,0.9193892346193058
gyro_norm,37.09,0.826647241328742
gyro_norm,37.11,0.550225982544961
gyro_norm,37.133,0.28775404377977437
gyro_norm,37.154,0.3258090120703164
gyro_norm,37.176,0.45072495879150093
gyro_norm,37.206,0.5997194803035291
gyro_norm,37.219,0.7472043318911614
gyro_norm,37.241,0.9039574251525184
gyro_norm,37.263,1.0046563815077882
gyro_norm,37.286,1.0644996447035842
gyro_norm,37.307,1.1138212985611766
gyro_norm,37.329,1.0160532471831654
gyro_norm,37.351,0.7741279524065622
gyro_norm,37.373,0.5780057716856803
gyro_norm,37.395,0.5558554044320071
gyro_norm,37.416,0.7152708396265752
gyro_norm,37.439,0.863569848875446
gyro_norm,37.47,0.9830534599030786
gyro_norm,37.482,1.1543674608292318
gyro_norm,37.504,1.2739567220656924
gyro_norm,37.526,1.3847305543119806
gyro_norm,37.549,1.5269933733334438
gyro_norm,37.569,1.468637669969392
gyro_norm,37.592,1.1834865111639161
gyro_norm,37.614,0.9318288672541434
gyro_norm,37.635,0.6448120267580062
gyro_norm,37.657,0.39449845517597265
gyro_norm,37.679,0.5002155146313187
gyro_norm,37.701,1.2909013771951248
gyro_norm,37.734,1.432143006116326
gyro_norm,37.744,1.134624839157201
gyro_norm,37.766,0.9411391445955205
gyro_norm,37.789,0.9943724413600631
gyro_norm,37.81,1.151439264200331
gyro_norm,37.832,1.3814818219591534
gyro_norm,37.855,1.5408851514127546
gyro_norm,37.881,1.4846265234901663
gyro_norm,37.898,1.3725151168574758
gyro_norm,37.929,1.1715861926262858
gyro_norm,37.941,0.9170352356086875
gyro_norm,37.967,0.7458683088763368
gyro_norm,37.985,0.6919707873673637
gyro_norm,38.007,0.7182818823093923
gyro_norm,38.029,0.7145607135016837
gyro_norm,38.055,0.7023094442918734
gyro_norm,38.073,0.6591251833735526
gyro_norm,38.094,0.6797277091806975
gyro_norm,38.117,0.8325416762430753
gyro_norm,38.146,0.964958133002322
gyro_norm,38.161,0.9215296203424753
gyro_norm,38.183,0.5973595928743376
gyro_norm,38.207,0.21101034280663744
gyro_norm,38.226,0.5470630388162041
gyro_norm,38.25,1.165679489903736
gyro_norm,38.271,1.0986951424057905
gyro_norm,38.292,0.6248339278813188
gyro_norm,38.313,0.5485083504876958
gyro_norm,38.336,0.856487775268488
gyro_norm,38.357,1.083281312631511
gyro_norm,38.38,1.3199885193642757
gyro_norm,38.403,1.5911358658253771
gyro_norm,38.423,1.8979602052618898
gyro_norm,38.445,2.1727408985970578
gyro_norm,38.467,2.519732034115166
gyro_norm,38.489,2.7205368317521823
gyro_norm,38.51,2.5030627111987567
gyro_norm,38.532,2.0748799889021585
gyro_norm,38.554,1.6579508992265408
gyro_norm,38.576,1.4159064809454796
gyro_norm,38.598,1.1493381211595306
gyro_norm,38.625,0.7056880946508018
gyro_norm,38.641,0.3927274249255966
gyro_norm,38.668,0.6018929581320275
gyro_norm,38.689,0.8314787226155207
gyro_norm,38.707,0.874433768711125
gyro_norm,38.73,1.0358288670115983
gyro_norm,38.751,1.4177167410735052
gyro_norm,38.773,1.6729363210356663
gyro_norm,38.795,1.0888405268374322
gyro_norm,38.816,0.2744436373441123
gyro_norm,38.839,0.46123212043890754
gyro_norm,38.861,1.1485580674012683
gyro_norm,38.883,1.0567342839406673
gyro_norm,38.912,0.5776910641002945
gyro_norm,38.926,0.47846670743761516
gyro_norm,38.949,0.6170473861900647
gyro_norm,38.97,0.6743576756822078
gyro_norm,38.991,0.5779722632852878
gyro_norm,39.013,0.43986225150157554
gyro_norm,39.035,0.40851848794529233
gyro_norm,39.058,0.44553299071078134
gyro_norm,39.079,0.3541373047133867
gyro_norm,39.101,0.23403705247610218
gyro_norm,39.128,0.1871950536042019
gyro_norm,39.145,0.1955894435748367
gyro_norm,39.167,0.17981092626180006
gyro_norm,39.189,0.08701593823546572
gyro_norm,39.211,0.13227981316230958
gyro_norm,39.233,0.19639433031982242
gyro_norm,39.255,0.19709284547873948
gyro_norm,39.276,0.251131001487132
gyro_norm,39.298,0.29370687410519997
gyro_norm,39.32,0.2843530049593113
gyro_norm,39.341,0.25810479179638585
gyro_norm,39.363,0.3165811440974451
gyro_norm,39.386,0.47375824322886334
gyro_norm,39.407,0.5807843432975216
gyro_norm,39.43,0.6746788319272203
gyro_norm,39.451,0.5893246222002788
gyro_norm,39.473,0.49338787090407216
gyro_norm,39.495,0.38645122030224904
gyro_norm,39.517,0.45265693793506323
gyro_norm,39.544,0.49040600572741155
gyro_norm,39.561,0.3092851410184625
gyro_norm,39.582,0.10440930645978945
gyro_norm,39.605,0.2377165788792728
gyro_norm,39.626,0.3303577129820006
gyro_norm,39.653,0.435460843764755
gyro_norm,39.67,0.4184553544251614
gyro_norm,39.692,0.3017196206643958
gyro_norm,39.714,0.2951366049977635
gyro_norm,39.736,0.368509380374396
gyro_norm,39.757,0.37063411783144357
gyro_norm,39.779,0.3528586197448618
gyro_norm,39.801,0.2758447174712551
gyro_norm,39.824,0.09952878886619246
gyro_norm,39.845,0.11588271662730351
gyro_norm,39.867,0.09006190913659966
gyro_norm,39.89,0.0946364881566974
gyro_norm,39.911,0.16814711719773184
gyro_norm,39.932,0.14970315554798058
gyro_norm,39.955,0.19401636300482364
gyro_norm,39.976,0.19320095600487658
gyro_norm,39.998,0.24639384713993512
gyro_norm,40.02,0.40312198982069153
gyro_norm,40.042,0.4090095810116163
gyro_norm,40.064,0.16950630202155603
gyro_norm,40.085,0.13412778144026463
gyro_norm,40.107,0.19615953899958355
gyro_norm,40.133,0.24079682476372338
gyro_norm,40.152,0.1642869961604387
gyro_norm,40.173,0.0912984887626419
gyro_norm,40.195,0.15623038792381885
gyro_norm,40.217,0.18554772925694446
gyro_norm,40.239,0.08633545249103175
gyro_norm,40.26,0.09527801302430627
gyro_norm,40.284,0.14764465035527832
gyro_norm,40.304,0.16391427406059456
gyro_norm,40.326,0.1344611211096395
gyro_norm,40.349,0.15640949076339725
gyro_norm,40.37,0.24609274924579363
gyro_norm,40.392,0.2737763950845153
gyro_norm,40.414,0.20395754956274803
gyro_norm,40.435,0.2029221779631398
gyro_norm,40.457,0.24281370318983958
gyro_norm,40.48,0.27794259103433505
gyro_norm,40.507,0.3054507115030883
gyro_norm,40.523,0.3829589592847095
gyro_norm,40.545,0.4816880303196106
gyro_norm,40.567,0.5281687645373071
gyro_norm,40.589,0.540569612016191
gyro_norm,40.611,0.5994970530372347
gyro_norm,40.633,0.6378917662124478
gyro_norm,40.655,0.7050263083175216
gyro_norm,40.676,0.7862791906445825
gyro_norm,40.703,0.8731935653670625
gyro_norm,40.721,0.9546304910439278
gyro_norm,40.744,1.0380027135623464
gyro_norm,40.764,1.0469093660741147
gyro_norm,40.785,0.9768540878160165
gyro_norm,40.807,0.8104030576334372
gyro_norm,40.829,0.6693072791826992
gyro_norm,40.851,0.2550487043127867
gyro_norm,40.873,0.309691935344413
gyro_norm,40.895,0.5529077357724294
gyro_norm,40.917,0.6228763562417572
gyro_norm,40.939,0.43514185092017094
gyro_norm,40.961,0.46976900873600336
gyro_norm,40.983,0.721905504434908
gyro_norm,41.01,0.648126605815308
gyro_norm,41.026,0.47513547039708753
gyro_norm,41.049,0.41779715878462564
gyro_norm,41.07,0.6353761041290751
gyro_norm,41.092,0.7914153161831073
gyro_norm,41.114,0.6514551787176464
gyro_norm,41.136,0.35901041989851856
gyro_norm,41.158,0.3572606701621327
gyro_norm,41.18,0.4736293007479775
gyro_norm,41.208,0.5464211319637517
gyro_norm,41.223,0.6022910566549055
gyro_norm,41.246,0.6744356908719192
gyro_norm,41.267,0.7807166928722358
gyro_norm,41.289,0.8340210693220562
gyro_norm,41.311,0.8164610303862108
gyro_norm,41.334,0.9108512263522485
gyro_norm,41.354,1.0842296078394529
gyro_norm,41.376,1.1914060834486255
gyro_norm,41.406,1.0193407406405635
gyro_norm,41.424,0.7312829712305452
gyro_norm,41.442,0.6136232100963581
gyro_norm,41.464,0.6294922108024319
gyro_norm,41.49,0.5583841209917251
gyro_norm,41.508,0.5450120429046131
gyro_norm,41.53,0.4695171822047947
gyro_norm,41.552,0.5957209242824446
gyro_norm,41.577,1.0387621720876299
gyro_norm,41.595,1.3470746047885245
gyro_norm,41.617,0.7418207918670955
gyro_norm,41.639,0.7798613875808416
gyro_norm,41.667,1.1120904975031574
gyro_norm,41.683,0.8250373453486404
gyro_norm,41.704,0.5350935887071367
gyro_norm,41.728,0.5482851686715672
gyro_norm,41.749,0.7397136313870651
gyro_norm,41.77,0.9594644463699081
gyro_norm,41.792,1.1081578169084543
gyro_norm,41.814,1.1730192038677005
gyro_norm,41.836,1.1419878178218374
gyro_norm,41.863,1.0265999863481907
gyro_norm,41.883,0.8993728345209726
gyro_norm,41.901,0.8372792884191581
gyro_norm,41.923,0.8896819955477334
gyro_norm,41.945,0.9595665808705782
gyro_norm,41.967,0.9373054180520393
gyro_norm,41.989,0.9329347614030455
gyro_norm,42.011,0.9204087055846157
gyro_norm,42.033,0.7793443964579077
gyro_norm,42.055,0.6177990104651645
gyro_norm,42.076,0.4200458420506868
gyro_norm,42.098,0.35906151454974655
gyro_norm,42.12,0.22696769724157279
gyro_norm,42.147,0.6406348141097346
gyro_norm,42.164,1.049899158348879
gyro_norm,42.186,1.0155809278479944
gyro_norm,42.212,0.29217390095248374
gyro_norm,42.229,0.48183355204943956
gyro_norm,42.251,0.5488031641081164
gyro_norm,42.273,0.6358834607365621
gyro_norm,42.295,0.8233913791730096
gyro_norm,42.317,0.9883666024101636
gyro_norm,42.348,1.1374574535239885
gyro_norm,42.367,1.1470703977279113
gyro_norm,42.382,1.0129755939219032
gyro_norm,42.406,0.9097256901637863
gyro_norm,42.427,0.9502076622182934
gyro_norm,42.449,1.017065613611359
gyro_norm,42.47,1.0616232874497755
gyro_norm,42.492,1.0622262458582363
gyro_norm,42.514,0.9664682333437621
gyro_norm,42.536,0.7487441670453091
gyro_norm,42.558,0.6744879514991033
gyro_norm,42.589,0.8900677353701201
gyro_norm,42.602,1.1137076792705323
gyro_norm,42.623,1.1748961226029793
gyro_norm,42.648,1.3111078221983192
gyro_norm,42.667,1.1748269982967992
gyro_norm,42.69,1.0695203669817905
gyro_norm,42.711,1.1244276370470323
gyro_norm,42.737,0.9955565188851834
gyro_norm,42.754,0.340812929122227
gyro_norm,42.776,0.5133131100018161
gyro_norm,42.799,0.050265208775783825
gyro_norm,42.82,0.8167611849469623
gyro_norm,42.844,0.8176811999850605
gyro_norm,42.864,0.5508036271816485
gyro_norm,42.886,0.6354106720889984
gyro_norm,42.909,0.6163666262455604
gyro_norm,42.93,0.39757293236416585
gyro_norm,42.952,0.2162480755339862
gyro_norm,42.974,0.26948623827813734
gyro_norm,42.995,0.3790395392117979
gyro_norm,43.017,0.502981206731522
gyro_norm,43.039,0.5220933243944813
gyro_norm,43.066,0.3843211905489939
gyro_norm,43.083,0.18944005628499203
gyro_norm,43.105,0.13456662791778254
gyro_norm,43.132,0.1102578131867141
gyro_norm,43.149,0.07409018196616507
gyro_norm,43.17,0.07697684043596263
gyro_norm,43.192,0.12926260258032493
gyro_norm,43.215,0.2597463182640743
gyro_norm,43.245,0.3508970595774302
gyro_norm,43.258,0.3463811273367107
gyro_norm,43.28,0.28384189750849625
gyro_norm,43.305,0.33816918303216675
gyro_norm,43.323,0.32908904211346884
gyro_norm,43.345,0.38221191184330067
gyro_norm,43.368,0.6486108461384416
gyro_norm,43.389,0.7452820433074955
gyro_norm,43.411,0.789163085625599
gyro_norm,43.433,0.5961744742382723
gyro_norm,43.455,0.42891955975723367
gyro_norm,43.477,0.29422454264100195
gyro_norm,43.503,0.10886822567143503
gyro_norm,43.52,0.24508194993065258
gyro_norm,43.543,0.23085628846659753
gyro_norm,43.565,0.22329719500812117
gyro_norm,43.587,0.3677030969609511
gyro_norm,43.609,0.4361602249680328
gyro_norm,43.63,0.47851003236213896
gyro_norm,43.652,0.5291817045811812
gyro_norm,43.674,0.5704627874240482
gyro_norm,43.695,0.5717569035664516
gyro_norm,43.718,0.47110865695652687
gyro_norm,43.739,0.3048424898098098
gyro_norm,43.761,0.3164921171701955
gyro_norm,43.788,0.4370385596038155
gyro_norm,43.806,0.3272575970335686
gyro_norm,43.827,0.2271934602306971
gyro_norm,43.849,0.16148002670205036
gyro_norm,43.871,0.21466780299440158
gyro_norm,43.893,0.3202299084260942
gyro_norm,43.914,0.4279607523956374
gyro_norm,43.938,0.4759750738101547
gyro_norm,43.958,0.2807491054943407
gyro_norm,43.98,0.26922336823802817
gyro_norm,44.002,0.5197547817393264
gyro_norm,44.024,0.3547876306844164
gyro_norm,44.046,0.23162949878081904
gyro_norm,44.068,0.37936824746118664
gyro_norm,44.089,0.3671728301957239
gyro_norm,44.111,0.30449827672824026
gyro_norm,44.133,0.15683440049708408
gyro_norm,44.155,0.15280169447699077
gyro_norm,44.177,0.3045105005239934
gyro_norm,44.204,0.28667437606176843
gyro_norm,44.22,0.1699424552649596
gyro_norm,44.243,0.1608438736808823
gyro_norm,44.265,0.16440889619525187
gyro_norm,44.288,0.14284272330278336
gyro_norm,44.309,0.18475055069738333
gyro_norm,44.33,0.24846478721762552
gyro_norm,44.352,0.27203054616153144
gyro_norm,44.374,0.2603612317045392
gyro_norm,44.396,0.21294684678911885
gyro_norm,44.418,0.15323492957175552
gyro_norm,44.44,0.18499535552683502
gyro_norm,44.461,0.18465958350803197
gyro_norm,44.483,0.22284934663593992
gyro_norm,44.505,0.17586389698173271
gyro_norm,44.545,0.18332769987630926
gyro_norm,44.549,0.1959063120632123
gyro_norm,44.57,0.1552762437677967
gyro_norm,44.592,0.1005193927153879
gyro_norm,44.614,0.11335163606663554
gyro_norm,44.636,0.17032080587793003
gyro_norm,44.658,0.19810021577386588
gyro_norm,44.68,0.16261607432384176
gyro_norm,44.702,0.1532833217955914
gyro_norm,44.725,0.15763655088691464
gyro_norm,44.748,0.13324494703084497
gyro_norm,44.768,0.1320967772214977
gyro_norm,44.79,0.13007628439783758
gyro_norm,44.811,0.14709464069926237
gyro_norm,44.833,0.16147541129510698
gyro_norm,44.855,0.22744236406395715
gyro_norm,44.877,0.3009861426239712
gyro_norm,44.903,0.35165929473116697
gyro_norm,44.921,0.34601553391733286
gyro_norm,44.943,0.31667602759422436
gyro_norm,44.969,0.2960124513775341
gyro_norm,44.987,0.2863521866502498
gyro_norm,45.01,0.30889046974394435
gyro_norm,45.031,0.34007705304092495
gyro_norm,45.052,0.37368989271784675
gyro_norm,45.074,0.3522275697609892
gyro_norm,45.096,0.3076482142541752
gyro_norm,45.119,0.351343990991183
gyro_norm,45.14,0.40023316988119706
gyro_norm,45.167,0.39939244518041706
gyro_norm,45.183,0.4298601461987613
gyro_norm,45.205,0.5246675815100704
gyro_norm,45.227,0.5291955363350054
gyro_norm,45.249,0.44945963229823177
gyro_norm,45.271,0.42378567696866704
gyro_norm,45.293,0.46604931651925985
gyro_norm,45.315,0.3515869296285425
gyro_norm,45.336,0.3999913169790067
gyro_norm,45.359,0.7132264065312098
gyro_norm,45.387,1.0491362722911994
gyro_norm,45.402,1.1501988046646463
gyro_norm,45.424,1.066205429609823
gyro_norm,45.447,0.8306458523024772
gyro_norm,45.468,0.5037190854870648
gyro_norm,45.49,0.20914971653649922
gyro_norm,45.512,0.16347118155239412
gyro_norm,45.533,0.258173321966825
gyro_norm,45.556,0.446664134765073
gyro_norm,45.577,0.6219657100356051
gyro_norm,45.611,0.7229115207997383
gyro_norm,45.621,0.7803186306856865
gyro_norm,45.643,0.760130399448053
gyro_norm,45.665,0.7728154011976258
gyro_norm,45.688,0.7377861383846686
gyro_norm,45.709,0.5699882543558846
gyro_norm,45.732,0.3721488288879331
gyro_norm,45.752,0.23695165919600944
gyro_norm,45.774,0.4542978213142208
gyro_norm,45.796,0.6767523176183532
gyro_norm,45.817,0.7891748016690399
gyro_norm,45.845,0.7370635534444638
gyro_norm,45.862,0.6946483974613941
gyro_norm,45.883,0.7363745123791849
gyro_norm,45.905,0.8128630850952893
gyro_norm,45.927,0.8435523321943422
gyro_norm,45.949,0.7483875399051125
gyro_norm,45.971,1.1253911251602975
gyro_norm,45.993,0.6776103598866242
gyro_norm,46.014,0.8406194951345254
gyro_norm,46.036,1.1085172580328235
gyro_norm,46.061,1.0939067444060349
gyro_norm,46.08,0.7879218587937237
gyro_norm,46.103,0.5861096626159468
gyro_norm,46.124,0.7245317771508887
gyro_norm,46.148,0.7925953502797172
gyro_norm,46.168,0.7954473864890695
gyro_norm,46.19,0.8318375689157095
gyro_norm,46.211,0.7826030609266545
gyro_norm,46.233,0.6329543116747967
gyro_norm,46.255,0.6560176641973702
gyro_norm,46.278,0.6696939920124432
gyro_norm,46.299,0.5495420455482581
gyro_norm,46.321,0.462918657135125
gyro_norm,46.343,0.4171488820663724
gyro_norm,46.377,0.3424511862176619
gyro_norm,46.387,0.24204167328200435
gyro_norm,46.409,0.21888712443396505
gyro_norm,46.431,0.2689315238082849
gyro_norm,46.452,0.38262675615131386
gyro_norm,46.475,0.3728291353721818
gyro_norm,46.496,0.24661476163457516
gyro_norm,46.517,0.21393648324737632
gyro_norm,46.54,0.3416164274571244
gyro_norm,46.562,0.4140201714430455
gyro_norm,46.586,0.7614169453902546
gyro_norm,46.605,0.7056113213273454
gyro_norm,46.627,0.4265337449686143
gyro_norm,46.649,0.5645430411725589
gyro_norm,46.671,0.7807121800544415
gyro_norm,46.693,0.635248891133432
gyro_norm,46.714,0.5475576975198275
gyro_norm,46.737,0.609097432191486
gyro_norm,46.768,0.6971057871777577
gyro_norm,46.781,0.7823216507332688
gyro_norm,46.805,0.8166595779798732
gyro_norm,46.824,0.851279852944229
gyro_norm,46.846,0.9637079090969127
gyro_norm,46.869,1.117374758169171
gyro_norm,46.89,1.2061865909927398
gyro_norm,46.912,1.1237319798407226
gyro_norm,46.933,0.877274951332014
gyro_norm,46.956,0.5558561938480553
gyro_norm,46.977,0.26201915229639283
gyro_norm,47.003,0.22758162380870536
gyro_norm,47.021,0.3970278714858737
gyro_norm,47.043,0.5534759607891555
gyro_norm,47.068,0.5885288534372105
gyro_norm,47.086,0.5009043583163624
gyro_norm,47.109,0.7437715538602019
gyro_norm,47.13,0.7186594104487255
gyro_norm,47.152,0.9357746294318798
gyro_norm,47.174,1.4092097931103387
gyro_norm,47.196,0.8692813812980813
gyro_norm,47.226,0.8927596140525101
gyro_norm,47.243,0.8817878515159554
gyro_norm,47.261,0.6951336521590014
gyro_norm,47.284,0.6037310575328315
gyro_norm,47.305,0.6514357074702704
gyro_norm,47.334,0.7212018088934442
gyro_norm,47.349,0.9091785211724809
gyro_norm,47.371,0.8710878282288324
gyro_norm,47.393,0.5752656796113348
gyro_norm,47.415,0.3967333203663511
gyro_norm,47.436,0.3247161825899907
gyro_norm,47.468,0.46635802001928267
gyro_norm,47.482,0.6713148987399926
gyro_norm,47.502,0.6968877760403278
gyro_norm,47.524,0.7170439384876625
gyro_norm,47.546,0.8639737777156332
gyro_norm,47.569,1.0360002714760834
gyro_norm,47.59,1.0534873857758573
gyro_norm,47.612,0.9684135236678986
gyro_norm,47.633,0.8230910816786862
gyro_norm,47.655,0.6253453418675767
gyro_norm,47.677,0.590042014197708
gyro_norm,47.704,0.7934425737608019
gyro_norm,47.721,0.7414462003973018
gyro_norm,47.747,0.9823715702591986
gyro_norm,47.765,0.8973556309149278
gyro_norm,47.787,0.5666805883013408
gyro_norm,47.809,0.8219061358022866
gyro_norm,47.83,1.0771601473093273
gyro_norm,47.852,0.9719812084687196
gyro_norm,47.875,0.7380679169372659
gyro_norm,47.896,0.7782367895938722
gyro_norm,47.923,0.9036446815746715
gyro_norm,47.939,0.9390214875727336
gyro_norm,47.965,0.8497314070029237
gyro_norm,47.983,0.7536418990507797
gyro_norm,48.005,0.738335474799036
gyro_norm,48.027,0.8810388065889748
gyro_norm,48.049,1.0011101320500595
gyro_norm,48.071,0.9484974583501338
gyro_norm,48.093,0.7631450378785442
gyro_norm,48.116,0.5052560498202694
gyro_norm,48.136,0.2422889455654447
gyro_norm,48.159,0.20067054545093918
gyro_norm,48.18,0.561859724084279
gyro_norm,48.202,0.49546748040913774
gyro_norm,48.224,0.27569199655894594
gyro_norm,48.246,0.4632415756513555
gyro_norm,48.269,0.6002118789843222
gyro_norm,48.29,1.117975764513427
gyro_norm,48.312,1.3962878739581992
gyro_norm,48.334,0.6345293474891266
gyro_norm,48.355,0.726864365684941
gyro_norm,48.378,1.0607121132262978
gyro_norm,48.406,0.8785684357922454
gyro_norm,48.421,0.7349116388568584
gyro_norm,48.446,0.889093257136284
gyro_norm,48.465,1.295411996054756
gyro_norm,48.487,1.3786071969148437
gyro_norm,48.51,1.2636953024696296
gyro_norm,48.53,1.0869113059334983
gyro_norm,48.553,0.914388653588056
gyro_norm,48.575,0.7232243289811386
gyro_norm,48.596,0.46927684392089536
gyro_norm,48.618,0.2683949669598705
gyro_norm,48.64,0.2717536947590448
gyro_norm,48.667,0.31204631515761005
gyro_norm,48.683,0.35277234563038296
gyro_norm,48.705,0.3119598599877837
gyro_norm,48.728,0.20616913417719684
gyro_norm,48.75,0.09560375292506482
gyro_norm,48.771,0.19088254037114244
gyro_norm,48.793,0.2222268331946838
gyro_norm,48.815,0.11394388401175388
gyro_norm,48.837,0.2996233061518703
gyro_norm,48.859,0.36340365182156126
gyro_norm,48.881,0.4782370235255344
gyro_norm,48.903,0.5372923858021196
gyro_norm,48.932,0.45246712322522276
gyro_norm,48.946,0.4800182337139404
gyro_norm,48.969,0.6495381860999109
gyro_norm,48.99,0.5283456120300681
gyro_norm,49.012,0.4462082038048491
gyro_norm,49.034,0.5409895222782809
gyro_norm,49.056,0.3792402134926479
gyro_norm,49.087,0.1428807483375398
gyro_norm,49.099,0.26659109229323386
gyro_norm,49.121,0.3396331907676235
gyro_norm,49.143,0.26653067810727926
gyro_norm,49.165,0.2959465042800401
gyro_norm,49.187,0.2204425369560925
gyro_norm,49.209,0.24330221150954304
gyro_norm,49.233,0.22031992793734345
gyro_norm,49.252,0.2695002138065745
gyro_norm,49.275,0.24022004535163619
gyro_norm,49.299,0.1611687779968633
gyro_norm,49.318,0.17733113047367355
gyro_norm,49.34,0.10477143478388266
gyro_norm,49.365,0.07233607196772018
gyro_norm,49.384,0.11378494140598966
gyro_norm,49.412,0.23890231867740397
gyro_norm,49.427,0.30760798063830336
gyro_norm,49.449,0.2964824356575703
gyro_norm,49.471,0.3462892989403399
gyro_norm,49.502,0.5039538492421478
gyro_norm,49.515,0.5122361732688412
gyro_norm,49.537,0.39897123254769057
gyro_norm,49.559,0.4018660253883431
gyro_norm,49.58,0.39112013134400186
gyro_norm,49.607,0.4038881337546814
gyro_norm,49.624,0.08784314643896037
gyro_norm,49.647,0.2671889721818296
gyro_norm,49.669,0.16502240269520627
gyro_norm,49.695,0.16968315801078676
gyro_norm,49.712,0.31992088182688977
gyro_norm,49.733,0.29824823763145486
gyro_norm,49.756,0.09007239662351067
gyro_norm,49.777,0.1873264994480957
gyro_norm,49.8,0.2499933842311172
gyro_norm,49.821,0.11439666394216282
gyro_norm,49.844,0.1528076430791546
gyro_norm,49.865,0.20744919614513432
gyro_norm,49.888,0.17811409279221738
gyro_norm,49.909,0.12547166902072912
gyro_norm,49.931,0.16948993737730575
gyro_norm,49.953,0.24750437508863066
gyro_norm,49.975,0.24609517311608234
gyro_norm,49.996,0.20532828007226878
gyro_norm,50.018,0.18365695697378903
gyro_norm,50.04,0.23639943780924427
gyro_norm,50.062,0.282532428994456
gyro_norm,50.084,0.32524969425962347
gyro_norm,50.105,0.39205347095106097
gyro_norm,50.133,0.4176962908294248
gyro_norm,50.149,0.3761478079209229
gyro_norm,50.171,0.33522100746607425
gyro_norm,50.193,0.3651150530220273
gyro_norm,50.215,0.37640672765161776
gyro_norm,50.237,0.3474424193733156
gyro_norm,50.259,0.32612249383526504
gyro_norm,50.281,0.2959170985362619
gyro_norm,50.307,0.26209293479898454
gyro_norm,50.324,0.2526339939981453
gyro_norm,50.347,0.25577997828421073
gyro_norm,50.37,0.22010525644788162
gyro_norm,50.39,0.22528661278170944
gyro_norm,50.412,0.2681641240653904
gyro_norm,50.435,0.32037939995867915
gyro_norm,50.457,0.35654994547185304
gyro_norm,50.478,0.4089165113547911
gyro_norm,50.5,0.4038776708947928
gyro_norm,50.53,0.3750894087075109
gyro_norm,50.543,0.3749307329374506
gyro_norm,50.565,0.35778440464115835
gyro_norm,50.587,0.3370460543549956
gyro_norm,50.609,0.35554811095492395
gyro_norm,50.631,0.36066012140592135
gyro_norm,50.653,0.3256524132210012
gyro_norm,50.675,0.2789790896408361
gyro_norm,50.696,0.23860027139388224
gyro_norm,50.719,0.22400155147989362
gyro_norm,50.747,0.2603687480899591
gyro_norm,50.762,0.22410090764558113
gyro_norm,50.784,0.22843177705924234
gyro_norm,50.806,0.31769303926113
gyro_norm,50.828,0.4264167892603345
gyro_norm,50.849,0.29808874852819045
gyro_norm,50.871,0.282092486371584
gyro_norm,50.893,0.3130699085253441
gyro_norm,50.915,0.5383482638990285
gyro_norm,50.938,0.8493308149440214
gyro_norm,50.959,0.780906765279849
gyro_norm,50.981,0.5690684151467614
gyro_norm,51.004,0.4733631775155677
gyro_norm,51.025,0.5321363348811724
gyro_norm,51.047,0.4888579581261003
gyro_norm,51.069,0.3164965583923092
gyro_norm,51.091,0.2012430964076215
gyro_norm,51.112,0.3102661312419464
gyro_norm,51.134,0.4244776322094095
gyro_norm,51.156,0.3904451633485719
gyro_norm,51.178,0.41601652126574906
gyro_norm,51.199,0.4754961861595806
gyro_norm,51.222,0.5085758969647117
gyro_norm,51.244,0.43842065949437986
gyro_norm,51.265,0.36447852861056274
gyro_norm,51.288,0.34461663503142914
gyro_norm,51.309,0.2931364373674795
gyro_norm,51.338,0.2654388978464192
gyro_norm,51.352,0.2499751928554216
gyro_norm,51.375,0.2052622689899611
gyro_norm,51.397,0.17923112111185854
gyro_norm,51.419,0.21378352916737792
gyro_norm,51.441,0.14070923104007524
gyro_norm,51.462,0.08458892109855877
gyro_norm,51.486,0.2310644931369796
gyro_norm,51.506,0.4769982260976786
gyro_norm,51.529,0.7092147538294141
gyro_norm,51.549,1.0327277078356984
gyro_norm,51.572,1.2080325331802453
gyro_norm,51.593,0.9564257298668923
gyro_norm,51.615,0.9849800534674242
gyro_norm,51.637,0.9297334927721834
gyro_norm,51.665,0.9008713601444651
gyro_norm,51.681,0.8353839415214142
gyro_norm,51.703,0.7400808515416201
gyro_norm,51.724,0.6862078627744723
gyro_norm,51.746,0.46790800920897235
gyro_norm,51.769,0.5220802357662662
gyro_norm,51.79,0.4360647758420911
gyro_norm,51.812,0.336580008160851
gyro_norm,51.834,0.3613305521067261
gyro_norm,51.856,0.48744333215732
gyro_norm,51.878,0.5804634643354071
gyro_norm,51.9,0.4813663181106299
gyro_norm,51.922,0.3839379334484074
gyro_norm,51.946,0.36236036254160153
gyro_norm,51.965,0.29044279796390665
gyro_norm,51.988,0.24493416564115425
gyro_norm,52.009,0.1496638974306344
gyro_norm,52.031,0.09551918942316481
gyro_norm,52.053,0.0759431113884424
gyro_norm,52.075,0.11666028174805176
gyro_norm,52.097,0.12261407704630757
gyro_norm,52.118,0.13806354098207174
gyro_norm,52.14,0.20739287658653102
gyro_norm,52.17,0.24200102343022104
gyro_norm,52.184,0.1738269263627828
gyro_norm,52.206,0.1634455008229731
gyro_norm,52.229,0.17866084377922353
gyro_norm,52.249,0.322537840293409
gyro_norm,52.271,0.469171977667851
gyro_norm,52.293,0.42390321022895605
gyro_norm,52.316,0.2547544276381941
gyro_norm,52.337,0.24204745956403917
gyro_norm,52.359,0.14992165418388972
gyro_norm,52.388,0.05028353291450108
gyro_norm,52.402,0.07741807595382802
gyro_norm,52.424,0.20723205902204442
gyro_norm,52.446,0.19663002889994854
gyro_norm,52.469,0.15213974841440442
gyro_norm,52.491,0.12789978780957886
gyro_norm,52.512,0.09401216782780634
gyro_norm,52.534,0.0844176679396517
gyro_norm,52.556,0.12177380996988124
gyro_norm,52.578,0.16717597429257253
gyro_norm,52.602,0.14456425290852887
gyro_norm,52.621,0.07799372976470648
gyro_norm,52.643,0.07594065684431196
gyro_norm,52.665,0.10922026799820486
gyro_norm,52.687,0.14399331223320122
gyro_norm,52.709,0.1672250767000023
gyro_norm,52.731,0.19696369095120475
gyro_norm,52.753,0.20955695454784476
gyro_norm,52.774,0.2553554390963023
gyro_norm,52.796,0.361305328707543
gyro_norm,52.819,0.35505477459618623
gyro_norm,52.84,0.40788916226549843
gyro_norm,52.862,0.45223578632951117
gyro_norm,52.884,0.49808675449219414
gyro_norm,52.907,0.5823663481837377
gyro_norm,52.929,0.6497966799091578
gyro_norm,52.949,0.6907263005027728
gyro_norm,52.971,0.664189206970366
gyro_norm,52.994,0.5476823104830818
gyro_norm,53.015,0.4332751074611941
gyro_norm,53.037,0.4668009730470621
gyro_norm,53.06,0.6884481547866721
gyro_norm,53.081,0.8091371546766493
gyro_norm,53.103,0.7420705883395986
gyro_norm,53.125,0.5685519701444491
gyro_norm,53.146,0.3472904893212919
gyro_norm,53.169,0.32455079925456654
gyro_norm,53.19,0.484092726198021
gyro_norm,53.212,0.7629381751390595
gyro_norm,53.234,0.3703844117435703
gyro_norm,53.256,0.29763300730995346
gyro_norm,53.278,0.33137179208124246
