sensor,time_s,value
dynamic_accel,0.063,1.251781964183115
dynamic_accel,0.113,0.8664122856506893
dynamic_accel,0.163,0.05734800048970712
dynamic_accel,0.213,-0.5159200956341561
dynamic_accel,0.263,-0.9163423265142114
dynamic_accel,0.313,-0.15792201267214878
dynamic_accel,0.363,0.015595647166003701
dynamic_accel,0.413,-0.28173468241582
dynamic_accel,0.463,-0.26436745210063073
dynamic_accel,0.513,-0.3509457963371041
dynamic_accel,0.563,-0.07583181818504592
dynamic_accel,0.613,-0.03629587393646183
dynamic_accel,0.663,-0.4007634335732124
dynamic_accel,0.713,-0.3604751991619697
dynamic_accel,0.763,-0.026090031012559578
dynamic_accel,0.813,0.3077543051460765
dynamic_accel,0.863,0.28227049982340446
dynamic_accel,0.913,0.7180058447087951
dynamic_accel,0.963,0.8517531352936345
dynamic_accel,1.013,0.8728015799111812
dynamic_accel,1.063,1.5385096782299374
dynamic_accel,1.113,0.770279868531361
dynamic_accel,1.163,-0.7786460426933228
dynamic_accel,1.213,-1.0603137184111269
dynamic_accel,1.263,-0.47998719900392395
dynamic_accel,1.313,-0.7884003497734593
dynamic_accel,1.363,-0.9720943260760198
dynamic_accel,1.413,-0.5060322719013843
dynamic_accel,1.463,-0.17793209043793112
dynamic_accel,1.513,0.5525748907286108
dynamic_accel,1.563,0.5489158070654554
dynamic_accel,1.613,-0.26833170382641924
dynamic_accel,1.663,-0.39600019227084715
dynamic_accel,1.713,0.7881514615908625
dynamic_accel,1.763,0.4204709175766208
dynamic_accel,1.813,-0.2820577022758535
dynamic_accel,1.863,-0.3702945329873071
dynamic_accel,1.913,-0.09669409235934268
dynamic_accel,1.963,-0.36611564513770034
dynamic_accel,2.013,-0.8547926182754892
dynamic_accel,2.063,-1.0484116353120427
dynamic_accel,2.113,0.02489074355668386
dynamic_accel,2.163,1.1161522926322363
dynamic_accel,2.213,1.429819162686229
dynamic_accel,2.263,0.28248849071449555
dynamic_accel,2.313,1.5792089195654224
dynamic_accel,2.363,2.892783147072894
dynamic_accel,2.413,1.4248028522881544
dynamic_accel,2.463,-1.6534679170079638
dynamic_accel,2.513,-3.889180457826276
dynamic_accel,2.563,-3.976876525209187
dynamic_accel,2.613,-2.5372845408635527
dynamic_accel,2.663,-1.015579042945097
dynamic_accel,2.713,-0.5325044337727274
dynamic_accel,2.763,-0.29745699097052736
dynamic_accel,2.813,0.7626999535570835
dynamic_accel,2.863,3.389903395389391
dynamic_accel,2.913,4.89141643271212
dynamic_accel,2.963,4.712540018609246
dynamic_accel,3.013,2.718379060708619
dynamic_accel,3.063,0.801597591494815
dynamic_accel,3.113,-0.30072427251977807
dynamic_accel,3.163,-2.371326702129018
dynamic_accel,3.213,-2.8295876883758826
dynamic_accel,3.263,-3.659328102365274
dynamic_accel,3.313,-3.661546299985212
dynamic_accel,3.363,-1.590928854512029
dynamic_accel,3.413,-0.22066246608481777
dynamic_accel,3.463,0.4776332737438729
dynamic_accel,3.513,1.4328693366349459
dynamic_accel,3.563,2.803557114216785
dynamic_accel,3.613,2.5909331727895797
dynamic_accel,3.663,1.6862656864011072
dynamic_accel,3.713,0.7295090522016299
dynamic_accel,3.763,-1.2808202399836972
dynamic_accel,3.813,-2.915971078653257
dynamic_accel,3.863,-2.930149435161171
dynamic_accel,3.913,-1.932701379848865
dynamic_accel,3.963,-0.7564125137451736
dynamic_accel,4.013,0.38860469643748985
dynamic_accel,4.063,1.2989980815045055
dynamic_accel,4.113,2.0292048000598193
dynamic_accel,4.163,3.3162193761643426
dynamic_accel,4.213,2.673187894970443
dynamic_accel,4.263,1.2962504749609671
dynamic_accel,4.313,-0.8898357702225042
dynamic_accel,4.363,-0.3072298277027876
dynamic_accel,4.413,-2.500628581164837
dynamic_accel,4.463,-3.7469817110963852
dynamic_accel,4.513,-2.8798163480986023
dynamic_accel,4.563,-1.4988649331877664
dynamic_accel,4.613,0.5450768060608748
dynamic_accel,4.663,1.154636411648367
dynamic_accel,4.713,1.4140966512821773
dynamic_accel,4.763,4.260523817270917
dynamic_accel,4.813,4.257001494101896
dynamic_accel,4.863,0.9989641933109699
dynamic_accel,4.913,0.3592442174832424
dynamic_accel,4.963,-0.13559750395043402
dynamic_accel,5.013,-2.645326251927907
dynamic_accel,5.063,-5.06989258562572
dynamic_accel,5.113,-4.655449113125583
dynamic_accel,5.163,-3.201267028866564
dynamic_accel,5.213,-0.9125623677106223
dynamic_accel,5.263,0.9463380645691544
dynamic_accel,5.313,1.7142733784772126
dynamic_accel,5.363,2.3381994176009275
dynamic_accel,5.413,4.524729567705137
dynamic_accel,5.463,4.304082292085365
dynamic_accel,5.513,5.2624302538271905
dynamic_accel,5.563,1.2060228293489121
dynamic_accel,5.613,-3.6663567471866454
dynamic_accel,5.663,-4.542507246288894
dynamic_accel,5.713,-3.9572425135510523
dynamic_accel,5.763,-2.8124582194120133
dynamic_accel,5.813,-1.641097225110192
dynamic_accel,5.863,-1.9141248703254146
dynamic_accel,5.913,1.117185363671286
dynamic_accel,5.963,5.362138024699554
dynamic_accel,6.013,4.974691093805207
dynamic_accel,6.063,4.226060224231498
dynamic_accel,6.113,0.327432313503758
dynamic_accel,6.163,-4.5801400312713705
dynamic_accel,6.213,-5.239559629354953
dynamic_accel,6.263,-3.867322815971737
dynamic_accel,6.313,-0.33271098390989096
dynamic_accel,6.363,1.337573078070431
dynamic_accel,6.413,2.069861381738086
dynamic_accel,6.463,3.486412002656728
dynamic_accel,6.513,5.171248860777773
dynamic_accel,6.563,2.7310513868652233
dynamic_accel,6.613,-1.2427396092088738
dynamic_accel,6.663,-2.7292710114044807
dynamic_accel,6.713,-3.812030418327157
dynamic_accel,6.763,-3.3435937485758673
dynamic_accel,6.813,-2.9124550640273714
dynamic_accel,6.863,-0.7813202176805394
dynamic_accel,6.913,-0.3174486976566566
dynamic_accel,6.963,-0.5369460122066396
dynamic_accel,7.013,2.670749746113996
dynamic_accel,7.063,7.293250008757408
dynamic_accel,7.113,2.460600738480874
dynamic_accel,7.163,-0.13864089342683883
dynamic_accel,7.213,-1.7721101468068863
dynamic_accel,7.263,-2.690316489041793
dynamic_accel,7.313,-3.003467939312757
dynamic_accel,7.363,-2.293986021006777
dynamic_accel,7.413,-0.46364236567412753
dynamic_accel,7.463,0.7445245884767058
dynamic_accel,7.513,2.0466502766255505
dynamic_accel,7.563,3.6555950152899612
dynamic_accel,7.613,3.1576026810751685
dynamic_accel,7.663,2.1904828692185294
dynamic_accel,7.713,1.6222709291372208
dynamic_accel,7.763,0.00044751688137800727
dynamic_accel,7.813,-5.912163326246329
dynamic_accel,7.863,-6.36010353506961
dynamic_accel,7.913,-4.912263231689277
dynamic_accel,7.963,-1.3426711221925824
dynamic_accel,8.013,0.3184801073664012
dynamic_accel,8.063,1.1675872787349793
dynamic_accel,8.113,3.694243673094153
dynamic_accel,8.163,3.995836001525202
dynamic_accel,8.213,4.908184811123032
dynamic_accel,8.263,5.4796777406618755
dynamic_accel,8.313,1.1677770972920563
dynamic_accel,8.363,-3.8072716584559316
dynamic_accel,8.413,-5.272643772354128
dynamic_accel,8.463,-4.589013037421956
dynamic_accel,8.513,-2.3660129398953025
dynamic_accel,8.563,0.07150201361704411
dynamic_accel,8.613,1.6184810478007918
dynamic_accel,8.663,3.302593632499832
dynamic_accel,8.713,3.0115157844344846
dynamic_accel,8.763,2.466291998690636
dynamic_accel,8.813,1.1044648507939279
dynamic_accel,8.863,-0.8526975571022231
dynamic_accel,8.913,-3.488226930005996
dynamic_accel,8.963,-2.8132488503588693
dynamic_accel,9.013,-2.9042988862069397
dynamic_accel,9.063,-2.3317487744721506
dynamic_accel,9.113,-2.7391310078877247
dynamic_accel,9.163,-0.5394865412989098
dynamic_accel,9.213,1.6625058905465053
dynamic_accel,9.263,6.887704100181326
dynamic_accel,9.313,5.369499290902175
dynamic_accel,9.363,2.236805966622976
dynamic_accel,9.413,-1.7037180130341856
dynamic_accel,9.463,-3.9550985134516212
dynamic_accel,9.513,-4.005364093566146
dynamic_accel,9.563,-2.856997753519284
dynamic_accel,9.613,-0.3784665267081806
dynamic_accel,9.663,1.6854634278005474
dynamic_accel,9.713,3.9308153572352236
dynamic_accel,9.763,4.240726721271953
dynamic_accel,9.813,3.7319500444218967
dynamic_accel,9.863,1.2912925059684497
dynamic_accel,9.913,-0.08065027188960627
dynamic_accel,9.963,-2.8264365451614673
dynamic_accel,10.013,-5.18433864925918
dynamic_accel,10.063,-4.94836382148361
dynamic_accel,10.113,-1.9456533695943428
dynamic_accel,10.163,0.4667831325630285
dynamic_accel,10.213,1.1868587407702211
dynamic_accel,10.263,2.0381032878930583
dynamic_accel,10.313,3.365083778981413
dynamic_accel,10.363,2.6899526706378065
dynamic_accel,10.413,0.9392638645004059
dynamic_accel,10.463,-0.2541628272225882
dynamic_accel,10.513,-1.8017432964359799
dynamic_accel,10.563,-2.885295070042228
dynamic_accel,10.613,-2.84456322950707
dynamic_accel,10.663,-1.963114609785542
dynamic_accel,10.713,0.3887365342718496
dynamic_accel,10.763,1.78652703935097
dynamic_accel,10.813,2.832750687910158
dynamic_accel,10.863,3.2138867889376677
dynamic_accel,10.913,1.9465622357045103
dynamic_accel,10.963,-0.33119303822538804
dynamic_accel,11.013,-1.526739240330361
dynamic_accel,11.063,-3.3457381940735056
dynamic_accel,11.113,-3.5433713327759495
dynamic_accel,11.163,-2.1074356924230884
dynamic_accel,11.213,0.019879143678343425
dynamic_accel,11.263,0.9292127731858315
dynamic_accel,11.313,1.422229930627994
dynamic_accel,11.363,2.2464999339083747
dynamic_accel,11.413,2.8355532117849904
dynamic_accel,11.463,3.392449539203424
dynamic_accel,11.513,2.513888675210808
dynamic_accel,11.563,-0.02000277193817368
dynamic_accel,11.613,-3.6273521348595708
dynamic_accel,11.663,-5.59322582039523
dynamic_accel,11.713,-4.962986462652677
dynamic_accel,11.763,-4.069733629106728
dynamic_accel,11.813,-1.5153569513279752
dynamic_accel,11.863,0.6832673316787758
dynamic_accel,11.913,3.4653495725285133
dynamic_accel,11.963,6.6264579965449
dynamic_accel,12.013,6.985905503428317
dynamic_accel,12.063,4.893947740749438
dynamic_accel,12.113,3.6674004348685543
dynamic_accel,12.163,-0.9831579974965887
dynamic_accel,12.213,-4.512326061142684
dynamic_accel,12.263,-4.267608494457919
dynamic_accel,12.313,-3.5309553460793905
dynamic_accel,12.363,-2.5814558489943433
dynamic_accel,12.413,-1.561480771714404
dynamic_accel,12.463,-0.8542610699795663
dynamic_accel,12.513,1.1223444447003086
dynamic_accel,12.563,3.028384384538432
dynamic_accel,12.613,1.8599661344337175
dynamic_accel,12.663,0.15718437915669448
dynamic_accel,12.713,-0.1860587991933258
dynamic_accel,12.763,-2.147231286718629
dynamic_accel,12.813,-2.83692907752871
dynamic_accel,12.863,-1.7196286068370732
dynamic_accel,12.913,-0.38533933942502685
dynamic_accel,12.963,0.7727434525169734
dynamic_accel,13.013,1.962559182809077
dynamic_accel,13.063,2.2091041822886854
dynamic_accel,13.113,2.1171697898696245
dynamic_accel,13.163,2.5536526786221803
dynamic_accel,13.213,1.2762452289946697
dynamic_accel,13.263,-0.8038982401618142
dynamic_accel,13.313,-1.8042897342686839
dynamic_accel,13.363,-2.359462481307153
dynamic_accel,13.413,-2.256666357539526
dynamic_accel,13.463,-1.2783185541096636
dynamic_accel,13.513,-0.7380793433176791
dynamic_accel,13.563,-0.6150358420622961
dynamic_accel,13.613,0.11608222193373408
dynamic_accel,13.663,1.3010951518134597
dynamic_accel,13.713,2.5690673585567936
dynamic_accel,13.763,2.6478805754195083
dynamic_accel,13.813,1.3653541745346178
dynamic_accel,13.863,0.6165585933985511
dynamic_accel,13.913,-0.5852940438281298
dynamic_accel,13.963,-1.6232081381104937
dynamic_accel,14.013,-2.456141626047037
dynamic_accel,14.063,-2.7651309065623346
dynamic_accel,14.113,-1.9965777073438762
dynamic_accel,14.163,-0.5723372516760943
dynamic_accel,14.213,0.6347437935419791
dynamic_accel,14.263,2.055991531820265
dynamic_accel,14.313,2.2997670673211843
dynamic_accel,14.363,2.343989015664011
dynamic_accel,14.413,2.818983551891904
dynamic_accel,14.463,1.1126045460243272
dynamic_accel,14.513,-0.23775950792843936
dynamic_accel,14.563,-1.3178247259192997
dynamic_accel,14.613,-2.4023146585383
dynamic_accel,14.663,-2.6644766953805634
dynamic_accel,14.713,-2.3752139278167963
dynamic_accel,14.763,-1.0411356971061885
dynamic_accel,14.813,1.327237129912362
dynamic_accel,14.863,0.9651307642911195
dynamic_accel,14.913,1.6204000605946653
dynamic_accel,14.963,2.851579740293074
dynamic_accel,15.013,1.8146998502898555
dynamic_accel,15.063,0.20258413560525845
dynamic_accel,15.113,-0.19446886032130983
dynamic_accel,15.163,-1.4285603995887737
dynamic_accel,15.213,-3.1443347045419845
dynamic_accel,15.263,-3.1267944706889432
dynamic_accel,15.313,-1.9816965634707007
dynamic_accel,15.363,0.2877595309060812
dynamic_accel,15.413,1.5469679137555747
dynamic_accel,15.463,2.065622872615064
dynamic_accel,15.513,2.9172959894330095
dynamic_accel,15.563,2.2399327541785325
dynamic_accel,15.613,1.7595904650005743
dynamic_accel,15.663,-0.695339881931071
dynamic_accel,15.713,-0.13129589901870808
dynamic_accel,15.763,-2.8399454351824946
dynamic_accel,15.813,-4.23557378108764
dynamic_accel,15.863,-2.6137658151522167
dynamic_accel,15.913,-0.41137954670777965
dynamic_accel,15.963,0.6483407364762712
dynamic_accel,16.013,0.5098054919892299
dynamic_accel,16.063,0.2808804229925812
dynamic_accel,16.113,2.1039398924459434
dynamic_accel,16.163,4.492512515366389
dynamic_accel,16.213,3.008644219653336
dynamic_accel,16.263,0.858331463593446
dynamic_accel,16.313,0.39353881020216974
dynamic_accel,16.363,-2.56328833504774
dynamic_accel,16.413,-3.1829782420044452
dynamic_accel,16.463,-2.328977210324755
dynamic_accel,16.513,-1.0016375522305534
dynamic_accel,16.563,-0.29380629626417054
dynamic_accel,16.613,0.020514322711498778
dynamic_accel,16.663,0.4371763665076305
dynamic_accel,16.713,0.7633655598365259
dynamic_accel,16.763,2.0800202675884254
dynamic_accel,16.813,2.3764166958020603
dynamic_accel,16.863,0.9192919608115435
dynamic_accel,16.913,-0.03094780201568703
dynamic_accel,16.963,-0.8841031847119503
dynamic_accel,17.013,-3.0956819444959027
dynamic_accel,17.063,-3.7084289775419776
dynamic_accel,17.113,-2.5874044972755055
dynamic_accel,17.163,0.8971660814254747
dynamic_accel,17.213,0.9306888417570356
dynamic_accel,17.263,1.3221244844698248
dynamic_accel,17.313,2.2354877921618037
dynamic_accel,17.363,3.7625001176655104
dynamic_accel,17.413,3.4467211758559237
dynamic_accel,17.463,1.6067247390494703
dynamic_accel,17.513,-2.1590187409784694
dynamic_accel,17.563,-2.315126378963697
dynamic_accel,17.613,-3.8049990886582448
dynamic_accel,17.663,-4.01690387140494
dynamic_accel,17.713,-3.383145005752323
dynamic_accel,17.763,0.38490939136233493
dynamic_accel,17.813,2.44751925674308
dynamic_accel,17.863,2.8345355685110203
dynamic_accel,17.913,2.0569032891746772
dynamic_accel,17.963,2.203781373727292
dynamic_accel,18.013,5.169349487863656
dynamic_accel,18.063,-1.2528828786994612
dynamic_accel,18.113,-0.8882487895240274
dynamic_accel,18.163,-1.7375086741319894
dynamic_accel,18.213,-2.4871169112767655
dynamic_accel,18.263,-1.9549443708185592
dynamic_accel,18.313,-1.0780760135461556
dynamic_accel,18.363,-0.7393041376493148
dynamic_accel,18.413,-0.04168587890005604
dynamic_accel,18.463,1.382072892805942
dynamic_accel,18.513,2.044739096091046
dynamic_accel,18.563,2.4484324677720046
dynamic_accel,18.613,0.5416082654001517
dynamic_accel,18.663,-1.8077634794539126
dynamic_accel,18.713,-0.5185138323484217
dynamic_accel,18.763,-1.5072629828696282
dynamic_accel,18.813,-1.956072887964659
dynamic_accel,18.863,-1.5648414206549042
dynamic_accel,18.913,-0.46546320328488555
dynamic_accel,18.963,-0.05725671298163171
dynamic_accel,19.013,0.8225575043164106
dynamic_accel,19.063,1.4532609441487114
dynamic_accel,19.113,1.5329816138304775
dynamic_accel,19.163,2.7009889459284047
dynamic_accel,19.213,5.05318942975393
dynamic_accel,19.263,0.2193961236004327
dynamic_accel,19.313,-1.828351982658793
dynamic_accel,19.363,-3.0316606495662244
dynamic_accel,19.413,-3.689040873763866
dynamic_accel,19.463,-2.5854714944718387
dynamic_accel,19.513,-0.6724771858768754
dynamic_accel,19.563,-0.2734589418669522
dynamic_accel,19.613,0.649650051536856
dynamic_accel,19.663,1.7449935424490324
dynamic_accel,19.713,2.4437407399509823
dynamic_accel,19.763,3.231104599809985
dynamic_accel,19.813,3.5636725650584378
dynamic_accel,19.863,-0.29649468903620146
dynamic_accel,19.913,-1.9401853734841747
dynamic_accel,19.963,-3.2026439137806424
dynamic_accel,20.013,-3.783114135971024
dynamic_accel,20.063,-2.661023322475187
dynamic_accel,20.113,-1.4412198435819743
dynamic_accel,20.163,0.43531356647435615
dynamic_accel,20.213,1.454837526896771
dynamic_accel,20.263,2.2042249028765486
dynamic_accel,20.313,2.5655117377452346
dynamic_accel,20.363,2.894966084403224
dynamic_accel,20.413,3.632277135378006
dynamic_accel,20.463,-0.4350917408118047
dynamic_accel,20.513,-1.5490512791505324
dynamic_accel,20.563,-3.030046860678511
dynamic_accel,20.613,-3.148148356434759
dynamic_accel,20.663,-2.3971088571160593
dynamic_accel,20.713,-1.0204521678073881
dynamic_accel,20.763,-0.37349191343363053
dynamic_accel,20.813,0.7024725398415761
dynamic_accel,20.863,1.7893385272506404
dynamic_accel,20.913,3.1503303275167553
dynamic_accel,20.963,3.809386238715822
dynamic_accel,21.013,2.5592270004691056
dynamic_accel,21.063,-0.7331335627199316
dynamic_accel,21.113,-1.78439168330185
dynamic_accel,21.163,-3.5957162613664115
dynamic_accel,21.213,-2.8938396606632946
dynamic_accel,21.263,-2.5159178147442702
dynamic_accel,21.313,-1.0889549849040172
dynamic_accel,21.363,0.7635725461173486
dynamic_accel,21.413,2.339076160421259
dynamic_accel,21.463,2.8709304850563697
dynamic_accel,21.513,3.291299081129658
dynamic_accel,21.563,2.1903739952162002
dynamic_accel,21.613,-0.6153938027654444
dynamic_accel,21.663,-1.2708051004769008
dynamic_accel,21.713,-3.024346968113849
dynamic_accel,21.763,-2.9488093418462524
dynamic_accel,21.813,-2.030490639912264
dynamic_accel,21.863,-0.8260702926882821
dynamic_accel,21.913,-0.18395340921107461
dynamic_accel,21.963,0.3256239326108563
dynamic_accel,22.013,2.015827513094301
dynamic_accel,22.063,3.9084508906561837
dynamic_accel,22.113,4.288125003238292
dynamic_accel,22.163,2.340670929793271
dynamic_accel,22.213,-0.017957029818932213
dynamic_accel,22.263,-2.0757729855082143
dynamic_accel,22.313,-3.808464199982936
dynamic_accel,22.363,-3.478717565014251
dynamic_accel,22.413,-2.775632770246059
dynamic_accel,22.463,-1.3870001125377005
dynamic_accel,22.513,0.3109290764060013
dynamic_accel,22.563,1.8476544819201326
dynamic_accel,22.613,2.6360312617669415
dynamic_accel,22.663,3.068965646349673
dynamic_accel,22.713,2.191746861141352
dynamic_accel,22.763,0.764532643466854
dynamic_accel,22.813,-0.4929735791517391
dynamic_accel,22.863,-1.9195477935431597
dynamic_accel,22.913,-3.3926577414138457
dynamic_accel,22.963,-3.113959123157776
dynamic_accel,23.013,-1.3912414808891072
dynamic_accel,23.063,-0.0474473847445811
dynamic_accel,23.113,0.6093237132772948
dynamic_accel,23.163,1.41273602871469
dynamic_accel,23.213,2.8292969190481667
dynamic_accel,23.263,4.030577793511522
dynamic_accel,23.313,2.742184658853608
dynamic_accel,23.363,0.938100575548745
dynamic_accel,23.413,-0.3530569081465611
dynamic_accel,23.463,-2.594563108729135
dynamic_accel,23.513,-4.60941978076906
dynamic_accel,23.563,-4.548255829054276
dynamic_accel,23.613,-2.615813088947804
dynamic_accel,23.663,-0.0706977832740634
dynamic_accel,23.713,1.816702176553381
dynamic_accel,23.763,2.715163533163171
dynamic_accel,23.813,3.350854074958498
dynamic_accel,23.863,3.4273261781106914
dynamic_accel,23.913,3.148937448692976
dynamic_accel,23.963,0.7434224472705004
dynamic_accel,24.013,-1.0356914121513423
dynamic_accel,24.063,-2.3002021063333924
dynamic_accel,24.113,-2.575687006239587
dynamic_accel,24.163,-2.560353232746401
dynamic_accel,24.213,-2.0075464870400346
dynamic_accel,24.263,-1.1544200231592914
dynamic_accel,24.313,-0.17169024410583056
dynamic_accel,24.363,0.704643078674394
dynamic_accel,24.413,1.2764791071722872
dynamic_accel,24.463,1.9232706994593691
dynamic_accel,24.513,2.162921295182409
dynamic_accel,24.563,1.3912920773767645
dynamic_accel,24.613,0.9282356947264372
dynamic_accel,24.663,-0.4615873917971349
dynamic_accel,24.713,-1.9861347061630443
dynamic_accel,24.763,-2.173187244500329
dynamic_accel,24.813,-1.905901178844207
dynamic_accel,24.863,-0.9732783898619317
dynamic_accel,24.913,-0.7728896829391676
dynamic_accel,24.963,-0.35122317476575127
dynamic_accel,25.013,0.6325912392341486
dynamic_accel,25.063,1.1620220450537584
dynamic_accel,25.113,2.4892147334202477
dynamic_accel,25.163,2.864312405240618
dynamic_accel,25.213,2.8287108983114138
dynamic_accel,25.263,0.39117226168872854
dynamic_accel,25.313,-0.465765224772305
dynamic_accel,25.363,-1.9975955701727122
dynamic_accel,25.413,-2.9361611848821703
dynamic_accel,25.463,-2.0139846726181823
dynamic_accel,25.513,-0.8644924663764453
dynamic_accel,25.563,-1.0231056324181402
dynamic_accel,25.613,-1.4233732769176157
dynamic_accel,25.663,-1.6811310461381384
dynamic_accel,25.713,1.0707212458769515
dynamic_accel,25.763,3.935685218313928
dynamic_accel,25.813,3.3738259570195392
dynamic_accel,25.863,0.7348828584221927
dynamic_accel,25.913,1.8527664717932257
dynamic_accel,25.963,-1.874022742162225
dynamic_accel,26.013,-2.581155854351966
dynamic_accel,26.063,-1.834203683630058
dynamic_accel,26.113,-0.7719807269258592
dynamic_accel,26.163,-0.21532741963455315
dynamic_accel,26.213,0.526607745764732
dynamic_accel,26.263,1.8593270784517308
dynamic_accel,26.313,2.061240681051018
dynamic_accel,26.363,4.0713547166590836
dynamic_accel,26.413,1.9966746690913748
dynamic_accel,26.463,0.06195186792071716
dynamic_accel,26.513,-2.658844494803412
dynamic_accel,26.563,-3.795431148939863
dynamic_accel,26.613,-3.815273978605674
dynamic_accel,26.663,-2.881386598566486
dynamic_accel,26.713,-3.0054167352195433
dynamic_accel,26.763,-1.2280822392536646
dynamic_accel,26.813,0.18503198786858377
dynamic_accel,26.863,3.9197789239109113
dynamic_accel,26.913,7.9177525492153595
dynamic_accel,26.963,5.216483535342745
dynamic_accel,27.013,2.668296228801026
dynamic_accel,27.063,-0.03567455698689592
dynamic_accel,27.113,-4.029258675019011
dynamic_accel,27.163,-4.749750740711631
dynamic_accel,27.213,-4.869211039489382
dynamic_accel,27.263,-3.0298678308204163
dynamic_accel,27.313,-1.0146087852752803
dynamic_accel,27.363,0.3948620282281077
dynamic_accel,27.413,1.7151209348352534
dynamic_accel,27.463,2.3189421493354008
dynamic_accel,27.513,4.376863027726948
dynamic_accel,27.563,3.3121169620879183
dynamic_accel,27.613,2.3835267878548496
dynamic_accel,27.663,-0.32647884865791355
dynamic_accel,27.713,-3.1132332884683978
dynamic_accel,27.763,-3.2904770059277793
dynamic_accel,27.813,-1.229032356762815
dynamic_accel,27.863,-0.8495721048182752
dynamic_accel,27.913,-1.2732589383906205
dynamic_accel,27.963,-1.035995356242644
dynamic_accel,28.013,2.0056753363534963
dynamic_accel,28.063,3.244704329692519
dynamic_accel,28.113,4.278239029857536
dynamic_accel,28.163,0.5735099935990995
dynamic_accel,28.213,-1.900684251861227
dynamic_accel,28.263,-3.330726298330484
dynamic_accel,28.313,-3.010076849889222
dynamic_accel,28.363,-1.770442486254371
dynamic_accel,28.413,-0.2870675463556296
dynamic_accel,28.463,0.26289829487286376
dynamic_accel,28.513,1.2712248831966573
dynamic_accel,28.563,1.2256863830833655
dynamic_accel,28.613,1.4144962368795362
dynamic_accel,28.663,3.2519167011317265
dynamic_accel,28.713,0.08673795234392578
dynamic_accel,28.763,0.40524976426527104
dynamic_accel,28.813,0.11420196753407019
dynamic_accel,28.863,-2.487104403263243
dynamic_accel,28.913,-2.0795182735838704
dynamic_accel,28.963,-0.7769487318902382
dynamic_accel,29.013,-0.6826215343853885
dynamic_accel,29.063,-0.8655783425717001
dynamic_accel,29.113,0.14491271121425875
dynamic_accel,29.163,0.4517754381697774
dynamic_accel,29.213,0.6778295673430019
dynamic_accel,29.263,1.1798265667568941
dynamic_accel,29.313,1.2545588920204125
dynamic_accel,29.363,2.653788474628856
dynamic_accel,29.413,1.790895125082912
dynamic_accel,29.463,0.5885529781272325
dynamic_accel,29.513,-0.7514951448553049
dynamic_accel,29.563,-0.9124980413300836
dynamic_accel,29.613,-2.2112802159107705
dynamic_accel,29.663,-3.7564328059346286
dynamic_accel,29.713,-3.7725781086555585
dynamic_accel,29.763,-1.966039531328116
dynamic_accel,29.813,-0.9138355835437775
dynamic_accel,29.863,0.5412486308225581
dynamic_accel,29.913,1.3751439137236883
dynamic_accel,29.963,3.4960744222809907
dynamic_accel,30.013,4.988406321073491
dynamic_accel,30.063,4.3399173855337025
dynamic_accel,30.113,2.1508747622991713
dynamic_accel,30.163,-0.0773539273206989
dynamic_accel,30.213,-0.4053479201200272
dynamic_accel,30.263,-3.807238538790597
dynamic_accel,30.313,-3.6448911284837875
dynamic_accel,30.363,-3.3199277992699328
dynamic_accel,30.413,-2.906104434360307
dynamic_accel,30.463,-1.2105484752642877
dynamic_accel,30.513,0.5708364108456507
dynamic_accel,30.563,2.653952833660197
dynamic_accel,30.613,5.093110997073671
dynamic_accel,30.663,6.03086994743604
dynamic_accel,30.713,0.9010501390455978
dynamic_accel,30.763,-0.6429706400274018
dynamic_accel,30.813,-2.24326827743545
dynamic_accel,30.863,-3.083233208857912
dynamic_accel,30.913,-4.203510409670817
dynamic_accel,30.963,-3.3548057829478113
dynamic_accel,31.013,-1.3303233968795283
dynamic_accel,31.063,0.8760925319428949
dynamic_accel,31.113,2.6602361175060683
dynamic_accel,31.163,1.6087489022228656
dynamic_accel,31.213,2.5710571460862113
dynamic_accel,31.263,2.3030928058837166
dynamic_accel,31.313,1.997837537238615
dynamic_accel,31.363,0.06694731473871052
dynamic_accel,31.413,-2.214721492257679
dynamic_accel,31.463,-3.130140446927024
dynamic_accel,31.513,-2.49320873670956
dynamic_accel,31.563,-1.1069614240798682
dynamic_accel,31.613,-0.3940012553023635
dynamic_accel,31.663,-0.044483856264648125
dynamic_accel,31.713,0.4432875342154823
dynamic_accel,31.763,1.6851363369664671
dynamic_accel,31.813,4.450701712482209
dynamic_accel,31.863,3.29280295465289
dynamic_accel,31.913,0.020479602842462086
dynamic_accel,31.963,-0.46325978006841595
dynamic_accel,32.013,-1.9221476017840367
dynamic_accel,32.063,-2.807437531643874
dynamic_accel,32.113,-2.722784808662418
dynamic_accel,32.163,-1.8739916623192467
dynamic_accel,32.213,-0.8302416267808326
dynamic_accel,32.263,-0.05734157858416289
dynamic_accel,32.313,0.9084231637588793
dynamic_accel,32.363,1.6015916719670784
dynamic_accel,32.413,2.1783529116337803
dynamic_accel,32.463,2.7751210731679965
dynamic_accel,32.513,2.5968750459616565
dynamic_accel,32.563,-1.2555689109293073
dynamic_accel,32.613,-1.2223413921893655
dynamic_accel,32.663,-1.9193028813244837
dynamic_accel,32.713,-3.005785962996515
dynamic_accel,32.763,-2.1236465264936513
dynamic_accel,32.813,-0.2520355798772158
dynamic_accel,32.863,1.0479298423549555
dynamic_accel,32.913,1.7670648670688607
dynamic_accel,32.963,2.0056969544531036
dynamic_accel,33.013,2.355144914495005
dynamic_accel,33.063,2.612905084549274
dynamic_accel,33.113,0.8143913138840357
dynamic_accel,33.163,-0.6988664109908207
dynamic_accel,33.213,-0.9168372634505086
dynamic_accel,33.263,-2.742892023687485
dynamic_accel,33.313,-3.8338905040783615
dynamic_accel,33.363,-2.861421617534086
dynamic_accel,33.413,-0.9075452372390433
dynamic_accel,33.463,1.1774790078123996
dynamic_accel,33.513,1.6099398147662747
dynamic_accel,33.563,1.7885326426569748
dynamic_accel,33.613,1.8585842580313852
dynamic_accel,33.663,2.8830825023268574
dynamic_accel,33.713,1.9128043813479216
dynamic_accel,33.763,-0.0936006344152478
dynamic_accel,33.813,-1.6347452353482979
dynamic_accel,33.863,-2.5440058805386387
dynamic_accel,33.913,-2.3075739904065413
dynamic_accel,33.963,-1.6429324015390883
dynamic_accel,34.013,-0.5215910816659619
dynamic_accel,34.063,-0.5970109807197623
dynamic_accel,34.113,-0.25528846706002994
dynamic_accel,34.163,0.8160464477266558
dynamic_accel,34.213,1.2193916188282987
dynamic_accel,34.263,2.907840384601892
dynamic_accel,34.313,2.787479538786938
dynamic_accel,34.363,1.6044926230681842
dynamic_accel,34.413,0.5010618853296371
dynamic_accel,34.463,-0.1355896398976295
dynamic_accel,34.513,-2.482676716528866
dynamic_accel,34.563,-4.433781505333369
dynamic_accel,34.613,-3.9197199318916516
dynamic_accel,34.663,-1.3330298207260878
dynamic_accel,34.713,0.6120130311385115
dynamic_accel,34.763,1.224004669626927
dynamic_accel,34.813,2.1573364369195254
dynamic_accel,34.863,3.6048775247727587
dynamic_accel,34.913,3.3598019467493128
dynamic_accel,34.963,2.34034509311898
dynamic_accel,35.013,0.7739572028385542
dynamic_accel,35.063,-0.7654038257281552
dynamic_accel,35.113,-3.4593445545339385
dynamic_accel,35.163,-4.720504359454999
dynamic_accel,35.213,-4.339919025331261
dynamic_accel,35.263,-1.0412932153413106
dynamic_accel,35.313,0.5410369302694651
dynamic_accel,35.363,1.3726543101193318
dynamic_accel,35.413,1.8047981460462807
dynamic_accel,35.463,3.4885839458075445
dynamic_accel,35.513,3.933513155893392
dynamic_accel,35.563,3.3229062259324564
dynamic_accel,35.613,0.3615792256304129
dynamic_accel,35.663,-1.9329982227181706
dynamic_accel,35.713,-3.4918921193640324
dynamic_accel,35.763,-4.363654219881556
dynamic_accel,35.813,-3.3421201330054764
dynamic_accel,35.863,-1.1455405634973541
dynamic_accel,35.913,1.339270325955363
dynamic_accel,35.963,2.617812842198399
dynamic_accel,36.013,3.523305623276194
dynamic_accel,36.063,2.6690815212341334
dynamic_accel,36.113,2.8463194466224913
dynamic_accel,36.163,-1.7444501343646435
dynamic_accel,36.213,-1.3558952295310664
dynamic_accel,36.263,-1.7056657752614157
dynamic_accel,36.313,-3.06042810773224
dynamic_accel,36.363,-2.9491817893372563
dynamic_accel,36.413,-1.629689713055198
dynamic_accel,36.463,0.15394980617970688
dynamic_accel,36.513,0.9365962522159563
dynamic_accel,36.563,2.297059477137225
dynamic_accel,36.613,3.425753075289297
dynamic_accel,36.663,4.34138517954011
dynamic_accel,36.713,0.2377675030709394
dynamic_accel,36.763,0.6363389473607111
dynamic_accel,36.813,-1.8366181132939232
dynamic_accel,36.863,-3.921031119656412
dynamic_accel,36.913,-3.164493499631119
dynamic_accel,36.963,-1.974681630689977
dynamic_accel,37.013,-0.8069351944241738
dynamic_accel,37.063,0.7985119655709525
dynamic_accel,37.113,1.7961984131104707
dynamic_accel,37.163,3.636602755635094
dynamic_accel,37.213,3.250800830630519
dynamic_accel,37.263,1.4863415568513254
dynamic_accel,37.313,-0.08929014458640339
dynamic_accel,37.363,0.4190700919992967
dynamic_accel,37.413,-2.76540137658459
dynamic_accel,37.463,-4.230179351585906
dynamic_accel,37.513,-1.7889998586828177
dynamic_accel,37.563,-0.4494048362113663
dynamic_accel,37.613,-0.22648247307815872
dynamic_accel,37.663,-0.8831628519913028
dynamic_accel,37.713,-0.4907196210739695
dynamic_accel,37.763,2.3349523923813518
dynamic_accel,37.813,4.9087008887502925
dynamic_accel,37.863,1.396113142592192
dynamic_accel,37.913,0.7269957329444026
dynamic_accel,37.963,1.0559398036887586
dynamic_accel,38.013,-0.7940699486610914
dynamic_accel,38.063,-3.2613365900325464
dynamic_accel,38.113,-3.242554660133459
dynamic_accel,38.163,-2.1162010063995798
dynamic_accel,38.213,-0.7282045136896613
dynamic_accel,38.263,0.36247269259678205
dynamic_accel,38.313,0.6588095027208816
dynamic_accel,38.363,1.69135057240314
dynamic_accel,38.413,3.0424869133044563
dynamic_accel,38.463,2.1308232954718846
dynamic_accel,38.513,2.9154498081891447
dynamic_accel,38.563,-0.03314605571002893
dynamic_accel,38.613,-1.0960140310830173
dynamic_accel,38.663,-1.932854370543735
dynamic_accel,38.713,-2.901132369093384
dynamic_accel,38.763,-3.239141491677807
dynamic_accel,38.813,-2.205119741901905
dynamic_accel,38.863,-0.3415475284357825
dynamic_accel,38.913,0.8017056418849826
dynamic_accel,38.963,1.5234513000165766
dynamic_accel,39.013,2.611090210445214
dynamic_accel,39.063,5.168237518200684
dynamic_accel,39.113,1.1667980357442538
dynamic_accel,39.163,-0.9843784001930995
dynamic_accel,39.213,1.0962565577100545
dynamic_accel,39.263,-2.1446502575808886
dynamic_accel,39.313,-4.555486399882206
dynamic_accel,39.363,-3.8318726470796634
dynamic_accel,39.413,-1.6568368838951226
dynamic_accel,39.463,0.7169809850963098
dynamic_accel,39.513,2.4101234444656097
dynamic_accel,39.563,2.735858717546268
dynamic_accel,39.613,2.6119540884019923
dynamic_accel,39.663,2.151015118381933
dynamic_accel,39.713,1.5722683066875014
dynamic_accel,39.763,-0.6388236145472135
dynamic_accel,39.813,-0.0070812100225783325
dynamic_accel,39.863,-3.598032087096657
dynamic_accel,39.913,-3.6251620637500794
dynamic_accel,39.963,-1.942304806784401
dynamic_accel,40.013,-0.7869928587298141
dynamic_accel,40.063,-0.05635632273413371
dynamic_accel,40.113,0.5772675039171027
dynamic_accel,40.163,2.957256732522664
dynamic_accel,40.213,5.236109421442926
dynamic_accel,40.263,4.138272552992998
dynamic_accel,40.313,0.21835672125820338
dynamic_accel,40.363,-1.753042113307444
dynamic_accel,40.413,-4.169647839437358
dynamic_accel,40.463,-4.7343822394616994
dynamic_accel,40.513,-4.006555078021331
dynamic_accel,40.563,-1.8232813515737707
dynamic_accel,40.613,0.8827703264853923
dynamic_accel,40.663,1.6526326831125715
dynamic_accel,40.713,3.062983292513481
dynamic_accel,40.763,3.882207685539493
dynamic_accel,40.813,4.367766579217523
dynamic_accel,40.863,1.6304076104828429
dynamic_accel,40.913,1.606982701997719
dynamic_accel,40.963,-1.6615352163968726
dynamic_accel,41.013,-5.141812163456798
dynamic_accel,41.063,-6.314071436895714
dynamic_accel,41.113,-3.3392950731816207
dynamic_accel,41.163,-0.39302979417386474
dynamic_accel,41.213,1.1007306686702112
dynamic_accel,41.263,2.5636242440792287
dynamic_accel,41.313,4.154620185531423
dynamic_accel,41.363,5.055878791490205
dynamic_accel,41.413,2.63415831070453
dynamic_accel,41.463,1.75205549105001
dynamic_accel,41.513,-3.3891796810383967
dynamic_accel,41.563,-4.994647590728011
dynamic_accel,41.613,-3.8692795079030375
dynamic_accel,41.663,-1.5312757321229888
dynamic_accel,41.713,0.3956919629088578
dynamic_accel,41.763,1.200609468058314
dynamic_accel,41.813,1.688380063691156
dynamic_accel,41.863,2.602782574341335
dynamic_accel,41.913,1.91890439035393
dynamic_accel,41.963,1.1821165203160753
dynamic_accel,42.013,-0.711236909445196
dynamic_accel,42.063,-0.40930452454332666
dynamic_accel,42.113,-3.1989195762919156
dynamic_accel,42.163,-2.3522186042957136
dynamic_accel,42.213,-2.036195388963643
dynamic_accel,42.263,0.19483941214880396
dynamic_accel,42.313,0.715616460216081
dynamic_accel,42.363,1.478635516592556
dynamic_accel,42.413,2.1820541532751836
dynamic_accel,42.463,3.0143831909407286
dynamic_accel,42.513,1.557157376784204
dynamic_accel,42.563,-0.854957467560201
dynamic_accel,42.613,-0.8017216475101492
dynamic_accel,42.663,-1.1195270817836303
dynamic_accel,42.713,-1.667377872041742
dynamic_accel,42.763,-1.5520185084131306
dynamic_accel,42.813,-0.9465742449216172
dynamic_accel,42.863,-0.5822113272268723
dynamic_accel,42.913,0.14978839086937512
dynamic_accel,42.963,0.3982858132462965
dynamic_accel,43.013,0.38324242340942405
dynamic_accel,43.063,0.8437419752618887
dynamic_accel,43.113,1.7534947055234813
dynamic_accel,43.163,1.9436633748274073
dynamic_accel,43.213,1.0566989373480151
dynamic_accel,43.263,-0.5042592369277372
dynamic_accel,43.313,-0.9372652327880058
dynamic_accel,43.363,-0.7669139279515971
dynamic_accel,43.413,-1.916289299700063
dynamic_accel,43.463,-1.2499819310304456
dynamic_accel,43.513,-0.955433882574189
dynamic_accel,43.563,-0.8249410646303463
dynamic_accel,43.613,-0.5016673312086173
dynamic_accel,43.663,-0.052988164962846085
dynamic_accel,43.713,0.8129521324960312
dynamic_accel,43.763,1.6942694556845677
dynamic_accel,43.813,2.6813369404072507
dynamic_accel,43.863,1.8284054442468065
dynamic_accel,43.913,0.06194317737653421
dynamic_accel,43.963,0.2629013047690236
dynamic_accel,44.013,0.5934368037824047
dynamic_accel,44.063,-1.0282427933621534
dynamic_accel,44.113,-1.9845189150584517
dynamic_accel,44.163,-1.7153248450854441
dynamic_accel,44.213,-0.9152426699094143
dynamic_accel,44.263,-0.16714799097865907
dynamic_accel,44.313,0.1753013527479208
dynamic_accel,44.363,0.11711038653996475
dynamic_accel,44.413,1.205030177554237
dynamic_accel,44.463,2.8214181974908765
dynamic_accel,44.513,1.166011604386668
dynamic_accel,44.563,-1.4681404097405704
dynamic_accel,44.613,-2.017118748173039
dynamic_accel,44.663,-1.3227203307292097
dynamic_accel,44.713,0.7769426777091084
magnetic_norm,0.084,42.6995009256272
magnetic_norm,0.182,41.36580939372647
magnetic_norm,0.295,40.72599350877496
magnetic_norm,0.394,40.23310187076182
magnetic_norm,0.48,40.353634248312986
magnetic_norm,0.594,40.43957111444748
magnetic_norm,0.692,39.85524085740445
magnetic_norm,0.779,39.014227493584656
magnetic_norm,0.878,38.55581356914273
magnetic_norm,0.978,38.15302653731331
magnetic_norm,1.077,37.6132554486023
magnetic_norm,1.181,37.86637040864595
magnetic_norm,1.277,38.265657024265344
magnetic_norm,1.376,38.434686497447565
magnetic_norm,1.476,38.39625082864995
magnetic_norm,1.575,38.70561855045849
magnetic_norm,1.675,38.56138524986667
magnetic_norm,1.774,39.15867374566205
magnetic_norm,1.874,39.73911722813496
magnetic_norm,1.987,40.735215481212784
magnetic_norm,2.073,41.288977582235404
magnetic_norm,2.186,42.541499947241924
magnetic_norm,2.278,43.44652472868391
magnetic_norm,2.371,43.99361467321021
magnetic_norm,2.484,44.464359390852515
magnetic_norm,2.589,45.09145450932429
magnetic_norm,2.685,45.2661691128539
magnetic_norm,2.779,45.02130549016088
magnetic_norm,2.882,45.592890118141845
magnetic_norm,2.979,45.914770916684766
magnetic_norm,3.068,47.229980825440755
magnetic_norm,3.168,49.01993552870423
magnetic_norm,3.267,50.00583369647411
magnetic_norm,3.367,50.27342242651104
magnetic_norm,3.467,50.16258568906746
magnetic_norm,3.566,50.30331570608685
magnetic_norm,3.677,50.3057878585401
magnetic_norm,3.765,50.281559088376326
magnetic_norm,3.878,50.199007057906584
magnetic_norm,3.964,50.1466996717898
magnetic_norm,4.063,50.1034469867566
magnetic_norm,4.176,49.9877670196961
magnetic_norm,4.263,49.83460418930168
magnetic_norm,4.375,49.90409499589111
magnetic_norm,4.461,49.84880274398724
magnetic_norm,4.561,49.749658811168835
magnetic_norm,4.661,50.04412558737602
magnetic_norm,4.764,50.37665158808597
magnetic_norm,4.86,50.920991973390485
magnetic_norm,4.973,51.52753464536958
magnetic_norm,5.071,52.16175577056533
magnetic_norm,5.161,53.10244037835928
magnetic_norm,5.271,54.47374857286023
magnetic_norm,5.357,55.73227452985135
magnetic_norm,5.47,55.95769393071443
magnetic_norm,5.563,56.10140870213855
magnetic_norm,5.665,57.164464606836766
magnetic_norm,5.755,57.16588081534834
magnetic_norm,5.855,56.77108903991184
magnetic_norm,5.955,55.71173563753084
magnetic_norm,6.064,54.82020013535301
magnetic_norm,6.167,54.63699625638437
magnetic_norm,6.256,54.48697161698596
magnetic_norm,6.366,53.78342488815365
magnetic_norm,6.452,53.57383241689682
magnetic_norm,6.552,51.29169941989052
magnetic_norm,6.651,47.92995971636441
magnetic_norm,6.751,44.9493481834847
magnetic_norm,6.863,40.97675975987686
magnetic_norm,6.95,38.354586054760226
magnetic_norm,7.049,37.5829618320126
magnetic_norm,7.157,33.731452589063586
magnetic_norm,7.248,31.566565567014894
magnetic_norm,7.348,29.645623932500722
magnetic_norm,7.447,32.19097777278592
magnetic_norm,7.547,28.657682647935676
magnetic_norm,7.669,26.002151200164562
magnetic_norm,7.75,24.762512792890327
magnetic_norm,7.846,22.757101802079085
magnetic_norm,7.958,23.07021369123055
magnetic_norm,8.045,23.863204599900488
magnetic_norm,8.144,24.723239551747227
magnetic_norm,8.257,26.31974057529768
magnetic_norm,8.343,26.98144614607215
magnetic_norm,8.456,27.096547544866638
magnetic_norm,8.542,27.36789717733156
magnetic_norm,8.642,27.63169944714265
magnetic_norm,8.741,27.859900478215632
magnetic_norm,8.841,28.66393906836202
magnetic_norm,8.94,29.490589993905974
magnetic_norm,9.04,29.975788021145572
magnetic_norm,9.139,30.478708440104814
magnetic_norm,9.257,31.57190010952522
magnetic_norm,9.35,32.38510571705633
magnetic_norm,9.441,32.91957642068341
magnetic_norm,9.553,33.660529320018895
magnetic_norm,9.637,34.48061171065176
magnetic_norm,9.737,34.860043055566926
magnetic_norm,9.836,34.92298607071014
magnetic_norm,9.936,34.655923742620026
magnetic_norm,10.035,34.76358064260439
magnetic_norm,10.135,34.88260232651765
magnetic_norm,10.234,35.12669994697259
magnetic_norm,10.334,34.968942431470964
magnetic_norm,10.433,34.4814027367155
magnetic_norm,10.563,34.137049529687204
magnetic_norm,10.648,34.28512677828101
magnetic_norm,10.732,34.32531991880183
magnetic_norm,10.832,34.144255800187835
magnetic_norm,10.931,33.80884014636171
magnetic_norm,11.037,33.419275700431115
magnetic_norm,11.143,33.54314926976016
magnetic_norm,11.23,33.982307344642216
magnetic_norm,11.334,34.18139790809377
magnetic_norm,11.429,34.68525928958214
magnetic_norm,11.528,35.22591638676789
magnetic_norm,11.64,36.01365806036615
magnetic_norm,11.727,36.704341930242094
magnetic_norm,11.827,37.58222155923161
magnetic_norm,11.939,39.30626508950775
magnetic_norm,12.039,41.259458834911435
magnetic_norm,12.14,43.95709520132842
magnetic_norm,12.228,45.24980844275612
magnetic_norm,12.324,45.48475955644479
magnetic_norm,12.444,45.56992078172384
magnetic_norm,12.524,45.49383533959087
magnetic_norm,12.623,45.334914079344735
magnetic_norm,12.735,45.154787689554325
magnetic_norm,12.822,45.30111289413019
magnetic_norm,12.922,45.31600415387352
magnetic_norm,13.021,45.25671513223623
magnetic_norm,13.121,45.28479651520656
magnetic_norm,13.22,45.218897620814495
magnetic_norm,13.32,43.93111380332596
magnetic_norm,13.433,43.57243443543306
magnetic_norm,13.519,43.345334051232776
magnetic_norm,13.618,43.427474408403036
magnetic_norm,13.732,43.85491705962876
magnetic_norm,13.84,46.17233529521217
magnetic_norm,13.938,47.16603395807052
magnetic_norm,14.016,47.842609348241396
magnetic_norm,14.116,48.321630691910585
magnetic_norm,14.219,48.56465060271219
magnetic_norm,14.315,49.44954329169521
magnetic_norm,14.415,49.7006510913079
magnetic_norm,14.519,50.12523265989666
magnetic_norm,14.614,50.4420066613848
magnetic_norm,14.713,51.3566281768282
magnetic_norm,14.813,51.24243988021059
magnetic_norm,14.912,51.86264828815324
magnetic_norm,15.012,51.326845216145244
magnetic_norm,15.125,51.27338051573365
magnetic_norm,15.211,50.643962957150386
magnetic_norm,15.311,50.45142357383484
magnetic_norm,15.41,50.34532646138067
magnetic_norm,15.51,50.40907376276972
magnetic_norm,15.621,49.79003459065124
magnetic_norm,15.708,49.04017029197895
magnetic_norm,15.808,47.537826339202304
magnetic_norm,15.907,47.00801593792256
magnetic_norm,16.007,45.583117027259604
magnetic_norm,16.114,44.75899777001729
magnetic_norm,16.22,43.898887347344925
magnetic_norm,16.306,42.99873640331079
magnetic_norm,16.418,42.06206657239094
magnetic_norm,16.505,42.054091284766265
magnetic_norm,16.604,41.720086634923376
magnetic_norm,16.704,41.226110706569
magnetic_norm,16.803,40.941090004496154
magnetic_norm,16.903,40.2900200718404
magnetic_norm,17.002,40.06702290849282
magnetic_norm,17.102,39.79133820321189
magnetic_norm,17.201,39.750381144746605
magnetic_norm,17.315,40.08624201174169
magnetic_norm,17.401,41.54769628133771
magnetic_norm,17.5,42.64796498538419
magnetic_norm,17.599,44.14171494865779
magnetic_norm,17.699,44.795286223167366
magnetic_norm,17.799,45.23369389933815
magnetic_norm,17.904,46.65874148405453
magnetic_norm,18.011,49.527485176629206
magnetic_norm,18.097,51.76625680509226
magnetic_norm,18.21,53.301869280127576
magnetic_norm,18.296,52.487172250942116
magnetic_norm,18.396,51.56595180968953
magnetic_norm,18.495,50.15297709602564
magnetic_norm,18.595,50.11000947521742
magnetic_norm,18.695,49.06200784797632
magnetic_norm,18.811,49.66159371820208
magnetic_norm,18.893,49.96555399944752
magnetic_norm,18.993,50.6511655735634
magnetic_norm,19.093,50.80375104248682
magnetic_norm,19.192,49.061497549305024
magnetic_norm,19.292,49.65495201592718
magnetic_norm,19.391,49.80764354229564
magnetic_norm,19.491,49.83443455498638
magnetic_norm,19.59,49.66935012032672
magnetic_norm,19.69,49.23736254290142
magnetic_norm,19.789,48.71767296329242
magnetic_norm,19.896,47.94913959997165
magnetic_norm,19.988,47.2759009133183
magnetic_norm,20.088,46.856328088209295
magnetic_norm,20.187,47.839374145812364
magnetic_norm,20.287,48.012001991475636
magnetic_norm,20.386,46.67421889686223
magnetic_norm,20.486,46.59118667876657
magnetic_norm,20.585,46.19661866840873
magnetic_norm,20.706,46.67953761624183
magnetic_norm,20.784,47.08339590574399
magnetic_norm,20.884,48.92108014174546
magnetic_norm,20.987,49.3205747751424
magnetic_norm,21.083,47.68167138419752
magnetic_norm,21.183,47.57492854611139
magnetic_norm,21.282,46.96961726879204
magnetic_norm,21.382,46.70088096705122
magnetic_norm,21.503,46.88246600103469
magnetic_norm,21.594,48.40947735240886
magnetic_norm,21.693,48.73632414300221
magnetic_norm,21.785,48.29114486591552
magnetic_norm,21.892,47.40908109371665
magnetic_norm,21.992,45.742476181919926
magnetic_norm,22.091,44.113944204992116
magnetic_norm,22.178,41.8987835920326
magnetic_norm,22.277,40.63444622872488
magnetic_norm,22.39,43.42207620320417
magnetic_norm,22.519,44.581280229878075
magnetic_norm,22.576,45.71957171014932
magnetic_norm,22.675,46.12453418307406
magnetic_norm,22.775,48.58909784113043
magnetic_norm,22.901,47.49675996591353
magnetic_norm,22.987,44.97540649430736
magnetic_norm,23.073,43.52122915123073
magnetic_norm,23.173,44.332009821760835
magnetic_norm,23.273,42.064920445825074
magnetic_norm,23.372,42.15462299283931
magnetic_norm,23.472,42.283924857611986
magnetic_norm,23.571,39.582430779427824
magnetic_norm,23.671,39.53687440511722
magnetic_norm,23.77,39.12943657883738
magnetic_norm,23.87,37.82276366926983
magnetic_norm,23.969,35.84804234125672
magnetic_norm,24.069,36.10379786104516
magnetic_norm,24.182,36.05183888760849
magnetic_norm,24.268,35.85396704287099
magnetic_norm,24.367,35.597868825023276
magnetic_norm,24.481,33.92431309840787
magnetic_norm,24.566,33.23786963439213
magnetic_norm,24.666,33.566659844108145
magnetic_norm,24.766,33.40662157038474
magnetic_norm,24.865,33.43019672084752
magnetic_norm,24.965,33.271542705073806
magnetic_norm,25.067,33.008450638829565
magnetic_norm,25.164,32.98906201678283
magnetic_norm,25.263,32.90962558820058
magnetic_norm,25.378,33.8912809486248
magnetic_norm,25.462,33.954794167287154
magnetic_norm,25.576,33.665483097533354
magnetic_norm,25.661,32.930531100474276
magnetic_norm,25.761,33.52948361558424
magnetic_norm,25.868,33.90724726890153
magnetic_norm,25.96,34.74142340337943
magnetic_norm,26.059,35.02053921491757
magnetic_norm,26.159,34.626379679656786
magnetic_norm,26.258,34.27176018638107
magnetic_norm,26.358,33.530629737693864
magnetic_norm,26.471,33.16485681882077
magnetic_norm,26.557,33.46545788143131
magnetic_norm,26.669,33.183271104783564
magnetic_norm,26.756,32.9195082411242
magnetic_norm,26.856,32.90401438047206
magnetic_norm,26.957,33.03413457464949
magnetic_norm,27.055,33.00971469412133
magnetic_norm,27.155,32.81971474310387
magnetic_norm,27.272,32.906293021157445
magnetic_norm,27.366,33.333612412015604
magnetic_norm,27.453,33.03442637850894
magnetic_norm,27.553,32.87958938223109
magnetic_norm,27.666,33.28650241288828
magnetic_norm,27.751,34.625989422359
magnetic_norm,27.864,35.68777778147053
magnetic_norm,27.951,37.00312867285125
magnetic_norm,28.05,38.18487633614548
magnetic_norm,28.149,38.58853123858132
magnetic_norm,28.249,39.76473304259589
magnetic_norm,28.349,41.14839704539063
magnetic_norm,28.448,42.90291674157804
magnetic_norm,28.56,46.42550423537926
magnetic_norm,28.67,48.8483074726704
magnetic_norm,28.747,50.579495536219326
magnetic_norm,28.861,51.19719867003542
magnetic_norm,28.946,53.366659422274516
magnetic_norm,29.045,55.42352861922593
magnetic_norm,29.158,57.23920525168458
magnetic_norm,29.244,59.492036364295934
magnetic_norm,29.344,61.39665472170333
magnetic_norm,29.457,63.671899920045405
magnetic_norm,29.543,64.31483824981733
magnetic_norm,29.643,64.30340358790275
magnetic_norm,29.755,64.48043167796843
magnetic_norm,29.854,64.77065411706556
magnetic_norm,29.954,65.78599300244035
magnetic_norm,30.041,64.85458589908781
magnetic_norm,30.14,62.57987738411427
magnetic_norm,30.253,60.35705773870613
magnetic_norm,30.339,59.16974997740723
magnetic_norm,30.439,57.89325203507497
magnetic_norm,30.538,55.96472392624925
magnetic_norm,30.661,54.20751805624065
magnetic_norm,30.745,52.228540960295724
magnetic_norm,30.837,49.26114049815447
magnetic_norm,30.936,47.942137790306234
magnetic_norm,31.036,46.00311896914055
magnetic_norm,31.135,45.674519350544
magnetic_norm,31.235,44.66667722871843
magnetic_norm,31.338,43.53701720748915
magnetic_norm,31.434,44.55926146492931
magnetic_norm,31.533,43.880245659899316
magnetic_norm,31.633,42.90891935315445
magnetic_norm,31.733,42.12344130016649
magnetic_norm,31.832,41.17801770862276
magnetic_norm,31.939,40.83277611598053
magnetic_norm,32.031,40.3650457419002
magnetic_norm,32.146,39.831576677114946
magnetic_norm,32.23,39.68080794285903
magnetic_norm,32.33,39.094268419622246
magnetic_norm,32.443,38.94667605307217
magnetic_norm,32.544,40.08893397628358
magnetic_norm,32.628,39.84234605107126
magnetic_norm,32.741,39.704398650983045
magnetic_norm,32.827,40.05688141593995
magnetic_norm,32.927,40.04252823915032
magnetic_norm,33.028,40.793456763552584
magnetic_norm,33.14,41.19276695974443
magnetic_norm,33.226,41.47797816306557
magnetic_norm,33.325,42.32144032668816
magnetic_norm,33.425,43.22940015460871
magnetic_norm,33.524,43.40198651120559
magnetic_norm,33.638,43.966176766436355
magnetic_norm,33.737,43.94850734920834
magnetic_norm,33.823,43.695320410863545
magnetic_norm,33.945,43.79526124147577
magnetic_norm,34.022,44.32346323166189
magnetic_norm,34.121,44.656099606126574
magnetic_norm,34.235,44.196486156092384
magnetic_norm,34.32,44.61372020291868
magnetic_norm,34.432,44.88386888191188
magnetic_norm,34.533,45.19524759624142
magnetic_norm,34.638,46.682452102672
magnetic_norm,34.733,47.84211093515802
magnetic_norm,34.832,49.33607236142361
magnetic_norm,34.918,51.37904067356479
magnetic_norm,35.017,54.25823503601465
magnetic_norm,35.131,55.80201226744789
magnetic_norm,35.216,58.66121938165204
magnetic_norm,35.316,60.79276426254484
magnetic_norm,35.415,63.088398106550876
magnetic_norm,35.515,62.63753582396424
magnetic_norm,35.614,64.5949481899692
magnetic_norm,35.727,65.12875645535006
magnetic_norm,35.813,66.8170498674572
magnetic_norm,35.913,65.85728724804282
magnetic_norm,36.012,67.47866752135619
magnetic_norm,36.12,67.78165272764646
magnetic_norm,36.211,67.328453752386
magnetic_norm,36.311,67.24297309927275
magnetic_norm,36.41,66.01367872411852
magnetic_norm,36.51,63.95646356588965
magnetic_norm,36.609,61.5635401125112
magnetic_norm,36.709,59.41685005094589
magnetic_norm,36.809,60.09442759571334
magnetic_norm,36.922,58.749473775769154
magnetic_norm,37.008,55.67868360286605
magnetic_norm,37.107,53.61899397436696
magnetic_norm,37.207,50.30426502627803
magnetic_norm,37.306,49.06998460692888
magnetic_norm,37.406,47.9248631632744
magnetic_norm,37.507,46.535898513263085
magnetic_norm,37.605,46.70575298673004
magnetic_norm,37.704,45.6233230112664
magnetic_norm,37.804,44.45144938464085
magnetic_norm,37.923,43.9359705484731
magnetic_norm,38.013,43.30285020010672
magnetic_norm,38.102,42.86133644810338
magnetic_norm,38.202,42.48254748394758
magnetic_norm,38.301,41.89090148866965
magnetic_norm,38.401,41.554389274329495
magnetic_norm,38.521,40.57046348919918
magnetic_norm,38.606,39.19668359266564
magnetic_norm,38.713,38.43781856851163
magnetic_norm,38.799,37.999062874731536
magnetic_norm,38.899,37.465433421085606
magnetic_norm,39.012,36.79721837576584
magnetic_norm,39.098,36.19891160549552
magnetic_norm,39.197,36.376632471568705
magnetic_norm,39.31,36.010863214275886
magnetic_norm,39.396,36.54756139400174
magnetic_norm,39.496,36.086817521705555
magnetic_norm,39.595,36.08979156157997
magnetic_norm,39.695,35.66941589525842
magnetic_norm,39.808,36.73330974130424
magnetic_norm,39.907,36.35382079569462
magnetic_norm,39.994,37.091595422598765
magnetic_norm,40.097,38.360789002737654
magnetic_norm,40.193,39.277221796542726
magnetic_norm,40.292,40.02669501225312
magnetic_norm,40.406,41.694795523899764
magnetic_norm,40.491,43.52482885216395
magnetic_norm,40.611,44.73074144075393
magnetic_norm,40.69,46.620241692897366
magnetic_norm,40.79,47.76389305494566
magnetic_norm,40.889,49.27884797560675
magnetic_norm,40.998,50.49425516670606
magnetic_norm,41.102,51.55015139942281
magnetic_norm,41.188,52.33850513523639
magnetic_norm,41.287,52.71213228630882
magnetic_norm,41.4,53.145033502132
magnetic_norm,41.486,52.932873398676556
magnetic_norm,41.6,53.14039333401464
magnetic_norm,41.686,53.05684262946268
magnetic_norm,41.799,53.28820271944438
magnetic_norm,41.899,53.428637595876886
magnetic_norm,41.992,53.12479656001113
magnetic_norm,42.084,53.05832272031699
magnetic_norm,42.186,52.7763171566984
magnetic_norm,42.293,52.26322156680151
magnetic_norm,42.393,52.12190610809224
magnetic_norm,42.482,52.166138885495
magnetic_norm,42.592,52.04736912191999
magnetic_norm,42.694,51.73346105500385
magnetic_norm,42.78,51.5494182386232
magnetic_norm,42.893,51.45462357366916
magnetic_norm,42.979,51.24024945143108
magnetic_norm,43.079,50.591802473334575
magnetic_norm,43.192,49.87477062694666
magnetic_norm,43.278,49.33385071712304
magnetic_norm,43.381,48.97584157324315
magnetic_norm,43.49,48.48287376376594
magnetic_norm,43.577,48.141504684565774
magnetic_norm,43.689,47.59089826388637
magnetic_norm,43.788,47.07816381087637
magnetic_norm,43.896,47.107128581448784
magnetic_norm,43.988,46.60145371948407
magnetic_norm,44.074,46.458728116227974
magnetic_norm,44.174,46.4574826265657
magnetic_norm,44.286,46.45314988152144
magnetic_norm,44.373,46.24092915473257
magnetic_norm,44.472,46.10922977031192
magnetic_norm,44.583,46.31719336328371
magnetic_norm,44.671,46.2385954386833
pressure,1.095,1004.8968505859375
pressure,2.111,1004.8975372314453
pressure,3.122,1004.8982238769531
pressure,4.132,1004.9011993408203
pressure,5.155,1004.9011993408203
pressure,6.671,1004.9011993408203
pressure,7.733,1004.9027252197266
pressure,8.821,1004.9027252197266
pressure,9.893,1004.9024963378906
pressure,10.973,1004.9019622802734
pressure,12.075,1004.9019622802734
pressure,13.149,1004.8985290527344
pressure,14.203,1004.8975372314453
pressure,15.286,1004.8964691162109
pressure,16.365,1004.8928833007812
pressure,17.437,1004.8905944824219
pressure,18.512,1004.8886871337891
pressure,19.598,1004.8869323730469
pressure,20.684,1004.8851013183594
pressure,21.747,1004.8842620849609
pressure,22.831,1004.8838043212891
pressure,23.912,1004.8825836181641
pressure,24.982,1004.8821258544922
pressure,26.079,1004.8809051513672
pressure,27.149,1004.8809051513672
pressure,28.216,1004.8818969726562
pressure,29.301,1004.8818969726562
pressure,30.376,1004.8796081542969
pressure,31.454,1004.8775482177734
pressure,32.546,1004.8757934570312
pressure,33.617,1004.8726654052734
pressure,34.69,1004.8690795898438
pressure,35.769,1004.8690795898438
pressure,36.845,1004.8707580566406
pressure,37.926,1004.8731231689453
pressure,38.995,1004.8748016357422
pressure,40.08,1004.8764801025391
pressure,41.163,1004.8770904541016
pressure,42.235,1004.8780822753906
pressure,43.318,1004.8780822753906
pressure,44.39,1004.8783874511719
device_yaw,0.063,173.63080146513178
device_yaw,0.113,173.00599960090258
device_yaw,0.163,172.41495318027697
device_yaw,0.213,171.9306789000659
device_yaw,0.263,171.58267456291577
device_yaw,0.313,171.33377563890082
device_yaw,0.363,170.69873158546076
device_yaw,0.413,170.27669846523915
device_yaw,0.463,170.0760433083233
device_yaw,0.513,170.09161781560312
device_yaw,0.563,170.32850955183793
device_yaw,0.613,170.75643521209156
device_yaw,0.663,171.2650707325916
device_yaw,0.713,171.84365361213423
device_yaw,0.763,172.42323688689137
device_yaw,0.813,172.94788469798056
device_yaw,0.863,173.41759704540178
device_yaw,0.913,173.74131879992493
device_yaw,0.963,173.903746390035
device_yaw,1.013,173.92612659887277
device_yaw,1.063,173.79572120543733
device_yaw,1.113,173.55020978968534
device_yaw,1.163,173.22801970880087
device_yaw,1.213,172.91574602725825
device_yaw,1.263,172.61338874505748
device_yaw,1.313,172.32094786219852
device_yaw,1.363,172.03842337868147
device_yaw,1.413,171.7658152945062
device_yaw,1.463,171.53137038763708
device_yaw,1.513,171.35391984338355
device_yaw,1.563,171.21222639036608
device_yaw,1.613,171.06126665921053
device_yaw,1.663,170.8596820919598
device_yaw,1.713,170.60168299607787
device_yaw,1.763,170.27549711407775
device_yaw,1.813,169.87797453251835
device_yaw,1.863,169.4119223207458
device_yaw,1.913,168.88116891654474
device_yaw,1.963,168.2827574409891
device_yaw,2.013,167.62959070574485
device_yaw,2.063,167.01869863845099
device_yaw,2.113,166.45290581799915
device_yaw,2.163,165.976463980361
device_yaw,2.213,165.66345372645475
device_yaw,2.263,165.60170372962543
device_yaw,2.313,165.8436886406056
device_yaw,2.363,166.36754702887058
device_yaw,2.413,167.1733020161609
device_yaw,2.463,168.26634066105876
device_yaw,2.513,169.6966716830981
device_yaw,2.563,171.41657275392242
device_yaw,2.613,173.2968022637685
device_yaw,2.663,175.27426531224515
device_yaw,2.713,177.31574929812044
device_yaw,2.763,179.22346086058212
device_yaw,2.813,180.91276384981867
device_yaw,2.863,182.31381512596053
device_yaw,2.913,183.33165437721422
device_yaw,2.963,183.96970636904123
device_yaw,3.013,184.37010455660484
device_yaw,3.063,184.5207596824496
device_yaw,3.113,184.45649126326597
device_yaw,3.163,184.20951098117825
device_yaw,3.213,183.84291373657774
device_yaw,3.263,183.3899121306963
device_yaw,3.313,182.97776744465975
device_yaw,3.363,182.60907684747067
device_yaw,3.413,182.312981085753
device_yaw,3.463,182.24488387870215
device_yaw,3.513,182.45696574564525
device_yaw,3.563,182.7670276674766
device_yaw,3.613,183.18184421745698
device_yaw,3.663,183.68168266832242
device_yaw,3.713,184.26516389258384
device_yaw,3.763,184.93385456096067
device_yaw,3.813,185.72123297250462
device_yaw,3.863,186.6342800061766
device_yaw,3.913,187.72921851982744
device_yaw,3.963,188.93695806731432
device_yaw,4.013,190.1546525867626
device_yaw,4.063,191.33520699317785
device_yaw,4.113,192.5280478245373
device_yaw,4.163,193.62047794955186
device_yaw,4.213,194.6322300954854
device_yaw,4.263,195.56468338982705
device_yaw,4.313,196.4162711618574
device_yaw,4.363,197.15351511252467
device_yaw,4.413,197.76943436286817
device_yaw,4.463,198.2597747092421
device_yaw,4.513,198.74588420847397
device_yaw,4.563,199.2707093664824
device_yaw,4.613,199.800889305837
device_yaw,4.663,200.39326673629495
device_yaw,4.713,201.08738963374637
device_yaw,4.763,201.86857935428736
device_yaw,4.813,202.74057958186083
device_yaw,4.863,203.68200258477447
device_yaw,4.913,204.70886633248995
device_yaw,4.963,205.823548372794
device_yaw,5.013,206.9298994874629
device_yaw,5.063,207.88784028757516
device_yaw,5.113,208.72183826565026
device_yaw,5.163,209.45391390823815
device_yaw,5.213,209.92602647411601
device_yaw,5.263,210.14462382457367
device_yaw,5.313,210.0224655197234
device_yaw,5.363,209.4794091444842
device_yaw,5.413,208.634424467347
device_yaw,5.463,207.62460719041698
device_yaw,5.513,206.52734359855984
device_yaw,5.563,205.3868142557939
device_yaw,5.613,204.29084094035645
device_yaw,5.663,203.2394236522474
device_yaw,5.713,202.23256239146676
device_yaw,5.763,201.3946709807313
device_yaw,5.813,200.86539616547054
device_yaw,5.863,200.65977579859376
device_yaw,5.913,200.91713929056039
device_yaw,5.963,201.5980665585845
device_yaw,6.013,202.64060979968508
device_yaw,6.063,203.95537768590214
device_yaw,6.113,205.4206582510257
device_yaw,6.163,206.9063448334742
device_yaw,6.213,208.41243743324773
device_yaw,6.263,209.9389360503462
device_yaw,6.313,211.37523973606258
device_yaw,6.363,212.5799069488089
device_yaw,6.413,213.60476413410962
device_yaw,6.463,214.4184300982555
device_yaw,6.513,214.97134896383184
device_yaw,6.563,215.160484532624
device_yaw,6.613,214.94966087833083
device_yaw,6.663,214.51322364238789
device_yaw,6.713,213.9812794863764
device_yaw,6.763,213.27311848800812
device_yaw,6.813,212.4660531056148
device_yaw,6.863,211.61737278812953
device_yaw,6.913,210.6886724701302
device_yaw,6.963,209.80366236401986
device_yaw,7.013,209.01988663369414
device_yaw,7.063,208.33297565520846
device_yaw,7.113,207.7740991536137
device_yaw,7.163,207.33186842191654
device_yaw,7.213,206.91552169915715
device_yaw,7.263,206.52505898533553
device_yaw,7.313,206.24119020274003
device_yaw,7.363,205.9866028930389
device_yaw,7.413,205.7111602400247
device_yaw,7.463,205.48797854762833
device_yaw,7.513,205.20938680207834
device_yaw,7.563,204.7130903235935
device_yaw,7.613,204.04822532824713
device_yaw,7.663,203.1520272074276
device_yaw,7.713,202.18275940518768
device_yaw,7.763,201.27129362494045
device_yaw,7.813,200.41762986668607
device_yaw,7.863,199.6217681304244
device_yaw,7.913,198.8837084161555
device_yaw,7.963,198.26510677820787
device_yaw,8.013,197.84307709594648
device_yaw,8.063,197.63752570573206
device_yaw,8.113,197.68030961097477
device_yaw,8.163,197.97714931951586
device_yaw,8.213,198.55393819605203
device_yaw,8.263,199.27177381851368
device_yaw,8.313,199.93331511894203
device_yaw,8.363,200.53856209733704
device_yaw,8.413,201.0875147536987
device_yaw,8.463,201.5665157514537
device_yaw,8.513,201.97025390415683
device_yaw,8.563,202.1947577513247
device_yaw,8.613,202.2317844913647
device_yaw,8.663,202.0770543707925
device_yaw,8.713,201.67301150661322
device_yaw,8.763,201.0540640813906
device_yaw,8.813,200.30180048346892
device_yaw,8.863,199.52068217070737
device_yaw,8.913,198.68272316084187
device_yaw,8.963,197.61312400951692
device_yaw,9.013,196.3888607892167
device_yaw,9.063,195.10953106044732
device_yaw,9.113,193.918079068348
device_yaw,9.163,192.87028643238907
device_yaw,9.213,192.06889010291388
device_yaw,9.263,191.58427165587025
device_yaw,9.313,191.42013370971046
device_yaw,9.363,191.486256574674
device_yaw,9.413,191.69221311160035
device_yaw,9.463,191.9812990412287
device_yaw,9.513,192.50972326270178
device_yaw,9.563,193.2141670401086
device_yaw,9.613,194.00034399938832
device_yaw,9.663,194.71880934456746
device_yaw,9.713,195.2830014245875
device_yaw,9.763,195.6367812115933
device_yaw,9.813,195.73385013693067
device_yaw,9.863,195.58714461501387
device_yaw,9.913,195.2857320663432
device_yaw,9.963,194.9201756225002
device_yaw,10.013,194.5751655450099
device_yaw,10.063,194.269292379085
device_yaw,10.113,194.00255612472557
device_yaw,10.163,193.77495678193156
device_yaw,10.213,193.61190017800135
device_yaw,10.263,193.55151839648116
device_yaw,10.313,193.64251640965324
device_yaw,10.363,193.8918608654878
device_yaw,10.413,194.18888407192534
device_yaw,10.463,194.44764872815765
device_yaw,10.513,194.6681548341847
device_yaw,10.563,194.85040239000645
device_yaw,10.613,194.976219037425
device_yaw,10.663,194.97797799688087
device_yaw,10.713,194.89280539207846
device_yaw,10.763,194.68173939250957
device_yaw,10.813,194.24633940049543
device_yaw,10.863,193.55677640707654
device_yaw,10.913,192.61739720628566
device_yaw,10.963,191.57652323465848
device_yaw,11.013,190.53241043349502
device_yaw,11.063,189.5569141914777
device_yaw,11.113,188.65003450860647
device_yaw,11.163,187.95840211439838
device_yaw,11.213,187.50430992068178
device_yaw,11.263,187.24140505624712
device_yaw,11.313,187.232328781598
device_yaw,11.363,187.5687967672714
device_yaw,11.413,188.28094040518872
device_yaw,11.463,189.32215368352564
device_yaw,11.513,190.6189170397267
device_yaw,11.563,192.02545482846708
device_yaw,11.613,193.35299699632952
device_yaw,11.663,194.60154354331405
device_yaw,11.713,195.57482462090957
device_yaw,11.763,196.20886799217587
device_yaw,11.813,196.56792227362985
device_yaw,11.863,196.52801053665465
device_yaw,11.913,196.19937563108036
device_yaw,11.963,195.58527925431918
device_yaw,12.013,194.72063065185924
device_yaw,12.063,193.63335480082836
device_yaw,12.113,192.42745784334392
device_yaw,12.163,191.2198544441408
device_yaw,12.213,189.9685281593497
device_yaw,12.263,188.82399293281676
device_yaw,12.313,187.93769244703242
device_yaw,12.363,187.27109176704315
device_yaw,12.413,186.99297690323874
device_yaw,12.463,187.06548671718537
device_yaw,12.513,187.42270103328866
device_yaw,12.563,188.0279477247933
device_yaw,12.613,188.80690618467304
device_yaw,12.663,189.71781825005516
device_yaw,12.713,190.7285740750979
device_yaw,12.763,191.78966464438102
device_yaw,12.813,192.81838749125026
device_yaw,12.863,193.77260503788668
device_yaw,12.913,194.61422076627957
device_yaw,12.963,195.2335264259824
device_yaw,13.013,195.59271677251516
device_yaw,13.063,195.70096595131483
device_yaw,13.113,195.56290949102097
device_yaw,13.163,195.16487744039478
device_yaw,13.213,194.6888632445786
device_yaw,13.263,194.1742823095542
device_yaw,13.313,193.71266009461112
device_yaw,13.363,193.30399659974938
device_yaw,13.413,192.98468308226563
device_yaw,13.463,193.01145718626705
device_yaw,13.513,193.77496273848465
device_yaw,13.563,195.17371330185168
device_yaw,13.613,197.53836603422067
device_yaw,13.663,200.5321334644528
device_yaw,13.713,204.2817083821402
device_yaw,13.763,208.0015366273232
device_yaw,13.813,211.68431263986176
device_yaw,13.863,215.33003641975577
device_yaw,13.913,218.9387079670054
device_yaw,13.963,222.47393602431396
device_yaw,14.013,225.70059253152658
device_yaw,14.063,228.26925340059043
device_yaw,14.113,230.2482618041781
device_yaw,14.163,231.24960858666802
device_yaw,14.213,231.59920542118417
device_yaw,14.263,231.21039969780549
device_yaw,14.313,230.73576116057913
device_yaw,14.363,230.15369503751893
device_yaw,14.413,229.47063651483757
device_yaw,14.463,228.6799351186802
device_yaw,14.513,227.81392475719957
device_yaw,14.563,226.88773647178917
device_yaw,14.613,225.99368034889568
device_yaw,14.663,225.17660957875907
device_yaw,14.713,224.4892848317886
device_yaw,14.763,223.9304951479008
device_yaw,14.813,223.52265637970416
device_yaw,14.863,223.25123978515828
device_yaw,14.913,223.18093281273798
device_yaw,14.963,223.3311698788335
device_yaw,15.013,223.7333908302606
device_yaw,15.063,224.31124100453562
device_yaw,15.113,224.97458817242213
device_yaw,15.163,225.59717889339734
device_yaw,15.213,226.13945170184127
device_yaw,15.263,226.60950076047405
device_yaw,15.313,227.02621244897603
device_yaw,15.363,227.38958676734725
device_yaw,15.413,227.5964390558074
device_yaw,15.463,227.6507028791807
device_yaw,15.513,227.47727540143077
device_yaw,15.563,227.0160038726666
device_yaw,15.613,226.36787577711073
device_yaw,15.663,225.67921914774118
device_yaw,15.713,225.0269393672227
device_yaw,15.763,224.4110364355552
device_yaw,15.813,223.8315103527387
device_yaw,15.863,223.28836111877325
device_yaw,15.913,222.78158873365877
device_yaw,15.963,222.42306223792755
device_yaw,16.013,222.21692294607948
device_yaw,16.063,222.19003147563024
device_yaw,16.113,222.38717959639473
device_yaw,16.163,222.77127568971216
device_yaw,16.213,223.30256430180407
device_yaw,16.263,223.94065745555596
device_yaw,16.313,224.6845023017017
device_yaw,16.363,225.3836114405152
device_yaw,16.413,226.03798487199654
device_yaw,16.463,226.64762259614557
device_yaw,16.513,227.2016097945436
device_yaw,16.563,227.65272856747745
device_yaw,16.613,228.02335153086517
device_yaw,16.663,228.30405029182165
device_yaw,16.713,228.47494973911637
device_yaw,16.763,228.50447848139248
device_yaw,16.813,228.30282027075828
device_yaw,16.863,227.90962024251823
device_yaw,16.913,227.48165621595754
device_yaw,16.963,227.02473473220772
device_yaw,17.013,226.53402487312476
device_yaw,17.063,226.0345522128606
device_yaw,17.113,225.58586026800182
device_yaw,17.163,225.1879490385484
device_yaw,17.213,224.8408185245003
device_yaw,17.263,224.5444687258576
device_yaw,17.313,224.31506431684656
device_yaw,17.363,224.25361740155913
device_yaw,17.413,224.33868557551088
device_yaw,17.463,224.57920993202225
device_yaw,17.513,224.90959420582274
device_yaw,17.563,225.28408972851156
device_yaw,17.613,225.6740250895372
device_yaw,17.663,226.0159071162132
device_yaw,17.713,226.3097358085397
device_yaw,17.763,226.52604806527614
device_yaw,17.813,226.62450678562115
device_yaw,17.863,226.60699393679732
device_yaw,17.913,226.45066697828773
device_yaw,17.963,226.1545594953776
device_yaw,18.013,225.734141154868
device_yaw,18.063,225.24920168089804
device_yaw,18.113,224.7638424266749
device_yaw,18.163,224.32600420127503
device_yaw,18.213,223.9356870046985
device_yaw,18.263,223.59296805117026
device_yaw,18.313,223.33109393895435
device_yaw,18.363,223.1904017688522
device_yaw,18.413,223.15284489941487
device_yaw,18.463,223.26847277473627
device_yaw,18.513,223.54408451346143
device_yaw,18.563,223.98057098938227
device_yaw,18.613,224.56831302309044
device_yaw,18.663,225.15518348015215
device_yaw,18.713,225.67450842080407
device_yaw,18.763,226.12628784504616
device_yaw,18.813,226.48652715012494
device_yaw,18.863,226.68660028222018
device_yaw,18.913,226.96400433125746
device_yaw,18.963,227.26253944179632
device_yaw,19.013,227.5337866464296
device_yaw,19.063,227.7299356368654
device_yaw,19.113,227.75551854130512
device_yaw,21.413,211.230756518358
device_yaw,21.463,210.37234361947773
device_yaw,21.513,209.5009458957468
device_yaw,21.563,208.59160414257357
device_yaw,21.613,207.7339862393025
device_yaw,21.663,206.9309910007213
device_yaw,21.713,205.43038751383546
device_yaw,21.763,204.0159456122423
device_yaw,21.813,202.74735214363818
device_yaw,21.863,201.6538363261195
device_yaw,21.913,200.72029689121362
device_yaw,21.963,199.97245871617213
device_yaw,22.013,199.4560381849578
device_yaw,22.063,199.12929294962223
device_yaw,22.113,199.09637363809878
device_yaw,22.163,199.3186943565751
device_yaw,22.213,199.72520706206006
device_yaw,22.263,200.2818695094136
device_yaw,22.313,200.84726242063496
device_yaw,22.363,201.38005799155005
device_yaw,22.413,201.90507756471553
device_yaw,22.463,202.4049226263846
device_yaw,22.513,202.8485393880739
device_yaw,22.563,203.23592784978334
device_yaw,22.613,203.56708801151296
device_yaw,22.663,203.6564933487599
device_yaw,22.713,203.50620505012418
device_yaw,22.763,203.20268186859957
device_yaw,22.813,202.82501395477357
device_yaw,22.863,202.44825162920304
device_yaw,22.913,202.07239489188802
device_yaw,22.963,201.69744374282843
device_yaw,23.013,201.34929320824676
device_yaw,23.063,201.0624868589259
device_yaw,23.113,200.83702469486587
device_yaw,23.163,200.67738893631267
device_yaw,23.213,200.7292579453113
device_yaw,23.263,200.96884946290422
device_yaw,23.313,201.435080649467
device_yaw,23.363,202.08209252733405
device_yaw,23.413,202.73010268922317
device_yaw,23.463,203.3378674139223
device_yaw,23.513,203.9053867014315
device_yaw,23.563,204.43116493076525
device_yaw,23.613,204.91171231962423
device_yaw,23.663,205.34702886800835
device_yaw,23.713,205.7155280070708
device_yaw,23.763,205.9464620237513
device_yaw,23.813,206.01694661068152
device_yaw,23.863,205.83683727452208
device_yaw,23.913,205.43337357564363
device_yaw,23.963,205.01838082009715
device_yaw,24.013,204.6350697243292
device_yaw,24.063,204.28344028833973
device_yaw,24.113,203.9634925121288
device_yaw,24.163,203.67522639569643
device_yaw,24.213,203.41864193904257
device_yaw,24.263,203.30445137618744
device_yaw,24.313,203.29205150158694
device_yaw,24.363,203.39346570449604
device_yaw,24.413,203.61822487213766
device_yaw,24.463,203.95261316952528
device_yaw,24.513,204.3002478301625
device_yaw,24.563,204.66770010136636
device_yaw,24.613,205.08200775121756
device_yaw,24.663,205.53777498872952
device_yaw,24.713,206.0314046199114
device_yaw,24.763,206.58191689040532
device_yaw,24.813,207.10061038789672
device_yaw,24.863,207.6453909785071
device_yaw,24.913,208.1430054259529
device_yaw,24.963,208.59080920122406
device_yaw,25.013,208.99083946890323
device_yaw,25.063,209.34309622899033
device_yaw,25.113,209.62551932029518
device_yaw,25.163,209.6892186915654
device_yaw,25.213,209.55622530195384
device_yaw,25.263,209.27903389463893
device_yaw,25.313,208.85293960361614
device_yaw,25.363,208.25397122738624
device_yaw,25.413,207.5555403771327
device_yaw,25.463,206.83614433617495
device_yaw,25.513,206.10770804995462
device_yaw,25.563,205.19764359748243
device_yaw,25.613,204.18784281430496
device_yaw,25.663,203.25302399349218
device_yaw,25.713,202.51503941821585
device_yaw,25.763,201.99443718719493
device_yaw,25.813,201.7243140601167
device_yaw,25.863,201.7126204619094
device_yaw,25.913,201.89055533598702
device_yaw,25.963,202.10631742461075
device_yaw,26.013,202.32701585866036
device_yaw,26.063,202.5526506381358
device_yaw,26.113,202.95580968402643
device_yaw,26.163,203.45460116078547
device_yaw,26.213,203.85059260566607
device_yaw,26.263,203.99428063886143
device_yaw,26.313,203.85761854022803
device_yaw,26.363,203.3986515257787
device_yaw,26.413,202.5456517161062
device_yaw,26.463,201.43431776502305
device_yaw,26.513,200.16020304178107
device_yaw,26.563,198.75529231770585
device_yaw,26.613,197.28682921953205
device_yaw,26.663,195.89199344693088
device_yaw,26.713,194.59622043771358
device_yaw,26.763,193.47542458089094
device_yaw,26.813,192.69003569901363
device_yaw,26.863,192.2094234470383
device_yaw,26.913,192.06924475505866
device_yaw,26.963,192.4226163717436
device_yaw,27.013,193.26931425555358
device_yaw,27.063,194.55860020514422
device_yaw,27.113,196.13545284282972
device_yaw,27.163,197.77535181995628
device_yaw,27.213,199.34111743685256
device_yaw,27.263,200.80731425570747
device_yaw,27.313,202.13526397582555
device_yaw,27.363,203.2829022031933
device_yaw,27.413,204.1711805081403
device_yaw,27.463,204.71750615705503
device_yaw,27.513,204.9778624501353
device_yaw,27.563,204.95921428963257
device_yaw,27.613,204.71762185462003
device_yaw,27.663,204.42327254150098
device_yaw,27.713,204.23080243529805
device_yaw,27.763,204.18550298581812
device_yaw,27.813,204.22236091553512
device_yaw,27.863,204.30497802234294
device_yaw,27.913,204.4644922575114
device_yaw,27.963,204.80144584901237
device_yaw,28.013,205.32273507547615
device_yaw,28.063,205.83206283011367
device_yaw,28.113,206.27332791951594
device_yaw,28.163,206.63714971352658
device_yaw,28.213,206.90402424418656
device_yaw,28.263,207.07659214839262
device_yaw,28.313,207.14406953070574
device_yaw,28.363,207.2232310002041
device_yaw,28.413,207.39329624839786
device_yaw,28.463,207.52571263778216
device_yaw,28.513,207.59781025977554
device_yaw,28.563,207.6095891143781
device_yaw,28.613,207.51424526891196
device_yaw,28.663,207.312896478116
device_yaw,28.713,207.04446572102205
device_yaw,28.763,206.70995731670612
device_yaw,28.813,206.34589979402534
device_yaw,28.863,205.92474341363206
device_yaw,28.913,205.3948231474493
device_yaw,28.963,204.71344007413197
device_yaw,29.013,204.01319175466418
device_yaw,29.063,203.38011856546626
device_yaw,29.113,202.81422050653808
device_yaw,29.163,202.39896064332115
device_yaw,29.213,202.1768750257933
device_yaw,29.263,202.13535077876597
device_yaw,29.313,202.22368618638836
device_yaw,29.363,202.42172108885367
device_yaw,29.413,202.76228668455076
device_yaw,29.463,203.2821562638106
device_yaw,29.513,203.97711260703747
device_yaw,29.563,204.81506175480197
device_yaw,29.613,205.70162113267858
device_yaw,29.663,206.61796772042587
device_yaw,29.713,207.56792670225903
device_yaw,29.763,208.51290267660207
device_yaw,29.813,209.31168968340225
device_yaw,29.863,209.92882127654428
device_yaw,29.913,210.34417981339513
device_yaw,29.963,210.50211235804645
device_yaw,30.013,210.38350583795327
device_yaw,30.063,210.10706756510578
device_yaw,30.113,209.74063019968008
device_yaw,30.163,209.3152058482626
device_yaw,30.213,208.84961753109485
device_yaw,30.263,208.34004006396165
device_yaw,30.313,207.78294250758742
device_yaw,30.363,207.2932207181814
device_yaw,30.413,206.9941372612103
device_yaw,30.463,206.89558632430405
device_yaw,30.513,206.98126610582023
device_yaw,30.563,207.23342008449788
device_yaw,30.613,207.5502192509384
device_yaw,30.663,207.95743635218932
device_yaw,30.713,208.37873934672933
device_yaw,30.763,208.81412823455847
device_yaw,30.813,209.26360301567667
device_yaw,30.863,209.72716369008393
device_yaw,30.913,210.20481025778025
device_yaw,30.963,210.73812931686408
device_yaw,31.013,211.169484505986
device_yaw,31.063,211.53090430787998
device_yaw,31.113,211.81566389358485
device_yaw,31.163,212.0001953020452
device_yaw,31.213,211.92619100955707
device_yaw,31.263,211.75963487240787
device_yaw,31.313,211.58273382873801
device_yaw,31.363,211.39548787854747
device_yaw,31.413,211.19789702183633
device_yaw,31.463,210.9899612586045
device_yaw,31.513,210.69199526817718
device_yaw,31.563,210.55334264902757
device_yaw,31.613,210.5195968255431
device_yaw,31.663,210.61314561054851
device_yaw,31.713,210.83994646261752
device_yaw,31.763,211.24920963418916
device_yaw,31.813,211.75128331049757
device_yaw,31.863,212.26396055340228
device_yaw,31.913,212.7441715123023
device_yaw,31.963,213.17516680085274
device_yaw,32.013,213.5569464190536
device_yaw,32.063,213.8721840034763
device_yaw,32.113,214.00826790817726
device_yaw,32.163,213.99742988507822
device_yaw,32.213,213.7907102450997
device_yaw,32.263,213.3294738129515
device_yaw,32.313,212.69302115040884
device_yaw,32.363,211.8548895444321
device_yaw,32.413,210.8248455720253
device_yaw,32.463,209.65218073274033
device_yaw,32.513,208.40312397331945
device_yaw,32.563,207.11846934731503
device_yaw,32.613,205.83461986685043
device_yaw,32.663,204.59167360498105
device_yaw,32.713,203.45328451768736
device_yaw,32.763,202.45274931018537
device_yaw,32.813,201.65353000919197
device_yaw,32.863,201.0198669529235
device_yaw,32.913,200.64690267522994
device_yaw,32.963,200.48842905920137
device_yaw,33.013,200.50924580693737
device_yaw,33.063,200.65987335804064
device_yaw,33.113,200.89951765895873
device_yaw,33.163,201.26985578460156
device_yaw,33.213,201.74123100146133
device_yaw,33.263,202.2304918857965
device_yaw,33.313,202.73289540071863
device_yaw,33.363,203.17413396830818
device_yaw,33.413,203.5542075885652
device_yaw,33.463,203.80443644067938
device_yaw,33.513,203.90910775386226
device_yaw,33.563,203.8542929644216
device_yaw,33.613,203.62071287572292
device_yaw,33.663,203.25175596240334
device_yaw,33.713,202.75879785298773
device_yaw,33.763,202.15417107515995
device_yaw,33.813,201.47968516177914
device_yaw,33.863,200.79434304768884
device_yaw,33.913,200.19355338223548
device_yaw,33.963,199.76944405705865
device_yaw,34.013,199.47520193503914
device_yaw,34.063,199.34311964901363
device_yaw,34.113,199.42987162471155
device_yaw,34.163,199.79752159356866
device_yaw,34.213,200.39546667863172
device_yaw,34.263,201.16372740244495
device_yaw,34.313,202.31883313285397
device_yaw,34.363,203.8980490852092
device_yaw,34.413,205.73817034700411
device_yaw,34.463,207.7744334192138
device_yaw,34.513,209.6298022874985
device_yaw,34.563,211.33932760365434
device_yaw,34.613,212.92061975605912
device_yaw,34.663,214.35453507186932
device_yaw,34.713,215.58959186011305
device_yaw,34.763,216.6371384901936
device_yaw,34.813,217.4860585792095
device_yaw,34.863,217.85008645298768
device_yaw,34.913,217.6102972653982
device_yaw,34.963,216.92453526624314
device_yaw,35.013,215.96429362565684
device_yaw,35.063,215.07335896943786
device_yaw,35.113,214.26349378290945
device_yaw,35.163,213.5369493555514
device_yaw,35.213,212.84771411196354
device_yaw,35.263,212.1274031555831
device_yaw,35.313,211.46637521464544
device_yaw,35.363,210.91227485254478
device_yaw,35.413,210.52682400314995
device_yaw,35.463,210.40477397790355
device_yaw,35.513,210.64138719950554
device_yaw,35.563,211.0882614421542
device_yaw,35.613,211.671605649484
device_yaw,35.663,212.27517502189096
device_yaw,35.713,212.8837876170318
device_yaw,35.763,213.5488314700623
device_yaw,35.813,214.34738863371612
device_yaw,35.863,215.1002648332017
device_yaw,35.913,215.75589195274486
device_yaw,35.963,216.32812759759543
device_yaw,36.013,216.80388008708996
device_yaw,36.063,217.00384309608617
device_yaw,36.113,216.946822040556
device_yaw,36.163,216.70610521038907
device_yaw,36.213,216.44723754192856
device_yaw,36.263,216.18540097751782
device_yaw,36.313,215.92059551715676
device_yaw,36.363,215.7000953425418
device_yaw,36.413,215.5715913479019
device_yaw,36.463,215.52240707698948
device_yaw,36.513,215.53868492455496
device_yaw,36.563,215.6204248905983
device_yaw,36.613,215.80277164231137
device_yaw,36.663,216.1013454322165
device_yaw,36.713,216.5208840341785
device_yaw,36.763,216.89632983742587
device_yaw,36.813,217.22532044452927
device_yaw,36.863,217.50785585548874
device_yaw,36.913,217.69666188860793
device_yaw,36.963,217.82874922912677
device_yaw,37.013,217.90301737714023
device_yaw,37.063,217.8653975930587
device_yaw,37.113,217.7798461510497
device_yaw,37.163,217.6463630511131
device_yaw,37.213,217.45109410802004
device_yaw,37.263,217.12602221336195
device_yaw,37.313,216.78414656734049
device_yaw,37.363,216.42782956738492
device_yaw,37.413,216.07261784290986
device_yaw,37.463,215.72147265666115
device_yaw,37.513,215.3743940086387
device_yaw,37.563,215.0480489156026
device_yaw,37.613,214.7965061171426
device_yaw,37.663,214.55580933909113
device_yaw,37.713,214.33029723819374
device_yaw,37.763,214.16986436702464
device_yaw,37.813,214.0794143235049
device_yaw,37.863,214.06170538146517
device_yaw,37.913,214.22920454388316
device_yaw,37.963,214.50201527345868
device_yaw,38.013,214.77556118380798
device_yaw,38.063,215.03855170563793
device_yaw,38.113,215.29098683894856
device_yaw,38.163,215.5328665837399
device_yaw,38.213,215.76419094001184
device_yaw,38.263,215.93821896183718
device_yaw,38.313,215.92130003746297
device_yaw,38.363,215.75297527800876
device_yaw,38.413,215.3769215770518
device_yaw,38.463,214.76272810247627
device_yaw,38.513,214.0238969635902
device_yaw,38.563,213.2620432840317
device_yaw,38.613,212.54100026664855
device_yaw,38.663,211.87077603211776
device_yaw,38.713,211.25137058043936
device_yaw,38.763,210.68278391161323
device_yaw,38.813,210.25797140072856
device_yaw,38.863,210.06535649490095
device_yaw,38.913,210.06580440473945
device_yaw,38.963,210.35095037767363
device_yaw,39.013,210.79912590264328
device_yaw,39.063,211.38528510040794
device_yaw,39.113,212.1750359193184
device_yaw,39.163,213.05756587282113
device_yaw,39.213,213.93180592226554
device_yaw,39.263,214.76239176631063
device_yaw,39.313,215.54932340495637
device_yaw,39.363,216.24204775229558
device_yaw,39.413,216.83589742039132
device_yaw,39.463,217.33046608751513
device_yaw,39.513,217.6904416126601
device_yaw,39.563,217.90556975442306
device_yaw,39.613,217.89857521130182
device_yaw,39.663,217.60052244086054
device_yaw,39.713,217.10942582552406
device_yaw,39.763,216.54476522892608
device_yaw,39.813,215.98522718545374
device_yaw,39.863,215.43081169510708
device_yaw,39.913,214.881518757886
device_yaw,39.963,214.3373483737906
device_yaw,40.013,213.7983005428208
device_yaw,40.063,213.26437526497674
device_yaw,40.113,212.78543912185975
device_yaw,40.163,212.44474431488072
device_yaw,40.213,212.25511840299552
device_yaw,40.263,212.1768168567781
device_yaw,40.313,212.1814207305683
device_yaw,40.363,212.19030706500598
device_yaw,40.413,212.17340487100893
device_yaw,40.463,212.12697706689426
device_yaw,40.513,212.01738991751725
device_yaw,40.563,211.81777723124358
device_yaw,40.613,211.44382216645954
device_yaw,40.663,210.9727679164843
device_yaw,40.713,210.25944272703927
device_yaw,40.763,209.23037756361182
device_yaw,40.813,207.897973903801
device_yaw,40.863,206.3602029328591
device_yaw,40.913,204.85429602170382
device_yaw,40.963,203.4103241594175
device_yaw,41.013,202.03202442768287
device_yaw,41.063,200.75303056164475
device_yaw,41.113,199.66808570262083
device_yaw,41.163,198.9192425962643
device_yaw,41.213,198.35458682755515
device_yaw,41.263,198.0536259556942
device_yaw,41.313,198.07892868219244
device_yaw,41.363,198.34947549103737
device_yaw,41.413,198.76729519697682
device_yaw,41.463,199.13045715540693
device_yaw,41.513,199.29878709697294
device_yaw,41.563,199.23801535621425
device_yaw,41.613,198.86404118757065
device_yaw,41.663,198.23646296795903
device_yaw,41.713,197.09229394080384
device_yaw,41.763,195.57620519157973
device_yaw,41.813,193.722231180323
device_yaw,41.863,191.45228292364152
device_yaw,41.913,188.84163692870433
device_yaw,41.963,185.8623685766597
device_yaw,42.013,182.55154437257644
device_yaw,42.063,179.07640759687203
device_yaw,42.113,175.59862989904875
device_yaw,42.163,172.29541879166564
device_yaw,42.213,169.02131295389233
device_yaw,42.263,165.92052913581622
device_yaw,42.313,162.93619134796194
device_yaw,42.363,160.08362981342708
device_yaw,42.413,157.46495835765856
device_yaw,42.463,155.07234881012192
device_yaw,42.513,152.9211934687796
device_yaw,42.563,151.07569360273985
device_yaw,42.613,149.5087802009403
device_yaw,42.663,148.0133149689982
device_yaw,42.713,146.5893325560955
device_yaw,42.763,145.25986715965263
device_yaw,42.813,144.08415583819692
device_yaw,42.863,143.0476627543495
device_yaw,42.913,142.1366041979631
device_yaw,42.963,141.32726111426356
device_yaw,43.013,140.62049447709722
device_yaw,43.063,139.98913252595833
device_yaw,43.113,139.2657055683944
device_yaw,43.163,138.42212235158271
device_yaw,43.213,137.599707126427
device_yaw,43.263,136.67422595438555
device_yaw,43.313,135.62997096360553
device_yaw,43.363,134.48506742010954
device_yaw,43.413,133.24119617111705
device_yaw,43.463,131.96698021303402
device_yaw,43.513,130.67729449111087
device_yaw,43.563,129.37669444913934
device_yaw,43.613,128.10515523548432
device_yaw,43.663,127.01627173831452
device_yaw,43.713,126.15478149043223
device_yaw,43.763,125.45101170255715
device_yaw,43.813,124.93473875888704
device_yaw,43.863,124.61662232808426
device_yaw,43.913,124.50124507533219
device_yaw,43.963,124.6642168493468
device_yaw,44.013,125.03545820230619
device_yaw,44.063,125.46213172661683
device_yaw,44.113,125.92225938830775
device_yaw,44.163,126.41557012040924
device_yaw,44.213,126.85467095302792
device_yaw,44.263,127.19365959517573
device_yaw,44.313,127.41118604569967
device_yaw,44.363,127.49980333851731
device_yaw,44.413,127.71888817218594
device_yaw,44.463,127.91182971958376
device_yaw,44.513,127.96449099068401
device_yaw,44.563,127.81904057644158
device_yaw,44.613,127.63136054670657
gyro_norm,0.063,0.6553940300529706
gyro_norm,0.107,0.568898003567554
gyro_norm,0.147,0.45621389320412875
gyro_norm,0.196,0.5934704378919363
gyro_norm,0.246,0.4605942280077841
gyro_norm,0.299,0.6148720907312505
gyro_norm,0.346,0.48285329131267507
gyro_norm,0.415,0.39338410511935273
gyro_norm,0.454,0.2445146103430827
gyro_norm,0.495,0.2738237655307398
gyro_norm,0.545,0.5375924825664362
gyro_norm,0.597,0.6734047587451738
gyro_norm,0.644,0.5099144403008906
gyro_norm,0.714,0.4922925088766068
gyro_norm,0.752,0.49504867415280096
gyro_norm,0.794,0.5687411114881362
gyro_norm,0.843,0.2739526833130733
gyro_norm,0.893,0.32010667225826556
gyro_norm,0.943,0.5533867361153256
gyro_norm,0.996,0.44854078324010305
gyro_norm,1.042,0.26546890500042886
gyro_norm,1.092,0.39828362513698257
gyro_norm,1.158,0.6076938135408932
gyro_norm,1.192,0.34414544776911266
gyro_norm,1.242,0.28955458660003996
gyro_norm,1.294,0.3903066840366285
gyro_norm,1.341,0.04451553657633903
gyro_norm,1.391,0.10755341685901418
gyro_norm,1.44,0.26252810868112386
gyro_norm,1.49,0.24496271765878314
gyro_norm,1.541,0.5840221734794144
gyro_norm,1.611,0.5362421655295003
gyro_norm,1.669,0.2736934477298536
gyro_norm,1.689,0.4120736292164216
gyro_norm,1.739,0.09314315197021597
gyro_norm,1.789,0.27999637518152387
gyro_norm,1.84,0.2182676635241265
gyro_norm,1.894,0.37608434032391674
gyro_norm,1.951,0.2390152901546958
gyro_norm,1.991,0.2909657180737533
gyro_norm,2.054,0.3324832864463867
gyro_norm,2.087,0.38470697388309033
gyro_norm,2.137,0.42536138607122814
gyro_norm,2.193,0.44754494249335136
gyro_norm,2.238,0.8855317177972074
gyro_norm,2.287,0.9180211530360649
gyro_norm,2.336,1.171915508446416
gyro_norm,2.386,0.4906661877281856
gyro_norm,2.447,0.8273677516279102
gyro_norm,2.506,0.8783190266012539
gyro_norm,2.547,0.9332705771153293
gyro_norm,2.589,1.0880841103563825
gyro_norm,2.635,1.3820938533924312
gyro_norm,2.689,1.2448892879171516
gyro_norm,2.737,1.1397116130100522
gyro_norm,2.801,1.1102759152818504
gyro_norm,2.843,1.0897806039032032
gyro_norm,2.886,0.7101671307448351
gyro_norm,2.933,0.46720566346155346
gyro_norm,2.99,0.3556250867594425
gyro_norm,3.033,0.745644861751699
gyro_norm,3.086,1.3116668592463074
gyro_norm,3.143,1.484913501493951
gyro_norm,3.186,1.0240506316965245
gyro_norm,3.241,2.072504779229808
gyro_norm,3.282,0.6170648686475012
gyro_norm,3.332,0.504362882139491
gyro_norm,3.385,0.5236066705718342
gyro_norm,3.431,0.7908164811451452
gyro_norm,3.502,0.36479251283169606
gyro_norm,3.531,0.28619981343967615
gyro_norm,3.58,0.13360341690516234
gyro_norm,3.653,0.1444152040431375
gyro_norm,3.698,0.4663381408587366
gyro_norm,3.73,0.3632888156349798
gyro_norm,3.779,0.5737639595975721
gyro_norm,3.838,0.5966428185282809
gyro_norm,3.882,0.39228796561635293
gyro_norm,3.937,0.48388249734911204
gyro_norm,3.982,0.31668383996043936
gyro_norm,4.028,0.3555034997798526
gyro_norm,4.078,0.5290605412257783
gyro_norm,4.13,0.5547784202628946
gyro_norm,4.18,0.42251990634697845
gyro_norm,4.233,0.3507939063693195
gyro_norm,4.281,0.6653174200764636
gyro_norm,4.327,0.34889015733088286
gyro_norm,4.379,0.7647973165266467
gyro_norm,4.439,0.7492291423967217
gyro_norm,4.476,0.5776866759569906
gyro_norm,4.526,0.5449890158706798
gyro_norm,4.579,0.4799579388983262
gyro_norm,4.626,0.27389606678070255
gyro_norm,4.69,0.14974668543908065
gyro_norm,4.725,0.3865620594138803
gyro_norm,4.775,0.47103781256898586
gyro_norm,4.825,0.5620715822336514
gyro_norm,4.878,0.4333699029334611
gyro_norm,4.933,0.7535802695858367
gyro_norm,4.976,0.37148593204860286
gyro_norm,5.033,0.46669498071438065
gyro_norm,5.073,0.4552412945784256
gyro_norm,5.123,1.0475664757238063
gyro_norm,5.179,1.1591988538209472
gyro_norm,5.223,1.1682717879337077
gyro_norm,5.275,1.5963162963239494
gyro_norm,5.322,0.9348966924898942
gyro_norm,5.375,1.583345212264076
gyro_norm,5.43,1.0697163616373269
gyro_norm,5.505,1.2678307803134372
gyro_norm,5.526,1.139227686255907
gyro_norm,5.58,1.7732685452924788
gyro_norm,5.623,1.5760130516007018
gyro_norm,5.686,0.8581823112870878
gyro_norm,5.72,0.5094834396404663
gyro_norm,5.773,0.24597710227504307
gyro_norm,5.82,0.5595204873159411
gyro_norm,5.87,1.0023467560845916
gyro_norm,5.92,2.391413478475859
gyro_norm,5.969,1.7795577322853495
gyro_norm,6.041,1.0111797897910155
gyro_norm,6.085,0.6322414544627516
gyro_norm,6.126,1.4047642397286004
gyro_norm,6.171,1.3904337640942115
gyro_norm,6.235,1.3840734588670056
gyro_norm,6.277,1.6372044054847412
gyro_norm,6.32,1.2432831817719954
gyro_norm,6.388,0.8867371004682774
gyro_norm,6.417,0.6553658288010217
gyro_norm,6.467,0.6386364517810008
gyro_norm,6.517,0.7861081603436892
gyro_norm,6.573,1.9795028477146335
gyro_norm,6.619,1.2224832150362095
gyro_norm,6.671,0.7832073430210136
gyro_norm,6.716,0.9654868041847448
gyro_norm,6.765,0.2753969148683251
gyro_norm,6.825,0.5898326064463105
gyro_norm,6.868,0.21685945613657573
gyro_norm,6.926,0.28972137125692393
gyro_norm,6.967,0.8964051903141391
gyro_norm,7.025,1.0731613587082272
gyro_norm,7.064,0.9157982100499055
gyro_norm,7.134,0.9507549424153398
gyro_norm,7.178,0.48435751985697945
gyro_norm,7.213,0.2589698102264661
gyro_norm,7.266,0.2378801856948854
gyro_norm,7.321,0.29224233642482267
gyro_norm,7.363,0.2793680317589052
gyro_norm,7.412,0.26277100433676015
gyro_norm,7.462,0.6433421984614799
gyro_norm,7.512,0.2622339121568615
gyro_norm,7.571,0.47891601438786685
gyro_norm,7.619,0.915650102017191
gyro_norm,7.673,0.37322414551718025
gyro_norm,7.711,0.6308683325693032
gyro_norm,7.771,1.0854114951143474
gyro_norm,7.81,0.9987978364919015
gyro_norm,7.863,0.7598784449709259
gyro_norm,7.918,1.0253361495228548
gyro_norm,7.962,0.985964712489537
gyro_norm,8.009,0.32443192819968725
gyro_norm,8.059,1.0346445111087808
gyro_norm,8.109,1.1959244895168542
gyro_norm,8.175,1.0593900638481557
gyro_norm,8.209,0.9934865766325061
gyro_norm,8.261,1.0337356304346172
gyro_norm,8.315,1.108984105597572
gyro_norm,8.358,1.3802657407966128
gyro_norm,8.423,0.9267846742504562
gyro_norm,8.478,0.614678426685913
gyro_norm,8.52,0.4215565823772537
gyro_norm,8.557,0.3673594827366951
gyro_norm,8.607,0.5153641502690036
gyro_norm,8.656,0.9545289328973529
gyro_norm,8.715,0.6639834047147857
gyro_norm,8.759,0.8582206185260901
gyro_norm,8.816,0.5841201981393797
gyro_norm,8.856,0.9212883398517803
gyro_norm,8.905,0.45185206961450347
gyro_norm,8.955,0.5342737480361338
gyro_norm,9.013,0.43214304159975814
gyro_norm,9.058,0.3564132726397546
gyro_norm,9.122,0.2985511179559585
gyro_norm,9.154,1.953358279588275
gyro_norm,9.215,2.4838990110334924
gyro_norm,9.257,2.1330090392295125
gyro_norm,9.31,1.350685926272075
gyro_norm,9.372,0.5310923056129515
gyro_norm,9.403,0.5834445259022982
gyro_norm,9.453,0.8301964927126712
gyro_norm,9.502,1.112322452033758
gyro_norm,9.556,0.8488186733497289
gyro_norm,9.602,0.63291212597082
gyro_norm,9.654,0.8486397496577319
gyro_norm,9.701,0.7553763464195492
gyro_norm,9.765,0.6064574369568814
gyro_norm,9.801,0.6359779302601367
gyro_norm,9.851,0.6921819461837624
gyro_norm,9.91,0.5809864805488296
gyro_norm,9.953,0.9124132902367955
gyro_norm,10.0,1.4062212824506526
gyro_norm,10.062,0.46973351045249967
gyro_norm,10.108,0.5739572329710464
gyro_norm,10.149,1.033339999517551
gyro_norm,10.199,0.8627242510329987
gyro_norm,10.252,0.2063179528283524
gyro_norm,10.299,0.2317138127664022
gyro_norm,10.348,0.4554565004643446
gyro_norm,10.405,0.5779019232240814
gyro_norm,10.448,0.6176526833574647
gyro_norm,10.498,0.24598338520808757
gyro_norm,10.564,0.9262170476339419
gyro_norm,10.63,0.7203273372637966
gyro_norm,10.652,0.32881660797377404
gyro_norm,10.697,0.30481166897890394
gyro_norm,10.746,0.7701641633198507
gyro_norm,10.796,0.3971307594779994
gyro_norm,10.853,0.4164650699549538
gyro_norm,10.896,0.5736497759741935
gyro_norm,10.952,0.6842909424433588
gyro_norm,10.998,1.1039159062630257
gyro_norm,11.045,0.8236105959596333
gyro_norm,11.103,0.9693231480889395
gyro_norm,11.173,1.0295650801604437
gyro_norm,11.199,0.700329101704412
gyro_norm,11.244,0.33418297162125526
gyro_norm,11.308,0.2159645897023254
gyro_norm,11.344,0.7264683972198114
gyro_norm,11.393,1.0496389824899155
gyro_norm,11.446,1.2269018879312599
gyro_norm,11.493,0.7754158511591229
gyro_norm,11.543,0.7521032302723472
gyro_norm,11.6,0.7142515816083251
gyro_norm,11.645,0.83755535752421
gyro_norm,11.692,0.8098732282647404
gyro_norm,11.753,1.0902000873691182
gyro_norm,11.8,1.2046222904452766
gyro_norm,11.841,0.7042177093635947
gyro_norm,11.904,0.8861694332600397
gyro_norm,11.943,0.829724314924396
gyro_norm,11.999,0.9055115648031844
gyro_norm,12.073,1.804464046010455
gyro_norm,12.098,1.5464239023540947
gyro_norm,12.144,2.014297794293959
gyro_norm,12.19,1.8767481278377225
gyro_norm,12.24,1.4878171402576184
gyro_norm,12.298,1.4635442451819285
gyro_norm,12.343,0.8857050219827053
gyro_norm,12.389,1.0595222198016783
gyro_norm,12.444,1.009331641822939
gyro_norm,12.497,0.5422180462845811
gyro_norm,12.538,0.71782145457113
gyro_norm,12.588,0.3868049230647883
gyro_norm,12.653,0.7806359213133655
gyro_norm,12.699,0.9727331031565986
gyro_norm,12.739,0.7160854639914155
gyro_norm,12.787,0.7029944417855759
gyro_norm,12.837,0.6333114615987595
gyro_norm,12.886,0.6726565400103708
gyro_norm,12.939,0.36895108359676587
gyro_norm,12.986,0.2543200953113223
gyro_norm,13.036,0.3797582300533841
gyro_norm,13.092,0.33734918347237675
gyro_norm,13.149,0.18746124487135923
gyro_norm,13.185,0.29226616729056903
gyro_norm,13.238,0.31304066137626624
gyro_norm,13.284,0.35384083390127685
gyro_norm,13.334,0.34174809786229865
gyro_norm,13.393,0.4895512109035118
gyro_norm,13.454,0.30460879370271493
gyro_norm,13.484,0.32391405390848726
gyro_norm,13.536,0.2929010625876839
gyro_norm,13.583,0.20450019923565593
gyro_norm,13.633,0.4110155718859838
gyro_norm,13.683,0.9448486525102493
gyro_norm,13.736,2.711979307878143
gyro_norm,13.809,2.9707246492549464
gyro_norm,13.84,2.852051834553164
gyro_norm,13.889,2.462712477030556
gyro_norm,13.938,1.9811701522696412
gyro_norm,13.985,0.6440315219623515
gyro_norm,14.031,0.9929937421145675
gyro_norm,14.084,0.6044197451459811
gyro_norm,14.134,0.3128664202162532
gyro_norm,14.18,0.7254769869576173
gyro_norm,14.23,0.7705251305180097
gyro_norm,14.28,0.6990270677333656
gyro_norm,14.34,0.3971971581215411
gyro_norm,14.385,0.29204461036022294
gyro_norm,14.432,0.5876790307478179
gyro_norm,14.479,0.636658326476073
gyro_norm,14.529,0.3657565113852171
gyro_norm,14.578,0.6196934107237112
gyro_norm,14.628,0.5056456279429811
gyro_norm,14.678,0.70899340260008
gyro_norm,14.731,0.46160646673914923
gyro_norm,14.777,0.49464394867895545
gyro_norm,14.827,0.9679302139367238
gyro_norm,14.883,0.5401920684080929
gyro_norm,14.927,0.629024263950497
gyro_norm,14.977,0.23220409813716728
gyro_norm,15.03,0.253670560923636
gyro_norm,15.076,0.32564399302606833
gyro_norm,15.128,0.4079979190264233
gyro_norm,15.176,0.4389334627522309
gyro_norm,15.225,0.5407429779219894
gyro_norm,15.284,0.39763000744589616
gyro_norm,15.329,0.5473042561467244
gyro_norm,15.375,0.19910241444135873
gyro_norm,15.424,0.4426671337427008
gyro_norm,15.474,0.4194100557670698
gyro_norm,15.524,0.48494599450231024
gyro_norm,15.599,0.2861264417539818
gyro_norm,15.642,0.7845897180934622
gyro_norm,15.684,0.8891581391997865
gyro_norm,15.723,0.6261300954409746
gyro_norm,15.773,0.7181277370139831
gyro_norm,15.823,0.4749005977300727
gyro_norm,15.872,0.8879053533262397
gyro_norm,15.924,0.2845550488264951
gyro_norm,15.974,0.2560775003837023
gyro_norm,16.028,0.26657715601773385
gyro_norm,16.071,0.21314721673585607
gyro_norm,16.121,0.40136847287691757
gyro_norm,16.171,0.3233041096913044
gyro_norm,16.241,0.6622242952064135
gyro_norm,16.288,0.551989967483703
gyro_norm,16.32,0.22880753520060712
gyro_norm,16.383,0.6252874010432277
gyro_norm,16.423,0.49311351032705664
gyro_norm,16.469,0.5096066922602371
gyro_norm,16.521,0.6413177880113461
gyro_norm,16.578,0.5875579418333661
gyro_norm,16.619,0.47993387429130385
gyro_norm,16.669,0.6578074537298106
gyro_norm,16.718,0.5492807361568665
gyro_norm,16.793,0.45943607722771324
gyro_norm,16.822,0.2530735320781409
gyro_norm,16.874,0.5001511556344214
gyro_norm,16.921,0.5670015074626895
gyro_norm,16.967,0.4206772100978584
gyro_norm,17.017,0.6176155911154639
gyro_norm,17.083,0.43996211438480426
gyro_norm,17.12,0.9604475849653127
gyro_norm,17.166,0.4393970008345673
gyro_norm,17.223,0.2486754856323095
gyro_norm,17.266,0.22577779096990439
gyro_norm,17.318,0.14755687229357325
gyro_norm,17.365,0.30759073266318127
gyro_norm,17.419,0.3611097262346598
gyro_norm,17.465,0.5976013399954903
gyro_norm,17.515,0.7148731987999967
gyro_norm,17.564,0.46607791599227477
gyro_norm,17.614,0.275530917950031
gyro_norm,17.664,0.33388775797327863
gyro_norm,17.717,0.734409176625372
gyro_norm,17.763,0.6695797990056117
gyro_norm,17.813,0.06563897615759966
gyro_norm,17.878,0.8641600407679667
gyro_norm,17.913,0.5584007276504784
gyro_norm,17.962,0.619596268687941
gyro_norm,18.034,0.795147339407862
gyro_norm,18.065,0.41045603668918407
gyro_norm,18.112,0.41780325449513456
gyro_norm,18.172,0.4912218832569444
gyro_norm,18.214,0.5204714745200133
gyro_norm,18.261,0.563917816132078
gyro_norm,18.314,0.4215672690210142
gyro_norm,18.369,0.7138506153371199
gyro_norm,18.41,0.36539465376396435
gyro_norm,18.473,0.2848319686550203
gyro_norm,18.51,0.39570770163650576
gyro_norm,18.56,0.38508472469051935
gyro_norm,18.625,0.4780162470873303
gyro_norm,18.67,0.762137274969147
gyro_norm,18.709,0.879702339140403
gyro_norm,18.761,0.5755051578202409
gyro_norm,18.812,0.3895062233422173
gyro_norm,18.858,0.6716246052477445
gyro_norm,18.91,0.3288991055218271
gyro_norm,18.958,0.2459722529648726
gyro_norm,19.007,0.3449279715150061
gyro_norm,19.068,0.5820789135582454
gyro_norm,19.111,0.4039917700607319
gyro_norm,19.157,0.7153203569087719
gyro_norm,19.21,0.9225531036026147
gyro_norm,19.263,0.693998723667552
gyro_norm,19.306,0.5634947496304683
gyro_norm,19.356,0.6430163726465296
gyro_norm,19.408,0.6317072167354726
gyro_norm,19.455,0.5443127450911541
gyro_norm,19.51,0.3021280528992323
gyro_norm,19.555,0.35681150299943415
gyro_norm,19.62,0.34105196377283564
gyro_norm,19.654,0.2004688177306392
gyro_norm,19.729,0.21895574204543494
gyro_norm,19.754,0.30608363648614473
gyro_norm,19.815,0.39656138135505475
gyro_norm,19.863,0.4916865421189076
gyro_norm,19.903,0.5082694479521098
gyro_norm,19.953,0.542263035778697
gyro_norm,20.003,0.9069711963104236
gyro_norm,20.053,0.5918211750870706
gyro_norm,20.109,0.849116275520457
gyro_norm,20.152,0.6175907249796001
gyro_norm,20.202,0.25802079413228046
gyro_norm,20.252,0.47134881266536116
gyro_norm,20.302,0.308272895664002
gyro_norm,20.377,0.4520251078789716
gyro_norm,20.405,0.2971967476899469
gyro_norm,20.457,0.5697431719717583
gyro_norm,20.5,0.21484928184295357
gyro_norm,20.55,0.39469481924117844
gyro_norm,20.6,0.4973845941615034
gyro_norm,20.682,0.3882136692696709
gyro_norm,20.706,0.3618579293410369
gyro_norm,20.749,0.5298024375374772
gyro_norm,20.799,0.2334470176655276
gyro_norm,20.849,0.22952676828441906
gyro_norm,20.899,0.32632640135838836
gyro_norm,20.949,0.3092522267132629
gyro_norm,21.021,0.42728654273923455
gyro_norm,21.048,0.6448204108598667
gyro_norm,21.098,0.44350139678311823
gyro_norm,21.147,0.2970815930609152
gyro_norm,21.21,0.5119632921731638
gyro_norm,21.247,0.38736271589446486
gyro_norm,21.304,0.5475979609767484
gyro_norm,21.346,0.3169895533569958
gyro_norm,21.396,0.22434515755247875
gyro_norm,21.455,0.1652048026799647
gyro_norm,21.514,0.41607418135475627
gyro_norm,21.558,0.6776370091056523
gyro_norm,21.615,0.45862662987409814
gyro_norm,21.653,0.5638419994656619
gyro_norm,21.697,0.5155851284774542
gyro_norm,21.745,0.4627356451970067
gyro_norm,21.794,0.39090510341957974
gyro_norm,21.852,0.18968517538034932
gyro_norm,21.914,0.45193576006377134
gyro_norm,21.956,0.271202719280799
gyro_norm,22.005,0.3439550025465345
gyro_norm,22.043,0.4933725759910856
gyro_norm,22.096,0.12893298859557645
gyro_norm,22.149,0.3779545583506537
gyro_norm,22.196,0.33345583405680396
gyro_norm,22.245,0.2904571623156136
gyro_norm,22.292,0.4442152770881223
gyro_norm,22.35,0.6457660529465062
gyro_norm,22.394,0.7640994231028883
gyro_norm,22.441,0.5395323393810348
gyro_norm,22.519,0.3269605483611649
gyro_norm,22.558,0.27025364539036006
gyro_norm,22.591,0.21338352696161728
gyro_norm,22.64,0.21046408882310183
gyro_norm,22.69,0.33691916478321987
gyro_norm,22.746,0.519072303975713
gyro_norm,22.793,0.43009373802034695
gyro_norm,22.848,0.38006683438630756
gyro_norm,22.903,0.462768521653784
gyro_norm,22.939,0.4674527916166255
gyro_norm,22.991,0.6931014629692106
gyro_norm,23.038,0.45796875966192263
gyro_norm,23.091,0.16537221460202287
gyro_norm,23.138,0.028235783454720706
gyro_norm,23.191,0.3649737353993969
gyro_norm,23.237,0.493921950804271
gyro_norm,23.287,0.5494114183104755
gyro_norm,23.344,0.1851341896175696
gyro_norm,23.39,0.3583209409915692
gyro_norm,23.437,0.24481923740638373
gyro_norm,23.499,0.7690698444225794
gyro_norm,23.536,0.6355230500608517
gyro_norm,23.586,0.8773893864180773
gyro_norm,23.644,0.9006067923138568
gyro_norm,23.689,0.16269776498820965
gyro_norm,23.735,0.3791014229285961
gyro_norm,23.785,0.4910036127181298
gyro_norm,23.835,0.5911457055702369
gyro_norm,23.891,0.2816386219590791
gyro_norm,23.937,0.9679301678438215
gyro_norm,23.986,0.43041874496500077
gyro_norm,24.034,0.7697369080304188
gyro_norm,24.083,0.4589907560049407
gyro_norm,24.133,0.5184613851227087
gyro_norm,24.186,0.13601492682299526
gyro_norm,24.233,0.1486769988191831
gyro_norm,24.286,0.23710085401703251
gyro_norm,24.332,0.3613115858890622
gyro_norm,24.382,0.28339695784991015
gyro_norm,24.447,0.22368680036387728
gyro_norm,24.485,0.5291728061379167
gyro_norm,24.538,0.518587711469782
gyro_norm,24.584,0.43936772491543374
gyro_norm,24.639,0.26917487671548285
gyro_norm,24.681,0.3606323511892545
gyro_norm,24.743,0.35178437630497367
gyro_norm,24.78,0.4406032109624056
gyro_norm,24.848,0.5985730792465557
gyro_norm,24.883,0.18800834643653358
gyro_norm,24.93,0.19405309667405546
gyro_norm,24.979,0.3598560015413707
gyro_norm,25.029,0.42920611787210783
gyro_norm,25.079,0.40637388656514484
gyro_norm,25.137,0.27999334595401565
gyro_norm,25.193,0.4931665253425734
gyro_norm,25.228,0.3283360452706239
gyro_norm,25.278,0.36005758256360193
gyro_norm,25.328,0.411866945492958
gyro_norm,25.382,0.5972860836869353
gyro_norm,25.427,0.6191433688317657
gyro_norm,25.48,0.49021574392086964
gyro_norm,25.527,0.2285784721018816
gyro_norm,25.59,0.48108048647011625
gyro_norm,25.634,0.3490885071573266
gyro_norm,25.678,0.7367680596413075
gyro_norm,25.726,1.6508594576095301
gyro_norm,25.778,1.328859081589755
gyro_norm,25.845,1.3394085996658363
gyro_norm,25.875,1.4532523641521014
gyro_norm,25.925,0.7692454762874227
gyro_norm,25.988,0.42729680232845074
gyro_norm,26.024,0.6252021236072427
gyro_norm,26.079,0.7710361140385442
gyro_norm,26.132,0.5836602087002767
gyro_norm,26.174,0.5922296748841065
gyro_norm,26.223,0.6757298421973765
gyro_norm,26.273,0.6365460074323521
gyro_norm,26.329,0.3480047430553457
gyro_norm,26.383,0.37758819022361867
gyro_norm,26.422,0.6391491854379677
gyro_norm,26.475,0.9013832918518653
gyro_norm,26.522,0.8735238954020267
gyro_norm,26.572,0.8191524589277434
gyro_norm,26.624,0.7121968122490663
gyro_norm,26.69,0.7634173617553975
gyro_norm,26.721,0.686273399918037
gyro_norm,26.771,0.7697088788110595
gyro_norm,26.829,1.0850854235305485
gyro_norm,26.87,1.5123254692486292
gyro_norm,26.933,0.5669188749724212
gyro_norm,26.995,0.8443223139814015
gyro_norm,27.024,0.5002855236602316
gyro_norm,27.069,0.8681846594282365
gyro_norm,27.119,1.0656705321943019
gyro_norm,27.169,1.1819943732027314
gyro_norm,27.23,1.3244227192100098
gyro_norm,27.272,1.3567526931288736
gyro_norm,27.336,0.8356710968660993
gyro_norm,27.37,0.39390544512063813
gyro_norm,27.418,0.3933491124501254
gyro_norm,27.467,0.3723672722386902
gyro_norm,27.517,0.6279175184638478
gyro_norm,27.596,0.4940816880467692
gyro_norm,27.623,0.5113553821922021
gyro_norm,27.67,1.3042760951209258
gyro_norm,27.716,1.1349371237746726
gyro_norm,27.766,0.7298877375898022
gyro_norm,27.816,0.8497956705483722
gyro_norm,27.886,1.0353763019324116
gyro_norm,27.923,0.9326791863087086
gyro_norm,27.965,0.5593250594913681
gyro_norm,28.015,0.6636044623734689
gyro_norm,28.065,0.6735182749629682
gyro_norm,28.114,0.5737819411352271
gyro_norm,28.178,0.8657989109806912
gyro_norm,28.214,0.4447596807949743
gyro_norm,28.264,0.3542109218829748
gyro_norm,28.314,0.1449061039459012
gyro_norm,28.363,0.3119957973036938
gyro_norm,28.413,0.2350134115830808
gyro_norm,28.475,0.22998741424010608
gyro_norm,28.513,0.5253429308655022
gyro_norm,28.576,0.4838393893789747
gyro_norm,28.612,0.8210735915579852
gyro_norm,28.67,0.3010264851414793
gyro_norm,28.712,0.33260444018491336
gyro_norm,28.765,0.4396704461695054
gyro_norm,28.814,0.5250161988073193
gyro_norm,28.865,0.5922737093203239
gyro_norm,28.918,0.49554888347310155
gyro_norm,28.961,0.4252615225025612
gyro_norm,29.01,0.45719616591429213
gyro_norm,29.063,0.29201325200615125
gyro_norm,29.122,0.2695986886407848
gyro_norm,29.162,0.25330622791781326
gyro_norm,29.209,0.1646332582834142
gyro_norm,29.259,0.1649988871275621
gyro_norm,29.309,0.2985531010034978
gyro_norm,29.361,0.41727505290707234
gyro_norm,29.415,0.8696620161745174
gyro_norm,29.461,0.5255560824732225
gyro_norm,29.517,0.5346676084419508
gyro_norm,29.558,0.5214681442072874
gyro_norm,29.623,0.2794595344842023
gyro_norm,29.661,0.5048289846490066
gyro_norm,29.715,0.7899061577530362
gyro_norm,29.759,1.0413275264459187
gyro_norm,29.807,0.8901245289526442
gyro_norm,29.859,0.7656789878019203
gyro_norm,29.906,0.7065820932349994
gyro_norm,29.975,0.5061173266465314
gyro_norm,30.006,0.28726797663065456
gyro_norm,30.07,0.49669118650083993
gyro_norm,30.114,0.860567778812619
gyro_norm,30.155,0.4315296077662601
gyro_norm,30.213,1.1486992671863403
gyro_norm,30.275,0.9606452056141717
gyro_norm,30.309,0.5346323567012885
gyro_norm,30.366,0.8561775659384676
gyro_norm,30.404,0.6300311892594355
gyro_norm,30.453,0.3581788953908973
gyro_norm,30.503,0.34212039051474424
gyro_norm,30.559,0.17509621726612729
gyro_norm,30.603,0.43187412261713415
gyro_norm,30.661,0.6146135039287395
gyro_norm,30.722,0.5537318482156998
gyro_norm,30.752,0.19700540168725802
gyro_norm,30.802,0.23905014176823902
gyro_norm,30.855,0.49781708942399194
gyro_norm,30.901,0.4234656594292602
gyro_norm,30.951,0.40453236261812714
gyro_norm,31.003,0.2759532431591361
gyro_norm,31.051,0.516269346362677
gyro_norm,31.1,0.4385668620716459
gyro_norm,31.168,0.8061848548067911
gyro_norm,31.213,0.40278847936049644
gyro_norm,31.25,0.44993621698466113
gyro_norm,31.312,0.43867835337184113
gyro_norm,31.349,0.2178249741980132
gyro_norm,31.409,0.44650827849099795
gyro_norm,31.452,0.5575629348843955
gyro_norm,31.506,0.30404641488238926
gyro_norm,31.548,0.2284762262678637
gyro_norm,31.598,0.19284052152078934
gyro_norm,31.648,0.36802428922682456
gyro_norm,31.697,0.39122262377247113
gyro_norm,31.759,0.2809958861234971
gyro_norm,31.797,0.7822467963035304
gyro_norm,31.847,0.494491769474021
gyro_norm,31.916,0.43090045332810784
gyro_norm,31.946,0.5026859667252225
gyro_norm,31.996,0.2816040980545014
gyro_norm,32.055,0.47437074582357486
gyro_norm,32.096,0.14589106420514075
gyro_norm,32.15,0.5101572008778382
gyro_norm,32.195,0.25047656873269414
gyro_norm,32.248,0.29885499014723976
gyro_norm,32.304,0.3602032704517489
gyro_norm,32.355,0.2081259959482956
gyro_norm,32.394,0.342876138911795
gyro_norm,32.446,0.8317410134993539
gyro_norm,32.502,0.9075182309892484
gyro_norm,32.562,0.6634190031210654
gyro_norm,32.603,0.6758711876030996
gyro_norm,32.646,0.6269215852500774
gyro_norm,32.701,0.5902200163874326
gyro_norm,32.745,0.5603697637665358
gyro_norm,32.801,0.2929684603225508
gyro_norm,32.842,0.3278565488301728
gyro_norm,32.894,0.4211872549005155
gyro_norm,32.944,0.5755218377579763
gyro_norm,33.004,0.3119321487850965
gyro_norm,33.041,0.26505282091099946
gyro_norm,33.091,0.7872088630542753
gyro_norm,33.144,0.5229504991670961
gyro_norm,33.199,0.787873070102794
gyro_norm,33.244,0.5419159504402485
gyro_norm,33.29,0.36838324745152107
gyro_norm,33.34,0.11173281608208992
gyro_norm,33.406,0.6252941359423921
gyro_norm,33.439,0.5031031167029101
gyro_norm,33.502,0.30392586869516547
gyro_norm,33.542,0.6471994218835345
gyro_norm,33.595,0.7834465986880438
gyro_norm,33.642,0.18150577017143388
gyro_norm,33.688,0.6469981799738196
gyro_norm,33.74,0.584117510435808
gyro_norm,33.796,0.7026357783196048
gyro_norm,33.841,0.7036504183561589
gyro_norm,33.912,0.5533505112939706
gyro_norm,33.949,0.5398837940899266
gyro_norm,33.987,0.5151214074439863
gyro_norm,34.036,0.1061464637902342
gyro_norm,34.095,0.08614244656964166
gyro_norm,34.139,0.3635279088902828
gyro_norm,34.186,0.33428365616898886
gyro_norm,34.239,0.6117998638567808
gyro_norm,34.285,0.3849840886614517
gyro_norm,34.342,0.3861604938860754
gyro_norm,34.393,0.5687465002600425
gyro_norm,34.454,0.7330926036242359
gyro_norm,34.484,0.3176203814626902
gyro_norm,34.536,0.672572086384855
gyro_norm,34.595,0.7880671849965519
gyro_norm,34.638,1.102248356969769
gyro_norm,34.688,0.8059872966811604
gyro_norm,34.737,0.1892422317268159
gyro_norm,34.789,0.4662207785989322
gyro_norm,34.835,0.4717207049671577
gyro_norm,34.882,0.3043428497523878
gyro_norm,34.932,0.22291334271749616
gyro_norm,34.99,0.5574676544315849
gyro_norm,35.035,0.3845561596955716
gyro_norm,35.081,0.7285787281692332
gyro_norm,35.136,0.7934438399854021
gyro_norm,35.181,0.8216627872912544
gyro_norm,35.231,0.8517301114573469
gyro_norm,35.281,0.1079105493353052
gyro_norm,35.333,0.1985014262166053
gyro_norm,35.383,0.3173490265302805
gyro_norm,35.443,0.32989209778036627
gyro_norm,35.48,1.0515967291251018
gyro_norm,35.529,1.2823696601497807
gyro_norm,35.579,0.7497038436166176
gyro_norm,35.632,0.35374032219342694
gyro_norm,35.691,0.5072813702625403
gyro_norm,35.731,0.9079192162434659
gyro_norm,35.778,0.6735995068898989
gyro_norm,35.828,0.7488000991961171
gyro_norm,35.886,0.5091328397753793
gyro_norm,35.93,0.7446699443976258
gyro_norm,35.977,0.673429433304549
gyro_norm,36.027,0.7435208857855407
gyro_norm,36.097,0.637514574393878
gyro_norm,36.127,1.1161165933721269
gyro_norm,36.176,0.5636607139513675
gyro_norm,36.229,0.45737943280201215
gyro_norm,36.284,0.42124749449039367
gyro_norm,36.326,0.2762893944922298
gyro_norm,36.376,0.3615980487864475
gyro_norm,36.425,0.18613911860430907
gyro_norm,36.475,0.48027487137590436
gyro_norm,36.528,0.4620479059684451
gyro_norm,36.583,0.3082183191385021
gyro_norm,36.627,0.593636697028603
gyro_norm,36.674,0.39227582994122134
gyro_norm,36.73,0.4143925093909201
gyro_norm,36.773,0.5071031939958196
gyro_norm,36.827,0.435194460477496
gyro_norm,36.873,0.5580626209750306
gyro_norm,36.943,0.5211976228583342
gyro_norm,36.981,0.3805482955148189
gyro_norm,37.022,0.09424501035768122
gyro_norm,37.072,0.4273474314768478
gyro_norm,37.126,0.2319507661345027
gyro_norm,37.172,0.3931089785990168
gyro_norm,37.236,0.48402075050438703
gyro_norm,37.28,0.7708417764172074
gyro_norm,37.321,0.5046052782409411
gyro_norm,37.371,0.5529307879453851
gyro_norm,37.424,0.4772256257752127
gyro_norm,37.47,0.29468110119382834
gyro_norm,37.52,0.4164479858913432
gyro_norm,37.572,0.14483680196176363
gyro_norm,37.619,0.5248234793959893
gyro_norm,37.669,0.2476244469411595
gyro_norm,37.722,0.43626154867750594
gyro_norm,37.769,0.5155811932460218
gyro_norm,37.819,0.10855526768262323
gyro_norm,37.895,0.21936168641765355
gyro_norm,37.924,0.6211374464604263
gyro_norm,37.977,0.35989954421802356
gyro_norm,38.029,0.2998077813122513
gyro_norm,38.067,0.40275449142914815
gyro_norm,38.117,0.8826158608375216
gyro_norm,38.176,0.9189862247185877
gyro_norm,38.217,0.2523264577119723
gyro_norm,38.266,0.2669481839707779
gyro_norm,38.319,0.1207104811810996
gyro_norm,38.366,0.33300058223244433
gyro_norm,38.416,0.38263616549009943
gyro_norm,38.48,0.604255515466766
gyro_norm,38.522,0.7104370244592793
gyro_norm,38.565,0.7758219932999543
gyro_norm,38.623,0.6066118672041866
gyro_norm,38.672,0.5605927523125938
gyro_norm,38.717,0.46016039219542426
gyro_norm,38.764,0.5064541448501256
gyro_norm,38.817,0.3997897799724408
gyro_norm,38.864,0.06110628898260834
gyro_norm,38.916,0.1264704677855027
gyro_norm,38.963,0.27627293440051665
gyro_norm,39.016,0.8580576309606015
gyro_norm,39.063,0.37870988866102695
gyro_norm,39.119,0.683928644286267
gyro_norm,39.162,0.9385637961987441
gyro_norm,39.215,0.3929679243405698
gyro_norm,39.262,0.5733540200389448
gyro_norm,39.314,0.5513930531210522
gyro_norm,39.362,0.7337438544413358
gyro_norm,39.411,0.6069059855577239
gyro_norm,39.461,0.13054319133542125
gyro_norm,39.514,0.4078844467275712
gyro_norm,39.56,0.49087009583797003
gyro_norm,39.616,0.3313464689929629
gyro_norm,39.66,0.29693837619827246
gyro_norm,39.71,0.5326299220726626
gyro_norm,39.762,0.6165898470651873
gyro_norm,39.829,0.6589986318264396
gyro_norm,39.859,0.48676945134899874
gyro_norm,39.911,0.556468356195755
gyro_norm,39.958,0.33163251433664187
gyro_norm,40.008,0.24700831551142372
gyro_norm,40.071,0.569332308659701
gyro_norm,40.118,0.24686124976970106
gyro_norm,40.157,0.47856056840067435
gyro_norm,40.207,0.41271359450844136
gyro_norm,40.265,0.5068891816378587
gyro_norm,40.307,0.5921242958332695
gyro_norm,40.357,0.4347461257517318
gyro_norm,40.428,0.49989583457625575
gyro_norm,40.456,0.4744660648549309
gyro_norm,40.506,0.3887636326630765
gyro_norm,40.556,0.8140738398116626
gyro_norm,40.611,0.18893653959612897
gyro_norm,40.665,0.3034456552480988
gyro_norm,40.708,0.3263149368017535
gyro_norm,40.755,0.5729979685618533
gyro_norm,40.804,0.8783623624292236
gyro_norm,40.865,0.5308799190591044
gyro_norm,40.904,0.5458092668230379
gyro_norm,40.973,1.5593115104148094
gyro_norm,41.019,1.4865321550076178
gyro_norm,41.061,0.9500496698812656
gyro_norm,41.106,0.6817534802074363
gyro_norm,41.153,0.6179779505932199
gyro_norm,41.203,0.2998468710846805
gyro_norm,41.252,0.47692160721557697
gyro_norm,41.305,0.7657524564968891
gyro_norm,41.361,0.8870569344364004
gyro_norm,41.415,0.7025428943494365
gyro_norm,41.456,0.17663047027692927
gyro_norm,41.501,0.8498653121998112
gyro_norm,41.551,0.6824921191937643
gyro_norm,41.605,0.11312082132914494
gyro_norm,41.65,0.42102421850082017
gyro_norm,41.7,0.4580217345227442
gyro_norm,41.75,1.0170359843583319
gyro_norm,41.814,1.120193237926681
gyro_norm,41.855,0.9689404401274208
gyro_norm,41.92,0.9553840561830406
gyro_norm,41.97,1.2815458561474269
gyro_norm,42.013,0.9299947539666946
gyro_norm,42.058,1.2953911514305056
gyro_norm,42.101,1.3943734614014522
gyro_norm,42.165,1.398410975210163
gyro_norm,42.207,1.5240543375521423
gyro_norm,42.252,1.4089587184827173
gyro_norm,42.311,0.8914545137916708
gyro_norm,42.353,0.4908774132421375
gyro_norm,42.409,0.41190666157240274
gyro_norm,42.448,0.40823778116747095
gyro_norm,42.501,1.0189989594554436
gyro_norm,42.554,0.7584549250810231
gyro_norm,42.596,0.42564161711891724
gyro_norm,42.654,0.6930973469875423
gyro_norm,42.698,0.5540550800339803
gyro_norm,42.745,0.8145046388104825
gyro_norm,42.798,0.6020582055842182
gyro_norm,42.858,0.3041941050974371
gyro_norm,42.898,0.7428140973732624
gyro_norm,42.944,0.3669315493654084
gyro_norm,42.994,0.19620015819601638
gyro_norm,43.051,0.3359008703248212
gyro_norm,43.096,0.33795906229807243
gyro_norm,43.143,0.3989403987554734
gyro_norm,43.207,0.49582229399463035
gyro_norm,43.243,0.14097456446891718
gyro_norm,43.293,0.490388486405247
gyro_norm,43.351,0.9801952840352687
gyro_norm,43.399,0.7405522913515213
gyro_norm,43.442,0.638796786221769
gyro_norm,43.494,0.6439969078100896
gyro_norm,43.542,0.6784732436057718
gyro_norm,43.591,0.5893298536340719
gyro_norm,43.65,0.6065687666636985
gyro_norm,43.712,0.3918041246258119
gyro_norm,43.747,0.3926257712834043
gyro_norm,43.81,0.32538173506156143
gyro_norm,43.84,0.48025688578068704
gyro_norm,43.896,0.8218374612519778
gyro_norm,43.94,0.7331136666386667
gyro_norm,44.009,0.8233405974648595
gyro_norm,44.046,0.6726798816316201
gyro_norm,44.089,0.3414595644499307
gyro_norm,44.144,0.4434928197878302
gyro_norm,44.188,0.38145980016755476
gyro_norm,44.246,0.46069993556231265
gyro_norm,44.308,0.9150332584967937
gyro_norm,44.338,0.6674353685302106
gyro_norm,44.387,1.0321725922290346
gyro_norm,44.437,0.6980777989329944
gyro_norm,44.487,0.5341631438427209
gyro_norm,44.543,0.722664864458623
gyro_norm,44.604,0.46117610222286903
gyro_norm,44.645,0.3703653303901588
gyro_norm,44.686,0.36202728898166825
gyro_norm,44.738,0.11881593098826426
