sensor,time_s,value
dynamic_accel,0.002,-1.4909613496244312
dynamic_accel,0.052,0.6722046352934026
dynamic_accel,0.102,0.8641285965089516
dynamic_accel,0.152,0.3665868723798482
dynamic_accel,0.202,-0.14102379254486408
dynamic_accel,0.252,-0.20250756728941965
dynamic_accel,0.302,-0.3600977274774415
dynamic_accel,0.352,-0.40013471496122577
dynamic_accel,0.402,0.12437262388547943
dynamic_accel,0.452,-0.09376764518925462
dynamic_accel,0.502,0.3884247217501393
dynamic_accel,0.552,0.033102054687708105
dynamic_accel,0.602,0.3290613203604771
dynamic_accel,0.652,0.563610873675831
dynamic_accel,0.702,-0.09650116285562405
dynamic_accel,0.752,-0.46602507555213
dynamic_accel,0.802,-1.2593572715076906
dynamic_accel,0.852,1.6710720909947288
dynamic_accel,0.902,-1.0860387972889818
dynamic_accel,0.952,-0.3344406669666089
dynamic_accel,1.002,0.8612122562188205
dynamic_accel,1.052,-0.028191939524628395
dynamic_accel,1.102,0.2732950719909901
dynamic_accel,1.152,-0.30331874552207694
dynamic_accel,1.202,-0.051109390051657044
dynamic_accel,1.252,0.04772922350913511
dynamic_accel,1.302,0.12776936405194128
dynamic_accel,1.352,-0.07611774798666815
dynamic_accel,1.402,-0.09405617611503203
dynamic_accel,1.452,0.06711459116437446
dynamic_accel,1.502,-0.2966771123316807
dynamic_accel,1.552,0.08975183548141175
dynamic_accel,1.602,-0.22096356200414036
dynamic_accel,1.652,-0.66743284869567
dynamic_accel,1.702,-0.6200567625898383
dynamic_accel,1.752,0.1844772193634956
dynamic_accel,1.802,0.6661321789466275
dynamic_accel,1.852,0.33238636449634207
dynamic_accel,1.902,1.0286960380375767
dynamic_accel,1.952,0.8905136376288336
dynamic_accel,2.002,0.6048865460314481
dynamic_accel,2.052,1.5188516863494392
dynamic_accel,2.102,-0.09858622182160026
dynamic_accel,2.152,-1.4748861137748044
dynamic_accel,2.202,-1.330641971283729
dynamic_accel,2.252,-1.0967271064374167
dynamic_accel,2.302,-1.1464722919038106
dynamic_accel,2.352,-0.8158014002118286
dynamic_accel,2.402,-0.8068069190132938
dynamic_accel,2.452,-0.20420635282465938
dynamic_accel,2.502,0.3759751314119839
dynamic_accel,2.552,0.4028514079745147
dynamic_accel,2.602,0.9419844933997918
dynamic_accel,2.652,2.2730558141897923
dynamic_accel,2.702,1.6780928131446835
dynamic_accel,2.752,2.347112723864038
dynamic_accel,2.802,0.3352851605793816
dynamic_accel,2.852,-1.0639106093424378
dynamic_accel,2.902,-2.6373920288295576
dynamic_accel,2.952,-2.492557298776881
dynamic_accel,3.002,-1.475126213952187
dynamic_accel,3.052,-0.8492613896856014
dynamic_accel,3.102,0.20828949013822573
dynamic_accel,3.152,0.3834018856623853
dynamic_accel,3.202,1.3659043940585747
dynamic_accel,3.252,2.0327369295550746
dynamic_accel,3.302,1.4551443260227153
dynamic_accel,3.352,2.495948642709834
dynamic_accel,3.402,0.9608472639277821
dynamic_accel,3.452,-1.1584134183191566
dynamic_accel,3.502,-2.741881838528214
dynamic_accel,3.552,-2.9902103389715284
dynamic_accel,3.602,-2.89896712382599
dynamic_accel,3.652,-1.2195011777493576
dynamic_accel,3.702,0.11508981443576616
dynamic_accel,3.752,1.1800575295215925
dynamic_accel,3.802,0.9661506355301981
dynamic_accel,3.852,2.8431483980638106
dynamic_accel,3.902,4.563768005723265
dynamic_accel,3.952,3.0503275600039945
dynamic_accel,4.002,2.1169614387104403
dynamic_accel,4.052,-1.0088192687653024
dynamic_accel,4.102,-2.9695390761339873
dynamic_accel,4.152,-5.617300950923836
dynamic_accel,4.202,-4.858260761900436
dynamic_accel,4.252,-4.044969832805911
dynamic_accel,4.302,-1.2106999986844968
dynamic_accel,4.352,1.8783505657557882
dynamic_accel,4.402,4.402339254211981
dynamic_accel,4.452,4.518008709499695
dynamic_accel,4.502,4.937587933586645
dynamic_accel,4.552,2.7288617905741965
dynamic_accel,4.602,0.3540225009029747
dynamic_accel,4.652,-1.0153607343789108
dynamic_accel,4.702,-2.2795841227131284
dynamic_accel,4.752,-3.1635696066496655
dynamic_accel,4.802,-2.5545077517379866
dynamic_accel,4.852,-2.7542875479459417
dynamic_accel,4.902,-3.324110067797954
dynamic_accel,4.952,-2.4261018266899796
dynamic_accel,5.002,1.6301289540882404
dynamic_accel,5.052,6.245690264652868
dynamic_accel,5.102,6.611061445514178
dynamic_accel,5.152,3.934994876999525
dynamic_accel,5.202,0.2247922514956997
dynamic_accel,5.252,-4.313655132442632
dynamic_accel,5.302,-5.380394171588665
dynamic_accel,5.352,-5.232449208482764
dynamic_accel,5.402,-3.723988768308221
dynamic_accel,5.452,0.2056519938352004
dynamic_accel,5.502,1.8736293224188394
dynamic_accel,5.552,3.4530606424904047
dynamic_accel,5.602,4.485556616721485
dynamic_accel,5.652,5.961680990744139
dynamic_accel,5.702,3.1491817568223706
dynamic_accel,5.752,-0.6786784047572425
dynamic_accel,5.802,-2.2494991005378075
dynamic_accel,5.852,-3.8254516388957187
dynamic_accel,5.902,-3.9447648165098324
dynamic_accel,5.952,-3.0644372776708817
dynamic_accel,6.002,-2.2828436837010084
dynamic_accel,6.052,-0.6534042718547841
dynamic_accel,6.102,2.0531169541767014
dynamic_accel,6.152,3.882501343006755
dynamic_accel,6.202,2.905393643322201
dynamic_accel,6.252,4.174926987017361
dynamic_accel,6.302,2.28858405289051
dynamic_accel,6.352,-3.3307388191642344
dynamic_accel,6.402,-5.890828236056136
dynamic_accel,6.452,-4.804410273587422
dynamic_accel,6.502,-2.8957156923094027
dynamic_accel,6.552,0.8317423525455645
dynamic_accel,6.602,0.584230279571333
dynamic_accel,6.652,1.629860424259343
dynamic_accel,6.702,2.591198174028859
dynamic_accel,6.752,4.965586530464124
dynamic_accel,6.802,5.985225093748561
dynamic_accel,6.852,1.3440029430927751
dynamic_accel,6.902,-0.9954426948688724
dynamic_accel,6.952,-2.0972911071340974
dynamic_accel,7.002,-2.562170281769328
dynamic_accel,7.052,-2.497758955349471
dynamic_accel,7.102,-4.020064822148034
dynamic_accel,7.152,-2.4224743631752643
dynamic_accel,7.202,-0.7554033903241226
dynamic_accel,7.252,1.5187011759638782
dynamic_accel,7.302,2.8527620368689863
dynamic_accel,7.352,4.473437595261997
dynamic_accel,7.402,3.3895423570183603
dynamic_accel,7.452,-2.0410227771738363
dynamic_accel,7.502,-5.565762199557894
dynamic_accel,7.552,-5.888160538330282
dynamic_accel,7.602,-4.0624022577238454
dynamic_accel,7.652,0.18028745050194672
dynamic_accel,7.702,2.949326359439997
dynamic_accel,7.752,3.7223819368148856
dynamic_accel,7.802,6.251435389404914
dynamic_accel,7.852,3.4107358865634616
dynamic_accel,7.902,6.47196021611216
dynamic_accel,7.952,1.237645619753101
dynamic_accel,8.002,-1.1517315035625106
dynamic_accel,8.052,-3.88215057221311
dynamic_accel,8.102,-4.562492798587067
dynamic_accel,8.152,-4.183360479945878
dynamic_accel,8.202,-2.3942434138826405
dynamic_accel,8.252,-3.0311331188563884
dynamic_accel,8.302,-1.9365031274811857
dynamic_accel,8.352,1.2948231686563574
dynamic_accel,8.402,1.3447886047872117
dynamic_accel,8.452,6.00765041798652
dynamic_accel,8.502,5.751097544430305
dynamic_accel,8.552,0.21096358469165466
dynamic_accel,8.602,-4.905254007532528
dynamic_accel,8.652,-4.980298253461045
dynamic_accel,8.702,-4.173746687273857
dynamic_accel,8.752,-1.111204001526664
dynamic_accel,8.802,1.3081541542315644
dynamic_accel,8.852,1.8949188367449352
dynamic_accel,8.902,3.6203658126609284
dynamic_accel,8.952,2.583630646926858
dynamic_accel,9.002,8.786615955316472
dynamic_accel,9.052,2.7490640920435254
dynamic_accel,9.102,-0.07094562279555738
dynamic_accel,9.152,-4.124448277529161
dynamic_accel,9.202,-4.832166853390467
dynamic_accel,9.252,-3.606140442678468
dynamic_accel,9.302,-2.7678106723099916
dynamic_accel,9.352,-3.6940797573170796
dynamic_accel,9.402,-3.5569648797778832
dynamic_accel,9.452,2.884603517973842
dynamic_accel,9.502,1.807027601968775
dynamic_accel,9.552,7.457243742954557
dynamic_accel,9.602,6.191967475434691
dynamic_accel,9.652,0.6159758478516633
dynamic_accel,9.702,-3.496068063943719
dynamic_accel,9.752,-5.4616043720321885
dynamic_accel,9.802,-3.6561958214997556
dynamic_accel,9.852,-1.1603614019567008
dynamic_accel,9.902,-1.0497595732581946
dynamic_accel,9.952,0.773168727828276
dynamic_accel,10.002,3.1343774158510804
dynamic_accel,10.052,1.2172970284459144
dynamic_accel,10.102,6.535835010908293
dynamic_accel,10.152,2.702918305157855
dynamic_accel,10.202,0.7127305109413964
dynamic_accel,10.252,-3.633875865544815
dynamic_accel,10.302,-2.7022957914201546
dynamic_accel,10.352,-3.436872991918757
dynamic_accel,10.402,-3.5277498404836924
dynamic_accel,10.452,-1.7898957399323638
dynamic_accel,10.502,-0.06503377929977994
dynamic_accel,10.552,1.6026695485365376
dynamic_accel,10.602,0.6941198011782834
dynamic_accel,10.652,8.093117462569083
dynamic_accel,10.702,2.748310920238593
dynamic_accel,10.752,-1.136880485499864
dynamic_accel,10.802,-4.072300587777776
dynamic_accel,10.852,-4.309112186521307
dynamic_accel,10.902,-3.6935800761556967
dynamic_accel,10.952,-0.4622445840623346
dynamic_accel,11.002,0.6070678932949463
dynamic_accel,11.052,2.1523510396074776
dynamic_accel,11.102,3.503039728511375
dynamic_accel,11.152,5.027918053180382
dynamic_accel,11.202,4.78216372955154
dynamic_accel,11.252,0.0822243919128205
dynamic_accel,11.302,-1.1054877787192865
dynamic_accel,11.352,-4.089811856544718
dynamic_accel,11.402,-3.1379322603688022
dynamic_accel,11.452,-3.366791752685806
dynamic_accel,11.502,-1.979202616024752
dynamic_accel,11.552,-1.2021812732248751
dynamic_accel,11.602,-0.09654578351121046
dynamic_accel,11.652,2.8368021681757813
dynamic_accel,11.702,0.6518962813153397
dynamic_accel,11.752,7.152001390685383
dynamic_accel,11.802,3.2503143142011073
dynamic_accel,11.852,-2.6070361576896817
dynamic_accel,11.902,-4.679423323559435
dynamic_accel,11.952,-5.031715365692695
dynamic_accel,12.002,-4.025843534930318
dynamic_accel,12.052,-0.49874252150474163
dynamic_accel,12.102,1.3425443163323472
dynamic_accel,12.152,2.1717063317098138
dynamic_accel,12.202,2.5291207258307864
dynamic_accel,12.252,5.730849749740685
dynamic_accel,12.302,5.8599177391901165
dynamic_accel,12.352,1.4531183861649346
dynamic_accel,12.402,-1.5751955312933337
dynamic_accel,12.452,-2.4494935321641247
dynamic_accel,12.502,-3.8170633810219003
dynamic_accel,12.552,-3.554457566515185
dynamic_accel,12.602,-3.359421208288248
dynamic_accel,12.652,-1.995401088012147
dynamic_accel,12.702,-1.2992066326604785
dynamic_accel,12.752,3.2398630221229627
dynamic_accel,12.802,1.6792777787518265
dynamic_accel,12.852,6.910181441885715
dynamic_accel,12.902,4.017367619201586
dynamic_accel,12.952,0.9155636214005884
dynamic_accel,13.002,-4.714105205163805
dynamic_accel,13.052,-6.037355603759902
dynamic_accel,13.102,-4.9632491664271186
dynamic_accel,13.152,-1.6488966739987703
dynamic_accel,13.202,-1.1102734970559407
dynamic_accel,13.252,1.4596976243704685
dynamic_accel,13.302,2.873981485597591
dynamic_accel,13.352,4.560855219617281
dynamic_accel,13.402,9.2142191359878
dynamic_accel,13.452,0.8204415693812095
dynamic_accel,13.502,-0.452555229127249
dynamic_accel,13.552,-3.030973899462033
dynamic_accel,13.602,-5.212856286278802
dynamic_accel,13.652,-4.484742904063614
dynamic_accel,13.702,-3.1667843285824464
dynamic_accel,13.752,-1.3132757682659282
dynamic_accel,13.802,-2.4118162595170034
dynamic_accel,13.852,10.478573056983594
dynamic_accel,13.902,3.536758505842286
dynamic_accel,13.952,1.6824424236608309
dynamic_accel,14.002,1.793777508222803
dynamic_accel,14.052,0.9928010281695556
dynamic_accel,14.102,-4.8383711159067495
dynamic_accel,14.152,-6.357937807817767
dynamic_accel,14.202,-1.6815037595637374
dynamic_accel,14.252,-1.0291870875361102
dynamic_accel,14.302,1.8216003267615637
dynamic_accel,14.352,3.3536117473980838
dynamic_accel,14.402,1.8429799559933162
dynamic_accel,14.452,2.3214885124114044
dynamic_accel,14.502,2.5776272160528464
dynamic_accel,14.552,-0.2640603427558794
dynamic_accel,14.602,-3.829915535984127
dynamic_accel,14.652,-2.3103822099555718
dynamic_accel,14.702,-3.6852170521893175
dynamic_accel,14.752,-1.9000670050093476
dynamic_accel,14.802,-0.27422844567094984
dynamic_accel,14.852,0.2897214671607795
dynamic_accel,14.902,3.134200397601264
dynamic_accel,14.952,4.058545705040645
dynamic_accel,15.002,4.732396524134048
dynamic_accel,15.052,1.5862823615101167
dynamic_accel,15.102,-1.4369641099162678
dynamic_accel,15.152,-1.1729987003223261
dynamic_accel,15.202,-2.8676272753295713
dynamic_accel,15.252,-3.583018286542017
dynamic_accel,15.302,-2.9888688491715545
dynamic_accel,15.352,0.009925950865033784
dynamic_accel,15.402,-0.08403587457053341
dynamic_accel,15.452,1.4546728911940399
dynamic_accel,15.502,2.988848240597987
dynamic_accel,15.552,1.908154130178639
dynamic_accel,15.602,3.334099303209001
dynamic_accel,15.652,-0.47766963030571397
dynamic_accel,15.702,-1.3395854790913333
dynamic_accel,15.752,-2.669879109162638
dynamic_accel,15.802,-1.8768145298038625
dynamic_accel,15.852,-2.277382916111092
dynamic_accel,15.902,-1.1671466988126529
dynamic_accel,15.952,-0.23595867013927574
dynamic_accel,16.002,1.0951997227262869
dynamic_accel,16.052,4.148616245466382
dynamic_accel,16.102,0.8501262764984325
dynamic_accel,16.152,3.9091823058996695
dynamic_accel,16.202,0.9946800913226195
dynamic_accel,16.252,-0.44437161138599457
dynamic_accel,16.302,-4.646353865676309
dynamic_accel,16.352,-2.2966877249010356
dynamic_accel,16.402,-4.5844771122365024
dynamic_accel,16.452,-1.263047936630473
dynamic_accel,16.502,1.45691210578663
dynamic_accel,16.552,3.3386611393100836
dynamic_accel,16.602,4.01019590366505
dynamic_accel,16.652,0.19018152973415603
dynamic_accel,16.702,1.6855620483252363
dynamic_accel,16.752,0.524953234306107
dynamic_accel,16.802,-0.4768997263876642
dynamic_accel,16.852,-2.232956817537179
dynamic_accel,16.902,-2.717431372858811
dynamic_accel,16.952,-1.6722892708448818
dynamic_accel,17.002,-0.8138132084654739
dynamic_accel,17.052,-0.03765487584153426
dynamic_accel,17.102,2.3270104806979877
dynamic_accel,17.152,3.356679122725758
dynamic_accel,17.202,1.0508374747889562
dynamic_accel,17.252,0.5447559594734006
dynamic_accel,17.302,1.3760288389446096
dynamic_accel,17.352,-1.1151694400485432
dynamic_accel,17.402,-3.6941379549574
dynamic_accel,17.452,-3.2095330633569157
dynamic_accel,17.502,-1.6892684855609534
dynamic_accel,17.552,-0.10717101778661942
dynamic_accel,17.602,1.557466952029479
dynamic_accel,17.652,2.5004140735150084
dynamic_accel,17.702,2.4201308384792704
dynamic_accel,17.752,3.298272925662266
dynamic_accel,17.802,-0.08710965360783263
dynamic_accel,17.852,0.8055533777425463
dynamic_accel,17.902,-2.483665787529997
dynamic_accel,17.952,-2.9268572061289326
dynamic_accel,18.002,-3.70151898381907
dynamic_accel,18.052,-1.7514547234292284
dynamic_accel,18.102,-1.0593171247377704
dynamic_accel,18.152,0.37804058777115124
dynamic_accel,18.202,2.993801383330476
dynamic_accel,18.252,1.4298435044637579
dynamic_accel,18.302,6.839039164431023
dynamic_accel,18.352,1.7618970385394146
dynamic_accel,18.402,-0.597003791917178
dynamic_accel,18.452,-1.1847458099697903
dynamic_accel,18.502,-3.5768854717646876
dynamic_accel,18.552,-2.579748700007059
dynamic_accel,18.602,-2.846643495404706
dynamic_accel,18.652,0.13543222260325827
dynamic_accel,18.702,0.32301740843211135
dynamic_accel,18.752,1.9004653605528556
dynamic_accel,18.802,3.693540663317682
dynamic_accel,18.852,0.3377146602613674
dynamic_accel,18.902,3.59887024477308
dynamic_accel,18.952,-1.1695705563490773
dynamic_accel,19.002,-2.3868811114827295
dynamic_accel,19.052,-2.175682416507346
dynamic_accel,19.102,-2.4771790822064794
dynamic_accel,19.152,-2.296863391568543
dynamic_accel,19.202,-1.0124049460552538
dynamic_accel,19.252,-0.020772005718008302
dynamic_accel,19.302,2.0191974221724838
dynamic_accel,19.352,1.2750507496912533
dynamic_accel,19.402,4.607574040155487
dynamic_accel,19.452,2.521083281536651
dynamic_accel,19.502,0.7230076352075319
dynamic_accel,19.552,-2.783850351675916
dynamic_accel,19.602,-3.151221773388876
dynamic_accel,19.652,-4.467874344467158
dynamic_accel,19.702,-1.4979816008608484
dynamic_accel,19.752,0.29456085578900115
dynamic_accel,19.802,1.1717563101165727
dynamic_accel,19.852,1.4147572463916376
dynamic_accel,19.902,2.678164250265249
dynamic_accel,19.952,4.143987596930815
dynamic_accel,20.002,2.1667525459812325
dynamic_accel,20.052,0.7009376646787011
dynamic_accel,20.102,0.39727330244840076
dynamic_accel,20.152,-2.1384652146196874
dynamic_accel,20.202,-3.245330639152349
dynamic_accel,20.252,-2.4623979464882098
dynamic_accel,20.302,-2.6184793194479328
dynamic_accel,20.352,-0.7412515201397945
dynamic_accel,20.402,-1.5295150670498359
dynamic_accel,20.452,1.7657296985296291
dynamic_accel,20.502,1.7081429280725935
dynamic_accel,20.552,5.637862176382757
dynamic_accel,20.602,1.9757911310166119
dynamic_accel,20.652,-0.23573946908258137
dynamic_accel,20.702,-2.6483573836940453
dynamic_accel,20.752,-4.26389984825633
dynamic_accel,20.802,-2.8714984104267867
dynamic_accel,20.852,-0.26165166959575537
dynamic_accel,20.902,1.1759760713427294
dynamic_accel,20.952,2.3113542402009912
dynamic_accel,21.002,3.4140725146204716
dynamic_accel,21.052,1.3314835466412713
dynamic_accel,21.102,5.073586807035786
dynamic_accel,21.152,-0.5002728837535244
dynamic_accel,21.202,-1.5145337483893986
dynamic_accel,21.252,-3.754213565202588
dynamic_accel,21.302,-4.018382981973258
dynamic_accel,21.352,-3.8597013264479756
dynamic_accel,21.402,-0.9721977317681922
dynamic_accel,21.452,-0.007762559161177407
dynamic_accel,21.502,1.7034943584917048
dynamic_accel,21.552,4.412385586572663
dynamic_accel,21.602,0.9517035509339387
dynamic_accel,21.652,3.058808644998466
dynamic_accel,21.702,3.6170572237869614
dynamic_accel,21.752,-1.9139394633529871
dynamic_accel,21.802,-4.943425031333576
dynamic_accel,21.852,-4.65861393302021
dynamic_accel,21.902,-2.4926831024858167
dynamic_accel,21.952,0.06323926331461394
dynamic_accel,22.002,2.1805092258199945
dynamic_accel,22.052,2.958235967402798
dynamic_accel,22.102,5.102587117897301
dynamic_accel,22.152,0.18838016640132693
dynamic_accel,22.202,5.3701647829840695
dynamic_accel,22.252,-0.6915492095297662
dynamic_accel,22.302,-2.687732442271244
dynamic_accel,22.352,-4.819141004910104
dynamic_accel,22.402,-4.171643080246195
dynamic_accel,22.452,-2.9695218182327725
dynamic_accel,22.502,-1.3012735456262963
dynamic_accel,22.552,-0.24128471646282357
dynamic_accel,22.602,2.753989244136596
dynamic_accel,22.652,5.142739353307183
dynamic_accel,22.702,1.7196727385853112
dynamic_accel,22.752,3.4285996407734256
dynamic_accel,22.802,2.11868392525351
dynamic_accel,22.852,-2.5490529513601405
dynamic_accel,22.902,-3.8314521827860055
dynamic_accel,22.952,-3.3063105703181774
dynamic_accel,23.002,-2.2618449181919065
dynamic_accel,23.052,-0.19017523422687788
dynamic_accel,23.102,1.3000276104986206
dynamic_accel,23.152,2.5167714694990213
dynamic_accel,23.202,4.144732483616412
dynamic_accel,23.252,0.6553388483890696
dynamic_accel,23.302,2.227537202272515
dynamic_accel,23.352,-1.6551592160347965
dynamic_accel,23.402,-1.9536507981557278
dynamic_accel,23.452,-3.026096144435339
dynamic_accel,23.502,-2.4917951017257227
dynamic_accel,23.552,-2.507781024398846
dynamic_accel,23.602,-0.9159239577278075
dynamic_accel,23.652,0.8775825939047852
dynamic_accel,23.702,1.355279683126076
dynamic_accel,23.752,3.6797128152746037
dynamic_accel,23.802,2.9940632474292013
dynamic_accel,23.852,2.2339206328526213
dynamic_accel,23.902,1.8878860675132199
dynamic_accel,23.952,0.35053394647402136
dynamic_accel,24.002,-3.7397291731976594
dynamic_accel,24.052,-4.034715842006656
dynamic_accel,24.102,-2.793184491045916
dynamic_accel,24.152,-1.298732492764989
dynamic_accel,24.202,-0.05111439278816832
dynamic_accel,24.252,1.2665970934704163
dynamic_accel,24.302,2.0508920665522403
dynamic_accel,24.352,4.4061580799130375
dynamic_accel,24.402,-0.03469271235261928
dynamic_accel,24.452,2.934957582653487
dynamic_accel,24.502,-1.4290857964909272
dynamic_accel,24.552,-1.04335584665181
dynamic_accel,24.602,-2.6249702515485325
dynamic_accel,24.652,-3.309701430039821
dynamic_accel,24.702,-2.2402421611401238
dynamic_accel,24.752,-0.3899437360016922
dynamic_accel,24.802,0.25989971206607976
dynamic_accel,24.852,0.9874057813531287
dynamic_accel,24.902,4.421021144043738
dynamic_accel,24.952,0.44006829823518245
dynamic_accel,25.002,4.204209952416317
dynamic_accel,25.052,1.2973507247491085
dynamic_accel,25.102,-1.3034875504354133
dynamic_accel,25.152,-3.5193229315097128
dynamic_accel,25.202,-3.4022213354592026
dynamic_accel,25.252,-2.9392225565657535
dynamic_accel,25.302,-1.5537675954090258
dynamic_accel,25.352,2.313422339922319
dynamic_accel,25.402,1.8753369943851244
dynamic_accel,25.452,4.224176431601133
dynamic_accel,25.502,2.6026243798766426
dynamic_accel,25.552,3.4379361497708185
dynamic_accel,25.602,-1.2819682635083787
dynamic_accel,25.652,-1.1154351907547007
dynamic_accel,25.702,-2.5469027761463883
dynamic_accel,25.752,-5.442540732569666
dynamic_accel,25.802,-3.323649406605485
dynamic_accel,25.852,-1.6294294497858157
dynamic_accel,25.902,0.9882590690022841
dynamic_accel,25.952,1.2018414792742877
dynamic_accel,26.002,1.9680808172068591
dynamic_accel,26.052,4.334278362688924
dynamic_accel,26.102,1.7666567176463808
dynamic_accel,26.152,4.716108522425198
dynamic_accel,26.202,-0.11998495665274511
dynamic_accel,26.252,-2.990720594372993
dynamic_accel,26.302,-5.099464440000045
dynamic_accel,26.352,-5.129865896476874
dynamic_accel,26.402,-2.5403663076656766
dynamic_accel,26.452,-0.25879729565874143
dynamic_accel,26.502,3.6208464296540583
dynamic_accel,26.552,4.46026434633815
dynamic_accel,26.602,3.21812986254818
dynamic_accel,26.652,1.438248041886924
dynamic_accel,26.702,2.3709196667469286
dynamic_accel,26.752,1.7826705499827415
dynamic_accel,26.802,-1.9570039938177928
dynamic_accel,26.852,-3.7104709090238828
dynamic_accel,26.902,-3.5440676419912354
dynamic_accel,26.952,-2.8434539360462825
dynamic_accel,27.002,-1.032103270592474
dynamic_accel,27.052,0.6528640477383885
dynamic_accel,27.102,0.5355425554656534
dynamic_accel,27.152,2.1739148348477944
dynamic_accel,27.202,0.7192642630168393
dynamic_accel,27.252,3.412257161086117
dynamic_accel,27.302,1.8850693010473432
dynamic_accel,27.352,-0.20049910562133633
dynamic_accel,27.402,-2.2175415374461434
dynamic_accel,27.452,-2.5204270222767766
dynamic_accel,27.502,-2.0446305848149358
dynamic_accel,27.552,-2.018191871226094
dynamic_accel,27.602,1.2315581684658508
dynamic_accel,27.652,1.5044333093400635
dynamic_accel,27.702,1.7659536644605485
dynamic_accel,27.752,-0.045419107115392876
dynamic_accel,27.802,3.0067648704578627
dynamic_accel,27.852,2.50387619839673
dynamic_accel,27.902,-2.1260222406525804
dynamic_accel,27.952,-2.84177180074256
dynamic_accel,28.002,-3.6368385654055064
dynamic_accel,28.052,-3.4487255554078544
dynamic_accel,28.102,0.07680870450401045
dynamic_accel,28.152,-0.5482841939599705
dynamic_accel,28.202,0.8003519283416143
dynamic_accel,28.252,3.5328859869653026
dynamic_accel,28.302,3.1465486040795554
dynamic_accel,28.352,5.561055290698286
dynamic_accel,28.402,5.290063659287693
dynamic_accel,28.452,-1.366830555071619
dynamic_accel,28.502,-4.894515941812637
dynamic_accel,28.552,-4.47973685241359
dynamic_accel,28.602,-5.030944819295581
dynamic_accel,28.652,-2.6947034797808316
dynamic_accel,28.702,0.4591526504136372
dynamic_accel,28.752,1.5859060642097305
dynamic_accel,28.802,2.0081019215284073
dynamic_accel,28.852,3.7235623784979293
dynamic_accel,28.902,5.654109204854539
dynamic_accel,28.952,1.6236880118492287
dynamic_accel,29.002,-1.321863316511088
dynamic_accel,29.052,-2.776961317991481
dynamic_accel,29.102,-3.239591298125525
dynamic_accel,29.152,-3.7417630062927953
dynamic_accel,29.202,-2.8943756171267765
dynamic_accel,29.252,-0.7725132068109843
dynamic_accel,29.302,1.4033397548077495
dynamic_accel,29.352,1.4930770580416883
dynamic_accel,29.402,4.087479283686799
dynamic_accel,29.452,1.1885946610347968
dynamic_accel,29.502,3.834983684203296
dynamic_accel,29.552,1.4178566147683629
dynamic_accel,29.602,-1.1415548431529405
dynamic_accel,29.652,-4.7284656455884315
dynamic_accel,29.702,-4.486637424311478
dynamic_accel,29.752,-1.7226847524095703
dynamic_accel,29.802,0.31603145989193493
dynamic_accel,29.852,0.9605601922536007
dynamic_accel,29.902,2.6337045748197436
dynamic_accel,29.952,3.6232378706607022
dynamic_accel,30.002,0.5436053883645826
dynamic_accel,30.052,3.4209015518975594
dynamic_accel,30.102,-0.7898368012478745
dynamic_accel,30.152,-0.2993286887406281
dynamic_accel,30.202,-3.6896823149133864
dynamic_accel,30.252,-3.8418659485185156
dynamic_accel,30.302,-1.8608572372047067
dynamic_accel,30.352,-0.31270446690344933
dynamic_accel,30.402,-0.1436600648458004
dynamic_accel,30.452,0.4054785433761072
dynamic_accel,30.502,3.2539919308479437
dynamic_accel,30.552,1.5883437640047902
dynamic_accel,30.602,3.841243111505399
dynamic_accel,30.652,0.8013558648031562
dynamic_accel,30.702,0.18528653189494726
dynamic_accel,30.752,-2.895852754348388
dynamic_accel,30.802,-3.595141676828524
dynamic_accel,30.852,-1.3969446374422976
dynamic_accel,30.902,-0.9938334433176284
dynamic_accel,30.952,-0.1859255729872924
dynamic_accel,31.002,0.7720610136818191
dynamic_accel,31.052,3.672087217527679
dynamic_accel,31.102,1.5117593926086705
dynamic_accel,31.152,2.911456872254284
dynamic_accel,31.202,0.12872217857042578
dynamic_accel,31.252,-1.0369979934748113
dynamic_accel,31.302,-1.8548755567659505
dynamic_accel,31.352,-2.633798588973714
dynamic_accel,31.402,-2.302051337415202
dynamic_accel,31.452,-1.8765065430025434
dynamic_accel,31.502,-1.73903552725411
dynamic_accel,31.552,-1.2431210592830073
dynamic_accel,31.602,2.036149215480947
dynamic_accel,31.652,3.00233983431929
dynamic_accel,31.702,5.32627403299843
dynamic_accel,31.752,-2.89159590706904
dynamic_accel,31.802,4.709698902891793
dynamic_accel,31.852,1.2251445106455154
dynamic_accel,31.902,-3.8751732765634017
dynamic_accel,31.952,-0.08541253046923813
dynamic_accel,32.002,-4.336182018797397
dynamic_accel,32.052,-0.39090598521269193
dynamic_accel,32.102,-0.15579937007079891
dynamic_accel,32.152,1.2879681964652718
dynamic_accel,32.202,0.34743507465493373
dynamic_accel,32.252,1.3066717648813189
dynamic_accel,32.302,5.161463103248376
dynamic_accel,32.352,-0.942024249994903
dynamic_accel,32.402,-1.1866164023878536
dynamic_accel,32.452,-0.47160500767682834
dynamic_accel,32.502,-0.996247949850666
dynamic_accel,32.552,-2.521105824744293
dynamic_accel,32.602,-1.0842967914541415
dynamic_accel,32.652,-1.1925596029871937
dynamic_accel,32.702,0.16167216084257063
dynamic_accel,32.752,1.2672734392885747
dynamic_accel,32.802,0.8495861699118006
dynamic_accel,32.852,1.9364184524560581
dynamic_accel,32.902,1.0553506037862803
dynamic_accel,32.952,2.5943081660872487
dynamic_accel,33.002,-0.5194220416575295
dynamic_accel,33.052,-3.3580936472585616
dynamic_accel,33.102,-3.665245610733985
dynamic_accel,33.152,-1.9814415013623883
dynamic_accel,33.202,-0.34521544247076896
dynamic_accel,33.252,0.25348626371643057
dynamic_accel,33.302,0.3841304632030962
dynamic_accel,33.352,1.5591616629322527
dynamic_accel,33.402,3.500161835709841
dynamic_accel,33.452,3.6417702340888045
dynamic_accel,33.502,5.26857078896203
dynamic_accel,33.552,-0.8328280001091635
dynamic_accel,33.602,-1.4854509822616446
dynamic_accel,33.652,-3.815814960758642
dynamic_accel,33.702,-2.510309800365788
dynamic_accel,33.752,-3.3738619996469144
dynamic_accel,33.802,-2.033944886284697
dynamic_accel,33.852,-0.18798791699417627
dynamic_accel,33.902,0.4600892628359059
dynamic_accel,33.952,1.560985202135866
dynamic_accel,34.002,2.239391770927508
dynamic_accel,34.052,1.7282583599202486
dynamic_accel,34.102,2.4254728522557762
dynamic_accel,34.152,0.01830386418164487
dynamic_accel,34.202,-1.6483581393770343
dynamic_accel,34.252,-1.4202938303300616
dynamic_accel,34.302,-1.5208889111490063
dynamic_accel,34.352,-1.0348451653017197
dynamic_accel,34.402,-0.54469018359576
dynamic_accel,34.452,0.442018812785518
dynamic_accel,34.502,0.5248042166520985
dynamic_accel,34.552,1.1731645881266495
dynamic_accel,34.602,1.1820330513777257
dynamic_accel,34.652,-0.6202549351137812
dynamic_accel,34.702,1.3782497775987288
dynamic_accel,34.752,0.3199942671938505
dynamic_accel,34.802,-0.20300292003299703
dynamic_accel,34.852,-0.5278896600727645
dynamic_accel,34.902,-1.0333065750056942
dynamic_accel,34.952,-0.7671640091396874
dynamic_accel,35.002,-0.21642762620052203
dynamic_accel,35.052,0.2560848573537182
dynamic_accel,35.102,-0.5944568536084276
dynamic_accel,35.152,-0.26878003571604836
dynamic_accel,35.202,0.5857331784598987
dynamic_accel,35.252,0.7955573485764411
dynamic_accel,35.302,0.9847206216806885
dynamic_accel,35.352,0.5293095582312226
dynamic_accel,35.402,-0.11586534176486118
dynamic_accel,35.452,0.5567464575732988
dynamic_accel,35.502,1.4447641732701548
dynamic_accel,35.552,-1.028092581675459
dynamic_accel,35.602,-0.9694456193030039
dynamic_accel,35.652,-0.5129578991008614
dynamic_accel,35.702,-1.331840548249719
dynamic_accel,35.752,-1.661818302215245
dynamic_accel,35.802,-1.7563429984723609
dynamic_accel,35.852,-2.4234085719331553
dynamic_accel,35.902,-1.4821358439995613
dynamic_accel,35.952,-0.5711017312040614
dynamic_accel,36.002,0.16640776163337812
dynamic_accel,36.052,2.2260204012748925
dynamic_accel,36.102,5.063405255698434
dynamic_accel,36.152,5.451056135794479
dynamic_accel,36.202,3.1774402870808682
dynamic_accel,36.252,5.560868543438689
dynamic_accel,36.302,-2.535302721324803
dynamic_accel,36.352,1.5179188040057117
dynamic_accel,36.402,-3.1835493538087256
dynamic_accel,36.452,-5.536811697410113
dynamic_accel,36.502,-3.6368819771726804
dynamic_accel,36.552,-4.820063898229308
dynamic_accel,36.602,-3.2965112657475677
dynamic_accel,36.652,1.1082973489708294
dynamic_accel,36.702,-1.1882021572471189
dynamic_accel,36.752,2.284596640852193
dynamic_accel,36.802,2.458331272095391
dynamic_accel,36.852,2.959103888136175
dynamic_accel,36.902,2.8470319920202876
dynamic_accel,36.952,1.3776309197352052
dynamic_accel,37.002,3.6519754819689503
dynamic_accel,37.052,-1.393978868915518
dynamic_accel,37.102,-2.625167217179575
dynamic_accel,37.152,-2.341047840410109
dynamic_accel,37.202,-1.3189771811181412
dynamic_accel,37.252,-1.29430989236673
dynamic_accel,37.302,-1.2775770647696998
dynamic_accel,37.352,-0.8726935084489433
dynamic_accel,37.402,0.09154174109051993
dynamic_accel,37.452,1.4052112017781688
dynamic_accel,37.502,1.454902746578309
dynamic_accel,37.552,1.8985095485522852
dynamic_accel,37.602,2.1963734106181114
dynamic_accel,37.652,2.6941219435782173
dynamic_accel,37.702,0.04951432879993689
dynamic_accel,37.752,-2.0943213978261532
dynamic_accel,37.802,-3.013620816464522
dynamic_accel,37.852,-2.341454577766074
dynamic_accel,37.902,-4.198654837375786
dynamic_accel,37.952,-2.391881141333288
dynamic_accel,38.002,-0.8032237566573066
dynamic_accel,38.052,2.071826084818875
dynamic_accel,38.102,2.3714543946930196
dynamic_accel,38.152,3.4709273184183562
dynamic_accel,38.202,9.02475478668454
dynamic_accel,38.252,4.172236129343773
dynamic_accel,38.302,-0.6099468227143223
dynamic_accel,38.352,-3.9996647544453907
dynamic_accel,38.402,-3.804072297897407
dynamic_accel,38.452,-4.03945041684
dynamic_accel,38.502,-3.6558335860874402
dynamic_accel,38.552,-1.812843692397399
dynamic_accel,38.602,-0.42876755602654804
dynamic_accel,38.652,1.7888485548535105
dynamic_accel,38.702,3.3095167891091766
dynamic_accel,38.752,4.554090656982288
dynamic_accel,38.802,3.4733899573645015
dynamic_accel,38.852,-0.3336757353873221
dynamic_accel,38.902,-0.8335350480925534
dynamic_accel,38.952,-3.9563710293622654
dynamic_accel,39.002,-4.276829170714362
dynamic_accel,39.052,-1.5263827210500054
dynamic_accel,39.102,-0.7998793715615484
dynamic_accel,39.152,-0.9491365766191233
dynamic_accel,39.202,-0.13499252876902545
dynamic_accel,39.252,1.4045301784211937
dynamic_accel,39.302,3.3783618066589067
dynamic_accel,39.352,3.6208385821166207
dynamic_accel,39.402,2.3913384528004293
dynamic_accel,39.452,-0.1714166515520521
dynamic_accel,39.502,0.861889900043483
dynamic_accel,39.552,-1.2234902028813224
dynamic_accel,39.602,-3.1422336591663154
dynamic_accel,39.652,-3.2305255816774183
dynamic_accel,39.702,-1.9475743569571993
dynamic_accel,39.752,-1.8195555160135974
dynamic_accel,39.802,0.19106346427394527
dynamic_accel,39.852,0.7588713712941164
dynamic_accel,39.902,3.3600719173583222
dynamic_accel,39.952,2.588996472167528
dynamic_accel,40.002,2.594808619144789
dynamic_accel,40.052,3.033353213794461
dynamic_accel,40.102,-0.5758159136998806
dynamic_accel,40.152,-0.4238309535052558
dynamic_accel,40.202,-2.8730262625026466
dynamic_accel,40.252,-2.3145584813196223
dynamic_accel,40.302,-2.7958825526379245
dynamic_accel,40.352,-2.392454715084659
dynamic_accel,40.402,-0.9769060336955402
dynamic_accel,40.452,0.20781764596489083
dynamic_accel,40.502,1.0255680939574177
dynamic_accel,40.552,1.3487059360476668
dynamic_accel,40.602,2.858770864454298
dynamic_accel,40.652,1.4965502561620063
dynamic_accel,40.702,3.8830950153156074
dynamic_accel,40.752,1.8137198920666133
dynamic_accel,40.802,-2.9872286306033766
dynamic_accel,40.852,-2.2777790205897404
dynamic_accel,40.902,-1.936474541770469
dynamic_accel,40.952,-2.4990900937233445
dynamic_accel,41.002,-2.258231339185908
dynamic_accel,41.052,0.31655515158471736
dynamic_accel,41.102,1.928535544126067
dynamic_accel,41.152,2.0204573636591334
dynamic_accel,41.202,3.148400837009481
dynamic_accel,41.252,2.5990389648489565
dynamic_accel,41.302,1.7803116135185544
dynamic_accel,41.352,0.09559336381305705
dynamic_accel,41.402,-1.839882400269472
dynamic_accel,41.452,-2.300418058137616
dynamic_accel,41.502,-2.690426788092158
dynamic_accel,41.552,-2.102770785626623
dynamic_accel,41.602,-3.147963603841518
dynamic_accel,41.652,-3.3644251485031065
dynamic_accel,41.702,-1.2362436142687478
dynamic_accel,41.752,-0.39330528263615605
dynamic_accel,41.802,1.8131525439475258
dynamic_accel,41.852,2.9122120762764716
dynamic_accel,41.902,5.540353633524633
dynamic_accel,41.952,7.587338418633006
dynamic_accel,42.002,5.547701005650135
dynamic_accel,42.052,-1.2922151411107166
dynamic_accel,42.102,-5.365678504282781
dynamic_accel,42.152,-3.270403270254242
dynamic_accel,42.202,-2.0471071836669754
dynamic_accel,42.252,-2.090426833408632
dynamic_accel,42.302,-0.7372098837242955
dynamic_accel,42.352,-2.108062573894486
dynamic_accel,42.402,-0.5916423217834925
dynamic_accel,42.452,0.4773743553104399
dynamic_accel,42.502,0.7366590181387682
dynamic_accel,42.552,1.4856057161103813
dynamic_accel,42.602,1.9599163468926815
dynamic_accel,42.652,2.6305169285627237
dynamic_accel,42.702,1.1720726504021517
dynamic_accel,42.752,1.4678527054121364
dynamic_accel,42.802,0.08518509510508032
dynamic_accel,42.852,-3.830140671088107
dynamic_accel,42.902,-3.368917549046988
dynamic_accel,42.952,-2.8357179189391086
dynamic_accel,43.002,-1.251016407844327
dynamic_accel,43.052,-0.23290906723357274
dynamic_accel,43.102,-0.6258839050790144
dynamic_accel,43.152,1.6323887704995172
dynamic_accel,43.202,4.532251925705275
dynamic_accel,43.252,0.8234770717520483
dynamic_accel,43.302,4.227928552111836
dynamic_accel,43.352,3.376481695654915
dynamic_accel,43.402,-0.48681350243002086
dynamic_accel,43.452,-4.617570225359884
dynamic_accel,43.502,-4.9345936047404
dynamic_accel,43.552,-3.5889522044255484
dynamic_accel,43.602,-1.321265893443897
dynamic_accel,43.652,1.013802460451041
dynamic_accel,43.702,1.2004560488468403
dynamic_accel,43.752,2.9812003231931463
dynamic_accel,43.802,2.905639592079641
dynamic_accel,43.852,3.2114249236391696
dynamic_accel,43.902,2.0824769850940594
dynamic_accel,43.952,-1.0664800534769618
dynamic_accel,44.002,-1.7102355460158343
dynamic_accel,44.052,-2.625113070222003
dynamic_accel,44.102,-2.4418223774193137
dynamic_accel,44.152,-2.3244115237490046
dynamic_accel,44.202,-1.4717140573156904
dynamic_accel,44.252,-0.204758096817109
dynamic_accel,44.302,1.6429148109699696
dynamic_accel,44.352,3.7355339372935283
dynamic_accel,44.402,2.212612007284857
dynamic_accel,44.452,4.853577586486432
dynamic_accel,44.502,-0.5965571857348007
dynamic_accel,44.552,-1.8691095872085857
dynamic_accel,44.602,-4.639889012367815
dynamic_accel,44.652,-4.680065756484379
dynamic_accel,44.702,-3.661868886889496
dynamic_accel,44.752,0.20873434421992343
dynamic_accel,44.802,3.0006321864827292
dynamic_accel,44.852,1.8610960735457827
dynamic_accel,44.902,3.814978320200277
dynamic_accel,44.952,1.8457325279336292
dynamic_accel,45.002,3.2226300372391172
dynamic_accel,45.052,2.9162937754804297
dynamic_accel,45.102,-0.15792814855112525
dynamic_accel,45.152,-2.401071164272599
dynamic_accel,45.202,-4.19082501625853
dynamic_accel,45.252,-4.728805928826699
dynamic_accel,45.302,-3.0664474822390835
dynamic_accel,45.352,-1.2139929153264397
dynamic_accel,45.402,-0.7243464843330987
dynamic_accel,45.452,1.3358532959841547
dynamic_accel,45.502,4.036000368700558
dynamic_accel,45.552,0.9689123053752873
dynamic_accel,45.602,7.519455525206412
dynamic_accel,45.652,1.3889292282137458
dynamic_accel,45.702,-0.20021786383647822
dynamic_accel,45.752,-3.3538019720866634
dynamic_accel,45.802,-2.4748590100765915
dynamic_accel,45.852,-2.4001198240010595
dynamic_accel,45.902,-1.1126183795940268
dynamic_accel,45.952,-0.9543532890051925
dynamic_accel,46.002,0.6888026486820316
dynamic_accel,46.052,2.00580266289308
dynamic_accel,46.102,-0.22562948821884454
dynamic_accel,46.152,3.0845334736394907
dynamic_accel,46.202,-0.23307572002064703
dynamic_accel,46.252,-0.8677327474299315
dynamic_accel,46.302,-0.653647362914338
dynamic_accel,46.352,-1.180559660021773
dynamic_accel,46.402,-1.1096084095531928
dynamic_accel,46.452,-0.4312142513645174
dynamic_accel,46.502,-0.3678894060044282
dynamic_accel,46.552,-0.6895668661479739
dynamic_accel,46.602,1.0623385531696687
dynamic_accel,46.652,1.7479965657914125
dynamic_accel,46.702,0.5919624163041348
dynamic_accel,46.752,2.5155033585591546
dynamic_accel,46.802,-0.6961276211300174
dynamic_accel,46.852,-1.0221304339464758
dynamic_accel,46.902,-0.7256721788342535
dynamic_accel,46.952,-0.7885563671701146
dynamic_accel,47.002,-0.652317737128902
dynamic_accel,47.052,-0.08205673913963452
dynamic_accel,47.102,-0.11412025619463506
dynamic_accel,47.152,0.36228168167963126
dynamic_accel,47.202,1.3879257950182833
dynamic_accel,47.252,-0.027661374985374465
dynamic_accel,47.302,0.8183310234610648
dynamic_accel,47.352,-0.15327224863440314
dynamic_accel,47.402,-0.18433822887194395
dynamic_accel,47.452,-0.18747698862791573
dynamic_accel,47.502,-0.5479324703715527
dynamic_accel,47.552,-0.1336112199114634
dynamic_accel,47.602,0.42473140329115644
dynamic_accel,47.652,0.33121096780521064
dynamic_accel,47.702,-0.1470682915199859
dynamic_accel,47.752,-0.3098402878452102
dynamic_accel,47.802,-0.24881348426490568
dynamic_accel,47.852,0.06202559334142421
dynamic_accel,47.902,-0.46949861224928213
dynamic_accel,47.952,-0.7271254873993165
dynamic_accel,48.002,-1.8187280055399757
dynamic_accel,48.052,0.6389869536235651
dynamic_accel,48.102,0.5240818086577601
dynamic_accel,48.152,1.186241525631079
dynamic_accel,48.202,0.28961518072775405
dynamic_accel,48.252,-1.7402931947146794
dynamic_accel,48.302,-0.24994480519531592
dynamic_accel,48.352,1.231563338082731
dynamic_accel,48.402,-0.08053678250627705
dynamic_accel,48.452,-0.11208233664350331
dynamic_accel,48.502,1.8979929587616748
dynamic_accel,48.552,1.8037854204519803
dynamic_accel,48.602,0.3420866728024947
dynamic_accel,48.652,2.0850796129640496
dynamic_accel,48.702,-0.4325331048847243
dynamic_accel,48.752,-1.5895866860588637
dynamic_accel,48.802,-2.72877850041014
dynamic_accel,48.852,-2.4918715057020124
dynamic_accel,48.902,-1.8611943362001035
dynamic_accel,48.952,-0.47195642852854647
dynamic_accel,49.002,0.5454913840041531
dynamic_accel,49.052,1.5680328672872328
dynamic_accel,49.102,2.34832771758726
dynamic_accel,49.152,2.465425128477836
dynamic_accel,49.202,0.14303194757645699
dynamic_accel,49.252,4.112106582398601
dynamic_accel,49.302,-0.6100523706032046
dynamic_accel,49.352,-1.9393369219473264
dynamic_accel,49.402,-3.0946127655135873
dynamic_accel,49.452,-3.767438454705614
dynamic_accel,49.502,-3.733374753798718
dynamic_accel,49.552,-1.9455577089185443
dynamic_accel,49.602,1.7423272392124112
dynamic_accel,49.652,2.2368605565817585
dynamic_accel,49.702,3.2705124122557017
dynamic_accel,49.752,3.743478497205288
dynamic_accel,49.802,2.118790849666661
dynamic_accel,49.852,1.2869722965655477
dynamic_accel,49.902,2.2973671564277076
dynamic_accel,49.952,-1.5890129059705398
dynamic_accel,50.002,-5.740664403322861
dynamic_accel,50.052,-4.4972221684499285
dynamic_accel,50.102,-3.6545900733232113
dynamic_accel,50.152,-0.07460787945166913
dynamic_accel,50.202,1.8222525841782566
dynamic_accel,50.252,1.6042836978481851
dynamic_accel,50.302,2.924556193349863
dynamic_accel,50.352,2.966247029129047
dynamic_accel,50.402,2.443043726309524
dynamic_accel,50.452,2.8815576967348164
dynamic_accel,50.502,-1.3507460472858401
dynamic_accel,50.552,-1.736910642590212
dynamic_accel,50.602,-3.136199932961901
dynamic_accel,50.652,-2.3931654158517013
dynamic_accel,50.702,-2.3162006389953387
dynamic_accel,50.752,-0.5814748693017169
dynamic_accel,50.802,-0.3276644310170802
dynamic_accel,50.852,0.3138093444359509
dynamic_accel,50.902,2.838231822079175
dynamic_accel,50.952,1.2359590949980124
dynamic_accel,51.002,4.375590226035095
dynamic_accel,51.052,1.6834993917476524
dynamic_accel,51.102,-1.2913153666763346
dynamic_accel,51.152,-2.285944502109686
dynamic_accel,51.202,-2.813894567644934
dynamic_accel,51.252,-1.8869334921740037
dynamic_accel,51.302,-1.138107001839785
dynamic_accel,51.352,0.25728940820624047
dynamic_accel,51.402,-0.008175566960609615
dynamic_accel,51.452,0.9258521938434541
dynamic_accel,51.502,1.8834699962099286
dynamic_accel,51.552,0.4823620044950889
dynamic_accel,51.602,1.6224709082176592
dynamic_accel,51.652,0.6839889979045601
dynamic_accel,51.702,0.3739928771852874
dynamic_accel,51.752,-0.9577695547981779
dynamic_accel,51.802,-2.17164139488826
dynamic_accel,51.852,-0.6287784719921401
dynamic_accel,51.902,2.0942263685905225
dynamic_accel,51.952,-0.620436225897004
dynamic_accel,52.002,-0.24092912104601538
dynamic_accel,52.052,0.2888915129916345
dynamic_accel,52.102,0.19535038576596442
dynamic_accel,52.152,-1.3466243252517014
dynamic_accel,52.202,0.09841239961190773
dynamic_accel,52.252,0.503291687646735
dynamic_accel,52.302,-0.5069517821205931
dynamic_accel,52.352,0.4445006208154698
dynamic_accel,52.402,0.08574575438412069
dynamic_accel,52.452,-0.20689597828623363
dynamic_accel,52.502,-0.012782680723658402
dynamic_accel,52.552,0.1704518645463704
dynamic_accel,52.602,-0.34307111842644034
dynamic_accel,52.652,0.6993958665598381
dynamic_accel,52.702,0.0989401466883475
dynamic_accel,52.752,0.04508124522731194
dynamic_accel,52.802,-0.4427627978725237
magnetic_norm,0.003,48.115715077612634
magnetic_norm,0.03,41.68871948510177
magnetic_norm,0.037,48.762988506153505
magnetic_norm,0.054,52.81967185031539
magnetic_norm,0.074,47.10888300023685
magnetic_norm,0.094,47.96026216429081
magnetic_norm,0.114,49.16760779644469
magnetic_norm,0.134,47.06168349451074
magnetic_norm,0.154,49.76421665539419
magnetic_norm,0.175,46.64147560902756
magnetic_norm,0.194,46.37733328705688
magnetic_norm,0.214,46.90318161721552
magnetic_norm,0.234,46.33900709809726
magnetic_norm,0.254,48.40712298412292
magnetic_norm,0.274,47.20859559538659
magnetic_norm,0.295,47.709414675263524
magnetic_norm,0.315,47.60222278507595
magnetic_norm,0.334,47.018592634656244
magnetic_norm,0.355,47.94193145854941
magnetic_norm,0.375,45.70218302801578
magnetic_norm,0.394,47.47441261524469
magnetic_norm,0.413,46.82693786032779
magnetic_norm,0.434,46.64727563274731
magnetic_norm,0.454,46.769131162071005
magnetic_norm,0.475,45.77246661271936
magnetic_norm,0.494,46.436771583116155
magnetic_norm,0.514,45.240144415054644
magnetic_norm,0.534,46.107565302507574
magnetic_norm,0.553,48.691160075020385
magnetic_norm,0.574,50.56256566744809
magnetic_norm,0.594,49.88627692858027
magnetic_norm,0.614,45.827774760100496
magnetic_norm,0.634,45.827862977996304
magnetic_norm,0.654,47.03847890166628
magnetic_norm,0.674,43.69832025910728
magnetic_norm,0.694,46.62218772730427
magnetic_norm,0.715,46.382687230002645
magnetic_norm,0.734,45.1436353491553
magnetic_norm,0.754,45.48442993790577
magnetic_norm,0.775,44.688378050814286
magnetic_norm,0.794,45.63034269184281
magnetic_norm,0.814,42.40938875953652
magnetic_norm,0.834,45.57811044679247
magnetic_norm,0.855,46.27804491319301
magnetic_norm,0.874,45.839997563808886
magnetic_norm,0.894,48.57235380453071
magnetic_norm,0.914,48.3629547399144
magnetic_norm,0.934,47.36820023259289
magnetic_norm,0.954,45.327923890122676
magnetic_norm,0.976,45.940414176137
magnetic_norm,0.995,46.832659713187915
magnetic_norm,1.017,46.298091191754374
magnetic_norm,1.034,46.95620715981009
magnetic_norm,1.055,45.135538070072904
magnetic_norm,1.075,45.13846501654668
magnetic_norm,1.094,44.84715124355728
magnetic_norm,1.114,46.803355340900815
magnetic_norm,1.134,40.27335890650915
magnetic_norm,1.154,44.3369669759333
magnetic_norm,1.174,41.414961441579344
magnetic_norm,1.194,47.135195365300014
magnetic_norm,1.215,47.32444284537326
magnetic_norm,1.234,43.89281178053258
magnetic_norm,1.254,44.67771058746749
magnetic_norm,1.275,45.25461776230692
magnetic_norm,1.295,46.02897397631735
magnetic_norm,1.314,44.23234831624932
magnetic_norm,1.335,45.9235438126513
magnetic_norm,1.354,41.37964217809894
magnetic_norm,1.374,44.172087128072185
magnetic_norm,1.394,45.027937320637406
magnetic_norm,1.414,44.3415181785085
magnetic_norm,1.435,45.325238409742674
magnetic_norm,1.455,44.94348620706904
magnetic_norm,1.474,44.30426774922484
magnetic_norm,1.494,47.85542916166892
magnetic_norm,1.514,46.6561007891787
magnetic_norm,1.534,44.14337350596931
magnetic_norm,1.554,46.42997944055113
magnetic_norm,1.575,44.04203047984392
magnetic_norm,1.594,44.58023883095518
magnetic_norm,1.614,45.593373690427875
magnetic_norm,1.635,45.80862058908792
magnetic_norm,1.657,45.78082467106183
magnetic_norm,1.674,46.55744309788178
magnetic_norm,1.694,45.275171760877996
magnetic_norm,1.714,46.25732825772051
magnetic_norm,1.735,44.51806778838509
magnetic_norm,1.754,45.40100368934594
magnetic_norm,1.774,44.252745557196796
magnetic_norm,1.794,47.48288807099359
magnetic_norm,1.82,46.25667941722038
magnetic_norm,1.833,47.504263788895834
magnetic_norm,1.855,47.664629268331716
magnetic_norm,1.874,47.3962558410868
magnetic_norm,1.895,46.37894272323379
magnetic_norm,1.915,46.42997944055113
magnetic_norm,1.934,46.30272394354363
magnetic_norm,1.954,45.940414176137
magnetic_norm,1.976,46.169711571629946
magnetic_norm,1.994,47.203047175606194
magnetic_norm,2.014,45.26606954276018
magnetic_norm,2.035,46.87512375403664
magnetic_norm,2.054,45.89793045189384
magnetic_norm,2.076,47.509622883172355
magnetic_norm,2.094,46.913101036917226
magnetic_norm,2.114,45.98442603330511
magnetic_norm,2.135,45.35718915356753
magnetic_norm,2.155,46.45617768728396
magnetic_norm,2.175,45.33887545845739
magnetic_norm,2.194,46.783778766202715
magnetic_norm,2.214,47.088546036908
magnetic_norm,2.234,47.114646160323645
magnetic_norm,2.254,47.57178131058899
magnetic_norm,2.274,47.495734964441844
magnetic_norm,2.296,47.95100277953011
magnetic_norm,2.314,48.16303547562436
magnetic_norm,2.334,48.7273120040702
magnetic_norm,2.354,47.248258896492686
magnetic_norm,2.374,48.63114236975624
magnetic_norm,2.394,46.67588075354073
magnetic_norm,2.415,47.58198164221411
magnetic_norm,2.434,47.890675061148386
magnetic_norm,2.454,48.89146346095609
magnetic_norm,2.474,47.79139297875718
magnetic_norm,2.494,48.76053299344029
magnetic_norm,2.514,49.27775145704707
magnetic_norm,2.534,48.392983576437764
magnetic_norm,2.555,48.72976743608572
magnetic_norm,2.574,48.36606745920907
magnetic_norm,2.598,49.5117457656918
magnetic_norm,2.614,48.90487777627605
magnetic_norm,2.634,49.4489118472414
magnetic_norm,2.655,50.270615503990044
magnetic_norm,2.674,47.52332034446352
magnetic_norm,2.695,48.119186021373025
magnetic_norm,2.715,49.717431822739535
magnetic_norm,2.734,50.57092609923723
magnetic_norm,2.755,49.40184515472701
magnetic_norm,2.774,49.019306623768145
magnetic_norm,2.794,50.42389570245936
magnetic_norm,2.814,49.50515502313379
magnetic_norm,2.835,49.9801245586684
magnetic_norm,2.855,49.66112319926424
magnetic_norm,2.874,49.055162914671975
magnetic_norm,2.895,51.20046539095129
magnetic_norm,2.914,51.02272681742547
magnetic_norm,2.935,51.03152627045859
magnetic_norm,2.954,50.076508845216075
magnetic_norm,2.975,52.314402074180414
magnetic_norm,2.994,51.43052812471896
magnetic_norm,3.014,52.25687495058673
magnetic_norm,3.034,55.32759740807479
magnetic_norm,3.062,50.55179081583065
magnetic_norm,3.074,50.30844005818018
magnetic_norm,3.097,51.47831896585214
magnetic_norm,3.114,52.007737167728315
magnetic_norm,3.135,52.450471671139475
magnetic_norm,3.154,52.03277797612294
magnetic_norm,3.174,51.45523827386289
magnetic_norm,3.194,49.31858400556285
magnetic_norm,3.214,50.706141609892825
magnetic_norm,3.234,52.29440471945836
magnetic_norm,3.262,53.21838657116084
magnetic_norm,3.274,52.78592896667634
magnetic_norm,3.298,52.922196115146335
magnetic_norm,3.315,53.14988057077363
magnetic_norm,3.334,54.22448555917801
magnetic_norm,3.354,53.0717949780532
magnetic_norm,3.381,52.405478787098325
magnetic_norm,3.394,53.863414539741164
magnetic_norm,3.414,53.999722698524195
magnetic_norm,3.435,54.99640932881437
magnetic_norm,3.455,53.28777144054726
magnetic_norm,3.48,54.54381945647008
magnetic_norm,3.494,54.98853919049868
magnetic_norm,3.514,54.469748454463414
magnetic_norm,3.534,53.250812096906095
magnetic_norm,3.554,55.06484287893002
magnetic_norm,3.584,54.26494249858743
magnetic_norm,3.595,55.857536327249576
magnetic_norm,3.614,56.21907312459683
magnetic_norm,3.634,54.66454964222707
magnetic_norm,3.654,55.682668847339784
magnetic_norm,3.674,55.13666909757071
magnetic_norm,3.694,55.55434568808513
magnetic_norm,3.714,54.59444479088513
magnetic_norm,3.734,54.41024401939404
magnetic_norm,3.755,57.120720687417815
magnetic_norm,3.774,54.966753252193286
magnetic_norm,3.796,56.37607175329354
magnetic_norm,3.814,56.85719607243018
magnetic_norm,3.834,58.37298565839356
magnetic_norm,3.854,58.35573021317189
magnetic_norm,3.875,57.373325064114105
magnetic_norm,3.899,58.49974177443009
magnetic_norm,3.914,58.34047515576147
magnetic_norm,3.934,56.94017004881091
magnetic_norm,3.954,58.82461354420457
magnetic_norm,3.98,58.55199000642514
magnetic_norm,3.994,57.67226018459829
magnetic_norm,4.014,59.91058322325035
magnetic_norm,4.034,58.57053194386676
magnetic_norm,4.06,58.34047515576147
magnetic_norm,4.074,58.288345958905104
magnetic_norm,4.096,59.27067284954258
magnetic_norm,4.114,58.026936430958514
magnetic_norm,4.135,59.60355410638286
magnetic_norm,4.154,57.55517776034581
magnetic_norm,4.174,57.59945869309455
magnetic_norm,4.196,58.04409278761711
magnetic_norm,4.214,59.881971561981864
magnetic_norm,4.234,59.74136508337436
magnetic_norm,4.254,58.892129984723034
magnetic_norm,4.278,59.89030891189742
magnetic_norm,4.294,60.903815690193014
magnetic_norm,4.314,59.95105038247875
magnetic_norm,4.334,61.45996689410924
magnetic_norm,4.354,59.67443119356069
magnetic_norm,4.376,62.01523083827885
magnetic_norm,4.394,60.00971069981098
magnetic_norm,4.415,61.38499803850704
magnetic_norm,4.434,59.722171021635816
magnetic_norm,4.455,61.96798169720401
magnetic_norm,4.474,60.22192141913527
magnetic_norm,4.497,61.08637576467034
magnetic_norm,4.514,62.526507883157166
magnetic_norm,4.535,59.22368468748385
magnetic_norm,4.554,61.03963732106789
magnetic_norm,4.575,59.9503793737997
magnetic_norm,4.596,59.73713039778961
magnetic_norm,4.615,60.219107141338554
magnetic_norm,4.634,60.719674951575655
magnetic_norm,4.659,61.69110661675655
magnetic_norm,4.679,61.97268509139744
magnetic_norm,4.694,60.41608580636882
magnetic_norm,4.714,61.34378457207387
magnetic_norm,4.734,59.57479478993199
magnetic_norm,4.754,60.26970520709392
magnetic_norm,4.774,60.85022981673939
magnetic_norm,4.796,60.49681366795281
magnetic_norm,4.814,60.79047989364789
magnetic_norm,4.835,58.62014359565327
magnetic_norm,4.86,58.196143799761366
magnetic_norm,4.874,57.208868559865905
magnetic_norm,4.894,57.41063537958364
magnetic_norm,4.914,57.56896522356906
magnetic_norm,4.934,57.827227986909506
magnetic_norm,4.955,56.3429048974891
magnetic_norm,4.975,57.177808408616926
magnetic_norm,4.996,56.58275884810239
magnetic_norm,5.015,57.32769822989157
magnetic_norm,5.034,58.3094677446339
magnetic_norm,5.054,55.20808167231961
magnetic_norm,5.074,55.23737058742481
magnetic_norm,5.095,55.27293545805224
magnetic_norm,5.114,55.82170418148304
magnetic_norm,5.135,54.63335497935312
magnetic_norm,5.159,54.13924105374031
magnetic_norm,5.176,53.72277212551493
magnetic_norm,5.194,53.10969834808903
magnetic_norm,5.214,51.3740322777471
magnetic_norm,5.235,52.282355006254306
magnetic_norm,5.26,50.82813784607893
magnetic_norm,5.276,50.98891884578947
magnetic_norm,5.296,50.38052532043015
magnetic_norm,5.314,48.78891956043913
magnetic_norm,5.334,49.1740910224963
magnetic_norm,5.358,48.28516473255532
magnetic_norm,5.376,47.36483908159094
magnetic_norm,5.395,47.28218074007904
magnetic_norm,5.415,47.36483908159094
magnetic_norm,5.435,45.058093097550234
magnetic_norm,5.455,45.25849757780305
magnetic_norm,5.474,43.91220378602058
magnetic_norm,5.494,42.789989554742824
magnetic_norm,5.515,42.340451901078005
magnetic_norm,5.535,43.63921295973391
magnetic_norm,5.554,41.65974110901316
magnetic_norm,5.574,42.72741590960656
magnetic_norm,5.595,44.25566400021598
magnetic_norm,5.614,41.67970223172186
magnetic_norm,5.634,42.258328050826265
magnetic_norm,5.659,39.859876149158445
magnetic_norm,5.674,39.97115085248997
magnetic_norm,5.697,39.61230721395183
magnetic_norm,5.715,39.907603246436636
magnetic_norm,5.734,40.91472794941949
magnetic_norm,5.757,38.59612696712586
magnetic_norm,5.773,41.2063848802586
magnetic_norm,5.794,41.59530615015353
magnetic_norm,5.814,39.53910890261059
magnetic_norm,5.843,38.95010932463797
magnetic_norm,5.86,39.04149644672972
magnetic_norm,5.875,39.798282890974086
magnetic_norm,5.894,39.59926761434484
magnetic_norm,5.914,37.9407721551631
magnetic_norm,5.934,37.2024721310628
magnetic_norm,5.954,38.45537967128278
magnetic_norm,5.979,37.97364082559447
magnetic_norm,5.994,38.668403702021486
magnetic_norm,6.015,37.739137178730104
magnetic_norm,6.034,38.29825577337042
magnetic_norm,6.061,36.82168512503887
magnetic_norm,6.076,37.31401692896384
magnetic_norm,6.095,39.06685257910472
magnetic_norm,6.114,37.97604842594881
magnetic_norm,6.135,34.552867102456204
magnetic_norm,6.158,38.0617171200769
magnetic_norm,6.174,36.840906793766635
magnetic_norm,6.194,37.738587562003545
magnetic_norm,6.214,37.7303366399308
magnetic_norm,6.234,37.6707332106106
magnetic_norm,6.254,36.6449534516693
magnetic_norm,6.276,36.88190995189925
magnetic_norm,6.294,35.74194352333131
magnetic_norm,6.314,36.8961630108743
magnetic_norm,6.334,35.10624258280156
magnetic_norm,6.354,37.41660609375202
magnetic_norm,6.374,38.557103552717756
magnetic_norm,6.395,36.9853719024326
magnetic_norm,6.414,34.86200394035749
magnetic_norm,6.434,34.73806306074795
magnetic_norm,6.459,37.02687131616387
magnetic_norm,6.474,35.914965901939944
magnetic_norm,6.494,38.301372013447526
magnetic_norm,6.514,36.83112189083451
magnetic_norm,6.541,33.15281729600825
magnetic_norm,6.554,32.34441547837132
magnetic_norm,6.575,32.355091631766435
magnetic_norm,6.594,33.73994681827464
magnetic_norm,6.614,32.50742442504486
magnetic_norm,6.634,33.42928588846172
magnetic_norm,6.66,34.76677804474411
magnetic_norm,6.674,34.16355516976389
magnetic_norm,6.695,35.220671847829664
magnetic_norm,6.715,33.90229943141772
magnetic_norm,6.734,34.58385147272499
magnetic_norm,6.754,33.75322380436423
magnetic_norm,6.778,34.22826500697206
magnetic_norm,6.795,35.54023332031602
magnetic_norm,6.815,34.46108283321203
magnetic_norm,6.834,32.286445934594674
magnetic_norm,6.86,35.62577130638722
magnetic_norm,6.874,33.860492731758995
magnetic_norm,6.894,35.11264476136061
magnetic_norm,6.914,32.50851728201403
magnetic_norm,6.939,36.16200364764791
magnetic_norm,6.956,34.27705225584605
magnetic_norm,6.974,37.015247148810246
magnetic_norm,6.995,37.79186296545864
magnetic_norm,7.014,36.513809203505474
magnetic_norm,7.034,34.31733067405593
magnetic_norm,7.06,35.6206259383171
magnetic_norm,7.074,35.137932155293434
magnetic_norm,7.094,37.850547556046
magnetic_norm,7.114,37.068182901074394
magnetic_norm,7.135,35.72534879990677
magnetic_norm,7.155,35.61427643998612
magnetic_norm,7.175,35.00563246905775
magnetic_norm,7.195,35.038312308778515
magnetic_norm,7.214,36.67085866188574
magnetic_norm,7.241,37.912806059447114
magnetic_norm,7.257,35.27619040337264
magnetic_norm,7.275,36.72763192543184
magnetic_norm,7.294,36.86023217194928
magnetic_norm,7.314,36.48142164376279
magnetic_norm,7.334,36.93271261133213
magnetic_norm,7.357,36.85277113437334
magnetic_norm,7.374,40.26497193731183
magnetic_norm,7.394,38.22945440560204
magnetic_norm,7.415,39.18383056982817
magnetic_norm,7.441,35.66950838075849
magnetic_norm,7.456,38.502460489298734
magnetic_norm,7.474,39.04494705624532
magnetic_norm,7.494,38.888035640380515
magnetic_norm,7.514,38.355599137772586
magnetic_norm,7.535,39.17877500621353
magnetic_norm,7.557,38.21376081761976
magnetic_norm,7.575,39.46059041451991
magnetic_norm,7.594,39.04119709822563
magnetic_norm,7.614,42.05023687240066
magnetic_norm,7.634,40.009752856022615
magnetic_norm,7.655,39.301818973649425
magnetic_norm,7.674,36.98972553324776
magnetic_norm,7.694,40.316759949337445
magnetic_norm,7.715,41.33614389490152
magnetic_norm,7.741,40.76384198848906
magnetic_norm,7.755,39.09013817320186
magnetic_norm,7.775,40.972607083879836
magnetic_norm,7.794,40.33386497798717
magnetic_norm,7.814,42.03602037940202
magnetic_norm,7.835,41.14215305270861
magnetic_norm,7.858,41.34878614361014
magnetic_norm,7.874,41.55251547123842
magnetic_norm,7.894,39.0361057791374
magnetic_norm,7.914,41.196890526622276
magnetic_norm,7.939,41.50925718860799
magnetic_norm,7.956,41.116608186352146
magnetic_norm,7.975,41.286542052919614
magnetic_norm,7.995,42.96163775334932
magnetic_norm,8.014,41.96421599024887
magnetic_norm,8.034,42.33936868108098
magnetic_norm,8.06,42.82942322297265
magnetic_norm,8.075,42.991710102065035
magnetic_norm,8.095,42.074749372159076
magnetic_norm,8.115,43.11590967235878
magnetic_norm,8.139,43.25576426428626
magnetic_norm,8.155,43.55553566999263
magnetic_norm,8.174,44.168499714360976
magnetic_norm,8.194,44.64924134362485
magnetic_norm,8.222,44.59986555823347
magnetic_norm,8.235,44.278179804221864
magnetic_norm,8.259,43.61610314638677
magnetic_norm,8.275,42.233253104633185
magnetic_norm,8.295,43.114553895314806
magnetic_norm,8.314,45.16481147212396
magnetic_norm,8.334,44.58613986958279
magnetic_norm,8.358,44.37061842503439
magnetic_norm,8.375,46.269888674256926
magnetic_norm,8.394,46.727757807458524
magnetic_norm,8.415,44.354885547409026
magnetic_norm,8.435,43.841212952255326
magnetic_norm,8.458,45.6050488627631
magnetic_norm,8.474,45.879646517628096
magnetic_norm,8.495,46.459200652104556
magnetic_norm,8.515,47.981555801682845
magnetic_norm,8.539,47.27396341737701
magnetic_norm,8.555,46.641565102786906
magnetic_norm,8.574,46.81846465671958
magnetic_norm,8.594,46.89846800648193
magnetic_norm,8.622,45.610643022352846
magnetic_norm,8.639,45.54338727006645
magnetic_norm,8.655,47.71693022070364
magnetic_norm,8.675,47.536467908859194
magnetic_norm,8.695,46.50094552304825
magnetic_norm,8.714,46.58979233694866
magnetic_norm,8.734,45.95128078968543
magnetic_norm,8.756,47.477699351774625
magnetic_norm,8.775,44.65030383981176
magnetic_norm,8.795,47.807258373467775
magnetic_norm,8.815,47.80005569818937
magnetic_norm,8.839,46.4091467920119
magnetic_norm,8.854,47.28618991444548
magnetic_norm,8.874,47.53367948978401
magnetic_norm,8.895,48.915157340286676
magnetic_norm,8.914,47.44256660847941
magnetic_norm,8.938,47.66834887401702
magnetic_norm,8.955,47.41510104465675
magnetic_norm,8.975,46.85110437852565
magnetic_norm,8.994,50.27506281659432
magnetic_norm,9.016,51.32648566384863
magnetic_norm,9.034,49.77300273032067
magnetic_norm,9.055,49.22666361866314
magnetic_norm,9.075,51.44583574200881
magnetic_norm,9.095,49.57435951999283
magnetic_norm,9.122,49.52902978653025
magnetic_norm,9.135,50.69357858476752
magnetic_norm,9.157,48.952707168130694
magnetic_norm,9.174,50.78998580958164
magnetic_norm,9.195,51.70085803256803
magnetic_norm,9.215,52.53939370253048
magnetic_norm,9.241,51.30148366824029
magnetic_norm,9.255,52.70614769954501
magnetic_norm,9.274,52.27165519715253
magnetic_norm,9.294,52.38545763771186
magnetic_norm,9.314,51.51105669205889
magnetic_norm,9.341,53.59982367916432
magnetic_norm,9.355,51.48748689584685
magnetic_norm,9.375,51.004207255872615
magnetic_norm,9.395,53.21415613032404
magnetic_norm,9.415,52.37199265034235
magnetic_norm,9.434,52.38552150666255
magnetic_norm,9.458,51.160879102151874
magnetic_norm,9.476,51.816366069877084
magnetic_norm,9.496,53.18564820670614
magnetic_norm,9.515,51.61051175349359
magnetic_norm,9.537,55.16347509335321
magnetic_norm,9.557,51.807734909663914
magnetic_norm,9.574,52.597449879557026
magnetic_norm,9.594,53.501504447141485
magnetic_norm,9.614,53.89744317643467
magnetic_norm,9.64,54.23356065740567
magnetic_norm,9.656,51.93193041400449
magnetic_norm,9.675,51.79632229440865
magnetic_norm,9.695,51.32109518923489
magnetic_norm,9.714,52.014888754807586
magnetic_norm,9.741,52.186109332848424
magnetic_norm,9.754,53.05186179197673
magnetic_norm,9.774,52.717668186884936
magnetic_norm,9.795,51.7949057920154
magnetic_norm,9.822,50.16229518597622
magnetic_norm,9.835,50.88334929560705
magnetic_norm,9.854,50.51272619659822
magnetic_norm,9.874,49.75550183723417
magnetic_norm,9.894,49.44956811730017
magnetic_norm,9.915,50.96378654078809
magnetic_norm,9.937,50.067972261479284
magnetic_norm,9.955,48.69711869710587
magnetic_norm,9.975,47.677063168912824
magnetic_norm,9.994,48.35985722489784
magnetic_norm,10.019,46.48559212030113
magnetic_norm,10.034,48.09755703216647
magnetic_norm,10.054,48.39814728026797
magnetic_norm,10.075,45.22849633997364
magnetic_norm,10.094,45.31820605259004
magnetic_norm,10.114,46.11185851248029
magnetic_norm,10.136,44.446297762018425
magnetic_norm,10.154,43.89780256815254
magnetic_norm,10.174,43.832494388296105
magnetic_norm,10.195,44.273747925830826
magnetic_norm,10.215,42.46615251041122
magnetic_norm,10.234,41.07545208287428
magnetic_norm,10.256,43.158447626884126
magnetic_norm,10.274,41.81149745255492
magnetic_norm,10.295,40.48469949869956
magnetic_norm,10.314,39.80093905691805
magnetic_norm,10.337,40.64268886235881
magnetic_norm,10.357,38.83555617600969
magnetic_norm,10.374,38.781623031566134
magnetic_norm,10.394,39.656611712298464
magnetic_norm,10.414,38.0220291196433
magnetic_norm,10.439,37.570449602713104
magnetic_norm,10.454,37.976823215778595
magnetic_norm,10.474,36.04940594742865
magnetic_norm,10.495,37.90775323400219
magnetic_norm,10.516,35.307853713444565
magnetic_norm,10.534,37.608779726282
magnetic_norm,10.554,37.31463918390477
magnetic_norm,10.574,36.132853541998436
magnetic_norm,10.594,34.8139448305202
magnetic_norm,10.614,32.922016101121464
magnetic_norm,10.635,33.28560182815537
magnetic_norm,10.657,33.3997357639249
magnetic_norm,10.675,34.368014618973874
magnetic_norm,10.694,33.80825474810123
magnetic_norm,10.714,34.11087918337058
magnetic_norm,10.734,32.575157027250135
magnetic_norm,10.755,32.35902538241851
magnetic_norm,10.775,32.13873065029949
magnetic_norm,10.794,31.207689482121232
magnetic_norm,10.815,32.9224289326442
magnetic_norm,10.838,32.322222404446514
magnetic_norm,10.854,30.736609819968777
magnetic_norm,10.874,31.340950506685417
magnetic_norm,10.895,30.804562343304017
magnetic_norm,10.914,31.42003936443276
magnetic_norm,10.937,30.419747559973292
magnetic_norm,10.955,31.38504235061667
magnetic_norm,10.974,31.14824920601484
magnetic_norm,10.994,31.468790774551557
magnetic_norm,11.014,31.944478718943106
magnetic_norm,11.035,30.034597959686444
magnetic_norm,11.055,31.364250325211046
magnetic_norm,11.075,30.36240479606317
magnetic_norm,11.095,30.282226887648196
magnetic_norm,11.116,30.775063307814722
magnetic_norm,11.134,30.821454372725583
magnetic_norm,11.154,31.462513564359508
magnetic_norm,11.174,30.054361927597167
magnetic_norm,11.194,29.20653803474498
magnetic_norm,11.222,30.166705921429376
magnetic_norm,11.235,30.027236037887437
magnetic_norm,11.255,29.257553746425913
magnetic_norm,11.274,30.04799261306823
magnetic_norm,11.295,29.43851552579547
magnetic_norm,11.315,30.204156828158688
magnetic_norm,11.338,29.057898455067342
magnetic_norm,11.355,29.406235759614
magnetic_norm,11.374,28.21212299127811
magnetic_norm,11.395,29.006330829881
magnetic_norm,11.419,29.251527297946375
magnetic_norm,11.434,28.157837877090298
magnetic_norm,11.455,28.848598370848126
magnetic_norm,11.474,29.009965049746285
magnetic_norm,11.495,29.58730010388756
magnetic_norm,11.515,28.363818190610395
magnetic_norm,11.538,28.794227600553985
magnetic_norm,11.554,29.91765275594001
magnetic_norm,11.574,29.94130904891271
magnetic_norm,11.594,29.986592844136275
magnetic_norm,11.614,29.268925928363068
magnetic_norm,11.634,28.790399370493354
magnetic_norm,11.655,27.7202963957369
magnetic_norm,11.674,28.597353270342193
magnetic_norm,11.694,28.146356526866935
magnetic_norm,11.714,28.822020065611312
magnetic_norm,11.738,28.256698796037746
magnetic_norm,11.754,28.725318850710813
magnetic_norm,11.774,27.882611911929096
magnetic_norm,11.794,30.314275859733232
magnetic_norm,11.818,29.25357550262019
magnetic_norm,11.834,29.260883087536918
magnetic_norm,11.854,28.627547995113048
magnetic_norm,11.874,29.39046249049173
magnetic_norm,11.897,29.206772683745868
magnetic_norm,11.915,29.76405941063821
magnetic_norm,11.934,30.912065214289775
magnetic_norm,11.954,28.855386886052216
magnetic_norm,11.974,28.855386886052216
magnetic_norm,11.994,29.862511118666827
magnetic_norm,12.014,30.650035571961478
magnetic_norm,12.034,28.817268479810885
magnetic_norm,12.054,31.290222239742878
magnetic_norm,12.074,31.82295072329884
magnetic_norm,12.095,30.891551776537575
magnetic_norm,12.12,30.891551776537575
magnetic_norm,12.134,31.18934639203754
magnetic_norm,12.154,30.937399762867997
magnetic_norm,12.175,31.626476388462898
magnetic_norm,12.194,31.233191363115697
magnetic_norm,12.222,31.870507349860386
magnetic_norm,12.234,31.638985861986825
magnetic_norm,12.254,31.638985861986825
magnetic_norm,12.274,34.31752565872868
magnetic_norm,12.294,33.86190302629934
magnetic_norm,12.314,33.9051495665666
magnetic_norm,12.334,32.93996827981173
magnetic_norm,12.355,35.54979232534278
magnetic_norm,12.376,34.40921480958995
magnetic_norm,12.394,34.68323798238135
magnetic_norm,12.414,34.70424519752593
magnetic_norm,12.436,35.59766432980542
magnetic_norm,12.454,34.79185372179463
magnetic_norm,12.475,36.600607378669345
magnetic_norm,12.494,35.14272963484061
magnetic_norm,12.521,35.12045901506884
magnetic_norm,12.535,36.0289465926359
magnetic_norm,12.554,37.99227974993735
magnetic_norm,12.574,33.81010495491703
magnetic_norm,12.594,36.76926636904115
magnetic_norm,12.614,38.99483475660592
magnetic_norm,12.634,40.91713019949603
magnetic_norm,12.654,40.8538092786341
magnetic_norm,12.674,44.14902048197107
magnetic_norm,12.696,40.18209650391584
magnetic_norm,12.713,39.861221543468794
magnetic_norm,12.735,38.163973493990504
magnetic_norm,12.755,39.68276817571457
magnetic_norm,12.774,39.757406839260796
magnetic_norm,12.795,37.25857164079832
magnetic_norm,12.815,39.459242478394785
magnetic_norm,12.834,39.98954273092858
magnetic_norm,12.854,40.85704594502336
magnetic_norm,12.875,39.31185157590839
magnetic_norm,12.894,40.62805277089342
magnetic_norm,12.915,41.52796814122271
magnetic_norm,12.937,42.246595079071284
magnetic_norm,12.954,40.48759194787347
magnetic_norm,12.974,41.611731975489896
magnetic_norm,12.994,41.44748738668616
magnetic_norm,13.014,43.06094338434777
magnetic_norm,13.034,41.251849390360675
magnetic_norm,13.054,43.716565243737996
magnetic_norm,13.075,42.340082405741725
magnetic_norm,13.094,43.071875326743196
magnetic_norm,13.114,44.56540754116926
magnetic_norm,13.138,44.591315285462365
magnetic_norm,13.154,43.39256398711535
magnetic_norm,13.174,42.86282022773643
magnetic_norm,13.194,45.5555414786226
magnetic_norm,13.218,45.30843350594352
magnetic_norm,13.235,44.821070408904795
magnetic_norm,13.254,46.05732263199446
magnetic_norm,13.274,45.42905834873347
magnetic_norm,13.295,44.445509562974976
magnetic_norm,13.319,47.25924205137027
magnetic_norm,13.335,47.49745284973189
magnetic_norm,13.355,48.425913317161694
magnetic_norm,13.374,46.725186983975874
magnetic_norm,13.394,48.12306942010769
magnetic_norm,13.417,47.30471905965091
magnetic_norm,13.435,48.65742050681479
magnetic_norm,13.455,49.9617438241001
magnetic_norm,13.474,49.603955985082564
magnetic_norm,13.497,47.64000504632372
magnetic_norm,13.519,48.75906228623049
magnetic_norm,13.534,49.592218785435485
magnetic_norm,13.554,49.73892842633429
magnetic_norm,13.574,49.10488972915529
magnetic_norm,13.595,49.003894612647976
magnetic_norm,13.615,48.165381235644865
magnetic_norm,13.635,50.39716655651392
magnetic_norm,13.654,50.54568118976636
magnetic_norm,13.674,51.6966798201297
magnetic_norm,13.693,48.97991740665252
magnetic_norm,13.716,49.90803769496954
magnetic_norm,13.734,48.460224999993606
magnetic_norm,13.755,51.18395116379259
magnetic_norm,13.775,50.28891566799289
magnetic_norm,13.795,48.777688555322115
magnetic_norm,13.818,48.91869432499711
magnetic_norm,13.834,49.69308401226477
magnetic_norm,13.854,51.21185119237547
magnetic_norm,13.875,51.21258516651454
magnetic_norm,13.902,51.68139641979504
magnetic_norm,13.915,49.957164741406224
magnetic_norm,13.934,52.38178910568539
magnetic_norm,13.954,53.55471854176347
magnetic_norm,13.974,53.87041349154477
magnetic_norm,13.997,51.31363266228577
magnetic_norm,14.015,53.04223884379788
magnetic_norm,14.035,53.82780161368752
magnetic_norm,14.055,52.30325965236302
magnetic_norm,14.075,52.5668908539397
magnetic_norm,14.102,53.6923850079088
magnetic_norm,14.114,51.76580202870433
magnetic_norm,14.134,55.19894334076981
magnetic_norm,14.155,52.250992476100414
magnetic_norm,14.175,52.57683901170268
magnetic_norm,14.195,52.68968746366556
magnetic_norm,14.216,53.16638491971455
magnetic_norm,14.235,53.59673340325883
magnetic_norm,14.254,51.497859306722695
magnetic_norm,14.275,54.35400260203936
magnetic_norm,14.299,55.19638579336514
magnetic_norm,14.315,53.50922215013504
magnetic_norm,14.335,54.325299484333264
magnetic_norm,14.354,55.22619147650876
magnetic_norm,14.374,56.22275984688066
magnetic_norm,14.399,55.22870716778551
magnetic_norm,14.419,55.48528309943998
magnetic_norm,14.434,58.36259589915021
magnetic_norm,14.454,59.1823852533421
magnetic_norm,14.485,58.2023764785426
magnetic_norm,14.495,57.690743604152104
magnetic_norm,14.516,56.66052258065138
magnetic_norm,14.534,53.42653176910327
magnetic_norm,14.555,56.30047757390697
magnetic_norm,14.574,54.66609366760167
magnetic_norm,14.601,54.66259527764394
magnetic_norm,14.615,56.3771204004781
magnetic_norm,14.635,57.2912718987369
magnetic_norm,14.654,59.26790155482572
magnetic_norm,14.674,60.220151774032416
magnetic_norm,14.694,61.15261465730642
magnetic_norm,14.715,61.67207063878267
magnetic_norm,14.735,60.67215602729149
magnetic_norm,14.755,62.118652114622705
magnetic_norm,14.778,60.008748526881526
magnetic_norm,14.796,60.43624192103197
magnetic_norm,14.814,59.80125188123155
magnetic_norm,14.834,62.110573068520466
magnetic_norm,14.855,64.91663346862654
magnetic_norm,14.874,68.35763263253794
magnetic_norm,14.894,73.6092450707281
magnetic_norm,14.915,77.33916308585198
magnetic_norm,14.935,79.37637720261931
magnetic_norm,14.954,81.91797929506994
magnetic_norm,14.974,80.65648343730673
magnetic_norm,14.995,85.05293673020668
magnetic_norm,15.015,84.26639575306713
magnetic_norm,15.035,87.49342874746371
magnetic_norm,15.055,85.16331969225081
magnetic_norm,15.075,85.20875058507492
magnetic_norm,15.1,85.2946276099322
magnetic_norm,15.114,86.52387764455567
magnetic_norm,15.135,86.89667220685152
magnetic_norm,15.155,88.31048260370926
magnetic_norm,15.181,87.13053212953707
magnetic_norm,15.195,85.93500263488419
magnetic_norm,15.215,87.53969303493132
magnetic_norm,15.234,86.70447968632448
magnetic_norm,15.254,84.76668367289123
magnetic_norm,15.275,86.01901883631608
magnetic_norm,15.3,84.94459614397198
magnetic_norm,15.315,84.75271400167685
magnetic_norm,15.335,83.39810518164516
magnetic_norm,15.355,83.59817394835846
magnetic_norm,15.383,81.60402175865784
magnetic_norm,15.394,82.01309584831559
magnetic_norm,15.415,82.59639958179186
magnetic_norm,15.435,79.6524248652074
magnetic_norm,15.454,79.62373196255643
magnetic_norm,15.475,81.060137693721
magnetic_norm,15.495,78.23210891187843
magnetic_norm,15.514,78.57703549900887
magnetic_norm,15.534,76.93546745817254
magnetic_norm,15.555,77.76026227169328
magnetic_norm,15.576,77.01496649104968
magnetic_norm,15.594,76.93930096868576
magnetic_norm,15.617,76.80551128691873
magnetic_norm,15.634,78.39877359029607
magnetic_norm,15.655,76.57340462099096
magnetic_norm,15.674,77.99273570168275
magnetic_norm,15.695,77.00724752823594
magnetic_norm,15.715,76.91483800078825
magnetic_norm,15.736,78.46268732302003
magnetic_norm,15.756,78.48339396402598
magnetic_norm,15.775,77.98317287434514
magnetic_norm,15.794,77.7492571777218
magnetic_norm,15.814,76.22023436266782
magnetic_norm,15.834,75.85109548063565
magnetic_norm,15.855,76.68698196646548
magnetic_norm,15.883,73.3646293777697
magnetic_norm,15.895,73.77314458857985
magnetic_norm,15.915,73.12425524287417
magnetic_norm,15.934,73.20143957523999
magnetic_norm,15.954,74.32697004831087
magnetic_norm,15.974,71.53857336744991
magnetic_norm,15.995,72.64057677066589
magnetic_norm,16.015,70.42786962710504
magnetic_norm,16.035,69.62845020437054
magnetic_norm,16.058,69.45227298602258
magnetic_norm,16.077,67.80707114564098
magnetic_norm,16.094,69.55173033963645
magnetic_norm,16.114,70.86325833374451
magnetic_norm,16.135,70.4435911337043
magnetic_norm,16.155,69.8714831326058
magnetic_norm,16.175,70.16215505527181
magnetic_norm,16.2,71.95135603291297
magnetic_norm,16.215,71.0692454503001
magnetic_norm,16.234,70.586272230778
magnetic_norm,16.254,72.30547259500833
magnetic_norm,16.274,71.53813382289555
magnetic_norm,16.294,69.29211451077977
magnetic_norm,16.315,67.20508752365777
magnetic_norm,16.335,65.81618009226537
magnetic_norm,16.355,64.84782127855188
magnetic_norm,16.374,64.03937320976841
magnetic_norm,16.394,61.872596703023625
magnetic_norm,16.418,61.14416783543233
magnetic_norm,16.434,62.020896968280006
magnetic_norm,16.455,62.313070342625586
magnetic_norm,16.475,62.97978781452428
magnetic_norm,16.495,61.076758594002186
magnetic_norm,16.515,62.09638339468737
magnetic_norm,16.534,61.70348837697526
magnetic_norm,16.555,61.78100931516105
magnetic_norm,16.575,58.54088292082726
magnetic_norm,16.595,57.89610049433402
magnetic_norm,16.615,57.60562715709735
magnetic_norm,16.634,53.82664290142477
magnetic_norm,16.654,56.8118013112153
magnetic_norm,16.674,54.685316027819574
magnetic_norm,16.695,54.89083566577861
magnetic_norm,16.715,56.18898929450069
magnetic_norm,16.735,57.145541299825034
magnetic_norm,16.754,60.32502687266289
magnetic_norm,16.774,62.23407252743472
magnetic_norm,16.799,62.07230570602736
magnetic_norm,16.814,62.340718479678344
magnetic_norm,16.835,62.75596205730188
magnetic_norm,16.856,63.04774001629654
magnetic_norm,16.874,63.65331986569914
magnetic_norm,16.898,62.91388607900889
magnetic_norm,16.916,60.38866208000058
magnetic_norm,16.934,61.856750881876295
magnetic_norm,16.955,61.527142442177635
magnetic_norm,16.975,60.658941777676176
magnetic_norm,16.998,61.98992138737159
magnetic_norm,17.014,61.667975399817564
magnetic_norm,17.034,61.370449494035945
magnetic_norm,17.055,59.59841731959009
magnetic_norm,17.074,58.377304323362736
magnetic_norm,17.094,59.027751269424186
magnetic_norm,17.118,59.221479488547914
magnetic_norm,17.134,59.42504835315671
magnetic_norm,17.154,59.00906214747875
magnetic_norm,17.174,57.4894885230118
magnetic_norm,17.196,57.23896361122832
magnetic_norm,17.214,58.00159145532133
magnetic_norm,17.233,58.674683302085406
magnetic_norm,17.255,60.24661584375521
magnetic_norm,17.278,59.11909366820507
magnetic_norm,17.295,59.069235932399856
magnetic_norm,17.315,61.09065657129984
magnetic_norm,17.334,62.26109437913458
magnetic_norm,17.355,61.15649544713144
magnetic_norm,17.374,62.11128832034088
magnetic_norm,17.394,61.24444958116626
magnetic_norm,17.415,60.93766686592545
magnetic_norm,17.434,63.287766127625396
magnetic_norm,17.455,60.547620076060795
magnetic_norm,17.474,61.902306833832945
magnetic_norm,17.498,61.0520241614683
magnetic_norm,17.514,62.378998494084534
magnetic_norm,17.535,59.08136181170001
magnetic_norm,17.554,61.36083450632419
magnetic_norm,17.574,58.45808409108204
magnetic_norm,17.598,57.479920164349714
magnetic_norm,17.614,59.47290220007768
magnetic_norm,17.634,60.06391608611627
magnetic_norm,17.657,58.99110657188086
magnetic_norm,17.674,56.53437788792771
magnetic_norm,17.694,55.798535622586144
magnetic_norm,17.718,56.590538178546254
magnetic_norm,17.736,56.66598020682258
magnetic_norm,17.754,58.38430648941561
magnetic_norm,17.774,57.169604667930926
magnetic_norm,17.798,57.66574609798706
magnetic_norm,17.814,57.33470147192724
magnetic_norm,17.834,58.62840517850552
magnetic_norm,17.855,58.94096419490446
magnetic_norm,17.875,58.17443936064196
magnetic_norm,17.894,59.51089634543829
magnetic_norm,17.914,58.46373638750361
magnetic_norm,17.934,57.69177892310568
magnetic_norm,17.954,59.77066002594848
magnetic_norm,17.981,59.75114331615339
magnetic_norm,17.994,59.494309007774035
magnetic_norm,18.014,60.37813355967553
magnetic_norm,18.035,59.40744317128962
magnetic_norm,18.054,59.76428302956131
magnetic_norm,18.074,61.060284207187486
magnetic_norm,18.094,60.051807994951474
magnetic_norm,18.115,57.891735629103486
magnetic_norm,18.135,56.909317792102506
magnetic_norm,18.157,57.83375743802232
magnetic_norm,18.174,56.65168197194162
magnetic_norm,18.194,57.02067770861739
magnetic_norm,18.214,55.28995456794133
magnetic_norm,18.234,55.871835096506814
magnetic_norm,18.254,53.344085068086564
magnetic_norm,18.28,55.816876355185
magnetic_norm,18.294,55.16375317468441
magnetic_norm,18.314,57.62078535015609
magnetic_norm,18.334,58.93082622284799
magnetic_norm,18.354,58.94360198454553
magnetic_norm,18.374,60.11952372378718
magnetic_norm,18.395,58.916126959963215
magnetic_norm,18.414,59.52578600090052
magnetic_norm,18.434,61.52561563761478
magnetic_norm,18.454,59.0721366703458
magnetic_norm,18.475,60.017653187729024
magnetic_norm,18.494,57.980320581857846
magnetic_norm,18.514,55.2860089124501
magnetic_norm,18.534,55.94036450207493
magnetic_norm,18.555,55.10409042212747
magnetic_norm,18.575,53.120980887039835
magnetic_norm,18.595,51.796302368436535
magnetic_norm,18.614,52.90730835799062
magnetic_norm,18.634,50.95607481689503
magnetic_norm,18.654,51.792857037445366
magnetic_norm,18.675,50.598496711735436
magnetic_norm,18.694,49.100754983885054
magnetic_norm,18.715,50.04875874941868
magnetic_norm,18.735,49.67533466873937
magnetic_norm,18.754,49.858710920836096
magnetic_norm,18.774,47.45790046320007
magnetic_norm,18.794,48.15283520391098
magnetic_norm,18.815,46.94795203113231
magnetic_norm,18.834,45.8511318739789
magnetic_norm,18.861,46.7411364017821
magnetic_norm,18.874,46.14218052885559
magnetic_norm,18.894,47.54746384671861
magnetic_norm,18.914,48.88630224178343
magnetic_norm,18.934,47.34544065820915
magnetic_norm,18.954,47.3998405496527
magnetic_norm,18.974,46.21104306291419
magnetic_norm,18.996,46.46551961575918
magnetic_norm,19.016,46.89064616505354
magnetic_norm,19.034,50.554459308057126
magnetic_norm,19.054,49.65220565557751
magnetic_norm,19.079,49.67083234094738
magnetic_norm,19.094,49.88310202049888
magnetic_norm,19.114,48.32956724693754
magnetic_norm,19.135,49.0101565250766
magnetic_norm,19.155,45.91115444333762
magnetic_norm,19.178,48.994128198387244
magnetic_norm,19.194,46.88389790549096
magnetic_norm,19.214,46.28934730704797
magnetic_norm,19.235,46.737349140569584
magnetic_norm,19.255,45.311705596534324
magnetic_norm,19.275,45.10665627256694
magnetic_norm,19.294,45.93693749973979
magnetic_norm,19.314,44.70429942368524
magnetic_norm,19.335,45.71531856568978
magnetic_norm,19.357,47.21881922722554
magnetic_norm,19.375,46.816266519234624
magnetic_norm,19.395,46.789533658693465
magnetic_norm,19.414,49.88322325404107
magnetic_norm,19.434,53.08003351414267
magnetic_norm,19.454,50.084017882329576
magnetic_norm,19.476,50.53635989933609
magnetic_norm,19.495,52.97181296453804
magnetic_norm,19.515,54.2846100524818
magnetic_norm,19.537,53.357008457808284
magnetic_norm,19.555,53.35821241524124
magnetic_norm,19.575,54.79476786520091
magnetic_norm,19.594,53.32685914480619
magnetic_norm,19.614,54.56731636601495
magnetic_norm,19.635,53.829271123502124
magnetic_norm,19.654,53.687317534148725
magnetic_norm,19.675,54.33507170523017
magnetic_norm,19.695,55.70301161866169
magnetic_norm,19.715,57.53119059443973
magnetic_norm,19.735,58.16037875306533
magnetic_norm,19.753,59.17762589230832
magnetic_norm,19.774,56.4305383995448
magnetic_norm,19.796,56.17259048570753
magnetic_norm,19.815,56.317497297243364
magnetic_norm,19.84,58.26108783452741
magnetic_norm,19.854,56.528014510462015
magnetic_norm,19.874,54.64594135203456
magnetic_norm,19.894,49.68078914341556
magnetic_norm,19.913,55.7072767895946
magnetic_norm,19.933,48.353080062830536
magnetic_norm,19.954,55.896143525068
magnetic_norm,19.974,61.7876500081125
magnetic_norm,19.994,60.15769549619155
magnetic_norm,20.014,58.799988186861164
magnetic_norm,20.033,57.31814391796026
magnetic_norm,20.056,53.24726213912322
magnetic_norm,20.074,51.160497228941296
magnetic_norm,20.094,52.089675922153795
magnetic_norm,20.115,51.62091606570442
magnetic_norm,20.135,50.512740803434944
magnetic_norm,20.155,52.655601998980124
magnetic_norm,20.18,50.356349680303474
magnetic_norm,20.194,52.1708100853581
magnetic_norm,20.214,53.09399222193134
magnetic_norm,20.234,50.55876942109055
magnetic_norm,20.254,51.63074168300809
magnetic_norm,20.277,49.964796117491574
magnetic_norm,20.295,52.01431847145554
magnetic_norm,20.314,51.17585719238125
magnetic_norm,20.334,52.17727214123027
magnetic_norm,20.358,51.655412232045045
magnetic_norm,20.375,52.25726546412001
magnetic_norm,20.394,50.72529351245789
magnetic_norm,20.415,51.45366923869473
magnetic_norm,20.434,52.72253220327158
magnetic_norm,20.454,50.20580967124223
magnetic_norm,20.478,48.810556449194564
magnetic_norm,20.494,49.52923100902143
magnetic_norm,20.514,49.17036197193641
magnetic_norm,20.546,48.98502992011955
magnetic_norm,20.559,49.23094964471033
magnetic_norm,20.575,51.325808341783656
magnetic_norm,20.594,48.29502897109341
magnetic_norm,20.614,50.24390355398856
magnetic_norm,20.634,50.14708794822985
magnetic_norm,20.655,49.60481910157524
magnetic_norm,20.675,47.3379006616264
magnetic_norm,20.695,49.487105284482986
magnetic_norm,20.714,50.91045277439351
magnetic_norm,20.734,50.032098610292216
magnetic_norm,20.758,47.51495021390114
magnetic_norm,20.774,48.75811230891481
magnetic_norm,20.794,46.53971440984575
magnetic_norm,20.814,47.39031102639816
magnetic_norm,20.834,47.33446121709324
magnetic_norm,20.858,46.446176981803404
magnetic_norm,20.874,46.44172507697146
magnetic_norm,20.894,45.228217440194456
magnetic_norm,20.914,45.158163454269264
magnetic_norm,20.934,46.52276837904215
magnetic_norm,20.958,44.67995573031044
magnetic_norm,20.975,45.83503758520877
magnetic_norm,20.994,43.71022134981708
magnetic_norm,21.014,44.35042582560515
magnetic_norm,21.034,44.657603635887135
magnetic_norm,21.054,43.50782611806769
magnetic_norm,21.074,45.293686250817565
magnetic_norm,21.094,46.44778486348947
magnetic_norm,21.114,45.04763531085734
magnetic_norm,21.135,44.66539669397329
magnetic_norm,21.157,43.8081265675103
magnetic_norm,21.175,44.884481159555605
magnetic_norm,21.194,44.54460991698379
magnetic_norm,21.214,44.8707292338224
magnetic_norm,21.235,44.686505670755906
magnetic_norm,21.254,43.147807827426185
magnetic_norm,21.275,44.483631118648574
magnetic_norm,21.295,44.78493569695061
magnetic_norm,21.314,43.849868924405015
magnetic_norm,21.34,44.18337463350904
magnetic_norm,21.354,44.076596149487315
magnetic_norm,21.375,42.573042802194685
magnetic_norm,21.395,44.67025310035752
magnetic_norm,21.414,44.753404341122526
magnetic_norm,21.434,43.09866860994664
magnetic_norm,21.46,44.17910665597485
magnetic_norm,21.474,45.23023551950621
magnetic_norm,21.495,42.843175925781935
magnetic_norm,21.514,42.32538305562042
magnetic_norm,21.534,45.21260327470926
magnetic_norm,21.555,43.38859701811076
magnetic_norm,21.577,45.50901401041342
magnetic_norm,21.594,43.94291405505562
magnetic_norm,21.613,46.01109825615447
magnetic_norm,21.634,44.74236411143247
magnetic_norm,21.654,44.35458165942398
magnetic_norm,21.675,44.81062504341186
magnetic_norm,21.694,43.50782611806769
magnetic_norm,21.715,42.334852815381375
magnetic_norm,21.734,43.661234845398084
magnetic_norm,21.754,44.41751943166684
magnetic_norm,21.774,43.36776101336683
magnetic_norm,21.794,43.21173786846001
magnetic_norm,21.814,43.50406096346064
magnetic_norm,21.835,44.77276404132321
magnetic_norm,21.854,43.97874353380847
magnetic_norm,21.874,43.80393483952104
magnetic_norm,21.894,43.89208801851423
magnetic_norm,21.914,43.94226888956127
magnetic_norm,21.935,43.4523602153842
magnetic_norm,21.954,43.258600801748145
magnetic_norm,21.975,43.45010645815498
magnetic_norm,21.995,44.680652818501926
magnetic_norm,22.014,43.21674442114438
magnetic_norm,22.034,44.90662578130871
magnetic_norm,22.054,41.588320331404354
magnetic_norm,22.074,44.19602135826257
magnetic_norm,22.094,42.90985763012389
magnetic_norm,22.114,43.562355631037676
magnetic_norm,22.135,42.912413523070455
magnetic_norm,22.153,43.91886886649635
magnetic_norm,22.174,43.17437390976272
magnetic_norm,22.194,41.34386684201183
magnetic_norm,22.215,43.269782233967916
magnetic_norm,22.235,41.05338262433443
magnetic_norm,22.254,43.03775200332855
magnetic_norm,22.274,42.52428074788567
magnetic_norm,22.294,42.94422430883469
magnetic_norm,22.314,43.55838138349498
magnetic_norm,22.341,43.036496570788664
magnetic_norm,22.354,45.75188491731795
magnetic_norm,22.374,43.111114672784794
magnetic_norm,22.394,41.006335733792405
magnetic_norm,22.416,43.069027535022194
magnetic_norm,22.434,43.562529932988326
magnetic_norm,22.461,42.24057078582746
magnetic_norm,22.474,42.163385653016576
magnetic_norm,22.494,42.7750208002581
magnetic_norm,22.515,43.02034135237671
magnetic_norm,22.542,41.8122519611477
magnetic_norm,22.554,40.36598082838445
magnetic_norm,22.574,41.52972203735537
magnetic_norm,22.594,43.71057996054855
magnetic_norm,22.614,43.23209924118893
magnetic_norm,22.634,43.79643066492415
magnetic_norm,22.655,40.588976353500335
magnetic_norm,22.674,43.684888837846444
magnetic_norm,22.695,43.53057947968877
magnetic_norm,22.714,43.31756001568547
magnetic_norm,22.734,43.18937621062041
magnetic_norm,22.754,45.25317136220954
magnetic_norm,22.775,42.585940019124884
magnetic_norm,22.794,45.705828242003236
magnetic_norm,22.814,44.155168091204274
magnetic_norm,22.834,44.98552020122708
magnetic_norm,22.854,43.5911695705105
magnetic_norm,22.875,44.48993230229183
magnetic_norm,22.894,44.27084681734698
magnetic_norm,22.915,45.23541760197429
magnetic_norm,22.942,44.025079104699074
magnetic_norm,22.954,44.39813789380708
magnetic_norm,22.975,45.10073428947705
magnetic_norm,22.994,44.293397680974984
magnetic_norm,23.014,43.85994411034412
magnetic_norm,23.034,45.17893978877225
magnetic_norm,23.054,44.070884575874054
magnetic_norm,23.074,43.45233277282135
magnetic_norm,23.095,44.710905835293765
magnetic_norm,23.115,43.76609162039722
magnetic_norm,23.139,45.13187520505885
magnetic_norm,23.154,44.9602570274571
magnetic_norm,23.174,45.350711765638266
magnetic_norm,23.194,44.940214490893354
magnetic_norm,23.217,47.04735189479319
magnetic_norm,23.234,45.531816651930384
magnetic_norm,23.254,46.647704822558126
magnetic_norm,23.274,46.10994279152281
magnetic_norm,23.293,46.88417201905672
magnetic_norm,23.314,45.04275312827803
magnetic_norm,23.335,46.3643260926437
magnetic_norm,23.354,43.29386810897706
magnetic_norm,23.375,44.33877086210781
magnetic_norm,23.395,46.61911667961447
magnetic_norm,23.416,46.924647937144975
magnetic_norm,23.434,45.35071922665615
magnetic_norm,23.454,44.57000230045434
magnetic_norm,23.475,45.266299130948454
magnetic_norm,23.495,46.657810978307815
magnetic_norm,23.515,46.05391320954718
magnetic_norm,23.535,45.43883294124641
magnetic_norm,23.554,44.49164195343328
magnetic_norm,23.574,46.25113073212388
magnetic_norm,23.594,47.53202328601741
magnetic_norm,23.615,48.08194329657446
magnetic_norm,23.635,47.949311615235935
magnetic_norm,23.654,46.362429947372405
magnetic_norm,23.675,47.341314628055066
magnetic_norm,23.695,48.01119778017938
magnetic_norm,23.714,46.12501905487411
magnetic_norm,23.742,47.057756235024634
magnetic_norm,23.754,47.85781273757726
magnetic_norm,23.776,47.34247646801972
magnetic_norm,23.794,46.856021157904564
magnetic_norm,23.815,47.58838366831242
magnetic_norm,23.835,47.82840578019511
magnetic_norm,23.854,45.72584048653463
magnetic_norm,23.875,47.26971314964795
magnetic_norm,23.894,47.654143344519426
magnetic_norm,23.915,49.37699916838811
magnetic_norm,23.935,45.50070687706402
magnetic_norm,23.955,47.437478527267885
magnetic_norm,23.975,48.25873631711681
magnetic_norm,23.994,48.5360610488481
magnetic_norm,24.014,46.987248190865664
magnetic_norm,24.034,47.37874276112656
magnetic_norm,24.059,46.859866590319065
magnetic_norm,24.075,47.51775696055633
magnetic_norm,24.095,48.27082461500435
magnetic_norm,24.115,48.058448577877556
magnetic_norm,24.14,48.022889285865645
magnetic_norm,24.154,48.198111236722795
magnetic_norm,24.174,47.348054742512964
magnetic_norm,24.194,47.9510022891858
magnetic_norm,24.223,48.02758240714392
magnetic_norm,24.235,46.775485856910144
magnetic_norm,24.255,48.35517465302966
magnetic_norm,24.274,47.89119588087158
magnetic_norm,24.294,47.40753937468704
magnetic_norm,24.314,46.39778126524483
magnetic_norm,24.335,46.988749484584076
magnetic_norm,24.355,47.87441622986124
magnetic_norm,24.375,47.073355468353945
magnetic_norm,24.395,47.68020706527501
magnetic_norm,24.414,47.95129488071739
magnetic_norm,24.434,47.286968424847245
magnetic_norm,24.454,46.169841209116164
magnetic_norm,24.475,45.80903406930237
magnetic_norm,24.495,47.53222546415232
magnetic_norm,24.514,46.455644167312975
magnetic_norm,24.54,45.19994684842009
magnetic_norm,24.554,45.445971559919414
magnetic_norm,24.574,47.16869377762658
magnetic_norm,24.594,47.08820539025671
magnetic_norm,24.615,45.91713626155821
magnetic_norm,24.637,45.1310792867565
magnetic_norm,24.655,46.08392895969819
magnetic_norm,24.675,44.975520207803186
magnetic_norm,24.695,45.41765944060196
magnetic_norm,24.72,46.16155043621267
magnetic_norm,24.734,45.68650762998858
magnetic_norm,24.754,44.86914470198323
magnetic_norm,24.775,45.14072997485202
magnetic_norm,24.796,45.094809044944505
magnetic_norm,24.816,44.96699483537909
magnetic_norm,24.834,45.09066670456871
magnetic_norm,24.854,44.547570506145505
magnetic_norm,24.874,45.91815366946393
magnetic_norm,24.895,45.35735264596033
magnetic_norm,24.914,45.377442266505106
magnetic_norm,24.936,43.402264935859044
magnetic_norm,24.954,44.39256323318704
magnetic_norm,24.975,46.215072965700315
magnetic_norm,24.994,45.46889390121563
magnetic_norm,25.023,44.00134623039963
magnetic_norm,25.035,44.21413005900942
magnetic_norm,25.056,43.67215127372363
magnetic_norm,25.075,43.406331310075046
magnetic_norm,25.095,43.15011934688019
magnetic_norm,25.122,42.65758544854597
magnetic_norm,25.134,43.07936473852651
magnetic_norm,25.154,43.5336783171949
magnetic_norm,25.175,43.650528429361586
magnetic_norm,25.204,45.08269052363672
magnetic_norm,25.215,44.81187890908513
magnetic_norm,25.235,43.97026116806108
magnetic_norm,25.255,41.791036344831326
magnetic_norm,25.274,43.23294896603757
magnetic_norm,25.295,42.581593116627296
magnetic_norm,25.315,43.722912011896106
magnetic_norm,25.335,40.7339426571993
magnetic_norm,25.354,42.338538248119775
magnetic_norm,25.375,42.6683145457493
magnetic_norm,25.395,42.038311209835726
magnetic_norm,25.415,43.35492441623564
magnetic_norm,25.434,42.779622310745204
magnetic_norm,25.455,41.30570553613025
magnetic_norm,25.474,42.05558404778145
magnetic_norm,25.507,41.661409726058345
magnetic_norm,25.519,42.99991959701787
magnetic_norm,25.534,43.30460374775418
magnetic_norm,25.554,42.08527457650727
magnetic_norm,25.574,42.3491321210512
magnetic_norm,25.595,42.231352268545706
magnetic_norm,25.622,42.522851460714676
magnetic_norm,25.635,42.33619849195255
magnetic_norm,25.655,42.57194671288839
magnetic_norm,25.675,43.05107152359862
magnetic_norm,25.694,42.103969900206664
magnetic_norm,25.714,41.63183821150292
magnetic_norm,25.735,41.82707128469562
magnetic_norm,25.755,41.8806743878368
magnetic_norm,25.776,41.8409348380865
magnetic_norm,25.795,41.518051489999515
magnetic_norm,25.822,41.1758324710928
magnetic_norm,25.834,42.168923591461386
magnetic_norm,25.854,41.412446405338244
magnetic_norm,25.874,40.631187520948814
magnetic_norm,25.895,41.47277240129968
magnetic_norm,25.915,41.22232167997698
magnetic_norm,25.934,40.69269521210175
magnetic_norm,25.954,42.10992033505882
magnetic_norm,25.974,41.67420869584694
magnetic_norm,25.994,42.85125370350908
magnetic_norm,26.014,41.77768295603537
magnetic_norm,26.039,39.869202874838145
magnetic_norm,26.054,39.31030891079974
magnetic_norm,26.074,41.39643861085764
magnetic_norm,26.094,42.92566703762447
magnetic_norm,26.114,41.91737723546168
magnetic_norm,26.138,40.537662989034146
magnetic_norm,26.154,40.35319610622571
magnetic_norm,26.175,41.14699391040008
magnetic_norm,26.195,42.88608161586355
magnetic_norm,26.214,41.5929373312045
magnetic_norm,26.237,42.06532800151453
magnetic_norm,26.254,41.22991033157859
magnetic_norm,26.274,40.948755855184444
magnetic_norm,26.3,43.00176646458856
magnetic_norm,26.315,43.22134108284935
magnetic_norm,26.335,43.24095622526174
magnetic_norm,26.355,42.40696698214812
magnetic_norm,26.376,41.74794599198874
magnetic_norm,26.395,42.89104463040634
magnetic_norm,26.418,41.28190561689832
magnetic_norm,26.434,40.12802987205464
magnetic_norm,26.455,42.385003068449926
magnetic_norm,26.475,41.68915755445298
magnetic_norm,26.495,42.68303173495881
magnetic_norm,26.515,41.84004539538055
magnetic_norm,26.536,41.08743249918398
magnetic_norm,26.554,41.44606244657036
magnetic_norm,26.575,41.82805450950365
magnetic_norm,26.595,42.188362868509145
magnetic_norm,26.616,42.18482568190252
magnetic_norm,26.634,42.47918368521812
magnetic_norm,26.655,41.288217777593744
magnetic_norm,26.675,43.409656335457235
magnetic_norm,26.694,41.95435409987274
magnetic_norm,26.714,41.048684279005876
magnetic_norm,26.735,40.930567893537734
magnetic_norm,26.754,41.1747014697739
magnetic_norm,26.775,42.253544490373834
magnetic_norm,26.794,41.736968009188324
magnetic_norm,26.814,41.47945070875462
magnetic_norm,26.834,42.123012001013294
magnetic_norm,26.855,41.70445872116087
magnetic_norm,26.875,40.42514562265058
magnetic_norm,26.895,42.28978433824178
magnetic_norm,26.915,41.30243684169858
magnetic_norm,26.936,41.59085592861729
magnetic_norm,26.955,38.92923601131932
magnetic_norm,26.974,41.90149365759533
magnetic_norm,26.994,42.040542542883635
magnetic_norm,27.014,38.83647117337008
magnetic_norm,27.034,40.85132836533596
magnetic_norm,27.054,42.14033494661035
magnetic_norm,27.075,39.56654339053389
magnetic_norm,27.097,41.06064507956505
magnetic_norm,27.114,41.24053016299621
magnetic_norm,27.134,40.686750381573916
magnetic_norm,27.155,37.089919247687845
magnetic_norm,27.174,40.45637472497384
magnetic_norm,27.195,41.51247307722714
magnetic_norm,27.214,38.723991173592964
magnetic_norm,27.234,39.265338720205904
magnetic_norm,27.254,39.62698418928068
magnetic_norm,27.274,39.40696470406595
magnetic_norm,27.294,40.508597511053146
magnetic_norm,27.315,39.42314946988636
magnetic_norm,27.337,40.11150804756673
magnetic_norm,27.355,39.76631003830378
magnetic_norm,27.374,38.68486739653506
magnetic_norm,27.394,40.8741487631547
magnetic_norm,27.417,40.61551668158981
magnetic_norm,27.435,40.70642273109368
magnetic_norm,27.454,40.91171812039309
magnetic_norm,27.474,40.07881907410703
magnetic_norm,27.502,41.02257476835163
magnetic_norm,27.514,38.946804253366025
magnetic_norm,27.534,41.11540046275246
magnetic_norm,27.554,37.52042096878725
magnetic_norm,27.577,38.93228551376101
magnetic_norm,27.595,39.63721617684572
magnetic_norm,27.615,37.8386105406898
magnetic_norm,27.635,39.16599210396061
magnetic_norm,27.655,37.215786951071046
magnetic_norm,27.675,39.697378577180686
magnetic_norm,27.699,39.26543511378689
magnetic_norm,27.714,38.22586132204873
magnetic_norm,27.735,36.891662548941866
magnetic_norm,27.754,39.09292301293166
magnetic_norm,27.775,38.79354013283023
magnetic_norm,27.803,37.791263820822515
magnetic_norm,27.814,39.12462360042586
magnetic_norm,27.834,38.603331523004606
magnetic_norm,27.854,39.250491011100756
magnetic_norm,27.875,37.34684720679246
magnetic_norm,27.903,36.33798902601795
magnetic_norm,27.914,37.794370247432425
magnetic_norm,27.934,36.89267109942041
magnetic_norm,27.954,38.07674773867918
magnetic_norm,27.974,36.79222585496155
magnetic_norm,27.995,37.71701313923202
magnetic_norm,28.014,38.873643325844846
magnetic_norm,28.034,38.161375664669244
magnetic_norm,28.054,36.78317100573985
magnetic_norm,28.075,39.12339746519979
magnetic_norm,28.094,39.76267196636816
magnetic_norm,28.118,37.5952306871498
magnetic_norm,28.134,37.705138030694904
magnetic_norm,28.154,37.441165012923996
magnetic_norm,28.175,39.89819369510981
magnetic_norm,28.195,36.92647037458373
magnetic_norm,28.218,40.42171729528573
magnetic_norm,28.234,40.23039388929104
magnetic_norm,28.254,38.68037298268982
magnetic_norm,28.275,38.42962228785899
magnetic_norm,28.302,39.03892742692863
magnetic_norm,28.314,38.18140301999142
magnetic_norm,28.334,39.03354809199395
magnetic_norm,28.355,37.044375839221665
magnetic_norm,28.374,39.68042438826107
magnetic_norm,28.394,39.68042438826107
magnetic_norm,28.414,38.806341127771944
magnetic_norm,28.436,37.41587335921081
magnetic_norm,28.455,37.830540592737385
magnetic_norm,28.474,38.39224101675694
magnetic_norm,28.501,38.33066668380565
magnetic_norm,28.514,38.60082449627865
magnetic_norm,28.535,38.77575299399421
magnetic_norm,28.554,38.060650244708185
magnetic_norm,28.575,39.13032461771177
magnetic_norm,28.599,38.73968569729251
magnetic_norm,28.615,37.18052908378263
magnetic_norm,28.634,37.83986922711283
magnetic_norm,28.654,37.161561721757735
magnetic_norm,28.674,37.31288694472732
magnetic_norm,28.701,37.88036775428678
magnetic_norm,28.714,37.08800239801276
magnetic_norm,28.734,38.675455881120534
magnetic_norm,28.754,37.7147336304063
magnetic_norm,28.774,36.085016800605764
magnetic_norm,28.795,36.82313388805332
magnetic_norm,28.814,39.04016417469975
magnetic_norm,28.834,37.76194638819616
magnetic_norm,28.854,37.37102055570614
magnetic_norm,28.881,36.737419915190074
magnetic_norm,28.894,38.14950493207612
magnetic_norm,28.914,37.31228358932218
magnetic_norm,28.934,37.11456292683507
magnetic_norm,28.954,36.210976028167295
magnetic_norm,28.974,36.7656710847565
magnetic_norm,28.995,37.31288694472732
magnetic_norm,29.018,36.88974768448548
magnetic_norm,29.035,36.72797473248436
magnetic_norm,29.055,37.245496036769346
magnetic_norm,29.074,35.494074018066804
magnetic_norm,29.095,38.38774216367784
magnetic_norm,29.114,37.55665024299966
magnetic_norm,29.135,35.163609870148456
magnetic_norm,29.155,36.24973193521583
magnetic_norm,29.183,35.934599071438114
magnetic_norm,29.195,35.449214911793206
magnetic_norm,29.214,37.245496036769346
magnetic_norm,29.234,36.798820127315295
magnetic_norm,29.254,36.412675909976805
magnetic_norm,29.275,35.62882091614884
magnetic_norm,29.302,36.64993243615888
magnetic_norm,29.314,35.4195300686994
magnetic_norm,29.335,33.67711922618976
magnetic_norm,29.354,35.46626343477701
magnetic_norm,29.374,34.625980920220876
magnetic_norm,29.395,35.06429514067695
magnetic_norm,29.415,35.43749131216828
magnetic_norm,29.435,34.41334603554994
magnetic_norm,29.454,35.69445074150184
magnetic_norm,29.474,35.39376923026146
magnetic_norm,29.499,34.3518531039448
magnetic_norm,29.514,34.84686487368702
magnetic_norm,29.534,33.927331866800266
magnetic_norm,29.555,34.58678494436141
magnetic_norm,29.574,35.07558450297022
magnetic_norm,29.601,35.41248865672259
magnetic_norm,29.614,34.863407051663835
magnetic_norm,29.634,34.39061025628953
magnetic_norm,29.654,34.05990131866947
magnetic_norm,29.674,35.28713760122096
magnetic_norm,29.701,35.01744311571741
magnetic_norm,29.715,34.93379117165785
magnetic_norm,29.735,33.873411826054735
magnetic_norm,29.755,34.18903191942564
magnetic_norm,29.774,34.40556270812186
magnetic_norm,29.794,34.21903466237768
magnetic_norm,29.817,32.71600128052793
magnetic_norm,29.834,34.25035912074502
magnetic_norm,29.854,32.32394670905773
magnetic_norm,29.875,33.15840355871344
magnetic_norm,29.895,34.485798989221706
magnetic_norm,29.915,33.955387049774636
magnetic_norm,29.934,34.28703533061005
magnetic_norm,29.955,33.354549947121235
magnetic_norm,29.981,35.68889500338305
magnetic_norm,29.994,34.71763562351999
magnetic_norm,30.014,35.30176947512691
magnetic_norm,30.034,34.515354796090435
magnetic_norm,30.055,32.82200246347716
magnetic_norm,30.077,35.581740606138155
magnetic_norm,30.094,35.329948027134215
magnetic_norm,30.114,35.51067094497802
magnetic_norm,30.135,35.35523402871214
magnetic_norm,30.154,35.20845152126121
magnetic_norm,30.174,35.37737458902936
magnetic_norm,30.194,34.93943183031173
magnetic_norm,30.214,36.309441935776164
magnetic_norm,30.234,35.257930123413445
magnetic_norm,30.254,35.17596535242496
magnetic_norm,30.274,35.28746754621258
magnetic_norm,30.299,36.37270492708098
magnetic_norm,30.314,36.17528171400329
magnetic_norm,30.334,35.93353761964581
magnetic_norm,30.354,35.75881611138014
magnetic_norm,30.374,35.53802455100038
magnetic_norm,30.394,36.63601333370625
magnetic_norm,30.415,36.06793394935452
magnetic_norm,30.434,36.19411532797839
magnetic_norm,30.455,36.59405401188834
magnetic_norm,30.474,35.801804632238905
magnetic_norm,30.494,37.78322265321607
magnetic_norm,30.514,37.51896156462092
magnetic_norm,30.534,36.05652949605665
magnetic_norm,30.554,36.37395861292809
magnetic_norm,30.574,35.661026191943776
magnetic_norm,30.599,38.33727665797351
magnetic_norm,30.617,37.790014858259866
magnetic_norm,30.634,36.591210178641276
magnetic_norm,30.654,40.343327469669696
magnetic_norm,30.674,36.56150200894385
magnetic_norm,30.694,40.07646839418371
magnetic_norm,30.714,40.941418228518906
magnetic_norm,30.734,39.47360455133279
magnetic_norm,30.755,39.66491813586675
magnetic_norm,30.783,37.51896156462092
magnetic_norm,30.794,38.164802358980054
magnetic_norm,30.815,38.14729386634132
magnetic_norm,30.835,38.69739310163542
magnetic_norm,30.855,39.00142914833379
magnetic_norm,30.874,38.55272844624624
magnetic_norm,30.895,38.97509750629254
magnetic_norm,30.915,39.929235458026305
magnetic_norm,30.934,37.79655172813396
magnetic_norm,30.954,38.98153884164273
magnetic_norm,30.974,39.606986648349064
magnetic_norm,30.994,40.32915797400809
magnetic_norm,31.016,39.55974552686103
magnetic_norm,31.037,38.26737238049539
magnetic_norm,31.054,39.64273705942237
magnetic_norm,31.074,42.12928489044171
magnetic_norm,31.094,41.43128515113912
magnetic_norm,31.115,41.44675965681758
magnetic_norm,31.134,42.94386961488217
magnetic_norm,31.158,41.73453922786857
magnetic_norm,31.175,43.187542963075586
magnetic_norm,31.194,45.90772669156586
magnetic_norm,31.216,43.05497730983029
magnetic_norm,31.233,43.968836879658404
magnetic_norm,31.256,44.106447787908614
magnetic_norm,31.275,41.68547570527414
magnetic_norm,31.294,44.23927709391848
magnetic_norm,31.316,42.48226900962634
magnetic_norm,31.334,45.275337346893394
magnetic_norm,31.358,43.628234265782574
magnetic_norm,31.375,41.71751420133705
magnetic_norm,31.394,44.29283830358471
magnetic_norm,31.414,41.140023916512966
magnetic_norm,31.435,42.088658000701436
magnetic_norm,31.456,41.05378339300776
magnetic_norm,31.475,42.923619481294914
magnetic_norm,31.494,39.39846815105892
magnetic_norm,31.514,39.46255457930974
magnetic_norm,31.535,40.13623113565848
magnetic_norm,31.555,40.77261003464838
magnetic_norm,31.574,40.010711944584294
magnetic_norm,31.594,41.43445413638268
magnetic_norm,31.614,41.71024211000219
magnetic_norm,31.634,41.593083264438334
magnetic_norm,31.654,39.91068209066966
magnetic_norm,31.675,42.18513643876845
magnetic_norm,31.694,42.78316560386223
magnetic_norm,31.714,41.49268278067232
magnetic_norm,31.739,42.081176544418355
magnetic_norm,31.754,41.03791310414985
magnetic_norm,31.774,41.80047936887209
magnetic_norm,31.794,40.86105002505454
magnetic_norm,31.814,39.82240016231442
magnetic_norm,31.835,40.91118205989047
magnetic_norm,31.855,44.29655614604834
magnetic_norm,31.874,43.69054576292793
magnetic_norm,31.894,42.68636022875169
magnetic_norm,31.914,41.81544842008159
magnetic_norm,31.94,43.996234746566664
magnetic_norm,31.955,43.43855034701319
magnetic_norm,31.974,42.389676823830115
magnetic_norm,31.994,42.219011386163565
magnetic_norm,32.015,43.030953388433126
magnetic_norm,32.034,41.638935009795865
magnetic_norm,32.054,42.632871560129566
magnetic_norm,32.074,41.8871583281948
magnetic_norm,32.094,42.080380677876484
magnetic_norm,32.114,40.77845960122524
magnetic_norm,32.134,43.00616507510144
magnetic_norm,32.155,42.43491261965201
magnetic_norm,32.174,41.725402560155125
magnetic_norm,32.194,42.150555888238344
magnetic_norm,32.214,40.49177166598177
magnetic_norm,32.234,43.767503027089155
magnetic_norm,32.255,40.70108664811671
magnetic_norm,32.275,42.373914846282545
magnetic_norm,32.295,39.92689339671326
magnetic_norm,32.314,40.52607391282191
magnetic_norm,32.333,41.56383393122566
magnetic_norm,32.354,39.891036216705494
magnetic_norm,32.374,40.79646081984329
magnetic_norm,32.395,41.63524367197819
magnetic_norm,32.414,41.83398971306108
magnetic_norm,32.435,42.715357252544486
magnetic_norm,32.454,40.971495903402165
magnetic_norm,32.474,40.588853169312436
magnetic_norm,32.494,40.8320664346664
magnetic_norm,32.514,40.93238022947117
magnetic_norm,32.535,40.74256354692228
magnetic_norm,32.554,39.26632985618856
magnetic_norm,32.574,42.956246712789074
magnetic_norm,32.595,40.29910569944463
magnetic_norm,32.614,39.648543479553055
magnetic_norm,32.635,40.197504814820334
magnetic_norm,32.654,41.42652506924159
magnetic_norm,32.674,39.47136262231784
magnetic_norm,32.694,39.01840189705379
magnetic_norm,32.714,39.469519297490955
magnetic_norm,32.735,40.510022498296706
magnetic_norm,32.754,39.52629011319556
magnetic_norm,32.774,38.985601308367684
magnetic_norm,32.794,36.28407652090659
magnetic_norm,32.814,39.43700963213364
magnetic_norm,32.834,39.4186677500331
magnetic_norm,32.856,37.832437054233
magnetic_norm,32.874,36.332131971919914
magnetic_norm,32.894,39.06936918258349
magnetic_norm,32.914,38.93664926839494
magnetic_norm,32.934,37.750765654983844
magnetic_norm,32.954,39.11685961848805
magnetic_norm,32.975,40.31077956142755
magnetic_norm,32.995,38.38397591248207
magnetic_norm,33.014,39.819726993194024
magnetic_norm,33.034,40.65972485196501
magnetic_norm,33.054,39.96374737590314
magnetic_norm,33.074,37.652812054347336
magnetic_norm,33.097,38.86696468596438
magnetic_norm,33.114,39.07666475580408
magnetic_norm,33.135,40.4875895772396
magnetic_norm,33.155,38.069987808311765
magnetic_norm,33.174,36.6168157758495
magnetic_norm,33.194,40.309043080151405
magnetic_norm,33.214,35.93784343748947
magnetic_norm,33.234,37.2502824365132
magnetic_norm,33.255,39.19554758802336
magnetic_norm,33.274,39.227059544879324
magnetic_norm,33.294,38.19246202344778
magnetic_norm,33.315,37.65528571661623
magnetic_norm,33.334,39.4801103940326
magnetic_norm,33.354,38.04139347063275
magnetic_norm,33.374,39.16265202460125
magnetic_norm,33.394,39.24608938368897
magnetic_norm,33.414,37.71207364525324
magnetic_norm,33.435,39.365740692733084
magnetic_norm,33.454,38.71637308248934
magnetic_norm,33.474,37.80209003200094
magnetic_norm,33.494,37.76301967368352
magnetic_norm,33.514,35.968860174027675
magnetic_norm,33.534,37.38805764804797
magnetic_norm,33.555,37.230556115407424
magnetic_norm,33.577,37.00152567851099
magnetic_norm,33.594,36.517045317461026
magnetic_norm,33.614,34.22354016072136
magnetic_norm,33.634,36.75293269086667
magnetic_norm,33.654,36.21680119899475
magnetic_norm,33.674,36.65312806398657
magnetic_norm,33.695,34.74939201410586
magnetic_norm,33.715,33.86369467493913
magnetic_norm,33.734,34.15021114649222
magnetic_norm,33.754,35.229929893841756
magnetic_norm,33.774,35.51549525172078
magnetic_norm,33.795,33.63197069939554
magnetic_norm,33.814,33.88822871005512
magnetic_norm,33.835,36.22058396996106
magnetic_norm,33.855,33.98573478093421
magnetic_norm,33.874,35.65961640550133
magnetic_norm,33.894,34.097560833767915
magnetic_norm,33.916,33.54872427678889
magnetic_norm,33.935,36.088393941144766
magnetic_norm,33.955,34.27412970804298
magnetic_norm,33.975,33.36770057593127
magnetic_norm,33.994,33.84330931557966
magnetic_norm,34.015,34.67031948859511
magnetic_norm,34.033,33.97929165537825
magnetic_norm,34.054,35.71463761638924
magnetic_norm,34.074,34.33357217160061
magnetic_norm,34.095,35.15577280449482
magnetic_norm,34.115,34.521476441485014
magnetic_norm,34.135,31.936013062665698
magnetic_norm,34.154,33.1485847783318
magnetic_norm,34.174,33.71553969889107
magnetic_norm,34.194,32.53743315129522
magnetic_norm,34.214,31.77754126855959
magnetic_norm,34.235,33.60938943796064
magnetic_norm,34.254,33.5614472600259
magnetic_norm,34.274,31.468539721839672
magnetic_norm,34.294,33.335819530311596
magnetic_norm,34.314,34.044208736582554
magnetic_norm,34.334,33.05354976265793
magnetic_norm,34.354,32.295420484780045
magnetic_norm,34.375,31.665930233967547
magnetic_norm,34.394,30.50191213596292
magnetic_norm,34.415,29.469294814900273
magnetic_norm,34.435,31.034858302298563
magnetic_norm,34.454,30.411357673984323
magnetic_norm,34.474,33.22446741898213
magnetic_norm,34.5,30.1879955120823
magnetic_norm,34.515,30.262325742992722
magnetic_norm,34.535,29.32031366390892
magnetic_norm,34.554,30.302466851933108
magnetic_norm,34.576,30.74392851645671
magnetic_norm,34.594,28.476090695309654
magnetic_norm,34.615,29.059203921477287
magnetic_norm,34.634,27.30814396041042
magnetic_norm,34.655,29.27313547734515
magnetic_norm,34.675,28.239879870495287
magnetic_norm,34.695,28.119407359953428
magnetic_norm,34.721,29.091090454381444
magnetic_norm,34.734,31.097717302279666
magnetic_norm,34.754,30.22489159782058
magnetic_norm,34.779,29.800434396791953
magnetic_norm,34.794,29.76435550158953
magnetic_norm,34.82,27.875884721161782
magnetic_norm,34.834,29.38398567544919
magnetic_norm,34.855,30.16001002424409
magnetic_norm,34.875,29.597848033894305
magnetic_norm,34.894,29.801637687801673
magnetic_norm,34.914,27.784356852597867
magnetic_norm,34.934,26.010771991859468
magnetic_norm,34.955,28.499871901685875
magnetic_norm,34.979,29.86012705096882
magnetic_norm,34.995,30.664299905182915
magnetic_norm,35.015,27.739343876297813
magnetic_norm,35.034,28.65322707610785
magnetic_norm,35.054,27.426226576262764
magnetic_norm,35.076,28.646792925867025
magnetic_norm,35.095,29.698877875898038
magnetic_norm,35.116,27.8742958482811
magnetic_norm,35.135,28.35625718911089
magnetic_norm,35.154,28.091867984792326
magnetic_norm,35.174,29.80932822184192
magnetic_norm,35.194,29.287992620056787
magnetic_norm,35.215,27.060745970177933
magnetic_norm,35.235,28.728514751680184
magnetic_norm,35.255,27.342896675142267
magnetic_norm,35.275,28.59488163662338
magnetic_norm,35.295,28.057043920377676
magnetic_norm,35.314,27.279029335737114
magnetic_norm,35.334,26.150148854738916
magnetic_norm,35.355,27.07877959491535
magnetic_norm,35.374,27.30620055683326
magnetic_norm,35.395,27.202715569865447
magnetic_norm,35.415,27.97124406220619
magnetic_norm,35.435,25.797064340250074
magnetic_norm,35.454,26.489584375986425
magnetic_norm,35.474,27.595250820340553
magnetic_norm,35.495,26.409240682477055
magnetic_norm,35.514,28.868650340161402
magnetic_norm,35.535,28.236051374528362
magnetic_norm,35.555,27.13489208726473
magnetic_norm,35.576,27.096085950511398
magnetic_norm,35.594,27.28775220863756
magnetic_norm,35.614,27.73861036804124
magnetic_norm,35.635,27.140273637622006
magnetic_norm,35.655,27.285767595030233
magnetic_norm,35.675,27.971087172739733
magnetic_norm,35.695,27.714226100506597
magnetic_norm,35.715,28.36563935668911
magnetic_norm,35.734,26.832029600833405
magnetic_norm,35.754,25.86202298931783
magnetic_norm,35.775,26.68367561005234
magnetic_norm,35.795,27.287750579335047
magnetic_norm,35.815,28.050188046629028
magnetic_norm,35.835,26.842797580915445
magnetic_norm,35.855,26.015650737104405
magnetic_norm,35.874,28.1908809464604
magnetic_norm,35.894,28.003117170370516
magnetic_norm,35.915,26.890043477326344
magnetic_norm,35.935,27.778749891621292
magnetic_norm,35.954,27.765991725940637
magnetic_norm,35.975,27.757435659206706
magnetic_norm,35.995,28.61809139010675
magnetic_norm,36.014,28.007103782736998
magnetic_norm,36.034,28.78987383243459
magnetic_norm,36.056,27.434447438393946
magnetic_norm,36.074,28.05151873495453
magnetic_norm,36.095,28.748716127498653
magnetic_norm,36.115,28.555721394569094
magnetic_norm,36.135,28.14672910615015
magnetic_norm,36.154,28.589283190122273
magnetic_norm,36.174,29.085169376118614
magnetic_norm,36.194,28.19375470501409
magnetic_norm,36.215,29.20234980150584
magnetic_norm,36.235,29.881089828016716
magnetic_norm,36.255,28.739158313927742
magnetic_norm,36.275,30.22101235786956
magnetic_norm,36.294,31.07178298171029
magnetic_norm,36.314,29.85721293896167
magnetic_norm,36.334,31.645346367594097
magnetic_norm,36.355,33.98251856929536
magnetic_norm,36.375,33.5929576618188
magnetic_norm,36.395,33.25159603000283
magnetic_norm,36.415,33.59687231034314
magnetic_norm,36.434,33.57367675530942
magnetic_norm,36.454,34.522884911117295
magnetic_norm,36.474,34.66392289693999
magnetic_norm,36.495,34.22177746004734
magnetic_norm,36.515,35.073776171699976
magnetic_norm,36.535,35.55129052246205
magnetic_norm,36.554,34.77855920707483
magnetic_norm,36.574,35.619357843734484
magnetic_norm,36.594,33.93529648017694
magnetic_norm,36.615,36.22246981225892
magnetic_norm,36.635,34.12448787681669
magnetic_norm,36.655,34.80362854908241
magnetic_norm,36.674,34.90162817244349
magnetic_norm,36.694,34.827846146259176
magnetic_norm,36.715,34.87861372406449
magnetic_norm,36.735,35.85746241736164
magnetic_norm,36.754,33.94000696873087
magnetic_norm,36.774,36.578410085458884
magnetic_norm,36.795,35.282922094548816
magnetic_norm,36.814,35.930964149915326
magnetic_norm,36.834,34.994706764095184
magnetic_norm,36.855,35.088748060917034
magnetic_norm,36.874,36.15051756268512
magnetic_norm,36.894,35.751609126198794
magnetic_norm,36.914,39.217800602691995
magnetic_norm,36.934,37.04923147826416
magnetic_norm,36.954,36.55358573844023
magnetic_norm,36.975,38.90447489107136
magnetic_norm,36.994,37.977475849179335
magnetic_norm,37.014,38.24170251963175
magnetic_norm,37.034,38.71374974589144
magnetic_norm,37.055,38.21283611873765
magnetic_norm,37.074,39.496800330691414
magnetic_norm,37.095,37.977087631228414
magnetic_norm,37.114,38.97398020234141
magnetic_norm,37.134,37.70124085474521
magnetic_norm,37.154,37.791386939354325
magnetic_norm,37.174,36.27030662659898
magnetic_norm,37.195,38.25899710362257
magnetic_norm,37.215,36.774392618539665
magnetic_norm,37.234,39.550199831037524
magnetic_norm,37.254,36.64397652582208
magnetic_norm,37.274,37.81908930189885
magnetic_norm,37.3,38.09297733014577
magnetic_norm,37.314,37.38606598303037
magnetic_norm,37.335,39.43714320821174
magnetic_norm,37.354,37.19933229441102
magnetic_norm,37.374,37.3541181966594
magnetic_norm,37.394,37.55294254981897
magnetic_norm,37.415,38.2584641370377
magnetic_norm,37.434,36.17423195521919
magnetic_norm,37.454,36.92556794231473
magnetic_norm,37.475,38.23471661576035
magnetic_norm,37.494,36.56672789914357
magnetic_norm,37.515,37.105551564927694
magnetic_norm,37.534,36.91260264970488
magnetic_norm,37.555,36.91260264970488
magnetic_norm,37.574,38.26015511174779
magnetic_norm,37.594,37.787651516633055
magnetic_norm,37.615,39.033541862256115
magnetic_norm,37.634,37.04918083659211
magnetic_norm,37.657,37.521042599120356
magnetic_norm,37.674,37.50780978936259
magnetic_norm,37.694,37.50780978936259
magnetic_norm,37.714,37.56312307153797
magnetic_norm,37.734,37.41509049217314
magnetic_norm,37.757,38.0734038760984
magnetic_norm,37.785,40.1051646281374
magnetic_norm,37.794,37.94480414272821
magnetic_norm,37.815,43.02103348479676
magnetic_norm,37.834,37.33799289641184
magnetic_norm,37.854,37.33799289641184
magnetic_norm,37.874,39.23735784252682
magnetic_norm,37.894,37.55340475043509
magnetic_norm,37.914,38.19498864005265
magnetic_norm,37.934,36.900255251657924
magnetic_norm,37.954,40.11857859645583
magnetic_norm,37.974,38.081840881087935
magnetic_norm,37.994,39.002327739187635
magnetic_norm,38.014,37.83885002348787
magnetic_norm,38.034,40.58006975337467
magnetic_norm,38.054,38.521005117338355
magnetic_norm,38.074,41.16353154410467
magnetic_norm,38.094,44.02932394911657
magnetic_norm,38.114,39.433948397922364
magnetic_norm,38.134,39.25070255183344
magnetic_norm,38.155,40.856011279477045
magnetic_norm,38.174,41.60466262226512
magnetic_norm,38.194,41.25277649301328
magnetic_norm,38.214,40.44340663971076
magnetic_norm,38.234,41.37052704985157
magnetic_norm,38.254,41.741072921644026
magnetic_norm,38.274,39.9305560822474
magnetic_norm,38.294,42.66569400950253
magnetic_norm,38.314,39.90391634073966
magnetic_norm,38.334,43.09829487186825
magnetic_norm,38.354,40.19959985565783
magnetic_norm,38.374,40.6934168218584
magnetic_norm,38.394,44.54632137274366
magnetic_norm,38.413,39.25694057870537
magnetic_norm,38.434,40.44559714140713
magnetic_norm,38.457,44.17540354399725
magnetic_norm,38.474,38.06560097639016
magnetic_norm,38.494,40.3491031553212
magnetic_norm,38.515,40.60750654528056
magnetic_norm,38.534,38.22581297189778
magnetic_norm,38.553,36.532170521096894
magnetic_norm,38.574,36.699883217729784
magnetic_norm,38.593,40.28621746950196
magnetic_norm,38.614,37.85705549019239
magnetic_norm,38.634,35.58753149840551
magnetic_norm,38.654,37.63018535225413
magnetic_norm,38.674,38.13251763069154
magnetic_norm,38.693,36.79412250874793
magnetic_norm,38.714,37.297069817044665
magnetic_norm,38.734,37.70593309165681
magnetic_norm,38.754,38.174232260944095
magnetic_norm,38.774,36.8751663040319
magnetic_norm,38.794,43.68992153760994
magnetic_norm,38.815,37.092416246451286
magnetic_norm,38.834,39.19181144751419
magnetic_norm,38.855,40.99795141314993
magnetic_norm,38.874,37.9803269387587
magnetic_norm,38.897,43.68281938531453
magnetic_norm,38.914,37.93410625469518
magnetic_norm,38.934,40.92065018086836
magnetic_norm,38.955,40.91912209606292
magnetic_norm,38.974,36.77810649224623
magnetic_norm,38.993,44.91378186940512
magnetic_norm,39.014,39.11874731075244
magnetic_norm,39.034,39.52313381562126
magnetic_norm,39.055,42.80838592393435
magnetic_norm,39.074,37.6324059898182
magnetic_norm,39.096,43.71923245709496
magnetic_norm,39.114,37.93038495736306
magnetic_norm,39.134,37.98086002235206
magnetic_norm,39.154,44.32895925422235
magnetic_norm,39.174,37.36395805251371
magnetic_norm,39.197,44.87454565536018
magnetic_norm,39.214,39.21252706135504
magnetic_norm,39.234,41.677784321056514
magnetic_norm,39.254,45.90323693406601
magnetic_norm,39.274,37.54271683988788
magnetic_norm,39.298,45.155179521429275
magnetic_norm,39.314,38.56421659112893
magnetic_norm,39.334,44.12211260028808
magnetic_norm,39.355,40.396354442573255
magnetic_norm,39.374,38.71045007891926
magnetic_norm,39.395,43.38964505630929
magnetic_norm,39.414,36.759328153885036
magnetic_norm,39.434,40.21476249836631
magnetic_norm,39.456,38.41367096734573
magnetic_norm,39.474,35.35326794919389
magnetic_norm,39.497,39.225724182129625
magnetic_norm,39.514,38.24807665149655
magnetic_norm,39.534,40.19425392282459
magnetic_norm,39.554,37.76053839085864
magnetic_norm,39.574,36.77435091303461
magnetic_norm,39.595,37.786350743522526
magnetic_norm,39.614,38.38799455796712
magnetic_norm,39.634,40.14492787856269
magnetic_norm,39.656,40.64739938023414
magnetic_norm,39.674,37.10638269920689
magnetic_norm,39.694,37.72443196649886
magnetic_norm,39.714,35.71623608570759
magnetic_norm,39.734,37.90544269132073
magnetic_norm,39.756,40.156508983600716
magnetic_norm,39.774,36.56658158884626
magnetic_norm,39.797,38.888539881467665
magnetic_norm,39.814,38.118921114224904
magnetic_norm,39.834,38.161006272502895
magnetic_norm,39.856,38.28247896704843
magnetic_norm,39.874,35.85410549243286
magnetic_norm,39.897,38.36190919290907
magnetic_norm,39.914,36.54444829553459
magnetic_norm,39.934,37.08392614226547
magnetic_norm,39.956,39.71090499346507
magnetic_norm,39.974,37.117218274340146
magnetic_norm,39.997,37.79922804271273
magnetic_norm,40.014,36.167011689694576
magnetic_norm,40.039,37.904287871723696
magnetic_norm,40.054,37.335061285104445
magnetic_norm,40.075,35.94387412852857
magnetic_norm,40.094,37.92117480923427
magnetic_norm,40.113,37.560016178111674
magnetic_norm,40.134,37.641025505191806
magnetic_norm,40.156,41.69686785674075
magnetic_norm,40.174,37.48866031008583
magnetic_norm,40.197,37.328086669591094
magnetic_norm,40.214,37.641025505191806
magnetic_norm,40.238,39.79902489775974
magnetic_norm,40.255,39.974386131402994
magnetic_norm,40.273,35.79508084220512
magnetic_norm,40.297,39.36669209863529
magnetic_norm,40.315,37.711550162052475
magnetic_norm,40.338,39.33450700768352
magnetic_norm,40.357,40.4247269336789
magnetic_norm,40.374,36.58148587171523
magnetic_norm,40.394,38.893100187404706
magnetic_norm,40.416,39.27263966586663
magnetic_norm,40.435,39.81003024819877
magnetic_norm,40.455,39.07763606751309
magnetic_norm,40.474,36.69168562675339
magnetic_norm,40.497,40.68980965048262
magnetic_norm,40.514,38.92076201062241
magnetic_norm,40.538,39.92993326205919
magnetic_norm,40.554,41.89598070638759
magnetic_norm,40.574,38.19255516501226
magnetic_norm,40.594,40.14906113427498
magnetic_norm,40.614,40.52301901116822
magnetic_norm,40.638,42.372766279622404
magnetic_norm,40.654,40.6845479454425
magnetic_norm,40.674,39.58724977313909
magnetic_norm,40.696,40.62289513777914
magnetic_norm,40.714,39.00929276308275
magnetic_norm,40.737,42.53671348420681
magnetic_norm,40.754,40.23479627495958
magnetic_norm,40.774,39.307343660250055
magnetic_norm,40.796,39.03363183285025
magnetic_norm,40.814,39.47698504635332
magnetic_norm,40.837,41.94281385594568
magnetic_norm,40.853,40.12488831993811
magnetic_norm,40.874,38.82626473986408
magnetic_norm,40.894,40.59514431790611
magnetic_norm,40.915,37.9342018747594
magnetic_norm,40.935,39.16301518859987
magnetic_norm,40.955,39.09078724312803
magnetic_norm,40.974,41.146634696869505
magnetic_norm,40.994,39.40932165167277
magnetic_norm,41.021,37.89188052043604
magnetic_norm,41.035,39.60162191256192
magnetic_norm,41.055,38.60678446885993
magnetic_norm,41.075,37.95271689039546
magnetic_norm,41.094,39.04163596389768
magnetic_norm,41.114,39.1692526296137
magnetic_norm,41.134,39.55945452164386
magnetic_norm,41.155,38.9105392243863
magnetic_norm,41.177,38.11002882280464
magnetic_norm,41.194,38.762333951595394
magnetic_norm,41.214,38.018298149049286
magnetic_norm,41.234,38.7155673830954
magnetic_norm,41.254,40.02089446058147
magnetic_norm,41.274,39.219916020913516
magnetic_norm,41.295,37.893255369854465
magnetic_norm,41.315,38.90249122961152
magnetic_norm,41.335,39.597944726494326
magnetic_norm,41.355,40.28112825629396
magnetic_norm,41.374,39.25440725479126
magnetic_norm,41.394,39.234038899372884
magnetic_norm,41.414,39.1618722027562
magnetic_norm,41.434,40.70893331969814
magnetic_norm,41.454,40.47240813582137
magnetic_norm,41.474,39.94773636513245
magnetic_norm,41.494,39.621603342400235
magnetic_norm,41.514,40.78299010056778
magnetic_norm,41.534,39.947170406206546
magnetic_norm,41.554,39.52975892671243
magnetic_norm,41.575,40.10264710324619
magnetic_norm,41.595,40.672729383153765
magnetic_norm,41.614,40.59514431790611
magnetic_norm,41.634,40.009609197354074
magnetic_norm,41.654,41.94107972680261
magnetic_norm,41.674,43.11942355250126
magnetic_norm,41.695,39.42528088485865
magnetic_norm,41.715,40.76411709073925
magnetic_norm,41.735,41.58106467251661
magnetic_norm,41.755,42.41134415281778
magnetic_norm,41.775,42.85828801483442
magnetic_norm,41.794,42.969495095067195
magnetic_norm,41.819,41.80629860290193
magnetic_norm,41.834,40.251605938459214
magnetic_norm,41.855,41.003510710974496
magnetic_norm,41.874,40.75865322235268
magnetic_norm,41.894,43.17117642594429
magnetic_norm,41.914,42.66864792356327
magnetic_norm,41.935,44.334306243106056
magnetic_norm,41.954,44.27691713099502
magnetic_norm,41.978,42.49535241263156
magnetic_norm,41.995,42.66373931528399
magnetic_norm,42.015,42.76192267952881
magnetic_norm,42.035,44.85661029212983
magnetic_norm,42.055,43.02495174387188
magnetic_norm,42.074,41.61814371370988
magnetic_norm,42.094,44.11097326279771
magnetic_norm,42.114,43.59288031223251
magnetic_norm,42.135,43.69383335695383
magnetic_norm,42.155,43.30994122259929
magnetic_norm,42.175,43.76737815665344
magnetic_norm,42.195,44.190573223624334
magnetic_norm,42.215,43.28611490535975
magnetic_norm,42.234,44.26692412295552
magnetic_norm,42.254,44.90819679922034
magnetic_norm,42.274,44.745437626589414
magnetic_norm,42.294,43.82576302339189
magnetic_norm,42.315,44.0818401704432
magnetic_norm,42.335,44.13900266388565
magnetic_norm,42.355,44.92294183515812
magnetic_norm,42.374,45.10692594616159
magnetic_norm,42.394,43.49013208763574
magnetic_norm,42.414,42.054690376676625
magnetic_norm,42.435,42.16680543906848
magnetic_norm,42.457,43.56674163352706
magnetic_norm,42.475,43.95323794471812
magnetic_norm,42.495,42.721207427634816
magnetic_norm,42.514,43.1243274404077
magnetic_norm,42.54,43.66749122917418
magnetic_norm,42.554,43.51510360759818
magnetic_norm,42.575,43.49205588495448
magnetic_norm,42.596,43.3486781229255
magnetic_norm,42.615,43.735749586522516
magnetic_norm,42.634,43.449036541964986
magnetic_norm,42.654,43.51177140685615
magnetic_norm,42.674,43.42012051730751
magnetic_norm,42.694,43.20674361471256
magnetic_norm,42.715,44.80566806666322
magnetic_norm,42.734,44.33159106799576
magnetic_norm,42.755,42.58394595683919
magnetic_norm,42.775,43.533922673961975
magnetic_norm,42.793,42.91814480394631
magnetic_norm,42.814,45.020036366044884
magnetic_norm,42.834,44.86680944320098
magnetic_norm,42.855,45.059888587162625
magnetic_norm,42.875,45.182418089424
magnetic_norm,42.895,43.55396120792302
magnetic_norm,42.916,44.10034279203508
magnetic_norm,42.935,43.60100746040738
magnetic_norm,42.954,43.1096249200803
magnetic_norm,42.974,45.641443954480664
magnetic_norm,42.995,45.93602469631003
magnetic_norm,43.017,44.21334598902248
magnetic_norm,43.034,44.57373499677248
magnetic_norm,43.055,46.10878620555961
magnetic_norm,43.075,45.508042300921936
magnetic_norm,43.095,45.61841185489149
magnetic_norm,43.114,45.812764863231735
magnetic_norm,43.135,46.93227187589058
magnetic_norm,43.155,46.293647482713546
magnetic_norm,43.175,45.184518984658986
magnetic_norm,43.195,45.19668705994957
magnetic_norm,43.216,45.634090049353546
magnetic_norm,43.233,47.117841433341404
magnetic_norm,43.258,47.34486385707535
magnetic_norm,43.275,46.445570463897575
magnetic_norm,43.295,44.230538622935626
magnetic_norm,43.315,44.70134095094352
magnetic_norm,43.335,44.544943519859864
magnetic_norm,43.355,45.15148844647875
magnetic_norm,43.374,45.15608058315638
magnetic_norm,43.395,44.41416039192911
magnetic_norm,43.415,45.038585036138734
magnetic_norm,43.435,45.69509555761986
magnetic_norm,43.454,45.20582350939428
magnetic_norm,43.475,44.55165433418274
magnetic_norm,43.495,44.356057302159996
magnetic_norm,43.515,43.199180305504704
magnetic_norm,43.535,44.897346233380084
magnetic_norm,43.555,43.60310910790943
magnetic_norm,43.575,42.942430018718134
magnetic_norm,43.595,43.4272924584875
magnetic_norm,43.615,42.344130161762095
magnetic_norm,43.64,41.54726292383773
magnetic_norm,43.654,43.901363539188665
magnetic_norm,43.674,43.77100387321216
magnetic_norm,43.695,42.50645683002172
magnetic_norm,43.726,42.0756350954742
magnetic_norm,43.736,43.76805364032664
magnetic_norm,43.755,43.356553525389955
magnetic_norm,43.775,43.823344525492395
magnetic_norm,43.794,45.00128639619654
magnetic_norm,43.814,44.27291645289481
magnetic_norm,43.838,44.87999904478618
magnetic_norm,43.855,42.86959423382148
magnetic_norm,43.875,42.831692206968725
magnetic_norm,43.895,43.306071555845385
magnetic_norm,43.914,41.67900868602813
magnetic_norm,43.941,44.346478801450566
magnetic_norm,43.955,42.890372061090304
magnetic_norm,43.975,44.03602790338275
magnetic_norm,43.995,42.99786236773885
magnetic_norm,44.014,43.144747733704655
magnetic_norm,44.041,41.11437225068018
magnetic_norm,44.055,44.34514532688443
magnetic_norm,44.074,44.24546322082073
magnetic_norm,44.094,43.59420847393331
magnetic_norm,44.115,42.794014626317924
magnetic_norm,44.134,42.18412345998798
magnetic_norm,44.155,42.302631434551486
magnetic_norm,44.175,42.434427417840816
magnetic_norm,44.195,41.33479350604655
magnetic_norm,44.215,42.17511012605673
magnetic_norm,44.234,39.235584142682285
magnetic_norm,44.255,40.6560621632863
magnetic_norm,44.275,40.12923333462781
magnetic_norm,44.295,40.5272261633152
magnetic_norm,44.315,40.71989355057304
magnetic_norm,44.334,40.73985908250668
magnetic_norm,44.354,40.14785334035621
magnetic_norm,44.374,40.23011203144356
magnetic_norm,44.394,40.85749338401709
magnetic_norm,44.424,39.28318760137726
magnetic_norm,44.434,39.59320963798597
magnetic_norm,44.455,40.03476711715706
magnetic_norm,44.475,39.59176768928748
magnetic_norm,44.494,39.82191230779864
magnetic_norm,44.514,39.27754595615038
magnetic_norm,44.537,38.191651847622424
magnetic_norm,44.555,40.36821604616686
magnetic_norm,44.575,41.49264214562631
magnetic_norm,44.595,40.0821546590562
magnetic_norm,44.615,40.78482501893327
magnetic_norm,44.638,39.6099712095958
magnetic_norm,44.654,38.65348343648993
magnetic_norm,44.674,40.04788735954132
magnetic_norm,44.695,39.50337710769174
magnetic_norm,44.714,40.00388679600406
magnetic_norm,44.737,39.00812726182844
magnetic_norm,44.755,37.89113390722163
magnetic_norm,44.774,39.12116119250558
magnetic_norm,44.794,37.85716550453165
magnetic_norm,44.814,38.44232097864285
magnetic_norm,44.835,40.19432541852151
magnetic_norm,44.855,38.35678750918806
magnetic_norm,44.875,40.118578020662724
magnetic_norm,44.895,38.436224385662555
magnetic_norm,44.919,41.080498413480875
magnetic_norm,44.934,38.52333024496326
magnetic_norm,44.954,40.4511650207692
magnetic_norm,44.975,39.62656277154885
magnetic_norm,44.995,40.40096888968136
magnetic_norm,45.014,39.77743558382066
magnetic_norm,45.036,41.77758193636881
magnetic_norm,45.054,42.107323813678775
magnetic_norm,45.074,41.19127953447794
magnetic_norm,45.094,41.36167788983552
magnetic_norm,45.114,42.405532729232405
magnetic_norm,45.135,40.207652559400955
magnetic_norm,45.155,41.83038885039202
magnetic_norm,45.174,39.60569028719232
magnetic_norm,45.195,40.603229470080386
magnetic_norm,45.214,43.067203117627685
magnetic_norm,45.234,40.92863883104958
magnetic_norm,45.256,41.18752371016009
magnetic_norm,45.275,41.62441571752101
magnetic_norm,45.294,41.79102447371325
magnetic_norm,45.315,39.79315905796498
magnetic_norm,45.341,42.454694084989114
magnetic_norm,45.354,40.76778288029656
magnetic_norm,45.374,39.67818224676509
magnetic_norm,45.394,39.976101954793045
magnetic_norm,45.414,36.24709317007371
magnetic_norm,45.434,38.37594236676803
magnetic_norm,45.454,36.18179480374084
magnetic_norm,45.474,38.97531971485289
magnetic_norm,45.493,36.75622312248636
magnetic_norm,45.513,36.259389355879314
magnetic_norm,45.534,36.88668901988906
magnetic_norm,45.554,35.88224545247975
magnetic_norm,45.574,37.90985375690605
magnetic_norm,45.594,35.37131358406843
magnetic_norm,45.614,36.818995269595575
magnetic_norm,45.633,36.89391356142812
magnetic_norm,45.653,35.13860129330707
magnetic_norm,45.674,38.46621494977773
magnetic_norm,45.694,35.85836542314783
magnetic_norm,45.714,40.82533478582879
magnetic_norm,45.734,36.66764378167767
magnetic_norm,45.754,37.29660363024032
magnetic_norm,45.773,36.79766753783453
magnetic_norm,45.794,36.91303607626308
magnetic_norm,45.821,35.510505835351054
magnetic_norm,45.837,38.341628606841994
magnetic_norm,45.854,36.276178421245035
magnetic_norm,45.874,38.04652382445738
magnetic_norm,45.895,36.726198769577394
magnetic_norm,45.92,36.49258367206279
magnetic_norm,45.938,37.01454338128466
magnetic_norm,45.954,34.32482935099607
magnetic_norm,45.975,36.90636891123944
magnetic_norm,45.995,37.06816765602263
magnetic_norm,46.019,34.75763143199637
magnetic_norm,46.035,34.870595031487504
magnetic_norm,46.054,34.44362931824266
magnetic_norm,46.074,34.770514462328585
magnetic_norm,46.095,35.61788073548881
magnetic_norm,46.121,34.334892045483485
magnetic_norm,46.134,35.64440763464873
magnetic_norm,46.154,35.305335016821495
magnetic_norm,46.174,35.47373189488246
magnetic_norm,46.194,36.46150643589761
magnetic_norm,46.214,35.15493566396476
magnetic_norm,46.235,35.045014425557035
magnetic_norm,46.255,34.439969895457295
magnetic_norm,46.274,36.122439580197295
magnetic_norm,46.303,34.63588069040551
magnetic_norm,46.314,35.8302103868021
magnetic_norm,46.334,34.99767341963608
magnetic_norm,46.355,33.57950221638196
magnetic_norm,46.375,33.697006562712716
magnetic_norm,46.394,34.26102464973879
magnetic_norm,46.421,35.205821609500966
magnetic_norm,46.435,35.42602184006137
magnetic_norm,46.454,34.23571897120026
magnetic_norm,46.474,35.61313303508981
magnetic_norm,46.504,33.22479895537368
magnetic_norm,46.515,34.344775875124064
magnetic_norm,46.534,36.16744846595491
magnetic_norm,46.555,34.430663340799896
magnetic_norm,46.575,35.640579378182125
magnetic_norm,46.594,34.717735526852856
magnetic_norm,46.619,35.19293711208262
magnetic_norm,46.634,35.49733612945486
magnetic_norm,46.655,34.527955725216344
magnetic_norm,46.674,38.210890457270175
magnetic_norm,46.697,38.88800174459341
magnetic_norm,46.714,32.95894285414051
magnetic_norm,46.734,32.223248352315444
magnetic_norm,46.753,35.632451905882164
magnetic_norm,46.773,35.72186019923585
magnetic_norm,46.793,36.45712984460321
magnetic_norm,46.814,34.39852951406499
magnetic_norm,46.834,33.81322367406728
magnetic_norm,46.854,37.76472041883139
magnetic_norm,46.874,38.21546399495895
magnetic_norm,46.894,38.96484721553524
magnetic_norm,46.916,37.21416578508788
magnetic_norm,46.934,37.06698710325003
magnetic_norm,46.954,35.48204046151376
magnetic_norm,46.974,41.852879284913065
magnetic_norm,46.996,50.2740956738036
magnetic_norm,47.014,43.26021435288444
magnetic_norm,47.034,44.72944175163048
magnetic_norm,47.053,40.61055283683973
magnetic_norm,47.073,50.12536362461631
magnetic_norm,47.094,42.061197243124326
magnetic_norm,47.114,41.79965049195986
magnetic_norm,47.134,36.50233151286373
magnetic_norm,47.154,36.90265411237383
magnetic_norm,47.174,37.111499692312414
magnetic_norm,47.196,36.74580177550905
magnetic_norm,47.213,38.601611635396836
magnetic_norm,47.235,36.02655979314088
magnetic_norm,47.256,37.02876813505954
magnetic_norm,47.274,37.98609326674698
magnetic_norm,47.294,37.77607594844255
magnetic_norm,47.314,39.27627355694529
magnetic_norm,47.334,39.056463742574095
magnetic_norm,47.36,38.76775209581417
magnetic_norm,47.374,38.046454882649776
magnetic_norm,47.397,38.65297834090537
magnetic_norm,47.414,38.74514989808402
magnetic_norm,47.434,38.9829696977668
magnetic_norm,47.454,37.909895593037476
magnetic_norm,47.474,42.35055573640681
magnetic_norm,47.495,38.80045808991833
magnetic_norm,47.514,40.08772093629487
magnetic_norm,47.535,39.417394878245176
magnetic_norm,47.556,38.43860211834582
magnetic_norm,47.574,39.675889698909245
magnetic_norm,47.594,37.62333259135053
magnetic_norm,47.614,40.41244614339132
magnetic_norm,47.634,38.86211221491157
magnetic_norm,47.655,38.77460414401428
magnetic_norm,47.674,38.7395073410208
magnetic_norm,47.694,39.09652018770342
magnetic_norm,47.714,39.35094182630841
magnetic_norm,47.734,40.33829313569491
magnetic_norm,47.754,40.93872717366777
magnetic_norm,47.774,39.550452849461784
magnetic_norm,47.794,39.93717164172532
magnetic_norm,47.814,36.65104183476576
magnetic_norm,47.834,38.07360059899773
magnetic_norm,47.855,37.634468784712524
magnetic_norm,47.874,35.673455533316364
magnetic_norm,47.896,38.057960535215244
magnetic_norm,47.913,37.27819991788107
magnetic_norm,47.935,37.545502617041244
magnetic_norm,47.954,37.6589046222803
magnetic_norm,47.974,37.496193556813196
magnetic_norm,47.994,36.32086500036859
magnetic_norm,48.014,38.231581048689314
magnetic_norm,48.034,36.08652200354725
magnetic_norm,48.056,38.63132703713405
magnetic_norm,48.074,38.37591056460425
magnetic_norm,48.094,36.71957881294403
magnetic_norm,48.115,38.98515095488282
magnetic_norm,48.134,38.9432867902159
magnetic_norm,48.154,38.95848622444158
magnetic_norm,48.174,38.71297475088294
magnetic_norm,48.194,38.89848075815441
magnetic_norm,48.214,38.64965384304884
magnetic_norm,48.234,39.350941558621045
magnetic_norm,48.255,38.30641811025287
magnetic_norm,48.274,39.651972383949584
magnetic_norm,48.295,39.33964610923699
magnetic_norm,48.313,37.963885822746136
magnetic_norm,48.334,40.74858390560959
magnetic_norm,48.354,41.13786320486882
magnetic_norm,48.375,39.06653279182836
magnetic_norm,48.395,40.337375001200876
magnetic_norm,48.414,38.513848094711385
magnetic_norm,48.434,38.46967811682994
magnetic_norm,48.454,39.02998060760477
magnetic_norm,48.474,38.77607897444635
magnetic_norm,48.495,40.74699161471929
magnetic_norm,48.515,38.99585901188743
magnetic_norm,48.536,39.78943950489565
magnetic_norm,48.554,40.03986446173051
magnetic_norm,48.574,38.601266467079924
magnetic_norm,48.594,37.352989298448406
magnetic_norm,48.614,37.21104888598288
magnetic_norm,48.634,40.171539481329425
magnetic_norm,48.654,37.92682109091802
magnetic_norm,48.675,37.58117931974062
magnetic_norm,48.696,37.06408911820849
magnetic_norm,48.714,38.05216063471305
magnetic_norm,48.734,38.999768113733815
magnetic_norm,48.754,39.29524518936738
magnetic_norm,48.773,34.260843182925335
magnetic_norm,48.794,36.80656520496717
magnetic_norm,48.814,44.643104258244634
magnetic_norm,48.834,43.18971749359162
magnetic_norm,48.854,44.0917961119186
magnetic_norm,48.873,42.47578638662857
magnetic_norm,48.894,44.94431624132255
magnetic_norm,48.914,45.00015148891179
magnetic_norm,48.935,41.96610658093624
magnetic_norm,48.954,46.877524746007055
magnetic_norm,48.974,41.094451792349815
magnetic_norm,48.995,38.26473065747034
magnetic_norm,49.019,40.04049916559494
magnetic_norm,49.033,39.72369100901889
magnetic_norm,49.054,39.69690545700645
magnetic_norm,49.074,31.934097830727975
magnetic_norm,49.095,36.35159056124648
magnetic_norm,49.114,35.36753187783965
magnetic_norm,49.134,37.45521804862447
magnetic_norm,49.154,41.73191864253922
magnetic_norm,49.174,43.115061354763256
magnetic_norm,49.193,36.90688293276066
magnetic_norm,49.214,36.05206379338782
magnetic_norm,49.235,32.137638098303086
magnetic_norm,49.254,36.39391644408108
magnetic_norm,49.275,35.25651287758761
magnetic_norm,49.294,35.75771005147001
magnetic_norm,49.314,34.31195352078491
magnetic_norm,49.336,34.908760243418875
magnetic_norm,49.354,38.08345174580424
magnetic_norm,49.374,36.91558919988954
magnetic_norm,49.395,35.10064186165263
magnetic_norm,49.415,35.801852650735846
magnetic_norm,49.434,35.92403710510212
magnetic_norm,49.454,35.5933593801218
magnetic_norm,49.474,34.255389308837266
magnetic_norm,49.499,36.67958656136271
magnetic_norm,49.514,34.364259117395505
magnetic_norm,49.534,32.9735386272084
magnetic_norm,49.554,33.769880103799615
magnetic_norm,49.574,34.77691008018113
magnetic_norm,49.593,32.818983233793276
magnetic_norm,49.614,34.94739629249945
magnetic_norm,49.635,38.027271425008315
magnetic_norm,49.661,36.08273215462627
magnetic_norm,49.674,35.838799874926075
magnetic_norm,49.695,33.01121698055831
magnetic_norm,49.714,35.39286872026623
magnetic_norm,49.734,35.643084236654516
magnetic_norm,49.754,35.110706570076374
magnetic_norm,49.775,35.58128299742022
magnetic_norm,49.795,34.71463770443244
magnetic_norm,49.814,34.063989604786535
magnetic_norm,49.834,36.43173352262769
magnetic_norm,49.854,34.817404791354114
magnetic_norm,49.874,35.17541526194113
magnetic_norm,49.894,35.414622268739556
magnetic_norm,49.915,37.21076439016006
magnetic_norm,49.934,34.97632049204867
magnetic_norm,49.954,35.438855849723815
magnetic_norm,49.974,34.67119045547764
magnetic_norm,49.994,34.579423841715524
magnetic_norm,50.014,37.87929285449044
magnetic_norm,50.034,35.0163936711079
magnetic_norm,50.054,35.14346949612409
magnetic_norm,50.074,37.184432652489164
magnetic_norm,50.094,36.3624202278259
magnetic_norm,50.115,36.84918878075881
magnetic_norm,50.134,35.656374003290104
magnetic_norm,50.154,34.89915755036227
magnetic_norm,50.174,36.95222580829875
magnetic_norm,50.194,37.45562530765572
magnetic_norm,50.215,35.48272079090052
magnetic_norm,50.234,36.84541183020627
magnetic_norm,50.259,36.36362291150321
magnetic_norm,50.274,35.18074312123756
magnetic_norm,50.294,36.50633296857549
magnetic_norm,50.314,35.814927269575854
magnetic_norm,50.335,35.81786966707402
magnetic_norm,50.357,35.61551600917781
magnetic_norm,50.374,38.28041716759373
magnetic_norm,50.394,36.746135835622255
magnetic_norm,50.414,35.801079304086755
magnetic_norm,50.434,35.70894094446096
magnetic_norm,50.458,35.6676115506071
magnetic_norm,50.475,36.69319996726236
magnetic_norm,50.508,36.735064241981405
magnetic_norm,50.514,40.23126737144264
magnetic_norm,50.535,48.99101005350373
magnetic_norm,50.554,46.749561469066265
magnetic_norm,50.574,43.014417773724475
magnetic_norm,50.593,44.08670352441888
magnetic_norm,50.614,42.7760391627136
magnetic_norm,50.634,42.673916914638866
magnetic_norm,50.654,40.18870408880462
magnetic_norm,50.674,50.75448051921131
magnetic_norm,50.694,40.82284969673848
magnetic_norm,50.714,41.5650178802741
magnetic_norm,50.734,41.00506982938219
magnetic_norm,50.754,38.461828109341155
magnetic_norm,50.774,43.957915062022686
magnetic_norm,50.794,48.21772060845474
magnetic_norm,50.814,41.67020413511915
magnetic_norm,50.834,45.82334889128585
magnetic_norm,50.854,38.390944627118785
magnetic_norm,50.874,37.96505286790083
magnetic_norm,50.894,43.99775427365587
magnetic_norm,50.914,42.8950557941997
magnetic_norm,50.934,44.69768042052072
magnetic_norm,50.954,48.70772909431329
magnetic_norm,50.974,48.00794855594238
magnetic_norm,50.994,44.86083714597294
magnetic_norm,51.014,43.531996583691175
magnetic_norm,51.033,45.095008885546456
magnetic_norm,51.054,49.033146782814185
magnetic_norm,51.074,46.012535621420646
magnetic_norm,51.094,44.118293533550286
magnetic_norm,51.114,52.75178129397622
magnetic_norm,51.133,46.65573775083844
magnetic_norm,51.154,47.3711480845673
magnetic_norm,51.174,45.52037533347022
magnetic_norm,51.194,53.36477200820322
magnetic_norm,51.214,40.69357111756112
magnetic_norm,51.234,39.76178504497132
magnetic_norm,51.255,49.24589813679926
magnetic_norm,51.274,41.774743992034246
magnetic_norm,51.294,39.78144915582521
magnetic_norm,51.314,37.65655981250148
magnetic_norm,51.334,37.89691523791884
magnetic_norm,51.354,40.98345625569543
magnetic_norm,51.374,36.25745125970671
magnetic_norm,51.394,36.67048744221991
magnetic_norm,51.414,40.58575686016591
magnetic_norm,51.434,36.774123141313645
magnetic_norm,51.454,36.56224038369367
magnetic_norm,51.474,36.48414339699514
magnetic_norm,51.494,37.26751764690675
magnetic_norm,51.515,36.75072737545477
magnetic_norm,51.534,37.0294247180537
magnetic_norm,51.554,36.96534385120069
magnetic_norm,51.573,36.18878049237096
magnetic_norm,51.594,37.61676787899918
magnetic_norm,51.614,38.94558100943558
magnetic_norm,51.634,37.67351093158831
magnetic_norm,51.655,37.171742864708456
magnetic_norm,51.674,36.52193125455587
magnetic_norm,51.694,39.775191031910886
magnetic_norm,51.714,38.71521321618932
magnetic_norm,51.734,36.51480138467826
magnetic_norm,51.754,36.18453736629088
magnetic_norm,51.774,35.74867954414543
magnetic_norm,51.794,37.68446562262101
magnetic_norm,51.814,38.665106107606924
magnetic_norm,51.834,37.725270252511116
magnetic_norm,51.854,36.17086479613117
magnetic_norm,51.874,38.425823288837954
magnetic_norm,51.894,35.264369327091345
magnetic_norm,51.914,37.49069094255271
magnetic_norm,51.934,38.00061347892959
magnetic_norm,51.954,41.48867065160682
magnetic_norm,51.974,35.98999037406101
magnetic_norm,51.994,40.3556109890558
magnetic_norm,52.014,39.09816130315467
magnetic_norm,52.034,35.909012722957236
magnetic_norm,52.054,44.93993765015706
magnetic_norm,52.074,39.88208130398297
magnetic_norm,52.094,41.46694354618512
magnetic_norm,52.114,40.3479190727354
magnetic_norm,52.134,38.38867479478816
magnetic_norm,52.154,40.966044363747216
magnetic_norm,52.174,38.02613959929414
magnetic_norm,52.195,36.359545114728924
magnetic_norm,52.214,37.546538250050496
magnetic_norm,52.234,35.21201723577483
magnetic_norm,52.256,38.27490643473221
magnetic_norm,52.274,35.58387543133128
magnetic_norm,52.294,36.73033303296479
magnetic_norm,52.315,36.938709074120354
magnetic_norm,52.335,34.948819650132734
magnetic_norm,52.354,38.151454779274175
magnetic_norm,52.374,36.157876475949195
magnetic_norm,52.394,37.397419385233
magnetic_norm,52.414,36.334874802488365
magnetic_norm,52.434,33.558425031949874
magnetic_norm,52.455,36.69327788199093
magnetic_norm,52.474,33.73477519211456
magnetic_norm,52.494,33.946688875352834
magnetic_norm,52.514,34.49140607691295
magnetic_norm,52.534,33.948118857493505
magnetic_norm,52.554,34.38861676485413
magnetic_norm,52.574,33.90454765072085
magnetic_norm,52.594,36.49254577341796
magnetic_norm,52.614,35.56527687313154
magnetic_norm,52.634,36.06863738901158
magnetic_norm,52.654,33.86231342362777
magnetic_norm,52.674,35.004147634244774
magnetic_norm,52.694,35.708813756550384
magnetic_norm,52.714,35.58533809028661
magnetic_norm,52.734,35.61509726102828
magnetic_norm,52.754,36.75949977216779
magnetic_norm,52.774,35.43770513538518
magnetic_norm,52.794,34.25772780063646
magnetic_norm,52.814,35.210575584261726
pressure,0.04,999.3597
pressure,0.201,999.359
pressure,0.36,999.34393
pressure,0.52,999.3346
pressure,0.68,999.32825
pressure,0.85,999.3295
pressure,1.0,999.3416
pressure,1.16,999.3554
pressure,1.32,999.3578
pressure,1.48,999.35583
pressure,1.641,999.34924
pressure,1.807,999.3393
pressure,1.964,999.33203
pressure,2.12,999.3327
pressure,2.286,999.3357
pressure,2.44,999.3278
pressure,2.6,999.3231
pressure,2.76,999.3333
pressure,2.927,999.35565
pressure,3.08,999.36945
pressure,3.24,999.3627
pressure,3.4,999.35565
pressure,3.56,999.3478
pressure,3.72,999.3333
pressure,3.88,999.3212
pressure,4.044,999.33716
pressure,4.201,999.3482
pressure,4.36,999.3422
pressure,4.52,999.3406
pressure,4.68,999.3541
pressure,4.84,999.35565
pressure,5.0,999.3533
pressure,5.16,999.3671
pressure,5.326,999.3875
pressure,5.48,999.3697
pressure,5.64,999.3565
pressure,5.8,999.3775
pressure,5.96,999.3935
pressure,6.123,999.3856
pressure,6.28,999.38605
pressure,6.44,999.3988
pressure,6.6,999.37665
pressure,6.76,999.3697
pressure,6.92,999.38983
pressure,7.08,999.3922
pressure,7.241,999.36646
pressure,7.403,999.3616
pressure,7.56,999.36755
pressure,7.72,999.3518
pressure,7.88,999.3465
pressure,8.04,999.3756
pressure,8.2,999.369
pressure,8.361,999.3482
pressure,8.52,999.3499
pressure,8.68,999.37415
pressure,8.84,999.3635
pressure,9.001,999.36755
pressure,9.16,999.3856
pressure,9.32,999.375
pressure,9.48,999.3442
pressure,9.64,999.3654
pressure,9.8,999.3875
pressure,9.96,999.36456
pressure,10.12,999.33887
pressure,10.28,999.33057
pressure,10.44,999.32544
pressure,10.6,999.3261
pressure,10.76,999.34204
pressure,10.92,999.36096
pressure,11.089,999.36115
pressure,11.24,999.38074
pressure,11.4,999.3971
pressure,11.56,999.38495
pressure,11.72,999.3663
pressure,11.88,999.3716
pressure,12.04,999.3671
pressure,12.201,999.3514
pressure,12.361,999.3635
pressure,12.521,999.3803
pressure,12.68,999.3631
pressure,12.841,999.3531
pressure,13.0,999.3735
pressure,13.163,999.3762
pressure,13.32,999.35864
pressure,13.48,999.36755
pressure,13.64,999.3705
pressure,13.8,999.34076
pressure,13.965,999.32336
pressure,14.12,999.32544
pressure,14.28,999.32587
pressure,14.44,999.3242
pressure,14.601,999.34265
pressure,14.761,999.3495
pressure,14.921,999.32825
pressure,15.08,999.3123
pressure,15.247,999.2983
pressure,15.4,999.2934
pressure,15.564,999.3004
pressure,15.72,999.3095
pressure,15.884,999.31824
pressure,16.04,999.3244
pressure,16.2,999.3297
pressure,16.36,999.33484
pressure,16.52,999.3386
pressure,16.68,999.34076
pressure,16.848,999.34265
pressure,17.0,999.34503
pressure,17.16,999.34717
pressure,17.32,999.3497
pressure,17.481,999.3529
pressure,17.64,999.3544
pressure,17.8,999.355
pressure,17.96,999.35693
pressure,18.12,999.3582
pressure,18.28,999.3582
pressure,18.44,999.3601
pressure,18.6,999.36224
pressure,18.76,999.3631
pressure,18.926,999.3624
pressure,19.08,999.36224
pressure,19.24,999.36053
pressure,19.4,999.3588
pressure,19.56,999.3584
pressure,19.728,999.359
pressure,19.88,999.3597
pressure,20.04,999.39026
pressure,20.2,999.4357
pressure,20.36,999.44403
pressure,20.52,999.42236
pressure,20.68,999.4211
pressure,20.84,999.4119
pressure,21.0,999.3924
pressure,21.16,999.39386
pressure,21.326,999.4013
pressure,21.48,999.3818
pressure,21.64,999.3756
pressure,21.8,999.39197
pressure,21.96,999.38837
pressure,22.127,999.3709
pressure,22.28,999.36945
pressure,22.44,999.35223
pressure,22.6,999.3248
pressure,22.761,999.3369
pressure,22.92,999.3865
pressure,23.081,999.40155
pressure,23.24,999.38983
pressure,23.4,999.3905
pressure,23.56,999.36816
pressure,23.721,999.33887
pressure,23.881,999.3497
pressure,24.04,999.3816
pressure,24.2,999.365
pressure,24.36,999.334
pressure,24.52,999.3248
pressure,24.68,999.3263
pressure,24.84,999.3287
pressure,25.0,999.3369
pressure,25.16,999.3499
pressure,25.32,999.35205
pressure,25.48,999.34564
pressure,25.64,999.3697
pressure,25.801,999.3779
pressure,25.96,999.37415
pressure,26.12,999.3792
pressure,26.28,999.39984
pressure,26.44,999.3909
pressure,26.6,999.3754
pressure,26.769,999.3909
pressure,26.921,999.4056
pressure,27.083,999.3873
pressure,27.24,999.35455
pressure,27.4,999.35693
pressure,27.56,999.3603
pressure,27.72,999.3533
pressure,27.88,999.35583
pressure,28.04,999.35205
pressure,28.201,999.33734
pressure,28.36,999.34076
pressure,28.52,999.37286
pressure,28.681,999.3901
pressure,28.842,999.3786
pressure,29.0,999.3894
pressure,29.168,999.39624
pressure,29.32,999.38367
pressure,29.48,999.3697
pressure,29.64,999.37665
pressure,29.8,999.3699
pressure,29.96,999.3584
pressure,30.12,999.36456
pressure,30.28,999.372
pressure,30.44,999.375
pressure,30.601,999.3873
pressure,30.761,999.3975
pressure,30.92,999.37415
pressure,31.084,999.3357
pressure,31.242,999.37646
pressure,31.4,999.4162
pressure,31.56,999.38666
pressure,31.72,999.33545
pressure,31.884,999.3412
pressure,32.04,999.3435
pressure,32.203,999.3197
pressure,32.36,999.3303
pressure,32.523,999.3633
pressure,32.68,999.36816
pressure,32.84,999.372
pressure,33.0,999.38666
pressure,33.167,999.3922
pressure,33.32,999.38794
pressure,33.485,999.39453
pressure,33.641,999.39923
pressure,33.8,999.38074
pressure,33.96,999.3637
pressure,34.125,999.37646
pressure,34.28,999.389
pressure,34.44,999.3703
pressure,34.6,999.36224
pressure,34.76,999.3667
pressure,34.92,999.3743
pressure,35.08,999.3697
pressure,35.24,999.35626
pressure,35.404,999.3484
pressure,35.566,999.34735
pressure,35.723,999.3482
pressure,35.88,999.3452
pressure,36.04,999.3552
pressure,36.207,999.3644
pressure,36.36,999.35455
pressure,36.52,999.3422
pressure,36.68,999.3501
pressure,36.84,999.37476
pressure,37.0,999.3975
pressure,37.16,999.39984
pressure,37.32,999.37115
pressure,37.481,999.3369
pressure,37.64,999.32336
pressure,37.802,999.31396
pressure,37.96,999.29956
pressure,38.12,999.3025
pressure,38.28,999.3484
pressure,38.44,999.3635
pressure,38.6,999.3267
pressure,38.76,999.2972
pressure,38.922,999.3142
pressure,39.08,999.3333
pressure,39.24,999.3093
pressure,39.4,999.297
pressure,39.56,999.2974
pressure,39.724,999.3006
pressure,39.88,999.30316
pressure,40.042,999.29083
pressure,40.2,999.2785
pressure,40.364,999.25684
pressure,40.523,999.2358
pressure,40.68,999.24854
pressure,40.84,999.26447
pressure,41.009,999.2543
pressure,41.16,999.2381
pressure,41.32,999.2392
pressure,41.48,999.2415
pressure,41.64,999.2254
pressure,41.8,999.2094
pressure,41.96,999.2201
pressure,42.12,999.26404
pressure,42.28,999.2689
pressure,42.445,999.21686
pressure,42.6,999.212
pressure,42.76,999.22217
pressure,42.92,999.223
pressure,43.08,999.20135
pressure,43.24,999.18756
pressure,43.408,999.1965
pressure,43.562,999.19604
pressure,43.726,999.1807
pressure,43.88,999.18353
pressure,44.042,999.19434
pressure,44.207,999.1867
pressure,44.36,999.1827
pressure,44.52,999.1973
pressure,44.687,999.21497
pressure,44.84,999.2054
pressure,45.0,999.2147
pressure,45.161,999.2237
pressure,45.32,999.209
pressure,45.48,999.1814
pressure,45.64,999.19775
pressure,45.8,999.2177
pressure,45.961,999.2071
pressure,46.122,999.1914
pressure,46.28,999.20325
pressure,46.44,999.2069
pressure,46.601,999.1969
pressure,46.76,999.1969
pressure,46.92,999.2039
pressure,47.08,999.20074
pressure,47.24,999.1916
pressure,47.4,999.19305
pressure,47.56,999.1922
pressure,47.72,999.18585
pressure,47.88,999.18054
pressure,48.04,999.17413
pressure,48.201,999.17334
pressure,48.361,999.1744
pressure,48.52,999.18396
pressure,48.68,999.21326
pressure,48.84,999.22833
pressure,49.0,999.21796
pressure,49.16,999.2101
pressure,49.32,999.2194
pressure,49.48,999.22986
pressure,49.64,999.20795
pressure,49.8,999.202
pressure,49.96,999.21265
pressure,50.123,999.2065
pressure,50.28,999.18115
pressure,50.44,999.191
pressure,50.6,999.1975
pressure,50.76,999.1797
pressure,50.92,999.16547
pressure,51.08,999.175
pressure,51.241,999.1763
pressure,51.4,999.1599
pressure,51.56,999.15674
pressure,51.72,999.1688
pressure,51.88,999.17163
pressure,52.042,999.1697
pressure,52.2,999.1784
pressure,52.36,999.1816
pressure,52.52,999.1831
pressure,52.681,999.18604
device_yaw,0.003,68.81638525849588
device_yaw,0.053,68.84386800818478
device_yaw,0.103,68.85418441942714
device_yaw,0.153,68.84878500060574
device_yaw,0.203,68.83035406512002
device_yaw,0.253,68.80898727680902
device_yaw,0.303,68.7651846198345
device_yaw,0.353,68.7146052491832
device_yaw,0.403,68.70344362344608
device_yaw,0.453,68.65313530324259
device_yaw,0.503,68.57791002554528
device_yaw,0.553,68.45397813522959
device_yaw,0.603,68.12582956730735
device_yaw,0.653,67.63831802160328
device_yaw,0.703,67.11390832832602
device_yaw,0.753,66.63249004493156
device_yaw,0.803,66.20068631908576
device_yaw,0.853,65.79251618185845
device_yaw,0.903,65.45432755490424
device_yaw,0.953,65.14386089723686
device_yaw,1.003,64.89331580913506
device_yaw,1.053,64.64108322686796
device_yaw,1.103,64.40180708917755
device_yaw,1.153,64.35341799938209
device_yaw,1.203,64.44936911115701
device_yaw,1.253,64.54515528510734
device_yaw,1.303,64.57081887450332
device_yaw,1.353,64.51130597796804
device_yaw,1.403,64.37793435279497
device_yaw,1.453,64.13580028348821
device_yaw,1.503,63.762466086743714
device_yaw,1.553,63.29839384713802
device_yaw,1.603,62.83001601633962
device_yaw,1.653,62.357762380296045
device_yaw,1.703,61.91148374181471
device_yaw,1.753,61.4782329905903
device_yaw,1.803,61.01228753808814
device_yaw,1.853,60.57165408147903
device_yaw,1.903,60.112564092706926
device_yaw,1.953,59.55773711022413
device_yaw,2.003,58.93555362038796
device_yaw,2.053,58.243165208899924
device_yaw,2.103,57.482803975222446
device_yaw,2.153,56.63252715004837
device_yaw,2.203,55.65521787709104
device_yaw,2.253,54.50320276818661
device_yaw,2.303,53.22093840944317
device_yaw,2.353,51.90828237599039
device_yaw,2.403,50.47404414060011
device_yaw,2.453,48.94173958158342
device_yaw,2.503,47.43443815575861
device_yaw,2.553,45.94495099933047
device_yaw,2.603,44.46160391827122
device_yaw,2.653,42.94116854592226
device_yaw,2.703,41.276871831137726
device_yaw,2.753,39.54538442958512
device_yaw,2.803,37.82345466293438
device_yaw,2.853,36.094630417751574
device_yaw,2.903,34.38048355177969
device_yaw,2.953,32.71052559895531
device_yaw,3.003,31.090728623978542
device_yaw,3.053,29.49851434622939
device_yaw,3.103,27.859374695012544
device_yaw,3.153,26.23997005810517
device_yaw,3.203,24.60303626433656
device_yaw,3.253,23.137068165173023
device_yaw,3.303,21.90197376502626
device_yaw,3.353,20.815270881159154
device_yaw,3.403,19.809313731961243
device_yaw,3.453,18.866484680621344
device_yaw,3.503,18.06013160259182
device_yaw,3.553,17.388600170539288
device_yaw,3.603,16.699180420788437
device_yaw,3.653,16.093318039325204
device_yaw,3.703,15.482973177652088
device_yaw,3.753,14.904028751596577
device_yaw,3.803,14.284234833367275
device_yaw,3.853,13.56568604813984
device_yaw,3.903,12.804311891709226
device_yaw,3.953,11.996290933822577
device_yaw,4.003,11.063378415776576
device_yaw,4.053,9.79708042102201
device_yaw,4.103,8.30499538323929
device_yaw,4.153,6.9928956945287615
device_yaw,4.203,5.884893337345241
device_yaw,4.253,4.9841643630875705
device_yaw,4.303,4.181557649578649
device_yaw,4.353,3.5875050709634837
device_yaw,4.403,3.2782187591419447
device_yaw,4.453,3.221122049470345
device_yaw,4.503,3.4633912075021813
device_yaw,4.553,3.963231746181201
device_yaw,4.603,4.846799967255465
device_yaw,4.653,5.9219647401029
device_yaw,4.703,6.8787656792928935
device_yaw,4.753,7.522640163538615
device_yaw,4.803,7.953306985304346
device_yaw,4.853,8.253635981482626
device_yaw,4.903,8.312677071171146
device_yaw,4.953,7.9883287541252574
device_yaw,5.003,7.215445972806807
device_yaw,5.053,5.95552763677386
device_yaw,5.103,4.352456073268498
device_yaw,5.153,2.537774031427048
device_yaw,5.203,0.7019493137183468
device_yaw,5.253,-1.0519581944579404
device_yaw,5.303,-2.5627930765719396
device_yaw,5.353,-3.866937429362781
device_yaw,5.403,-5.010248458637301
device_yaw,5.453,-5.77607973439392
device_yaw,5.503,-6.147823879773775
device_yaw,5.553,-6.090254700295861
device_yaw,5.603,-5.559729060877145
device_yaw,5.653,-4.639652548688877
device_yaw,5.703,-3.470437454653569
device_yaw,5.753,-2.2634678325661644
device_yaw,5.803,-1.2303130736114567
device_yaw,5.853,-0.4525988090964241
device_yaw,5.903,0.055750103776369624
device_yaw,5.953,0.5686896953938821
device_yaw,6.003,0.7212209836276329
device_yaw,6.053,0.5292946066067584
device_yaw,6.103,0.13147111701532255
device_yaw,6.153,-0.5138028722712767
device_yaw,6.203,-1.5316256483037238
device_yaw,6.253,-2.982478941909562
device_yaw,6.303,-4.640920942022861
device_yaw,6.353,-6.170297362335758
device_yaw,6.403,-7.398615473859735
device_yaw,6.453,-8.309684399924073
device_yaw,6.503,-9.115562240540848
device_yaw,6.553,-9.760263662268617
device_yaw,6.603,-10.097813952666673
device_yaw,6.653,-10.14008351897427
device_yaw,6.703,-9.902844166534367
device_yaw,6.753,-9.214641933187625
device_yaw,6.803,-8.066507049701807
device_yaw,6.853,-6.551191212679298
device_yaw,6.903,-5.009853707714847
device_yaw,6.953,-3.5678318720357165
device_yaw,7.003,-2.1470338960653006
device_yaw,7.053,-0.7174497290003423
device_yaw,7.103,0.5831796814603604
device_yaw,7.153,1.5145455260089469
device_yaw,7.203,2.0030916863191988
device_yaw,7.253,1.001152634204355
device_yaw,7.303,-1.828098214941371
device_yaw,7.353,-5.070435290919316
device_yaw,7.403,-8.80168866194165
device_yaw,7.453,-12.698883492368394
device_yaw,7.503,-16.513724541458352
device_yaw,7.553,-20.306598044220348
device_yaw,7.603,-24.03672470903293
device_yaw,7.653,-27.41953135816431
device_yaw,7.703,-30.323160842583512
device_yaw,7.753,-32.79246398929286
device_yaw,7.803,-33.71079965975587
device_yaw,7.853,-32.73104665005133
device_yaw,7.903,-31.235793949378763
device_yaw,7.953,-29.31660736601198
device_yaw,8.003,-27.140292510365114
device_yaw,8.053,-25.051722031325813
device_yaw,8.103,-23.133845501216175
device_yaw,8.153,-21.38421355593715
device_yaw,8.203,-20.043531042026135
device_yaw,8.253,-19.328696767783693
device_yaw,8.303,-19.090830950106408
device_yaw,8.353,-19.285616101614906
device_yaw,8.403,-20.017094635108595
device_yaw,8.453,-21.30189255962048
device_yaw,8.503,-23.048134952265418
device_yaw,8.553,-25.01050785188825
device_yaw,8.603,-26.812359937173753
device_yaw,8.653,-28.394725767727927
device_yaw,8.703,-29.70409190635627
device_yaw,8.753,-30.635240976347855
device_yaw,8.803,-30.978627413243476
device_yaw,8.853,-30.788371799002906
device_yaw,8.903,-30.173904801920557
device_yaw,8.953,-29.033790748203884
device_yaw,9.003,-27.38158031599163
device_yaw,9.053,-25.22932035019719
device_yaw,9.103,-22.93350132170216
device_yaw,9.153,-20.805072619916487
device_yaw,9.203,-18.88911578681232
device_yaw,9.253,-17.341849345627477
device_yaw,9.303,-16.219431851976022
device_yaw,9.353,-15.477392704625322
device_yaw,9.403,-15.149346698297604
device_yaw,9.453,-14.986498697973543
device_yaw,9.503,-14.990939714487796
device_yaw,9.553,-15.19684895495209
device_yaw,9.603,-15.64094941623702
device_yaw,9.653,-16.26980990082928
device_yaw,9.703,-16.885971403916248
device_yaw,9.753,-17.350705407324163
device_yaw,9.803,-17.625763187968076
device_yaw,9.853,-17.616940936730032
device_yaw,9.903,-17.38390894308781
device_yaw,9.953,-16.896089269467154
device_yaw,10.003,-16.29214019595904
device_yaw,10.053,-15.640488900704748
device_yaw,10.103,-14.935050939446352
device_yaw,10.153,-14.152473226360332
device_yaw,10.203,-13.313006128974799
device_yaw,10.253,-12.645887325744456
device_yaw,10.303,-12.169152275266645
device_yaw,10.353,-11.786667733192253
device_yaw,10.403,-11.683377362306123
device_yaw,10.453,-11.808820300034101
device_yaw,10.503,-12.210989932284633
device_yaw,10.553,-13.03676633496135
device_yaw,10.603,-14.323878840097871
device_yaw,10.653,-15.95015226134919
device_yaw,10.703,-17.7349341397671
device_yaw,10.753,-19.478552358393728
device_yaw,10.803,-20.996329553392915
device_yaw,10.853,-22.32142954071527
device_yaw,10.903,-23.614661950352062
device_yaw,10.953,-24.634629541391277
device_yaw,11.003,-25.337437031234277
device_yaw,11.053,-25.810182616649765
device_yaw,11.103,-25.889309122938712
device_yaw,11.153,-25.47329964653483
device_yaw,11.203,-24.689091140206486
device_yaw,11.253,-23.544963223711818
device_yaw,11.303,-22.222701582266165
device_yaw,11.353,-20.93540293549112
device_yaw,11.403,-19.756360225802748
device_yaw,11.453,-18.612797099966006
device_yaw,11.503,-17.81653027846268
device_yaw,11.553,-17.42443241858824
device_yaw,11.603,-17.158061150207075
device_yaw,11.653,-17.073638061278498
device_yaw,11.703,-17.284655198677218
device_yaw,11.753,-17.83293304678487
device_yaw,11.803,-18.829071083759544
device_yaw,11.853,-20.08313735353581
device_yaw,11.903,-21.337464438908857
device_yaw,11.953,-22.510843889118096
device_yaw,12.003,-23.6686474695486
device_yaw,12.053,-24.631400703675308
device_yaw,12.103,-25.22502059220485
device_yaw,12.153,-25.713736527799366
device_yaw,12.203,-26.02599560946318
device_yaw,12.253,-26.02009670301619
device_yaw,12.303,-25.610117007012175
device_yaw,12.353,-24.840098543311388
device_yaw,12.403,-23.91099251698246
device_yaw,12.453,-23.091843972125485
device_yaw,12.503,-22.488369296339155
device_yaw,12.553,-21.93904666112955
device_yaw,12.603,-21.39137597254608
device_yaw,12.653,-21.11088846444278
device_yaw,12.703,-20.975324755225344
device_yaw,12.753,-20.99524643124219
device_yaw,12.803,-21.235499591718806
device_yaw,12.853,-21.714124191257156
device_yaw,12.903,-22.54503158270928
device_yaw,12.953,-23.54454104407499
device_yaw,13.003,-24.43434025257352
device_yaw,13.053,-25.021408205263814
device_yaw,13.103,-25.383739582705683
device_yaw,13.153,-25.512878506853646
device_yaw,13.203,-25.190082523838395
device_yaw,13.253,-24.56446468331891
device_yaw,13.303,-23.764458715986496
device_yaw,13.353,-22.64196769213468
device_yaw,13.403,-21.13384550842244
device_yaw,13.453,-19.22518559176396
device_yaw,13.503,-17.17678316557376
device_yaw,13.553,-15.155763765530759
device_yaw,13.603,-13.381862002864993
device_yaw,13.653,-11.63257477836158
device_yaw,13.703,-10.34822209452712
device_yaw,13.753,-9.689850393212431
device_yaw,13.803,-9.5223536389019
device_yaw,13.853,-9.627316981493037
device_yaw,13.903,-10.19037055766192
device_yaw,13.953,-11.024149737834053
device_yaw,14.003,-11.799472992913172
device_yaw,14.053,-12.304279855826245
device_yaw,14.103,-12.466938394423103
device_yaw,14.153,-12.280075875900831
device_yaw,14.203,-11.96994342236031
device_yaw,14.253,-11.128929101333375
device_yaw,14.303,-9.65467114205437
device_yaw,14.353,-7.847770476696201
device_yaw,14.403,-5.846013702092116
device_yaw,14.453,-3.6049244147997213
device_yaw,14.503,-1.1617817859855526
device_yaw,14.553,1.289207680935484
device_yaw,14.603,3.5171392850780365
device_yaw,14.653,5.304269051275482
device_yaw,14.703,6.690845725043849
device_yaw,14.753,7.621784787680789
device_yaw,14.803,8.242796246061737
device_yaw,14.853,8.473769308936916
device_yaw,14.903,8.461554301937069
device_yaw,14.953,8.271477231832788
device_yaw,15.003,7.928374098981423
device_yaw,15.053,7.305816892425824
device_yaw,15.103,6.386106220851016
device_yaw,15.153,5.466371572064289
device_yaw,15.203,4.749498647299952
device_yaw,15.253,4.250376046676531
device_yaw,15.303,3.99516821431871
device_yaw,15.353,3.840051856834828
device_yaw,15.403,3.7949722575242024
device_yaw,15.453,3.9244381376276762
device_yaw,15.503,4.167154475850588
device_yaw,15.553,4.507738034694506
device_yaw,15.603,4.906074773170297
device_yaw,15.653,5.36237283622529
device_yaw,15.703,5.7030759301271265
device_yaw,15.753,5.7953105811571035
device_yaw,15.803,5.6287082474611685
device_yaw,15.853,5.3463051984186984
device_yaw,15.903,4.907731906398101
device_yaw,15.953,4.286239964966157
device_yaw,16.003,3.421531052120813
device_yaw,16.053,2.4318276604761335
device_yaw,16.103,1.3494198534400195
device_yaw,16.153,0.25108334119059744
device_yaw,16.203,-0.8497314167494655
device_yaw,16.253,-1.867359216004202
device_yaw,16.303,-2.6914645643453303
device_yaw,16.353,-3.364404199908933
device_yaw,16.403,-4.0670186677919
device_yaw,16.453,-4.600416601408247
device_yaw,16.503,-4.901834558493785
device_yaw,16.553,-4.954875268966621
device_yaw,16.603,-4.855738343640227
device_yaw,16.653,-4.575856368393313
device_yaw,16.703,-4.205284233163556
device_yaw,16.753,-3.7684725214185706
device_yaw,16.803,-3.325391587149524
device_yaw,16.853,-2.979672733080313
device_yaw,16.903,-2.679567194794304
device_yaw,16.953,-2.317956736786778
device_yaw,17.003,-2.0701408541803406
device_yaw,17.053,-2.0150045418141134
device_yaw,17.103,-2.065293651476787
device_yaw,17.153,-2.15413338654736
device_yaw,17.203,-2.3927530788352716
device_yaw,17.253,-2.8043351372860794
device_yaw,17.303,-3.344789661155492
device_yaw,17.353,-3.953923252098173
device_yaw,17.403,-4.4786153649155604
device_yaw,17.453,-4.89690175086338
device_yaw,17.503,-5.268517864585386
device_yaw,17.553,-5.4673442526404505
device_yaw,17.603,-5.543609200275328
device_yaw,17.653,-5.567728061930348
device_yaw,17.703,-5.613064091914258
device_yaw,17.753,-5.587544931666245
device_yaw,17.803,-5.433099539463149
device_yaw,17.853,-5.19074094977001
device_yaw,17.903,-4.961220522610403
device_yaw,17.953,-4.897286188112253
device_yaw,18.003,-4.98931739003418
device_yaw,18.053,-5.297774961864648
device_yaw,18.103,-5.844655868300038
device_yaw,18.153,-6.483894221720887
device_yaw,18.203,-7.078601942941476
device_yaw,18.253,-7.598878674212242
device_yaw,18.303,-8.111243993906603
device_yaw,18.353,-8.599683040860853
device_yaw,18.403,-8.98535000471742
device_yaw,18.453,-9.12802122774305
device_yaw,18.503,-8.914130951374476
device_yaw,18.553,-8.313113644764373
device_yaw,18.603,-7.269724242028408
device_yaw,18.653,-5.997618988023624
device_yaw,18.703,-4.6094872912128
device_yaw,18.753,-3.1899732954273903
device_yaw,18.803,-1.7198585870075311
device_yaw,18.853,-0.15317542772794798
device_yaw,18.903,1.4199021841115627
device_yaw,18.953,2.950727383797494
device_yaw,19.003,4.351351095803863
device_yaw,19.053,5.5872897588987485
device_yaw,19.103,6.690405988529658
device_yaw,19.153,7.60057596899084
device_yaw,19.203,8.496458176284793
device_yaw,19.253,9.342260062188604
device_yaw,19.303,10.098036227452049
device_yaw,19.353,10.700349945471633
device_yaw,19.403,11.15272015501161
device_yaw,19.453,11.589657695766403
device_yaw,19.503,11.981631296948272
device_yaw,19.553,12.173659822233157
device_yaw,19.603,12.224789460753591
device_yaw,19.653,12.059872939413088
device_yaw,19.703,11.821536861301684
device_yaw,19.753,11.46788019788321
device_yaw,19.803,11.094295930598271
device_yaw,19.853,10.71666566663691
device_yaw,19.903,10.392983578831162
device_yaw,19.953,10.09977980415694
device_yaw,20.003,9.684745815363325
device_yaw,20.053,9.139377515217364
device_yaw,20.103,8.5677556875546
device_yaw,20.153,7.912812148475467
device_yaw,20.203,7.245157510383044
device_yaw,20.253,6.517098843525639
device_yaw,20.303,5.812977383877101
device_yaw,20.353,5.0954459597204425
device_yaw,20.403,4.31969486721525
device_yaw,20.453,3.3931659446199522
device_yaw,20.503,2.2761860999303924
device_yaw,20.553,1.0089083012689757
device_yaw,20.603,-0.39861731504915476
device_yaw,20.653,-1.7684339851306115
device_yaw,20.703,-2.967870538661015
device_yaw,20.753,-4.054868515846764
device_yaw,20.803,-4.987360477135214
device_yaw,20.853,-5.948667450931706
device_yaw,20.903,-6.792761697280489
device_yaw,20.953,-7.481474399031608
device_yaw,21.003,-7.9938140823649215
device_yaw,21.053,-8.285915324831619
device_yaw,21.103,-8.282900695194071
device_yaw,21.153,-7.992146744749323
device_yaw,21.203,-7.599845494415158
device_yaw,21.253,-7.308982362844441
device_yaw,21.303,-7.158943099022105
device_yaw,21.353,-7.151031839880843
device_yaw,21.403,-7.174390709312285
device_yaw,21.453,-7.329126753133556
device_yaw,21.503,-7.609622056191574
device_yaw,21.553,-7.949627394702818
device_yaw,21.603,-8.448519157075607
device_yaw,21.653,-9.167560196506587
device_yaw,21.703,-10.01263424446771
device_yaw,21.753,-10.926460642007383
device_yaw,21.803,-11.7390961179265
device_yaw,21.853,-12.482871814080555
device_yaw,21.903,-13.090104916561272
device_yaw,21.953,-13.610151864675542
device_yaw,22.003,-14.091903221295157
device_yaw,22.053,-14.395925514407246
device_yaw,22.103,-14.563935673835333
device_yaw,22.153,-14.602532550629705
device_yaw,22.203,-14.512020950856133
device_yaw,22.253,-14.432455099011936
device_yaw,22.303,-14.363055236027266
device_yaw,22.353,-14.41297783726626
device_yaw,22.403,-14.38106859973732
device_yaw,22.453,-14.338563033398414
device_yaw,22.503,-14.33956619003971
device_yaw,22.553,-14.377128306511851
device_yaw,22.603,-14.566503474719502
device_yaw,22.653,-14.875551387972479
device_yaw,22.703,-15.233637527545676
device_yaw,22.753,-15.648150001247119
device_yaw,22.803,-15.984635256459638
device_yaw,22.853,-16.128286356320704
device_yaw,22.903,-16.07215372047797
device_yaw,22.953,-16.03419602710517
device_yaw,23.003,-16.055212235127797
device_yaw,23.053,-16.093899081743714
device_yaw,23.103,-16.092976435662504
device_yaw,23.153,-16.16046417197201
device_yaw,23.203,-16.24926491007794
device_yaw,23.253,-16.30575256676475
device_yaw,23.303,-16.26762512763023
device_yaw,23.353,-16.189656165364962
device_yaw,23.403,-16.169117057401568
device_yaw,23.453,-16.2957786821715
device_yaw,23.503,-16.502472629065945
device_yaw,23.553,-16.708059049451705
device_yaw,23.603,-16.82817754457525
device_yaw,23.653,-16.90706419267658
device_yaw,23.703,-16.956729722946157
device_yaw,23.753,-16.982934158532288
device_yaw,23.803,-17.009180397070892
device_yaw,23.853,-17.130080166356702
device_yaw,23.903,-17.301492099432526
device_yaw,23.953,-17.49145047987503
device_yaw,24.003,-17.58659957069626
device_yaw,24.053,-17.55814489757971
device_yaw,24.103,-17.515053184403474
device_yaw,24.153,-17.421557483217228
device_yaw,24.203,-17.275535386199547
device_yaw,24.253,-16.960772331623474
device_yaw,24.303,-16.67584024469326
device_yaw,24.353,-16.328338086263134
device_yaw,24.403,-15.867331087519295
device_yaw,24.453,-15.337534326987777
device_yaw,24.503,-14.821121024891891
device_yaw,24.553,-14.35739760632559
device_yaw,24.603,-14.021007143705411
device_yaw,24.653,-13.817967000818175
device_yaw,24.703,-13.695592825540654
device_yaw,24.753,-13.65442158781648
device_yaw,24.803,-13.631311837369463
device_yaw,24.853,-13.64476547058702
device_yaw,24.903,-13.80395892796882
device_yaw,24.953,-14.145860199472752
device_yaw,25.003,-14.661012250474458
device_yaw,25.053,-15.257434643969162
device_yaw,25.103,-15.82916351606337
device_yaw,25.153,-16.29086365093468
device_yaw,25.203,-16.698043277410555
device_yaw,25.253,-17.210464243092225
device_yaw,25.303,-17.87323996045763
device_yaw,25.353,-18.632951942050646
device_yaw,25.403,-19.413751606086446
device_yaw,25.453,-20.14478234626314
device_yaw,25.503,-20.720854318837322
device_yaw,25.553,-21.103842333328387
device_yaw,25.603,-21.322186374021836
device_yaw,25.653,-21.545082834588687
device_yaw,25.703,-21.81361158208081
device_yaw,25.753,-22.121836526879427
device_yaw,25.803,-22.376670520437205
device_yaw,25.853,-22.54304959894784
device_yaw,25.903,-22.67217608818402
device_yaw,25.953,-22.602711203074886
device_yaw,26.003,-22.44373040938835
device_yaw,26.053,-22.28691319973495
device_yaw,26.103,-22.27042385553097
device_yaw,26.153,-22.455648902313353
device_yaw,26.203,-22.863332179388593
device_yaw,26.253,-23.435881719615335
device_yaw,26.303,-24.044592994619105
device_yaw,26.353,-24.634190106538675
device_yaw,26.403,-25.16730331576317
device_yaw,26.453,-25.67764750902053
device_yaw,26.503,-26.305418889527065
device_yaw,26.553,-26.941597255993734
device_yaw,26.603,-27.528644204819308
device_yaw,26.653,-27.92870542977877
device_yaw,26.703,-28.1055319108835
device_yaw,26.753,-28.017073470023373
device_yaw,26.803,-27.73662950729149
device_yaw,26.853,-27.315784544062055
device_yaw,26.903,-26.90229906801649
device_yaw,26.953,-26.49085556137619
device_yaw,27.003,-26.13244628667866
device_yaw,27.053,-25.73777460898742
device_yaw,27.103,-25.313013475574447
device_yaw,27.153,-24.86091760179655
device_yaw,27.203,-24.506945500163123
device_yaw,27.253,-24.401787896700867
device_yaw,27.303,-24.37406671847235
device_yaw,27.353,-24.31308695156531
device_yaw,27.403,-24.226653226143764
device_yaw,27.453,-24.042120245632443
device_yaw,27.503,-23.823521047160185
device_yaw,27.553,-23.559559006026266
device_yaw,27.603,-23.356136709516203
device_yaw,27.653,-23.261747109752683
device_yaw,27.703,-23.18777199190653
device_yaw,27.753,-23.069223423667918
device_yaw,27.803,-22.817001963018612
device_yaw,27.853,-22.61311036274499
device_yaw,27.903,-22.528466433538785
device_yaw,27.953,-22.55443050588573
device_yaw,28.003,-22.656156711649132
device_yaw,28.053,-22.773862334155297
device_yaw,28.103,-23.048859637112983
device_yaw,28.153,-23.389408625382533
device_yaw,28.203,-23.80753991819005
device_yaw,28.253,-24.36597747305882
device_yaw,28.303,-25.11656625842976
device_yaw,28.353,-25.99080335237136
device_yaw,28.403,-26.905528289422364
device_yaw,28.453,-27.77922796729059
device_yaw,28.503,-28.56797083606241
device_yaw,28.553,-29.287196902749585
device_yaw,28.603,-30.006714059324363
device_yaw,28.653,-30.622869385722353
device_yaw,28.703,-31.121804940468113
device_yaw,28.753,-31.52043592673814
device_yaw,28.803,-31.812564194331436
device_yaw,28.853,-31.88992394843789
device_yaw,28.903,-31.750860667591493
device_yaw,28.953,-31.482084807124217
device_yaw,29.003,-31.200860061655714
device_yaw,29.053,-30.93762853895099
device_yaw,29.103,-30.794288855901154
device_yaw,29.153,-30.701046203052886
device_yaw,29.203,-30.568459786684105
device_yaw,29.253,-30.549042764091492
device_yaw,29.303,-30.65613363805836
device_yaw,29.353,-30.914044548133493
device_yaw,29.403,-31.27474283735626
device_yaw,29.453,-31.742760709275895
device_yaw,29.503,-32.34080249179496
device_yaw,29.553,-32.99305972360394
device_yaw,29.603,-33.68374004164652
device_yaw,29.653,-34.25805571323858
device_yaw,29.703,-34.75779652192086
device_yaw,29.753,-35.28246778969647
device_yaw,29.803,-35.73955644999968
device_yaw,29.853,-35.925562571560526
device_yaw,29.903,-35.99176400283941
device_yaw,29.953,-35.891151861529025
device_yaw,30.003,-35.67591547261652
device_yaw,30.053,-35.279941143553984
device_yaw,30.103,-34.79050844820467
device_yaw,30.153,-34.28878571134919
device_yaw,30.203,-33.86498299600913
device_yaw,30.253,-33.521704677623696
device_yaw,30.303,-33.17807440169602
device_yaw,30.353,-32.8927079959132
device_yaw,30.403,-32.75836732932277
device_yaw,30.453,-32.6862581399484
device_yaw,30.503,-32.70538895587129
device_yaw,30.553,-32.820783639941254
device_yaw,30.603,-33.05046464830125
device_yaw,30.653,-33.37762632690012
device_yaw,30.703,-33.72161144019608
device_yaw,30.753,-33.86048657483619
device_yaw,30.803,-33.73173747771426
device_yaw,30.853,-33.396194748509224
device_yaw,30.903,-32.91686577373167
device_yaw,30.953,-32.19042134485364
device_yaw,31.003,-31.31485167154402
device_yaw,31.053,-30.23889892303095
device_yaw,31.103,-28.953984698843627
device_yaw,31.153,-27.497907195727
device_yaw,31.203,-25.92959948807791
device_yaw,31.253,-24.304363331749414
device_yaw,31.303,-22.846747564368762
device_yaw,31.353,-21.65222565318004
device_yaw,31.403,-20.666000867924886
device_yaw,31.453,-19.83886429631066
device_yaw,31.503,-19.232179779591245
device_yaw,31.553,-18.436066213217813
device_yaw,31.603,-17.644136030013144
device_yaw,31.653,-16.850669562442558
device_yaw,31.703,-16.114733628959087
device_yaw,31.753,-15.438247537340413
device_yaw,31.803,-14.834185973840421
device_yaw,31.853,-14.071828229203062
device_yaw,31.903,-12.903246905949915
device_yaw,31.953,-11.381445385364792
device_yaw,32.003,-9.378727626587889
device_yaw,32.053,-6.986298560876538
device_yaw,32.103,-4.398142669164397
device_yaw,32.153,-1.6439232614101493
device_yaw,32.203,1.1731798039822217
device_yaw,32.253,4.318798673362197
device_yaw,32.303,7.820952073247607
device_yaw,32.353,11.589844798480652
device_yaw,32.403,15.317009339384976
device_yaw,32.453,18.780892024109725
device_yaw,32.503,21.950701125720045
device_yaw,32.553,24.754660052021986
device_yaw,32.603,27.146531898633455
device_yaw,32.653,29.025683171024056
device_yaw,32.703,30.545927317393634
device_yaw,32.753,32.05844222199748
device_yaw,32.803,33.40034532475676
device_yaw,32.853,34.539958855840524
device_yaw,32.903,35.53246972798704
device_yaw,32.953,36.42310925532922
device_yaw,33.003,37.23372982603353
device_yaw,33.053,38.11497803217264
device_yaw,33.103,39.09192178278955
device_yaw,33.153,40.78837745727595
device_yaw,33.203,42.72319162516885
device_yaw,33.253,44.77185524191202
device_yaw,33.303,46.945605392962506
device_yaw,33.353,49.151477405965466
device_yaw,33.403,51.52976180697599
device_yaw,33.453,54.03333163045445
device_yaw,33.503,56.72717457797692
device_yaw,33.553,59.459459223389445
device_yaw,33.603,62.13016918278567
device_yaw,33.653,64.7115148319594
device_yaw,33.703,66.57590741933531
device_yaw,33.753,68.32327223409422
device_yaw,33.803,69.98863152390601
device_yaw,33.853,71.37303588414898
device_yaw,33.903,72.75141765707104
device_yaw,33.953,73.9567610620262
device_yaw,34.003,75.15291546036073
device_yaw,34.053,76.26678148043841
device_yaw,34.103,77.5059632079657
device_yaw,34.153,78.86774012308125
device_yaw,34.203,80.37200754057457
device_yaw,34.253,82.03270724488863
device_yaw,34.303,83.75584343709984
device_yaw,34.353,85.54322620448855
device_yaw,34.403,87.31819116527168
device_yaw,34.453,88.84749315768725
device_yaw,34.503,90.32060119718635
device_yaw,34.553,91.57779027346452
device_yaw,34.603,92.75771316193112
device_yaw,34.653,93.72958048582527
device_yaw,34.703,94.55496418674224
device_yaw,34.753,95.19601335969652
device_yaw,34.803,95.66723052119625
device_yaw,34.853,96.0447631498414
device_yaw,34.903,96.37282457086695
device_yaw,34.953,96.81118262859691
device_yaw,35.003,97.4476122383835
device_yaw,35.053,98.15496867041698
device_yaw,35.103,99.07415258235163
device_yaw,35.153,100.20995090171628
device_yaw,35.203,101.56609073490223
device_yaw,35.253,103.23570598986252
device_yaw,35.303,105.25402643624176
device_yaw,35.353,107.57760289308207
device_yaw,35.403,110.14677367947192
device_yaw,35.453,112.87263939440253
device_yaw,35.503,115.75636186927095
device_yaw,35.553,118.73028751554195
device_yaw,35.603,121.81220315576451
device_yaw,35.653,124.8788518836027
device_yaw,35.703,127.85698561135423
device_yaw,35.753,130.7243258108626
device_yaw,35.803,133.24583803832505
device_yaw,35.853,135.38034314993936
device_yaw,35.903,137.23807770386873
device_yaw,35.953,138.95143579870532
device_yaw,36.003,140.52353134830918
device_yaw,36.053,142.15767252019637
device_yaw,36.103,144.01989325181447
device_yaw,36.153,145.72347945984416
device_yaw,36.203,147.34885154443757
device_yaw,36.253,148.93686805516154
device_yaw,36.303,150.663732874191
device_yaw,36.353,152.60186898254798
device_yaw,36.403,154.73528831295195
device_yaw,36.453,156.9253365615333
device_yaw,36.503,158.85477670064466
device_yaw,36.553,160.68476500143515
device_yaw,36.603,162.25631144802026
device_yaw,36.653,163.46924899461536
device_yaw,36.703,167.98372861948297
device_yaw,36.753,172.35265393390588
device_yaw,36.803,176.6331860146029
device_yaw,36.853,180.6686008010296
device_yaw,36.903,184.3882256134705
device_yaw,36.953,187.88498459743903
device_yaw,37.003,191.2070188423356
device_yaw,37.053,194.49754785574115
device_yaw,37.103,197.6373789746951
device_yaw,37.153,200.52081325954742
device_yaw,37.203,203.14098383967612
device_yaw,37.253,202.23144218334986
device_yaw,37.303,201.28989907452123
device_yaw,37.353,200.27147555702024
device_yaw,37.403,199.2490859926188
device_yaw,37.453,198.65922741841544
device_yaw,37.503,198.42130106561126
device_yaw,37.553,198.46337236423895
device_yaw,37.603,198.64426788248173
device_yaw,37.653,199.06974489571795
device_yaw,37.703,199.70323286271199
device_yaw,37.753,200.480919526441
device_yaw,37.803,201.44282978961425
device_yaw,37.853,202.59930963104588
device_yaw,37.903,203.6866996231834
device_yaw,37.953,204.5608959606714
device_yaw,38.003,204.82237742639217
device_yaw,38.053,204.54637775263157
device_yaw,38.103,203.63664631344207
device_yaw,38.153,202.25002462198782
device_yaw,38.203,200.58010817471103
device_yaw,38.253,198.82643126756508
device_yaw,38.303,196.98833616712275
device_yaw,38.353,195.07494260523245
device_yaw,38.403,193.0095694196031
device_yaw,38.453,191.05857961874972
device_yaw,38.503,189.4120681389554
device_yaw,38.553,188.1186976846412
device_yaw,38.603,187.1475463573736
device_yaw,38.653,186.93862277399606
device_yaw,38.703,186.64145643347376
device_yaw,38.753,186.52291274859155
device_yaw,38.803,186.3247345867949
device_yaw,38.853,186.15947583912427
device_yaw,38.903,186.0651963710345
device_yaw,38.953,185.8674896257591
device_yaw,39.003,185.5505134784952
device_yaw,39.053,185.20357727156454
device_yaw,39.103,184.84658331147213
device_yaw,39.153,184.32275821080395
device_yaw,39.203,183.35995298536105
device_yaw,39.253,182.8367624343551
device_yaw,39.303,182.36103343653468
device_yaw,39.353,181.89031524578988
device_yaw,39.403,181.38388551880996
device_yaw,39.453,180.73605681218967
device_yaw,39.503,180.1824420132895
device_yaw,39.553,179.65262214148126
device_yaw,39.603,178.94721040336316
device_yaw,39.653,178.1083579295332
device_yaw,39.703,177.35913488238498
device_yaw,39.753,176.76184401592346
device_yaw,39.803,176.270273376214
device_yaw,39.853,175.8961333365147
device_yaw,39.903,175.70683725046229
device_yaw,39.953,175.7032966733579
device_yaw,40.003,175.8590108908467
device_yaw,40.053,176.23157868245238
device_yaw,40.103,176.8910221588941
device_yaw,40.153,177.83940347116553
device_yaw,40.203,178.97813022230784
device_yaw,40.253,180.213246681916
device_yaw,40.303,181.56712509757
device_yaw,40.353,182.9665648155545
device_yaw,40.403,184.17467172534188
device_yaw,40.453,185.14659619934625
device_yaw,40.503,185.92485639678188
device_yaw,40.553,186.5297613457005
device_yaw,40.603,186.8210487488201
device_yaw,40.653,186.85788872130541
device_yaw,40.703,186.69047419403068
device_yaw,40.753,186.31763436556437
device_yaw,40.803,185.73829300164465
device_yaw,40.853,184.90024855253353
device_yaw,40.903,183.99559677252572
device_yaw,40.953,183.156127922579
device_yaw,41.003,182.47376673797618
device_yaw,41.053,181.86953068498235
device_yaw,41.103,181.43408708078465
device_yaw,41.153,181.2532843575038
device_yaw,41.203,181.35876326503916
device_yaw,41.253,181.7265574084896
device_yaw,41.303,182.3675942750632
device_yaw,41.353,183.26171346680073
device_yaw,41.403,184.32621510354457
device_yaw,41.453,185.49970076694854
device_yaw,41.503,186.7724006164066
device_yaw,41.553,188.08507745182652
device_yaw,41.603,189.4583075042566
device_yaw,41.653,190.73704118514488
device_yaw,41.703,191.91677305843925
device_yaw,41.753,192.810319817926
device_yaw,41.803,193.3674855617595
device_yaw,41.853,193.68570988324106
device_yaw,41.903,193.777384130742
device_yaw,41.953,193.7074253913549
device_yaw,42.003,193.39777521449705
device_yaw,42.053,192.84793145052882
device_yaw,42.103,192.1426501791907
device_yaw,42.153,190.9652104479127
device_yaw,42.203,189.62273758381443
device_yaw,42.253,188.11909424200593
device_yaw,42.303,186.54891608437546
device_yaw,42.353,185.0439395311124
device_yaw,42.403,183.6086067068966
device_yaw,42.453,182.28771784305096
device_yaw,42.503,181.115865356677
device_yaw,42.553,180.16223302817818
device_yaw,42.603,179.4359117604661
device_yaw,42.653,178.94589007835987
device_yaw,42.703,178.89526157422463
device_yaw,42.753,179.110190931299
device_yaw,42.803,179.5546828376409
device_yaw,42.853,180.24839701894476
device_yaw,42.903,181.02378712185066
device_yaw,42.953,181.79551392924606
device_yaw,43.003,182.59783370095104
device_yaw,43.053,183.32848595728345
device_yaw,43.103,183.93779432189578
device_yaw,43.153,184.23603846431078
device_yaw,43.203,184.24664463688106
device_yaw,43.253,184.08990580904626
device_yaw,43.303,183.63960095793175
device_yaw,43.353,182.8547320612179
device_yaw,43.403,181.84986211583734
device_yaw,43.453,180.8818454219434
device_yaw,43.503,180.00306427269538
device_yaw,43.553,179.2370713074344
device_yaw,43.603,178.68064511639457
device_yaw,43.653,178.28877263389117
device_yaw,43.703,178.3454498403067
device_yaw,43.753,178.70929273641994
device_yaw,43.803,179.3469766888203
device_yaw,43.853,180.29608980516835
device_yaw,43.903,181.496594787536
device_yaw,43.953,182.7657997433282
device_yaw,44.003,183.94938006906025
device_yaw,44.053,184.9658495632918
device_yaw,44.103,185.7756380195513
device_yaw,44.153,186.42024295408166
device_yaw,44.203,186.908105498469
device_yaw,44.253,187.3210940350659
device_yaw,44.303,187.66594642486317
device_yaw,44.353,187.89127691087663
device_yaw,44.403,187.97330220206902
device_yaw,44.453,187.97134429727555
device_yaw,44.503,187.8824690170012
device_yaw,44.553,187.74598071321722
device_yaw,44.603,187.76886893078807
device_yaw,44.653,187.8909491488797
device_yaw,44.703,188.03286852974514
device_yaw,44.753,188.3064048455034
device_yaw,44.803,188.29970673547666
device_yaw,44.853,188.14334000147028
device_yaw,44.903,187.91074329133517
device_yaw,44.953,187.65799681816986
device_yaw,45.003,187.43081760192064
device_yaw,45.053,187.2007230857578
device_yaw,45.103,186.90181473310852
device_yaw,45.153,186.3402158572131
device_yaw,45.203,185.4033477195298
device_yaw,45.253,184.1471812790874
device_yaw,45.303,182.64894028700013
device_yaw,45.353,181.02375708175785
device_yaw,45.403,179.1194217027894
device_yaw,45.453,177.09905458049752
device_yaw,45.503,174.94981540425144
device_yaw,45.553,172.52986338772428
device_yaw,45.603,169.9808072883294
device_yaw,45.653,167.35703497974075
device_yaw,45.703,164.74926504861244
device_yaw,45.753,162.32703900604574
device_yaw,45.803,160.08793467935925
device_yaw,45.853,157.9295740718202
device_yaw,45.903,155.8727618339732
device_yaw,45.953,154.0993628508411
device_yaw,46.003,152.33882404830757
device_yaw,46.053,150.6909412574738
device_yaw,46.103,149.24701004286464
device_yaw,46.153,147.85402836410128
device_yaw,46.203,146.4011517288088
device_yaw,46.253,144.90079041239758
device_yaw,46.303,143.29075149395774
device_yaw,46.353,141.46953079346747
device_yaw,46.403,139.43362345695527
device_yaw,46.453,137.17313819842013
device_yaw,46.503,134.6437358961811
device_yaw,46.553,132.093705968343
device_yaw,46.603,129.3813845604175
device_yaw,46.653,126.58583828346478
device_yaw,46.703,123.78609026353844
device_yaw,46.753,121.1250732245403
device_yaw,46.803,118.52003960733897
device_yaw,46.853,116.01445264962659
device_yaw,46.903,113.70836780336903
device_yaw,46.953,111.6366756923293
device_yaw,47.003,109.92562251296908
device_yaw,47.053,108.4648898392606
device_yaw,47.103,107.11294705042211
device_yaw,47.153,105.97888040349109
device_yaw,47.203,104.98000184252918
device_yaw,47.253,104.11268684337374
device_yaw,47.303,103.3020122405855
device_yaw,47.353,102.54659515411554
device_yaw,47.403,98.61015176098554
device_yaw,47.453,93.49818662182278
device_yaw,47.503,88.38098120304477
device_yaw,47.553,83.17944715064249
device_yaw,47.603,77.99025185793002
device_yaw,47.653,72.83105362218977
device_yaw,47.703,67.69850836242472
device_yaw,47.753,62.633400344894696
device_yaw,47.803,57.55570959965558
device_yaw,47.853,52.457922867448936
device_yaw,47.903,47.358782868763754
device_yaw,47.953,45.55485358838679
device_yaw,48.003,45.06446982029881
device_yaw,48.053,44.71730755474428
device_yaw,48.103,44.50070076290923
device_yaw,48.153,44.37976141469385
device_yaw,48.203,44.39952750416754
device_yaw,48.253,44.506602178590015
device_yaw,48.303,44.61162349312968
device_yaw,48.353,44.73866387679438
device_yaw,48.403,44.956985296615876
device_yaw,48.453,45.733515215966605
device_yaw,48.503,46.423136969623606
device_yaw,48.553,47.11333064837416
device_yaw,48.603,47.66986764191993
device_yaw,48.653,48.119973847463896
device_yaw,48.703,48.47814844765866
device_yaw,48.753,48.7183701173311
device_yaw,48.803,48.894339239481816
device_yaw,48.853,49.114324334646426
device_yaw,48.903,49.39228257477359
device_yaw,48.953,49.6791317514839
device_yaw,49.003,49.47846314755275
device_yaw,49.053,49.46815596819665
device_yaw,49.103,49.410611335084994
device_yaw,49.153,49.46762596596164
device_yaw,49.203,49.63365076319399
device_yaw,49.253,49.86461500004291
device_yaw,49.303,50.10983650015516
device_yaw,49.353,50.30195122042838
device_yaw,49.403,50.43427841453684
device_yaw,49.453,50.49379133292201
device_yaw,49.503,50.47981294667855
device_yaw,49.553,50.37794715347643
device_yaw,49.603,49.94918718676542
device_yaw,49.653,49.28172204602757
device_yaw,49.703,48.429779913332965
device_yaw,49.753,47.42142898637764
device_yaw,49.803,46.28048908937326
device_yaw,49.853,44.94455955104974
device_yaw,49.903,43.493862896157594
device_yaw,49.953,42.078600253451064
device_yaw,50.003,40.79991418789028
device_yaw,50.053,39.664277652976715
device_yaw,50.103,38.72419713389002
device_yaw,50.153,38.02470936005071
device_yaw,50.203,37.67455806911355
device_yaw,50.253,37.62959026198186
device_yaw,50.303,37.81633977683532
device_yaw,50.353,38.34393770731112
device_yaw,50.403,39.250087289795296
device_yaw,50.453,40.38997620732365
device_yaw,50.503,41.551266756688385
device_yaw,50.553,42.70330387970736
device_yaw,50.603,43.78402513534666
device_yaw,50.653,44.77064513448432
device_yaw,50.703,45.7210279532008
device_yaw,50.753,46.55488787314146
device_yaw,50.803,47.328129003603514
device_yaw,50.853,48.00799857180161
device_yaw,50.903,48.516619789902485
device_yaw,50.953,48.8311724008235
device_yaw,51.003,49.04034065541237
device_yaw,51.053,49.22386372160083
device_yaw,51.103,49.387734389971335
device_yaw,51.153,49.66897566329729
device_yaw,51.203,50.0690146552752
device_yaw,51.253,50.59739549927795
device_yaw,51.303,51.22269709425478
device_yaw,51.353,51.70012257848912
device_yaw,51.403,52.320407051741206
device_yaw,51.453,53.021628906104134
device_yaw,51.503,53.83819296427807
device_yaw,51.553,54.8549642976403
device_yaw,51.603,55.863426571150285
device_yaw,51.653,56.78238143701181
device_yaw,51.703,57.57534494229481
device_yaw,51.753,58.28547537128531
device_yaw,51.803,58.92522955810738
device_yaw,51.853,59.594493632905795
device_yaw,51.903,60.381150174714634
device_yaw,51.953,61.037052555690956
device_yaw,52.003,61.597014690092585
device_yaw,52.053,62.14491826078292
device_yaw,52.103,62.597168177814225
device_yaw,52.153,63.110500127880066
device_yaw,52.203,63.71739978679141
device_yaw,52.253,64.3746250741034
device_yaw,52.303,65.01792630827934
device_yaw,52.353,65.62419770398141
device_yaw,52.403,66.10851113154477
device_yaw,52.453,66.48778248250935
device_yaw,52.503,66.7959648148513
device_yaw,52.553,66.98148437946458
device_yaw,52.603,67.15114120754123
device_yaw,52.653,67.26335770744802
device_yaw,52.703,67.32709984610082
device_yaw,52.753,67.33336167489655
device_yaw,52.803,67.26822377450286
gyro_norm,0.003,0.24092565476404934
gyro_norm,0.03,0.3621498706498352
gyro_norm,0.045,0.3569145692791386
gyro_norm,0.064,0.2504832859183732
gyro_norm,0.087,0.16629110545007353
gyro_norm,0.108,0.04047526463426058
gyro_norm,0.131,0.08969070296730591
gyro_norm,0.152,0.12708097864823015
gyro_norm,0.175,0.1266636998231978
gyro_norm,0.196,0.11708004507973964
gyro_norm,0.218,0.10526943586276642
gyro_norm,0.24,0.05285083655427374
gyro_norm,0.261,0.05167181045740473
gyro_norm,0.283,0.11351416553889275
gyro_norm,0.305,0.08825079925974852
gyro_norm,0.327,0.045256845147649
gyro_norm,0.349,0.08748852627657211
gyro_norm,0.375,0.1376211932931039
gyro_norm,0.392,0.15497714124115508
gyro_norm,0.415,0.13689999825944024
gyro_norm,0.436,0.1402350547567022
gyro_norm,0.458,0.1755960032893325
gyro_norm,0.48,0.16089288075237054
gyro_norm,0.502,0.06690224335003275
gyro_norm,0.529,0.11265177563334162
gyro_norm,0.545,0.11010541014274469
gyro_norm,0.567,0.14694591306388907
gyro_norm,0.589,0.1340170568295892
gyro_norm,0.611,0.08768981970686292
gyro_norm,0.634,0.09729220299815575
gyro_norm,0.655,0.08998612700396867
gyro_norm,0.677,0.11955035071488997
gyro_norm,0.699,0.19459315352773968
gyro_norm,0.721,0.2062334863176678
gyro_norm,0.743,0.12305580545108913
gyro_norm,0.765,0.13451600879862216
gyro_norm,0.787,0.40811141314867355
gyro_norm,0.808,0.6173706925377103
gyro_norm,0.83,0.9338481725452692
gyro_norm,0.854,1.1109078702560253
gyro_norm,0.874,1.0046679495664577
gyro_norm,0.896,0.8363447919927521
gyro_norm,0.918,0.5716023760163255
gyro_norm,0.939,0.20285315796735431
gyro_norm,0.962,0.573445492747795
gyro_norm,0.984,0.70291414018557
gyro_norm,1.005,0.5330274491588529
gyro_norm,1.027,0.22140319394769364
gyro_norm,1.049,0.2221715218657712
gyro_norm,1.071,0.3026267042558014
gyro_norm,1.093,0.3015591489985348
gyro_norm,1.114,0.30718850237820866
gyro_norm,1.136,0.24339099818455323
gyro_norm,1.158,0.21952081128599432
gyro_norm,1.18,0.22969510881053953
gyro_norm,1.202,0.21616371950295088
gyro_norm,1.224,0.24712056551041012
gyro_norm,1.246,0.30963633161700305
gyro_norm,1.268,0.280456056039781
gyro_norm,1.289,0.13603310187788495
gyro_norm,1.311,0.1262594426902804
gyro_norm,1.334,0.12519728436296287
gyro_norm,1.355,0.08145973665184027
gyro_norm,1.377,0.08668188135635223
gyro_norm,1.399,0.10156924773764599
gyro_norm,1.421,0.12621076222708932
gyro_norm,1.443,0.1487071435804542
gyro_norm,1.467,0.1924962654114126
gyro_norm,1.486,0.21459499899655174
gyro_norm,1.509,0.221632082030264
gyro_norm,1.531,0.22092993244225348
gyro_norm,1.552,0.2374515318736048
gyro_norm,1.575,0.1981651356441885
gyro_norm,1.596,0.1638920805876294
gyro_norm,1.618,0.16065925237811238
gyro_norm,1.641,0.18309302560646898
gyro_norm,1.662,0.2171626946183418
gyro_norm,1.683,0.24356587001529062
gyro_norm,1.709,0.250016048464514
gyro_norm,1.727,0.2677492035532276
gyro_norm,1.749,0.28090669168900373
gyro_norm,1.771,0.24191671508659374
gyro_norm,1.793,0.14527172099554228
gyro_norm,1.82,0.027134105317249385
gyro_norm,1.837,0.1503224612439589
gyro_norm,1.859,0.14620395554174087
gyro_norm,1.881,0.11712844210277083
gyro_norm,1.902,0.11932227622337743
gyro_norm,1.924,0.13872364604017373
gyro_norm,1.946,0.305819153991394
gyro_norm,1.976,0.3651182384568355
gyro_norm,1.99,0.28538702631521845
gyro_norm,2.011,0.3729650290099857
gyro_norm,2.035,0.4938975394564037
gyro_norm,2.056,0.35391156773458166
gyro_norm,2.077,0.22552464821138193
gyro_norm,2.1,0.4719153648412789
gyro_norm,2.124,0.6564550072305505
gyro_norm,2.143,0.7010704624982634
gyro_norm,2.174,0.665920845683627
gyro_norm,2.187,0.5712301563948173
gyro_norm,2.208,0.5135314240269954
gyro_norm,2.231,0.5207132993780097
gyro_norm,2.252,0.5703103686618152
gyro_norm,2.274,0.6254340570431314
gyro_norm,2.296,0.6442575689722972
gyro_norm,2.318,0.6147659463733706
gyro_norm,2.34,0.5166506056481929
gyro_norm,2.362,0.44237684983943826
gyro_norm,2.384,0.4444322458054913
gyro_norm,2.407,0.51376808145229
gyro_norm,2.432,0.5989829943593735
gyro_norm,2.453,0.6073551340903729
gyro_norm,2.471,0.6034461710995368
gyro_norm,2.494,0.6352465872082753
gyro_norm,2.515,0.6353797426000334
gyro_norm,2.537,0.56821729432214
gyro_norm,2.559,0.5352959658664972
gyro_norm,2.58,0.5657679919427925
gyro_norm,2.602,0.6370750189554097
gyro_norm,2.624,0.6754921213178162
gyro_norm,2.648,0.5804989287080802
gyro_norm,2.668,0.5391969382444145
gyro_norm,2.691,0.6522227129691291
gyro_norm,2.712,0.7506273516124581
gyro_norm,2.734,0.6707072082500429
gyro_norm,2.755,0.41599760544969405
gyro_norm,2.777,0.41884776853190614
gyro_norm,2.8,0.7098354744085932
gyro_norm,2.821,0.870586579830526
gyro_norm,2.848,0.8090804875548339
gyro_norm,2.867,0.7012898390889318
gyro_norm,2.887,0.7614174550185749
gyro_norm,2.909,0.8349063096981032
gyro_norm,2.935,0.9399048069339724
gyro_norm,2.953,1.038207560531854
gyro_norm,2.975,1.0054525816897528
gyro_norm,2.996,0.8867491171810784
gyro_norm,3.018,0.7838827794487753
gyro_norm,3.04,0.7856785764200916
gyro_norm,3.062,0.815297999954326
gyro_norm,3.084,0.7692120538142513
gyro_norm,3.108,0.5978887307038382
gyro_norm,3.128,0.4279284186485025
gyro_norm,3.149,0.33291941909432077
gyro_norm,3.171,0.32059396827017334
gyro_norm,3.194,0.36137137182474544
gyro_norm,3.215,0.3984942091376571
gyro_norm,3.239,0.46159645259451365
gyro_norm,3.263,0.5315286700961679
gyro_norm,3.281,0.5650135389911027
gyro_norm,3.303,0.5369284604995082
gyro_norm,3.328,0.5898730176436939
gyro_norm,3.347,1.0325140278363218
gyro_norm,3.368,0.9134063979556457
gyro_norm,3.39,0.545647303825008
gyro_norm,3.412,0.46447372423738215
gyro_norm,3.434,0.8186543349778581
gyro_norm,3.456,0.7964686281766891
gyro_norm,3.48,0.42895879675119347
gyro_norm,3.5,0.1505575641480776
gyro_norm,3.521,0.15671590710437622
gyro_norm,3.544,0.17082286605178418
gyro_norm,3.565,0.23466581727042674
gyro_norm,3.587,0.28958119963709816
gyro_norm,3.609,0.37344105455325177
gyro_norm,3.631,0.51063960845307
gyro_norm,3.653,0.6388462854960624
gyro_norm,3.675,0.6910007201300936
gyro_norm,3.697,0.7300891440479862
gyro_norm,3.719,0.587110009708002
gyro_norm,3.748,0.410901731604758
gyro_norm,3.762,0.5032378057425758
gyro_norm,3.784,0.4583420972850869
gyro_norm,3.805,0.29437979894485633
gyro_norm,3.827,0.4945531484046746
gyro_norm,3.849,0.6316286909424869
gyro_norm,3.871,0.5642815422682922
gyro_norm,3.899,0.43639998739639685
gyro_norm,3.915,0.4613703760008815
gyro_norm,3.937,0.5705088944907992
gyro_norm,3.959,0.8607232840758355
gyro_norm,3.981,0.7942875539561595
gyro_norm,4.003,0.5888936715053987
gyro_norm,4.024,0.5754055341028604
gyro_norm,4.046,0.6569643519954264
gyro_norm,4.068,0.7057405253999266
gyro_norm,4.096,0.8318873787148039
gyro_norm,4.113,1.1277147994521848
gyro_norm,4.134,1.2595693817484193
gyro_norm,4.156,1.0771599180323077
gyro_norm,4.178,0.9662437208154224
gyro_norm,4.201,0.8960376563541042
gyro_norm,4.221,0.7446727438031853
gyro_norm,4.244,0.9159101652359125
gyro_norm,4.265,1.31395327379191
gyro_norm,4.293,1.6542524560895413
gyro_norm,4.309,1.8746975930082725
gyro_norm,4.331,1.8745620835916619
gyro_norm,4.353,1.6213950631885397
gyro_norm,4.376,1.101398552692349
gyro_norm,4.396,0.9447001249380964
gyro_norm,4.418,0.9490648939650147
gyro_norm,4.44,0.617774618363586
gyro_norm,4.462,0.3246625897920934
gyro_norm,4.484,0.3625881805900556
gyro_norm,4.506,0.11670235991509889
gyro_norm,4.528,0.9106038862147315
gyro_norm,4.55,1.0838211704918126
gyro_norm,4.571,0.5005106994226135
gyro_norm,4.596,0.5658914380002094
gyro_norm,4.615,0.5850973994557332
gyro_norm,4.637,0.6003609322101051
gyro_norm,4.66,0.6841075480330145
gyro_norm,4.681,0.6951674359351682
gyro_norm,4.703,0.765116851736822
gyro_norm,4.729,0.7944068522357766
gyro_norm,4.747,0.71079657548125
gyro_norm,4.769,0.6798873066813197
gyro_norm,4.796,0.6162123220126575
gyro_norm,4.812,0.683346427222462
gyro_norm,4.835,0.9091722199570418
gyro_norm,4.86,1.0538937377468218
gyro_norm,4.879,0.9321014942706864
gyro_norm,4.9,0.780551518896478
gyro_norm,4.922,0.7477831091891045
gyro_norm,4.945,0.7397327237308793
gyro_norm,4.966,1.0089836022401333
gyro_norm,4.996,1.5504319555766377
gyro_norm,5.009,1.9992392360762667
gyro_norm,5.031,2.119065329047583
gyro_norm,5.053,1.9428905776311323
gyro_norm,5.075,1.7246400912507638
gyro_norm,5.097,1.4347988448123425
gyro_norm,5.119,1.1057032514620393
gyro_norm,5.14,0.7780922355130241
gyro_norm,5.162,0.737178154219508
gyro_norm,5.184,0.9861784673223601
gyro_norm,5.207,1.1274233865999719
gyro_norm,5.228,1.337091819627655
gyro_norm,5.25,1.5250636774093886
gyro_norm,5.275,1.4515465260240963
gyro_norm,5.295,1.2855921012973668
gyro_norm,5.315,1.188257716957742
gyro_norm,5.343,1.073459947680059
gyro_norm,5.359,0.8709843907394912
gyro_norm,5.381,0.6611279619815279
gyro_norm,5.403,0.7576684969184603
gyro_norm,5.425,0.9243613539292264
gyro_norm,5.447,1.040605298695068
gyro_norm,5.469,1.1003874764188253
gyro_norm,5.494,0.9417440751423671
gyro_norm,5.512,0.8441817958892833
gyro_norm,5.535,0.8801731425973456
gyro_norm,5.556,0.838949687693018
gyro_norm,5.578,0.6746059476567491
gyro_norm,5.6,0.7610426306518857
gyro_norm,5.621,1.1262672226532304
gyro_norm,5.644,1.1704820049915254
gyro_norm,5.666,0.8693365705324219
gyro_norm,5.696,1.4631455672889073
gyro_norm,5.709,1.613215555767665
gyro_norm,5.731,0.9039815603573061
gyro_norm,5.757,0.5819477456476216
gyro_norm,5.775,0.6962770165693131
gyro_norm,5.797,0.9440660097526851
gyro_norm,5.818,1.0062441918894844
gyro_norm,5.844,0.9776454205575964
gyro_norm,5.862,0.9141067743613212
gyro_norm,5.893,0.8397817105088557
gyro_norm,5.906,0.7575996234334545
gyro_norm,5.928,0.71637500975549
gyro_norm,5.95,0.6792898106778026
gyro_norm,5.979,0.6055075826094949
gyro_norm,5.994,0.534768294631069
gyro_norm,6.015,0.541215113944184
gyro_norm,6.037,0.6668576540734025
gyro_norm,6.061,0.9209195200092721
gyro_norm,6.082,1.187044385058824
gyro_norm,6.106,1.3688294759966928
gyro_norm,6.125,1.2759344013135188
gyro_norm,6.147,0.7659518583667257
gyro_norm,6.172,0.2502394508829609
gyro_norm,6.191,0.37763362343053125
gyro_norm,6.212,0.759843400771139
gyro_norm,6.234,0.8417422629148191
gyro_norm,6.256,1.0419949393384185
gyro_norm,6.279,1.0528455655622457
gyro_norm,6.3,0.6760745053929431
gyro_norm,6.326,0.42462775472961706
gyro_norm,6.343,0.7311459592515013
gyro_norm,6.365,0.86567901234197
gyro_norm,6.388,0.8289278907390843
gyro_norm,6.412,0.855415956117741
gyro_norm,6.431,0.9430989327502262
gyro_norm,6.459,1.0195567975301314
gyro_norm,6.475,1.09185070292436
gyro_norm,6.497,1.2037432476777703
gyro_norm,6.519,1.2918269367477757
gyro_norm,6.541,1.2148718789324302
gyro_norm,6.562,0.9088740833115145
gyro_norm,6.584,0.5275210293121382
gyro_norm,6.606,0.36416129282003684
gyro_norm,6.628,0.6361831474412861
gyro_norm,6.66,0.7688542527396235
gyro_norm,6.672,0.605862004113241
gyro_norm,6.695,0.45275255488074556
gyro_norm,6.716,0.6617101031561051
gyro_norm,6.737,0.780725633931567
gyro_norm,6.759,1.0051008697683097
gyro_norm,6.781,0.8500112528774172
gyro_norm,6.803,0.424535666137577
gyro_norm,6.825,0.9086496651057161
gyro_norm,6.847,1.092293222636444
gyro_norm,6.871,1.126213819590445
gyro_norm,6.89,1.1720291379856314
gyro_norm,6.912,1.20989158525347
gyro_norm,6.939,1.2103278472178876
gyro_norm,6.956,1.283448894484784
gyro_norm,6.978,1.4282568367474187
gyro_norm,7.0,1.568053070898569
gyro_norm,7.022,1.6256166845714535
gyro_norm,7.044,1.5774685103140724
gyro_norm,7.071,1.5277067697699285
gyro_norm,7.088,1.4306654207310026
gyro_norm,7.11,1.1461043744000043
gyro_norm,7.132,0.6430016867276475
gyro_norm,7.155,0.23284192243574336
gyro_norm,7.176,0.429514126658849
gyro_norm,7.197,0.5594966546715462
gyro_norm,7.219,0.6046100306868667
gyro_norm,7.242,0.726292315717326
gyro_norm,7.263,0.9076391606077494
gyro_norm,7.292,0.9770928572583124
gyro_norm,7.306,1.0054186998774186
gyro_norm,7.328,1.4231143675967206
gyro_norm,7.357,1.7495035673529353
gyro_norm,7.372,1.6855757908569777
gyro_norm,7.394,1.4018678593845926
gyro_norm,7.422,1.0348277826448382
gyro_norm,7.441,0.7217068206586819
gyro_norm,7.46,0.6126279191420222
gyro_norm,7.482,0.6537084075276415
gyro_norm,7.503,0.8029430665944279
gyro_norm,7.526,0.962816894679451
gyro_norm,7.547,1.1126372330357737
gyro_norm,7.572,1.3269412536545793
gyro_norm,7.591,1.5546092182497473
gyro_norm,7.612,1.7520125783249842
gyro_norm,7.635,1.8603098514570162
gyro_norm,7.656,1.7851764611438823
gyro_norm,7.679,1.5059601741921473
gyro_norm,7.7,1.0331847894582837
gyro_norm,7.722,0.5639751006544483
gyro_norm,7.744,0.5984689908757294
gyro_norm,7.766,0.7387596575888754
gyro_norm,7.787,0.6342225571981975
gyro_norm,7.809,0.6033147681362102
gyro_norm,7.832,1.052990506493208
gyro_norm,7.858,1.0227442002766625
gyro_norm,7.876,0.7738286186019022
gyro_norm,7.897,0.9064865376414769
gyro_norm,7.919,1.2592951428175172
gyro_norm,7.941,1.6443692993881156
gyro_norm,7.963,1.655464226062296
gyro_norm,7.992,1.5083572440594086
gyro_norm,8.007,1.4261956017400925
gyro_norm,8.028,1.4544629240670919
gyro_norm,8.059,1.4585448437361705
gyro_norm,8.072,1.4231344851311365
gyro_norm,8.095,1.4344664223049397
gyro_norm,8.116,1.4149214965808432
gyro_norm,8.139,1.2368739595969913
gyro_norm,8.16,0.9322905807315331
gyro_norm,8.182,0.6581157976034521
gyro_norm,8.204,0.5964629894286011
gyro_norm,8.225,0.6367283888843909
gyro_norm,8.248,0.5463034234171337
gyro_norm,8.269,0.20289086254405875
gyro_norm,8.291,0.5148931737113127
gyro_norm,8.313,0.955559764239789
gyro_norm,8.335,1.124752487769071
gyro_norm,8.358,1.0877128735096009
gyro_norm,8.38,0.9196122332181311
gyro_norm,8.401,0.9421512343730064
gyro_norm,8.422,1.6618181140361283
gyro_norm,8.445,2.3387298159374503
gyro_norm,8.469,2.321556411297744
gyro_norm,8.488,1.8446299838552203
gyro_norm,8.509,1.2588931593951596
gyro_norm,8.539,0.8668557670166502
gyro_norm,8.555,0.6914150279966064
gyro_norm,8.575,0.6867514443256701
gyro_norm,8.598,0.8022892301355544
gyro_norm,8.623,0.942703059713149
gyro_norm,8.641,1.104110027567235
gyro_norm,8.662,1.2393719371267107
gyro_norm,8.69,1.315888612298334
gyro_norm,8.707,1.371952898310519
gyro_norm,8.729,1.397954849495945
gyro_norm,8.755,1.3414870317284724
gyro_norm,8.773,1.115962038657286
gyro_norm,8.795,0.7106208156189749
gyro_norm,8.816,0.4479072522676168
gyro_norm,8.839,0.6415411684383279
gyro_norm,8.86,0.9961393891023096
gyro_norm,8.881,1.1105575458472727
gyro_norm,8.906,0.8395772223424822
gyro_norm,8.925,0.6867287355741624
gyro_norm,8.952,0.9310381414931427
gyro_norm,8.969,0.751592502365331
gyro_norm,8.991,0.8796817195450566
gyro_norm,9.013,0.6493173178797524
gyro_norm,9.035,1.1571903739566232
gyro_norm,9.057,1.5550805532891374
gyro_norm,9.078,1.581585891960459
gyro_norm,9.1,1.6244880632865573
gyro_norm,9.122,1.7762839341651915
gyro_norm,9.144,1.8355240134486772
gyro_norm,9.169,1.701555944111529
gyro_norm,9.188,1.4726066618132774
gyro_norm,9.21,1.3378311224279924
gyro_norm,9.241,1.3379249174908334
gyro_norm,9.255,1.325852695006925
gyro_norm,9.275,1.1959298535682898
gyro_norm,9.298,0.9554450979135991
gyro_norm,9.319,0.7699230303894399
gyro_norm,9.341,0.670956922596504
gyro_norm,9.364,0.5325437098557102
gyro_norm,9.386,0.4918261169365993
gyro_norm,9.407,0.6191357397763396
gyro_norm,9.429,0.8136563773412029
gyro_norm,9.458,0.7288916619928969
gyro_norm,9.472,0.44196621010676396
gyro_norm,9.495,0.9127960710038
gyro_norm,9.516,1.7103238939166248
gyro_norm,9.539,1.9409838911656137
gyro_norm,9.561,1.7389605505835433
gyro_norm,9.581,1.5877380949453035
gyro_norm,9.606,1.2881005328020878
gyro_norm,9.625,0.7069426006363971
gyro_norm,9.656,0.25353307502269695
gyro_norm,9.669,0.7621573463461595
gyro_norm,9.691,1.074794996721299
gyro_norm,9.714,1.1335906283957364
gyro_norm,9.741,0.9970672135386331
gyro_norm,9.757,0.640350742109284
gyro_norm,9.779,0.3037010939500373
gyro_norm,9.8,0.15971258980631747
gyro_norm,9.823,0.3517352677159657
gyro_norm,9.844,0.6645157934599478
gyro_norm,9.873,0.8083043450085361
gyro_norm,9.889,0.7518508560781373
gyro_norm,9.91,0.5275795354441701
gyro_norm,9.937,0.17671962011472386
gyro_norm,9.955,0.40412758044414354
gyro_norm,9.975,0.6526572898113353
gyro_norm,9.998,0.6018225991216893
gyro_norm,10.019,0.3792365843638429
gyro_norm,10.041,0.9319529702764924
gyro_norm,10.071,0.8972654349430131
gyro_norm,10.085,0.969230518710667
gyro_norm,10.107,1.1624001617036073
gyro_norm,10.129,0.6800091725244238
gyro_norm,10.151,0.6574922324493746
gyro_norm,10.172,0.6832712861195258
gyro_norm,10.195,0.6722975996630516
gyro_norm,10.216,0.8171061140276293
gyro_norm,10.239,1.0165524967617856
gyro_norm,10.26,1.1242920249690493
gyro_norm,10.282,1.0804977437464958
gyro_norm,10.306,0.8534092060131889
gyro_norm,10.326,0.7462055616515866
gyro_norm,10.356,0.9421912019864073
gyro_norm,10.369,1.0449084841459007
gyro_norm,10.391,0.9326812699883804
gyro_norm,10.414,0.7379423732211869
gyro_norm,10.439,0.6618831108960773
gyro_norm,10.458,0.6549759164269409
gyro_norm,10.479,0.7057665306594726
gyro_norm,10.504,0.7735705397659769
gyro_norm,10.522,0.6311647732636867
gyro_norm,10.544,0.3545504733102396
gyro_norm,10.566,0.3869172319906146
gyro_norm,10.588,0.7132933356174445
gyro_norm,10.61,1.607420624320291
gyro_norm,10.632,2.110390704028034
gyro_norm,10.657,1.7504322349330015
gyro_norm,10.678,1.528203852161642
gyro_norm,10.697,1.575263110183008
gyro_norm,10.72,1.2598154261968277
gyro_norm,10.741,0.8767027489284502
gyro_norm,10.775,0.8253468619031609
gyro_norm,10.788,0.8780758082549244
gyro_norm,10.807,0.959885416580215
gyro_norm,10.837,1.0844292640720186
gyro_norm,10.853,1.1311936906539597
gyro_norm,10.872,1.0321104350720207
gyro_norm,10.895,0.8572981869133144
gyro_norm,10.916,0.7569447456464709
gyro_norm,10.938,0.7534613625641132
gyro_norm,10.96,0.6864922517012226
gyro_norm,10.982,0.4827303481214125
gyro_norm,11.004,0.2997397654007331
gyro_norm,11.026,0.4193949696464011
gyro_norm,11.048,0.736986687224252
gyro_norm,11.069,0.9219145768460395
gyro_norm,11.091,0.7480347490070692
gyro_norm,11.116,0.31998633512523716
gyro_norm,11.136,0.363991549771397
gyro_norm,11.157,0.6914682072140486
gyro_norm,11.178,0.42149060408400646
gyro_norm,11.201,0.8866519159648485
gyro_norm,11.223,1.4802990662724058
gyro_norm,11.252,1.2811076679169668
gyro_norm,11.269,0.8966967415612266
gyro_norm,11.288,0.993035289472343
gyro_norm,11.31,1.3852760134865723
gyro_norm,11.338,1.5556412515237528
gyro_norm,11.355,1.4774360115706093
gyro_norm,11.376,1.384502608556831
gyro_norm,11.398,1.2890264308130837
gyro_norm,11.42,1.2415611677035892
gyro_norm,11.441,1.2411851245512935
gyro_norm,11.463,1.2095025971042694
gyro_norm,11.486,1.045267578924345
gyro_norm,11.507,0.7803195946869529
gyro_norm,11.538,0.5257028444637328
gyro_norm,11.551,0.36673134658783685
gyro_norm,11.573,0.23523018582594302
gyro_norm,11.594,0.0844713846917733
gyro_norm,11.616,0.3666179164358518
gyro_norm,11.638,0.37914902517391524
gyro_norm,11.66,0.3484689828021985
gyro_norm,11.682,0.6283770670457928
gyro_norm,11.704,0.8072596494439087
gyro_norm,11.726,1.7135831986879575
gyro_norm,11.749,2.1908343758274307
gyro_norm,11.769,1.726508786810939
gyro_norm,11.791,1.0180910420272238
gyro_norm,11.818,1.2154503423502745
gyro_norm,11.835,1.190077228802174
gyro_norm,11.857,0.6332213046202427
gyro_norm,11.879,0.0823890804000199
gyro_norm,11.901,0.2559097842655197
gyro_norm,11.923,0.43745767646733874
gyro_norm,11.944,0.6496184259298698
gyro_norm,11.97,0.819125252348387
gyro_norm,11.989,0.9183887538211559
gyro_norm,12.011,1.0381196821467136
gyro_norm,12.032,1.1295028689003697
gyro_norm,12.054,1.1138569369429936
gyro_norm,12.076,0.9389955735268577
gyro_norm,12.097,0.606658421569768
gyro_norm,12.121,0.3768770061773073
gyro_norm,12.141,0.608072264536174
gyro_norm,12.169,0.8432488909837392
gyro_norm,12.186,0.7359277698196095
gyro_norm,12.207,0.2862966389959186
gyro_norm,12.229,0.5084485287795624
gyro_norm,12.251,1.0271154991017384
gyro_norm,12.272,1.2989683886951366
gyro_norm,12.294,0.1643559729770698
gyro_norm,12.317,0.8706808639427158
gyro_norm,12.338,0.7848651564262284
gyro_norm,12.36,0.5825632058849342
gyro_norm,12.388,0.7090855630845403
gyro_norm,12.404,1.0601714657401748
gyro_norm,12.426,1.4407678773355508
gyro_norm,12.448,1.7786904466344395
gyro_norm,12.471,1.7862657618707454
gyro_norm,12.492,1.4939696584959967
gyro_norm,12.52,1.1169240687605508
gyro_norm,12.535,0.9040910312027083
gyro_norm,12.557,0.8528786420802238
gyro_norm,12.579,0.8351579787277966
gyro_norm,12.601,0.7442616405544562
gyro_norm,12.622,0.5746162456105577
gyro_norm,12.644,0.5994940531199784
gyro_norm,12.666,0.6536895645017234
gyro_norm,12.688,0.4927413572334225
gyro_norm,12.712,0.46756684384106195
gyro_norm,12.732,0.8057529782336283
gyro_norm,12.755,0.9136462061585313
gyro_norm,12.777,0.705411648574865
gyro_norm,12.798,0.8041153901850847
gyro_norm,12.82,1.3123381070365987
gyro_norm,12.841,1.5713087049758747
gyro_norm,12.863,1.2865843986899086
gyro_norm,12.885,0.883983643430083
gyro_norm,12.907,0.5917110868204202
gyro_norm,12.936,0.2772911547398274
gyro_norm,12.951,0.3701683865299514
gyro_norm,12.973,0.7082157423878305
gyro_norm,12.995,0.9893555335700019
gyro_norm,13.016,1.0359613735898783
gyro_norm,13.038,0.8738782331219062
gyro_norm,13.06,0.7110936555190973
gyro_norm,13.086,0.7354868322303465
gyro_norm,13.104,0.8894788289765543
gyro_norm,13.137,1.061381915791804
gyro_norm,13.151,1.1233793096709406
gyro_norm,13.169,1.0303034267255002
gyro_norm,13.191,0.7774200575161959
gyro_norm,13.218,0.4211319642063339
gyro_norm,13.236,0.30452194425224793
gyro_norm,13.258,0.680553850729313
gyro_norm,13.279,1.0182681396294737
gyro_norm,13.301,1.0704571022008997
gyro_norm,13.323,0.9890544027975966
gyro_norm,13.348,1.0990066908085558
gyro_norm,13.366,1.6314056468200973
gyro_norm,13.388,1.261491793035769
gyro_norm,13.416,0.8720015926189462
gyro_norm,13.432,1.3000582724133367
gyro_norm,13.454,1.1738550905772296
gyro_norm,13.476,0.9613914605033992
gyro_norm,13.498,0.9973179676860504
gyro_norm,13.52,1.093652290573457
gyro_norm,13.542,1.174792627527309
gyro_norm,13.567,1.3188480464554944
gyro_norm,13.585,1.5283866128575239
gyro_norm,13.607,1.6237968711275432
gyro_norm,13.631,1.4686000277649165
gyro_norm,13.651,1.1937868244640248
gyro_norm,13.673,0.9619141732284495
gyro_norm,13.695,0.6574666281057696
gyro_norm,13.717,0.44273748950086544
gyro_norm,13.739,0.8866465614980829
gyro_norm,13.76,1.0037892841021068
gyro_norm,13.783,1.3143684078339941
gyro_norm,13.804,1.9357788695724707
gyro_norm,13.826,2.5576741267198466
gyro_norm,13.849,2.875873098703686
gyro_norm,13.87,1.8107316078336653
gyro_norm,13.902,1.2303320545823555
gyro_norm,13.915,0.7473168982274511
gyro_norm,13.936,1.6267871970227241
gyro_norm,13.957,1.9124959957161427
gyro_norm,13.98,1.5910549305451034
gyro_norm,14.001,1.5220088621975958
gyro_norm,14.023,1.3439862057353043
gyro_norm,14.048,1.5501938601521068
gyro_norm,14.067,1.7610366433233464
gyro_norm,14.089,2.1720880275328254
gyro_norm,14.11,2.2088421531137623
gyro_norm,14.133,1.8288815636935525
gyro_norm,14.155,1.8661485251306944
gyro_norm,14.176,1.622926709284521
gyro_norm,14.198,0.6477932689440978
gyro_norm,14.22,1.0651429727381014
gyro_norm,14.242,1.0093920496193831
gyro_norm,14.266,1.123659231331196
gyro_norm,14.286,1.2255698298610747
gyro_norm,14.312,1.2075189417436383
gyro_norm,14.329,1.0586066236697746
gyro_norm,14.351,1.1367244077281597
gyro_norm,14.374,1.3878277751081949
gyro_norm,14.399,1.485051843566244
gyro_norm,14.419,1.2921950600859144
gyro_norm,14.438,1.0571045619547284
gyro_norm,14.46,1.0775858164463408
gyro_norm,14.486,1.0072011643737424
gyro_norm,14.504,1.4201317470267083
gyro_norm,14.529,1.4548966889424941
gyro_norm,14.548,0.9065756280276245
gyro_norm,14.57,0.8868116388970879
gyro_norm,14.601,0.37846436839914266
gyro_norm,14.615,1.484732153486281
gyro_norm,14.635,1.942617768445777
gyro_norm,14.658,1.324862645752789
gyro_norm,14.68,1.0016799360776423
gyro_norm,14.702,1.0426467039439558
gyro_norm,14.734,1.2838824793805559
gyro_norm,14.746,1.2482829011659446
gyro_norm,14.767,1.0862085394081826
gyro_norm,14.789,1.0878902296615294
gyro_norm,14.814,0.6991212403539424
gyro_norm,14.833,0.10735536210960142
gyro_norm,14.855,0.27183247075122685
gyro_norm,14.876,0.9323932155309828
gyro_norm,14.899,1.4688904682408803
gyro_norm,14.92,1.4127701387978477
gyro_norm,14.942,0.9339285018909843
gyro_norm,14.964,0.9887496973867085
gyro_norm,14.986,0.7538146845173825
gyro_norm,15.012,0.7593421778492956
gyro_norm,15.031,0.6118585395678736
gyro_norm,15.051,0.7777040618354994
gyro_norm,15.074,0.6969649158902056
gyro_norm,15.101,0.5241195232502752
gyro_norm,15.117,0.608575599458748
gyro_norm,15.139,0.5237014277089301
gyro_norm,15.161,0.6018417421746547
gyro_norm,15.182,0.7517460891356189
gyro_norm,15.205,0.7027741081179235
gyro_norm,15.233,0.6990029922399006
gyro_norm,15.248,0.8959818766925011
gyro_norm,15.27,0.9445614505908018
gyro_norm,15.3,0.6138454284846909
gyro_norm,15.315,0.37069936540527765
gyro_norm,15.336,0.3602262274652143
gyro_norm,15.358,0.13034181969792005
gyro_norm,15.383,0.2726005041001898
gyro_norm,15.401,0.32727152872811
gyro_norm,15.429,0.3122691208337819
gyro_norm,15.445,0.5026715780466474
gyro_norm,15.467,0.5120988025371218
gyro_norm,15.49,0.38190839146195943
gyro_norm,15.514,0.32548271865058803
gyro_norm,15.533,0.46954454747860985
gyro_norm,15.555,0.6787007435617747
gyro_norm,15.576,0.9301199566914546
gyro_norm,15.598,0.6260300505504708
gyro_norm,15.62,0.42222703763597536
gyro_norm,15.643,0.3892383875831275
gyro_norm,15.666,0.29613223354188034
gyro_norm,15.686,0.2693367675483762
gyro_norm,15.707,0.24203710995507383
gyro_norm,15.733,0.2541046941165686
gyro_norm,15.752,0.30212596562280425
gyro_norm,15.775,0.2910958908943521
gyro_norm,15.796,0.31193884737113375
gyro_norm,15.818,0.3798396307431073
gyro_norm,15.84,0.33966891148928247
gyro_norm,15.861,0.26805836551780954
gyro_norm,15.884,0.30870669594873207
gyro_norm,15.905,0.38281351391035934
gyro_norm,15.927,0.40205175441672
gyro_norm,15.949,0.46272175743161736
gyro_norm,15.97,0.5514952775212661
gyro_norm,15.993,0.7335799378991071
gyro_norm,16.015,1.031913568487277
gyro_norm,16.036,0.9131833132239442
gyro_norm,16.059,0.5342201856447817
gyro_norm,16.08,0.34368670891347225
gyro_norm,16.101,0.2382565599824158
gyro_norm,16.123,0.9303996598897272
gyro_norm,16.146,1.080255683061436
gyro_norm,16.167,0.7284459487524647
gyro_norm,16.199,0.5603577890924956
gyro_norm,16.211,0.8184425436087696
gyro_norm,16.233,0.7835494996542669
gyro_norm,16.254,0.7937056181280465
gyro_norm,16.276,1.0847617543649366
gyro_norm,16.298,0.9778387066294536
gyro_norm,16.32,0.6687215015559331
gyro_norm,16.342,0.6159670312156171
gyro_norm,16.364,0.9363247216134348
gyro_norm,16.386,0.9628843113233604
gyro_norm,16.418,0.3985836674827185
gyro_norm,16.43,0.3113477238751768
gyro_norm,16.452,0.6831745799524627
gyro_norm,16.475,0.6975546990686073
gyro_norm,16.496,0.5243879827899844
gyro_norm,16.517,0.43043049739357314
gyro_norm,16.539,0.7880327839108757
gyro_norm,16.562,1.091712009355583
gyro_norm,16.583,1.1202684950737445
gyro_norm,16.605,1.449308816906759
gyro_norm,16.627,1.5347508833624783
gyro_norm,16.649,0.8529799441263112
gyro_norm,16.67,0.7943734154961885
gyro_norm,16.692,0.8553180651462183
gyro_norm,16.715,0.8779696422577873
gyro_norm,16.736,1.0887639972834917
gyro_norm,16.758,1.2309297093208809
gyro_norm,16.78,1.0713095340131826
gyro_norm,16.801,0.778472931903612
gyro_norm,16.823,0.5655839787652244
gyro_norm,16.849,0.5098003306556054
gyro_norm,16.867,0.5529129043759344
gyro_norm,16.898,0.5985083546240582
gyro_norm,16.911,0.5358686734664848
gyro_norm,16.933,0.3422135445296338
gyro_norm,16.955,0.1978814157647704
gyro_norm,16.976,0.2619526596494241
gyro_norm,16.999,0.3714395344680244
gyro_norm,17.02,0.44035477531880235
gyro_norm,17.042,0.3341681947665127
gyro_norm,17.064,0.2951745577488101
gyro_norm,17.086,0.34511579884670623
gyro_norm,17.118,0.37844544478559206
gyro_norm,17.13,0.42884856088732615
gyro_norm,17.152,0.5420085935208108
gyro_norm,17.174,0.7455581756892855
gyro_norm,17.197,0.34333281011070405
gyro_norm,17.217,0.36394374151211323
gyro_norm,17.239,0.6431668793833175
gyro_norm,17.261,0.9394740830515464
gyro_norm,17.283,1.176978546301186
gyro_norm,17.305,1.1051068487465718
gyro_norm,17.327,0.7376179588332259
gyro_norm,17.348,0.37570015900557524
gyro_norm,17.37,0.4058431715792549
gyro_norm,17.393,0.4853547111061604
gyro_norm,17.415,0.44797594760860154
gyro_norm,17.436,0.3738459013602211
gyro_norm,17.458,0.34501647256240303
gyro_norm,17.48,0.3710477133686675
gyro_norm,17.502,0.39530436468034413
gyro_norm,17.523,0.3983590758033855
gyro_norm,17.546,0.3923415691957371
gyro_norm,17.567,0.3963043286915426
gyro_norm,17.597,0.38184430137231434
gyro_norm,17.611,0.37640235942172534
gyro_norm,17.633,0.43325542231546516
gyro_norm,17.657,0.4186849423476542
gyro_norm,17.678,0.3903279649088638
gyro_norm,17.699,0.43566314564986613
gyro_norm,17.726,0.48516377754267065
gyro_norm,17.742,0.5015313836622362
gyro_norm,17.764,0.5244991088311884
gyro_norm,17.786,0.398924192884386
gyro_norm,17.808,0.5207285612276955
gyro_norm,17.83,0.4668442211428031
gyro_norm,17.852,0.6024234452469329
gyro_norm,17.875,0.38773358157859905
gyro_norm,17.896,0.07980688809176623
gyro_norm,17.917,0.22556538583862065
gyro_norm,17.939,0.41368384939369185
gyro_norm,17.961,0.49324603397173705
gyro_norm,17.983,0.5307639113733216
gyro_norm,18.005,0.4890084474385488
gyro_norm,18.027,0.3619961949405989
gyro_norm,18.049,0.10445877306227114
gyro_norm,18.07,0.2581741733285595
gyro_norm,18.093,0.48758983444289355
gyro_norm,18.115,0.5709299128626464
gyro_norm,18.14,0.5306984447979944
gyro_norm,18.158,0.562372300009139
gyro_norm,18.18,0.6541889870458225
gyro_norm,18.202,0.7081428702191027
gyro_norm,18.227,0.5411336465490393
gyro_norm,18.246,0.3944191471824015
gyro_norm,18.267,0.7552158607318215
gyro_norm,18.291,1.6215692990059043
gyro_norm,18.311,1.341347252031352
gyro_norm,18.334,0.8751950167368497
gyro_norm,18.355,0.6467976553792607
gyro_norm,18.377,0.5258841109345938
gyro_norm,18.398,0.3775530770731175
gyro_norm,18.42,0.3235338631709432
gyro_norm,18.442,0.45002270146900314
gyro_norm,18.464,0.7483297207768929
gyro_norm,18.486,0.9136689965104462
gyro_norm,18.508,0.9081998449666273
gyro_norm,18.53,0.8631718350827338
gyro_norm,18.552,0.8960568001561443
gyro_norm,18.575,0.9552048410829435
gyro_norm,18.596,0.8859430458646521
gyro_norm,18.618,0.7201668628795609
gyro_norm,18.639,0.6703793121085495
gyro_norm,18.662,0.7551520783203101
gyro_norm,18.683,0.9160390887880534
gyro_norm,18.714,0.8849441927382744
gyro_norm,18.727,0.776298961507072
gyro_norm,18.749,0.7963656356418537
gyro_norm,18.771,0.792286169286221
gyro_norm,18.794,0.9158523426625174
gyro_norm,18.815,1.3267122356264036
gyro_norm,18.836,1.2138639364254185
gyro_norm,18.861,0.6214149139465593
gyro_norm,18.88,0.7800543279356779
gyro_norm,18.902,0.5770099355640185
gyro_norm,18.926,0.7894495717160862
gyro_norm,18.946,0.5840427568538534
gyro_norm,18.967,0.4078069551797523
gyro_norm,18.995,0.3649460258190485
gyro_norm,19.013,0.4887955882600748
gyro_norm,19.034,0.6890062276697924
gyro_norm,19.055,0.7577990317851127
gyro_norm,19.079,0.6768467462249301
gyro_norm,19.098,0.5973693442925019
gyro_norm,19.12,0.518009028802435
gyro_norm,19.142,0.4534843244441826
gyro_norm,19.164,0.3868127806914708
gyro_norm,19.186,0.38242339988179075
gyro_norm,19.208,0.407782249834186
gyro_norm,19.23,0.3639893432072711
gyro_norm,19.253,0.2658969737643847
gyro_norm,19.275,0.26027799342506763
gyro_norm,19.296,0.3426748398461571
gyro_norm,19.318,0.47766887856491924
gyro_norm,19.339,0.6363837985802782
gyro_norm,19.361,0.5667852700390769
gyro_norm,19.383,1.0707006401140153
gyro_norm,19.409,1.564732042087539
gyro_norm,19.427,1.061370123394961
gyro_norm,19.449,0.5619108091627725
gyro_norm,19.476,0.5021091566734845
gyro_norm,19.493,0.726907976539321
gyro_norm,19.515,0.6286601797433106
gyro_norm,19.537,0.332080512987575
gyro_norm,19.558,0.22673226721000272
gyro_norm,19.58,0.23752293230758698
gyro_norm,19.602,0.29680999211108544
gyro_norm,19.624,0.31033891804925595
gyro_norm,19.645,0.5010745002413123
gyro_norm,19.668,0.3446637280683363
gyro_norm,19.694,0.5328699368010218
gyro_norm,19.711,1.099323328619582
gyro_norm,19.735,1.2900535328622618
gyro_norm,19.755,0.7924001866761986
gyro_norm,19.777,0.6740251795230433
gyro_norm,19.799,0.9292389199299725
gyro_norm,19.821,0.731733585377883
gyro_norm,19.843,0.5065869870068596
gyro_norm,19.864,0.5729480469088167
gyro_norm,19.886,0.640656020949377
gyro_norm,19.908,0.47381664518379113
gyro_norm,19.93,0.40178312994967713
gyro_norm,19.952,1.2778980012065368
gyro_norm,19.974,1.1923522966258417
gyro_norm,19.995,0.6113874871042673
gyro_norm,20.017,1.2135025943780962
gyro_norm,20.039,1.2716125264448768
gyro_norm,20.061,0.9067927548435558
gyro_norm,20.083,0.5185821214440136
gyro_norm,20.105,0.14420613671662869
gyro_norm,20.127,0.4142656597215821
gyro_norm,20.149,0.6724026025302624
gyro_norm,20.179,0.8683657770784127
gyro_norm,20.194,1.0015479266892056
gyro_norm,20.215,0.9056283330427819
gyro_norm,20.236,0.7027511723940125
gyro_norm,20.258,0.6401075184638528
gyro_norm,20.28,0.7648318311364446
gyro_norm,20.302,0.8377484605829844
gyro_norm,20.328,0.78491401899819
gyro_norm,20.346,0.8200882019426897
gyro_norm,20.373,0.7469261689614315
gyro_norm,20.391,0.7678042079654739
gyro_norm,20.411,0.9478786311364459
gyro_norm,20.434,1.0064666408015766
gyro_norm,20.455,0.9944591384667966
gyro_norm,20.478,0.8583547600919526
gyro_norm,20.499,0.981642508223281
gyro_norm,20.521,1.3116572562221234
gyro_norm,20.547,1.1666447616789546
gyro_norm,20.564,0.55888270514724
gyro_norm,20.586,0.5700966184446716
gyro_norm,20.609,0.6053606348611638
gyro_norm,20.63,0.5042356608043441
gyro_norm,20.652,0.6443635024698982
gyro_norm,20.675,0.5960677497104913
gyro_norm,20.696,0.6206060466731999
gyro_norm,20.718,0.8735816686880028
gyro_norm,20.74,1.060123605887172
gyro_norm,20.762,1.0992779422313457
gyro_norm,20.793,1.0802857733273818
gyro_norm,20.805,1.0726623641476158
gyro_norm,20.827,1.07016145760494
gyro_norm,20.849,1.1277177877887936
gyro_norm,20.871,1.0740437015743258
gyro_norm,20.893,0.8851497378621184
gyro_norm,20.915,0.8116569943521064
gyro_norm,20.936,0.8004946559002573
gyro_norm,20.958,0.8414580635497175
gyro_norm,20.98,0.7639015486015158
gyro_norm,21.002,0.6365259824079038
gyro_norm,21.026,0.8202411286825266
gyro_norm,21.047,0.8479073955739941
gyro_norm,21.07,0.3442759246752567
gyro_norm,21.089,0.5733574112017488
gyro_norm,21.111,0.4700052636069697
gyro_norm,21.135,0.8900493253056747
gyro_norm,21.157,0.5903410504218277
gyro_norm,21.177,0.3237820550619743
gyro_norm,21.199,0.6084195705965971
gyro_norm,21.221,0.8667758795983938
gyro_norm,21.243,0.8562079560968217
gyro_norm,21.265,0.6030078891417184
gyro_norm,21.287,0.544866930659926
gyro_norm,21.308,0.6112881469275344
gyro_norm,21.33,0.652200890495079
gyro_norm,21.352,0.5106820811080143
gyro_norm,21.375,0.3314765174302464
gyro_norm,21.396,0.1688003154313527
gyro_norm,21.418,0.2655515120587439
gyro_norm,21.44,0.28528636225095133
gyro_norm,21.462,0.28891341274392385
gyro_norm,21.49,0.4495971689870595
gyro_norm,21.506,0.6176053008537317
gyro_norm,21.527,0.5574502992695455
gyro_norm,21.549,0.35466533252640764
gyro_norm,21.576,0.3931144252470044
gyro_norm,21.593,0.732102690280789
gyro_norm,21.615,0.6816948952939487
gyro_norm,21.636,0.7877169714865813
gyro_norm,21.659,0.9731707590385333
gyro_norm,21.68,0.9272664163656054
gyro_norm,21.702,0.8674708128863486
gyro_norm,21.724,0.8023367282558753
gyro_norm,21.746,0.6863962121340792
gyro_norm,21.768,0.5335473788839018
gyro_norm,21.79,0.39430330669876185
gyro_norm,21.811,0.3000354431531526
gyro_norm,21.835,0.3559861897753441
gyro_norm,21.855,0.4816767736866137
gyro_norm,21.877,0.5255839563672499
gyro_norm,21.899,0.5370085396047385
gyro_norm,21.927,0.5605927239317289
gyro_norm,21.943,0.6191806478378356
gyro_norm,21.966,0.6330885979543388
gyro_norm,21.991,0.4297381019616059
gyro_norm,22.009,0.09807602691533365
gyro_norm,22.03,0.2428850626982172
gyro_norm,22.052,0.3972691898639817
gyro_norm,22.075,0.440624355074784
gyro_norm,22.096,0.5184877622620434
gyro_norm,22.126,0.675594949759175
gyro_norm,22.14,1.1107315121742933
gyro_norm,22.161,0.5256167100382464
gyro_norm,22.183,0.7846263208291578
gyro_norm,22.208,0.4274887671394112
gyro_norm,22.228,0.3700791986425959
gyro_norm,22.249,0.32945222776401467
gyro_norm,22.271,0.3092949396315454
gyro_norm,22.294,0.6290439838207234
gyro_norm,22.315,0.84307675212098
gyro_norm,22.342,0.782540166826145
gyro_norm,22.359,0.5100345149794325
gyro_norm,22.381,0.179576260767888
gyro_norm,22.403,0.231719433047658
gyro_norm,22.424,0.11391378935518823
gyro_norm,22.446,0.27990062513125036
gyro_norm,22.468,0.48292014872160327
gyro_norm,22.49,0.5565803617328448
gyro_norm,22.512,0.5137689333269041
gyro_norm,22.542,0.477589360555063
gyro_norm,22.555,0.6364509083642724
gyro_norm,22.577,0.749288857702128
gyro_norm,22.599,0.8153426927275582
gyro_norm,22.621,0.650822769882009
gyro_norm,22.643,0.6087119002266096
gyro_norm,22.665,0.6283893313882379
gyro_norm,22.694,0.726383893473468
gyro_norm,22.709,0.6713982124313201
gyro_norm,22.73,0.497859788627459
gyro_norm,22.752,0.4038572185676586
gyro_norm,22.775,0.45074452769639217
gyro_norm,22.796,0.5273901348359402
gyro_norm,22.818,0.4587102742753549
gyro_norm,22.84,0.24477110044082348
gyro_norm,22.863,0.26047944013215796
gyro_norm,22.884,0.5400837241817136
gyro_norm,22.905,0.549663280665085
gyro_norm,22.927,0.4682812612851358
gyro_norm,22.949,0.41976162880565454
gyro_norm,22.971,0.403379592079096
gyro_norm,22.994,0.33380651695932073
gyro_norm,23.015,0.3599334572323383
gyro_norm,23.037,0.38939005589714715
gyro_norm,23.058,0.45829277860208384
gyro_norm,23.081,0.5500955721662392
gyro_norm,23.108,0.5739956712679664
gyro_norm,23.124,0.48432569719095936
gyro_norm,23.146,0.5333455124027854
gyro_norm,23.173,0.48622903767386766
gyro_norm,23.19,0.38396999563975276
gyro_norm,23.212,0.6347734690636845
gyro_norm,23.234,0.8208029920050244
gyro_norm,23.255,0.040000565899869764
gyro_norm,23.277,0.5276049949477829
gyro_norm,23.3,0.1732818121331135
gyro_norm,23.321,0.4601386379509235
gyro_norm,23.343,0.36310472880957656
gyro_norm,23.365,0.5550437308541526
gyro_norm,23.391,0.7274360193483163
gyro_norm,23.409,0.7184828814436405
gyro_norm,23.43,0.5646781822239295
gyro_norm,23.453,0.4918972756356013
gyro_norm,23.475,0.40341693154577535
gyro_norm,23.497,0.2512209755572904
gyro_norm,23.518,0.2170292635450414
gyro_norm,23.54,0.2423960548436391
gyro_norm,23.562,0.11761993138818405
gyro_norm,23.584,0.09330222192072142
gyro_norm,23.606,0.3132584480086373
gyro_norm,23.628,0.231098160975503
gyro_norm,23.649,0.13468165864144663
gyro_norm,23.672,0.3177850892478178
gyro_norm,23.694,0.42279953627840844
gyro_norm,23.716,0.5457909653882054
gyro_norm,23.742,0.45796360577244627
gyro_norm,23.759,0.2689630984457082
gyro_norm,23.786,0.2460966325344264
gyro_norm,23.802,0.5571815448687879
gyro_norm,23.824,0.4334662272909077
gyro_norm,23.847,0.1482846721367608
gyro_norm,23.869,0.5917414970244574
gyro_norm,23.89,0.5048930928668313
gyro_norm,23.912,0.2967802650874395
gyro_norm,23.935,0.6010205819239163
gyro_norm,23.956,0.2985185901497095
gyro_norm,23.978,0.41694646876134417
gyro_norm,24.001,0.5452190361647911
gyro_norm,24.022,0.49316919377929197
gyro_norm,24.044,0.3128672344286741
gyro_norm,24.065,0.3414008291527798
gyro_norm,24.087,0.328599945208532
gyro_norm,24.109,0.273726436386289
gyro_norm,24.139,0.27036378822178647
gyro_norm,24.153,0.28410864098462385
gyro_norm,24.175,0.12925321363512465
gyro_norm,24.197,0.09672542428676072
gyro_norm,24.223,0.11994386809988834
gyro_norm,24.24,0.1450713039736929
gyro_norm,24.263,0.23628836634327197
gyro_norm,24.285,0.29996001847048875
gyro_norm,24.307,0.2949292226705724
gyro_norm,24.329,0.18137754127126623
gyro_norm,24.349,0.15951482959483795
gyro_norm,24.374,0.6444281228105252
gyro_norm,24.394,0.7383705995875094
gyro_norm,24.415,0.621164516340663
gyro_norm,24.437,0.6731050883075627
gyro_norm,24.459,0.6151999157897979
gyro_norm,24.481,0.5324327235570548
gyro_norm,24.506,0.3501396372513469
gyro_norm,24.524,0.5657079838967088
gyro_norm,24.546,0.5765357192477618
gyro_norm,24.569,0.5998622572103759
gyro_norm,24.59,0.5439685441183593
gyro_norm,24.613,0.47035164874279894
gyro_norm,24.637,0.3918095509633024
gyro_norm,24.656,0.2925258230180934
gyro_norm,24.679,0.24314297454747016
gyro_norm,24.701,0.17963565908884044
gyro_norm,24.722,0.14269291359892475
gyro_norm,24.743,0.24336771627834747
gyro_norm,24.765,0.2533824503825498
gyro_norm,24.787,0.23446243053015403
gyro_norm,24.81,0.18334683941523056
gyro_norm,24.831,0.255324768569109
gyro_norm,24.853,0.3338288191985379
gyro_norm,24.875,0.4012542982889873
gyro_norm,24.897,0.34842011615664215
gyro_norm,24.918,0.23335205334106085
gyro_norm,24.94,0.42416946801964467
gyro_norm,24.962,0.3925907095606963
gyro_norm,24.984,0.8980548049395852
gyro_norm,25.007,0.911806527818753
gyro_norm,25.028,0.5409664358333196
gyro_norm,25.056,0.6326208141577818
gyro_norm,25.072,0.696433690601273
gyro_norm,25.095,0.43290495136224383
gyro_norm,25.122,0.42248525515379126
gyro_norm,25.138,0.6052622801861759
gyro_norm,25.159,0.532409500506625
gyro_norm,25.181,0.5071577775914634
gyro_norm,25.204,0.551522003734971
gyro_norm,25.225,0.5309890969085773
gyro_norm,25.254,0.4468747616447948
gyro_norm,25.273,0.3643171331867911
gyro_norm,25.29,0.49162492650106315
gyro_norm,25.312,0.6317256879415629
gyro_norm,25.335,0.7567818437117522
gyro_norm,25.356,0.6510094587053794
gyro_norm,25.378,0.43025606317761694
gyro_norm,25.4,0.4938684386148134
gyro_norm,25.422,0.6666442112214019
gyro_norm,25.444,1.0782713219176594
gyro_norm,25.466,1.5380446605778355
gyro_norm,25.487,1.3471542256555689
gyro_norm,25.51,0.8852778943165021
gyro_norm,25.531,0.5318867527448271
gyro_norm,25.553,0.5798372485959814
gyro_norm,25.575,0.3451376810291432
gyro_norm,25.597,0.5463968437655576
gyro_norm,25.622,0.20777744261380435
gyro_norm,25.64,0.3971733895866484
gyro_norm,25.662,0.5393746227469745
gyro_norm,25.684,0.4548215892973487
gyro_norm,25.706,0.4367131433400521
gyro_norm,25.729,0.3090553900225223
gyro_norm,25.75,0.23814537606398875
gyro_norm,25.772,0.30925968424250977
gyro_norm,25.795,0.5587139754738033
gyro_norm,25.822,0.6719372111934238
gyro_norm,25.837,0.6433765398199734
gyro_norm,25.86,0.5784996997823274
gyro_norm,25.881,0.5665027058755417
gyro_norm,25.903,0.42836710798955424
gyro_norm,25.926,0.23231566439334736
gyro_norm,25.947,0.1197659169359337
gyro_norm,25.968,0.14736985797334473
gyro_norm,25.99,0.3955461953947331
gyro_norm,26.013,0.5561762912331598
gyro_norm,26.038,0.5994353800421902
gyro_norm,26.056,0.45501051604488973
gyro_norm,26.078,0.23977555647711468
gyro_norm,26.101,0.5952738804923079
gyro_norm,26.122,0.955407357797975
gyro_norm,26.143,1.0255444193902654
gyro_norm,26.166,0.8557184633776403
gyro_norm,26.187,0.5017786937025809
gyro_norm,26.21,0.33333354286893024
gyro_norm,26.237,0.21205571103452572
gyro_norm,26.253,0.2945027983344861
gyro_norm,26.275,0.49622897269286625
gyro_norm,26.3,0.49976600244013253
gyro_norm,26.319,0.38393646205673854
gyro_norm,26.341,0.49537982252311324
gyro_norm,26.363,0.6251667943939125
gyro_norm,26.387,0.861216383618879
gyro_norm,26.406,1.180390358460297
gyro_norm,26.433,1.317351196853013
gyro_norm,26.452,1.205276892932562
gyro_norm,26.472,1.034900623014059
gyro_norm,26.495,0.7947669603271488
gyro_norm,26.515,0.648583476402212
gyro_norm,26.538,0.7196215231805604
gyro_norm,26.56,0.9196404977971633
gyro_norm,26.581,1.2665921564632083
gyro_norm,26.603,1.530223434093215
gyro_norm,26.625,1.2122621966001959
gyro_norm,26.647,1.084642851716502
gyro_norm,26.669,0.9815606336425083
gyro_norm,26.691,0.25284498180703074
gyro_norm,26.713,0.73261524104682
gyro_norm,26.735,0.716312323997489
gyro_norm,26.756,0.9041981737510987
gyro_norm,26.782,0.8994225709341322
gyro_norm,26.8,0.5676708516185569
gyro_norm,26.822,0.5149490074737708
gyro_norm,26.844,0.7416790053662876
gyro_norm,26.87,0.6660343685975395
gyro_norm,26.888,0.5949328081621894
gyro_norm,26.91,0.7376832239010076
gyro_norm,26.936,0.6114003171626541
gyro_norm,26.954,0.43528268021877076
gyro_norm,26.975,0.45268485591710184
gyro_norm,26.997,0.5828651222111487
gyro_norm,27.019,0.5578285282119793
gyro_norm,27.041,0.34520380178462706
gyro_norm,27.063,0.32542850913947213
gyro_norm,27.084,0.381869213989024
gyro_norm,27.106,0.1405090205149148
gyro_norm,27.128,0.23269387356924556
gyro_norm,27.15,0.4166574189031185
gyro_norm,27.172,0.28765999738055514
gyro_norm,27.195,0.22288540604277954
gyro_norm,27.216,0.21307406095204898
gyro_norm,27.237,0.8702261231499476
gyro_norm,27.259,1.1959892994415398
gyro_norm,27.281,1.0129997278641378
gyro_norm,27.303,0.8817438610367022
gyro_norm,27.337,0.9278611818347333
gyro_norm,27.347,0.9514163617507947
gyro_norm,27.369,0.9738674196989552
gyro_norm,27.39,0.9877509347558612
gyro_norm,27.416,0.9716864738014284
gyro_norm,27.435,0.6808649298408096
gyro_norm,27.456,0.8928490872039239
gyro_norm,27.478,1.1127219561926691
gyro_norm,27.502,1.05096408763931
gyro_norm,27.522,0.8356911138928468
gyro_norm,27.544,0.7055315785591402
gyro_norm,27.566,0.42889650126296697
gyro_norm,27.588,0.1980060719943528
gyro_norm,27.609,0.14288213974281488
gyro_norm,27.633,0.46078184310073345
gyro_norm,27.654,0.8606536726258931
gyro_norm,27.675,0.8865174984806204
gyro_norm,27.699,0.6259650484753758
gyro_norm,27.719,0.410759720346236
gyro_norm,27.741,0.453064294519778
gyro_norm,27.763,0.3866959716364142
gyro_norm,27.784,0.7469541706095226
gyro_norm,27.806,0.9498582374638284
gyro_norm,27.828,0.7109110830607206
gyro_norm,27.85,0.3810617236778092
gyro_norm,27.872,0.08182638401421279
gyro_norm,27.903,0.38158254854453855
gyro_norm,27.915,0.7493896409042422
gyro_norm,27.938,0.859873329298283
gyro_norm,27.96,0.6534403440883747
gyro_norm,27.986,0.30051577684216074
gyro_norm,28.005,0.3191899410965502
gyro_norm,28.025,0.3468732536662755
gyro_norm,28.052,0.27050365223708805
gyro_norm,28.069,0.4856113221244383
gyro_norm,28.091,0.62026034532233
gyro_norm,28.118,0.46393750729381616
gyro_norm,28.135,0.25289589690684916
gyro_norm,28.156,0.24254052556620653
gyro_norm,28.178,0.22524608689085385
gyro_norm,28.2,0.34577543044329967
gyro_norm,28.222,0.40731161867814075
gyro_norm,28.244,0.35188789368454243
gyro_norm,28.266,0.07123224442880614
gyro_norm,28.288,0.4283961780866382
gyro_norm,28.309,0.6606161771893239
gyro_norm,28.331,0.9656156842961379
gyro_norm,28.354,1.296608637225239
gyro_norm,28.377,0.9799570916696952
gyro_norm,28.397,0.3270335542259719
gyro_norm,28.419,0.6166510673895639
gyro_norm,28.442,0.7179247180253574
gyro_norm,28.463,0.607391647340014
gyro_norm,28.485,0.8591230875927267
gyro_norm,28.506,0.960140393992948
gyro_norm,28.535,0.8134729555534975
gyro_norm,28.55,0.9489138443767609
gyro_norm,28.572,1.1082446689720065
gyro_norm,28.599,1.0896841723339719
gyro_norm,28.616,0.835985198996455
gyro_norm,28.638,0.5064518735115234
gyro_norm,28.66,0.5113497100490764
gyro_norm,28.682,0.6418409431206616
gyro_norm,28.703,0.7146583399305017
gyro_norm,28.725,0.4894687343100458
gyro_norm,28.747,0.2560938528985331
gyro_norm,28.769,0.5602508361424584
gyro_norm,28.791,0.6409190420356553
gyro_norm,28.814,0.5334629118663837
gyro_norm,28.835,0.33282357220470127
gyro_norm,28.857,0.39818630861235355
gyro_norm,28.881,0.1267839684341272
gyro_norm,28.9,0.6602371994776859
gyro_norm,28.922,0.33546238868797573
gyro_norm,28.944,0.785362581071869
gyro_norm,28.966,0.6050397972894457
gyro_norm,28.988,0.5066625781709153
gyro_norm,29.018,0.1550019020674909
gyro_norm,29.031,0.3030751734777433
gyro_norm,29.055,0.5129553223706854
gyro_norm,29.075,0.37491682644634183
gyro_norm,29.097,0.3203027362283327
gyro_norm,29.119,0.4042104564896424
gyro_norm,29.141,0.5438438833756963
gyro_norm,29.168,0.5625961271419458
gyro_norm,29.185,0.4334380669156941
gyro_norm,29.207,0.3929793931366075
gyro_norm,29.228,0.34031401067621564
gyro_norm,29.251,0.4953476183468738
gyro_norm,29.272,0.525735579945559
gyro_norm,29.302,0.31594412251615206
gyro_norm,29.317,0.3116191210995812
gyro_norm,29.338,0.45331409516300525
gyro_norm,29.36,0.44072192177792824
gyro_norm,29.382,0.23535715868134266
gyro_norm,29.403,0.20731312553839137
gyro_norm,29.434,0.3224553524538443
gyro_norm,29.447,0.250047629755657
gyro_norm,29.469,0.4682045268675436
gyro_norm,29.499,0.8153302515275141
gyro_norm,29.513,0.6789147572207225
gyro_norm,29.535,0.4967106758048361
gyro_norm,29.558,0.5703721596681524
gyro_norm,29.579,0.4655808085236387
gyro_norm,29.601,0.6107305316841627
gyro_norm,29.622,0.682129910237639
gyro_norm,29.644,0.7103506609743616
gyro_norm,29.667,0.5271300778410368
gyro_norm,29.688,0.37012333926062907
gyro_norm,29.71,0.6165190782152964
gyro_norm,29.732,0.7452061610678067
gyro_norm,29.755,0.6041150778525003
gyro_norm,29.775,0.3417715008585347
gyro_norm,29.798,0.2615518845334693
gyro_norm,29.819,0.36133859071609953
gyro_norm,29.841,0.4282866532901086
gyro_norm,29.863,0.41168971629419293
gyro_norm,29.885,0.34341784337399095
gyro_norm,29.907,0.3514874587611343
gyro_norm,29.933,0.28032230348119386
gyro_norm,29.951,0.27374939412298177
gyro_norm,29.972,0.500998012360512
gyro_norm,29.994,0.3716909121047713
gyro_norm,30.016,0.7935955195736002
gyro_norm,30.038,0.6694653360014112
gyro_norm,30.06,1.0282990533985505
gyro_norm,30.081,1.2207614074449706
gyro_norm,30.104,0.6031293757371232
gyro_norm,30.126,0.4063845923711435
gyro_norm,30.147,0.2660742585077245
gyro_norm,30.169,0.4251883048516956
gyro_norm,30.191,0.7156539654351329
gyro_norm,30.214,0.6008802629486312
gyro_norm,30.235,0.40723180368551837
gyro_norm,30.257,0.31211100388955726
gyro_norm,30.279,0.3466390649241311
gyro_norm,30.301,0.47514534738348657
gyro_norm,30.322,0.4267605047236702
gyro_norm,30.344,0.27684253942999626
gyro_norm,30.366,0.11517970345755583
gyro_norm,30.388,0.17633483661561924
gyro_norm,30.41,0.1871409038055199
gyro_norm,30.432,0.2018240892880347
gyro_norm,30.455,0.456754757651662
gyro_norm,30.475,0.6015763146754812
gyro_norm,30.497,0.504115899424069
gyro_norm,30.519,0.21864596773268835
gyro_norm,30.545,0.1401539518170482
gyro_norm,30.563,0.402768196357653
gyro_norm,30.585,0.46332748852077676
gyro_norm,30.616,0.6600165213700152
gyro_norm,30.628,0.2620473363959945
gyro_norm,30.65,0.3528442911314719
gyro_norm,30.672,0.6395336360840859
gyro_norm,30.694,0.9532822499832574
gyro_norm,30.716,0.8088068438288317
gyro_norm,30.738,0.678861502934215
gyro_norm,30.76,0.27891571253119096
gyro_norm,30.783,0.37998677018170535
gyro_norm,30.803,0.4734191177136849
gyro_norm,30.833,0.4869721871421715
gyro_norm,30.848,0.4121966411901272
gyro_norm,30.869,0.5936274756793005
gyro_norm,30.891,0.7911611884601593
gyro_norm,30.915,0.9170428559238838
gyro_norm,30.935,0.9982120282795982
gyro_norm,30.957,0.8774385244784875
gyro_norm,30.979,0.8226841600446697
gyro_norm,31.001,1.0391240260171295
gyro_norm,31.022,1.1870659196149271
gyro_norm,31.046,0.9651349888659213
gyro_norm,31.066,0.9401927005999204
gyro_norm,31.088,0.9778953618597859
gyro_norm,31.115,0.579265320615386
gyro_norm,31.134,0.34219309935815845
gyro_norm,31.158,1.0705273591757078
gyro_norm,31.175,1.3200689154409868
gyro_norm,31.2,0.84902967309778
gyro_norm,31.219,0.5999428013532732
gyro_norm,31.242,0.7189222170400624
gyro_norm,31.269,0.9439851306447227
gyro_norm,31.285,0.8951609247462516
gyro_norm,31.307,0.6967692144044364
gyro_norm,31.328,0.6644827108284059
gyro_norm,31.35,0.6620760336273834
gyro_norm,31.375,0.5051639716544498
gyro_norm,31.394,0.33521853728742435
gyro_norm,31.416,0.22032353383655343
gyro_norm,31.441,0.3014440107666029
gyro_norm,31.46,0.3704883890624282
gyro_norm,31.482,0.37043108056111945
gyro_norm,31.506,0.3938966383377102
gyro_norm,31.525,0.5768488382636432
gyro_norm,31.547,0.9042006037463151
gyro_norm,31.571,1.2202573167393922
gyro_norm,31.591,1.3772276386862161
gyro_norm,31.614,1.3675025158332417
gyro_norm,31.635,1.2449408399623016
gyro_norm,31.657,0.8968389800819154
gyro_norm,31.689,0.7249419082603472
gyro_norm,31.7,1.409755643709926
gyro_norm,31.722,1.1073869977207067
gyro_norm,31.744,0.5621184433463884
gyro_norm,31.769,1.5812195661915356
gyro_norm,31.788,2.74849009079544
gyro_norm,31.81,3.3485870576393277
gyro_norm,31.832,2.6627989908881444
gyro_norm,31.855,1.985436540570844
gyro_norm,31.875,1.1660321705317611
gyro_norm,31.897,0.7166701054923262
gyro_norm,31.92,0.5813332209321145
gyro_norm,31.942,0.5115840652076977
gyro_norm,31.963,0.6502378870449762
gyro_norm,31.985,1.1210612929200323
gyro_norm,32.008,1.2180441061288025
gyro_norm,32.03,0.6414500703209153
gyro_norm,32.05,0.5391851586604691
gyro_norm,32.073,0.5724862718725567
gyro_norm,32.095,1.09535038986491
gyro_norm,32.116,1.3876344159453582
gyro_norm,32.138,1.519329046876657
gyro_norm,32.16,1.7852332508603947
gyro_norm,32.182,1.8732294935597018
gyro_norm,32.212,1.6927099163425583
gyro_norm,32.227,1.5365444094237635
gyro_norm,32.247,1.668187075624907
gyro_norm,32.27,1.77090138616478
gyro_norm,32.293,1.7767822362604322
gyro_norm,32.314,1.5908378004559949
gyro_norm,32.335,1.8397130023717299
gyro_norm,32.357,2.33482788230754
gyro_norm,32.379,1.9634684327316054
gyro_norm,32.401,1.4669148607937075
gyro_norm,32.422,1.1912523166414084
gyro_norm,32.444,1.2047982299939999
gyro_norm,32.469,1.3570243116648792
gyro_norm,32.488,1.434789343340292
gyro_norm,32.51,1.3928674487946817
gyro_norm,32.534,1.2706634416085036
gyro_norm,32.554,1.130446071869186
gyro_norm,32.576,0.9948228890473328
gyro_norm,32.598,0.8198100893915039
gyro_norm,32.62,0.7332679962006888
gyro_norm,32.641,0.593077237383693
gyro_norm,32.669,0.44441040814802274
gyro_norm,32.685,0.46256739442182476
gyro_norm,32.707,0.3715003704387539
gyro_norm,32.729,0.1711310160449918
gyro_norm,32.751,0.064857831200474
gyro_norm,32.774,0.33838057399976945
gyro_norm,32.795,0.6898481331940114
gyro_norm,32.816,0.6644840668764673
gyro_norm,32.838,0.5549866552342533
gyro_norm,32.86,0.647386456328826
gyro_norm,32.882,0.46788429316235913
gyro_norm,32.904,0.24283978427844635
gyro_norm,32.926,0.5003587700821163
gyro_norm,32.948,0.6982985608654606
gyro_norm,32.97,0.7486835013764138
gyro_norm,32.992,0.9327405675498622
gyro_norm,33.014,1.1810648246364968
gyro_norm,33.035,0.999316006018685
gyro_norm,33.057,0.8474411368901325
gyro_norm,33.079,0.7479348111237321
gyro_norm,33.101,0.6365569412960256
gyro_norm,33.123,0.47716505341323784
gyro_norm,33.145,0.32516648796059383
gyro_norm,33.167,0.3090917370965359
gyro_norm,33.188,0.33260415585633096
gyro_norm,33.211,0.25039909703827307
gyro_norm,33.232,0.26398209073536244
gyro_norm,33.255,0.319076942703528
gyro_norm,33.276,0.5162375359885151
gyro_norm,33.298,0.560334627315039
gyro_norm,33.32,0.6735989637847234
gyro_norm,33.342,0.9636709846251079
gyro_norm,33.371,1.1603201390005589
gyro_norm,33.385,1.0816230968463587
gyro_norm,33.408,1.0559758231577672
gyro_norm,33.429,1.1649137499577469
gyro_norm,33.451,0.6571281765299438
gyro_norm,33.473,0.6946301548117721
gyro_norm,33.495,0.8552038463088596
gyro_norm,33.517,1.5868473460404438
gyro_norm,33.538,1.9565898779386444
gyro_norm,33.56,1.5840457111340285
gyro_norm,33.582,1.3753118880012947
gyro_norm,33.61,1.4413138739309923
gyro_norm,33.626,1.5145468822330324
gyro_norm,33.648,1.3033961499504094
gyro_norm,33.67,0.9554106441969551
gyro_norm,33.692,0.8088571260700511
gyro_norm,33.715,0.8942819747114568
gyro_norm,33.735,0.9188446107096964
gyro_norm,33.758,0.6929179568593817
gyro_norm,33.779,0.31237406378445004
gyro_norm,33.809,0.2049784126698857
gyro_norm,33.823,0.36833261852629917
gyro_norm,33.845,0.4505998440981394
gyro_norm,33.867,0.3723574781760187
gyro_norm,33.889,0.289506280333075
gyro_norm,33.916,0.306211057433024
gyro_norm,33.932,0.3711570820238063
gyro_norm,33.955,0.2907429078654707
gyro_norm,33.976,0.39869518406538523
gyro_norm,33.999,0.7006107500424753
gyro_norm,34.022,0.7808252800059716
gyro_norm,34.042,0.5828903950970332
gyro_norm,34.069,0.3267380005755397
gyro_norm,34.086,0.47472041967129597
gyro_norm,34.107,0.9707874263372589
gyro_norm,34.134,1.1460972735191952
gyro_norm,34.151,0.7212100296610282
gyro_norm,34.174,0.47851483113717175
gyro_norm,34.195,0.6558097612935196
gyro_norm,34.218,0.8053578262326023
gyro_norm,34.239,0.8132281800782688
gyro_norm,34.26,0.6929461500416797
gyro_norm,34.282,0.5828145588603796
gyro_norm,34.308,0.5820965985564922
gyro_norm,34.327,0.6534937957445561
gyro_norm,34.348,0.7241902074709295
gyro_norm,34.37,0.6899477169585442
gyro_norm,34.392,0.6156270314194219
gyro_norm,34.415,0.6599201827567528
gyro_norm,34.436,0.7693594743622397
gyro_norm,34.457,0.8377273850822341
gyro_norm,34.48,0.8444881401366925
gyro_norm,34.501,0.7953926820213838
gyro_norm,34.523,0.6709139668106989
gyro_norm,34.547,0.5714197521306299
gyro_norm,34.567,0.5252668621645243
gyro_norm,34.589,0.6328414771114962
gyro_norm,34.615,0.8023500707945984
gyro_norm,34.632,0.6817160829286306
gyro_norm,34.655,0.22291019518411329
gyro_norm,34.676,0.4534315722800533
gyro_norm,34.699,0.4520769506728556
gyro_norm,34.721,0.6678460196177938
gyro_norm,34.742,0.3220525685422959
gyro_norm,34.764,0.47314163886360383
gyro_norm,34.785,0.5241373169856407
gyro_norm,34.82,0.25526186681411794
gyro_norm,34.829,0.23461571715798796
gyro_norm,34.854,0.18409499215380756
gyro_norm,34.874,0.0947417857501105
gyro_norm,34.895,0.19096223928144485
gyro_norm,34.917,0.060156418236265434
gyro_norm,34.939,0.14815084776625867
gyro_norm,34.961,0.24023664406461578
gyro_norm,34.982,0.20429779783211008
gyro_norm,35.004,0.1926195016606572
gyro_norm,35.027,0.1949699009308459
gyro_norm,35.048,0.21217978855785757
gyro_norm,35.07,0.24384850130936878
gyro_norm,35.092,0.2528940427684925
gyro_norm,35.115,0.2699338584457124
gyro_norm,35.136,0.3421433711671836
gyro_norm,35.158,0.4443528314528112
gyro_norm,35.18,0.49927904892500136
gyro_norm,35.202,0.510225830368808
gyro_norm,35.227,0.5471099974402154
gyro_norm,35.246,0.600323532468425
gyro_norm,35.267,0.6745441735901156
gyro_norm,35.29,0.7610019945203073
gyro_norm,35.311,0.8840132527435081
gyro_norm,35.333,0.9976618819956522
gyro_norm,35.355,1.0557188713654015
gyro_norm,35.376,1.0333629005016212
gyro_norm,35.398,0.971235645144104
gyro_norm,35.42,1.0127107106403526
gyro_norm,35.442,1.135726818622221
gyro_norm,35.464,1.2456725744438044
gyro_norm,35.488,1.2846524673419417
gyro_norm,35.508,1.2939147298030471
gyro_norm,35.53,1.2957543469901003
gyro_norm,35.551,1.2553481467942476
gyro_norm,35.576,1.212678327456927
gyro_norm,35.595,1.1690822240121395
gyro_norm,35.617,1.2111732045030321
gyro_norm,35.639,1.2801056186598558
gyro_norm,35.66,1.2526740224572426
gyro_norm,35.683,1.211652367934046
gyro_norm,35.705,1.2232550890363527
gyro_norm,35.726,1.225373641790492
gyro_norm,35.749,1.1876797607008955
gyro_norm,35.77,1.1236538471941897
gyro_norm,35.792,1.0952399220024902
gyro_norm,35.815,1.0967214960364562
gyro_norm,35.836,1.1117299948723511
gyro_norm,35.858,1.1470345618699693
gyro_norm,35.879,1.1734454774306626
gyro_norm,35.901,1.2304450018522448
gyro_norm,35.934,1.2689656802206757
gyro_norm,35.947,1.2388064297726502
gyro_norm,35.967,1.171758531586952
gyro_norm,35.992,1.1094645723779222
gyro_norm,36.011,1.1773480190842505
gyro_norm,36.033,1.345693093828443
gyro_norm,36.057,1.2653446172247393
gyro_norm,36.077,1.2908065628370067
gyro_norm,36.099,1.3119028296249762
gyro_norm,36.12,0.8843024778400197
gyro_norm,36.142,0.3356145889015168
gyro_norm,36.164,0.7159093707008889
gyro_norm,36.192,1.0636864164846753
gyro_norm,36.208,1.042980107349
gyro_norm,36.23,0.6969533058750759
gyro_norm,36.252,0.8239213092048734
gyro_norm,36.275,1.6897812179779967
gyro_norm,36.296,2.6067693558335963
gyro_norm,36.317,2.694314785203691
gyro_norm,36.339,2.4305133731639867
gyro_norm,36.36,2.3280421398574296
gyro_norm,36.383,2.3032982019463226
gyro_norm,36.408,2.3215431599295058
gyro_norm,36.426,1.8872490968355902
gyro_norm,36.449,1.1007829415724564
gyro_norm,36.471,0.8969315524821507
gyro_norm,36.493,0.5485919641076261
gyro_norm,36.515,0.7452391189959696
gyro_norm,36.536,1.1174353828900392
gyro_norm,36.557,2.034807421024241
gyro_norm,36.58,1.7592558548102109
gyro_norm,36.602,1.4598669698779918
gyro_norm,36.623,1.4253599490206061
gyro_norm,36.65,0.973137897067648
gyro_norm,36.667,1.1323757893477528
gyro_norm,36.689,1.2649637799873699
gyro_norm,36.711,0.6160536213152737
gyro_norm,36.733,0.41912131175726824
gyro_norm,36.755,0.7072695436386229
gyro_norm,36.776,0.8158507412987568
gyro_norm,36.803,0.6389245753023867
gyro_norm,36.82,0.5990919642189233
gyro_norm,36.842,0.9084845851097137
gyro_norm,36.864,0.8543959023821124
gyro_norm,36.887,0.8354934055016203
gyro_norm,36.907,0.8383739373014764
gyro_norm,36.93,0.6975293265486358
gyro_norm,36.952,0.5525219236272666
gyro_norm,36.975,1.0052025030762253
gyro_norm,36.995,0.9375371279750476
gyro_norm,37.017,0.6935142091843555
gyro_norm,37.039,0.6802376804448449
gyro_norm,37.061,0.2868948728170173
gyro_norm,37.083,0.17863311236097115
gyro_norm,37.104,0.47093377209590476
gyro_norm,37.127,0.6754425051966821
gyro_norm,37.15,0.8028075564956068
gyro_norm,37.17,0.8629013157347487
gyro_norm,37.192,0.8902982319128157
gyro_norm,37.215,0.6154841011077856
gyro_norm,37.236,0.285247899826953
gyro_norm,37.257,0.3637827809874917
gyro_norm,37.28,0.5525959557788375
gyro_norm,37.302,0.6166572727773278
gyro_norm,37.326,0.6105571902350626
gyro_norm,37.346,0.5962012384660652
gyro_norm,37.367,0.621999330672263
gyro_norm,37.389,0.48269765641307116
gyro_norm,37.411,0.46392243566646096
gyro_norm,37.433,0.6922873304667335
gyro_norm,37.455,0.8762333892443611
gyro_norm,37.477,0.743731091492388
gyro_norm,37.498,0.7362847273135243
gyro_norm,37.52,0.8705524548169666
gyro_norm,37.542,0.9851784090964261
gyro_norm,37.569,0.7672852210419865
gyro_norm,37.586,0.839818037541615
gyro_norm,37.608,1.3846266257158815
gyro_norm,37.63,1.7196635885892393
gyro_norm,37.657,1.3920144352931576
gyro_norm,37.674,1.041032086117515
gyro_norm,37.695,1.3870371950609026
gyro_norm,37.717,1.5472171105126487
gyro_norm,37.739,1.507632734064427
gyro_norm,37.763,1.6199876995628113
gyro_norm,37.785,1.4477927757460891
gyro_norm,37.807,0.41795528717767383
gyro_norm,37.826,0.43627306105948277
gyro_norm,37.848,0.41616485326297864
gyro_norm,37.87,0.7039766118536596
gyro_norm,37.892,0.8530878617163618
gyro_norm,37.914,0.9564324652244437
gyro_norm,37.936,0.8196965628474696
gyro_norm,37.957,0.8783468128543815
gyro_norm,37.979,1.0407329234110625
gyro_norm,38.001,1.106404723255733
gyro_norm,38.023,1.0063876491655768
gyro_norm,38.045,0.9338364162758893
gyro_norm,38.076,0.7420618815851076
gyro_norm,38.098,0.5830387423275325
gyro_norm,38.119,0.5333286357169839
gyro_norm,38.139,0.8861388101069158
gyro_norm,38.16,1.7673806548336157
gyro_norm,38.181,2.1387735168458697
gyro_norm,38.201,1.74246765022638
gyro_norm,38.223,1.1258153497064907
gyro_norm,38.244,1.0882078238542814
gyro_norm,38.263,1.7602206588278952
gyro_norm,38.285,2.3815554309831235
gyro_norm,38.306,2.864251063363082
gyro_norm,38.326,3.1748610116918012
gyro_norm,38.347,3.1759437664856556
gyro_norm,38.368,3.017181147428053
gyro_norm,38.388,2.746737323652441
gyro_norm,38.409,2.3223099181707387
gyro_norm,38.431,1.786379924957379
gyro_norm,38.45,1.2655970187846057
gyro_norm,38.472,1.0596639952363536
gyro_norm,38.494,0.9714205770506575
gyro_norm,38.535,0.6899082753389251
gyro_norm,38.557,0.7617809665701687
gyro_norm,38.579,0.7738390296382324
gyro_norm,38.601,0.5851263887820891
gyro_norm,38.622,0.3835477274572999
gyro_norm,38.645,0.3205811269985645
gyro_norm,38.666,0.47483553422164604
gyro_norm,38.688,0.6354388259117271
gyro_norm,38.71,0.7028526171342218
gyro_norm,38.732,0.5873016668614947
gyro_norm,38.754,0.29794979947150396
gyro_norm,38.776,0.26188836479986755
gyro_norm,38.798,0.5429763971440612
gyro_norm,38.821,1.018926780606689
gyro_norm,38.842,1.3593171834340563
gyro_norm,38.865,1.6500115048088035
gyro_norm,38.885,1.701543342463274
gyro_norm,38.907,1.4462469759427568
gyro_norm,38.93,1.2718429764042858
gyro_norm,38.951,1.2086992405786199
gyro_norm,38.974,0.8245648757171328
gyro_norm,38.996,0.3234078767217535
gyro_norm,39.017,0.4215269115829062
gyro_norm,39.038,0.7610996885946991
gyro_norm,39.06,0.7387603599509838
gyro_norm,39.082,0.4665035947247989
gyro_norm,39.105,0.19360300158594107
gyro_norm,39.126,0.505389222159483
gyro_norm,39.148,0.6667217039426694
gyro_norm,39.171,0.5309036663373139
gyro_norm,39.192,0.7142193788583904
gyro_norm,39.214,0.7456602240210202
gyro_norm,39.237,0.6911038642958769
gyro_norm,39.257,0.4955108519000937
gyro_norm,39.279,0.22182877353608482
gyro_norm,39.301,0.458999679241128
gyro_norm,39.323,0.550968569931298
gyro_norm,39.348,0.7858327637357424
gyro_norm,39.366,1.2623665557985886
gyro_norm,39.388,1.6208920296889773
gyro_norm,39.412,1.6435412735508839
gyro_norm,39.432,1.2653687651796681
gyro_norm,39.456,0.7937139462759568
gyro_norm,39.476,1.0475129389521012
gyro_norm,39.498,1.0533154164559482
gyro_norm,39.52,0.8021222044146294
gyro_norm,39.542,0.5944127027199335
gyro_norm,39.566,0.43044060548071594
gyro_norm,39.593,0.37130278551107887
gyro_norm,39.608,0.37224346246390966
gyro_norm,39.631,0.2221882108587245
gyro_norm,39.651,0.21784990656910277
gyro_norm,39.674,0.4186925264454267
gyro_norm,39.695,0.5561653515047417
gyro_norm,39.717,0.48482130656894673
gyro_norm,39.739,0.3096898455979962
gyro_norm,39.764,0.3611832171988368
gyro_norm,39.782,0.5459521468857612
gyro_norm,39.808,0.5445223159930865
gyro_norm,39.826,0.4670754654104017
gyro_norm,39.848,0.5063769128046752
gyro_norm,39.871,0.4851882255977951
gyro_norm,39.892,0.4742851479173648
gyro_norm,39.914,0.21010318390354504
gyro_norm,39.938,0.11637715176897132
gyro_norm,39.957,0.18062045990824607
gyro_norm,39.98,0.2501491374285714
gyro_norm,40.005,0.28108266801758686
gyro_norm,40.023,0.39960481471716747
gyro_norm,40.048,0.302557700684287
gyro_norm,40.067,0.39010793856079795
gyro_norm,40.089,0.6081710798398718
gyro_norm,40.112,0.5629836882579026
gyro_norm,40.133,0.3567579146233636
gyro_norm,40.156,0.3876371763598729
gyro_norm,40.18,0.5601045668422893
gyro_norm,40.199,0.5567279521170898
gyro_norm,40.221,0.36636009959891597
gyro_norm,40.242,0.3155849899654104
gyro_norm,40.264,0.4489953270872802
gyro_norm,40.288,0.6963210256394012
gyro_norm,40.307,0.8205333577172332
gyro_norm,40.329,0.7826957435590625
gyro_norm,40.354,0.6640957216551623
gyro_norm,40.374,0.5466507041353103
gyro_norm,40.395,0.4877689330953247
gyro_norm,40.417,0.46133867818805846
gyro_norm,40.439,0.4516640327742562
gyro_norm,40.464,0.4598155039295832
gyro_norm,40.483,0.48008164402654774
gyro_norm,40.508,0.49111616074607617
gyro_norm,40.532,0.5439244560846282
gyro_norm,40.548,0.5559577840953902
gyro_norm,40.571,0.4741658037393344
gyro_norm,40.592,0.4620449198377057
gyro_norm,40.614,0.4570855157559646
gyro_norm,40.638,0.28324231376106396
gyro_norm,40.658,0.4399830879208228
gyro_norm,40.679,1.0124700144943233
gyro_norm,40.704,1.366723505741306
gyro_norm,40.723,1.0662329649570172
gyro_norm,40.746,0.5179449325860842
gyro_norm,40.77,0.12475576464134051
gyro_norm,40.789,0.4556194669132535
gyro_norm,40.811,0.6216479305520816
gyro_norm,40.832,0.7787150131506897
gyro_norm,40.854,0.7556751204341975
gyro_norm,40.876,0.5302004489192507
gyro_norm,40.898,0.2685306615502349
gyro_norm,40.92,0.19910987474507694
gyro_norm,40.943,0.40976636901727226
gyro_norm,40.972,0.600465411419193
gyro_norm,40.986,0.581053982757592
gyro_norm,41.01,0.44725691726044897
gyro_norm,41.029,0.37120016879828577
gyro_norm,41.051,0.3928873431691113
gyro_norm,41.074,0.4473687194961443
gyro_norm,41.095,0.3849275485671584
gyro_norm,41.117,0.3238453967655061
gyro_norm,41.139,0.24045464797969746
gyro_norm,41.161,0.21087358136086293
gyro_norm,41.182,0.31956430901420396
gyro_norm,41.205,0.31619061494490025
gyro_norm,41.226,0.1506113898718958
gyro_norm,41.248,0.2176994391430566
gyro_norm,41.27,0.2454898428464414
gyro_norm,41.292,0.13828281140030607
gyro_norm,41.315,0.2607481273715466
gyro_norm,41.336,0.3786874178164158
gyro_norm,41.358,0.5313453070514406
gyro_norm,41.379,0.747091300314613
gyro_norm,41.402,1.0362392911779976
gyro_norm,41.423,1.132853570240405
gyro_norm,41.45,1.1448975944988422
gyro_norm,41.467,1.0839897852880427
gyro_norm,41.489,0.9836782458752912
gyro_norm,41.511,0.9086798067501715
gyro_norm,41.533,0.7878775061383422
gyro_norm,41.555,0.604450844542256
gyro_norm,41.576,0.5909285027422547
gyro_norm,41.599,0.5816074816314882
gyro_norm,41.62,0.4487693225320793
gyro_norm,41.648,0.2713900456593523
gyro_norm,41.664,0.20443594641414534
gyro_norm,41.694,0.3005964565900174
gyro_norm,41.708,0.3751370380389953
gyro_norm,41.73,0.4091983113052288
gyro_norm,41.751,0.3909252333971935
gyro_norm,41.775,0.3506115029538864
gyro_norm,41.795,0.44799968221381914
gyro_norm,41.819,0.4316018427779372
gyro_norm,41.839,0.43270580953737425
gyro_norm,41.861,0.514112286728386
gyro_norm,41.882,1.013181249174126
gyro_norm,41.904,1.4058063422875071
gyro_norm,41.927,1.3066771381919917
gyro_norm,41.95,1.1961451206894584
gyro_norm,41.977,1.0088078713655406
gyro_norm,41.993,0.506542568917814
gyro_norm,42.015,0.37596439596368436
gyro_norm,42.036,0.631468740292828
gyro_norm,42.058,0.6811683652059891
gyro_norm,42.08,0.5129014258470573
gyro_norm,42.103,0.33518295841366463
gyro_norm,42.132,1.0232572083184963
gyro_norm,42.148,1.5023898725451061
gyro_norm,42.168,1.5292378656947447
gyro_norm,42.189,1.4190414836156076
gyro_norm,42.211,0.9896048717835358
gyro_norm,42.233,0.5791412909298514
gyro_norm,42.255,0.5161247990366761
gyro_norm,42.277,0.6590073208725166
gyro_norm,42.299,1.0707547856603818
gyro_norm,42.32,1.5781869150108723
gyro_norm,42.342,1.4119268253445723
gyro_norm,42.368,1.6439982188444742
gyro_norm,42.394,1.4313641785898552
gyro_norm,42.408,1.3213945441634274
gyro_norm,42.43,1.0961910597329976
gyro_norm,42.457,0.8831067332989572
gyro_norm,42.475,0.8693255230924437
gyro_norm,42.496,0.8903818253116973
gyro_norm,42.517,0.8318474907551009
gyro_norm,42.54,0.7673441781862796
gyro_norm,42.561,0.7224542599510737
gyro_norm,42.592,0.6168762024273812
gyro_norm,42.605,0.5680834821922301
gyro_norm,42.627,0.5846686646895166
gyro_norm,42.649,0.7465988257123028
gyro_norm,42.671,0.7613151900693609
gyro_norm,42.694,0.6223788252145372
gyro_norm,42.715,0.41536165293757693
gyro_norm,42.736,0.22935109922239946
gyro_norm,42.758,0.39624480692095687
gyro_norm,42.78,0.35129409299123404
gyro_norm,42.802,0.3705401530622712
gyro_norm,42.824,0.5784083316411014
gyro_norm,42.846,0.7542746956077956
gyro_norm,42.868,0.7413033842673771
gyro_norm,42.89,0.64423628564595
gyro_norm,42.911,0.6672394155176099
gyro_norm,42.935,0.5604557417907127
gyro_norm,42.955,0.4465778267074195
gyro_norm,42.977,0.48746831282231307
gyro_norm,42.999,0.5647301458734724
gyro_norm,43.021,0.6511854935184982
gyro_norm,43.043,0.6192954470297053
gyro_norm,43.065,0.49800707640393527
gyro_norm,43.094,0.48683316145432787
gyro_norm,43.109,0.39646868936654583
gyro_norm,43.13,0.41066263638788403
gyro_norm,43.152,0.6105897574067007
gyro_norm,43.175,0.6954797488928856
gyro_norm,43.196,0.5050006007263391
gyro_norm,43.218,0.35393585960803836
gyro_norm,43.239,0.5358791470287894
gyro_norm,43.261,0.3573615376627932
gyro_norm,43.283,1.0638414873324826
gyro_norm,43.305,1.4624143235162834
gyro_norm,43.327,1.2166534001575302
gyro_norm,43.349,0.6928994793612333
gyro_norm,43.371,0.563420689807832
gyro_norm,43.392,0.6715841953956739
gyro_norm,43.415,0.6387308189243714
gyro_norm,43.436,0.7010442531565377
gyro_norm,43.458,0.8596942421352117
gyro_norm,43.48,0.7871043358239432
gyro_norm,43.502,0.7466576992399122
gyro_norm,43.533,0.8050602010411764
gyro_norm,43.547,0.8621934223615694
gyro_norm,43.568,0.9681607757992988
gyro_norm,43.59,0.9424911136548604
gyro_norm,43.613,0.7419497993594799
gyro_norm,43.639,0.5108157802443665
gyro_norm,43.655,0.3429626606689838
gyro_norm,43.677,0.3858636913731317
gyro_norm,43.699,0.6031424450645085
gyro_norm,43.727,0.8678109942451058
gyro_norm,43.742,1.0058340934650347
gyro_norm,43.77,0.8563961085889565
gyro_norm,43.789,0.6879954132088537
gyro_norm,43.808,0.826044622921591
gyro_norm,43.83,0.8661921986827447
gyro_norm,43.853,0.9069914117366588
gyro_norm,43.875,0.9950002365432744
gyro_norm,43.896,0.5841933681997589
gyro_norm,43.918,1.073018588078487
gyro_norm,43.942,1.1422927591005867
gyro_norm,43.961,1.0069908004614263
gyro_norm,43.988,0.7681390721799309
gyro_norm,44.005,0.6168729860014139
gyro_norm,44.027,0.5690302068170396
gyro_norm,44.053,0.5743666727932006
gyro_norm,44.071,0.5411525311707281
gyro_norm,44.093,0.42408893588710084
gyro_norm,44.115,0.3543339851096131
gyro_norm,44.137,0.3165416365461683
gyro_norm,44.159,0.3500448613658097
gyro_norm,44.18,0.43594416899546873
gyro_norm,44.207,0.3901093332377298
gyro_norm,44.224,0.20472817304164284
gyro_norm,44.247,0.2313961749412553
gyro_norm,44.268,0.27990516122969283
gyro_norm,44.29,0.421986925559049
gyro_norm,44.312,0.48934314078430446
gyro_norm,44.334,0.3645106627363461
gyro_norm,44.356,0.18504494917168127
gyro_norm,44.377,0.2520271145928156
gyro_norm,44.4,0.3553818658641464
gyro_norm,44.424,0.6859509721132987
gyro_norm,44.443,0.5807679551796257
gyro_norm,44.464,0.48397237306781726
gyro_norm,44.487,0.9463026608789914
gyro_norm,44.509,0.8077591402715806
gyro_norm,44.536,0.6110402425078247
gyro_norm,44.552,0.5737491350156478
gyro_norm,44.575,0.5934352589555829
gyro_norm,44.597,0.6654202831043425
gyro_norm,44.618,0.5962490307684658
gyro_norm,44.64,0.6134984254899228
gyro_norm,44.661,0.6292248715530229
gyro_norm,44.688,0.5517168109035467
gyro_norm,44.705,0.4147566285808863
gyro_norm,44.727,0.48651747830418185
gyro_norm,44.749,0.9081216656797612
gyro_norm,44.772,1.0336310728066
gyro_norm,44.793,0.7147523331911725
gyro_norm,44.815,0.2715990381136449
gyro_norm,44.837,0.5950632256348716
gyro_norm,44.859,0.7913434058008865
gyro_norm,44.88,0.5891031078622393
gyro_norm,44.903,0.2547750120692122
gyro_norm,44.924,0.2390732398517987
gyro_norm,44.946,0.5610467322449506
gyro_norm,44.967,0.660383619743941
gyro_norm,44.99,0.27394807674068783
gyro_norm,45.011,0.5785226034362468
gyro_norm,45.035,0.8749001842556642
gyro_norm,45.055,0.8532951868702725
gyro_norm,45.077,0.7721582663363904
gyro_norm,45.099,0.6963573127157645
gyro_norm,45.122,0.6548235363762391
gyro_norm,45.143,0.6743205979319301
gyro_norm,45.173,0.7217052318282412
gyro_norm,45.186,0.7034564806664169
gyro_norm,45.208,0.6760815384181098
gyro_norm,45.23,0.6088557773696602
gyro_norm,45.256,0.49370749443571543
gyro_norm,45.274,0.4398559796328428
gyro_norm,45.296,0.4903424419118073
gyro_norm,45.318,0.6423525705393465
gyro_norm,45.341,0.7767025733717816
gyro_norm,45.362,0.8145605528681071
gyro_norm,45.383,0.8111736238761954
gyro_norm,45.405,0.8983688718152618
gyro_norm,45.427,1.088203020442865
gyro_norm,45.449,1.2266244732643576
gyro_norm,45.47,1.1680371710256556
gyro_norm,45.492,0.9536845910386603
gyro_norm,45.514,0.7672099815604597
gyro_norm,45.536,0.7047264234124664
gyro_norm,45.558,0.8514597254638865
gyro_norm,45.58,1.38725025727208
gyro_norm,45.602,1.4762913716729373
gyro_norm,45.624,1.3112275971622518
gyro_norm,45.645,1.1217378494801888
gyro_norm,45.667,0.8271051278786434
gyro_norm,45.689,0.7267855163792286
gyro_norm,45.711,0.8533988690410013
gyro_norm,45.734,1.170225903213658
gyro_norm,45.755,1.439169384294592
gyro_norm,45.777,1.5849587791791833
gyro_norm,45.799,1.6826914935389763
gyro_norm,45.821,1.6004642067319694
gyro_norm,45.843,1.3666629058835684
gyro_norm,45.867,1.115104629866084
gyro_norm,45.887,0.9360598373850308
gyro_norm,45.908,0.7962184470234877
gyro_norm,45.938,0.7333657818873607
gyro_norm,45.952,0.7671982719056124
gyro_norm,45.974,0.6840247169620575
gyro_norm,45.996,0.6208882840182518
gyro_norm,46.019,0.6450284071577438
gyro_norm,46.04,0.7282002527084226
gyro_norm,46.062,0.8286496391345461
gyro_norm,46.083,0.7941961892079382
gyro_norm,46.106,0.8341874808006174
gyro_norm,46.127,1.0225881121324945
gyro_norm,46.149,0.19801731937705996
gyro_norm,46.171,0.4878620024726993
gyro_norm,46.193,0.2598632500854156
gyro_norm,46.215,0.5929003281504401
gyro_norm,46.237,0.6506615185605051
gyro_norm,46.259,0.5096198702600274
gyro_norm,46.28,0.4711696586157044
gyro_norm,46.303,0.4710601209935492
gyro_norm,46.324,0.5166978132598892
gyro_norm,46.354,0.5580366565349612
gyro_norm,46.368,0.5993454127202633
gyro_norm,46.39,0.7177170019555236
gyro_norm,46.421,0.8742839939096835
gyro_norm,46.435,0.9539394395118158
gyro_norm,46.455,0.9310456874142001
gyro_norm,46.477,0.9132707180545027
gyro_norm,46.505,0.9439910042720905
gyro_norm,46.521,0.9944346439148769
gyro_norm,46.543,1.0193219609999935
gyro_norm,46.57,1.0679366818904543
gyro_norm,46.587,1.1581625294012048
gyro_norm,46.609,1.1586360238265596
gyro_norm,46.631,1.063701740397572
gyro_norm,46.653,1.026655159847349
gyro_norm,46.674,1.2111435354489974
gyro_norm,46.697,1.4831351333150722
gyro_norm,46.717,1.570639958049255
gyro_norm,46.739,1.384714595601423
gyro_norm,46.761,1.0098501672587388
gyro_norm,46.783,0.7954218712820861
gyro_norm,46.805,0.8326197170171733
gyro_norm,46.83,0.9457178521574464
gyro_norm,46.849,0.9117666275518528
gyro_norm,46.871,0.7710821352063246
gyro_norm,46.893,0.7389580553212228
gyro_norm,46.916,0.7637081312001689
gyro_norm,46.936,0.7237297784970352
gyro_norm,46.958,0.664311079373284
gyro_norm,46.98,0.6297708043646009
gyro_norm,47.002,0.613756887080226
gyro_norm,47.024,0.6045137730506187
gyro_norm,47.046,0.5751577787484498
gyro_norm,47.068,0.5221526178908606
gyro_norm,47.089,0.4947468699916279
gyro_norm,47.112,0.4306485300176502
gyro_norm,47.134,0.3765866746861012
gyro_norm,47.155,0.3542718923619927
gyro_norm,47.177,0.3633729768465613
gyro_norm,47.199,0.4072895108087309
gyro_norm,47.221,0.5248533916783914
gyro_norm,47.255,0.5550038796821923
gyro_norm,47.265,0.40426897000354944
gyro_norm,47.286,0.4002489250785232
gyro_norm,47.309,0.42028154349976726
gyro_norm,47.33,0.29077894008064686
gyro_norm,47.36,0.14236401208280655
gyro_norm,47.374,0.21146672152953908
gyro_norm,47.397,0.3865089987612909
gyro_norm,47.418,0.40597802976142744
gyro_norm,47.44,0.3970609676121356
gyro_norm,47.462,0.3260482210735107
gyro_norm,47.483,0.3050406212750895
gyro_norm,47.505,0.3486307788115325
gyro_norm,47.527,0.35439529545648896
gyro_norm,47.555,0.3314697604016471
gyro_norm,47.571,0.3476461072633948
gyro_norm,47.594,0.4049715975719354
gyro_norm,47.615,0.43488299275078623
gyro_norm,47.637,0.419702906200261
gyro_norm,47.659,0.4157285408060656
gyro_norm,47.681,0.3793631019481184
gyro_norm,47.703,0.2861443833862863
gyro_norm,47.724,0.2221308957825209
gyro_norm,47.746,0.23417034942375278
gyro_norm,47.768,0.2730478855260748
gyro_norm,47.79,0.2551497416710272
gyro_norm,47.812,0.20346812525617947
gyro_norm,47.834,0.17407730261710863
gyro_norm,47.856,0.1649643839450427
gyro_norm,47.877,0.17944010429574325
gyro_norm,47.9,0.1897525670724017
gyro_norm,47.921,0.21913432532502386
gyro_norm,47.943,0.2597145721511581
gyro_norm,47.965,0.31388514985238025
gyro_norm,47.987,0.42493990009268856
gyro_norm,48.009,0.7717426699982272
gyro_norm,48.031,1.1788309347091799
gyro_norm,48.056,1.14919119467288
gyro_norm,48.074,0.9587347164934089
gyro_norm,48.096,0.9244648174994422
gyro_norm,48.119,1.0099209036098653
gyro_norm,48.14,0.9557842208776111
gyro_norm,48.162,0.7294769612057823
gyro_norm,48.185,0.5832529661897442
gyro_norm,48.206,0.5397786700646502
gyro_norm,48.228,0.39078450072345
gyro_norm,48.249,0.39952883962912394
gyro_norm,48.271,0.7986365407530337
gyro_norm,48.295,0.9448225784520022
gyro_norm,48.315,0.795871252600918
gyro_norm,48.337,0.5628984123864171
gyro_norm,48.359,0.49938291456422196
gyro_norm,48.381,0.649249212410345
gyro_norm,48.402,0.9336383129111465
gyro_norm,48.424,0.8779796568092509
gyro_norm,48.449,0.5809846483739449
gyro_norm,48.468,0.4621386884223485
gyro_norm,48.49,0.31411063727536787
gyro_norm,48.512,0.21794206979841993
gyro_norm,48.535,0.45823967262080934
gyro_norm,48.556,0.6452411865140661
gyro_norm,48.577,0.5437608812959157
gyro_norm,48.6,0.2988566860053397
gyro_norm,48.621,0.36228395157287996
gyro_norm,48.643,0.3293560570696835
gyro_norm,48.665,0.20765061407304497
gyro_norm,48.696,0.37945560783420396
gyro_norm,48.709,0.5222443754702194
gyro_norm,48.731,0.5192180924619678
gyro_norm,48.752,0.4614504781867344
gyro_norm,48.774,0.4753090464327861
gyro_norm,48.796,0.39649645908711123
gyro_norm,48.818,0.336733435278414
gyro_norm,48.84,0.35879642546188373
gyro_norm,48.862,0.39239175721989683
gyro_norm,48.883,0.29588840437966474
gyro_norm,48.905,0.14972184816792236
gyro_norm,48.927,0.15081163132557435
gyro_norm,48.949,0.11537322005336084
gyro_norm,48.971,0.08606326522162516
gyro_norm,48.994,0.09871114467989825
gyro_norm,49.019,0.13097325808926455
gyro_norm,49.037,0.1782849553227656
gyro_norm,49.059,0.24707974365299817
gyro_norm,49.081,0.34695510069129953
gyro_norm,49.102,0.44175308135229624
gyro_norm,49.124,0.4568634722706721
gyro_norm,49.146,0.4387227601850213
gyro_norm,49.168,0.4798343423847213
gyro_norm,49.19,0.5104356322515851
gyro_norm,49.212,0.31548374748450214
gyro_norm,49.234,0.7085077281209611
gyro_norm,49.256,0.6077190362159621
gyro_norm,49.278,0.44921291070128083
gyro_norm,49.299,0.5164225325361433
gyro_norm,49.321,0.39171134862790025
gyro_norm,49.343,0.45112896038735256
gyro_norm,49.365,0.20134696314115322
gyro_norm,49.388,0.3469710053338326
gyro_norm,49.41,0.3534793010608231
gyro_norm,49.431,0.17832471279937717
gyro_norm,49.453,0.15177754163481447
gyro_norm,49.475,0.1938392578120939
gyro_norm,49.499,0.33153461921069066
gyro_norm,49.518,0.4384729939114505
gyro_norm,49.541,0.5497659433179659
gyro_norm,49.565,0.7251691646387787
gyro_norm,49.584,0.8015077161059423
gyro_norm,49.606,0.655321739894911
gyro_norm,49.628,0.4176619188049753
gyro_norm,49.661,0.2656771987828006
gyro_norm,49.671,0.37036057809234046
gyro_norm,49.695,0.4698405851413825
gyro_norm,49.715,0.4539589588034837
gyro_norm,49.737,0.4042543707497252
gyro_norm,49.759,0.43299134370252873
gyro_norm,49.781,0.6584988104359822
gyro_norm,49.803,0.9592363751584385
gyro_norm,49.824,1.1045123590440273
gyro_norm,49.85,1.1021563660073201
gyro_norm,49.868,0.9339570671689518
gyro_norm,49.89,0.7118350571338075
gyro_norm,49.913,0.5026131618297713
gyro_norm,49.935,0.5465533336265844
gyro_norm,49.956,0.7422502694173324
gyro_norm,49.978,0.8954925815093798
gyro_norm,50.0,0.8922917088621196
gyro_norm,50.022,0.7432405576919595
gyro_norm,50.045,0.7200648903059343
gyro_norm,50.066,0.7605677964417158
gyro_norm,50.09,0.8010699759989346
gyro_norm,50.109,0.9356661429882471
gyro_norm,50.131,1.060874543119389
gyro_norm,50.153,1.0236088913258674
gyro_norm,50.175,0.7734166074995047
gyro_norm,50.197,0.38367689607718025
gyro_norm,50.219,0.24442459182499124
gyro_norm,50.24,0.5440985552238011
gyro_norm,50.262,0.6966185818529768
gyro_norm,50.285,0.5464451496269287
gyro_norm,50.306,0.33489659721544385
gyro_norm,50.328,0.35523102939634565
gyro_norm,50.351,0.6103878311615296
gyro_norm,50.371,0.6552041456527381
gyro_norm,50.395,0.26723715430646633
gyro_norm,50.415,0.8222342632789803
gyro_norm,50.437,0.6547049986113379
gyro_norm,50.459,1.164488029888834
gyro_norm,50.481,1.0198134598670086
gyro_norm,50.509,1.114043230466886
gyro_norm,50.525,0.7067880885438697
gyro_norm,50.546,0.5484158323256817
gyro_norm,50.568,0.7984104026572525
gyro_norm,50.59,0.9428606793881478
gyro_norm,50.612,0.8777441675686688
gyro_norm,50.634,0.7555465425912267
gyro_norm,50.656,0.7279551340279038
gyro_norm,50.677,0.5225020063828725
gyro_norm,50.699,0.30699595269474456
gyro_norm,50.721,0.13072114343690777
gyro_norm,50.743,0.1552060145934593
gyro_norm,50.765,0.2534870373588749
gyro_norm,50.794,0.2545834857383598
gyro_norm,50.815,0.2392520851430363
gyro_norm,50.834,0.15573345989194545
gyro_norm,50.856,0.08034628286529347
gyro_norm,50.877,0.2384521976657149
gyro_norm,50.897,0.30099502457815064
gyro_norm,50.918,0.2688199466407156
gyro_norm,50.939,0.310473811221283
gyro_norm,50.959,0.3298014249083942
gyro_norm,50.98,0.6118245716929228
gyro_norm,51.001,0.7130062661758415
gyro_norm,51.021,0.728570472826067
gyro_norm,51.042,0.48221674101524614
gyro_norm,51.064,0.2647893627652342
gyro_norm,51.083,0.33504909578287206
gyro_norm,51.105,0.25195020814188906
gyro_norm,51.126,0.2954678309966894
gyro_norm,51.146,0.3716630735376279
gyro_norm,51.167,0.3513764972550401
gyro_norm,51.188,0.3024491419093804
gyro_norm,51.208,0.25944130583251457
gyro_norm,51.23,0.1905898725335659
gyro_norm,51.262,0.09634709473662353
gyro_norm,51.284,0.17771342776970642
gyro_norm,51.305,0.32224930249803757
gyro_norm,51.327,0.34042727471714446
gyro_norm,51.349,0.34691616674534453
gyro_norm,51.371,0.4768740321990609
gyro_norm,51.394,0.47309588006851055
gyro_norm,51.415,0.4360890709305142
gyro_norm,51.437,0.45898886771178615
gyro_norm,51.459,0.5041640181815454
gyro_norm,51.48,0.5281537164996634
gyro_norm,51.503,0.5013622551619806
gyro_norm,51.525,0.5736763018424709
gyro_norm,51.546,0.7375860766830842
gyro_norm,51.568,0.49378731373430046
gyro_norm,51.59,0.6082705010049645
gyro_norm,51.612,0.8485607649328747
gyro_norm,51.634,0.8832184874244667
gyro_norm,51.656,1.0542000457996026
gyro_norm,51.678,0.699441852220486
gyro_norm,51.7,0.6508821240634651
gyro_norm,51.721,0.5128122405774914
gyro_norm,51.743,0.5801009855992058
gyro_norm,51.765,0.7235543184134008
gyro_norm,51.787,0.6442039742538164
gyro_norm,51.809,0.529464524234312
gyro_norm,51.831,0.450788962029087
gyro_norm,51.853,0.43940155928382085
gyro_norm,51.875,0.3270332593993126
gyro_norm,51.897,0.24814991351013868
gyro_norm,51.918,0.19669122711386194
gyro_norm,51.94,0.35648861580274566
gyro_norm,51.962,0.1629699975977515
gyro_norm,51.984,0.1403888844135038
gyro_norm,52.006,0.24734419240404962
gyro_norm,52.027,0.2510322572171053
gyro_norm,52.049,0.37050223867201504
gyro_norm,52.071,0.42158106399974893
gyro_norm,52.094,0.45828156060239705
gyro_norm,52.115,0.47418812504128316
gyro_norm,52.137,0.424130940770828
gyro_norm,52.159,0.28422139767484667
gyro_norm,52.181,0.3661210187930533
gyro_norm,52.203,0.6200506202259638
gyro_norm,52.224,0.6037281504175713
gyro_norm,52.246,0.4262527471262775
gyro_norm,52.268,0.33961400704169464
gyro_norm,52.29,0.3622002232815435
gyro_norm,52.312,0.3997689979315592
gyro_norm,52.334,0.40240512104027565
gyro_norm,52.356,0.29478501051394407
gyro_norm,52.378,0.20718950210257156
gyro_norm,52.4,0.22841727865058978
gyro_norm,52.421,0.26931751705431767
gyro_norm,52.443,0.23993925554210685
gyro_norm,52.465,0.17643506649744242
gyro_norm,52.487,0.22844484900895196
gyro_norm,52.509,0.2999937667341371
gyro_norm,52.531,0.2265875014424248
gyro_norm,52.553,0.09847696353829459
gyro_norm,52.575,0.0822597533775067
gyro_norm,52.596,0.05372029622415532
gyro_norm,52.618,0.12334638237230547
gyro_norm,52.64,0.16741025282624064
gyro_norm,52.662,0.10902492647449011
gyro_norm,52.684,0.12385452851398963
gyro_norm,52.706,0.1487792014084766
gyro_norm,52.728,0.31218545545623183
gyro_norm,52.749,0.12636560976265102
gyro_norm,52.772,0.3214115770324934
gyro_norm,52.794,0.1469928111571253
gyro_norm,52.815,0.06305403705486326
